[    1512ms] [LOG] [nuxt-app] i18n:beforeLocaleSwitch: 1.89306640625 ms [Object] @ http://localhost:3001/_nuxt/@fs/Users/andrejkoval/Dev/vivadzen/src/front/node_modules/hookable/dist/index.mjs?v=52c0a703:271
[    1521ms] [LOG] %cssr%c %s: %s 
      background: #7f8c8d;
      border-radius: 0.5em;
      color: white;
      font-weight: bold;
      padding: 2px 0.5em;
      [nitro-runtime] request 0.295ms 
  at timeLogImpl (node:internal/console/constructor)
  at node:internal/console/constructor
  at timeLogImpl (node:internal/util/debuglog)
 @ http://localhost:3001/_nuxt/@fs/Users/andrejkoval/Dev/vivadzen/src/front/node_modules/consola/dist/browser.mjs?v=52c0a703:47
[    1521ms] [LOG] %cssr%c %s: %s 
      background: #7f8c8d;
      border-radius: 0.5em;
      color: white;
      font-weight: bold;
      padding: 2px 0.5em;
      [nitro-runtime] site-config:init 0.033ms 
  at timeLogImpl (node:internal/console/constructor)
  at node:internal/console/constructor
  at timeLogImpl (node:internal/util/debuglog)
 @ http://localhost:3001/_nuxt/@fs/Users/andrejkoval/Dev/vivadzen/src/front/node_modules/consola/dist/browser.mjs?v=52c0a703:47
[    1521ms] [LOG] %cssr%c %s: %s 
      background: #7f8c8d;
      border-radius: 0.5em;
      color: white;
      font-weight: bold;
      padding: 2px 0.5em;
      [nitro-runtime] render:before 0.006ms 
  at timeLogImpl (node:internal/console/constructor)
  at node:internal/console/constructor
  at timeLogImpl (node:internal/util/debuglog)
 @ http://localhost:3001/_nuxt/@fs/Users/andrejkoval/Dev/vivadzen/src/front/node_modules/consola/dist/browser.mjs?v=52c0a703:47
[    1521ms] [LOG] %cssr%c %s: %s 
      background: #7f8c8d;
      border-radius: 0.5em;
      color: white;
      font-weight: bold;
      padding: 2px 0.5em;
      [nuxt-app] i18n:beforeLocaleSwitch 0.018ms 
  at timeLogImpl (node:internal/console/constructor)
  at node:internal/console/constructor
  at timeLogImpl (node:internal/util/debuglog)
 @ http://localhost:3001/_nuxt/@fs/Users/andrejkoval/Dev/vivadzen/src/front/node_modules/consola/dist/browser.mjs?v=52c0a703:47
[    1521ms] [LOG] %cssr%c %s: %s 
      background: #7f8c8d;
      border-radius: 0.5em;
      color: white;
      font-weight: bold;
      padding: 2px 0.5em;
      [nuxt-app] page:loading:start 0.006ms 
  at timeLogImpl (node:internal/console/constructor)
  at node:internal/console/constructor
  at timeLogImpl (node:internal/util/debuglog)
 @ http://localhost:3001/_nuxt/@fs/Users/andrejkoval/Dev/vivadzen/src/front/node_modules/consola/dist/browser.mjs?v=52c0a703:47
[    1521ms] [LOG] %cssr%c %s: %s 
      background: #7f8c8d;
      border-radius: 0.5em;
      color: white;
      font-weight: bold;
      padding: 2px 0.5em;
      [nuxt-app] i18n:beforeLocaleSwitch 0.002ms 
  at timeLogImpl (node:internal/console/constructor)
  at node:internal/console/constructor
  at timeLogImpl (node:internal/util/debuglog)
 @ http://localhost:3001/_nuxt/@fs/Users/andrejkoval/Dev/vivadzen/src/front/node_modules/consola/dist/browser.mjs?v=52c0a703:47
[    1521ms] [LOG] %cssr%c %s: %s 
      background: #7f8c8d;
      border-radius: 0.5em;
      color: white;
      font-weight: bold;
      padding: 2px 0.5em;
      [nuxt-app] app:created 3.801ms 
  at timeLogImpl (node:internal/console/constructor)
  at node:internal/console/constructor
  at timeLogImpl (node:internal/util/debuglog)
 @ http://localhost:3001/_nuxt/@fs/Users/andrejkoval/Dev/vivadzen/src/front/node_modules/consola/dist/browser.mjs?v=52c0a703:47
[    1521ms] [LOG] %cssr%c %s: %s 
      background: #7f8c8d;
      border-radius: 0.5em;
      color: white;
      font-weight: bold;
      padding: 2px 0.5em;
      [nuxt-app] vue:setup 0.006ms 
  at timeLogImpl (node:internal/console/constructor)
  at node:internal/console/constructor
  at timeLogImpl (node:internal/util/debuglog)
 @ http://localhost:3001/_nuxt/@fs/Users/andrejkoval/Dev/vivadzen/src/front/node_modules/consola/dist/browser.mjs?v=52c0a703:47
[    1522ms] [WARNING] %cssr:warn%c [intlify] Not found 'title.catalog' key in 'cs' locale messages. 
      background: #f39c12;
      border-radius: 0.5em;
      color: white;
      font-weight: bold;
      padding: 2px 0.5em;
      
  at warn (/Users/andrejkoval/Dev/vivadzen/src/front/node_modules/@intlify/shared/dist/shared.mjs)
  at handleMissing (/Users/andrejkoval/Dev/vivadzen/src/front/node_modules/@intlify/core-base/dist/core-base.mjs)
  at resolveMessageFormat (/Users/andrejkoval/Dev/vivadzen/src/front/node_modules/@intlify/core-base/dist/core-base.mjs)
 @ http://localhost:3001/_nuxt/@fs/Users/andrejkoval/Dev/vivadzen/src/front/node_modules/consola/dist/browser.mjs?v=52c0a703:47
[    1522ms] [WARNING] %cssr:warn%c [intlify] Fall back to translate 'title.catalog' with root locale. 
      background: #f39c12;
      border-radius: 0.5em;
      color: white;
      font-weight: bold;
      padding: 2px 0.5em;
      
  at warn (/Users/andrejkoval/Dev/vivadzen/src/front/node_modules/@intlify/shared/dist/shared.mjs)
  at wrapWithDeps (/Users/andrejkoval/Dev/vivadzen/src/front/node_modules/vue-i18n/dist/vue-i18n.mjs)
  at t (/Users/andrejkoval/Dev/vivadzen/src/front/node_modules/vue-i18n/dist/vue-i18n.mjs)
 @ http://localhost:3001/_nuxt/@fs/Users/andrejkoval/Dev/vivadzen/src/front/node_modules/consola/dist/browser.mjs?v=52c0a703:47
[    1522ms] [WARNING] %cssr:warn%c [intlify] Not found 'title.delivery' key in 'cs' locale messages. 
      background: #f39c12;
      border-radius: 0.5em;
      color: white;
      font-weight: bold;
      padding: 2px 0.5em;
      
  at warn (/Users/andrejkoval/Dev/vivadzen/src/front/node_modules/@intlify/shared/dist/shared.mjs)
  at handleMissing (/Users/andrejkoval/Dev/vivadzen/src/front/node_modules/@intlify/core-base/dist/core-base.mjs)
  at resolveMessageFormat (/Users/andrejkoval/Dev/vivadzen/src/front/node_modules/@intlify/core-base/dist/core-base.mjs)
 @ http://localhost:3001/_nuxt/@fs/Users/andrejkoval/Dev/vivadzen/src/front/node_modules/consola/dist/browser.mjs?v=52c0a703:47
[    1522ms] [WARNING] %cssr:warn%c [intlify] Fall back to translate 'title.delivery' with root locale. 
      background: #f39c12;
      border-radius: 0.5em;
      color: white;
      font-weight: bold;
      padding: 2px 0.5em;
      
  at warn (/Users/andrejkoval/Dev/vivadzen/src/front/node_modules/@intlify/shared/dist/shared.mjs)
  at wrapWithDeps (/Users/andrejkoval/Dev/vivadzen/src/front/node_modules/vue-i18n/dist/vue-i18n.mjs)
  at t (/Users/andrejkoval/Dev/vivadzen/src/front/node_modules/vue-i18n/dist/vue-i18n.mjs)
 @ http://localhost:3001/_nuxt/@fs/Users/andrejkoval/Dev/vivadzen/src/front/node_modules/consola/dist/browser.mjs?v=52c0a703:47
[    1522ms] [WARNING] %cssr:warn%c [intlify] Not found 'title.payment' key in 'cs' locale messages. 
      background: #f39c12;
      border-radius: 0.5em;
      color: white;
      font-weight: bold;
      padding: 2px 0.5em;
      
  at warn (/Users/andrejkoval/Dev/vivadzen/src/front/node_modules/@intlify/shared/dist/shared.mjs)
  at handleMissing (/Users/andrejkoval/Dev/vivadzen/src/front/node_modules/@intlify/core-base/dist/core-base.mjs)
  at resolveMessageFormat (/Users/andrejkoval/Dev/vivadzen/src/front/node_modules/@intlify/core-base/dist/core-base.mjs)
 @ http://localhost:3001/_nuxt/@fs/Users/andrejkoval/Dev/vivadzen/src/front/node_modules/consola/dist/browser.mjs?v=52c0a703:47
[    1522ms] [WARNING] %cssr:warn%c [intlify] Fall back to translate 'title.payment' with root locale. 
      background: #f39c12;
      border-radius: 0.5em;
      color: white;
      font-weight: bold;
      padding: 2px 0.5em;
      
  at warn (/Users/andrejkoval/Dev/vivadzen/src/front/node_modules/@intlify/shared/dist/shared.mjs)
  at wrapWithDeps (/Users/andrejkoval/Dev/vivadzen/src/front/node_modules/vue-i18n/dist/vue-i18n.mjs)
  at t (/Users/andrejkoval/Dev/vivadzen/src/front/node_modules/vue-i18n/dist/vue-i18n.mjs)
 @ http://localhost:3001/_nuxt/@fs/Users/andrejkoval/Dev/vivadzen/src/front/node_modules/consola/dist/browser.mjs?v=52c0a703:47
[    1522ms] [WARNING] %cssr:warn%c [intlify] Not found 'title.age_verification' key in 'cs' locale messages. 
      background: #f39c12;
      border-radius: 0.5em;
      color: white;
      font-weight: bold;
      padding: 2px 0.5em;
      
  at warn (/Users/andrejkoval/Dev/vivadzen/src/front/node_modules/@intlify/shared/dist/shared.mjs)
  at handleMissing (/Users/andrejkoval/Dev/vivadzen/src/front/node_modules/@intlify/core-base/dist/core-base.mjs)
  at resolveMessageFormat (/Users/andrejkoval/Dev/vivadzen/src/front/node_modules/@intlify/core-base/dist/core-base.mjs)
 @ http://localhost:3001/_nuxt/@fs/Users/andrejkoval/Dev/vivadzen/src/front/node_modules/consola/dist/browser.mjs?v=52c0a703:47
[    1522ms] [WARNING] %cssr:warn%c [intlify] Fall back to translate 'title.age_verification' with root locale. 
      background: #f39c12;
      border-radius: 0.5em;
      color: white;
      font-weight: bold;
      padding: 2px 0.5em;
      
  at warn (/Users/andrejkoval/Dev/vivadzen/src/front/node_modules/@intlify/shared/dist/shared.mjs)
  at wrapWithDeps (/Users/andrejkoval/Dev/vivadzen/src/front/node_modules/vue-i18n/dist/vue-i18n.mjs)
  at t (/Users/andrejkoval/Dev/vivadzen/src/front/node_modules/vue-i18n/dist/vue-i18n.mjs)
 @ http://localhost:3001/_nuxt/@fs/Users/andrejkoval/Dev/vivadzen/src/front/node_modules/consola/dist/browser.mjs?v=52c0a703:47
[    1522ms] [WARNING] %cssr:warn%c [intlify] Not found 'title.reviews' key in 'cs' locale messages. 
      background: #f39c12;
      border-radius: 0.5em;
      color: white;
      font-weight: bold;
      padding: 2px 0.5em;
      
  at warn (/Users/andrejkoval/Dev/vivadzen/src/front/node_modules/@intlify/shared/dist/shared.mjs)
  at handleMissing (/Users/andrejkoval/Dev/vivadzen/src/front/node_modules/@intlify/core-base/dist/core-base.mjs)
  at resolveMessageFormat (/Users/andrejkoval/Dev/vivadzen/src/front/node_modules/@intlify/core-base/dist/core-base.mjs)
 @ http://localhost:3001/_nuxt/@fs/Users/andrejkoval/Dev/vivadzen/src/front/node_modules/consola/dist/browser.mjs?v=52c0a703:47
[    1522ms] [WARNING] %cssr:warn%c [intlify] Fall back to translate 'title.reviews' with root locale. 
      background: #f39c12;
      border-radius: 0.5em;
      color: white;
      font-weight: bold;
      padding: 2px 0.5em;
      
  at warn (/Users/andrejkoval/Dev/vivadzen/src/front/node_modules/@intlify/shared/dist/shared.mjs)
  at wrapWithDeps (/Users/andrejkoval/Dev/vivadzen/src/front/node_modules/vue-i18n/dist/vue-i18n.mjs)
  at t (/Users/andrejkoval/Dev/vivadzen/src/front/node_modules/vue-i18n/dist/vue-i18n.mjs)
 @ http://localhost:3001/_nuxt/@fs/Users/andrejkoval/Dev/vivadzen/src/front/node_modules/consola/dist/browser.mjs?v=52c0a703:47
[    1522ms] [WARNING] %cssr:warn%c [intlify] Not found 'title.about' key in 'cs' locale messages. 
      background: #f39c12;
      border-radius: 0.5em;
      color: white;
      font-weight: bold;
      padding: 2px 0.5em;
      
  at warn (/Users/andrejkoval/Dev/vivadzen/src/front/node_modules/@intlify/shared/dist/shared.mjs)
  at handleMissing (/Users/andrejkoval/Dev/vivadzen/src/front/node_modules/@intlify/core-base/dist/core-base.mjs)
  at resolveMessageFormat (/Users/andrejkoval/Dev/vivadzen/src/front/node_modules/@intlify/core-base/dist/core-base.mjs)
 @ http://localhost:3001/_nuxt/@fs/Users/andrejkoval/Dev/vivadzen/src/front/node_modules/consola/dist/browser.mjs?v=52c0a703:47
[    1522ms] [WARNING] %cssr:warn%c [intlify] Fall back to translate 'title.about' with root locale. 
      background: #f39c12;
      border-radius: 0.5em;
      color: white;
      font-weight: bold;
      padding: 2px 0.5em;
      
  at warn (/Users/andrejkoval/Dev/vivadzen/src/front/node_modules/@intlify/shared/dist/shared.mjs)
  at wrapWithDeps (/Users/andrejkoval/Dev/vivadzen/src/front/node_modules/vue-i18n/dist/vue-i18n.mjs)
  at t (/Users/andrejkoval/Dev/vivadzen/src/front/node_modules/vue-i18n/dist/vue-i18n.mjs)
 @ http://localhost:3001/_nuxt/@fs/Users/andrejkoval/Dev/vivadzen/src/front/node_modules/consola/dist/browser.mjs?v=52c0a703:47
[    1522ms] [WARNING] %cssr:warn%c [intlify] Not found 'title.contacts' key in 'cs' locale messages. 
      background: #f39c12;
      border-radius: 0.5em;
      color: white;
      font-weight: bold;
      padding: 2px 0.5em;
      
  at warn (/Users/andrejkoval/Dev/vivadzen/src/front/node_modules/@intlify/shared/dist/shared.mjs)
  at handleMissing (/Users/andrejkoval/Dev/vivadzen/src/front/node_modules/@intlify/core-base/dist/core-base.mjs)
  at resolveMessageFormat (/Users/andrejkoval/Dev/vivadzen/src/front/node_modules/@intlify/core-base/dist/core-base.mjs)
 @ http://localhost:3001/_nuxt/@fs/Users/andrejkoval/Dev/vivadzen/src/front/node_modules/consola/dist/browser.mjs?v=52c0a703:47
[    1522ms] [WARNING] %cssr:warn%c [intlify] Fall back to translate 'title.contacts' with root locale. 
      background: #f39c12;
      border-radius: 0.5em;
      color: white;
      font-weight: bold;
      padding: 2px 0.5em;
      
  at warn (/Users/andrejkoval/Dev/vivadzen/src/front/node_modules/@intlify/shared/dist/shared.mjs)
  at wrapWithDeps (/Users/andrejkoval/Dev/vivadzen/src/front/node_modules/vue-i18n/dist/vue-i18n.mjs)
  at t (/Users/andrejkoval/Dev/vivadzen/src/front/node_modules/vue-i18n/dist/vue-i18n.mjs)
 @ http://localhost:3001/_nuxt/@fs/Users/andrejkoval/Dev/vivadzen/src/front/node_modules/consola/dist/browser.mjs?v=52c0a703:47
[    1522ms] [WARNING] %cssr:warn%c [intlify] Not found 'logo_alt' key in 'cs' locale messages. 
      background: #f39c12;
      border-radius: 0.5em;
      color: white;
      font-weight: bold;
      padding: 2px 0.5em;
      
  at warn (/Users/andrejkoval/Dev/vivadzen/src/front/node_modules/@intlify/shared/dist/shared.mjs)
  at handleMissing (/Users/andrejkoval/Dev/vivadzen/src/front/node_modules/@intlify/core-base/dist/core-base.mjs)
  at resolveMessageFormat (/Users/andrejkoval/Dev/vivadzen/src/front/node_modules/@intlify/core-base/dist/core-base.mjs)
 @ http://localhost:3001/_nuxt/@fs/Users/andrejkoval/Dev/vivadzen/src/front/node_modules/consola/dist/browser.mjs?v=52c0a703:47
[    1522ms] [WARNING] %cssr:warn%c [intlify] Fall back to translate 'logo_alt' with root locale. 
      background: #f39c12;
      border-radius: 0.5em;
      color: white;
      font-weight: bold;
      padding: 2px 0.5em;
      
  at warn (/Users/andrejkoval/Dev/vivadzen/src/front/node_modules/@intlify/shared/dist/shared.mjs)
  at wrapWithDeps (/Users/andrejkoval/Dev/vivadzen/src/front/node_modules/vue-i18n/dist/vue-i18n.mjs)
  at Proxy.t (/Users/andrejkoval/Dev/vivadzen/src/front/node_modules/vue-i18n/dist/vue-i18n.mjs)
 @ http://localhost:3001/_nuxt/@fs/Users/andrejkoval/Dev/vivadzen/src/front/node_modules/consola/dist/browser.mjs?v=52c0a703:47
[    1522ms] [WARNING] %cssr:warn%c [intlify] Not found 'logo_alt' key in 'cs' locale messages. 
      background: #f39c12;
      border-radius: 0.5em;
      color: white;
      font-weight: bold;
      padding: 2px 0.5em;
      
  at warn (/Users/andrejkoval/Dev/vivadzen/src/front/node_modules/@intlify/shared/dist/shared.mjs)
  at handleMissing (/Users/andrejkoval/Dev/vivadzen/src/front/node_modules/@intlify/core-base/dist/core-base.mjs)
  at resolveMessageFormat (/Users/andrejkoval/Dev/vivadzen/src/front/node_modules/@intlify/core-base/dist/core-base.mjs)
 @ http://localhost:3001/_nuxt/@fs/Users/andrejkoval/Dev/vivadzen/src/front/node_modules/consola/dist/browser.mjs?v=52c0a703:47
[    1522ms] [WARNING] %cssr:warn%c [intlify] Not found 'button.login' key in 'cs' locale messages. 
      background: #f39c12;
      border-radius: 0.5em;
      color: white;
      font-weight: bold;
      padding: 2px 0.5em;
      
  at warn (/Users/andrejkoval/Dev/vivadzen/src/front/node_modules/@intlify/shared/dist/shared.mjs)
  at handleMissing (/Users/andrejkoval/Dev/vivadzen/src/front/node_modules/@intlify/core-base/dist/core-base.mjs)
  at resolveMessageFormat (/Users/andrejkoval/Dev/vivadzen/src/front/node_modules/@intlify/core-base/dist/core-base.mjs)
 @ http://localhost:3001/_nuxt/@fs/Users/andrejkoval/Dev/vivadzen/src/front/node_modules/consola/dist/browser.mjs?v=52c0a703:47
[    1522ms] [WARNING] %cssr:warn%c [intlify] Fall back to translate 'button.login' with root locale. 
      background: #f39c12;
      border-radius: 0.5em;
      color: white;
      font-weight: bold;
      padding: 2px 0.5em;
      
  at warn (/Users/andrejkoval/Dev/vivadzen/src/front/node_modules/@intlify/shared/dist/shared.mjs)
  at wrapWithDeps (/Users/andrejkoval/Dev/vivadzen/src/front/node_modules/vue-i18n/dist/vue-i18n.mjs)
  at t (/Users/andrejkoval/Dev/vivadzen/src/front/node_modules/vue-i18n/dist/vue-i18n.mjs)
 @ http://localhost:3001/_nuxt/@fs/Users/andrejkoval/Dev/vivadzen/src/front/node_modules/consola/dist/browser.mjs?v=52c0a703:47
[    1522ms] [WARNING] %cssr:warn%c [intlify] Not found 'button.login' key in 'cs' locale messages. 
      background: #f39c12;
      border-radius: 0.5em;
      color: white;
      font-weight: bold;
      padding: 2px 0.5em;
      
  at warn (/Users/andrejkoval/Dev/vivadzen/src/front/node_modules/@intlify/shared/dist/shared.mjs)
  at handleMissing (/Users/andrejkoval/Dev/vivadzen/src/front/node_modules/@intlify/core-base/dist/core-base.mjs)
  at resolveMessageFormat (/Users/andrejkoval/Dev/vivadzen/src/front/node_modules/@intlify/core-base/dist/core-base.mjs)
 @ http://localhost:3001/_nuxt/@fs/Users/andrejkoval/Dev/vivadzen/src/front/node_modules/consola/dist/browser.mjs?v=52c0a703:47
[    1522ms] [WARNING] %cssr:warn%c [intlify] Not found 'title.cart' key in 'cs' locale messages. 
      background: #f39c12;
      border-radius: 0.5em;
      color: white;
      font-weight: bold;
      padding: 2px 0.5em;
      
  at warn (/Users/andrejkoval/Dev/vivadzen/src/front/node_modules/@intlify/shared/dist/shared.mjs)
  at handleMissing (/Users/andrejkoval/Dev/vivadzen/src/front/node_modules/@intlify/core-base/dist/core-base.mjs)
  at resolveMessageFormat (/Users/andrejkoval/Dev/vivadzen/src/front/node_modules/@intlify/core-base/dist/core-base.mjs)
 @ http://localhost:3001/_nuxt/@fs/Users/andrejkoval/Dev/vivadzen/src/front/node_modules/consola/dist/browser.mjs?v=52c0a703:47
[    1522ms] [WARNING] %cssr:warn%c [intlify] Fall back to translate 'title.cart' with root locale. 
      background: #f39c12;
      border-radius: 0.5em;
      color: white;
      font-weight: bold;
      padding: 2px 0.5em;
      
  at warn (/Users/andrejkoval/Dev/vivadzen/src/front/node_modules/@intlify/shared/dist/shared.mjs)
  at wrapWithDeps (/Users/andrejkoval/Dev/vivadzen/src/front/node_modules/vue-i18n/dist/vue-i18n.mjs)
  at Proxy.t (/Users/andrejkoval/Dev/vivadzen/src/front/node_modules/vue-i18n/dist/vue-i18n.mjs)
 @ http://localhost:3001/_nuxt/@fs/Users/andrejkoval/Dev/vivadzen/src/front/node_modules/consola/dist/browser.mjs?v=52c0a703:47
[    1522ms] [WARNING] %cssr:warn%c [intlify] Not found 'title.catalog' key in 'cs' locale messages. 
      background: #f39c12;
      border-radius: 0.5em;
      color: white;
      font-weight: bold;
      padding: 2px 0.5em;
      
  at warn (/Users/andrejkoval/Dev/vivadzen/src/front/node_modules/@intlify/shared/dist/shared.mjs)
  at handleMissing (/Users/andrejkoval/Dev/vivadzen/src/front/node_modules/@intlify/core-base/dist/core-base.mjs)
  at resolveMessageFormat (/Users/andrejkoval/Dev/vivadzen/src/front/node_modules/@intlify/core-base/dist/core-base.mjs)
 @ http://localhost:3001/_nuxt/@fs/Users/andrejkoval/Dev/vivadzen/src/front/node_modules/consola/dist/browser.mjs?v=52c0a703:47
[    1522ms] [WARNING] %cssr:warn%c [intlify] Fall back to translate 'title.catalog' with root locale. 
      background: #f39c12;
      border-radius: 0.5em;
      color: white;
      font-weight: bold;
      padding: 2px 0.5em;
      
  at warn (/Users/andrejkoval/Dev/vivadzen/src/front/node_modules/@intlify/shared/dist/shared.mjs)
  at wrapWithDeps (/Users/andrejkoval/Dev/vivadzen/src/front/node_modules/vue-i18n/dist/vue-i18n.mjs)
  at t (/Users/andrejkoval/Dev/vivadzen/src/front/node_modules/vue-i18n/dist/vue-i18n.mjs)
 @ http://localhost:3001/_nuxt/@fs/Users/andrejkoval/Dev/vivadzen/src/front/node_modules/consola/dist/browser.mjs?v=52c0a703:47
[    1522ms] [WARNING] %cssr:warn%c [intlify] Not found 'title.delivery' key in 'cs' locale messages. 
      background: #f39c12;
      border-radius: 0.5em;
      color: white;
      font-weight: bold;
      padding: 2px 0.5em;
      
  at warn (/Users/andrejkoval/Dev/vivadzen/src/front/node_modules/@intlify/shared/dist/shared.mjs)
  at handleMissing (/Users/andrejkoval/Dev/vivadzen/src/front/node_modules/@intlify/core-base/dist/core-base.mjs)
  at resolveMessageFormat (/Users/andrejkoval/Dev/vivadzen/src/front/node_modules/@intlify/core-base/dist/core-base.mjs)
 @ http://localhost:3001/_nuxt/@fs/Users/andrejkoval/Dev/vivadzen/src/front/node_modules/consola/dist/browser.mjs?v=52c0a703:47
[    1522ms] [WARNING] %cssr:warn%c [intlify] Fall back to translate 'title.delivery' with root locale. 
      background: #f39c12;
      border-radius: 0.5em;
      color: white;
      font-weight: bold;
      padding: 2px 0.5em;
      
  at warn (/Users/andrejkoval/Dev/vivadzen/src/front/node_modules/@intlify/shared/dist/shared.mjs)
  at wrapWithDeps (/Users/andrejkoval/Dev/vivadzen/src/front/node_modules/vue-i18n/dist/vue-i18n.mjs)
  at t (/Users/andrejkoval/Dev/vivadzen/src/front/node_modules/vue-i18n/dist/vue-i18n.mjs)
 @ http://localhost:3001/_nuxt/@fs/Users/andrejkoval/Dev/vivadzen/src/front/node_modules/consola/dist/browser.mjs?v=52c0a703:47
[    1522ms] [WARNING] %cssr:warn%c [intlify] Not found 'title.payment' key in 'cs' locale messages. 
      background: #f39c12;
      border-radius: 0.5em;
      color: white;
      font-weight: bold;
      padding: 2px 0.5em;
      
  at warn (/Users/andrejkoval/Dev/vivadzen/src/front/node_modules/@intlify/shared/dist/shared.mjs)
  at handleMissing (/Users/andrejkoval/Dev/vivadzen/src/front/node_modules/@intlify/core-base/dist/core-base.mjs)
  at resolveMessageFormat (/Users/andrejkoval/Dev/vivadzen/src/front/node_modules/@intlify/core-base/dist/core-base.mjs)
 @ http://localhost:3001/_nuxt/@fs/Users/andrejkoval/Dev/vivadzen/src/front/node_modules/consola/dist/browser.mjs?v=52c0a703:47
[    1522ms] [WARNING] %cssr:warn%c [intlify] Fall back to translate 'title.payment' with root locale. 
      background: #f39c12;
      border-radius: 0.5em;
      color: white;
      font-weight: bold;
      padding: 2px 0.5em;
      
  at warn (/Users/andrejkoval/Dev/vivadzen/src/front/node_modules/@intlify/shared/dist/shared.mjs)
  at wrapWithDeps (/Users/andrejkoval/Dev/vivadzen/src/front/node_modules/vue-i18n/dist/vue-i18n.mjs)
  at t (/Users/andrejkoval/Dev/vivadzen/src/front/node_modules/vue-i18n/dist/vue-i18n.mjs)
 @ http://localhost:3001/_nuxt/@fs/Users/andrejkoval/Dev/vivadzen/src/front/node_modules/consola/dist/browser.mjs?v=52c0a703:47
[    1522ms] [WARNING] %cssr:warn%c [intlify] Not found 'title.age_verification' key in 'cs' locale messages. 
      background: #f39c12;
      border-radius: 0.5em;
      color: white;
      font-weight: bold;
      padding: 2px 0.5em;
      
  at warn (/Users/andrejkoval/Dev/vivadzen/src/front/node_modules/@intlify/shared/dist/shared.mjs)
  at handleMissing (/Users/andrejkoval/Dev/vivadzen/src/front/node_modules/@intlify/core-base/dist/core-base.mjs)
  at resolveMessageFormat (/Users/andrejkoval/Dev/vivadzen/src/front/node_modules/@intlify/core-base/dist/core-base.mjs)
 @ http://localhost:3001/_nuxt/@fs/Users/andrejkoval/Dev/vivadzen/src/front/node_modules/consola/dist/browser.mjs?v=52c0a703:47
[    1522ms] [WARNING] %cssr:warn%c [intlify] Fall back to translate 'title.age_verification' with root locale. 
      background: #f39c12;
      border-radius: 0.5em;
      color: white;
      font-weight: bold;
      padding: 2px 0.5em;
      
  at warn (/Users/andrejkoval/Dev/vivadzen/src/front/node_modules/@intlify/shared/dist/shared.mjs)
  at wrapWithDeps (/Users/andrejkoval/Dev/vivadzen/src/front/node_modules/vue-i18n/dist/vue-i18n.mjs)
  at t (/Users/andrejkoval/Dev/vivadzen/src/front/node_modules/vue-i18n/dist/vue-i18n.mjs)
 @ http://localhost:3001/_nuxt/@fs/Users/andrejkoval/Dev/vivadzen/src/front/node_modules/consola/dist/browser.mjs?v=52c0a703:47
[    1522ms] [WARNING] %cssr:warn%c [intlify] Not found 'title.reviews' key in 'cs' locale messages. 
      background: #f39c12;
      border-radius: 0.5em;
      color: white;
      font-weight: bold;
      padding: 2px 0.5em;
      
  at warn (/Users/andrejkoval/Dev/vivadzen/src/front/node_modules/@intlify/shared/dist/shared.mjs)
  at handleMissing (/Users/andrejkoval/Dev/vivadzen/src/front/node_modules/@intlify/core-base/dist/core-base.mjs)
  at resolveMessageFormat (/Users/andrejkoval/Dev/vivadzen/src/front/node_modules/@intlify/core-base/dist/core-base.mjs)
 @ http://localhost:3001/_nuxt/@fs/Users/andrejkoval/Dev/vivadzen/src/front/node_modules/consola/dist/browser.mjs?v=52c0a703:47
[    1522ms] [WARNING] %cssr:warn%c [intlify] Fall back to translate 'title.reviews' with root locale. 
      background: #f39c12;
      border-radius: 0.5em;
      color: white;
      font-weight: bold;
      padding: 2px 0.5em;
      
  at warn (/Users/andrejkoval/Dev/vivadzen/src/front/node_modules/@intlify/shared/dist/shared.mjs)
  at wrapWithDeps (/Users/andrejkoval/Dev/vivadzen/src/front/node_modules/vue-i18n/dist/vue-i18n.mjs)
  at t (/Users/andrejkoval/Dev/vivadzen/src/front/node_modules/vue-i18n/dist/vue-i18n.mjs)
 @ http://localhost:3001/_nuxt/@fs/Users/andrejkoval/Dev/vivadzen/src/front/node_modules/consola/dist/browser.mjs?v=52c0a703:47
[    1522ms] [WARNING] %cssr:warn%c [intlify] Not found 'title.about' key in 'cs' locale messages. 
      background: #f39c12;
      border-radius: 0.5em;
      color: white;
      font-weight: bold;
      padding: 2px 0.5em;
      
  at warn (/Users/andrejkoval/Dev/vivadzen/src/front/node_modules/@intlify/shared/dist/shared.mjs)
  at handleMissing (/Users/andrejkoval/Dev/vivadzen/src/front/node_modules/@intlify/core-base/dist/core-base.mjs)
  at resolveMessageFormat (/Users/andrejkoval/Dev/vivadzen/src/front/node_modules/@intlify/core-base/dist/core-base.mjs)
 @ http://localhost:3001/_nuxt/@fs/Users/andrejkoval/Dev/vivadzen/src/front/node_modules/consola/dist/browser.mjs?v=52c0a703:47
[    1522ms] [WARNING] %cssr:warn%c [intlify] Fall back to translate 'title.about' with root locale. 
      background: #f39c12;
      border-radius: 0.5em;
      color: white;
      font-weight: bold;
      padding: 2px 0.5em;
      
  at warn (/Users/andrejkoval/Dev/vivadzen/src/front/node_modules/@intlify/shared/dist/shared.mjs)
  at wrapWithDeps (/Users/andrejkoval/Dev/vivadzen/src/front/node_modules/vue-i18n/dist/vue-i18n.mjs)
  at t (/Users/andrejkoval/Dev/vivadzen/src/front/node_modules/vue-i18n/dist/vue-i18n.mjs)
 @ http://localhost:3001/_nuxt/@fs/Users/andrejkoval/Dev/vivadzen/src/front/node_modules/consola/dist/browser.mjs?v=52c0a703:47
[    1522ms] [WARNING] %cssr:warn%c [intlify] Not found 'title.contacts' key in 'cs' locale messages. 
      background: #f39c12;
      border-radius: 0.5em;
      color: white;
      font-weight: bold;
      padding: 2px 0.5em;
      
  at warn (/Users/andrejkoval/Dev/vivadzen/src/front/node_modules/@intlify/shared/dist/shared.mjs)
  at handleMissing (/Users/andrejkoval/Dev/vivadzen/src/front/node_modules/@intlify/core-base/dist/core-base.mjs)
  at resolveMessageFormat (/Users/andrejkoval/Dev/vivadzen/src/front/node_modules/@intlify/core-base/dist/core-base.mjs)
 @ http://localhost:3001/_nuxt/@fs/Users/andrejkoval/Dev/vivadzen/src/front/node_modules/consola/dist/browser.mjs?v=52c0a703:47
[    1522ms] [WARNING] %cssr:warn%c [intlify] Fall back to translate 'title.contacts' with root locale. 
      background: #f39c12;
      border-radius: 0.5em;
      color: white;
      font-weight: bold;
      padding: 2px 0.5em;
      
  at warn (/Users/andrejkoval/Dev/vivadzen/src/front/node_modules/@intlify/shared/dist/shared.mjs)
  at wrapWithDeps (/Users/andrejkoval/Dev/vivadzen/src/front/node_modules/vue-i18n/dist/vue-i18n.mjs)
  at t (/Users/andrejkoval/Dev/vivadzen/src/front/node_modules/vue-i18n/dist/vue-i18n.mjs)
 @ http://localhost:3001/_nuxt/@fs/Users/andrejkoval/Dev/vivadzen/src/front/node_modules/consola/dist/browser.mjs?v=52c0a703:47
[    1522ms] [WARNING] %cssr:warn%c [intlify] Not found 'label.messengers' key in 'cs' locale messages. 
      background: #f39c12;
      border-radius: 0.5em;
      color: white;
      font-weight: bold;
      padding: 2px 0.5em;
      
  at warn (/Users/andrejkoval/Dev/vivadzen/src/front/node_modules/@intlify/shared/dist/shared.mjs)
  at handleMissing (/Users/andrejkoval/Dev/vivadzen/src/front/node_modules/@intlify/core-base/dist/core-base.mjs)
  at resolveMessageFormat (/Users/andrejkoval/Dev/vivadzen/src/front/node_modules/@intlify/core-base/dist/core-base.mjs)
 @ http://localhost:3001/_nuxt/@fs/Users/andrejkoval/Dev/vivadzen/src/front/node_modules/consola/dist/browser.mjs?v=52c0a703:47
[    1522ms] [WARNING] %cssr:warn%c [intlify] Fall back to translate 'label.messengers' with root locale. 
      background: #f39c12;
      border-radius: 0.5em;
      color: white;
      font-weight: bold;
      padding: 2px 0.5em;
      
  at warn (/Users/andrejkoval/Dev/vivadzen/src/front/node_modules/@intlify/shared/dist/shared.mjs)
  at wrapWithDeps (/Users/andrejkoval/Dev/vivadzen/src/front/node_modules/vue-i18n/dist/vue-i18n.mjs)
  at Proxy.t (/Users/andrejkoval/Dev/vivadzen/src/front/node_modules/vue-i18n/dist/vue-i18n.mjs)
 @ http://localhost:3001/_nuxt/@fs/Users/andrejkoval/Dev/vivadzen/src/front/node_modules/consola/dist/browser.mjs?v=52c0a703:47
[    1522ms] [WARNING] %cssr:warn%c [intlify] Not found 'label.social_networks' key in 'cs' locale messages. 
      background: #f39c12;
      border-radius: 0.5em;
      color: white;
      font-weight: bold;
      padding: 2px 0.5em;
      
  at warn (/Users/andrejkoval/Dev/vivadzen/src/front/node_modules/@intlify/shared/dist/shared.mjs)
  at handleMissing (/Users/andrejkoval/Dev/vivadzen/src/front/node_modules/@intlify/core-base/dist/core-base.mjs)
  at resolveMessageFormat (/Users/andrejkoval/Dev/vivadzen/src/front/node_modules/@intlify/core-base/dist/core-base.mjs)
 @ http://localhost:3001/_nuxt/@fs/Users/andrejkoval/Dev/vivadzen/src/front/node_modules/consola/dist/browser.mjs?v=52c0a703:47
[    1522ms] [WARNING] %cssr:warn%c [intlify] Fall back to translate 'label.social_networks' with root locale. 
      background: #f39c12;
      border-radius: 0.5em;
      color: white;
      font-weight: bold;
      padding: 2px 0.5em;
      
  at warn (/Users/andrejkoval/Dev/vivadzen/src/front/node_modules/@intlify/shared/dist/shared.mjs)
  at wrapWithDeps (/Users/andrejkoval/Dev/vivadzen/src/front/node_modules/vue-i18n/dist/vue-i18n.mjs)
  at Proxy.t (/Users/andrejkoval/Dev/vivadzen/src/front/node_modules/vue-i18n/dist/vue-i18n.mjs)
 @ http://localhost:3001/_nuxt/@fs/Users/andrejkoval/Dev/vivadzen/src/front/node_modules/consola/dist/browser.mjs?v=52c0a703:47
[    1522ms] [WARNING] %cssr:warn%c [intlify] Not found 'title.age_verification' key in 'cs' locale messages. 
      background: #f39c12;
      border-radius: 0.5em;
      color: white;
      font-weight: bold;
      padding: 2px 0.5em;
      
  at warn (/Users/andrejkoval/Dev/vivadzen/src/front/node_modules/@intlify/shared/dist/shared.mjs)
  at handleMissing (/Users/andrejkoval/Dev/vivadzen/src/front/node_modules/@intlify/core-base/dist/core-base.mjs)
  at resolveMessageFormat (/Users/andrejkoval/Dev/vivadzen/src/front/node_modules/@intlify/core-base/dist/core-base.mjs)
 @ http://localhost:3001/_nuxt/@fs/Users/andrejkoval/Dev/vivadzen/src/front/node_modules/consola/dist/browser.mjs?v=52c0a703:47
[    1522ms] [WARNING] %cssr:warn%c [intlify] Fall back to translate 'title.age_verification' with root locale. 
      background: #f39c12;
      border-radius: 0.5em;
      color: white;
      font-weight: bold;
      padding: 2px 0.5em;
      
  at warn (/Users/andrejkoval/Dev/vivadzen/src/front/node_modules/@intlify/shared/dist/shared.mjs)
  at wrapWithDeps (/Users/andrejkoval/Dev/vivadzen/src/front/node_modules/vue-i18n/dist/vue-i18n.mjs)
  at t (/Users/andrejkoval/Dev/vivadzen/src/front/node_modules/vue-i18n/dist/vue-i18n.mjs)
 @ http://localhost:3001/_nuxt/@fs/Users/andrejkoval/Dev/vivadzen/src/front/node_modules/consola/dist/browser.mjs?v=52c0a703:47
[    1522ms] [WARNING] %cssr:warn%c [intlify] Not found 'title.reviews' key in 'cs' locale messages. 
      background: #f39c12;
      border-radius: 0.5em;
      color: white;
      font-weight: bold;
      padding: 2px 0.5em;
      
  at warn (/Users/andrejkoval/Dev/vivadzen/src/front/node_modules/@intlify/shared/dist/shared.mjs)
  at handleMissing (/Users/andrejkoval/Dev/vivadzen/src/front/node_modules/@intlify/core-base/dist/core-base.mjs)
  at resolveMessageFormat (/Users/andrejkoval/Dev/vivadzen/src/front/node_modules/@intlify/core-base/dist/core-base.mjs)
 @ http://localhost:3001/_nuxt/@fs/Users/andrejkoval/Dev/vivadzen/src/front/node_modules/consola/dist/browser.mjs?v=52c0a703:47
[    1522ms] [WARNING] %cssr:warn%c [intlify] Fall back to translate 'title.reviews' with root locale. 
      background: #f39c12;
      border-radius: 0.5em;
      color: white;
      font-weight: bold;
      padding: 2px 0.5em;
      
  at warn (/Users/andrejkoval/Dev/vivadzen/src/front/node_modules/@intlify/shared/dist/shared.mjs)
  at wrapWithDeps (/Users/andrejkoval/Dev/vivadzen/src/front/node_modules/vue-i18n/dist/vue-i18n.mjs)
  at t (/Users/andrejkoval/Dev/vivadzen/src/front/node_modules/vue-i18n/dist/vue-i18n.mjs)
 @ http://localhost:3001/_nuxt/@fs/Users/andrejkoval/Dev/vivadzen/src/front/node_modules/consola/dist/browser.mjs?v=52c0a703:47
[    1523ms] [WARNING] %cssr:warn%c [intlify] Not found 'currency' key in 'cs' locale messages. 
      background: #f39c12;
      border-radius: 0.5em;
      color: white;
      font-weight: bold;
      padding: 2px 0.5em;
      
  at warn (/Users/andrejkoval/Dev/vivadzen/src/front/node_modules/@intlify/shared/dist/shared.mjs)
  at handleMissing (/Users/andrejkoval/Dev/vivadzen/src/front/node_modules/@intlify/core-base/dist/core-base.mjs)
  at number (/Users/andrejkoval/Dev/vivadzen/src/front/node_modules/@intlify/core-base/dist/core-base.mjs)
 @ http://localhost:3001/_nuxt/@fs/Users/andrejkoval/Dev/vivadzen/src/front/node_modules/consola/dist/browser.mjs?v=52c0a703:47
[    1523ms] [WARNING] %cssr:warn%c [intlify] Fall back to number format 'currency' with root locale. 
      background: #f39c12;
      border-radius: 0.5em;
      color: white;
      font-weight: bold;
      padding: 2px 0.5em;
      
  at warn (/Users/andrejkoval/Dev/vivadzen/src/front/node_modules/@intlify/shared/dist/shared.mjs)
  at wrapWithDeps (/Users/andrejkoval/Dev/vivadzen/src/front/node_modules/vue-i18n/dist/vue-i18n.mjs)
  at Object.numberParts (/Users/andrejkoval/Dev/vivadzen/src/front/node_modules/vue-i18n/dist/vue-i18n.mjs)
 @ http://localhost:3001/_nuxt/@fs/Users/andrejkoval/Dev/vivadzen/src/front/node_modules/consola/dist/browser.mjs?v=52c0a703:47
[    1523ms] [WARNING] %cssr:warn%c [intlify] Not found 'currency' key in 'cs' locale messages. 
      background: #f39c12;
      border-radius: 0.5em;
      color: white;
      font-weight: bold;
      padding: 2px 0.5em;
      
  at warn (/Users/andrejkoval/Dev/vivadzen/src/front/node_modules/@intlify/shared/dist/shared.mjs)
  at handleMissing (/Users/andrejkoval/Dev/vivadzen/src/front/node_modules/@intlify/core-base/dist/core-base.mjs)
  at number (/Users/andrejkoval/Dev/vivadzen/src/front/node_modules/@intlify/core-base/dist/core-base.mjs)
 @ http://localhost:3001/_nuxt/@fs/Users/andrejkoval/Dev/vivadzen/src/front/node_modules/consola/dist/browser.mjs?v=52c0a703:47
[    1523ms] [WARNING] %cssr:warn%c [intlify] Fall back to number format 'currency' with root locale. 
      background: #f39c12;
      border-radius: 0.5em;
      color: white;
      font-weight: bold;
      padding: 2px 0.5em;
      
  at warn (/Users/andrejkoval/Dev/vivadzen/src/front/node_modules/@intlify/shared/dist/shared.mjs)
  at wrapWithDeps (/Users/andrejkoval/Dev/vivadzen/src/front/node_modules/vue-i18n/dist/vue-i18n.mjs)
  at Object.numberParts (/Users/andrejkoval/Dev/vivadzen/src/front/node_modules/vue-i18n/dist/vue-i18n.mjs)
 @ http://localhost:3001/_nuxt/@fs/Users/andrejkoval/Dev/vivadzen/src/front/node_modules/consola/dist/browser.mjs?v=52c0a703:47
[    1523ms] [WARNING] %cssr:warn%c [intlify] Not found 'currency' key in 'cs' locale messages. 
      background: #f39c12;
      border-radius: 0.5em;
      color: white;
      font-weight: bold;
      padding: 2px 0.5em;
      
  at warn (/Users/andrejkoval/Dev/vivadzen/src/front/node_modules/@intlify/shared/dist/shared.mjs)
  at handleMissing (/Users/andrejkoval/Dev/vivadzen/src/front/node_modules/@intlify/core-base/dist/core-base.mjs)
  at number (/Users/andrejkoval/Dev/vivadzen/src/front/node_modules/@intlify/core-base/dist/core-base.mjs)
 @ http://localhost:3001/_nuxt/@fs/Users/andrejkoval/Dev/vivadzen/src/front/node_modules/consola/dist/browser.mjs?v=52c0a703:47
[    1523ms] [WARNING] %cssr:warn%c [intlify] Fall back to number format 'currency' with root locale. 
      background: #f39c12;
      border-radius: 0.5em;
      color: white;
      font-weight: bold;
      padding: 2px 0.5em;
      
  at warn (/Users/andrejkoval/Dev/vivadzen/src/front/node_modules/@intlify/shared/dist/shared.mjs)
  at wrapWithDeps (/Users/andrejkoval/Dev/vivadzen/src/front/node_modules/vue-i18n/dist/vue-i18n.mjs)
  at Object.numberParts (/Users/andrejkoval/Dev/vivadzen/src/front/node_modules/vue-i18n/dist/vue-i18n.mjs)
 @ http://localhost:3001/_nuxt/@fs/Users/andrejkoval/Dev/vivadzen/src/front/node_modules/consola/dist/browser.mjs?v=52c0a703:47
[    1523ms] [WARNING] %cssr:warn%c [intlify] Not found 'currency' key in 'cs' locale messages. 
      background: #f39c12;
      border-radius: 0.5em;
      color: white;
      font-weight: bold;
      padding: 2px 0.5em;
      
  at warn (/Users/andrejkoval/Dev/vivadzen/src/front/node_modules/@intlify/shared/dist/shared.mjs)
  at handleMissing (/Users/andrejkoval/Dev/vivadzen/src/front/node_modules/@intlify/core-base/dist/core-base.mjs)
  at number (/Users/andrejkoval/Dev/vivadzen/src/front/node_modules/@intlify/core-base/dist/core-base.mjs)
 @ http://localhost:3001/_nuxt/@fs/Users/andrejkoval/Dev/vivadzen/src/front/node_modules/consola/dist/browser.mjs?v=52c0a703:47
[    1523ms] [WARNING] %cssr:warn%c [intlify] Fall back to number format 'currency' with root locale. 
      background: #f39c12;
      border-radius: 0.5em;
      color: white;
      font-weight: bold;
      padding: 2px 0.5em;
      
  at warn (/Users/andrejkoval/Dev/vivadzen/src/front/node_modules/@intlify/shared/dist/shared.mjs)
  at wrapWithDeps (/Users/andrejkoval/Dev/vivadzen/src/front/node_modules/vue-i18n/dist/vue-i18n.mjs)
  at Object.numberParts (/Users/andrejkoval/Dev/vivadzen/src/front/node_modules/vue-i18n/dist/vue-i18n.mjs)
 @ http://localhost:3001/_nuxt/@fs/Users/andrejkoval/Dev/vivadzen/src/front/node_modules/consola/dist/browser.mjs?v=52c0a703:47
[    1523ms] [WARNING] %cssr:warn%c [intlify] Not found 'currency' key in 'cs' locale messages. 
      background: #f39c12;
      border-radius: 0.5em;
      color: white;
      font-weight: bold;
      padding: 2px 0.5em;
      
  at warn (/Users/andrejkoval/Dev/vivadzen/src/front/node_modules/@intlify/shared/dist/shared.mjs)
  at handleMissing (/Users/andrejkoval/Dev/vivadzen/src/front/node_modules/@intlify/core-base/dist/core-base.mjs)
  at number (/Users/andrejkoval/Dev/vivadzen/src/front/node_modules/@intlify/core-base/dist/core-base.mjs)
 @ http://localhost:3001/_nuxt/@fs/Users/andrejkoval/Dev/vivadzen/src/front/node_modules/consola/dist/browser.mjs?v=52c0a703:47
[    1523ms] [WARNING] %cssr:warn%c [intlify] Fall back to number format 'currency' with root locale. 
      background: #f39c12;
      border-radius: 0.5em;
      color: white;
      font-weight: bold;
      padding: 2px 0.5em;
      
  at warn (/Users/andrejkoval/Dev/vivadzen/src/front/node_modules/@intlify/shared/dist/shared.mjs)
  at wrapWithDeps (/Users/andrejkoval/Dev/vivadzen/src/front/node_modules/vue-i18n/dist/vue-i18n.mjs)
  at Object.numberParts (/Users/andrejkoval/Dev/vivadzen/src/front/node_modules/vue-i18n/dist/vue-i18n.mjs)
 @ http://localhost:3001/_nuxt/@fs/Users/andrejkoval/Dev/vivadzen/src/front/node_modules/consola/dist/browser.mjs?v=52c0a703:47
[    1523ms] [WARNING] %cssr:warn%c [intlify] Not found 'currency' key in 'cs' locale messages. 
      background: #f39c12;
      border-radius: 0.5em;
      color: white;
      font-weight: bold;
      padding: 2px 0.5em;
      
  at warn (/Users/andrejkoval/Dev/vivadzen/src/front/node_modules/@intlify/shared/dist/shared.mjs)
  at handleMissing (/Users/andrejkoval/Dev/vivadzen/src/front/node_modules/@intlify/core-base/dist/core-base.mjs)
  at number (/Users/andrejkoval/Dev/vivadzen/src/front/node_modules/@intlify/core-base/dist/core-base.mjs)
 @ http://localhost:3001/_nuxt/@fs/Users/andrejkoval/Dev/vivadzen/src/front/node_modules/consola/dist/browser.mjs?v=52c0a703:47
[    1523ms] [WARNING] %cssr:warn%c [intlify] Fall back to number format 'currency' with root locale. 
      background: #f39c12;
      border-radius: 0.5em;
      color: white;
      font-weight: bold;
      padding: 2px 0.5em;
      
  at warn (/Users/andrejkoval/Dev/vivadzen/src/front/node_modules/@intlify/shared/dist/shared.mjs)
  at wrapWithDeps (/Users/andrejkoval/Dev/vivadzen/src/front/node_modules/vue-i18n/dist/vue-i18n.mjs)
  at Object.numberParts (/Users/andrejkoval/Dev/vivadzen/src/front/node_modules/vue-i18n/dist/vue-i18n.mjs)
 @ http://localhost:3001/_nuxt/@fs/Users/andrejkoval/Dev/vivadzen/src/front/node_modules/consola/dist/browser.mjs?v=52c0a703:47
[    1523ms] [WARNING] %cssr:warn%c [intlify] Not found 'currency' key in 'cs' locale messages. 
      background: #f39c12;
      border-radius: 0.5em;
      color: white;
      font-weight: bold;
      padding: 2px 0.5em;
      
  at warn (/Users/andrejkoval/Dev/vivadzen/src/front/node_modules/@intlify/shared/dist/shared.mjs)
  at handleMissing (/Users/andrejkoval/Dev/vivadzen/src/front/node_modules/@intlify/core-base/dist/core-base.mjs)
  at number (/Users/andrejkoval/Dev/vivadzen/src/front/node_modules/@intlify/core-base/dist/core-base.mjs)
 @ http://localhost:3001/_nuxt/@fs/Users/andrejkoval/Dev/vivadzen/src/front/node_modules/consola/dist/browser.mjs?v=52c0a703:47
[    1523ms] [WARNING] %cssr:warn%c [intlify] Fall back to number format 'currency' with root locale. 
      background: #f39c12;
      border-radius: 0.5em;
      color: white;
      font-weight: bold;
      padding: 2px 0.5em;
      
  at warn (/Users/andrejkoval/Dev/vivadzen/src/front/node_modules/@intlify/shared/dist/shared.mjs)
  at wrapWithDeps (/Users/andrejkoval/Dev/vivadzen/src/front/node_modules/vue-i18n/dist/vue-i18n.mjs)
  at Object.numberParts (/Users/andrejkoval/Dev/vivadzen/src/front/node_modules/vue-i18n/dist/vue-i18n.mjs)
 @ http://localhost:3001/_nuxt/@fs/Users/andrejkoval/Dev/vivadzen/src/front/node_modules/consola/dist/browser.mjs?v=52c0a703:47
[    1523ms] [WARNING] %cssr:warn%c [intlify] Not found 'currency' key in 'cs' locale messages. 
      background: #f39c12;
      border-radius: 0.5em;
      color: white;
      font-weight: bold;
      padding: 2px 0.5em;
      
  at warn (/Users/andrejkoval/Dev/vivadzen/src/front/node_modules/@intlify/shared/dist/shared.mjs)
  at handleMissing (/Users/andrejkoval/Dev/vivadzen/src/front/node_modules/@intlify/core-base/dist/core-base.mjs)
  at number (/Users/andrejkoval/Dev/vivadzen/src/front/node_modules/@intlify/core-base/dist/core-base.mjs)
 @ http://localhost:3001/_nuxt/@fs/Users/andrejkoval/Dev/vivadzen/src/front/node_modules/consola/dist/browser.mjs?v=52c0a703:47
[    1523ms] [WARNING] %cssr:warn%c [intlify] Fall back to number format 'currency' with root locale. 
      background: #f39c12;
      border-radius: 0.5em;
      color: white;
      font-weight: bold;
      padding: 2px 0.5em;
      
  at warn (/Users/andrejkoval/Dev/vivadzen/src/front/node_modules/@intlify/shared/dist/shared.mjs)
  at wrapWithDeps (/Users/andrejkoval/Dev/vivadzen/src/front/node_modules/vue-i18n/dist/vue-i18n.mjs)
  at Object.numberParts (/Users/andrejkoval/Dev/vivadzen/src/front/node_modules/vue-i18n/dist/vue-i18n.mjs)
 @ http://localhost:3001/_nuxt/@fs/Users/andrejkoval/Dev/vivadzen/src/front/node_modules/consola/dist/browser.mjs?v=52c0a703:47
[    1523ms] [WARNING] %cssr:warn%c [intlify] Not found 'currency' key in 'cs' locale messages. 
      background: #f39c12;
      border-radius: 0.5em;
      color: white;
      font-weight: bold;
      padding: 2px 0.5em;
      
  at warn (/Users/andrejkoval/Dev/vivadzen/src/front/node_modules/@intlify/shared/dist/shared.mjs)
  at handleMissing (/Users/andrejkoval/Dev/vivadzen/src/front/node_modules/@intlify/core-base/dist/core-base.mjs)
  at number (/Users/andrejkoval/Dev/vivadzen/src/front/node_modules/@intlify/core-base/dist/core-base.mjs)
 @ http://localhost:3001/_nuxt/@fs/Users/andrejkoval/Dev/vivadzen/src/front/node_modules/consola/dist/browser.mjs?v=52c0a703:47
[    1523ms] [WARNING] %cssr:warn%c [intlify] Fall back to number format 'currency' with root locale. 
      background: #f39c12;
      border-radius: 0.5em;
      color: white;
      font-weight: bold;
      padding: 2px 0.5em;
      
  at warn (/Users/andrejkoval/Dev/vivadzen/src/front/node_modules/@intlify/shared/dist/shared.mjs)
  at wrapWithDeps (/Users/andrejkoval/Dev/vivadzen/src/front/node_modules/vue-i18n/dist/vue-i18n.mjs)
  at Object.numberParts (/Users/andrejkoval/Dev/vivadzen/src/front/node_modules/vue-i18n/dist/vue-i18n.mjs)
 @ http://localhost:3001/_nuxt/@fs/Users/andrejkoval/Dev/vivadzen/src/front/node_modules/consola/dist/browser.mjs?v=52c0a703:47
[    1523ms] [WARNING] %cssr:warn%c [intlify] Not found 'currency' key in 'cs' locale messages. 
      background: #f39c12;
      border-radius: 0.5em;
      color: white;
      font-weight: bold;
      padding: 2px 0.5em;
      
  at warn (/Users/andrejkoval/Dev/vivadzen/src/front/node_modules/@intlify/shared/dist/shared.mjs)
  at handleMissing (/Users/andrejkoval/Dev/vivadzen/src/front/node_modules/@intlify/core-base/dist/core-base.mjs)
  at number (/Users/andrejkoval/Dev/vivadzen/src/front/node_modules/@intlify/core-base/dist/core-base.mjs)
 @ http://localhost:3001/_nuxt/@fs/Users/andrejkoval/Dev/vivadzen/src/front/node_modules/consola/dist/browser.mjs?v=52c0a703:47
[    1523ms] [WARNING] %cssr:warn%c [intlify] Fall back to number format 'currency' with root locale. 
      background: #f39c12;
      border-radius: 0.5em;
      color: white;
      font-weight: bold;
      padding: 2px 0.5em;
      
  at warn (/Users/andrejkoval/Dev/vivadzen/src/front/node_modules/@intlify/shared/dist/shared.mjs)
  at wrapWithDeps (/Users/andrejkoval/Dev/vivadzen/src/front/node_modules/vue-i18n/dist/vue-i18n.mjs)
  at Object.numberParts (/Users/andrejkoval/Dev/vivadzen/src/front/node_modules/vue-i18n/dist/vue-i18n.mjs)
 @ http://localhost:3001/_nuxt/@fs/Users/andrejkoval/Dev/vivadzen/src/front/node_modules/consola/dist/browser.mjs?v=52c0a703:47
[    1523ms] [WARNING] %cssr:warn%c [intlify] Not found 'currency' key in 'cs' locale messages. 
      background: #f39c12;
      border-radius: 0.5em;
      color: white;
      font-weight: bold;
      padding: 2px 0.5em;
      
  at warn (/Users/andrejkoval/Dev/vivadzen/src/front/node_modules/@intlify/shared/dist/shared.mjs)
  at handleMissing (/Users/andrejkoval/Dev/vivadzen/src/front/node_modules/@intlify/core-base/dist/core-base.mjs)
  at number (/Users/andrejkoval/Dev/vivadzen/src/front/node_modules/@intlify/core-base/dist/core-base.mjs)
 @ http://localhost:3001/_nuxt/@fs/Users/andrejkoval/Dev/vivadzen/src/front/node_modules/consola/dist/browser.mjs?v=52c0a703:47
[    1523ms] [WARNING] %cssr:warn%c [intlify] Fall back to number format 'currency' with root locale. 
      background: #f39c12;
      border-radius: 0.5em;
      color: white;
      font-weight: bold;
      padding: 2px 0.5em;
      
  at warn (/Users/andrejkoval/Dev/vivadzen/src/front/node_modules/@intlify/shared/dist/shared.mjs)
  at wrapWithDeps (/Users/andrejkoval/Dev/vivadzen/src/front/node_modules/vue-i18n/dist/vue-i18n.mjs)
  at Object.numberParts (/Users/andrejkoval/Dev/vivadzen/src/front/node_modules/vue-i18n/dist/vue-i18n.mjs)
 @ http://localhost:3001/_nuxt/@fs/Users/andrejkoval/Dev/vivadzen/src/front/node_modules/consola/dist/browser.mjs?v=52c0a703:47
[    1523ms] [WARNING] %cssr:warn%c [intlify] Not found 'currency' key in 'cs' locale messages. 
      background: #f39c12;
      border-radius: 0.5em;
      color: white;
      font-weight: bold;
      padding: 2px 0.5em;
      
  at warn (/Users/andrejkoval/Dev/vivadzen/src/front/node_modules/@intlify/shared/dist/shared.mjs)
  at handleMissing (/Users/andrejkoval/Dev/vivadzen/src/front/node_modules/@intlify/core-base/dist/core-base.mjs)
  at number (/Users/andrejkoval/Dev/vivadzen/src/front/node_modules/@intlify/core-base/dist/core-base.mjs)
 @ http://localhost:3001/_nuxt/@fs/Users/andrejkoval/Dev/vivadzen/src/front/node_modules/consola/dist/browser.mjs?v=52c0a703:47
[    1523ms] [WARNING] %cssr:warn%c [intlify] Fall back to number format 'currency' with root locale. 
      background: #f39c12;
      border-radius: 0.5em;
      color: white;
      font-weight: bold;
      padding: 2px 0.5em;
      
  at warn (/Users/andrejkoval/Dev/vivadzen/src/front/node_modules/@intlify/shared/dist/shared.mjs)
  at wrapWithDeps (/Users/andrejkoval/Dev/vivadzen/src/front/node_modules/vue-i18n/dist/vue-i18n.mjs)
  at Object.numberParts (/Users/andrejkoval/Dev/vivadzen/src/front/node_modules/vue-i18n/dist/vue-i18n.mjs)
 @ http://localhost:3001/_nuxt/@fs/Users/andrejkoval/Dev/vivadzen/src/front/node_modules/consola/dist/browser.mjs?v=52c0a703:47
[    1523ms] [WARNING] %cssr:warn%c [intlify] Not found 'currency' key in 'cs' locale messages. 
      background: #f39c12;
      border-radius: 0.5em;
      color: white;
      font-weight: bold;
      padding: 2px 0.5em;
      
  at warn (/Users/andrejkoval/Dev/vivadzen/src/front/node_modules/@intlify/shared/dist/shared.mjs)
  at handleMissing (/Users/andrejkoval/Dev/vivadzen/src/front/node_modules/@intlify/core-base/dist/core-base.mjs)
  at number (/Users/andrejkoval/Dev/vivadzen/src/front/node_modules/@intlify/core-base/dist/core-base.mjs)
 @ http://localhost:3001/_nuxt/@fs/Users/andrejkoval/Dev/vivadzen/src/front/node_modules/consola/dist/browser.mjs?v=52c0a703:47
[    1523ms] [WARNING] %cssr:warn%c [intlify] Fall back to number format 'currency' with root locale. 
      background: #f39c12;
      border-radius: 0.5em;
      color: white;
      font-weight: bold;
      padding: 2px 0.5em;
      
  at warn (/Users/andrejkoval/Dev/vivadzen/src/front/node_modules/@intlify/shared/dist/shared.mjs)
  at wrapWithDeps (/Users/andrejkoval/Dev/vivadzen/src/front/node_modules/vue-i18n/dist/vue-i18n.mjs)
  at Object.numberParts (/Users/andrejkoval/Dev/vivadzen/src/front/node_modules/vue-i18n/dist/vue-i18n.mjs)
 @ http://localhost:3001/_nuxt/@fs/Users/andrejkoval/Dev/vivadzen/src/front/node_modules/consola/dist/browser.mjs?v=52c0a703:47
[    1523ms] [WARNING] %cssr:warn%c [intlify] Not found 'currency' key in 'cs' locale messages. 
      background: #f39c12;
      border-radius: 0.5em;
      color: white;
      font-weight: bold;
      padding: 2px 0.5em;
      
  at warn (/Users/andrejkoval/Dev/vivadzen/src/front/node_modules/@intlify/shared/dist/shared.mjs)
  at handleMissing (/Users/andrejkoval/Dev/vivadzen/src/front/node_modules/@intlify/core-base/dist/core-base.mjs)
  at number (/Users/andrejkoval/Dev/vivadzen/src/front/node_modules/@intlify/core-base/dist/core-base.mjs)
 @ http://localhost:3001/_nuxt/@fs/Users/andrejkoval/Dev/vivadzen/src/front/node_modules/consola/dist/browser.mjs?v=52c0a703:47
[    1523ms] [WARNING] %cssr:warn%c [intlify] Fall back to number format 'currency' with root locale. 
      background: #f39c12;
      border-radius: 0.5em;
      color: white;
      font-weight: bold;
      padding: 2px 0.5em;
      
  at warn (/Users/andrejkoval/Dev/vivadzen/src/front/node_modules/@intlify/shared/dist/shared.mjs)
  at wrapWithDeps (/Users/andrejkoval/Dev/vivadzen/src/front/node_modules/vue-i18n/dist/vue-i18n.mjs)
  at Object.numberParts (/Users/andrejkoval/Dev/vivadzen/src/front/node_modules/vue-i18n/dist/vue-i18n.mjs)
 @ http://localhost:3001/_nuxt/@fs/Users/andrejkoval/Dev/vivadzen/src/front/node_modules/consola/dist/browser.mjs?v=52c0a703:47
[    1523ms] [LOG] %cssr%c %s: %s 
      background: #7f8c8d;
      border-radius: 0.5em;
      color: white;
      font-weight: bold;
      padding: 2px 0.5em;
      [nuxt-app] app:rendered 0.28ms 
  at timeLogImpl (node:internal/console/constructor)
  at node:internal/console/constructor
  at timeLogImpl (node:internal/util/debuglog)
 @ http://localhost:3001/_nuxt/@fs/Users/andrejkoval/Dev/vivadzen/src/front/node_modules/consola/dist/browser.mjs?v=52c0a703:47
[    1523ms] [WARNING] %cssr:warn%c [intlify] Not found 'title.czech-republic-kratom' key in 'cs' locale messages. 
      background: #f39c12;
      border-radius: 0.5em;
      color: white;
      font-weight: bold;
      padding: 2px 0.5em;
      
  at warn (/Users/andrejkoval/Dev/vivadzen/src/front/node_modules/@intlify/shared/dist/shared.mjs)
  at handleMissing (/Users/andrejkoval/Dev/vivadzen/src/front/node_modules/@intlify/core-base/dist/core-base.mjs)
  at resolveMessageFormat (/Users/andrejkoval/Dev/vivadzen/src/front/node_modules/@intlify/core-base/dist/core-base.mjs)
 @ http://localhost:3001/_nuxt/@fs/Users/andrejkoval/Dev/vivadzen/src/front/node_modules/consola/dist/browser.mjs?v=52c0a703:47
[    1523ms] [WARNING] %cssr:warn%c [intlify] Fall back to translate 'title.czech-republic-kratom' with root locale. 
      background: #f39c12;
      border-radius: 0.5em;
      color: white;
      font-weight: bold;
      padding: 2px 0.5em;
      
  at warn (/Users/andrejkoval/Dev/vivadzen/src/front/node_modules/@intlify/shared/dist/shared.mjs)
  at wrapWithDeps (/Users/andrejkoval/Dev/vivadzen/src/front/node_modules/vue-i18n/dist/vue-i18n.mjs)
  at t (/Users/andrejkoval/Dev/vivadzen/src/front/node_modules/vue-i18n/dist/vue-i18n.mjs)
 @ http://localhost:3001/_nuxt/@fs/Users/andrejkoval/Dev/vivadzen/src/front/node_modules/consola/dist/browser.mjs?v=52c0a703:47
[    1523ms] [LOG] %cssr%c %s: %s 
      background: #7f8c8d;
      border-radius: 0.5em;
      color: white;
      font-weight: bold;
      padding: 2px 0.5em;
      [nuxt-app] schema-org:meta 0.005ms 
  at timeLogImpl (node:internal/console/constructor)
  at node:internal/console/constructor
  at timeLogImpl (node:internal/util/debuglog)
 @ http://localhost:3001/_nuxt/@fs/Users/andrejkoval/Dev/vivadzen/src/front/node_modules/consola/dist/browser.mjs?v=52c0a703:47
[    1523ms] [LOG] [nuxt-app] dev:ssr-logs: 2.31103515625 ms [Array(84)] @ http://localhost:3001/_nuxt/@fs/Users/andrejkoval/Dev/vivadzen/src/front/node_modules/hookable/dist/index.mjs?v=52c0a703:271
[    1536ms] [LOG] [nuxt-app] page:loading:start: 0.102783203125 ms [] @ http://localhost:3001/_nuxt/@fs/Users/andrejkoval/Dev/vivadzen/src/front/node_modules/hookable/dist/index.mjs?v=52c0a703:271
[    1553ms] [WARNING] Timer '[nuxt-app] i18n:beforeLocaleSwitch' already exists @ http://localhost:3001/_nuxt/@fs/Users/andrejkoval/Dev/vivadzen/src/front/node_modules/hookable/dist/index.mjs?v=52c0a703:261
[    1553ms] [LOG] [nuxt-app] i18n:beforeLocaleSwitch: 43.298095703125 ms [Object] @ http://localhost:3001/_nuxt/@fs/Users/andrejkoval/Dev/vivadzen/src/front/node_modules/hookable/dist/index.mjs?v=52c0a703:271
[    1554ms] [LOG] [nuxt-app] app:created: 18.485107421875 ms [Object] @ http://localhost:3001/_nuxt/@fs/Users/andrejkoval/Dev/vivadzen/src/front/node_modules/hookable/dist/index.mjs?v=52c0a703:271
[    1554ms] [LOG] [nuxt-app] app:beforeMount: 0.01806640625 ms [Object] @ http://localhost:3001/_nuxt/@fs/Users/andrejkoval/Dev/vivadzen/src/front/node_modules/hookable/dist/index.mjs?v=52c0a703:271
[    1557ms] [LOG] [nuxt-app] vue:setup: 0.321044921875 ms [] @ http://localhost:3001/_nuxt/@fs/Users/andrejkoval/Dev/vivadzen/src/front/node_modules/hookable/dist/index.mjs?v=52c0a703:271
[    1558ms] [INFO] <Suspense> is an experimental feature and its API will likely change. @ http://localhost:3001/_nuxt/@fs/Users/andrejkoval/Dev/vivadzen/src/front/node_modules/@vue/runtime-core/dist/runtime-core.esm-bundler.js?v=52c0a703:7155
[    1559ms] [LOG] [nuxt-app] app:mounted: 0.074951171875 ms [Object] @ http://localhost:3001/_nuxt/@fs/Users/andrejkoval/Dev/vivadzen/src/front/node_modules/hookable/dist/index.mjs?v=52c0a703:271
[    1562ms] [LOG] [Content] WS connect to ws://localhost:4000/ws @ http://localhost:3001/_nuxt/@fs/Users/andrejkoval/Dev/vivadzen/src/front/node_modules/@nuxt/content/dist/runtime/composables/web-socket.js?v=52c0a703:4
[    1581ms] [WARNING] [intlify] Not found 'title.czech-republic-kratom' key in 'cs' locale messages. @ http://localhost:3001/_nuxt/node_modules/.cache/vite/client/deps/chunk-LY4OWT6B.js?v=52c0a703:3
[    1581ms] [WARNING] [intlify] Fall back to translate 'title.czech-republic-kratom' with root locale. @ http://localhost:3001/_nuxt/node_modules/.cache/vite/client/deps/chunk-LY4OWT6B.js?v=52c0a703:3
[    1583ms] [WARNING] [intlify] Not found 'title.catalog' key in 'cs' locale messages. @ http://localhost:3001/_nuxt/node_modules/.cache/vite/client/deps/chunk-LY4OWT6B.js?v=52c0a703:3
[    1583ms] [WARNING] [intlify] Fall back to translate 'title.catalog' with root locale. @ http://localhost:3001/_nuxt/node_modules/.cache/vite/client/deps/chunk-LY4OWT6B.js?v=52c0a703:3
[    1583ms] [WARNING] [intlify] Not found 'title.delivery' key in 'cs' locale messages. @ http://localhost:3001/_nuxt/node_modules/.cache/vite/client/deps/chunk-LY4OWT6B.js?v=52c0a703:3
[    1583ms] [WARNING] [intlify] Fall back to translate 'title.delivery' with root locale. @ http://localhost:3001/_nuxt/node_modules/.cache/vite/client/deps/chunk-LY4OWT6B.js?v=52c0a703:3
[    1583ms] [WARNING] [intlify] Not found 'title.payment' key in 'cs' locale messages. @ http://localhost:3001/_nuxt/node_modules/.cache/vite/client/deps/chunk-LY4OWT6B.js?v=52c0a703:3
[    1583ms] [WARNING] [intlify] Fall back to translate 'title.payment' with root locale. @ http://localhost:3001/_nuxt/node_modules/.cache/vite/client/deps/chunk-LY4OWT6B.js?v=52c0a703:3
[    1583ms] [WARNING] [intlify] Not found 'title.age_verification' key in 'cs' locale messages. @ http://localhost:3001/_nuxt/node_modules/.cache/vite/client/deps/chunk-LY4OWT6B.js?v=52c0a703:3
[    1584ms] [WARNING] [intlify] Fall back to translate 'title.age_verification' with root locale. @ http://localhost:3001/_nuxt/node_modules/.cache/vite/client/deps/chunk-LY4OWT6B.js?v=52c0a703:3
[    1584ms] [WARNING] [intlify] Not found 'title.reviews' key in 'cs' locale messages. @ http://localhost:3001/_nuxt/node_modules/.cache/vite/client/deps/chunk-LY4OWT6B.js?v=52c0a703:3
[    1584ms] [WARNING] [intlify] Fall back to translate 'title.reviews' with root locale. @ http://localhost:3001/_nuxt/node_modules/.cache/vite/client/deps/chunk-LY4OWT6B.js?v=52c0a703:3
[    1584ms] [WARNING] [intlify] Not found 'title.about' key in 'cs' locale messages. @ http://localhost:3001/_nuxt/node_modules/.cache/vite/client/deps/chunk-LY4OWT6B.js?v=52c0a703:3
[    1584ms] [WARNING] [intlify] Fall back to translate 'title.about' with root locale. @ http://localhost:3001/_nuxt/node_modules/.cache/vite/client/deps/chunk-LY4OWT6B.js?v=52c0a703:3
[    1584ms] [WARNING] [intlify] Not found 'title.contacts' key in 'cs' locale messages. @ http://localhost:3001/_nuxt/node_modules/.cache/vite/client/deps/chunk-LY4OWT6B.js?v=52c0a703:3
[    1584ms] [WARNING] [intlify] Fall back to translate 'title.contacts' with root locale. @ http://localhost:3001/_nuxt/node_modules/.cache/vite/client/deps/chunk-LY4OWT6B.js?v=52c0a703:3
[    1586ms] [WARNING] [intlify] Not found 'button.login' key in 'cs' locale messages. @ http://localhost:3001/_nuxt/node_modules/.cache/vite/client/deps/chunk-LY4OWT6B.js?v=52c0a703:3
[    1586ms] [WARNING] [intlify] Fall back to translate 'button.login' with root locale. @ http://localhost:3001/_nuxt/node_modules/.cache/vite/client/deps/chunk-LY4OWT6B.js?v=52c0a703:3
[    1586ms] [WARNING] [intlify] Not found 'button.login' key in 'cs' locale messages. @ http://localhost:3001/_nuxt/node_modules/.cache/vite/client/deps/chunk-LY4OWT6B.js?v=52c0a703:3
[    1586ms] [WARNING] [intlify] Not found 'title.cart' key in 'cs' locale messages. @ http://localhost:3001/_nuxt/node_modules/.cache/vite/client/deps/chunk-LY4OWT6B.js?v=52c0a703:3
[    1586ms] [WARNING] [intlify] Fall back to translate 'title.cart' with root locale. @ http://localhost:3001/_nuxt/node_modules/.cache/vite/client/deps/chunk-LY4OWT6B.js?v=52c0a703:3
[    1590ms] [WARNING] [intlify] Not found 'logo_alt' key in 'cs' locale messages. @ http://localhost:3001/_nuxt/node_modules/.cache/vite/client/deps/chunk-LY4OWT6B.js?v=52c0a703:3
[    1590ms] [WARNING] [intlify] Fall back to translate 'logo_alt' with root locale. @ http://localhost:3001/_nuxt/node_modules/.cache/vite/client/deps/chunk-LY4OWT6B.js?v=52c0a703:3
[    1590ms] [WARNING] [intlify] Not found 'logo_alt' key in 'cs' locale messages. @ http://localhost:3001/_nuxt/node_modules/.cache/vite/client/deps/chunk-LY4OWT6B.js?v=52c0a703:3
[    1592ms] [WARNING] [Vue warn]: Hydration style mismatch on JSHandle@node 
  - rendered on server: style="width:1em;height:1em;--c613ce94-iconUrl:url('https://api.iconify.design/iconoir/nav-arrow-down.svg');"
  - expected on client: style="width:1em;height:1em;"
  Note: this mismatch is check-only. The DOM will not be rectified in production due to performance overhead.
  You should fix the source of the mismatch. 
  at <IconCSS key=0 name="iconoir:nav-arrow-down" class="hero-header__nav-link-icon" > 
  at <RouterLink ref=fn to="/catalog" activeClass=undefined  ... > 
  at <NuxtLink to="/catalog" class="hero-header__nav-link hero-header__nav-link--catalog" onClick=fn > 
  at <Header> 
  at <Index onVnodeUnmounted=fn<onVnodeUnmounted> ref=Ref< undefined > > 
  at <RouteProvider key="/" vnode= {__v_isVNode: true, __v_skip: true, type: Object, props: Object, key: null} route= {fullPath: /, hash: , query: Object, name: index___cs, path: /}  ... > 
  at <RouterView name=undefined route=undefined > 
  at <NuxtPage> 
  at <Body> 
  at <Html lang="cs-CZ" dir="ltr" > 
  at <Landing ref=Ref< undefined > > 
  at <AsyncComponentWrapper ref=Ref< undefined > > 
  at <LayoutLoader key="landing" layoutProps= {ref: RefImpl} name="landing" > 
  at <NuxtLayoutProvider layoutProps= {ref: RefImpl} key="landing" name="landing"  ... > 
  at <NuxtLayout> 
  at <App key=4 > 
  at <NuxtRoot> @ http://localhost:3001/_nuxt/@fs/Users/andrejkoval/Dev/vivadzen/src/front/node_modules/@vue/runtime-core/dist/runtime-core.esm-bundler.js?v=52c0a703:49
[    1593ms] [ERROR] Hydration completed but contains mismatches. @ http://localhost:3001/_nuxt/@fs/Users/andrejkoval/Dev/vivadzen/src/front/node_modules/@vue/runtime-core/dist/runtime-core.esm-bundler.js?v=52c0a703:1847
[    1593ms] [WARNING] [Vue warn]: Hydration style mismatch on JSHandle@node 
  - rendered on server: style="width:1em;height:1em;--c613ce94-iconUrl:url('https://api.iconify.design/ph/caret-right-bold.svg');"
  - expected on client: style="width:1em;height:1em;"
  Note: this mismatch is check-only. The DOM will not be rectified in production due to performance overhead.
  You should fix the source of the mismatch. 
  at <IconCSS name="ph:caret-right-bold" class="catalog-dropdown__icon" > 
  at <RouterLink ref=fn to="/catalog" activeClass=undefined  ... > 
  at <NuxtLink key="all" to="/catalog" class="catalog-dropdown__item"  ... > 
  at <CatalogDropdown key=0 enabled=false onNavigate=fn<closeCatalogDropdown> > 
  at <Header> 
  at <Index onVnodeUnmounted=fn<onVnodeUnmounted> ref=Ref< undefined > > 
  at <RouteProvider key="/" vnode= {__v_isVNode: true, __v_skip: true, type: Object, props: Object, key: null} route= {fullPath: /, hash: , query: Object, name: index___cs, path: /}  ... > 
  at <RouterView name=undefined route=undefined > 
  at <NuxtPage> 
  at <Body> 
  at <Html lang="cs-CZ" dir="ltr" > 
  at <Landing ref=Ref< undefined > > 
  at <AsyncComponentWrapper ref=Ref< undefined > > 
  at <LayoutLoader key="landing" layoutProps= {ref: RefImpl} name="landing" > 
  at <NuxtLayoutProvider layoutProps= {ref: RefImpl} key="landing" name="landing"  ... > 
  at <NuxtLayout> 
  at <App key=4 > 
  at <NuxtRoot> @ http://localhost:3001/_nuxt/@fs/Users/andrejkoval/Dev/vivadzen/src/front/node_modules/@vue/runtime-core/dist/runtime-core.esm-bundler.js?v=52c0a703:49
[    1596ms] [WARNING] [Vue warn]: Hydration style mismatch on JSHandle@node 
  - rendered on server: style="width:1em;height:1em;--c613ce94-iconUrl:url('https://api.iconify.design/fluent/flash-24-regular.svg');"
  - expected on client: style="width:1em;height:1em;"
  Note: this mismatch is check-only. The DOM will not be rectified in production due to performance overhead.
  You should fix the source of the mismatch. 
  at <IconCSS name="fluent:flash-24-regular" class="hero-header__promo-cta-icon" > 
  at <Header> 
  at <Index onVnodeUnmounted=fn<onVnodeUnmounted> ref=Ref< undefined > > 
  at <RouteProvider key="/" vnode= {__v_isVNode: true, __v_skip: true, type: Object, props: Object, key: null} route= {fullPath: /, hash: , query: Object, name: index___cs, path: /}  ... > 
  at <RouterView name=undefined route=undefined > 
  at <NuxtPage> 
  at <Body> 
  at <Html lang="cs-CZ" dir="ltr" > 
  at <Landing ref=Ref< undefined > > 
  at <AsyncComponentWrapper ref=Ref< undefined > > 
  at <LayoutLoader key="landing" layoutProps= {ref: RefImpl} name="landing" > 
  at <NuxtLayoutProvider layoutProps= {ref: RefImpl} key="landing" name="landing"  ... > 
  at <NuxtLayout> 
  at <App key=4 > 
  at <NuxtRoot> @ http://localhost:3001/_nuxt/@fs/Users/andrejkoval/Dev/vivadzen/src/front/node_modules/@vue/runtime-core/dist/runtime-core.esm-bundler.js?v=52c0a703:49
[    1596ms] [WARNING] [Vue warn]: Hydration style mismatch on JSHandle@node 
  - rendered on server: style="width:1em;height:1em;--c613ce94-iconUrl:url('https://api.iconify.design/iconoir/nav-arrow-down.svg');"
  - expected on client: style="width:1em;height:1em;"
  Note: this mismatch is check-only. The DOM will not be rectified in production due to performance overhead.
  You should fix the source of the mismatch. 
  at <IconCSS name="iconoir:nav-arrow-down" class="lang-switcher__chevron" > 
  at <Header> 
  at <Index onVnodeUnmounted=fn<onVnodeUnmounted> ref=Ref< undefined > > 
  at <RouteProvider key="/" vnode= {__v_isVNode: true, __v_skip: true, type: Object, props: Object, key: null} route= {fullPath: /, hash: , query: Object, name: index___cs, path: /}  ... > 
  at <RouterView name=undefined route=undefined > 
  at <NuxtPage> 
  at <Body> 
  at <Html lang="cs-CZ" dir="ltr" > 
  at <Landing ref=Ref< undefined > > 
  at <AsyncComponentWrapper ref=Ref< undefined > > 
  at <LayoutLoader key="landing" layoutProps= {ref: RefImpl} name="landing" > 
  at <NuxtLayoutProvider layoutProps= {ref: RefImpl} key="landing" name="landing"  ... > 
  at <NuxtLayout> 
  at <App key=4 > 
  at <NuxtRoot> @ http://localhost:3001/_nuxt/@fs/Users/andrejkoval/Dev/vivadzen/src/front/node_modules/@vue/runtime-core/dist/runtime-core.esm-bundler.js?v=52c0a703:49
[    1597ms] [WARNING] [Vue warn]: Hydration style mismatch on JSHandle@node 
  - rendered on server: style="width:1em;height:1em;--c613ce94-iconUrl:url('https://api.iconify.design/ph/user-circle-fill.svg');"
  - expected on client: style="width:1em;height:1em;"
  Note: this mismatch is check-only. The DOM will not be rectified in production due to performance overhead.
  You should fix the source of the mismatch. 
  at <IconCSS key=1 name="ph:user-circle-fill" class="hero-header__account-icon" > 
  at <RouterLink ref=fn to="/auth/login" activeClass=undefined  ... > 
  at <NuxtLink to="/auth/login" class="hero-header__account" aria-label="button.login"  ... > 
  at <Header> 
  at <Index onVnodeUnmounted=fn<onVnodeUnmounted> ref=Ref< undefined > > 
  at <RouteProvider key="/" vnode= {__v_isVNode: true, __v_skip: true, type: Object, props: Object, key: null} route= {fullPath: /, hash: , query: Object, name: index___cs, path: /}  ... > 
  at <RouterView name=undefined route=undefined > 
  at <NuxtPage> 
  at <Body> 
  at <Html lang="cs-CZ" dir="ltr" > 
  at <Landing ref=Ref< undefined > > 
  at <AsyncComponentWrapper ref=Ref< undefined > > 
  at <LayoutLoader key="landing" layoutProps= {ref: RefImpl} name="landing" > 
  at <NuxtLayoutProvider layoutProps= {ref: RefImpl} key="landing" name="landing"  ... > 
  at <NuxtLayout> 
  at <App key=4 > 
  at <NuxtRoot> @ http://localhost:3001/_nuxt/@fs/Users/andrejkoval/Dev/vivadzen/src/front/node_modules/@vue/runtime-core/dist/runtime-core.esm-bundler.js?v=52c0a703:49
[    1597ms] [WARNING] [Vue warn]: Hydration style mismatch on JSHandle@node 
  - rendered on server: style="width:1em;height:1em;--c613ce94-iconUrl:url('https://api.iconify.design/ci/shopping-cart-01.svg');"
  - expected on client: style="width:1em;height:1em;"
  Note: this mismatch is check-only. The DOM will not be rectified in production due to performance overhead.
  You should fix the source of the mismatch. 
  at <IconCSS name="ci:shopping-cart-01" class="hero-header__cart-icon" > 
  at <Header> 
  at <Index onVnodeUnmounted=fn<onVnodeUnmounted> ref=Ref< undefined > > 
  at <RouteProvider key="/" vnode= {__v_isVNode: true, __v_skip: true, type: Object, props: Object, key: null} route= {fullPath: /, hash: , query: Object, name: index___cs, path: /}  ... > 
  at <RouterView name=undefined route=undefined > 
  at <NuxtPage> 
  at <Body> 
  at <Html lang="cs-CZ" dir="ltr" > 
  at <Landing ref=Ref< undefined > > 
  at <AsyncComponentWrapper ref=Ref< undefined > > 
  at <LayoutLoader key="landing" layoutProps= {ref: RefImpl} name="landing" > 
  at <NuxtLayoutProvider layoutProps= {ref: RefImpl} key="landing" name="landing"  ... > 
  at <NuxtLayout> 
  at <App key=4 > 
  at <NuxtRoot> @ http://localhost:3001/_nuxt/@fs/Users/andrejkoval/Dev/vivadzen/src/front/node_modules/@vue/runtime-core/dist/runtime-core.esm-bundler.js?v=52c0a703:49
[    1598ms] [WARNING] [Vue warn]: Hydration style mismatch on JSHandle@node 
  - rendered on server: style="width:1em;height:1em;--c613ce94-iconUrl:url('https://api.iconify.design/mynaui/telephone-call.svg');"
  - expected on client: style="width:1em;height:1em;"
  Note: this mismatch is check-only. The DOM will not be rectified in production due to performance overhead.
  You should fix the source of the mismatch. 
  at <IconCSS name="mynaui:telephone-call" class="hero-mobile-menu__contact-icon" > 
  at <Header> 
  at <Index onVnodeUnmounted=fn<onVnodeUnmounted> ref=Ref< undefined > > 
  at <RouteProvider key="/" vnode= {__v_isVNode: true, __v_skip: true, type: Object, props: Object, key: null} route= {fullPath: /, hash: , query: Object, name: index___cs, path: /}  ... > 
  at <RouterView name=undefined route=undefined > 
  at <NuxtPage> 
  at <Body> 
  at <Html lang="cs-CZ" dir="ltr" > 
  at <Landing ref=Ref< undefined > > 
  at <AsyncComponentWrapper ref=Ref< undefined > > 
  at <LayoutLoader key="landing" layoutProps= {ref: RefImpl} name="landing" > 
  at <NuxtLayoutProvider layoutProps= {ref: RefImpl} key="landing" name="landing"  ... > 
  at <NuxtLayout> 
  at <App key=4 > 
  at <NuxtRoot> @ http://localhost:3001/_nuxt/@fs/Users/andrejkoval/Dev/vivadzen/src/front/node_modules/@vue/runtime-core/dist/runtime-core.esm-bundler.js?v=52c0a703:49
[    1599ms] [WARNING] [Vue warn]: Hydration style mismatch on JSHandle@node 
  - rendered on server: style="width:1em;height:1em;--c613ce94-iconUrl:url('https://api.iconify.design/ic/round-alternate-email.svg');"
  - expected on client: style="width:1em;height:1em;"
  Note: this mismatch is check-only. The DOM will not be rectified in production due to performance overhead.
  You should fix the source of the mismatch. 
  at <IconCSS name="ic:round-alternate-email" class="hero-mobile-menu__contact-icon" > 
  at <Header> 
  at <Index onVnodeUnmounted=fn<onVnodeUnmounted> ref=Ref< undefined > > 
  at <RouteProvider key="/" vnode= {__v_isVNode: true, __v_skip: true, type: Object, props: Object, key: null} route= {fullPath: /, hash: , query: Object, name: index___cs, path: /}  ... > 
  at <RouterView name=undefined route=undefined > 
  at <NuxtPage> 
  at <Body> 
  at <Html lang="cs-CZ" dir="ltr" > 
  at <Landing ref=Ref< undefined > > 
  at <AsyncComponentWrapper ref=Ref< undefined > > 
  at <LayoutLoader key="landing" layoutProps= {ref: RefImpl} name="landing" > 
  at <NuxtLayoutProvider layoutProps= {ref: RefImpl} key="landing" name="landing"  ... > 
  at <NuxtLayout> 
  at <App key=4 > 
  at <NuxtRoot> @ http://localhost:3001/_nuxt/@fs/Users/andrejkoval/Dev/vivadzen/src/front/node_modules/@vue/runtime-core/dist/runtime-core.esm-bundler.js?v=52c0a703:49
[    1599ms] [WARNING] [Vue warn]: Hydration style mismatch on JSHandle@node 
  - rendered on server: style="width:1em;height:1em;--c613ce94-iconUrl:url('https://api.iconify.design/mynaui/location.svg');"
  - expected on client: style="width:1em;height:1em;"
  Note: this mismatch is check-only. The DOM will not be rectified in production due to performance overhead.
  You should fix the source of the mismatch. 
  at <IconCSS name="mynaui:location" class="hero-mobile-menu__contact-icon" > 
  at <Header> 
  at <Index onVnodeUnmounted=fn<onVnodeUnmounted> ref=Ref< undefined > > 
  at <RouteProvider key="/" vnode= {__v_isVNode: true, __v_skip: true, type: Object, props: Object, key: null} route= {fullPath: /, hash: , query: Object, name: index___cs, path: /}  ... > 
  at <RouterView name=undefined route=undefined > 
  at <NuxtPage> 
  at <Body> 
  at <Html lang="cs-CZ" dir="ltr" > 
  at <Landing ref=Ref< undefined > > 
  at <AsyncComponentWrapper ref=Ref< undefined > > 
  at <LayoutLoader key="landing" layoutProps= {ref: RefImpl} name="landing" > 
  at <NuxtLayoutProvider layoutProps= {ref: RefImpl} key="landing" name="landing"  ... > 
  at <NuxtLayout> 
  at <App key=4 > 
  at <NuxtRoot> @ http://localhost:3001/_nuxt/@fs/Users/andrejkoval/Dev/vivadzen/src/front/node_modules/@vue/runtime-core/dist/runtime-core.esm-bundler.js?v=52c0a703:49
[    1599ms] [WARNING] [Vue warn]: Hydration style mismatch on JSHandle@node 
  - rendered on server: style="width:1em;height:1em;--c613ce94-iconUrl:url('https://api.iconify.design/mynaui/clock-4.svg');"
  - expected on client: style="width:1em;height:1em;"
  Note: this mismatch is check-only. The DOM will not be rectified in production due to performance overhead.
  You should fix the source of the mismatch. 
  at <IconCSS name="mynaui:clock-4" class="hero-mobile-menu__contact-icon" > 
  at <Header> 
  at <Index onVnodeUnmounted=fn<onVnodeUnmounted> ref=Ref< undefined > > 
  at <RouteProvider key="/" vnode= {__v_isVNode: true, __v_skip: true, type: Object, props: Object, key: null} route= {fullPath: /, hash: , query: Object, name: index___cs, path: /}  ... > 
  at <RouterView name=undefined route=undefined > 
  at <NuxtPage> 
  at <Body> 
  at <Html lang="cs-CZ" dir="ltr" > 
  at <Landing ref=Ref< undefined > > 
  at <AsyncComponentWrapper ref=Ref< undefined > > 
  at <LayoutLoader key="landing" layoutProps= {ref: RefImpl} name="landing" > 
  at <NuxtLayoutProvider layoutProps= {ref: RefImpl} key="landing" name="landing"  ... > 
  at <NuxtLayout> 
  at <App key=4 > 
  at <NuxtRoot> @ http://localhost:3001/_nuxt/@fs/Users/andrejkoval/Dev/vivadzen/src/front/node_modules/@vue/runtime-core/dist/runtime-core.esm-bundler.js?v=52c0a703:49
[    1600ms] [WARNING] [Vue warn]: Hydration style mismatch on JSHandle@node 
  - rendered on server: style="width:1em;height:1em;--c613ce94-iconUrl:url('https://api.iconify.design/fluent/flash-24-regular.svg');"
  - expected on client: style="width:1em;height:1em;"
  Note: this mismatch is check-only. The DOM will not be rectified in production due to performance overhead.
  You should fix the source of the mismatch. 
  at <IconCSS name="fluent:flash-24-regular" class="icon" > 
  at <Header> 
  at <Index onVnodeUnmounted=fn<onVnodeUnmounted> ref=Ref< undefined > > 
  at <RouteProvider key="/" vnode= {__v_isVNode: true, __v_skip: true, type: Object, props: Object, key: null} route= {fullPath: /, hash: , query: Object, name: index___cs, path: /}  ... > 
  at <RouterView name=undefined route=undefined > 
  at <NuxtPage> 
  at <Body> 
  at <Html lang="cs-CZ" dir="ltr" > 
  at <Landing ref=Ref< undefined > > 
  at <AsyncComponentWrapper ref=Ref< undefined > > 
  at <LayoutLoader key="landing" layoutProps= {ref: RefImpl} name="landing" > 
  at <NuxtLayoutProvider layoutProps= {ref: RefImpl} key="landing" name="landing"  ... > 
  at <NuxtLayout> 
  at <App key=4 > 
  at <NuxtRoot> @ http://localhost:3001/_nuxt/@fs/Users/andrejkoval/Dev/vivadzen/src/front/node_modules/@vue/runtime-core/dist/runtime-core.esm-bundler.js?v=52c0a703:49
[    1602ms] [WARNING] [Vue warn]: Hydration style mismatch on JSHandle@node 
  - rendered on server: style="width:1em;height:1em;--c613ce94-iconUrl:url('https://api.iconify.design/iconamoon/mouse-thin.svg');"
  - expected on client: style="width:1em;height:1em;"
  Note: this mismatch is check-only. The DOM will not be rectified in production due to performance overhead.
  You should fix the source of the mismatch. 
  at <IconCSS name="iconamoon:mouse-thin" class="more__icon" > 
  at <Item2> 
  at <Banner> 
  at <Index onVnodeUnmounted=fn<onVnodeUnmounted> ref=Ref< undefined > > 
  at <RouteProvider key="/" vnode= {__v_isVNode: true, __v_skip: true, type: Object, props: Object, key: null} route= {fullPath: /, hash: , query: Object, name: index___cs, path: /}  ... > 
  at <RouterView name=undefined route=undefined > 
  at <NuxtPage> 
  at <Body> 
  at <Html lang="cs-CZ" dir="ltr" > 
  at <Landing ref=Ref< undefined > > 
  at <AsyncComponentWrapper ref=Ref< undefined > > 
  at <LayoutLoader key="landing" layoutProps= {ref: RefImpl} name="landing" > 
  at <NuxtLayoutProvider layoutProps= {ref: RefImpl} key="landing" name="landing"  ... > 
  at <NuxtLayout> 
  at <App key=4 > 
  at <NuxtRoot> @ http://localhost:3001/_nuxt/@fs/Users/andrejkoval/Dev/vivadzen/src/front/node_modules/@vue/runtime-core/dist/runtime-core.esm-bundler.js?v=52c0a703:49
[    1604ms] [WARNING] [Vue warn]: Hydration style mismatch on JSHandle@node 
  - rendered on server: style="width:1em;height:1em;--c613ce94-iconUrl:url('https://api.iconify.design/ix/eye-magnifying-glass.svg');"
  - expected on client: style="width:1em;height:1em;"
  Note: this mismatch is check-only. The DOM will not be rectified in production due to performance overhead.
  You should fix the source of the mismatch. 
  at <IconCSS name="ix:eye-magnifying-glass" class="inline-icon" > 
  at <LegalMarket> 
  at <Index onVnodeUnmounted=fn<onVnodeUnmounted> ref=Ref< undefined > > 
  at <RouteProvider key="/" vnode= {__v_isVNode: true, __v_skip: true, type: Object, props: Object, key: null} route= {fullPath: /, hash: , query: Object, name: index___cs, path: /}  ... > 
  at <RouterView name=undefined route=undefined > 
  at <NuxtPage> 
  at <Body> 
  at <Html lang="cs-CZ" dir="ltr" > 
  at <Landing ref=Ref< undefined > > 
  at <AsyncComponentWrapper ref=Ref< undefined > > 
  at <LayoutLoader key="landing" layoutProps= {ref: RefImpl} name="landing" > 
  at <NuxtLayoutProvider layoutProps= {ref: RefImpl} key="landing" name="landing"  ... > 
  at <NuxtLayout> 
  at <App key=4 > 
  at <NuxtRoot> @ http://localhost:3001/_nuxt/@fs/Users/andrejkoval/Dev/vivadzen/src/front/node_modules/@vue/runtime-core/dist/runtime-core.esm-bundler.js?v=52c0a703:49
[    1610ms] [WARNING] [Vue warn]: Hydration style mismatch on JSHandle@node 
  - rendered on server: style="width:1em;height:1em;--c613ce94-iconUrl:url('https://api.iconify.design/ph/lightbulb.svg');"
  - expected on client: style="width:1em;height:1em;"
  Note: this mismatch is check-only. The DOM will not be rectified in production due to performance overhead.
  You should fix the source of the mismatch. 
  at <IconCSS name="ph:lightbulb" class="kratom-benefit-card__icon" > 
  at <Kratom> 
  at <Index onVnodeUnmounted=fn<onVnodeUnmounted> ref=Ref< undefined > > 
  at <RouteProvider key="/" vnode= {__v_isVNode: true, __v_skip: true, type: Object, props: Object, key: null} route= {fullPath: /, hash: , query: Object, name: index___cs, path: /}  ... > 
  at <RouterView name=undefined route=undefined > 
  at <NuxtPage> 
  at <Body> 
  at <Html lang="cs-CZ" dir="ltr" > 
  at <Landing ref=Ref< undefined > > 
  at <AsyncComponentWrapper ref=Ref< undefined > > 
  at <LayoutLoader key="landing" layoutProps= {ref: RefImpl} name="landing" > 
  at <NuxtLayoutProvider layoutProps= {ref: RefImpl} key="landing" name="landing"  ... > 
  at <NuxtLayout> 
  at <App key=4 > 
  at <NuxtRoot> @ http://localhost:3001/_nuxt/@fs/Users/andrejkoval/Dev/vivadzen/src/front/node_modules/@vue/runtime-core/dist/runtime-core.esm-bundler.js?v=52c0a703:49
[    1611ms] [WARNING] [Vue warn]: Hydration style mismatch on JSHandle@node 
  - rendered on server: style="width:1em;height:1em;--c613ce94-iconUrl:url('https://api.iconify.design/ph/lightning.svg');"
  - expected on client: style="width:1em;height:1em;"
  Note: this mismatch is check-only. The DOM will not be rectified in production due to performance overhead.
  You should fix the source of the mismatch. 
  at <IconCSS name="ph:lightning" class="kratom-benefit-card__icon" > 
  at <Kratom> 
  at <Index onVnodeUnmounted=fn<onVnodeUnmounted> ref=Ref< undefined > > 
  at <RouteProvider key="/" vnode= {__v_isVNode: true, __v_skip: true, type: Object, props: Object, key: null} route= {fullPath: /, hash: , query: Object, name: index___cs, path: /}  ... > 
  at <RouterView name=undefined route=undefined > 
  at <NuxtPage> 
  at <Body> 
  at <Html lang="cs-CZ" dir="ltr" > 
  at <Landing ref=Ref< undefined > > 
  at <AsyncComponentWrapper ref=Ref< undefined > > 
  at <LayoutLoader key="landing" layoutProps= {ref: RefImpl} name="landing" > 
  at <NuxtLayoutProvider layoutProps= {ref: RefImpl} key="landing" name="landing"  ... > 
  at <NuxtLayout> 
  at <App key=4 > 
  at <NuxtRoot> @ http://localhost:3001/_nuxt/@fs/Users/andrejkoval/Dev/vivadzen/src/front/node_modules/@vue/runtime-core/dist/runtime-core.esm-bundler.js?v=52c0a703:49
[    1611ms] [WARNING] [Vue warn]: Hydration style mismatch on JSHandle@node 
  - rendered on server: style="width:1em;height:1em;--c613ce94-iconUrl:url('https://api.iconify.design/ph/heart.svg');"
  - expected on client: style="width:1em;height:1em;"
  Note: this mismatch is check-only. The DOM will not be rectified in production due to performance overhead.
  You should fix the source of the mismatch. 
  at <IconCSS name="ph:heart" class="kratom-benefit-card__icon" > 
  at <Kratom> 
  at <Index onVnodeUnmounted=fn<onVnodeUnmounted> ref=Ref< undefined > > 
  at <RouteProvider key="/" vnode= {__v_isVNode: true, __v_skip: true, type: Object, props: Object, key: null} route= {fullPath: /, hash: , query: Object, name: index___cs, path: /}  ... > 
  at <RouterView name=undefined route=undefined > 
  at <NuxtPage> 
  at <Body> 
  at <Html lang="cs-CZ" dir="ltr" > 
  at <Landing ref=Ref< undefined > > 
  at <AsyncComponentWrapper ref=Ref< undefined > > 
  at <LayoutLoader key="landing" layoutProps= {ref: RefImpl} name="landing" > 
  at <NuxtLayoutProvider layoutProps= {ref: RefImpl} key="landing" name="landing"  ... > 
  at <NuxtLayout> 
  at <App key=4 > 
  at <NuxtRoot> @ http://localhost:3001/_nuxt/@fs/Users/andrejkoval/Dev/vivadzen/src/front/node_modules/@vue/runtime-core/dist/runtime-core.esm-bundler.js?v=52c0a703:49
[    1611ms] [WARNING] [Vue warn]: Hydration style mismatch on JSHandle@node 
  - rendered on server: style="width:1em;height:1em;--c613ce94-iconUrl:url('https://api.iconify.design/ph/shield-check.svg');"
  - expected on client: style="width:1em;height:1em;"
  Note: this mismatch is check-only. The DOM will not be rectified in production due to performance overhead.
  You should fix the source of the mismatch. 
  at <IconCSS name="ph:shield-check" class="kratom-benefit-card__icon" > 
  at <Kratom> 
  at <Index onVnodeUnmounted=fn<onVnodeUnmounted> ref=Ref< undefined > > 
  at <RouteProvider key="/" vnode= {__v_isVNode: true, __v_skip: true, type: Object, props: Object, key: null} route= {fullPath: /, hash: , query: Object, name: index___cs, path: /}  ... > 
  at <RouterView name=undefined route=undefined > 
  at <NuxtPage> 
  at <Body> 
  at <Html lang="cs-CZ" dir="ltr" > 
  at <Landing ref=Ref< undefined > > 
  at <AsyncComponentWrapper ref=Ref< undefined > > 
  at <LayoutLoader key="landing" layoutProps= {ref: RefImpl} name="landing" > 
  at <NuxtLayoutProvider layoutProps= {ref: RefImpl} key="landing" name="landing"  ... > 
  at <NuxtLayout> 
  at <App key=4 > 
  at <NuxtRoot> @ http://localhost:3001/_nuxt/@fs/Users/andrejkoval/Dev/vivadzen/src/front/node_modules/@vue/runtime-core/dist/runtime-core.esm-bundler.js?v=52c0a703:49
[    1611ms] [WARNING] [Vue warn]: Hydration style mismatch on JSHandle@node 
  - rendered on server: style="width:1em;height:1em;--c613ce94-iconUrl:url('https://api.iconify.design/ph/sparkle.svg');"
  - expected on client: style="width:1em;height:1em;"
  Note: this mismatch is check-only. The DOM will not be rectified in production due to performance overhead.
  You should fix the source of the mismatch. 
  at <IconCSS name="ph:sparkle" class="kratom-benefit-card__icon" > 
  at <Kratom> 
  at <Index onVnodeUnmounted=fn<onVnodeUnmounted> ref=Ref< undefined > > 
  at <RouteProvider key="/" vnode= {__v_isVNode: true, __v_skip: true, type: Object, props: Object, key: null} route= {fullPath: /, hash: , query: Object, name: index___cs, path: /}  ... > 
  at <RouterView name=undefined route=undefined > 
  at <NuxtPage> 
  at <Body> 
  at <Html lang="cs-CZ" dir="ltr" > 
  at <Landing ref=Ref< undefined > > 
  at <AsyncComponentWrapper ref=Ref< undefined > > 
  at <LayoutLoader key="landing" layoutProps= {ref: RefImpl} name="landing" > 
  at <NuxtLayoutProvider layoutProps= {ref: RefImpl} key="landing" name="landing"  ... > 
  at <NuxtLayout> 
  at <App key=4 > 
  at <NuxtRoot> @ http://localhost:3001/_nuxt/@fs/Users/andrejkoval/Dev/vivadzen/src/front/node_modules/@vue/runtime-core/dist/runtime-core.esm-bundler.js?v=52c0a703:49
[    1615ms] [WARNING] [Vue warn]: Hydration style mismatch on JSHandle@node 
  - rendered on server: style="width:1em;height:1em;color:#f4e6b8;--c613ce94-iconUrl:url('https://api.iconify.design/ph/lightning.svg');"
  - expected on client: style="width:1em;height:1em;color:#f4e6b8;"
  Note: this mismatch is check-only. The DOM will not be rectified in production due to performance overhead.
  You should fix the source of the mismatch. 
  at <IconCSS name="ph:lightning" class="effect-item__icon" style= {color: #f4e6b8} > 
  at <KratomVariety> 
  at <Index onVnodeUnmounted=fn<onVnodeUnmounted> ref=Ref< undefined > > 
  at <RouteProvider key="/" vnode= {__v_isVNode: true, __v_skip: true, type: Object, props: Object, key: null} route= {fullPath: /, hash: , query: Object, name: index___cs, path: /}  ... > 
  at <RouterView name=undefined route=undefined > 
  at <NuxtPage> 
  at <Body> 
  at <Html lang="cs-CZ" dir="ltr" > 
  at <Landing ref=Ref< undefined > > 
  at <AsyncComponentWrapper ref=Ref< undefined > > 
  at <LayoutLoader key="landing" layoutProps= {ref: RefImpl} name="landing" > 
  at <NuxtLayoutProvider layoutProps= {ref: RefImpl} key="landing" name="landing"  ... > 
  at <NuxtLayout> 
  at <App key=4 > 
  at <NuxtRoot> @ http://localhost:3001/_nuxt/@fs/Users/andrejkoval/Dev/vivadzen/src/front/node_modules/@vue/runtime-core/dist/runtime-core.esm-bundler.js?v=52c0a703:49
[    1615ms] [WARNING] [Vue warn]: Hydration style mismatch on JSHandle@node 
  - rendered on server: style="width:1em;height:1em;color:#f4e6b8;--c613ce94-iconUrl:url('https://api.iconify.design/ph/brain.svg');"
  - expected on client: style="width:1em;height:1em;color:#f4e6b8;"
  Note: this mismatch is check-only. The DOM will not be rectified in production due to performance overhead.
  You should fix the source of the mismatch. 
  at <IconCSS name="ph:brain" class="effect-item__icon" style= {color: #f4e6b8} > 
  at <KratomVariety> 
  at <Index onVnodeUnmounted=fn<onVnodeUnmounted> ref=Ref< undefined > > 
  at <RouteProvider key="/" vnode= {__v_isVNode: true, __v_skip: true, type: Object, props: Object, key: null} route= {fullPath: /, hash: , query: Object, name: index___cs, path: /}  ... > 
  at <RouterView name=undefined route=undefined > 
  at <NuxtPage> 
  at <Body> 
  at <Html lang="cs-CZ" dir="ltr" > 
  at <Landing ref=Ref< undefined > > 
  at <AsyncComponentWrapper ref=Ref< undefined > > 
  at <LayoutLoader key="landing" layoutProps= {ref: RefImpl} name="landing" > 
  at <NuxtLayoutProvider layoutProps= {ref: RefImpl} key="landing" name="landing"  ... > 
  at <NuxtLayout> 
  at <App key=4 > 
  at <NuxtRoot> @ http://localhost:3001/_nuxt/@fs/Users/andrejkoval/Dev/vivadzen/src/front/node_modules/@vue/runtime-core/dist/runtime-core.esm-bundler.js?v=52c0a703:49
[    1615ms] [WARNING] [Vue warn]: Hydration style mismatch on JSHandle@node 
  - rendered on server: style="width:1em;height:1em;color:#f4e6b8;--c613ce94-iconUrl:url('https://api.iconify.design/ph/arrow-up.svg');"
  - expected on client: style="width:1em;height:1em;color:#f4e6b8;"
  Note: this mismatch is check-only. The DOM will not be rectified in production due to performance overhead.
  You should fix the source of the mismatch. 
  at <IconCSS name="ph:arrow-up" class="effect-item__icon" style= {color: #f4e6b8} > 
  at <KratomVariety> 
  at <Index onVnodeUnmounted=fn<onVnodeUnmounted> ref=Ref< undefined > > 
  at <RouteProvider key="/" vnode= {__v_isVNode: true, __v_skip: true, type: Object, props: Object, key: null} route= {fullPath: /, hash: , query: Object, name: index___cs, path: /}  ... > 
  at <RouterView name=undefined route=undefined > 
  at <NuxtPage> 
  at <Body> 
  at <Html lang="cs-CZ" dir="ltr" > 
  at <Landing ref=Ref< undefined > > 
  at <AsyncComponentWrapper ref=Ref< undefined > > 
  at <LayoutLoader key="landing" layoutProps= {ref: RefImpl} name="landing" > 
  at <NuxtLayoutProvider layoutProps= {ref: RefImpl} key="landing" name="landing"  ... > 
  at <NuxtLayout> 
  at <App key=4 > 
  at <NuxtRoot> @ http://localhost:3001/_nuxt/@fs/Users/andrejkoval/Dev/vivadzen/src/front/node_modules/@vue/runtime-core/dist/runtime-core.esm-bundler.js?v=52c0a703:49
[    1616ms] [WARNING] [Vue warn]: Hydration style mismatch on JSHandle@node 
  - rendered on server: style="width:1em;height:1em;color:#f4e6b8;--c613ce94-iconUrl:url('https://api.iconify.design/ph/person-simple-run.svg');"
  - expected on client: style="width:1em;height:1em;color:#f4e6b8;"
  Note: this mismatch is check-only. The DOM will not be rectified in production due to performance overhead.
  You should fix the source of the mismatch. 
  at <IconCSS name="ph:person-simple-run" class="effect-item__icon" style= {color: #f4e6b8} > 
  at <KratomVariety> 
  at <Index onVnodeUnmounted=fn<onVnodeUnmounted> ref=Ref< undefined > > 
  at <RouteProvider key="/" vnode= {__v_isVNode: true, __v_skip: true, type: Object, props: Object, key: null} route= {fullPath: /, hash: , query: Object, name: index___cs, path: /}  ... > 
  at <RouterView name=undefined route=undefined > 
  at <NuxtPage> 
  at <Body> 
  at <Html lang="cs-CZ" dir="ltr" > 
  at <Landing ref=Ref< undefined > > 
  at <AsyncComponentWrapper ref=Ref< undefined > > 
  at <LayoutLoader key="landing" layoutProps= {ref: RefImpl} name="landing" > 
  at <NuxtLayoutProvider layoutProps= {ref: RefImpl} key="landing" name="landing"  ... > 
  at <NuxtLayout> 
  at <App key=4 > 
  at <NuxtRoot> @ http://localhost:3001/_nuxt/@fs/Users/andrejkoval/Dev/vivadzen/src/front/node_modules/@vue/runtime-core/dist/runtime-core.esm-bundler.js?v=52c0a703:49
[    1616ms] [WARNING] [Vue warn]: Hydration style mismatch on JSHandle@node 
  - rendered on server: style="width:1em;height:1em;color:#73c56f;--c613ce94-iconUrl:url('https://api.iconify.design/ph/chats.svg');"
  - expected on client: style="width:1em;height:1em;color:#73c56f;"
  Note: this mismatch is check-only. The DOM will not be rectified in production due to performance overhead.
  You should fix the source of the mismatch. 
  at <IconCSS name="ph:chats" class="effect-item__icon" style= {color: #73c56f} > 
  at <KratomVariety> 
  at <Index onVnodeUnmounted=fn<onVnodeUnmounted> ref=Ref< undefined > > 
  at <RouteProvider key="/" vnode= {__v_isVNode: true, __v_skip: true, type: Object, props: Object, key: null} route= {fullPath: /, hash: , query: Object, name: index___cs, path: /}  ... > 
  at <RouterView name=undefined route=undefined > 
  at <NuxtPage> 
  at <Body> 
  at <Html lang="cs-CZ" dir="ltr" > 
  at <Landing ref=Ref< undefined > > 
  at <AsyncComponentWrapper ref=Ref< undefined > > 
  at <LayoutLoader key="landing" layoutProps= {ref: RefImpl} name="landing" > 
  at <NuxtLayoutProvider layoutProps= {ref: RefImpl} key="landing" name="landing"  ... > 
  at <NuxtLayout> 
  at <App key=4 > 
  at <NuxtRoot> @ http://localhost:3001/_nuxt/@fs/Users/andrejkoval/Dev/vivadzen/src/front/node_modules/@vue/runtime-core/dist/runtime-core.esm-bundler.js?v=52c0a703:49
[    1616ms] [WARNING] [Vue warn]: Hydration style mismatch on JSHandle@node 
  - rendered on server: style="width:1em;height:1em;color:#73c56f;--c613ce94-iconUrl:url('https://api.iconify.design/ph/battery-medium.svg');"
  - expected on client: style="width:1em;height:1em;color:#73c56f;"
  Note: this mismatch is check-only. The DOM will not be rectified in production due to performance overhead.
  You should fix the source of the mismatch. 
  at <IconCSS name="ph:battery-medium" class="effect-item__icon" style= {color: #73c56f} > 
  at <KratomVariety> 
  at <Index onVnodeUnmounted=fn<onVnodeUnmounted> ref=Ref< undefined > > 
  at <RouteProvider key="/" vnode= {__v_isVNode: true, __v_skip: true, type: Object, props: Object, key: null} route= {fullPath: /, hash: , query: Object, name: index___cs, path: /}  ... > 
  at <RouterView name=undefined route=undefined > 
  at <NuxtPage> 
  at <Body> 
  at <Html lang="cs-CZ" dir="ltr" > 
  at <Landing ref=Ref< undefined > > 
  at <AsyncComponentWrapper ref=Ref< undefined > > 
  at <LayoutLoader key="landing" layoutProps= {ref: RefImpl} name="landing" > 
  at <NuxtLayoutProvider layoutProps= {ref: RefImpl} key="landing" name="landing"  ... > 
  at <NuxtLayout> 
  at <App key=4 > 
  at <NuxtRoot> @ http://localhost:3001/_nuxt/@fs/Users/andrejkoval/Dev/vivadzen/src/front/node_modules/@vue/runtime-core/dist/runtime-core.esm-bundler.js?v=52c0a703:49
[    1616ms] [WARNING] [Vue warn]: Hydration style mismatch on JSHandle@node 
  - rendered on server: style="width:1em;height:1em;color:#73c56f;--c613ce94-iconUrl:url('https://api.iconify.design/ph/wind.svg');"
  - expected on client: style="width:1em;height:1em;color:#73c56f;"
  Note: this mismatch is check-only. The DOM will not be rectified in production due to performance overhead.
  You should fix the source of the mismatch. 
  at <IconCSS name="ph:wind" class="effect-item__icon" style= {color: #73c56f} > 
  at <KratomVariety> 
  at <Index onVnodeUnmounted=fn<onVnodeUnmounted> ref=Ref< undefined > > 
  at <RouteProvider key="/" vnode= {__v_isVNode: true, __v_skip: true, type: Object, props: Object, key: null} route= {fullPath: /, hash: , query: Object, name: index___cs, path: /}  ... > 
  at <RouterView name=undefined route=undefined > 
  at <NuxtPage> 
  at <Body> 
  at <Html lang="cs-CZ" dir="ltr" > 
  at <Landing ref=Ref< undefined > > 
  at <AsyncComponentWrapper ref=Ref< undefined > > 
  at <LayoutLoader key="landing" layoutProps= {ref: RefImpl} name="landing" > 
  at <NuxtLayoutProvider layoutProps= {ref: RefImpl} key="landing" name="landing"  ... > 
  at <NuxtLayout> 
  at <App key=4 > 
  at <NuxtRoot> @ http://localhost:3001/_nuxt/@fs/Users/andrejkoval/Dev/vivadzen/src/front/node_modules/@vue/runtime-core/dist/runtime-core.esm-bundler.js?v=52c0a703:49
[    1617ms] [WARNING] [Vue warn]: Hydration style mismatch on JSHandle@node 
  - rendered on server: style="width:1em;height:1em;color:#73c56f;--c613ce94-iconUrl:url('https://api.iconify.design/ph/bandaids.svg');"
  - expected on client: style="width:1em;height:1em;color:#73c56f;"
  Note: this mismatch is check-only. The DOM will not be rectified in production due to performance overhead.
  You should fix the source of the mismatch. 
  at <IconCSS name="ph:bandaids" class="effect-item__icon" style= {color: #73c56f} > 
  at <KratomVariety> 
  at <Index onVnodeUnmounted=fn<onVnodeUnmounted> ref=Ref< undefined > > 
  at <RouteProvider key="/" vnode= {__v_isVNode: true, __v_skip: true, type: Object, props: Object, key: null} route= {fullPath: /, hash: , query: Object, name: index___cs, path: /}  ... > 
  at <RouterView name=undefined route=undefined > 
  at <NuxtPage> 
  at <Body> 
  at <Html lang="cs-CZ" dir="ltr" > 
  at <Landing ref=Ref< undefined > > 
  at <AsyncComponentWrapper ref=Ref< undefined > > 
  at <LayoutLoader key="landing" layoutProps= {ref: RefImpl} name="landing" > 
  at <NuxtLayoutProvider layoutProps= {ref: RefImpl} key="landing" name="landing"  ... > 
  at <NuxtLayout> 
  at <App key=4 > 
  at <NuxtRoot> @ http://localhost:3001/_nuxt/@fs/Users/andrejkoval/Dev/vivadzen/src/front/node_modules/@vue/runtime-core/dist/runtime-core.esm-bundler.js?v=52c0a703:49
[    1617ms] [WARNING] [Vue warn]: Hydration style mismatch on JSHandle@node 
  - rendered on server: style="width:1em;height:1em;color:#d16d3e;--c613ce94-iconUrl:url('https://api.iconify.design/ph/first-aid-kit.svg');"
  - expected on client: style="width:1em;height:1em;color:#d16d3e;"
  Note: this mismatch is check-only. The DOM will not be rectified in production due to performance overhead.
  You should fix the source of the mismatch. 
  at <IconCSS name="ph:first-aid-kit" class="effect-item__icon" style= {color: #d16d3e} > 
  at <KratomVariety> 
  at <Index onVnodeUnmounted=fn<onVnodeUnmounted> ref=Ref< undefined > > 
  at <RouteProvider key="/" vnode= {__v_isVNode: true, __v_skip: true, type: Object, props: Object, key: null} route= {fullPath: /, hash: , query: Object, name: index___cs, path: /}  ... > 
  at <RouterView name=undefined route=undefined > 
  at <NuxtPage> 
  at <Body> 
  at <Html lang="cs-CZ" dir="ltr" > 
  at <Landing ref=Ref< undefined > > 
  at <AsyncComponentWrapper ref=Ref< undefined > > 
  at <LayoutLoader key="landing" layoutProps= {ref: RefImpl} name="landing" > 
  at <NuxtLayoutProvider layoutProps= {ref: RefImpl} key="landing" name="landing"  ... > 
  at <NuxtLayout> 
  at <App key=4 > 
  at <NuxtRoot> @ http://localhost:3001/_nuxt/@fs/Users/andrejkoval/Dev/vivadzen/src/front/node_modules/@vue/runtime-core/dist/runtime-core.esm-bundler.js?v=52c0a703:49
[    1617ms] [WARNING] [Vue warn]: Hydration style mismatch on JSHandle@node 
  - rendered on server: style="width:1em;height:1em;color:#d16d3e;--c613ce94-iconUrl:url('https://api.iconify.design/ph/moon.svg');"
  - expected on client: style="width:1em;height:1em;color:#d16d3e;"
  Note: this mismatch is check-only. The DOM will not be rectified in production due to performance overhead.
  You should fix the source of the mismatch. 
  at <IconCSS name="ph:moon" class="effect-item__icon" style= {color: #d16d3e} > 
  at <KratomVariety> 
  at <Index onVnodeUnmounted=fn<onVnodeUnmounted> ref=Ref< undefined > > 
  at <RouteProvider key="/" vnode= {__v_isVNode: true, __v_skip: true, type: Object, props: Object, key: null} route= {fullPath: /, hash: , query: Object, name: index___cs, path: /}  ... > 
  at <RouterView name=undefined route=undefined > 
  at <NuxtPage> 
  at <Body> 
  at <Html lang="cs-CZ" dir="ltr" > 
  at <Landing ref=Ref< undefined > > 
  at <AsyncComponentWrapper ref=Ref< undefined > > 
  at <LayoutLoader key="landing" layoutProps= {ref: RefImpl} name="landing" > 
  at <NuxtLayoutProvider layoutProps= {ref: RefImpl} key="landing" name="landing"  ... > 
  at <NuxtLayout> 
  at <App key=4 > 
  at <NuxtRoot> @ http://localhost:3001/_nuxt/@fs/Users/andrejkoval/Dev/vivadzen/src/front/node_modules/@vue/runtime-core/dist/runtime-core.esm-bundler.js?v=52c0a703:49
[    1617ms] [WARNING] [Vue warn]: Hydration style mismatch on JSHandle@node 
  - rendered on server: style="width:1em;height:1em;color:#d16d3e;--c613ce94-iconUrl:url('https://api.iconify.design/ph/person-simple-walk.svg');"
  - expected on client: style="width:1em;height:1em;color:#d16d3e;"
  Note: this mismatch is check-only. The DOM will not be rectified in production due to performance overhead.
  You should fix the source of the mismatch. 
  at <IconCSS name="ph:person-simple-walk" class="effect-item__icon" style= {color: #d16d3e} > 
  at <KratomVariety> 
  at <Index onVnodeUnmounted=fn<onVnodeUnmounted> ref=Ref< undefined > > 
  at <RouteProvider key="/" vnode= {__v_isVNode: true, __v_skip: true, type: Object, props: Object, key: null} route= {fullPath: /, hash: , query: Object, name: index___cs, path: /}  ... > 
  at <RouterView name=undefined route=undefined > 
  at <NuxtPage> 
  at <Body> 
  at <Html lang="cs-CZ" dir="ltr" > 
  at <Landing ref=Ref< undefined > > 
  at <AsyncComponentWrapper ref=Ref< undefined > > 
  at <LayoutLoader key="landing" layoutProps= {ref: RefImpl} name="landing" > 
  at <NuxtLayoutProvider layoutProps= {ref: RefImpl} key="landing" name="landing"  ... > 
  at <NuxtLayout> 
  at <App key=4 > 
  at <NuxtRoot> @ http://localhost:3001/_nuxt/@fs/Users/andrejkoval/Dev/vivadzen/src/front/node_modules/@vue/runtime-core/dist/runtime-core.esm-bundler.js?v=52c0a703:49
[    1618ms] [WARNING] [Vue warn]: Hydration style mismatch on JSHandle@node 
  - rendered on server: style="width:1em;height:1em;color:#d16d3e;--c613ce94-iconUrl:url('https://api.iconify.design/ph/shield-check.svg');"
  - expected on client: style="width:1em;height:1em;color:#d16d3e;"
  Note: this mismatch is check-only. The DOM will not be rectified in production due to performance overhead.
  You should fix the source of the mismatch. 
  at <IconCSS name="ph:shield-check" class="effect-item__icon" style= {color: #d16d3e} > 
  at <KratomVariety> 
  at <Index onVnodeUnmounted=fn<onVnodeUnmounted> ref=Ref< undefined > > 
  at <RouteProvider key="/" vnode= {__v_isVNode: true, __v_skip: true, type: Object, props: Object, key: null} route= {fullPath: /, hash: , query: Object, name: index___cs, path: /}  ... > 
  at <RouterView name=undefined route=undefined > 
  at <NuxtPage> 
  at <Body> 
  at <Html lang="cs-CZ" dir="ltr" > 
  at <Landing ref=Ref< undefined > > 
  at <AsyncComponentWrapper ref=Ref< undefined > > 
  at <LayoutLoader key="landing" layoutProps= {ref: RefImpl} name="landing" > 
  at <NuxtLayoutProvider layoutProps= {ref: RefImpl} key="landing" name="landing"  ... > 
  at <NuxtLayout> 
  at <App key=4 > 
  at <NuxtRoot> @ http://localhost:3001/_nuxt/@fs/Users/andrejkoval/Dev/vivadzen/src/front/node_modules/@vue/runtime-core/dist/runtime-core.esm-bundler.js?v=52c0a703:49
[    1618ms] [WARNING] [Vue warn]: Hydration style mismatch on JSHandle@node 
  - rendered on server: style="width:1em;height:1em;color:#dfc157;--c613ce94-iconUrl:url('https://api.iconify.design/ph/smiley.svg');"
  - expected on client: style="width:1em;height:1em;color:#dfc157;"
  Note: this mismatch is check-only. The DOM will not be rectified in production due to performance overhead.
  You should fix the source of the mismatch. 
  at <IconCSS name="ph:smiley" class="effect-item__icon" style= {color: #dfc157} > 
  at <KratomVariety> 
  at <Index onVnodeUnmounted=fn<onVnodeUnmounted> ref=Ref< undefined > > 
  at <RouteProvider key="/" vnode= {__v_isVNode: true, __v_skip: true, type: Object, props: Object, key: null} route= {fullPath: /, hash: , query: Object, name: index___cs, path: /}  ... > 
  at <RouterView name=undefined route=undefined > 
  at <NuxtPage> 
  at <Body> 
  at <Html lang="cs-CZ" dir="ltr" > 
  at <Landing ref=Ref< undefined > > 
  at <AsyncComponentWrapper ref=Ref< undefined > > 
  at <LayoutLoader key="landing" layoutProps= {ref: RefImpl} name="landing" > 
  at <NuxtLayoutProvider layoutProps= {ref: RefImpl} key="landing" name="landing"  ... > 
  at <NuxtLayout> 
  at <App key=4 > 
  at <NuxtRoot> @ http://localhost:3001/_nuxt/@fs/Users/andrejkoval/Dev/vivadzen/src/front/node_modules/@vue/runtime-core/dist/runtime-core.esm-bundler.js?v=52c0a703:49
[    1618ms] [WARNING] [Vue warn]: Hydration style mismatch on JSHandle@node 
  - rendered on server: style="width:1em;height:1em;color:#dfc157;--c613ce94-iconUrl:url('https://api.iconify.design/ph/hand-heart.svg');"
  - expected on client: style="width:1em;height:1em;color:#dfc157;"
  Note: this mismatch is check-only. The DOM will not be rectified in production due to performance overhead.
  You should fix the source of the mismatch. 
  at <IconCSS name="ph:hand-heart" class="effect-item__icon" style= {color: #dfc157} > 
  at <KratomVariety> 
  at <Index onVnodeUnmounted=fn<onVnodeUnmounted> ref=Ref< undefined > > 
  at <RouteProvider key="/" vnode= {__v_isVNode: true, __v_skip: true, type: Object, props: Object, key: null} route= {fullPath: /, hash: , query: Object, name: index___cs, path: /}  ... > 
  at <RouterView name=undefined route=undefined > 
  at <NuxtPage> 
  at <Body> 
  at <Html lang="cs-CZ" dir="ltr" > 
  at <Landing ref=Ref< undefined > > 
  at <AsyncComponentWrapper ref=Ref< undefined > > 
  at <LayoutLoader key="landing" layoutProps= {ref: RefImpl} name="landing" > 
  at <NuxtLayoutProvider layoutProps= {ref: RefImpl} key="landing" name="landing"  ... > 
  at <NuxtLayout> 
  at <App key=4 > 
  at <NuxtRoot> @ http://localhost:3001/_nuxt/@fs/Users/andrejkoval/Dev/vivadzen/src/front/node_modules/@vue/runtime-core/dist/runtime-core.esm-bundler.js?v=52c0a703:49
[    1618ms] [WARNING] [Vue warn]: Hydration style mismatch on JSHandle@node 
  - rendered on server: style="width:1em;height:1em;color:#dfc157;--c613ce94-iconUrl:url('https://api.iconify.design/ph/heart.svg');"
  - expected on client: style="width:1em;height:1em;color:#dfc157;"
  Note: this mismatch is check-only. The DOM will not be rectified in production due to performance overhead.
  You should fix the source of the mismatch. 
  at <IconCSS name="ph:heart" class="effect-item__icon" style= {color: #dfc157} > 
  at <KratomVariety> 
  at <Index onVnodeUnmounted=fn<onVnodeUnmounted> ref=Ref< undefined > > 
  at <RouteProvider key="/" vnode= {__v_isVNode: true, __v_skip: true, type: Object, props: Object, key: null} route= {fullPath: /, hash: , query: Object, name: index___cs, path: /}  ... > 
  at <RouterView name=undefined route=undefined > 
  at <NuxtPage> 
  at <Body> 
  at <Html lang="cs-CZ" dir="ltr" > 
  at <Landing ref=Ref< undefined > > 
  at <AsyncComponentWrapper ref=Ref< undefined > > 
  at <LayoutLoader key="landing" layoutProps= {ref: RefImpl} name="landing" > 
  at <NuxtLayoutProvider layoutProps= {ref: RefImpl} key="landing" name="landing"  ... > 
  at <NuxtLayout> 
  at <App key=4 > 
  at <NuxtRoot> @ http://localhost:3001/_nuxt/@fs/Users/andrejkoval/Dev/vivadzen/src/front/node_modules/@vue/runtime-core/dist/runtime-core.esm-bundler.js?v=52c0a703:49
[    1619ms] [WARNING] [Vue warn]: Hydration style mismatch on JSHandle@node 
  - rendered on server: style="width:1em;height:1em;color:#dfc157;--c613ce94-iconUrl:url('https://api.iconify.design/ph/leaf.svg');"
  - expected on client: style="width:1em;height:1em;color:#dfc157;"
  Note: this mismatch is check-only. The DOM will not be rectified in production due to performance overhead.
  You should fix the source of the mismatch. 
  at <IconCSS name="ph:leaf" class="effect-item__icon" style= {color: #dfc157} > 
  at <KratomVariety> 
  at <Index onVnodeUnmounted=fn<onVnodeUnmounted> ref=Ref< undefined > > 
  at <RouteProvider key="/" vnode= {__v_isVNode: true, __v_skip: true, type: Object, props: Object, key: null} route= {fullPath: /, hash: , query: Object, name: index___cs, path: /}  ... > 
  at <RouterView name=undefined route=undefined > 
  at <NuxtPage> 
  at <Body> 
  at <Html lang="cs-CZ" dir="ltr" > 
  at <Landing ref=Ref< undefined > > 
  at <AsyncComponentWrapper ref=Ref< undefined > > 
  at <LayoutLoader key="landing" layoutProps= {ref: RefImpl} name="landing" > 
  at <NuxtLayoutProvider layoutProps= {ref: RefImpl} key="landing" name="landing"  ... > 
  at <NuxtLayout> 
  at <App key=4 > 
  at <NuxtRoot> @ http://localhost:3001/_nuxt/@fs/Users/andrejkoval/Dev/vivadzen/src/front/node_modules/@vue/runtime-core/dist/runtime-core.esm-bundler.js?v=52c0a703:49
[    1619ms] [WARNING] [Vue warn]: Hydration style mismatch on JSHandle@node 
  - rendered on server: style="width:1em;height:1em;color:#f4e6b8;--c613ce94-iconUrl:url('https://api.iconify.design/ph/lightning.svg');"
  - expected on client: style="width:1em;height:1em;color:#f4e6b8;"
  Note: this mismatch is check-only. The DOM will not be rectified in production due to performance overhead.
  You should fix the source of the mismatch. 
  at <IconCSS name="ph:lightning" class="effect-item__icon" style= {color: #f4e6b8} > 
  at <KratomVariety> 
  at <Index onVnodeUnmounted=fn<onVnodeUnmounted> ref=Ref< undefined > > 
  at <RouteProvider key="/" vnode= {__v_isVNode: true, __v_skip: true, type: Object, props: Object, key: null} route= {fullPath: /, hash: , query: Object, name: index___cs, path: /}  ... > 
  at <RouterView name=undefined route=undefined > 
  at <NuxtPage> 
  at <Body> 
  at <Html lang="cs-CZ" dir="ltr" > 
  at <Landing ref=Ref< undefined > > 
  at <AsyncComponentWrapper ref=Ref< undefined > > 
  at <LayoutLoader key="landing" layoutProps= {ref: RefImpl} name="landing" > 
  at <NuxtLayoutProvider layoutProps= {ref: RefImpl} key="landing" name="landing"  ... > 
  at <NuxtLayout> 
  at <App key=4 > 
  at <NuxtRoot> @ http://localhost:3001/_nuxt/@fs/Users/andrejkoval/Dev/vivadzen/src/front/node_modules/@vue/runtime-core/dist/runtime-core.esm-bundler.js?v=52c0a703:49
[    1619ms] [WARNING] [Vue warn]: Hydration style mismatch on JSHandle@node 
  - rendered on server: style="width:1em;height:1em;color:#f4e6b8;--c613ce94-iconUrl:url('https://api.iconify.design/ph/brain.svg');"
  - expected on client: style="width:1em;height:1em;color:#f4e6b8;"
  Note: this mismatch is check-only. The DOM will not be rectified in production due to performance overhead.
  You should fix the source of the mismatch. 
  at <IconCSS name="ph:brain" class="effect-item__icon" style= {color: #f4e6b8} > 
  at <KratomVariety> 
  at <Index onVnodeUnmounted=fn<onVnodeUnmounted> ref=Ref< undefined > > 
  at <RouteProvider key="/" vnode= {__v_isVNode: true, __v_skip: true, type: Object, props: Object, key: null} route= {fullPath: /, hash: , query: Object, name: index___cs, path: /}  ... > 
  at <RouterView name=undefined route=undefined > 
  at <NuxtPage> 
  at <Body> 
  at <Html lang="cs-CZ" dir="ltr" > 
  at <Landing ref=Ref< undefined > > 
  at <AsyncComponentWrapper ref=Ref< undefined > > 
  at <LayoutLoader key="landing" layoutProps= {ref: RefImpl} name="landing" > 
  at <NuxtLayoutProvider layoutProps= {ref: RefImpl} key="landing" name="landing"  ... > 
  at <NuxtLayout> 
  at <App key=4 > 
  at <NuxtRoot> @ http://localhost:3001/_nuxt/@fs/Users/andrejkoval/Dev/vivadzen/src/front/node_modules/@vue/runtime-core/dist/runtime-core.esm-bundler.js?v=52c0a703:49
[    1620ms] [WARNING] [Vue warn]: Hydration style mismatch on JSHandle@node 
  - rendered on server: style="width:1em;height:1em;color:#f4e6b8;--c613ce94-iconUrl:url('https://api.iconify.design/ph/arrow-up.svg');"
  - expected on client: style="width:1em;height:1em;color:#f4e6b8;"
  Note: this mismatch is check-only. The DOM will not be rectified in production due to performance overhead.
  You should fix the source of the mismatch. 
  at <IconCSS name="ph:arrow-up" class="effect-item__icon" style= {color: #f4e6b8} > 
  at <KratomVariety> 
  at <Index onVnodeUnmounted=fn<onVnodeUnmounted> ref=Ref< undefined > > 
  at <RouteProvider key="/" vnode= {__v_isVNode: true, __v_skip: true, type: Object, props: Object, key: null} route= {fullPath: /, hash: , query: Object, name: index___cs, path: /}  ... > 
  at <RouterView name=undefined route=undefined > 
  at <NuxtPage> 
  at <Body> 
  at <Html lang="cs-CZ" dir="ltr" > 
  at <Landing ref=Ref< undefined > > 
  at <AsyncComponentWrapper ref=Ref< undefined > > 
  at <LayoutLoader key="landing" layoutProps= {ref: RefImpl} name="landing" > 
  at <NuxtLayoutProvider layoutProps= {ref: RefImpl} key="landing" name="landing"  ... > 
  at <NuxtLayout> 
  at <App key=4 > 
  at <NuxtRoot> @ http://localhost:3001/_nuxt/@fs/Users/andrejkoval/Dev/vivadzen/src/front/node_modules/@vue/runtime-core/dist/runtime-core.esm-bundler.js?v=52c0a703:49
[    1620ms] [WARNING] [Vue warn]: Hydration style mismatch on JSHandle@node 
  - rendered on server: style="width:1em;height:1em;color:#f4e6b8;--c613ce94-iconUrl:url('https://api.iconify.design/ph/person-simple-run.svg');"
  - expected on client: style="width:1em;height:1em;color:#f4e6b8;"
  Note: this mismatch is check-only. The DOM will not be rectified in production due to performance overhead.
  You should fix the source of the mismatch. 
  at <IconCSS name="ph:person-simple-run" class="effect-item__icon" style= {color: #f4e6b8} > 
  at <KratomVariety> 
  at <Index onVnodeUnmounted=fn<onVnodeUnmounted> ref=Ref< undefined > > 
  at <RouteProvider key="/" vnode= {__v_isVNode: true, __v_skip: true, type: Object, props: Object, key: null} route= {fullPath: /, hash: , query: Object, name: index___cs, path: /}  ... > 
  at <RouterView name=undefined route=undefined > 
  at <NuxtPage> 
  at <Body> 
  at <Html lang="cs-CZ" dir="ltr" > 
  at <Landing ref=Ref< undefined > > 
  at <AsyncComponentWrapper ref=Ref< undefined > > 
  at <LayoutLoader key="landing" layoutProps= {ref: RefImpl} name="landing" > 
  at <NuxtLayoutProvider layoutProps= {ref: RefImpl} key="landing" name="landing"  ... > 
  at <NuxtLayout> 
  at <App key=4 > 
  at <NuxtRoot> @ http://localhost:3001/_nuxt/@fs/Users/andrejkoval/Dev/vivadzen/src/front/node_modules/@vue/runtime-core/dist/runtime-core.esm-bundler.js?v=52c0a703:49
[    1621ms] [WARNING] [Vue warn]: Hydration style mismatch on JSHandle@node 
  - rendered on server: style="width:1em;height:1em;color:#73c56f;--c613ce94-iconUrl:url('https://api.iconify.design/ph/chats.svg');"
  - expected on client: style="width:1em;height:1em;color:#73c56f;"
  Note: this mismatch is check-only. The DOM will not be rectified in production due to performance overhead.
  You should fix the source of the mismatch. 
  at <IconCSS name="ph:chats" class="effect-item__icon" style= {color: #73c56f} > 
  at <KratomVariety> 
  at <Index onVnodeUnmounted=fn<onVnodeUnmounted> ref=Ref< undefined > > 
  at <RouteProvider key="/" vnode= {__v_isVNode: true, __v_skip: true, type: Object, props: Object, key: null} route= {fullPath: /, hash: , query: Object, name: index___cs, path: /}  ... > 
  at <RouterView name=undefined route=undefined > 
  at <NuxtPage> 
  at <Body> 
  at <Html lang="cs-CZ" dir="ltr" > 
  at <Landing ref=Ref< undefined > > 
  at <AsyncComponentWrapper ref=Ref< undefined > > 
  at <LayoutLoader key="landing" layoutProps= {ref: RefImpl} name="landing" > 
  at <NuxtLayoutProvider layoutProps= {ref: RefImpl} key="landing" name="landing"  ... > 
  at <NuxtLayout> 
  at <App key=4 > 
  at <NuxtRoot> @ http://localhost:3001/_nuxt/@fs/Users/andrejkoval/Dev/vivadzen/src/front/node_modules/@vue/runtime-core/dist/runtime-core.esm-bundler.js?v=52c0a703:49
[    1622ms] [WARNING] [Vue warn]: Hydration style mismatch on JSHandle@node 
  - rendered on server: style="width:1em;height:1em;color:#73c56f;--c613ce94-iconUrl:url('https://api.iconify.design/ph/battery-medium.svg');"
  - expected on client: style="width:1em;height:1em;color:#73c56f;"
  Note: this mismatch is check-only. The DOM will not be rectified in production due to performance overhead.
  You should fix the source of the mismatch. 
  at <IconCSS name="ph:battery-medium" class="effect-item__icon" style= {color: #73c56f} > 
  at <KratomVariety> 
  at <Index onVnodeUnmounted=fn<onVnodeUnmounted> ref=Ref< undefined > > 
  at <RouteProvider key="/" vnode= {__v_isVNode: true, __v_skip: true, type: Object, props: Object, key: null} route= {fullPath: /, hash: , query: Object, name: index___cs, path: /}  ... > 
  at <RouterView name=undefined route=undefined > 
  at <NuxtPage> 
  at <Body> 
  at <Html lang="cs-CZ" dir="ltr" > 
  at <Landing ref=Ref< undefined > > 
  at <AsyncComponentWrapper ref=Ref< undefined > > 
  at <LayoutLoader key="landing" layoutProps= {ref: RefImpl} name="landing" > 
  at <NuxtLayoutProvider layoutProps= {ref: RefImpl} key="landing" name="landing"  ... > 
  at <NuxtLayout> 
  at <App key=4 > 
  at <NuxtRoot> @ http://localhost:3001/_nuxt/@fs/Users/andrejkoval/Dev/vivadzen/src/front/node_modules/@vue/runtime-core/dist/runtime-core.esm-bundler.js?v=52c0a703:49
[    1622ms] [WARNING] [Vue warn]: Hydration style mismatch on JSHandle@node 
  - rendered on server: style="width:1em;height:1em;color:#73c56f;--c613ce94-iconUrl:url('https://api.iconify.design/ph/wind.svg');"
  - expected on client: style="width:1em;height:1em;color:#73c56f;"
  Note: this mismatch is check-only. The DOM will not be rectified in production due to performance overhead.
  You should fix the source of the mismatch. 
  at <IconCSS name="ph:wind" class="effect-item__icon" style= {color: #73c56f} > 
  at <KratomVariety> 
  at <Index onVnodeUnmounted=fn<onVnodeUnmounted> ref=Ref< undefined > > 
  at <RouteProvider key="/" vnode= {__v_isVNode: true, __v_skip: true, type: Object, props: Object, key: null} route= {fullPath: /, hash: , query: Object, name: index___cs, path: /}  ... > 
  at <RouterView name=undefined route=undefined > 
  at <NuxtPage> 
  at <Body> 
  at <Html lang="cs-CZ" dir="ltr" > 
  at <Landing ref=Ref< undefined > > 
  at <AsyncComponentWrapper ref=Ref< undefined > > 
  at <LayoutLoader key="landing" layoutProps= {ref: RefImpl} name="landing" > 
  at <NuxtLayoutProvider layoutProps= {ref: RefImpl} key="landing" name="landing"  ... > 
  at <NuxtLayout> 
  at <App key=4 > 
  at <NuxtRoot> @ http://localhost:3001/_nuxt/@fs/Users/andrejkoval/Dev/vivadzen/src/front/node_modules/@vue/runtime-core/dist/runtime-core.esm-bundler.js?v=52c0a703:49
[    1623ms] [WARNING] [Vue warn]: Hydration style mismatch on JSHandle@node 
  - rendered on server: style="width:1em;height:1em;color:#73c56f;--c613ce94-iconUrl:url('https://api.iconify.design/ph/bandaids.svg');"
  - expected on client: style="width:1em;height:1em;color:#73c56f;"
  Note: this mismatch is check-only. The DOM will not be rectified in production due to performance overhead.
  You should fix the source of the mismatch. 
  at <IconCSS name="ph:bandaids" class="effect-item__icon" style= {color: #73c56f} > 
  at <KratomVariety> 
  at <Index onVnodeUnmounted=fn<onVnodeUnmounted> ref=Ref< undefined > > 
  at <RouteProvider key="/" vnode= {__v_isVNode: true, __v_skip: true, type: Object, props: Object, key: null} route= {fullPath: /, hash: , query: Object, name: index___cs, path: /}  ... > 
  at <RouterView name=undefined route=undefined > 
  at <NuxtPage> 
  at <Body> 
  at <Html lang="cs-CZ" dir="ltr" > 
  at <Landing ref=Ref< undefined > > 
  at <AsyncComponentWrapper ref=Ref< undefined > > 
  at <LayoutLoader key="landing" layoutProps= {ref: RefImpl} name="landing" > 
  at <NuxtLayoutProvider layoutProps= {ref: RefImpl} key="landing" name="landing"  ... > 
  at <NuxtLayout> 
  at <App key=4 > 
  at <NuxtRoot> @ http://localhost:3001/_nuxt/@fs/Users/andrejkoval/Dev/vivadzen/src/front/node_modules/@vue/runtime-core/dist/runtime-core.esm-bundler.js?v=52c0a703:49
[    1623ms] [WARNING] [Vue warn]: Hydration style mismatch on JSHandle@node 
  - rendered on server: style="width:1em;height:1em;color:#d16d3e;--c613ce94-iconUrl:url('https://api.iconify.design/ph/first-aid-kit.svg');"
  - expected on client: style="width:1em;height:1em;color:#d16d3e;"
  Note: this mismatch is check-only. The DOM will not be rectified in production due to performance overhead.
  You should fix the source of the mismatch. 
  at <IconCSS name="ph:first-aid-kit" class="effect-item__icon" style= {color: #d16d3e} > 
  at <KratomVariety> 
  at <Index onVnodeUnmounted=fn<onVnodeUnmounted> ref=Ref< undefined > > 
  at <RouteProvider key="/" vnode= {__v_isVNode: true, __v_skip: true, type: Object, props: Object, key: null} route= {fullPath: /, hash: , query: Object, name: index___cs, path: /}  ... > 
  at <RouterView name=undefined route=undefined > 
  at <NuxtPage> 
  at <Body> 
  at <Html lang="cs-CZ" dir="ltr" > 
  at <Landing ref=Ref< undefined > > 
  at <AsyncComponentWrapper ref=Ref< undefined > > 
  at <LayoutLoader key="landing" layoutProps= {ref: RefImpl} name="landing" > 
  at <NuxtLayoutProvider layoutProps= {ref: RefImpl} key="landing" name="landing"  ... > 
  at <NuxtLayout> 
  at <App key=4 > 
  at <NuxtRoot> @ http://localhost:3001/_nuxt/@fs/Users/andrejkoval/Dev/vivadzen/src/front/node_modules/@vue/runtime-core/dist/runtime-core.esm-bundler.js?v=52c0a703:49
[    1624ms] [WARNING] [Vue warn]: Hydration style mismatch on JSHandle@node 
  - rendered on server: style="width:1em;height:1em;color:#d16d3e;--c613ce94-iconUrl:url('https://api.iconify.design/ph/moon.svg');"
  - expected on client: style="width:1em;height:1em;color:#d16d3e;"
  Note: this mismatch is check-only. The DOM will not be rectified in production due to performance overhead.
  You should fix the source of the mismatch. 
  at <IconCSS name="ph:moon" class="effect-item__icon" style= {color: #d16d3e} > 
  at <KratomVariety> 
  at <Index onVnodeUnmounted=fn<onVnodeUnmounted> ref=Ref< undefined > > 
  at <RouteProvider key="/" vnode= {__v_isVNode: true, __v_skip: true, type: Object, props: Object, key: null} route= {fullPath: /, hash: , query: Object, name: index___cs, path: /}  ... > 
  at <RouterView name=undefined route=undefined > 
  at <NuxtPage> 
  at <Body> 
  at <Html lang="cs-CZ" dir="ltr" > 
  at <Landing ref=Ref< undefined > > 
  at <AsyncComponentWrapper ref=Ref< undefined > > 
  at <LayoutLoader key="landing" layoutProps= {ref: RefImpl} name="landing" > 
  at <NuxtLayoutProvider layoutProps= {ref: RefImpl} key="landing" name="landing"  ... > 
  at <NuxtLayout> 
  at <App key=4 > 
  at <NuxtRoot> @ http://localhost:3001/_nuxt/@fs/Users/andrejkoval/Dev/vivadzen/src/front/node_modules/@vue/runtime-core/dist/runtime-core.esm-bundler.js?v=52c0a703:49
[    1624ms] [WARNING] [Vue warn]: Hydration style mismatch on JSHandle@node 
  - rendered on server: style="width:1em;height:1em;color:#d16d3e;--c613ce94-iconUrl:url('https://api.iconify.design/ph/person-simple-walk.svg');"
  - expected on client: style="width:1em;height:1em;color:#d16d3e;"
  Note: this mismatch is check-only. The DOM will not be rectified in production due to performance overhead.
  You should fix the source of the mismatch. 
  at <IconCSS name="ph:person-simple-walk" class="effect-item__icon" style= {color: #d16d3e} > 
  at <KratomVariety> 
  at <Index onVnodeUnmounted=fn<onVnodeUnmounted> ref=Ref< undefined > > 
  at <RouteProvider key="/" vnode= {__v_isVNode: true, __v_skip: true, type: Object, props: Object, key: null} route= {fullPath: /, hash: , query: Object, name: index___cs, path: /}  ... > 
  at <RouterView name=undefined route=undefined > 
  at <NuxtPage> 
  at <Body> 
  at <Html lang="cs-CZ" dir="ltr" > 
  at <Landing ref=Ref< undefined > > 
  at <AsyncComponentWrapper ref=Ref< undefined > > 
  at <LayoutLoader key="landing" layoutProps= {ref: RefImpl} name="landing" > 
  at <NuxtLayoutProvider layoutProps= {ref: RefImpl} key="landing" name="landing"  ... > 
  at <NuxtLayout> 
  at <App key=4 > 
  at <NuxtRoot> @ http://localhost:3001/_nuxt/@fs/Users/andrejkoval/Dev/vivadzen/src/front/node_modules/@vue/runtime-core/dist/runtime-core.esm-bundler.js?v=52c0a703:49
[    1625ms] [WARNING] [Vue warn]: Hydration style mismatch on JSHandle@node 
  - rendered on server: style="width:1em;height:1em;color:#d16d3e;--c613ce94-iconUrl:url('https://api.iconify.design/ph/shield-check.svg');"
  - expected on client: style="width:1em;height:1em;color:#d16d3e;"
  Note: this mismatch is check-only. The DOM will not be rectified in production due to performance overhead.
  You should fix the source of the mismatch. 
  at <IconCSS name="ph:shield-check" class="effect-item__icon" style= {color: #d16d3e} > 
  at <KratomVariety> 
  at <Index onVnodeUnmounted=fn<onVnodeUnmounted> ref=Ref< undefined > > 
  at <RouteProvider key="/" vnode= {__v_isVNode: true, __v_skip: true, type: Object, props: Object, key: null} route= {fullPath: /, hash: , query: Object, name: index___cs, path: /}  ... > 
  at <RouterView name=undefined route=undefined > 
  at <NuxtPage> 
  at <Body> 
  at <Html lang="cs-CZ" dir="ltr" > 
  at <Landing ref=Ref< undefined > > 
  at <AsyncComponentWrapper ref=Ref< undefined > > 
  at <LayoutLoader key="landing" layoutProps= {ref: RefImpl} name="landing" > 
  at <NuxtLayoutProvider layoutProps= {ref: RefImpl} key="landing" name="landing"  ... > 
  at <NuxtLayout> 
  at <App key=4 > 
  at <NuxtRoot> @ http://localhost:3001/_nuxt/@fs/Users/andrejkoval/Dev/vivadzen/src/front/node_modules/@vue/runtime-core/dist/runtime-core.esm-bundler.js?v=52c0a703:49
[    1625ms] [WARNING] [Vue warn]: Hydration style mismatch on JSHandle@node 
  - rendered on server: style="width:1em;height:1em;color:#dfc157;--c613ce94-iconUrl:url('https://api.iconify.design/ph/smiley.svg');"
  - expected on client: style="width:1em;height:1em;color:#dfc157;"
  Note: this mismatch is check-only. The DOM will not be rectified in production due to performance overhead.
  You should fix the source of the mismatch. 
  at <IconCSS name="ph:smiley" class="effect-item__icon" style= {color: #dfc157} > 
  at <KratomVariety> 
  at <Index onVnodeUnmounted=fn<onVnodeUnmounted> ref=Ref< undefined > > 
  at <RouteProvider key="/" vnode= {__v_isVNode: true, __v_skip: true, type: Object, props: Object, key: null} route= {fullPath: /, hash: , query: Object, name: index___cs, path: /}  ... > 
  at <RouterView name=undefined route=undefined > 
  at <NuxtPage> 
  at <Body> 
  at <Html lang="cs-CZ" dir="ltr" > 
  at <Landing ref=Ref< undefined > > 
  at <AsyncComponentWrapper ref=Ref< undefined > > 
  at <LayoutLoader key="landing" layoutProps= {ref: RefImpl} name="landing" > 
  at <NuxtLayoutProvider layoutProps= {ref: RefImpl} key="landing" name="landing"  ... > 
  at <NuxtLayout> 
  at <App key=4 > 
  at <NuxtRoot> @ http://localhost:3001/_nuxt/@fs/Users/andrejkoval/Dev/vivadzen/src/front/node_modules/@vue/runtime-core/dist/runtime-core.esm-bundler.js?v=52c0a703:49
[    1625ms] [WARNING] [Vue warn]: Hydration style mismatch on JSHandle@node 
  - rendered on server: style="width:1em;height:1em;color:#dfc157;--c613ce94-iconUrl:url('https://api.iconify.design/ph/hand-heart.svg');"
  - expected on client: style="width:1em;height:1em;color:#dfc157;"
  Note: this mismatch is check-only. The DOM will not be rectified in production due to performance overhead.
  You should fix the source of the mismatch. 
  at <IconCSS name="ph:hand-heart" class="effect-item__icon" style= {color: #dfc157} > 
  at <KratomVariety> 
  at <Index onVnodeUnmounted=fn<onVnodeUnmounted> ref=Ref< undefined > > 
  at <RouteProvider key="/" vnode= {__v_isVNode: true, __v_skip: true, type: Object, props: Object, key: null} route= {fullPath: /, hash: , query: Object, name: index___cs, path: /}  ... > 
  at <RouterView name=undefined route=undefined > 
  at <NuxtPage> 
  at <Body> 
  at <Html lang="cs-CZ" dir="ltr" > 
  at <Landing ref=Ref< undefined > > 
  at <AsyncComponentWrapper ref=Ref< undefined > > 
  at <LayoutLoader key="landing" layoutProps= {ref: RefImpl} name="landing" > 
  at <NuxtLayoutProvider layoutProps= {ref: RefImpl} key="landing" name="landing"  ... > 
  at <NuxtLayout> 
  at <App key=4 > 
  at <NuxtRoot> @ http://localhost:3001/_nuxt/@fs/Users/andrejkoval/Dev/vivadzen/src/front/node_modules/@vue/runtime-core/dist/runtime-core.esm-bundler.js?v=52c0a703:49
[    1625ms] [WARNING] [Vue warn]: Hydration style mismatch on JSHandle@node 
  - rendered on server: style="width:1em;height:1em;color:#dfc157;--c613ce94-iconUrl:url('https://api.iconify.design/ph/heart.svg');"
  - expected on client: style="width:1em;height:1em;color:#dfc157;"
  Note: this mismatch is check-only. The DOM will not be rectified in production due to performance overhead.
  You should fix the source of the mismatch. 
  at <IconCSS name="ph:heart" class="effect-item__icon" style= {color: #dfc157} > 
  at <KratomVariety> 
  at <Index onVnodeUnmounted=fn<onVnodeUnmounted> ref=Ref< undefined > > 
  at <RouteProvider key="/" vnode= {__v_isVNode: true, __v_skip: true, type: Object, props: Object, key: null} route= {fullPath: /, hash: , query: Object, name: index___cs, path: /}  ... > 
  at <RouterView name=undefined route=undefined > 
  at <NuxtPage> 
  at <Body> 
  at <Html lang="cs-CZ" dir="ltr" > 
  at <Landing ref=Ref< undefined > > 
  at <AsyncComponentWrapper ref=Ref< undefined > > 
  at <LayoutLoader key="landing" layoutProps= {ref: RefImpl} name="landing" > 
  at <NuxtLayoutProvider layoutProps= {ref: RefImpl} key="landing" name="landing"  ... > 
  at <NuxtLayout> 
  at <App key=4 > 
  at <NuxtRoot> @ http://localhost:3001/_nuxt/@fs/Users/andrejkoval/Dev/vivadzen/src/front/node_modules/@vue/runtime-core/dist/runtime-core.esm-bundler.js?v=52c0a703:49
[    1626ms] [WARNING] [Vue warn]: Hydration style mismatch on JSHandle@node 
  - rendered on server: style="width:1em;height:1em;color:#dfc157;--c613ce94-iconUrl:url('https://api.iconify.design/ph/leaf.svg');"
  - expected on client: style="width:1em;height:1em;color:#dfc157;"
  Note: this mismatch is check-only. The DOM will not be rectified in production due to performance overhead.
  You should fix the source of the mismatch. 
  at <IconCSS name="ph:leaf" class="effect-item__icon" style= {color: #dfc157} > 
  at <KratomVariety> 
  at <Index onVnodeUnmounted=fn<onVnodeUnmounted> ref=Ref< undefined > > 
  at <RouteProvider key="/" vnode= {__v_isVNode: true, __v_skip: true, type: Object, props: Object, key: null} route= {fullPath: /, hash: , query: Object, name: index___cs, path: /}  ... > 
  at <RouterView name=undefined route=undefined > 
  at <NuxtPage> 
  at <Body> 
  at <Html lang="cs-CZ" dir="ltr" > 
  at <Landing ref=Ref< undefined > > 
  at <AsyncComponentWrapper ref=Ref< undefined > > 
  at <LayoutLoader key="landing" layoutProps= {ref: RefImpl} name="landing" > 
  at <NuxtLayoutProvider layoutProps= {ref: RefImpl} key="landing" name="landing"  ... > 
  at <NuxtLayout> 
  at <App key=4 > 
  at <NuxtRoot> @ http://localhost:3001/_nuxt/@fs/Users/andrejkoval/Dev/vivadzen/src/front/node_modules/@vue/runtime-core/dist/runtime-core.esm-bundler.js?v=52c0a703:49
[    1633ms] [WARNING] [Vue warn]: Hydration style mismatch on JSHandle@node 
  - rendered on server: style="width:1em;height:1em;--c613ce94-iconUrl:url('https://api.iconify.design/pepicons-pop/info.svg');"
  - expected on client: style="width:1em;height:1em;"
  Note: this mismatch is check-only. The DOM will not be rectified in production due to performance overhead.
  You should fix the source of the mismatch. 
  at <IconCSS name="pepicons-pop:info" > 
  at <InfoHint key=0 text="Odměňujeme vaši aktivitu: za recenze a psaní článků připisujeme Viva, které můžete využít v obchodě." > 
  at <ReferralBonus> 
  at <Index onVnodeUnmounted=fn<onVnodeUnmounted> ref=Ref< undefined > > 
  at <RouteProvider key="/" vnode= {__v_isVNode: true, __v_skip: true, type: Object, props: Object, key: null} route= {fullPath: /, hash: , query: Object, name: index___cs, path: /}  ... > 
  at <RouterView name=undefined route=undefined > 
  at <NuxtPage> 
  at <Body> 
  at <Html lang="cs-CZ" dir="ltr" > 
  at <Landing ref=Ref< undefined > > 
  at <AsyncComponentWrapper ref=Ref< undefined > > 
  at <LayoutLoader key="landing" layoutProps= {ref: RefImpl} name="landing" > 
  at <NuxtLayoutProvider layoutProps= {ref: RefImpl} key="landing" name="landing"  ... > 
  at <NuxtLayout> 
  at <App key=4 > 
  at <NuxtRoot> @ http://localhost:3001/_nuxt/@fs/Users/andrejkoval/Dev/vivadzen/src/front/node_modules/@vue/runtime-core/dist/runtime-core.esm-bundler.js?v=52c0a703:49
[    1635ms] [WARNING] [Vue warn]: Hydration style mismatch on JSHandle@node 
  - rendered on server: style="width:1em;height:1em;--c613ce94-iconUrl:url('https://api.iconify.design/iconoir/phone.svg');"
  - expected on client: style="width:1em;height:1em;"
  Note: this mismatch is check-only. The DOM will not be rectified in production due to performance overhead.
  You should fix the source of the mismatch. 
  at <IconCSS name="iconoir:phone" > 
  at <Contacts> 
  at <Index onVnodeUnmounted=fn<onVnodeUnmounted> ref=Ref< undefined > > 
  at <RouteProvider key="/" vnode= {__v_isVNode: true, __v_skip: true, type: Object, props: Object, key: null} route= {fullPath: /, hash: , query: Object, name: index___cs, path: /}  ... > 
  at <RouterView name=undefined route=undefined > 
  at <NuxtPage> 
  at <Body> 
  at <Html lang="cs-CZ" dir="ltr" > 
  at <Landing ref=Ref< undefined > > 
  at <AsyncComponentWrapper ref=Ref< undefined > > 
  at <LayoutLoader key="landing" layoutProps= {ref: RefImpl} name="landing" > 
  at <NuxtLayoutProvider layoutProps= {ref: RefImpl} key="landing" name="landing"  ... > 
  at <NuxtLayout> 
  at <App key=4 > 
  at <NuxtRoot> @ http://localhost:3001/_nuxt/@fs/Users/andrejkoval/Dev/vivadzen/src/front/node_modules/@vue/runtime-core/dist/runtime-core.esm-bundler.js?v=52c0a703:49
[    1635ms] [WARNING] [Vue warn]: Hydration style mismatch on JSHandle@node 
  - rendered on server: style="width:1em;height:1em;--c613ce94-iconUrl:url('https://api.iconify.design/iconoir/mail.svg');"
  - expected on client: style="width:1em;height:1em;"
  Note: this mismatch is check-only. The DOM will not be rectified in production due to performance overhead.
  You should fix the source of the mismatch. 
  at <IconCSS name="iconoir:mail" > 
  at <Contacts> 
  at <Index onVnodeUnmounted=fn<onVnodeUnmounted> ref=Ref< undefined > > 
  at <RouteProvider key="/" vnode= {__v_isVNode: true, __v_skip: true, type: Object, props: Object, key: null} route= {fullPath: /, hash: , query: Object, name: index___cs, path: /}  ... > 
  at <RouterView name=undefined route=undefined > 
  at <NuxtPage> 
  at <Body> 
  at <Html lang="cs-CZ" dir="ltr" > 
  at <Landing ref=Ref< undefined > > 
  at <AsyncComponentWrapper ref=Ref< undefined > > 
  at <LayoutLoader key="landing" layoutProps= {ref: RefImpl} name="landing" > 
  at <NuxtLayoutProvider layoutProps= {ref: RefImpl} key="landing" name="landing"  ... > 
  at <NuxtLayout> 
  at <App key=4 > 
  at <NuxtRoot> @ http://localhost:3001/_nuxt/@fs/Users/andrejkoval/Dev/vivadzen/src/front/node_modules/@vue/runtime-core/dist/runtime-core.esm-bundler.js?v=52c0a703:49
[    1639ms] [WARNING] [intlify] Not found 'label.messengers' key in 'cs' locale messages. @ http://localhost:3001/_nuxt/node_modules/.cache/vite/client/deps/chunk-LY4OWT6B.js?v=52c0a703:3
[    1640ms] [WARNING] [intlify] Fall back to translate 'label.messengers' with root locale. @ http://localhost:3001/_nuxt/node_modules/.cache/vite/client/deps/chunk-LY4OWT6B.js?v=52c0a703:3
[    1641ms] [WARNING] [intlify] Not found 'label.social_networks' key in 'cs' locale messages. @ http://localhost:3001/_nuxt/node_modules/.cache/vite/client/deps/chunk-LY4OWT6B.js?v=52c0a703:3
[    1641ms] [WARNING] [intlify] Fall back to translate 'label.social_networks' with root locale. @ http://localhost:3001/_nuxt/node_modules/.cache/vite/client/deps/chunk-LY4OWT6B.js?v=52c0a703:3
[    1641ms] [WARNING] [intlify] Not found 'title.age_verification' key in 'cs' locale messages. @ http://localhost:3001/_nuxt/node_modules/.cache/vite/client/deps/chunk-LY4OWT6B.js?v=52c0a703:3
[    1641ms] [WARNING] [intlify] Fall back to translate 'title.age_verification' with root locale. @ http://localhost:3001/_nuxt/node_modules/.cache/vite/client/deps/chunk-LY4OWT6B.js?v=52c0a703:3
[    1642ms] [WARNING] [intlify] Not found 'title.reviews' key in 'cs' locale messages. @ http://localhost:3001/_nuxt/node_modules/.cache/vite/client/deps/chunk-LY4OWT6B.js?v=52c0a703:3
[    1642ms] [WARNING] [intlify] Fall back to translate 'title.reviews' with root locale. @ http://localhost:3001/_nuxt/node_modules/.cache/vite/client/deps/chunk-LY4OWT6B.js?v=52c0a703:3
[    1642ms] [WARNING] [Vue warn]: Hydration style mismatch on JSHandle@node 
  - rendered on server: style="width:1em;height:1em;--c613ce94-iconUrl:url('https://api.iconify.design/ph/telegram-logo.svg');"
  - expected on client: style="width:1em;height:1em;"
  Note: this mismatch is check-only. The DOM will not be rectified in production due to performance overhead.
  You should fix the source of the mismatch. 
  at <IconCSS name="ph:telegram-logo" class="social-link__icon" > 
  at <Welcome> 
  at <Index onVnodeUnmounted=fn<onVnodeUnmounted> ref=Ref< undefined > > 
  at <RouteProvider key="/" vnode= {__v_isVNode: true, __v_skip: true, type: Object, props: Object, key: null} route= {fullPath: /, hash: , query: Object, name: index___cs, path: /}  ... > 
  at <RouterView name=undefined route=undefined > 
  at <NuxtPage> 
  at <Body> 
  at <Html lang="cs-CZ" dir="ltr" > 
  at <Landing ref=Ref< undefined > > 
  at <AsyncComponentWrapper ref=Ref< undefined > > 
  at <LayoutLoader key="landing" layoutProps= {ref: RefImpl} name="landing" > 
  at <NuxtLayoutProvider layoutProps= {ref: RefImpl} key="landing" name="landing"  ... > 
  at <NuxtLayout> 
  at <App key=4 > 
  at <NuxtRoot> @ http://localhost:3001/_nuxt/@fs/Users/andrejkoval/Dev/vivadzen/src/front/node_modules/@vue/runtime-core/dist/runtime-core.esm-bundler.js?v=52c0a703:49
[    1643ms] [WARNING] [Vue warn]: Hydration style mismatch on JSHandle@node 
  - rendered on server: style="width:1em;height:1em;--c613ce94-iconUrl:url('https://api.iconify.design/ph/whatsapp-logo.svg');"
  - expected on client: style="width:1em;height:1em;"
  Note: this mismatch is check-only. The DOM will not be rectified in production due to performance overhead.
  You should fix the source of the mismatch. 
  at <IconCSS name="ph:whatsapp-logo" class="social-link__icon" > 
  at <Welcome> 
  at <Index onVnodeUnmounted=fn<onVnodeUnmounted> ref=Ref< undefined > > 
  at <RouteProvider key="/" vnode= {__v_isVNode: true, __v_skip: true, type: Object, props: Object, key: null} route= {fullPath: /, hash: , query: Object, name: index___cs, path: /}  ... > 
  at <RouterView name=undefined route=undefined > 
  at <NuxtPage> 
  at <Body> 
  at <Html lang="cs-CZ" dir="ltr" > 
  at <Landing ref=Ref< undefined > > 
  at <AsyncComponentWrapper ref=Ref< undefined > > 
  at <LayoutLoader key="landing" layoutProps= {ref: RefImpl} name="landing" > 
  at <NuxtLayoutProvider layoutProps= {ref: RefImpl} key="landing" name="landing"  ... > 
  at <NuxtLayout> 
  at <App key=4 > 
  at <NuxtRoot> @ http://localhost:3001/_nuxt/@fs/Users/andrejkoval/Dev/vivadzen/src/front/node_modules/@vue/runtime-core/dist/runtime-core.esm-bundler.js?v=52c0a703:49
[    1643ms] [WARNING] [Vue warn]: Hydration style mismatch on JSHandle@node 
  - rendered on server: style="width:1em;height:1em;--c613ce94-iconUrl:url('https://api.iconify.design/iconoir/instagram.svg');"
  - expected on client: style="width:1em;height:1em;"
  Note: this mismatch is check-only. The DOM will not be rectified in production due to performance overhead.
  You should fix the source of the mismatch. 
  at <IconCSS name="iconoir:instagram" class="social-link__icon" > 
  at <Welcome> 
  at <Index onVnodeUnmounted=fn<onVnodeUnmounted> ref=Ref< undefined > > 
  at <RouteProvider key="/" vnode= {__v_isVNode: true, __v_skip: true, type: Object, props: Object, key: null} route= {fullPath: /, hash: , query: Object, name: index___cs, path: /}  ... > 
  at <RouterView name=undefined route=undefined > 
  at <NuxtPage> 
  at <Body> 
  at <Html lang="cs-CZ" dir="ltr" > 
  at <Landing ref=Ref< undefined > > 
  at <AsyncComponentWrapper ref=Ref< undefined > > 
  at <LayoutLoader key="landing" layoutProps= {ref: RefImpl} name="landing" > 
  at <NuxtLayoutProvider layoutProps= {ref: RefImpl} key="landing" name="landing"  ... > 
  at <NuxtLayout> 
  at <App key=4 > 
  at <NuxtRoot> @ http://localhost:3001/_nuxt/@fs/Users/andrejkoval/Dev/vivadzen/src/front/node_modules/@vue/runtime-core/dist/runtime-core.esm-bundler.js?v=52c0a703:49
[    1643ms] [WARNING] [Vue warn]: Hydration style mismatch on JSHandle@node 
  - rendered on server: style="width:1em;height:1em;--c613ce94-iconUrl:url('https://api.iconify.design/iconoir/facebook.svg');"
  - expected on client: style="width:1em;height:1em;"
  Note: this mismatch is check-only. The DOM will not be rectified in production due to performance overhead.
  You should fix the source of the mismatch. 
  at <IconCSS name="iconoir:facebook" class="social-link__icon" > 
  at <Welcome> 
  at <Index onVnodeUnmounted=fn<onVnodeUnmounted> ref=Ref< undefined > > 
  at <RouteProvider key="/" vnode= {__v_isVNode: true, __v_skip: true, type: Object, props: Object, key: null} route= {fullPath: /, hash: , query: Object, name: index___cs, path: /}  ... > 
  at <RouterView name=undefined route=undefined > 
  at <NuxtPage> 
  at <Body> 
  at <Html lang="cs-CZ" dir="ltr" > 
  at <Landing ref=Ref< undefined > > 
  at <AsyncComponentWrapper ref=Ref< undefined > > 
  at <LayoutLoader key="landing" layoutProps= {ref: RefImpl} name="landing" > 
  at <NuxtLayoutProvider layoutProps= {ref: RefImpl} key="landing" name="landing"  ... > 
  at <NuxtLayout> 
  at <App key=4 > 
  at <NuxtRoot> @ http://localhost:3001/_nuxt/@fs/Users/andrejkoval/Dev/vivadzen/src/front/node_modules/@vue/runtime-core/dist/runtime-core.esm-bundler.js?v=52c0a703:49
[    1643ms] [WARNING] [Vue warn]: Hydration style mismatch on JSHandle@node 
  - rendered on server: style="width:1em;height:1em;--c613ce94-iconUrl:url('https://api.iconify.design/iconoir/youtube.svg');"
  - expected on client: style="width:1em;height:1em;"
  Note: this mismatch is check-only. The DOM will not be rectified in production due to performance overhead.
  You should fix the source of the mismatch. 
  at <IconCSS name="iconoir:youtube" class="social-link__icon" > 
  at <Welcome> 
  at <Index onVnodeUnmounted=fn<onVnodeUnmounted> ref=Ref< undefined > > 
  at <RouteProvider key="/" vnode= {__v_isVNode: true, __v_skip: true, type: Object, props: Object, key: null} route= {fullPath: /, hash: , query: Object, name: index___cs, path: /}  ... > 
  at <RouterView name=undefined route=undefined > 
  at <NuxtPage> 
  at <Body> 
  at <Html lang="cs-CZ" dir="ltr" > 
  at <Landing ref=Ref< undefined > > 
  at <AsyncComponentWrapper ref=Ref< undefined > > 
  at <LayoutLoader key="landing" layoutProps= {ref: RefImpl} name="landing" > 
  at <NuxtLayoutProvider layoutProps= {ref: RefImpl} key="landing" name="landing"  ... > 
  at <NuxtLayout> 
  at <App key=4 > 
  at <NuxtRoot> @ http://localhost:3001/_nuxt/@fs/Users/andrejkoval/Dev/vivadzen/src/front/node_modules/@vue/runtime-core/dist/runtime-core.esm-bundler.js?v=52c0a703:49
[    1644ms] [WARNING] [Vue warn]: Hydration style mismatch on JSHandle@node 
  - rendered on server: style="width:1em;height:1em;--c613ce94-iconUrl:url('https://api.iconify.design/ph/arrow-up-bold.svg');"
  - expected on client: style="width:1em;height:1em;"
  Note: this mismatch is check-only. The DOM will not be rectified in production due to performance overhead.
  You should fix the source of the mismatch. 
  at <IconCSS name="ph:arrow-up-bold" class="scroll-top-button__icon" > 
  at <ScrollToTopButton> 
  at <FloatingButtons> 
  at <Body> 
  at <Html lang="cs-CZ" dir="ltr" > 
  at <Landing ref=Ref< undefined > > 
  at <AsyncComponentWrapper ref=Ref< undefined > > 
  at <LayoutLoader key="landing" layoutProps= {ref: RefImpl} name="landing" > 
  at <NuxtLayoutProvider layoutProps= {ref: RefImpl} key="landing" name="landing"  ... > 
  at <NuxtLayout> 
  at <App key=4 > 
  at <NuxtRoot> @ http://localhost:3001/_nuxt/@fs/Users/andrejkoval/Dev/vivadzen/src/front/node_modules/@vue/runtime-core/dist/runtime-core.esm-bundler.js?v=52c0a703:49
[    1644ms] [WARNING] [Vue warn]: Hydration style mismatch on JSHandle@node 
  - rendered on server: style="width:1em;height:1em;--c613ce94-iconUrl:url('https://api.iconify.design/ph/chat-circle-dots-fill.svg');"
  - expected on client: style="width:1em;height:1em;"
  Note: this mismatch is check-only. The DOM will not be rectified in production due to performance overhead.
  You should fix the source of the mismatch. 
  at <IconCSS name="ph:chat-circle-dots-fill" class="chat-support-button__icon" > 
  at <ChatSupportButton> 
  at <FloatingButtons> 
  at <Body> 
  at <Html lang="cs-CZ" dir="ltr" > 
  at <Landing ref=Ref< undefined > > 
  at <AsyncComponentWrapper ref=Ref< undefined > > 
  at <LayoutLoader key="landing" layoutProps= {ref: RefImpl} name="landing" > 
  at <NuxtLayoutProvider layoutProps= {ref: RefImpl} key="landing" name="landing"  ... > 
  at <NuxtLayout> 
  at <App key=4 > 
  at <NuxtRoot> @ http://localhost:3001/_nuxt/@fs/Users/andrejkoval/Dev/vivadzen/src/front/node_modules/@vue/runtime-core/dist/runtime-core.esm-bundler.js?v=52c0a703:49
[    1647ms] [WARNING] [Vue warn]: Hydration style mismatch on JSHandle@node 
  - rendered on server: style="width:1em;height:1em;--c613ce94-iconUrl:url('https://api.iconify.design/ph/telegram-logo.svg');"
  - expected on client: style="width:1em;height:1em;"
  Note: this mismatch is check-only. The DOM will not be rectified in production due to performance overhead.
  You should fix the source of the mismatch. 
  at <IconCSS name="ph:telegram-logo" > 
  at <SiteFooter> 
  at <Body> 
  at <Html lang="cs-CZ" dir="ltr" > 
  at <Landing ref=Ref< undefined > > 
  at <AsyncComponentWrapper ref=Ref< undefined > > 
  at <LayoutLoader key="landing" layoutProps= {ref: RefImpl} name="landing" > 
  at <NuxtLayoutProvider layoutProps= {ref: RefImpl} key="landing" name="landing"  ... > 
  at <NuxtLayout> 
  at <App key=4 > 
  at <NuxtRoot> @ http://localhost:3001/_nuxt/@fs/Users/andrejkoval/Dev/vivadzen/src/front/node_modules/@vue/runtime-core/dist/runtime-core.esm-bundler.js?v=52c0a703:49
[    1647ms] [WARNING] [Vue warn]: Hydration style mismatch on JSHandle@node 
  - rendered on server: style="width:1em;height:1em;--c613ce94-iconUrl:url('https://api.iconify.design/ph/whatsapp-logo.svg');"
  - expected on client: style="width:1em;height:1em;"
  Note: this mismatch is check-only. The DOM will not be rectified in production due to performance overhead.
  You should fix the source of the mismatch. 
  at <IconCSS name="ph:whatsapp-logo" > 
  at <SiteFooter> 
  at <Body> 
  at <Html lang="cs-CZ" dir="ltr" > 
  at <Landing ref=Ref< undefined > > 
  at <AsyncComponentWrapper ref=Ref< undefined > > 
  at <LayoutLoader key="landing" layoutProps= {ref: RefImpl} name="landing" > 
  at <NuxtLayoutProvider layoutProps= {ref: RefImpl} key="landing" name="landing"  ... > 
  at <NuxtLayout> 
  at <App key=4 > 
  at <NuxtRoot> @ http://localhost:3001/_nuxt/@fs/Users/andrejkoval/Dev/vivadzen/src/front/node_modules/@vue/runtime-core/dist/runtime-core.esm-bundler.js?v=52c0a703:49
[    1647ms] [WARNING] [Vue warn]: Hydration style mismatch on JSHandle@node 
  - rendered on server: style="width:1em;height:1em;--c613ce94-iconUrl:url('https://api.iconify.design/iconoir/instagram.svg');"
  - expected on client: style="width:1em;height:1em;"
  Note: this mismatch is check-only. The DOM will not be rectified in production due to performance overhead.
  You should fix the source of the mismatch. 
  at <IconCSS name="iconoir:instagram" > 
  at <SiteFooter> 
  at <Body> 
  at <Html lang="cs-CZ" dir="ltr" > 
  at <Landing ref=Ref< undefined > > 
  at <AsyncComponentWrapper ref=Ref< undefined > > 
  at <LayoutLoader key="landing" layoutProps= {ref: RefImpl} name="landing" > 
  at <NuxtLayoutProvider layoutProps= {ref: RefImpl} key="landing" name="landing"  ... > 
  at <NuxtLayout> 
  at <App key=4 > 
  at <NuxtRoot> @ http://localhost:3001/_nuxt/@fs/Users/andrejkoval/Dev/vivadzen/src/front/node_modules/@vue/runtime-core/dist/runtime-core.esm-bundler.js?v=52c0a703:49
[    1647ms] [WARNING] [Vue warn]: Hydration style mismatch on JSHandle@node 
  - rendered on server: style="width:1em;height:1em;--c613ce94-iconUrl:url('https://api.iconify.design/iconoir/facebook.svg');"
  - expected on client: style="width:1em;height:1em;"
  Note: this mismatch is check-only. The DOM will not be rectified in production due to performance overhead.
  You should fix the source of the mismatch. 
  at <IconCSS name="iconoir:facebook" > 
  at <SiteFooter> 
  at <Body> 
  at <Html lang="cs-CZ" dir="ltr" > 
  at <Landing ref=Ref< undefined > > 
  at <AsyncComponentWrapper ref=Ref< undefined > > 
  at <LayoutLoader key="landing" layoutProps= {ref: RefImpl} name="landing" > 
  at <NuxtLayoutProvider layoutProps= {ref: RefImpl} key="landing" name="landing"  ... > 
  at <NuxtLayout> 
  at <App key=4 > 
  at <NuxtRoot> @ http://localhost:3001/_nuxt/@fs/Users/andrejkoval/Dev/vivadzen/src/front/node_modules/@vue/runtime-core/dist/runtime-core.esm-bundler.js?v=52c0a703:49
[    1647ms] [WARNING] [Vue warn]: Hydration style mismatch on JSHandle@node 
  - rendered on server: style="width:1em;height:1em;--c613ce94-iconUrl:url('https://api.iconify.design/iconoir/youtube.svg');"
  - expected on client: style="width:1em;height:1em;"
  Note: this mismatch is check-only. The DOM will not be rectified in production due to performance overhead.
  You should fix the source of the mismatch. 
  at <IconCSS name="iconoir:youtube" > 
  at <SiteFooter> 
  at <Body> 
  at <Html lang="cs-CZ" dir="ltr" > 
  at <Landing ref=Ref< undefined > > 
  at <AsyncComponentWrapper ref=Ref< undefined > > 
  at <LayoutLoader key="landing" layoutProps= {ref: RefImpl} name="landing" > 
  at <NuxtLayoutProvider layoutProps= {ref: RefImpl} key="landing" name="landing"  ... > 
  at <NuxtLayout> 
  at <App key=4 > 
  at <NuxtRoot> @ http://localhost:3001/_nuxt/@fs/Users/andrejkoval/Dev/vivadzen/src/front/node_modules/@vue/runtime-core/dist/runtime-core.esm-bundler.js?v=52c0a703:49
[    1660ms] [WARNING] [intlify] Not found 'currency' key in 'cs' locale messages. @ http://localhost:3001/_nuxt/node_modules/.cache/vite/client/deps/chunk-LY4OWT6B.js?v=52c0a703:3
[    1661ms] [WARNING] [intlify] Fall back to number format 'currency' with root locale. @ http://localhost:3001/_nuxt/node_modules/.cache/vite/client/deps/chunk-LY4OWT6B.js?v=52c0a703:3
[    1663ms] [WARNING] [intlify] Not found 'currency' key in 'cs' locale messages. @ http://localhost:3001/_nuxt/node_modules/.cache/vite/client/deps/chunk-LY4OWT6B.js?v=52c0a703:3
[    1664ms] [WARNING] [intlify] Fall back to number format 'currency' with root locale. @ http://localhost:3001/_nuxt/node_modules/.cache/vite/client/deps/chunk-LY4OWT6B.js?v=52c0a703:3
[    1664ms] [WARNING] [Vue warn]: Hydration style mismatch on JSHandle@node 
  - rendered on server: style="width:1em;height:1em;--c613ce94-iconUrl:url('https://api.iconify.design/ci/shopping-cart-01.svg');"
  - expected on client: style="width:1em;height:1em;"
  Note: this mismatch is check-only. The DOM will not be rectified in production due to performance overhead.
  You should fix the source of the mismatch. 
  at <IconCSS name="ci:shopping-cart-01" class="kratom-product-card__action-icon" > 
  at <ProductCard key=24459 product= {id: 24459, name: Zelený Rurut Nano kratom prášek, slug: zeleny-rurut-nano-kratom-prasek-25g, price: 140.00, old_price: null} > 
  at <ProductGrid> 
  at <Index onVnodeUnmounted=fn<onVnodeUnmounted> ref=Ref< undefined > > 
  at <RouteProvider key="/" vnode= {__v_isVNode: true, __v_skip: true, type: Object, props: Object, key: null} route= {fullPath: /, hash: , query: Object, name: index___cs, path: /}  ... > 
  at <RouterView name=undefined route=undefined > 
  at <NuxtPage> 
  at <Body> 
  at <Html lang="cs-CZ" dir="ltr" > 
  at <Landing ref=Ref< undefined > > 
  at <AsyncComponentWrapper ref=Ref< undefined > > 
  at <LayoutLoader key="landing" layoutProps= {ref: RefImpl} name="landing" > 
  at <NuxtLayoutProvider layoutProps= {ref: RefImpl} key="landing" name="landing"  ... > 
  at <NuxtLayout> 
  at <App key=4 > 
  at <NuxtRoot> @ http://localhost:3001/_nuxt/@fs/Users/andrejkoval/Dev/vivadzen/src/front/node_modules/@vue/runtime-core/dist/runtime-core.esm-bundler.js?v=52c0a703:49
[    1666ms] [WARNING] [intlify] Not found 'currency' key in 'cs' locale messages. @ http://localhost:3001/_nuxt/node_modules/.cache/vite/client/deps/chunk-LY4OWT6B.js?v=52c0a703:3
[    1666ms] [WARNING] [intlify] Fall back to number format 'currency' with root locale. @ http://localhost:3001/_nuxt/node_modules/.cache/vite/client/deps/chunk-LY4OWT6B.js?v=52c0a703:3
[    1668ms] [WARNING] [intlify] Not found 'currency' key in 'cs' locale messages. @ http://localhost:3001/_nuxt/node_modules/.cache/vite/client/deps/chunk-LY4OWT6B.js?v=52c0a703:3
[    1668ms] [WARNING] [intlify] Fall back to number format 'currency' with root locale. @ http://localhost:3001/_nuxt/node_modules/.cache/vite/client/deps/chunk-LY4OWT6B.js?v=52c0a703:3
[    1668ms] [WARNING] [Vue warn]: Hydration style mismatch on JSHandle@node 
  - rendered on server: style="width:1em;height:1em;--c613ce94-iconUrl:url('https://api.iconify.design/ci/shopping-cart-01.svg');"
  - expected on client: style="width:1em;height:1em;"
  Note: this mismatch is check-only. The DOM will not be rectified in production due to performance overhead.
  You should fix the source of the mismatch. 
  at <IconCSS name="ci:shopping-cart-01" class="kratom-product-card__action-icon" > 
  at <ProductCard key=24458 product= {id: 24458, name: Bílá Maeng Da Kratom prášek, slug: bila-maeng-da-kratom-prasek-25g, price: 130.00, old_price: null} > 
  at <ProductGrid> 
  at <Index onVnodeUnmounted=fn<onVnodeUnmounted> ref=Ref< undefined > > 
  at <RouteProvider key="/" vnode= {__v_isVNode: true, __v_skip: true, type: Object, props: Object, key: null} route= {fullPath: /, hash: , query: Object, name: index___cs, path: /}  ... > 
  at <RouterView name=undefined route=undefined > 
  at <NuxtPage> 
  at <Body> 
  at <Html lang="cs-CZ" dir="ltr" > 
  at <Landing ref=Ref< undefined > > 
  at <AsyncComponentWrapper ref=Ref< undefined > > 
  at <LayoutLoader key="landing" layoutProps= {ref: RefImpl} name="landing" > 
  at <NuxtLayoutProvider layoutProps= {ref: RefImpl} key="landing" name="landing"  ... > 
  at <NuxtLayout> 
  at <App key=4 > 
  at <NuxtRoot> @ http://localhost:3001/_nuxt/@fs/Users/andrejkoval/Dev/vivadzen/src/front/node_modules/@vue/runtime-core/dist/runtime-core.esm-bundler.js?v=52c0a703:49
[    1670ms] [WARNING] [intlify] Not found 'currency' key in 'cs' locale messages. @ http://localhost:3001/_nuxt/node_modules/.cache/vite/client/deps/chunk-LY4OWT6B.js?v=52c0a703:3
[    1670ms] [WARNING] [intlify] Fall back to number format 'currency' with root locale. @ http://localhost:3001/_nuxt/node_modules/.cache/vite/client/deps/chunk-LY4OWT6B.js?v=52c0a703:3
[    1670ms] [WARNING] [intlify] Not found 'currency' key in 'cs' locale messages. @ http://localhost:3001/_nuxt/node_modules/.cache/vite/client/deps/chunk-LY4OWT6B.js?v=52c0a703:3
[    1670ms] [WARNING] [intlify] Fall back to number format 'currency' with root locale. @ http://localhost:3001/_nuxt/node_modules/.cache/vite/client/deps/chunk-LY4OWT6B.js?v=52c0a703:3
[    1671ms] [WARNING] [Vue warn]: Hydration style mismatch on JSHandle@node 
  - rendered on server: style="width:1em;height:1em;--c613ce94-iconUrl:url('https://api.iconify.design/ci/shopping-cart-01.svg');"
  - expected on client: style="width:1em;height:1em;"
  Note: this mismatch is check-only. The DOM will not be rectified in production due to performance overhead.
  You should fix the source of the mismatch. 
  at <IconCSS name="ci:shopping-cart-01" class="kratom-product-card__action-icon" > 
  at <ProductCard key=24457 product= {id: 24457, name: Bílý slon Kratom prášek, slug: bily-slon-kratom-prasek-25g, price: 140.00, old_price: null} > 
  at <ProductGrid> 
  at <Index onVnodeUnmounted=fn<onVnodeUnmounted> ref=Ref< undefined > > 
  at <RouteProvider key="/" vnode= {__v_isVNode: true, __v_skip: true, type: Object, props: Object, key: null} route= {fullPath: /, hash: , query: Object, name: index___cs, path: /}  ... > 
  at <RouterView name=undefined route=undefined > 
  at <NuxtPage> 
  at <Body> 
  at <Html lang="cs-CZ" dir="ltr" > 
  at <Landing ref=Ref< undefined > > 
  at <AsyncComponentWrapper ref=Ref< undefined > > 
  at <LayoutLoader key="landing" layoutProps= {ref: RefImpl} name="landing" > 
  at <NuxtLayoutProvider layoutProps= {ref: RefImpl} key="landing" name="landing"  ... > 
  at <NuxtLayout> 
  at <App key=4 > 
  at <NuxtRoot> @ http://localhost:3001/_nuxt/@fs/Users/andrejkoval/Dev/vivadzen/src/front/node_modules/@vue/runtime-core/dist/runtime-core.esm-bundler.js?v=52c0a703:49
[    1672ms] [WARNING] [intlify] Not found 'currency' key in 'cs' locale messages. @ http://localhost:3001/_nuxt/node_modules/.cache/vite/client/deps/chunk-LY4OWT6B.js?v=52c0a703:3
[    1672ms] [WARNING] [intlify] Fall back to number format 'currency' with root locale. @ http://localhost:3001/_nuxt/node_modules/.cache/vite/client/deps/chunk-LY4OWT6B.js?v=52c0a703:3
[    1672ms] [WARNING] [intlify] Not found 'currency' key in 'cs' locale messages. @ http://localhost:3001/_nuxt/node_modules/.cache/vite/client/deps/chunk-LY4OWT6B.js?v=52c0a703:3
[    1672ms] [WARNING] [intlify] Fall back to number format 'currency' with root locale. @ http://localhost:3001/_nuxt/node_modules/.cache/vite/client/deps/chunk-LY4OWT6B.js?v=52c0a703:3
[    1672ms] [WARNING] [Vue warn]: Hydration style mismatch on JSHandle@node 
  - rendered on server: style="width:1em;height:1em;--c613ce94-iconUrl:url('https://api.iconify.design/ci/shopping-cart-01.svg');"
  - expected on client: style="width:1em;height:1em;"
  Note: this mismatch is check-only. The DOM will not be rectified in production due to performance overhead.
  You should fix the source of the mismatch. 
  at <IconCSS name="ci:shopping-cart-01" class="kratom-product-card__action-icon" > 
  at <ProductCard key=24456 product= {id: 24456, name: Zelený thajský Kratom Prášek, slug: zeleny-thajsky-kratom-prasek-25g, price: 130.00, old_price: null} > 
  at <ProductGrid> 
  at <Index onVnodeUnmounted=fn<onVnodeUnmounted> ref=Ref< undefined > > 
  at <RouteProvider key="/" vnode= {__v_isVNode: true, __v_skip: true, type: Object, props: Object, key: null} route= {fullPath: /, hash: , query: Object, name: index___cs, path: /}  ... > 
  at <RouterView name=undefined route=undefined > 
  at <NuxtPage> 
  at <Body> 
  at <Html lang="cs-CZ" dir="ltr" > 
  at <Landing ref=Ref< undefined > > 
  at <AsyncComponentWrapper ref=Ref< undefined > > 
  at <LayoutLoader key="landing" layoutProps= {ref: RefImpl} name="landing" > 
  at <NuxtLayoutProvider layoutProps= {ref: RefImpl} key="landing" name="landing"  ... > 
  at <NuxtLayout> 
  at <App key=4 > 
  at <NuxtRoot> @ http://localhost:3001/_nuxt/@fs/Users/andrejkoval/Dev/vivadzen/src/front/node_modules/@vue/runtime-core/dist/runtime-core.esm-bundler.js?v=52c0a703:49
[    1674ms] [WARNING] [intlify] Not found 'currency' key in 'cs' locale messages. @ http://localhost:3001/_nuxt/node_modules/.cache/vite/client/deps/chunk-LY4OWT6B.js?v=52c0a703:3
[    1674ms] [WARNING] [intlify] Fall back to number format 'currency' with root locale. @ http://localhost:3001/_nuxt/node_modules/.cache/vite/client/deps/chunk-LY4OWT6B.js?v=52c0a703:3
[    1674ms] [WARNING] [intlify] Not found 'currency' key in 'cs' locale messages. @ http://localhost:3001/_nuxt/node_modules/.cache/vite/client/deps/chunk-LY4OWT6B.js?v=52c0a703:3
[    1674ms] [WARNING] [intlify] Fall back to number format 'currency' with root locale. @ http://localhost:3001/_nuxt/node_modules/.cache/vite/client/deps/chunk-LY4OWT6B.js?v=52c0a703:3
[    1674ms] [WARNING] [Vue warn]: Hydration style mismatch on JSHandle@node 
  - rendered on server: style="width:1em;height:1em;--c613ce94-iconUrl:url('https://api.iconify.design/ci/shopping-cart-01.svg');"
  - expected on client: style="width:1em;height:1em;"
  Note: this mismatch is check-only. The DOM will not be rectified in production due to performance overhead.
  You should fix the source of the mismatch. 
  at <IconCSS name="ci:shopping-cart-01" class="kratom-product-card__action-icon" > 
  at <ProductCard key=24455 product= {id: 24455, name: Červená Maeng Da Kratom Prášek, slug: cervena-maeng-da-kratom-prasek-25g, price: 130.00, old_price: null} > 
  at <ProductGrid> 
  at <Index onVnodeUnmounted=fn<onVnodeUnmounted> ref=Ref< undefined > > 
  at <RouteProvider key="/" vnode= {__v_isVNode: true, __v_skip: true, type: Object, props: Object, key: null} route= {fullPath: /, hash: , query: Object, name: index___cs, path: /}  ... > 
  at <RouterView name=undefined route=undefined > 
  at <NuxtPage> 
  at <Body> 
  at <Html lang="cs-CZ" dir="ltr" > 
  at <Landing ref=Ref< undefined > > 
  at <AsyncComponentWrapper ref=Ref< undefined > > 
  at <LayoutLoader key="landing" layoutProps= {ref: RefImpl} name="landing" > 
  at <NuxtLayoutProvider layoutProps= {ref: RefImpl} key="landing" name="landing"  ... > 
  at <NuxtLayout> 
  at <App key=4 > 
  at <NuxtRoot> @ http://localhost:3001/_nuxt/@fs/Users/andrejkoval/Dev/vivadzen/src/front/node_modules/@vue/runtime-core/dist/runtime-core.esm-bundler.js?v=52c0a703:49
[    1675ms] [WARNING] [intlify] Not found 'currency' key in 'cs' locale messages. @ http://localhost:3001/_nuxt/node_modules/.cache/vite/client/deps/chunk-LY4OWT6B.js?v=52c0a703:3
[    1676ms] [WARNING] [intlify] Fall back to number format 'currency' with root locale. @ http://localhost:3001/_nuxt/node_modules/.cache/vite/client/deps/chunk-LY4OWT6B.js?v=52c0a703:3
[    1676ms] [WARNING] [intlify] Not found 'currency' key in 'cs' locale messages. @ http://localhost:3001/_nuxt/node_modules/.cache/vite/client/deps/chunk-LY4OWT6B.js?v=52c0a703:3
[    1676ms] [WARNING] [intlify] Fall back to number format 'currency' with root locale. @ http://localhost:3001/_nuxt/node_modules/.cache/vite/client/deps/chunk-LY4OWT6B.js?v=52c0a703:3
[    1676ms] [WARNING] [Vue warn]: Hydration style mismatch on JSHandle@node 
  - rendered on server: style="width:1em;height:1em;--c613ce94-iconUrl:url('https://api.iconify.design/ci/shopping-cart-01.svg');"
  - expected on client: style="width:1em;height:1em;"
  Note: this mismatch is check-only. The DOM will not be rectified in production due to performance overhead.
  You should fix the source of the mismatch. 
  at <IconCSS name="ci:shopping-cart-01" class="kratom-product-card__action-icon" > 
  at <ProductCard key=24454 product= {id: 24454, name: Zelená Maeng Da Kratom Prášek, slug: zelena-maeng-da-kratom-prasek-25g, price: 130.00, old_price: null} > 
  at <ProductGrid> 
  at <Index onVnodeUnmounted=fn<onVnodeUnmounted> ref=Ref< undefined > > 
  at <RouteProvider key="/" vnode= {__v_isVNode: true, __v_skip: true, type: Object, props: Object, key: null} route= {fullPath: /, hash: , query: Object, name: index___cs, path: /}  ... > 
  at <RouterView name=undefined route=undefined > 
  at <NuxtPage> 
  at <Body> 
  at <Html lang="cs-CZ" dir="ltr" > 
  at <Landing ref=Ref< undefined > > 
  at <AsyncComponentWrapper ref=Ref< undefined > > 
  at <LayoutLoader key="landing" layoutProps= {ref: RefImpl} name="landing" > 
  at <NuxtLayoutProvider layoutProps= {ref: RefImpl} key="landing" name="landing"  ... > 
  at <NuxtLayout> 
  at <App key=4 > 
  at <NuxtRoot> @ http://localhost:3001/_nuxt/@fs/Users/andrejkoval/Dev/vivadzen/src/front/node_modules/@vue/runtime-core/dist/runtime-core.esm-bundler.js?v=52c0a703:49
[    1677ms] [WARNING] [intlify] Not found 'currency' key in 'cs' locale messages. @ http://localhost:3001/_nuxt/node_modules/.cache/vite/client/deps/chunk-LY4OWT6B.js?v=52c0a703:3
[    1677ms] [WARNING] [intlify] Fall back to number format 'currency' with root locale. @ http://localhost:3001/_nuxt/node_modules/.cache/vite/client/deps/chunk-LY4OWT6B.js?v=52c0a703:3
[    1677ms] [WARNING] [intlify] Not found 'currency' key in 'cs' locale messages. @ http://localhost:3001/_nuxt/node_modules/.cache/vite/client/deps/chunk-LY4OWT6B.js?v=52c0a703:3
[    1677ms] [WARNING] [intlify] Fall back to number format 'currency' with root locale. @ http://localhost:3001/_nuxt/node_modules/.cache/vite/client/deps/chunk-LY4OWT6B.js?v=52c0a703:3
[    1679ms] [WARNING] [Vue warn]: Hydration style mismatch on JSHandle@node 
  - rendered on server: style="width:1em;height:1em;--c613ce94-iconUrl:url('https://api.iconify.design/ph/star-fill.svg');"
  - expected on client: style="width:1em;height:1em;"
  Note: this mismatch is check-only. The DOM will not be rectified in production due to performance overhead.
  You should fix the source of the mismatch. 
  at <IconCSS key=1 name="ph:star-fill" class="google-reviews-intro__rating-star filled" > 
  at <GoogleReviewsIntro count=62 rating=5 > 
  at <GoogleReviews> 
  at <Index onVnodeUnmounted=fn<onVnodeUnmounted> ref=Ref< undefined > > 
  at <RouteProvider key="/" vnode= {__v_isVNode: true, __v_skip: true, type: Object, props: Object, key: null} route= {fullPath: /, hash: , query: Object, name: index___cs, path: /}  ... > 
  at <RouterView name=undefined route=undefined > 
  at <NuxtPage> 
  at <Body> 
  at <Html lang="cs-CZ" dir="ltr" > 
  at <Landing ref=Ref< undefined > > 
  at <AsyncComponentWrapper ref=Ref< undefined > > 
  at <LayoutLoader key="landing" layoutProps= {ref: RefImpl} name="landing" > 
  at <NuxtLayoutProvider layoutProps= {ref: RefImpl} key="landing" name="landing"  ... > 
  at <NuxtLayout> 
  at <App key=4 > 
  at <NuxtRoot> @ http://localhost:3001/_nuxt/@fs/Users/andrejkoval/Dev/vivadzen/src/front/node_modules/@vue/runtime-core/dist/runtime-core.esm-bundler.js?v=52c0a703:49
[    1679ms] [WARNING] [Vue warn]: Hydration style mismatch on JSHandle@node 
  - rendered on server: style="width:1em;height:1em;--c613ce94-iconUrl:url('https://api.iconify.design/ph/star-fill.svg');"
  - expected on client: style="width:1em;height:1em;"
  Note: this mismatch is check-only. The DOM will not be rectified in production due to performance overhead.
  You should fix the source of the mismatch. 
  at <IconCSS key=2 name="ph:star-fill" class="google-reviews-intro__rating-star filled" > 
  at <GoogleReviewsIntro count=62 rating=5 > 
  at <GoogleReviews> 
  at <Index onVnodeUnmounted=fn<onVnodeUnmounted> ref=Ref< undefined > > 
  at <RouteProvider key="/" vnode= {__v_isVNode: true, __v_skip: true, type: Object, props: Object, key: null} route= {fullPath: /, hash: , query: Object, name: index___cs, path: /}  ... > 
  at <RouterView name=undefined route=undefined > 
  at <NuxtPage> 
  at <Body> 
  at <Html lang="cs-CZ" dir="ltr" > 
  at <Landing ref=Ref< undefined > > 
  at <AsyncComponentWrapper ref=Ref< undefined > > 
  at <LayoutLoader key="landing" layoutProps= {ref: RefImpl} name="landing" > 
  at <NuxtLayoutProvider layoutProps= {ref: RefImpl} key="landing" name="landing"  ... > 
  at <NuxtLayout> 
  at <App key=4 > 
  at <NuxtRoot> @ http://localhost:3001/_nuxt/@fs/Users/andrejkoval/Dev/vivadzen/src/front/node_modules/@vue/runtime-core/dist/runtime-core.esm-bundler.js?v=52c0a703:49
[    1679ms] [WARNING] [Vue warn]: Hydration style mismatch on JSHandle@node 
  - rendered on server: style="width:1em;height:1em;--c613ce94-iconUrl:url('https://api.iconify.design/ph/star-fill.svg');"
  - expected on client: style="width:1em;height:1em;"
  Note: this mismatch is check-only. The DOM will not be rectified in production due to performance overhead.
  You should fix the source of the mismatch. 
  at <IconCSS key=3 name="ph:star-fill" class="google-reviews-intro__rating-star filled" > 
  at <GoogleReviewsIntro count=62 rating=5 > 
  at <GoogleReviews> 
  at <Index onVnodeUnmounted=fn<onVnodeUnmounted> ref=Ref< undefined > > 
  at <RouteProvider key="/" vnode= {__v_isVNode: true, __v_skip: true, type: Object, props: Object, key: null} route= {fullPath: /, hash: , query: Object, name: index___cs, path: /}  ... > 
  at <RouterView name=undefined route=undefined > 
  at <NuxtPage> 
  at <Body> 
  at <Html lang="cs-CZ" dir="ltr" > 
  at <Landing ref=Ref< undefined > > 
  at <AsyncComponentWrapper ref=Ref< undefined > > 
  at <LayoutLoader key="landing" layoutProps= {ref: RefImpl} name="landing" > 
  at <NuxtLayoutProvider layoutProps= {ref: RefImpl} key="landing" name="landing"  ... > 
  at <NuxtLayout> 
  at <App key=4 > 
  at <NuxtRoot> @ http://localhost:3001/_nuxt/@fs/Users/andrejkoval/Dev/vivadzen/src/front/node_modules/@vue/runtime-core/dist/runtime-core.esm-bundler.js?v=52c0a703:49
[    1679ms] [WARNING] [Vue warn]: Hydration style mismatch on JSHandle@node 
  - rendered on server: style="width:1em;height:1em;--c613ce94-iconUrl:url('https://api.iconify.design/ph/star-fill.svg');"
  - expected on client: style="width:1em;height:1em;"
  Note: this mismatch is check-only. The DOM will not be rectified in production due to performance overhead.
  You should fix the source of the mismatch. 
  at <IconCSS key=4 name="ph:star-fill" class="google-reviews-intro__rating-star filled" > 
  at <GoogleReviewsIntro count=62 rating=5 > 
  at <GoogleReviews> 
  at <Index onVnodeUnmounted=fn<onVnodeUnmounted> ref=Ref< undefined > > 
  at <RouteProvider key="/" vnode= {__v_isVNode: true, __v_skip: true, type: Object, props: Object, key: null} route= {fullPath: /, hash: , query: Object, name: index___cs, path: /}  ... > 
  at <RouterView name=undefined route=undefined > 
  at <NuxtPage> 
  at <Body> 
  at <Html lang="cs-CZ" dir="ltr" > 
  at <Landing ref=Ref< undefined > > 
  at <AsyncComponentWrapper ref=Ref< undefined > > 
  at <LayoutLoader key="landing" layoutProps= {ref: RefImpl} name="landing" > 
  at <NuxtLayoutProvider layoutProps= {ref: RefImpl} key="landing" name="landing"  ... > 
  at <NuxtLayout> 
  at <App key=4 > 
  at <NuxtRoot> @ http://localhost:3001/_nuxt/@fs/Users/andrejkoval/Dev/vivadzen/src/front/node_modules/@vue/runtime-core/dist/runtime-core.esm-bundler.js?v=52c0a703:49
[    1680ms] [WARNING] [Vue warn]: Hydration style mismatch on JSHandle@node 
  - rendered on server: style="width:1em;height:1em;--c613ce94-iconUrl:url('https://api.iconify.design/ph/star-fill.svg');"
  - expected on client: style="width:1em;height:1em;"
  Note: this mismatch is check-only. The DOM will not be rectified in production due to performance overhead.
  You should fix the source of the mismatch. 
  at <IconCSS key=5 name="ph:star-fill" class="google-reviews-intro__rating-star filled" > 
  at <GoogleReviewsIntro count=62 rating=5 > 
  at <GoogleReviews> 
  at <Index onVnodeUnmounted=fn<onVnodeUnmounted> ref=Ref< undefined > > 
  at <RouteProvider key="/" vnode= {__v_isVNode: true, __v_skip: true, type: Object, props: Object, key: null} route= {fullPath: /, hash: , query: Object, name: index___cs, path: /}  ... > 
  at <RouterView name=undefined route=undefined > 
  at <NuxtPage> 
  at <Body> 
  at <Html lang="cs-CZ" dir="ltr" > 
  at <Landing ref=Ref< undefined > > 
  at <AsyncComponentWrapper ref=Ref< undefined > > 
  at <LayoutLoader key="landing" layoutProps= {ref: RefImpl} name="landing" > 
  at <NuxtLayoutProvider layoutProps= {ref: RefImpl} key="landing" name="landing"  ... > 
  at <NuxtLayout> 
  at <App key=4 > 
  at <NuxtRoot> @ http://localhost:3001/_nuxt/@fs/Users/andrejkoval/Dev/vivadzen/src/front/node_modules/@vue/runtime-core/dist/runtime-core.esm-bundler.js?v=52c0a703:49
[    1680ms] [WARNING] [Vue warn]: Hydration style mismatch on JSHandle@node 
  - rendered on server: style="width:1em;height:1em;--c613ce94-iconUrl:url('https://api.iconify.design/logos/google-icon.svg');"
  - expected on client: style="width:1em;height:1em;"
  Note: this mismatch is check-only. The DOM will not be rectified in production due to performance overhead.
  You should fix the source of the mismatch. 
  at <IconCSS name="logos:google-icon" > 
  at <GoogleReviewsIntro count=62 rating=5 > 
  at <GoogleReviews> 
  at <Index onVnodeUnmounted=fn<onVnodeUnmounted> ref=Ref< undefined > > 
  at <RouteProvider key="/" vnode= {__v_isVNode: true, __v_skip: true, type: Object, props: Object, key: null} route= {fullPath: /, hash: , query: Object, name: index___cs, path: /}  ... > 
  at <RouterView name=undefined route=undefined > 
  at <NuxtPage> 
  at <Body> 
  at <Html lang="cs-CZ" dir="ltr" > 
  at <Landing ref=Ref< undefined > > 
  at <AsyncComponentWrapper ref=Ref< undefined > > 
  at <LayoutLoader key="landing" layoutProps= {ref: RefImpl} name="landing" > 
  at <NuxtLayoutProvider layoutProps= {ref: RefImpl} key="landing" name="landing"  ... > 
  at <NuxtLayout> 
  at <App key=4 > 
  at <NuxtRoot> @ http://localhost:3001/_nuxt/@fs/Users/andrejkoval/Dev/vivadzen/src/front/node_modules/@vue/runtime-core/dist/runtime-core.esm-bundler.js?v=52c0a703:49
[    1683ms] [WARNING] [Vue warn]: Hydration style mismatch on JSHandle@node 
  - rendered on server: style="width:1em;height:1em;--c613ce94-iconUrl:url('https://api.iconify.design/logos/google-icon.svg');"
  - expected on client: style="width:1em;height:1em;"
  Note: this mismatch is check-only. The DOM will not be rectified in production due to performance overhead.
  You should fix the source of the mismatch. 
  at <IconCSS name="logos:google-icon" class="review-card__google-icon" > 
  at <SnapSlide key=0 > 
  at <SnapCarousel items= [Object, Object, Object, Object, Object, Object, Object, Object, Object, Object, Object, Object, Object, Object, Object, Object, Object, Object, Object, Object] items-per-page= {mobile: 1, tablet: 2, desktop: 3, ld: 3, xld: 3} gap= {mobile: 16, tablet: 20, desktop: 24}  ... > 
  at <GoogleReviews> 
  at <Index onVnodeUnmounted=fn<onVnodeUnmounted> ref=Ref< undefined > > 
  at <RouteProvider key="/" vnode= {__v_isVNode: true, __v_skip: true, type: Object, props: Object, key: null} route= {fullPath: /, hash: , query: Object, name: index___cs, path: /}  ... > 
  at <RouterView name=undefined route=undefined > 
  at <NuxtPage> 
  at <Body> 
  at <Html lang="cs-CZ" dir="ltr" > 
  at <Landing ref=Ref< undefined > > 
  at <AsyncComponentWrapper ref=Ref< undefined > > 
  at <LayoutLoader key="landing" layoutProps= {ref: RefImpl} name="landing" > 
  at <NuxtLayoutProvider layoutProps= {ref: RefImpl} key="landing" name="landing"  ... > 
  at <NuxtLayout> 
  at <App key=4 > 
  at <NuxtRoot> @ http://localhost:3001/_nuxt/@fs/Users/andrejkoval/Dev/vivadzen/src/front/node_modules/@vue/runtime-core/dist/runtime-core.esm-bundler.js?v=52c0a703:49
[    1683ms] [WARNING] [Vue warn]: Hydration style mismatch on JSHandle@node 
  - rendered on server: style="width:1em;height:1em;--c613ce94-iconUrl:url('https://api.iconify.design/ph/star-fill.svg');"
  - expected on client: style="width:1em;height:1em;"
  Note: this mismatch is check-only. The DOM will not be rectified in production due to performance overhead.
  You should fix the source of the mismatch. 
  at <IconCSS key=1 name="ph:star-fill" class="review-card__star filled" > 
  at <SnapSlide key=0 > 
  at <SnapCarousel items= [Object, Object, Object, Object, Object, Object, Object, Object, Object, Object, Object, Object, Object, Object, Object, Object, Object, Object, Object, Object] items-per-page= {mobile: 1, tablet: 2, desktop: 3, ld: 3, xld: 3} gap= {mobile: 16, tablet: 20, desktop: 24}  ... > 
  at <GoogleReviews> 
  at <Index onVnodeUnmounted=fn<onVnodeUnmounted> ref=Ref< undefined > > 
  at <RouteProvider key="/" vnode= {__v_isVNode: true, __v_skip: true, type: Object, props: Object, key: null} route= {fullPath: /, hash: , query: Object, name: index___cs, path: /}  ... > 
  at <RouterView name=undefined route=undefined > 
  at <NuxtPage> 
  at <Body> 
  at <Html lang="cs-CZ" dir="ltr" > 
  at <Landing ref=Ref< undefined > > 
  at <AsyncComponentWrapper ref=Ref< undefined > > 
  at <LayoutLoader key="landing" layoutProps= {ref: RefImpl} name="landing" > 
  at <NuxtLayoutProvider layoutProps= {ref: RefImpl} key="landing" name="landing"  ... > 
  at <NuxtLayout> 
  at <App key=4 > 
  at <NuxtRoot> @ http://localhost:3001/_nuxt/@fs/Users/andrejkoval/Dev/vivadzen/src/front/node_modules/@vue/runtime-core/dist/runtime-core.esm-bundler.js?v=52c0a703:49
[    1683ms] [WARNING] [Vue warn]: Hydration style mismatch on JSHandle@node 
  - rendered on server: style="width:1em;height:1em;--c613ce94-iconUrl:url('https://api.iconify.design/ph/star-fill.svg');"
  - expected on client: style="width:1em;height:1em;"
  Note: this mismatch is check-only. The DOM will not be rectified in production due to performance overhead.
  You should fix the source of the mismatch. 
  at <IconCSS key=2 name="ph:star-fill" class="review-card__star filled" > 
  at <SnapSlide key=0 > 
  at <SnapCarousel items= [Object, Object, Object, Object, Object, Object, Object, Object, Object, Object, Object, Object, Object, Object, Object, Object, Object, Object, Object, Object] items-per-page= {mobile: 1, tablet: 2, desktop: 3, ld: 3, xld: 3} gap= {mobile: 16, tablet: 20, desktop: 24}  ... > 
  at <GoogleReviews> 
  at <Index onVnodeUnmounted=fn<onVnodeUnmounted> ref=Ref< undefined > > 
  at <RouteProvider key="/" vnode= {__v_isVNode: true, __v_skip: true, type: Object, props: Object, key: null} route= {fullPath: /, hash: , query: Object, name: index___cs, path: /}  ... > 
  at <RouterView name=undefined route=undefined > 
  at <NuxtPage> 
  at <Body> 
  at <Html lang="cs-CZ" dir="ltr" > 
  at <Landing ref=Ref< undefined > > 
  at <AsyncComponentWrapper ref=Ref< undefined > > 
  at <LayoutLoader key="landing" layoutProps= {ref: RefImpl} name="landing" > 
  at <NuxtLayoutProvider layoutProps= {ref: RefImpl} key="landing" name="landing"  ... > 
  at <NuxtLayout> 
  at <App key=4 > 
  at <NuxtRoot> @ http://localhost:3001/_nuxt/@fs/Users/andrejkoval/Dev/vivadzen/src/front/node_modules/@vue/runtime-core/dist/runtime-core.esm-bundler.js?v=52c0a703:49
[    1683ms] [WARNING] [Vue warn]: Hydration style mismatch on JSHandle@node 
  - rendered on server: style="width:1em;height:1em;--c613ce94-iconUrl:url('https://api.iconify.design/ph/star-fill.svg');"
  - expected on client: style="width:1em;height:1em;"
  Note: this mismatch is check-only. The DOM will not be rectified in production due to performance overhead.
  You should fix the source of the mismatch. 
  at <IconCSS key=3 name="ph:star-fill" class="review-card__star filled" > 
  at <SnapSlide key=0 > 
  at <SnapCarousel items= [Object, Object, Object, Object, Object, Object, Object, Object, Object, Object, Object, Object, Object, Object, Object, Object, Object, Object, Object, Object] items-per-page= {mobile: 1, tablet: 2, desktop: 3, ld: 3, xld: 3} gap= {mobile: 16, tablet: 20, desktop: 24}  ... > 
  at <GoogleReviews> 
  at <Index onVnodeUnmounted=fn<onVnodeUnmounted> ref=Ref< undefined > > 
  at <RouteProvider key="/" vnode= {__v_isVNode: true, __v_skip: true, type: Object, props: Object, key: null} route= {fullPath: /, hash: , query: Object, name: index___cs, path: /}  ... > 
  at <RouterView name=undefined route=undefined > 
  at <NuxtPage> 
  at <Body> 
  at <Html lang="cs-CZ" dir="ltr" > 
  at <Landing ref=Ref< undefined > > 
  at <AsyncComponentWrapper ref=Ref< undefined > > 
  at <LayoutLoader key="landing" layoutProps= {ref: RefImpl} name="landing" > 
  at <NuxtLayoutProvider layoutProps= {ref: RefImpl} key="landing" name="landing"  ... > 
  at <NuxtLayout> 
  at <App key=4 > 
  at <NuxtRoot> @ http://localhost:3001/_nuxt/@fs/Users/andrejkoval/Dev/vivadzen/src/front/node_modules/@vue/runtime-core/dist/runtime-core.esm-bundler.js?v=52c0a703:49
[    1684ms] [WARNING] [Vue warn]: Hydration style mismatch on JSHandle@node 
  - rendered on server: style="width:1em;height:1em;--c613ce94-iconUrl:url('https://api.iconify.design/ph/star-fill.svg');"
  - expected on client: style="width:1em;height:1em;"
  Note: this mismatch is check-only. The DOM will not be rectified in production due to performance overhead.
  You should fix the source of the mismatch. 
  at <IconCSS key=4 name="ph:star-fill" class="review-card__star filled" > 
  at <SnapSlide key=0 > 
  at <SnapCarousel items= [Object, Object, Object, Object, Object, Object, Object, Object, Object, Object, Object, Object, Object, Object, Object, Object, Object, Object, Object, Object] items-per-page= {mobile: 1, tablet: 2, desktop: 3, ld: 3, xld: 3} gap= {mobile: 16, tablet: 20, desktop: 24}  ... > 
  at <GoogleReviews> 
  at <Index onVnodeUnmounted=fn<onVnodeUnmounted> ref=Ref< undefined > > 
  at <RouteProvider key="/" vnode= {__v_isVNode: true, __v_skip: true, type: Object, props: Object, key: null} route= {fullPath: /, hash: , query: Object, name: index___cs, path: /}  ... > 
  at <RouterView name=undefined route=undefined > 
  at <NuxtPage> 
  at <Body> 
  at <Html lang="cs-CZ" dir="ltr" > 
  at <Landing ref=Ref< undefined > > 
  at <AsyncComponentWrapper ref=Ref< undefined > > 
  at <LayoutLoader key="landing" layoutProps= {ref: RefImpl} name="landing" > 
  at <NuxtLayoutProvider layoutProps= {ref: RefImpl} key="landing" name="landing"  ... > 
  at <NuxtLayout> 
  at <App key=4 > 
  at <NuxtRoot> @ http://localhost:3001/_nuxt/@fs/Users/andrejkoval/Dev/vivadzen/src/front/node_modules/@vue/runtime-core/dist/runtime-core.esm-bundler.js?v=52c0a703:49
[    1684ms] [WARNING] [Vue warn]: Hydration style mismatch on JSHandle@node 
  - rendered on server: style="width:1em;height:1em;--c613ce94-iconUrl:url('https://api.iconify.design/ph/star-fill.svg');"
  - expected on client: style="width:1em;height:1em;"
  Note: this mismatch is check-only. The DOM will not be rectified in production due to performance overhead.
  You should fix the source of the mismatch. 
  at <IconCSS key=5 name="ph:star-fill" class="review-card__star filled" > 
  at <SnapSlide key=0 > 
  at <SnapCarousel items= [Object, Object, Object, Object, Object, Object, Object, Object, Object, Object, Object, Object, Object, Object, Object, Object, Object, Object, Object, Object] items-per-page= {mobile: 1, tablet: 2, desktop: 3, ld: 3, xld: 3} gap= {mobile: 16, tablet: 20, desktop: 24}  ... > 
  at <GoogleReviews> 
  at <Index onVnodeUnmounted=fn<onVnodeUnmounted> ref=Ref< undefined > > 
  at <RouteProvider key="/" vnode= {__v_isVNode: true, __v_skip: true, type: Object, props: Object, key: null} route= {fullPath: /, hash: , query: Object, name: index___cs, path: /}  ... > 
  at <RouterView name=undefined route=undefined > 
  at <NuxtPage> 
  at <Body> 
  at <Html lang="cs-CZ" dir="ltr" > 
  at <Landing ref=Ref< undefined > > 
  at <AsyncComponentWrapper ref=Ref< undefined > > 
  at <LayoutLoader key="landing" layoutProps= {ref: RefImpl} name="landing" > 
  at <NuxtLayoutProvider layoutProps= {ref: RefImpl} key="landing" name="landing"  ... > 
  at <NuxtLayout> 
  at <App key=4 > 
  at <NuxtRoot> @ http://localhost:3001/_nuxt/@fs/Users/andrejkoval/Dev/vivadzen/src/front/node_modules/@vue/runtime-core/dist/runtime-core.esm-bundler.js?v=52c0a703:49
[    1684ms] [WARNING] [Vue warn]: Hydration style mismatch on JSHandle@node 
  - rendered on server: style="width:1em;height:1em;--c613ce94-iconUrl:url('https://api.iconify.design/logos/google-icon.svg');"
  - expected on client: style="width:1em;height:1em;"
  Note: this mismatch is check-only. The DOM will not be rectified in production due to performance overhead.
  You should fix the source of the mismatch. 
  at <IconCSS name="logos:google-icon" class="review-card__google-icon" > 
  at <SnapSlide key=1 > 
  at <SnapCarousel items= [Object, Object, Object, Object, Object, Object, Object, Object, Object, Object, Object, Object, Object, Object, Object, Object, Object, Object, Object, Object] items-per-page= {mobile: 1, tablet: 2, desktop: 3, ld: 3, xld: 3} gap= {mobile: 16, tablet: 20, desktop: 24}  ... > 
  at <GoogleReviews> 
  at <Index onVnodeUnmounted=fn<onVnodeUnmounted> ref=Ref< undefined > > 
  at <RouteProvider key="/" vnode= {__v_isVNode: true, __v_skip: true, type: Object, props: Object, key: null} route= {fullPath: /, hash: , query: Object, name: index___cs, path: /}  ... > 
  at <RouterView name=undefined route=undefined > 
  at <NuxtPage> 
  at <Body> 
  at <Html lang="cs-CZ" dir="ltr" > 
  at <Landing ref=Ref< undefined > > 
  at <AsyncComponentWrapper ref=Ref< undefined > > 
  at <LayoutLoader key="landing" layoutProps= {ref: RefImpl} name="landing" > 
  at <NuxtLayoutProvider layoutProps= {ref: RefImpl} key="landing" name="landing"  ... > 
  at <NuxtLayout> 
  at <App key=4 > 
  at <NuxtRoot> @ http://localhost:3001/_nuxt/@fs/Users/andrejkoval/Dev/vivadzen/src/front/node_modules/@vue/runtime-core/dist/runtime-core.esm-bundler.js?v=52c0a703:49
[    1685ms] [WARNING] [Vue warn]: Hydration style mismatch on JSHandle@node 
  - rendered on server: style="width:1em;height:1em;--c613ce94-iconUrl:url('https://api.iconify.design/ph/star-fill.svg');"
  - expected on client: style="width:1em;height:1em;"
  Note: this mismatch is check-only. The DOM will not be rectified in production due to performance overhead.
  You should fix the source of the mismatch. 
  at <IconCSS key=1 name="ph:star-fill" class="review-card__star filled" > 
  at <SnapSlide key=1 > 
  at <SnapCarousel items= [Object, Object, Object, Object, Object, Object, Object, Object, Object, Object, Object, Object, Object, Object, Object, Object, Object, Object, Object, Object] items-per-page= {mobile: 1, tablet: 2, desktop: 3, ld: 3, xld: 3} gap= {mobile: 16, tablet: 20, desktop: 24}  ... > 
  at <GoogleReviews> 
  at <Index onVnodeUnmounted=fn<onVnodeUnmounted> ref=Ref< undefined > > 
  at <RouteProvider key="/" vnode= {__v_isVNode: true, __v_skip: true, type: Object, props: Object, key: null} route= {fullPath: /, hash: , query: Object, name: index___cs, path: /}  ... > 
  at <RouterView name=undefined route=undefined > 
  at <NuxtPage> 
  at <Body> 
  at <Html lang="cs-CZ" dir="ltr" > 
  at <Landing ref=Ref< undefined > > 
  at <AsyncComponentWrapper ref=Ref< undefined > > 
  at <LayoutLoader key="landing" layoutProps= {ref: RefImpl} name="landing" > 
  at <NuxtLayoutProvider layoutProps= {ref: RefImpl} key="landing" name="landing"  ... > 
  at <NuxtLayout> 
  at <App key=4 > 
  at <NuxtRoot> @ http://localhost:3001/_nuxt/@fs/Users/andrejkoval/Dev/vivadzen/src/front/node_modules/@vue/runtime-core/dist/runtime-core.esm-bundler.js?v=52c0a703:49
[    1685ms] [WARNING] [Vue warn]: Hydration style mismatch on JSHandle@node 
  - rendered on server: style="width:1em;height:1em;--c613ce94-iconUrl:url('https://api.iconify.design/ph/star-fill.svg');"
  - expected on client: style="width:1em;height:1em;"
  Note: this mismatch is check-only. The DOM will not be rectified in production due to performance overhead.
  You should fix the source of the mismatch. 
  at <IconCSS key=2 name="ph:star-fill" class="review-card__star filled" > 
  at <SnapSlide key=1 > 
  at <SnapCarousel items= [Object, Object, Object, Object, Object, Object, Object, Object, Object, Object, Object, Object, Object, Object, Object, Object, Object, Object, Object, Object] items-per-page= {mobile: 1, tablet: 2, desktop: 3, ld: 3, xld: 3} gap= {mobile: 16, tablet: 20, desktop: 24}  ... > 
  at <GoogleReviews> 
  at <Index onVnodeUnmounted=fn<onVnodeUnmounted> ref=Ref< undefined > > 
  at <RouteProvider key="/" vnode= {__v_isVNode: true, __v_skip: true, type: Object, props: Object, key: null} route= {fullPath: /, hash: , query: Object, name: index___cs, path: /}  ... > 
  at <RouterView name=undefined route=undefined > 
  at <NuxtPage> 
  at <Body> 
  at <Html lang="cs-CZ" dir="ltr" > 
  at <Landing ref=Ref< undefined > > 
  at <AsyncComponentWrapper ref=Ref< undefined > > 
  at <LayoutLoader key="landing" layoutProps= {ref: RefImpl} name="landing" > 
  at <NuxtLayoutProvider layoutProps= {ref: RefImpl} key="landing" name="landing"  ... > 
  at <NuxtLayout> 
  at <App key=4 > 
  at <NuxtRoot> @ http://localhost:3001/_nuxt/@fs/Users/andrejkoval/Dev/vivadzen/src/front/node_modules/@vue/runtime-core/dist/runtime-core.esm-bundler.js?v=52c0a703:49
[    1685ms] [WARNING] [Vue warn]: Hydration style mismatch on JSHandle@node 
  - rendered on server: style="width:1em;height:1em;--c613ce94-iconUrl:url('https://api.iconify.design/ph/star-fill.svg');"
  - expected on client: style="width:1em;height:1em;"
  Note: this mismatch is check-only. The DOM will not be rectified in production due to performance overhead.
  You should fix the source of the mismatch. 
  at <IconCSS key=3 name="ph:star-fill" class="review-card__star filled" > 
  at <SnapSlide key=1 > 
  at <SnapCarousel items= [Object, Object, Object, Object, Object, Object, Object, Object, Object, Object, Object, Object, Object, Object, Object, Object, Object, Object, Object, Object] items-per-page= {mobile: 1, tablet: 2, desktop: 3, ld: 3, xld: 3} gap= {mobile: 16, tablet: 20, desktop: 24}  ... > 
  at <GoogleReviews> 
  at <Index onVnodeUnmounted=fn<onVnodeUnmounted> ref=Ref< undefined > > 
  at <RouteProvider key="/" vnode= {__v_isVNode: true, __v_skip: true, type: Object, props: Object, key: null} route= {fullPath: /, hash: , query: Object, name: index___cs, path: /}  ... > 
  at <RouterView name=undefined route=undefined > 
  at <NuxtPage> 
  at <Body> 
  at <Html lang="cs-CZ" dir="ltr" > 
  at <Landing ref=Ref< undefined > > 
  at <AsyncComponentWrapper ref=Ref< undefined > > 
  at <LayoutLoader key="landing" layoutProps= {ref: RefImpl} name="landing" > 
  at <NuxtLayoutProvider layoutProps= {ref: RefImpl} key="landing" name="landing"  ... > 
  at <NuxtLayout> 
  at <App key=4 > 
  at <NuxtRoot> @ http://localhost:3001/_nuxt/@fs/Users/andrejkoval/Dev/vivadzen/src/front/node_modules/@vue/runtime-core/dist/runtime-core.esm-bundler.js?v=52c0a703:49
[    1685ms] [WARNING] [Vue warn]: Hydration style mismatch on JSHandle@node 
  - rendered on server: style="width:1em;height:1em;--c613ce94-iconUrl:url('https://api.iconify.design/ph/star-fill.svg');"
  - expected on client: style="width:1em;height:1em;"
  Note: this mismatch is check-only. The DOM will not be rectified in production due to performance overhead.
  You should fix the source of the mismatch. 
  at <IconCSS key=4 name="ph:star-fill" class="review-card__star filled" > 
  at <SnapSlide key=1 > 
  at <SnapCarousel items= [Object, Object, Object, Object, Object, Object, Object, Object, Object, Object, Object, Object, Object, Object, Object, Object, Object, Object, Object, Object] items-per-page= {mobile: 1, tablet: 2, desktop: 3, ld: 3, xld: 3} gap= {mobile: 16, tablet: 20, desktop: 24}  ... > 
  at <GoogleReviews> 
  at <Index onVnodeUnmounted=fn<onVnodeUnmounted> ref=Ref< undefined > > 
  at <RouteProvider key="/" vnode= {__v_isVNode: true, __v_skip: true, type: Object, props: Object, key: null} route= {fullPath: /, hash: , query: Object, name: index___cs, path: /}  ... > 
  at <RouterView name=undefined route=undefined > 
  at <NuxtPage> 
  at <Body> 
  at <Html lang="cs-CZ" dir="ltr" > 
  at <Landing ref=Ref< undefined > > 
  at <AsyncComponentWrapper ref=Ref< undefined > > 
  at <LayoutLoader key="landing" layoutProps= {ref: RefImpl} name="landing" > 
  at <NuxtLayoutProvider layoutProps= {ref: RefImpl} key="landing" name="landing"  ... > 
  at <NuxtLayout> 
  at <App key=4 > 
  at <NuxtRoot> @ http://localhost:3001/_nuxt/@fs/Users/andrejkoval/Dev/vivadzen/src/front/node_modules/@vue/runtime-core/dist/runtime-core.esm-bundler.js?v=52c0a703:49
[    1685ms] [WARNING] [Vue warn]: Hydration style mismatch on JSHandle@node 
  - rendered on server: style="width:1em;height:1em;--c613ce94-iconUrl:url('https://api.iconify.design/ph/star-fill.svg');"
  - expected on client: style="width:1em;height:1em;"
  Note: this mismatch is check-only. The DOM will not be rectified in production due to performance overhead.
  You should fix the source of the mismatch. 
  at <IconCSS key=5 name="ph:star-fill" class="review-card__star filled" > 
  at <SnapSlide key=1 > 
  at <SnapCarousel items= [Object, Object, Object, Object, Object, Object, Object, Object, Object, Object, Object, Object, Object, Object, Object, Object, Object, Object, Object, Object] items-per-page= {mobile: 1, tablet: 2, desktop: 3, ld: 3, xld: 3} gap= {mobile: 16, tablet: 20, desktop: 24}  ... > 
  at <GoogleReviews> 
  at <Index onVnodeUnmounted=fn<onVnodeUnmounted> ref=Ref< undefined > > 
  at <RouteProvider key="/" vnode= {__v_isVNode: true, __v_skip: true, type: Object, props: Object, key: null} route= {fullPath: /, hash: , query: Object, name: index___cs, path: /}  ... > 
  at <RouterView name=undefined route=undefined > 
  at <NuxtPage> 
  at <Body> 
  at <Html lang="cs-CZ" dir="ltr" > 
  at <Landing ref=Ref< undefined > > 
  at <AsyncComponentWrapper ref=Ref< undefined > > 
  at <LayoutLoader key="landing" layoutProps= {ref: RefImpl} name="landing" > 
  at <NuxtLayoutProvider layoutProps= {ref: RefImpl} key="landing" name="landing"  ... > 
  at <NuxtLayout> 
  at <App key=4 > 
  at <NuxtRoot> @ http://localhost:3001/_nuxt/@fs/Users/andrejkoval/Dev/vivadzen/src/front/node_modules/@vue/runtime-core/dist/runtime-core.esm-bundler.js?v=52c0a703:49
[    1686ms] [WARNING] [Vue warn]: Hydration style mismatch on JSHandle@node 
  - rendered on server: style="width:1em;height:1em;--c613ce94-iconUrl:url('https://api.iconify.design/logos/google-icon.svg');"
  - expected on client: style="width:1em;height:1em;"
  Note: this mismatch is check-only. The DOM will not be rectified in production due to performance overhead.
  You should fix the source of the mismatch. 
  at <IconCSS name="logos:google-icon" class="review-card__google-icon" > 
  at <SnapSlide key=2 > 
  at <SnapCarousel items= [Object, Object, Object, Object, Object, Object, Object, Object, Object, Object, Object, Object, Object, Object, Object, Object, Object, Object, Object, Object] items-per-page= {mobile: 1, tablet: 2, desktop: 3, ld: 3, xld: 3} gap= {mobile: 16, tablet: 20, desktop: 24}  ... > 
  at <GoogleReviews> 
  at <Index onVnodeUnmounted=fn<onVnodeUnmounted> ref=Ref< undefined > > 
  at <RouteProvider key="/" vnode= {__v_isVNode: true, __v_skip: true, type: Object, props: Object, key: null} route= {fullPath: /, hash: , query: Object, name: index___cs, path: /}  ... > 
  at <RouterView name=undefined route=undefined > 
  at <NuxtPage> 
  at <Body> 
  at <Html lang="cs-CZ" dir="ltr" > 
  at <Landing ref=Ref< undefined > > 
  at <AsyncComponentWrapper ref=Ref< undefined > > 
  at <LayoutLoader key="landing" layoutProps= {ref: RefImpl} name="landing" > 
  at <NuxtLayoutProvider layoutProps= {ref: RefImpl} key="landing" name="landing"  ... > 
  at <NuxtLayout> 
  at <App key=4 > 
  at <NuxtRoot> @ http://localhost:3001/_nuxt/@fs/Users/andrejkoval/Dev/vivadzen/src/front/node_modules/@vue/runtime-core/dist/runtime-core.esm-bundler.js?v=52c0a703:49
[    1686ms] [WARNING] [Vue warn]: Hydration style mismatch on JSHandle@node 
  - rendered on server: style="width:1em;height:1em;--c613ce94-iconUrl:url('https://api.iconify.design/ph/star-fill.svg');"
  - expected on client: style="width:1em;height:1em;"
  Note: this mismatch is check-only. The DOM will not be rectified in production due to performance overhead.
  You should fix the source of the mismatch. 
  at <IconCSS key=1 name="ph:star-fill" class="review-card__star filled" > 
  at <SnapSlide key=2 > 
  at <SnapCarousel items= [Object, Object, Object, Object, Object, Object, Object, Object, Object, Object, Object, Object, Object, Object, Object, Object, Object, Object, Object, Object] items-per-page= {mobile: 1, tablet: 2, desktop: 3, ld: 3, xld: 3} gap= {mobile: 16, tablet: 20, desktop: 24}  ... > 
  at <GoogleReviews> 
  at <Index onVnodeUnmounted=fn<onVnodeUnmounted> ref=Ref< undefined > > 
  at <RouteProvider key="/" vnode= {__v_isVNode: true, __v_skip: true, type: Object, props: Object, key: null} route= {fullPath: /, hash: , query: Object, name: index___cs, path: /}  ... > 
  at <RouterView name=undefined route=undefined > 
  at <NuxtPage> 
  at <Body> 
  at <Html lang="cs-CZ" dir="ltr" > 
  at <Landing ref=Ref< undefined > > 
  at <AsyncComponentWrapper ref=Ref< undefined > > 
  at <LayoutLoader key="landing" layoutProps= {ref: RefImpl} name="landing" > 
  at <NuxtLayoutProvider layoutProps= {ref: RefImpl} key="landing" name="landing"  ... > 
  at <NuxtLayout> 
  at <App key=4 > 
  at <NuxtRoot> @ http://localhost:3001/_nuxt/@fs/Users/andrejkoval/Dev/vivadzen/src/front/node_modules/@vue/runtime-core/dist/runtime-core.esm-bundler.js?v=52c0a703:49
[    1686ms] [WARNING] [Vue warn]: Hydration style mismatch on JSHandle@node 
  - rendered on server: style="width:1em;height:1em;--c613ce94-iconUrl:url('https://api.iconify.design/ph/star-fill.svg');"
  - expected on client: style="width:1em;height:1em;"
  Note: this mismatch is check-only. The DOM will not be rectified in production due to performance overhead.
  You should fix the source of the mismatch. 
  at <IconCSS key=2 name="ph:star-fill" class="review-card__star filled" > 
  at <SnapSlide key=2 > 
  at <SnapCarousel items= [Object, Object, Object, Object, Object, Object, Object, Object, Object, Object, Object, Object, Object, Object, Object, Object, Object, Object, Object, Object] items-per-page= {mobile: 1, tablet: 2, desktop: 3, ld: 3, xld: 3} gap= {mobile: 16, tablet: 20, desktop: 24}  ... > 
  at <GoogleReviews> 
  at <Index onVnodeUnmounted=fn<onVnodeUnmounted> ref=Ref< undefined > > 
  at <RouteProvider key="/" vnode= {__v_isVNode: true, __v_skip: true, type: Object, props: Object, key: null} route= {fullPath: /, hash: , query: Object, name: index___cs, path: /}  ... > 
  at <RouterView name=undefined route=undefined > 
  at <NuxtPage> 
  at <Body> 
  at <Html lang="cs-CZ" dir="ltr" > 
  at <Landing ref=Ref< undefined > > 
  at <AsyncComponentWrapper ref=Ref< undefined > > 
  at <LayoutLoader key="landing" layoutProps= {ref: RefImpl} name="landing" > 
  at <NuxtLayoutProvider layoutProps= {ref: RefImpl} key="landing" name="landing"  ... > 
  at <NuxtLayout> 
  at <App key=4 > 
  at <NuxtRoot> @ http://localhost:3001/_nuxt/@fs/Users/andrejkoval/Dev/vivadzen/src/front/node_modules/@vue/runtime-core/dist/runtime-core.esm-bundler.js?v=52c0a703:49
[    1687ms] [WARNING] [Vue warn]: Hydration style mismatch on JSHandle@node 
  - rendered on server: style="width:1em;height:1em;--c613ce94-iconUrl:url('https://api.iconify.design/ph/star-fill.svg');"
  - expected on client: style="width:1em;height:1em;"
  Note: this mismatch is check-only. The DOM will not be rectified in production due to performance overhead.
  You should fix the source of the mismatch. 
  at <IconCSS key=3 name="ph:star-fill" class="review-card__star filled" > 
  at <SnapSlide key=2 > 
  at <SnapCarousel items= [Object, Object, Object, Object, Object, Object, Object, Object, Object, Object, Object, Object, Object, Object, Object, Object, Object, Object, Object, Object] items-per-page= {mobile: 1, tablet: 2, desktop: 3, ld: 3, xld: 3} gap= {mobile: 16, tablet: 20, desktop: 24}  ... > 
  at <GoogleReviews> 
  at <Index onVnodeUnmounted=fn<onVnodeUnmounted> ref=Ref< undefined > > 
  at <RouteProvider key="/" vnode= {__v_isVNode: true, __v_skip: true, type: Object, props: Object, key: null} route= {fullPath: /, hash: , query: Object, name: index___cs, path: /}  ... > 
  at <RouterView name=undefined route=undefined > 
  at <NuxtPage> 
  at <Body> 
  at <Html lang="cs-CZ" dir="ltr" > 
  at <Landing ref=Ref< undefined > > 
  at <AsyncComponentWrapper ref=Ref< undefined > > 
  at <LayoutLoader key="landing" layoutProps= {ref: RefImpl} name="landing" > 
  at <NuxtLayoutProvider layoutProps= {ref: RefImpl} key="landing" name="landing"  ... > 
  at <NuxtLayout> 
  at <App key=4 > 
  at <NuxtRoot> @ http://localhost:3001/_nuxt/@fs/Users/andrejkoval/Dev/vivadzen/src/front/node_modules/@vue/runtime-core/dist/runtime-core.esm-bundler.js?v=52c0a703:49
[    1687ms] [WARNING] [Vue warn]: Hydration style mismatch on JSHandle@node 
  - rendered on server: style="width:1em;height:1em;--c613ce94-iconUrl:url('https://api.iconify.design/ph/star-fill.svg');"
  - expected on client: style="width:1em;height:1em;"
  Note: this mismatch is check-only. The DOM will not be rectified in production due to performance overhead.
  You should fix the source of the mismatch. 
  at <IconCSS key=4 name="ph:star-fill" class="review-card__star filled" > 
  at <SnapSlide key=2 > 
  at <SnapCarousel items= [Object, Object, Object, Object, Object, Object, Object, Object, Object, Object, Object, Object, Object, Object, Object, Object, Object, Object, Object, Object] items-per-page= {mobile: 1, tablet: 2, desktop: 3, ld: 3, xld: 3} gap= {mobile: 16, tablet: 20, desktop: 24}  ... > 
  at <GoogleReviews> 
  at <Index onVnodeUnmounted=fn<onVnodeUnmounted> ref=Ref< undefined > > 
  at <RouteProvider key="/" vnode= {__v_isVNode: true, __v_skip: true, type: Object, props: Object, key: null} route= {fullPath: /, hash: , query: Object, name: index___cs, path: /}  ... > 
  at <RouterView name=undefined route=undefined > 
  at <NuxtPage> 
  at <Body> 
  at <Html lang="cs-CZ" dir="ltr" > 
  at <Landing ref=Ref< undefined > > 
  at <AsyncComponentWrapper ref=Ref< undefined > > 
  at <LayoutLoader key="landing" layoutProps= {ref: RefImpl} name="landing" > 
  at <NuxtLayoutProvider layoutProps= {ref: RefImpl} key="landing" name="landing"  ... > 
  at <NuxtLayout> 
  at <App key=4 > 
  at <NuxtRoot> @ http://localhost:3001/_nuxt/@fs/Users/andrejkoval/Dev/vivadzen/src/front/node_modules/@vue/runtime-core/dist/runtime-core.esm-bundler.js?v=52c0a703:49
[    1687ms] [WARNING] [Vue warn]: Hydration style mismatch on JSHandle@node 
  - rendered on server: style="width:1em;height:1em;--c613ce94-iconUrl:url('https://api.iconify.design/ph/star-fill.svg');"
  - expected on client: style="width:1em;height:1em;"
  Note: this mismatch is check-only. The DOM will not be rectified in production due to performance overhead.
  You should fix the source of the mismatch. 
  at <IconCSS key=5 name="ph:star-fill" class="review-card__star filled" > 
  at <SnapSlide key=2 > 
  at <SnapCarousel items= [Object, Object, Object, Object, Object, Object, Object, Object, Object, Object, Object, Object, Object, Object, Object, Object, Object, Object, Object, Object] items-per-page= {mobile: 1, tablet: 2, desktop: 3, ld: 3, xld: 3} gap= {mobile: 16, tablet: 20, desktop: 24}  ... > 
  at <GoogleReviews> 
  at <Index onVnodeUnmounted=fn<onVnodeUnmounted> ref=Ref< undefined > > 
  at <RouteProvider key="/" vnode= {__v_isVNode: true, __v_skip: true, type: Object, props: Object, key: null} route= {fullPath: /, hash: , query: Object, name: index___cs, path: /}  ... > 
  at <RouterView name=undefined route=undefined > 
  at <NuxtPage> 
  at <Body> 
  at <Html lang="cs-CZ" dir="ltr" > 
  at <Landing ref=Ref< undefined > > 
  at <AsyncComponentWrapper ref=Ref< undefined > > 
  at <LayoutLoader key="landing" layoutProps= {ref: RefImpl} name="landing" > 
  at <NuxtLayoutProvider layoutProps= {ref: RefImpl} key="landing" name="landing"  ... > 
  at <NuxtLayout> 
  at <App key=4 > 
  at <NuxtRoot> @ http://localhost:3001/_nuxt/@fs/Users/andrejkoval/Dev/vivadzen/src/front/node_modules/@vue/runtime-core/dist/runtime-core.esm-bundler.js?v=52c0a703:49
[    1687ms] [WARNING] [Vue warn]: Hydration style mismatch on JSHandle@node 
  - rendered on server: style="width:1em;height:1em;--c613ce94-iconUrl:url('https://api.iconify.design/logos/google-icon.svg');"
  - expected on client: style="width:1em;height:1em;"
  Note: this mismatch is check-only. The DOM will not be rectified in production due to performance overhead.
  You should fix the source of the mismatch. 
  at <IconCSS name="logos:google-icon" class="review-card__google-icon" > 
  at <SnapSlide key=3 > 
  at <SnapCarousel items= [Object, Object, Object, Object, Object, Object, Object, Object, Object, Object, Object, Object, Object, Object, Object, Object, Object, Object, Object, Object] items-per-page= {mobile: 1, tablet: 2, desktop: 3, ld: 3, xld: 3} gap= {mobile: 16, tablet: 20, desktop: 24}  ... > 
  at <GoogleReviews> 
  at <Index onVnodeUnmounted=fn<onVnodeUnmounted> ref=Ref< undefined > > 
  at <RouteProvider key="/" vnode= {__v_isVNode: true, __v_skip: true, type: Object, props: Object, key: null} route= {fullPath: /, hash: , query: Object, name: index___cs, path: /}  ... > 
  at <RouterView name=undefined route=undefined > 
  at <NuxtPage> 
  at <Body> 
  at <Html lang="cs-CZ" dir="ltr" > 
  at <Landing ref=Ref< undefined > > 
  at <AsyncComponentWrapper ref=Ref< undefined > > 
  at <LayoutLoader key="landing" layoutProps= {ref: RefImpl} name="landing" > 
  at <NuxtLayoutProvider layoutProps= {ref: RefImpl} key="landing" name="landing"  ... > 
  at <NuxtLayout> 
  at <App key=4 > 
  at <NuxtRoot> @ http://localhost:3001/_nuxt/@fs/Users/andrejkoval/Dev/vivadzen/src/front/node_modules/@vue/runtime-core/dist/runtime-core.esm-bundler.js?v=52c0a703:49
[    1688ms] [WARNING] [Vue warn]: Hydration style mismatch on JSHandle@node 
  - rendered on server: style="width:1em;height:1em;--c613ce94-iconUrl:url('https://api.iconify.design/ph/star-fill.svg');"
  - expected on client: style="width:1em;height:1em;"
  Note: this mismatch is check-only. The DOM will not be rectified in production due to performance overhead.
  You should fix the source of the mismatch. 
  at <IconCSS key=1 name="ph:star-fill" class="review-card__star filled" > 
  at <SnapSlide key=3 > 
  at <SnapCarousel items= [Object, Object, Object, Object, Object, Object, Object, Object, Object, Object, Object, Object, Object, Object, Object, Object, Object, Object, Object, Object] items-per-page= {mobile: 1, tablet: 2, desktop: 3, ld: 3, xld: 3} gap= {mobile: 16, tablet: 20, desktop: 24}  ... > 
  at <GoogleReviews> 
  at <Index onVnodeUnmounted=fn<onVnodeUnmounted> ref=Ref< undefined > > 
  at <RouteProvider key="/" vnode= {__v_isVNode: true, __v_skip: true, type: Object, props: Object, key: null} route= {fullPath: /, hash: , query: Object, name: index___cs, path: /}  ... > 
  at <RouterView name=undefined route=undefined > 
  at <NuxtPage> 
  at <Body> 
  at <Html lang="cs-CZ" dir="ltr" > 
  at <Landing ref=Ref< undefined > > 
  at <AsyncComponentWrapper ref=Ref< undefined > > 
  at <LayoutLoader key="landing" layoutProps= {ref: RefImpl} name="landing" > 
  at <NuxtLayoutProvider layoutProps= {ref: RefImpl} key="landing" name="landing"  ... > 
  at <NuxtLayout> 
  at <App key=4 > 
  at <NuxtRoot> @ http://localhost:3001/_nuxt/@fs/Users/andrejkoval/Dev/vivadzen/src/front/node_modules/@vue/runtime-core/dist/runtime-core.esm-bundler.js?v=52c0a703:49
[    1688ms] [WARNING] [Vue warn]: Hydration style mismatch on JSHandle@node 
  - rendered on server: style="width:1em;height:1em;--c613ce94-iconUrl:url('https://api.iconify.design/ph/star-fill.svg');"
  - expected on client: style="width:1em;height:1em;"
  Note: this mismatch is check-only. The DOM will not be rectified in production due to performance overhead.
  You should fix the source of the mismatch. 
  at <IconCSS key=2 name="ph:star-fill" class="review-card__star filled" > 
  at <SnapSlide key=3 > 
  at <SnapCarousel items= [Object, Object, Object, Object, Object, Object, Object, Object, Object, Object, Object, Object, Object, Object, Object, Object, Object, Object, Object, Object] items-per-page= {mobile: 1, tablet: 2, desktop: 3, ld: 3, xld: 3} gap= {mobile: 16, tablet: 20, desktop: 24}  ... > 
  at <GoogleReviews> 
  at <Index onVnodeUnmounted=fn<onVnodeUnmounted> ref=Ref< undefined > > 
  at <RouteProvider key="/" vnode= {__v_isVNode: true, __v_skip: true, type: Object, props: Object, key: null} route= {fullPath: /, hash: , query: Object, name: index___cs, path: /}  ... > 
  at <RouterView name=undefined route=undefined > 
  at <NuxtPage> 
  at <Body> 
  at <Html lang="cs-CZ" dir="ltr" > 
  at <Landing ref=Ref< undefined > > 
  at <AsyncComponentWrapper ref=Ref< undefined > > 
  at <LayoutLoader key="landing" layoutProps= {ref: RefImpl} name="landing" > 
  at <NuxtLayoutProvider layoutProps= {ref: RefImpl} key="landing" name="landing"  ... > 
  at <NuxtLayout> 
  at <App key=4 > 
  at <NuxtRoot> @ http://localhost:3001/_nuxt/@fs/Users/andrejkoval/Dev/vivadzen/src/front/node_modules/@vue/runtime-core/dist/runtime-core.esm-bundler.js?v=52c0a703:49
[    1688ms] [WARNING] [Vue warn]: Hydration style mismatch on JSHandle@node 
  - rendered on server: style="width:1em;height:1em;--c613ce94-iconUrl:url('https://api.iconify.design/ph/star-fill.svg');"
  - expected on client: style="width:1em;height:1em;"
  Note: this mismatch is check-only. The DOM will not be rectified in production due to performance overhead.
  You should fix the source of the mismatch. 
  at <IconCSS key=3 name="ph:star-fill" class="review-card__star filled" > 
  at <SnapSlide key=3 > 
  at <SnapCarousel items= [Object, Object, Object, Object, Object, Object, Object, Object, Object, Object, Object, Object, Object, Object, Object, Object, Object, Object, Object, Object] items-per-page= {mobile: 1, tablet: 2, desktop: 3, ld: 3, xld: 3} gap= {mobile: 16, tablet: 20, desktop: 24}  ... > 
  at <GoogleReviews> 
  at <Index onVnodeUnmounted=fn<onVnodeUnmounted> ref=Ref< undefined > > 
  at <RouteProvider key="/" vnode= {__v_isVNode: true, __v_skip: true, type: Object, props: Object, key: null} route= {fullPath: /, hash: , query: Object, name: index___cs, path: /}  ... > 
  at <RouterView name=undefined route=undefined > 
  at <NuxtPage> 
  at <Body> 
  at <Html lang="cs-CZ" dir="ltr" > 
  at <Landing ref=Ref< undefined > > 
  at <AsyncComponentWrapper ref=Ref< undefined > > 
  at <LayoutLoader key="landing" layoutProps= {ref: RefImpl} name="landing" > 
  at <NuxtLayoutProvider layoutProps= {ref: RefImpl} key="landing" name="landing"  ... > 
  at <NuxtLayout> 
  at <App key=4 > 
  at <NuxtRoot> @ http://localhost:3001/_nuxt/@fs/Users/andrejkoval/Dev/vivadzen/src/front/node_modules/@vue/runtime-core/dist/runtime-core.esm-bundler.js?v=52c0a703:49
[    1688ms] [WARNING] [Vue warn]: Hydration style mismatch on JSHandle@node 
  - rendered on server: style="width:1em;height:1em;--c613ce94-iconUrl:url('https://api.iconify.design/ph/star-fill.svg');"
  - expected on client: style="width:1em;height:1em;"
  Note: this mismatch is check-only. The DOM will not be rectified in production due to performance overhead.
  You should fix the source of the mismatch. 
  at <IconCSS key=4 name="ph:star-fill" class="review-card__star filled" > 
  at <SnapSlide key=3 > 
  at <SnapCarousel items= [Object, Object, Object, Object, Object, Object, Object, Object, Object, Object, Object, Object, Object, Object, Object, Object, Object, Object, Object, Object] items-per-page= {mobile: 1, tablet: 2, desktop: 3, ld: 3, xld: 3} gap= {mobile: 16, tablet: 20, desktop: 24}  ... > 
  at <GoogleReviews> 
  at <Index onVnodeUnmounted=fn<onVnodeUnmounted> ref=Ref< undefined > > 
  at <RouteProvider key="/" vnode= {__v_isVNode: true, __v_skip: true, type: Object, props: Object, key: null} route= {fullPath: /, hash: , query: Object, name: index___cs, path: /}  ... > 
  at <RouterView name=undefined route=undefined > 
  at <NuxtPage> 
  at <Body> 
  at <Html lang="cs-CZ" dir="ltr" > 
  at <Landing ref=Ref< undefined > > 
  at <AsyncComponentWrapper ref=Ref< undefined > > 
  at <LayoutLoader key="landing" layoutProps= {ref: RefImpl} name="landing" > 
  at <NuxtLayoutProvider layoutProps= {ref: RefImpl} key="landing" name="landing"  ... > 
  at <NuxtLayout> 
  at <App key=4 > 
  at <NuxtRoot> @ http://localhost:3001/_nuxt/@fs/Users/andrejkoval/Dev/vivadzen/src/front/node_modules/@vue/runtime-core/dist/runtime-core.esm-bundler.js?v=52c0a703:49
[    1689ms] [WARNING] [Vue warn]: Hydration style mismatch on JSHandle@node 
  - rendered on server: style="width:1em;height:1em;--c613ce94-iconUrl:url('https://api.iconify.design/ph/star-fill.svg');"
  - expected on client: style="width:1em;height:1em;"
  Note: this mismatch is check-only. The DOM will not be rectified in production due to performance overhead.
  You should fix the source of the mismatch. 
  at <IconCSS key=5 name="ph:star-fill" class="review-card__star filled" > 
  at <SnapSlide key=3 > 
  at <SnapCarousel items= [Object, Object, Object, Object, Object, Object, Object, Object, Object, Object, Object, Object, Object, Object, Object, Object, Object, Object, Object, Object] items-per-page= {mobile: 1, tablet: 2, desktop: 3, ld: 3, xld: 3} gap= {mobile: 16, tablet: 20, desktop: 24}  ... > 
  at <GoogleReviews> 
  at <Index onVnodeUnmounted=fn<onVnodeUnmounted> ref=Ref< undefined > > 
  at <RouteProvider key="/" vnode= {__v_isVNode: true, __v_skip: true, type: Object, props: Object, key: null} route= {fullPath: /, hash: , query: Object, name: index___cs, path: /}  ... > 
  at <RouterView name=undefined route=undefined > 
  at <NuxtPage> 
  at <Body> 
  at <Html lang="cs-CZ" dir="ltr" > 
  at <Landing ref=Ref< undefined > > 
  at <AsyncComponentWrapper ref=Ref< undefined > > 
  at <LayoutLoader key="landing" layoutProps= {ref: RefImpl} name="landing" > 
  at <NuxtLayoutProvider layoutProps= {ref: RefImpl} key="landing" name="landing"  ... > 
  at <NuxtLayout> 
  at <App key=4 > 
  at <NuxtRoot> @ http://localhost:3001/_nuxt/@fs/Users/andrejkoval/Dev/vivadzen/src/front/node_modules/@vue/runtime-core/dist/runtime-core.esm-bundler.js?v=52c0a703:49
[    1689ms] [WARNING] [Vue warn]: Hydration style mismatch on JSHandle@node 
  - rendered on server: style="width:1em;height:1em;--c613ce94-iconUrl:url('https://api.iconify.design/logos/google-icon.svg');"
  - expected on client: style="width:1em;height:1em;"
  Note: this mismatch is check-only. The DOM will not be rectified in production due to performance overhead.
  You should fix the source of the mismatch. 
  at <IconCSS name="logos:google-icon" class="review-card__google-icon" > 
  at <SnapSlide key=4 > 
  at <SnapCarousel items= [Object, Object, Object, Object, Object, Object, Object, Object, Object, Object, Object, Object, Object, Object, Object, Object, Object, Object, Object, Object] items-per-page= {mobile: 1, tablet: 2, desktop: 3, ld: 3, xld: 3} gap= {mobile: 16, tablet: 20, desktop: 24}  ... > 
  at <GoogleReviews> 
  at <Index onVnodeUnmounted=fn<onVnodeUnmounted> ref=Ref< undefined > > 
  at <RouteProvider key="/" vnode= {__v_isVNode: true, __v_skip: true, type: Object, props: Object, key: null} route= {fullPath: /, hash: , query: Object, name: index___cs, path: /}  ... > 
  at <RouterView name=undefined route=undefined > 
  at <NuxtPage> 
  at <Body> 
  at <Html lang="cs-CZ" dir="ltr" > 
  at <Landing ref=Ref< undefined > > 
  at <AsyncComponentWrapper ref=Ref< undefined > > 
  at <LayoutLoader key="landing" layoutProps= {ref: RefImpl} name="landing" > 
  at <NuxtLayoutProvider layoutProps= {ref: RefImpl} key="landing" name="landing"  ... > 
  at <NuxtLayout> 
  at <App key=4 > 
  at <NuxtRoot> @ http://localhost:3001/_nuxt/@fs/Users/andrejkoval/Dev/vivadzen/src/front/node_modules/@vue/runtime-core/dist/runtime-core.esm-bundler.js?v=52c0a703:49
[    1689ms] [WARNING] [Vue warn]: Hydration style mismatch on JSHandle@node 
  - rendered on server: style="width:1em;height:1em;--c613ce94-iconUrl:url('https://api.iconify.design/ph/star-fill.svg');"
  - expected on client: style="width:1em;height:1em;"
  Note: this mismatch is check-only. The DOM will not be rectified in production due to performance overhead.
  You should fix the source of the mismatch. 
  at <IconCSS key=1 name="ph:star-fill" class="review-card__star filled" > 
  at <SnapSlide key=4 > 
  at <SnapCarousel items= [Object, Object, Object, Object, Object, Object, Object, Object, Object, Object, Object, Object, Object, Object, Object, Object, Object, Object, Object, Object] items-per-page= {mobile: 1, tablet: 2, desktop: 3, ld: 3, xld: 3} gap= {mobile: 16, tablet: 20, desktop: 24}  ... > 
  at <GoogleReviews> 
  at <Index onVnodeUnmounted=fn<onVnodeUnmounted> ref=Ref< undefined > > 
  at <RouteProvider key="/" vnode= {__v_isVNode: true, __v_skip: true, type: Object, props: Object, key: null} route= {fullPath: /, hash: , query: Object, name: index___cs, path: /}  ... > 
  at <RouterView name=undefined route=undefined > 
  at <NuxtPage> 
  at <Body> 
  at <Html lang="cs-CZ" dir="ltr" > 
  at <Landing ref=Ref< undefined > > 
  at <AsyncComponentWrapper ref=Ref< undefined > > 
  at <LayoutLoader key="landing" layoutProps= {ref: RefImpl} name="landing" > 
  at <NuxtLayoutProvider layoutProps= {ref: RefImpl} key="landing" name="landing"  ... > 
  at <NuxtLayout> 
  at <App key=4 > 
  at <NuxtRoot> @ http://localhost:3001/_nuxt/@fs/Users/andrejkoval/Dev/vivadzen/src/front/node_modules/@vue/runtime-core/dist/runtime-core.esm-bundler.js?v=52c0a703:49
[    1689ms] [WARNING] [Vue warn]: Hydration style mismatch on JSHandle@node 
  - rendered on server: style="width:1em;height:1em;--c613ce94-iconUrl:url('https://api.iconify.design/ph/star-fill.svg');"
  - expected on client: style="width:1em;height:1em;"
  Note: this mismatch is check-only. The DOM will not be rectified in production due to performance overhead.
  You should fix the source of the mismatch. 
  at <IconCSS key=2 name="ph:star-fill" class="review-card__star filled" > 
  at <SnapSlide key=4 > 
  at <SnapCarousel items= [Object, Object, Object, Object, Object, Object, Object, Object, Object, Object, Object, Object, Object, Object, Object, Object, Object, Object, Object, Object] items-per-page= {mobile: 1, tablet: 2, desktop: 3, ld: 3, xld: 3} gap= {mobile: 16, tablet: 20, desktop: 24}  ... > 
  at <GoogleReviews> 
  at <Index onVnodeUnmounted=fn<onVnodeUnmounted> ref=Ref< undefined > > 
  at <RouteProvider key="/" vnode= {__v_isVNode: true, __v_skip: true, type: Object, props: Object, key: null} route= {fullPath: /, hash: , query: Object, name: index___cs, path: /}  ... > 
  at <RouterView name=undefined route=undefined > 
  at <NuxtPage> 
  at <Body> 
  at <Html lang="cs-CZ" dir="ltr" > 
  at <Landing ref=Ref< undefined > > 
  at <AsyncComponentWrapper ref=Ref< undefined > > 
  at <LayoutLoader key="landing" layoutProps= {ref: RefImpl} name="landing" > 
  at <NuxtLayoutProvider layoutProps= {ref: RefImpl} key="landing" name="landing"  ... > 
  at <NuxtLayout> 
  at <App key=4 > 
  at <NuxtRoot> @ http://localhost:3001/_nuxt/@fs/Users/andrejkoval/Dev/vivadzen/src/front/node_modules/@vue/runtime-core/dist/runtime-core.esm-bundler.js?v=52c0a703:49
[    1690ms] [WARNING] [Vue warn]: Hydration style mismatch on JSHandle@node 
  - rendered on server: style="width:1em;height:1em;--c613ce94-iconUrl:url('https://api.iconify.design/ph/star-fill.svg');"
  - expected on client: style="width:1em;height:1em;"
  Note: this mismatch is check-only. The DOM will not be rectified in production due to performance overhead.
  You should fix the source of the mismatch. 
  at <IconCSS key=3 name="ph:star-fill" class="review-card__star filled" > 
  at <SnapSlide key=4 > 
  at <SnapCarousel items= [Object, Object, Object, Object, Object, Object, Object, Object, Object, Object, Object, Object, Object, Object, Object, Object, Object, Object, Object, Object] items-per-page= {mobile: 1, tablet: 2, desktop: 3, ld: 3, xld: 3} gap= {mobile: 16, tablet: 20, desktop: 24}  ... > 
  at <GoogleReviews> 
  at <Index onVnodeUnmounted=fn<onVnodeUnmounted> ref=Ref< undefined > > 
  at <RouteProvider key="/" vnode= {__v_isVNode: true, __v_skip: true, type: Object, props: Object, key: null} route= {fullPath: /, hash: , query: Object, name: index___cs, path: /}  ... > 
  at <RouterView name=undefined route=undefined > 
  at <NuxtPage> 
  at <Body> 
  at <Html lang="cs-CZ" dir="ltr" > 
  at <Landing ref=Ref< undefined > > 
  at <AsyncComponentWrapper ref=Ref< undefined > > 
  at <LayoutLoader key="landing" layoutProps= {ref: RefImpl} name="landing" > 
  at <NuxtLayoutProvider layoutProps= {ref: RefImpl} key="landing" name="landing"  ... > 
  at <NuxtLayout> 
  at <App key=4 > 
  at <NuxtRoot> @ http://localhost:3001/_nuxt/@fs/Users/andrejkoval/Dev/vivadzen/src/front/node_modules/@vue/runtime-core/dist/runtime-core.esm-bundler.js?v=52c0a703:49
[    1690ms] [WARNING] [Vue warn]: Hydration style mismatch on JSHandle@node 
  - rendered on server: style="width:1em;height:1em;--c613ce94-iconUrl:url('https://api.iconify.design/ph/star-fill.svg');"
  - expected on client: style="width:1em;height:1em;"
  Note: this mismatch is check-only. The DOM will not be rectified in production due to performance overhead.
  You should fix the source of the mismatch. 
  at <IconCSS key=4 name="ph:star-fill" class="review-card__star filled" > 
  at <SnapSlide key=4 > 
  at <SnapCarousel items= [Object, Object, Object, Object, Object, Object, Object, Object, Object, Object, Object, Object, Object, Object, Object, Object, Object, Object, Object, Object] items-per-page= {mobile: 1, tablet: 2, desktop: 3, ld: 3, xld: 3} gap= {mobile: 16, tablet: 20, desktop: 24}  ... > 
  at <GoogleReviews> 
  at <Index onVnodeUnmounted=fn<onVnodeUnmounted> ref=Ref< undefined > > 
  at <RouteProvider key="/" vnode= {__v_isVNode: true, __v_skip: true, type: Object, props: Object, key: null} route= {fullPath: /, hash: , query: Object, name: index___cs, path: /}  ... > 
  at <RouterView name=undefined route=undefined > 
  at <NuxtPage> 
  at <Body> 
  at <Html lang="cs-CZ" dir="ltr" > 
  at <Landing ref=Ref< undefined > > 
  at <AsyncComponentWrapper ref=Ref< undefined > > 
  at <LayoutLoader key="landing" layoutProps= {ref: RefImpl} name="landing" > 
  at <NuxtLayoutProvider layoutProps= {ref: RefImpl} key="landing" name="landing"  ... > 
  at <NuxtLayout> 
  at <App key=4 > 
  at <NuxtRoot> @ http://localhost:3001/_nuxt/@fs/Users/andrejkoval/Dev/vivadzen/src/front/node_modules/@vue/runtime-core/dist/runtime-core.esm-bundler.js?v=52c0a703:49
[    1690ms] [WARNING] [Vue warn]: Hydration style mismatch on JSHandle@node 
  - rendered on server: style="width:1em;height:1em;--c613ce94-iconUrl:url('https://api.iconify.design/ph/star-fill.svg');"
  - expected on client: style="width:1em;height:1em;"
  Note: this mismatch is check-only. The DOM will not be rectified in production due to performance overhead.
  You should fix the source of the mismatch. 
  at <IconCSS key=5 name="ph:star-fill" class="review-card__star filled" > 
  at <SnapSlide key=4 > 
  at <SnapCarousel items= [Object, Object, Object, Object, Object, Object, Object, Object, Object, Object, Object, Object, Object, Object, Object, Object, Object, Object, Object, Object] items-per-page= {mobile: 1, tablet: 2, desktop: 3, ld: 3, xld: 3} gap= {mobile: 16, tablet: 20, desktop: 24}  ... > 
  at <GoogleReviews> 
  at <Index onVnodeUnmounted=fn<onVnodeUnmounted> ref=Ref< undefined > > 
  at <RouteProvider key="/" vnode= {__v_isVNode: true, __v_skip: true, type: Object, props: Object, key: null} route= {fullPath: /, hash: , query: Object, name: index___cs, path: /}  ... > 
  at <RouterView name=undefined route=undefined > 
  at <NuxtPage> 
  at <Body> 
  at <Html lang="cs-CZ" dir="ltr" > 
  at <Landing ref=Ref< undefined > > 
  at <AsyncComponentWrapper ref=Ref< undefined > > 
  at <LayoutLoader key="landing" layoutProps= {ref: RefImpl} name="landing" > 
  at <NuxtLayoutProvider layoutProps= {ref: RefImpl} key="landing" name="landing"  ... > 
  at <NuxtLayout> 
  at <App key=4 > 
  at <NuxtRoot> @ http://localhost:3001/_nuxt/@fs/Users/andrejkoval/Dev/vivadzen/src/front/node_modules/@vue/runtime-core/dist/runtime-core.esm-bundler.js?v=52c0a703:49
[    1691ms] [WARNING] [Vue warn]: Hydration style mismatch on JSHandle@node 
  - rendered on server: style="width:1em;height:1em;--c613ce94-iconUrl:url('https://api.iconify.design/logos/google-icon.svg');"
  - expected on client: style="width:1em;height:1em;"
  Note: this mismatch is check-only. The DOM will not be rectified in production due to performance overhead.
  You should fix the source of the mismatch. 
  at <IconCSS name="logos:google-icon" class="review-card__google-icon" > 
  at <SnapSlide key=5 > 
  at <SnapCarousel items= [Object, Object, Object, Object, Object, Object, Object, Object, Object, Object, Object, Object, Object, Object, Object, Object, Object, Object, Object, Object] items-per-page= {mobile: 1, tablet: 2, desktop: 3, ld: 3, xld: 3} gap= {mobile: 16, tablet: 20, desktop: 24}  ... > 
  at <GoogleReviews> 
  at <Index onVnodeUnmounted=fn<onVnodeUnmounted> ref=Ref< undefined > > 
  at <RouteProvider key="/" vnode= {__v_isVNode: true, __v_skip: true, type: Object, props: Object, key: null} route= {fullPath: /, hash: , query: Object, name: index___cs, path: /}  ... > 
  at <RouterView name=undefined route=undefined > 
  at <NuxtPage> 
  at <Body> 
  at <Html lang="cs-CZ" dir="ltr" > 
  at <Landing ref=Ref< undefined > > 
  at <AsyncComponentWrapper ref=Ref< undefined > > 
  at <LayoutLoader key="landing" layoutProps= {ref: RefImpl} name="landing" > 
  at <NuxtLayoutProvider layoutProps= {ref: RefImpl} key="landing" name="landing"  ... > 
  at <NuxtLayout> 
  at <App key=4 > 
  at <NuxtRoot> @ http://localhost:3001/_nuxt/@fs/Users/andrejkoval/Dev/vivadzen/src/front/node_modules/@vue/runtime-core/dist/runtime-core.esm-bundler.js?v=52c0a703:49
[    1691ms] [WARNING] [Vue warn]: Hydration style mismatch on JSHandle@node 
  - rendered on server: style="width:1em;height:1em;--c613ce94-iconUrl:url('https://api.iconify.design/ph/star-fill.svg');"
  - expected on client: style="width:1em;height:1em;"
  Note: this mismatch is check-only. The DOM will not be rectified in production due to performance overhead.
  You should fix the source of the mismatch. 
  at <IconCSS key=1 name="ph:star-fill" class="review-card__star filled" > 
  at <SnapSlide key=5 > 
  at <SnapCarousel items= [Object, Object, Object, Object, Object, Object, Object, Object, Object, Object, Object, Object, Object, Object, Object, Object, Object, Object, Object, Object] items-per-page= {mobile: 1, tablet: 2, desktop: 3, ld: 3, xld: 3} gap= {mobile: 16, tablet: 20, desktop: 24}  ... > 
  at <GoogleReviews> 
  at <Index onVnodeUnmounted=fn<onVnodeUnmounted> ref=Ref< undefined > > 
  at <RouteProvider key="/" vnode= {__v_isVNode: true, __v_skip: true, type: Object, props: Object, key: null} route= {fullPath: /, hash: , query: Object, name: index___cs, path: /}  ... > 
  at <RouterView name=undefined route=undefined > 
  at <NuxtPage> 
  at <Body> 
  at <Html lang="cs-CZ" dir="ltr" > 
  at <Landing ref=Ref< undefined > > 
  at <AsyncComponentWrapper ref=Ref< undefined > > 
  at <LayoutLoader key="landing" layoutProps= {ref: RefImpl} name="landing" > 
  at <NuxtLayoutProvider layoutProps= {ref: RefImpl} key="landing" name="landing"  ... > 
  at <NuxtLayout> 
  at <App key=4 > 
  at <NuxtRoot> @ http://localhost:3001/_nuxt/@fs/Users/andrejkoval/Dev/vivadzen/src/front/node_modules/@vue/runtime-core/dist/runtime-core.esm-bundler.js?v=52c0a703:49
[    1691ms] [WARNING] [Vue warn]: Hydration style mismatch on JSHandle@node 
  - rendered on server: style="width:1em;height:1em;--c613ce94-iconUrl:url('https://api.iconify.design/ph/star-fill.svg');"
  - expected on client: style="width:1em;height:1em;"
  Note: this mismatch is check-only. The DOM will not be rectified in production due to performance overhead.
  You should fix the source of the mismatch. 
  at <IconCSS key=2 name="ph:star-fill" class="review-card__star filled" > 
  at <SnapSlide key=5 > 
  at <SnapCarousel items= [Object, Object, Object, Object, Object, Object, Object, Object, Object, Object, Object, Object, Object, Object, Object, Object, Object, Object, Object, Object] items-per-page= {mobile: 1, tablet: 2, desktop: 3, ld: 3, xld: 3} gap= {mobile: 16, tablet: 20, desktop: 24}  ... > 
  at <GoogleReviews> 
  at <Index onVnodeUnmounted=fn<onVnodeUnmounted> ref=Ref< undefined > > 
  at <RouteProvider key="/" vnode= {__v_isVNode: true, __v_skip: true, type: Object, props: Object, key: null} route= {fullPath: /, hash: , query: Object, name: index___cs, path: /}  ... > 
  at <RouterView name=undefined route=undefined > 
  at <NuxtPage> 
  at <Body> 
  at <Html lang="cs-CZ" dir="ltr" > 
  at <Landing ref=Ref< undefined > > 
  at <AsyncComponentWrapper ref=Ref< undefined > > 
  at <LayoutLoader key="landing" layoutProps= {ref: RefImpl} name="landing" > 
  at <NuxtLayoutProvider layoutProps= {ref: RefImpl} key="landing" name="landing"  ... > 
  at <NuxtLayout> 
  at <App key=4 > 
  at <NuxtRoot> @ http://localhost:3001/_nuxt/@fs/Users/andrejkoval/Dev/vivadzen/src/front/node_modules/@vue/runtime-core/dist/runtime-core.esm-bundler.js?v=52c0a703:49
[    1694ms] [WARNING] [Vue warn]: Hydration style mismatch on JSHandle@node 
  - rendered on server: style="width:1em;height:1em;--c613ce94-iconUrl:url('https://api.iconify.design/ph/star-fill.svg');"
  - expected on client: style="width:1em;height:1em;"
  Note: this mismatch is check-only. The DOM will not be rectified in production due to performance overhead.
  You should fix the source of the mismatch. 
  at <IconCSS key=3 name="ph:star-fill" class="review-card__star filled" > 
  at <SnapSlide key=5 > 
  at <SnapCarousel items= [Object, Object, Object, Object, Object, Object, Object, Object, Object, Object, Object, Object, Object, Object, Object, Object, Object, Object, Object, Object] items-per-page= {mobile: 1, tablet: 2, desktop: 3, ld: 3, xld: 3} gap= {mobile: 16, tablet: 20, desktop: 24}  ... > 
  at <GoogleReviews> 
  at <Index onVnodeUnmounted=fn<onVnodeUnmounted> ref=Ref< undefined > > 
  at <RouteProvider key="/" vnode= {__v_isVNode: true, __v_skip: true, type: Object, props: Object, key: null} route= {fullPath: /, hash: , query: Object, name: index___cs, path: /}  ... > 
  at <RouterView name=undefined route=undefined > 
  at <NuxtPage> 
  at <Body> 
  at <Html lang="cs-CZ" dir="ltr" > 
  at <Landing ref=Ref< undefined > > 
  at <AsyncComponentWrapper ref=Ref< undefined > > 
  at <LayoutLoader key="landing" layoutProps= {ref: RefImpl} name="landing" > 
  at <NuxtLayoutProvider layoutProps= {ref: RefImpl} key="landing" name="landing"  ... > 
  at <NuxtLayout> 
  at <App key=4 > 
  at <NuxtRoot> @ http://localhost:3001/_nuxt/@fs/Users/andrejkoval/Dev/vivadzen/src/front/node_modules/@vue/runtime-core/dist/runtime-core.esm-bundler.js?v=52c0a703:49
[    1694ms] [WARNING] [Vue warn]: Hydration style mismatch on JSHandle@node 
  - rendered on server: style="width:1em;height:1em;--c613ce94-iconUrl:url('https://api.iconify.design/ph/star-fill.svg');"
  - expected on client: style="width:1em;height:1em;"
  Note: this mismatch is check-only. The DOM will not be rectified in production due to performance overhead.
  You should fix the source of the mismatch. 
  at <IconCSS key=4 name="ph:star-fill" class="review-card__star filled" > 
  at <SnapSlide key=5 > 
  at <SnapCarousel items= [Object, Object, Object, Object, Object, Object, Object, Object, Object, Object, Object, Object, Object, Object, Object, Object, Object, Object, Object, Object] items-per-page= {mobile: 1, tablet: 2, desktop: 3, ld: 3, xld: 3} gap= {mobile: 16, tablet: 20, desktop: 24}  ... > 
  at <GoogleReviews> 
  at <Index onVnodeUnmounted=fn<onVnodeUnmounted> ref=Ref< undefined > > 
  at <RouteProvider key="/" vnode= {__v_isVNode: true, __v_skip: true, type: Object, props: Object, key: null} route= {fullPath: /, hash: , query: Object, name: index___cs, path: /}  ... > 
  at <RouterView name=undefined route=undefined > 
  at <NuxtPage> 
  at <Body> 
  at <Html lang="cs-CZ" dir="ltr" > 
  at <Landing ref=Ref< undefined > > 
  at <AsyncComponentWrapper ref=Ref< undefined > > 
  at <LayoutLoader key="landing" layoutProps= {ref: RefImpl} name="landing" > 
  at <NuxtLayoutProvider layoutProps= {ref: RefImpl} key="landing" name="landing"  ... > 
  at <NuxtLayout> 
  at <App key=4 > 
  at <NuxtRoot> @ http://localhost:3001/_nuxt/@fs/Users/andrejkoval/Dev/vivadzen/src/front/node_modules/@vue/runtime-core/dist/runtime-core.esm-bundler.js?v=52c0a703:49
[    1694ms] [WARNING] [Vue warn]: Hydration style mismatch on JSHandle@node 
  - rendered on server: style="width:1em;height:1em;--c613ce94-iconUrl:url('https://api.iconify.design/ph/star-fill.svg');"
  - expected on client: style="width:1em;height:1em;"
  Note: this mismatch is check-only. The DOM will not be rectified in production due to performance overhead.
  You should fix the source of the mismatch. 
  at <IconCSS key=5 name="ph:star-fill" class="review-card__star filled" > 
  at <SnapSlide key=5 > 
  at <SnapCarousel items= [Object, Object, Object, Object, Object, Object, Object, Object, Object, Object, Object, Object, Object, Object, Object, Object, Object, Object, Object, Object] items-per-page= {mobile: 1, tablet: 2, desktop: 3, ld: 3, xld: 3} gap= {mobile: 16, tablet: 20, desktop: 24}  ... > 
  at <GoogleReviews> 
  at <Index onVnodeUnmounted=fn<onVnodeUnmounted> ref=Ref< undefined > > 
  at <RouteProvider key="/" vnode= {__v_isVNode: true, __v_skip: true, type: Object, props: Object, key: null} route= {fullPath: /, hash: , query: Object, name: index___cs, path: /}  ... > 
  at <RouterView name=undefined route=undefined > 
  at <NuxtPage> 
  at <Body> 
  at <Html lang="cs-CZ" dir="ltr" > 
  at <Landing ref=Ref< undefined > > 
  at <AsyncComponentWrapper ref=Ref< undefined > > 
  at <LayoutLoader key="landing" layoutProps= {ref: RefImpl} name="landing" > 
  at <NuxtLayoutProvider layoutProps= {ref: RefImpl} key="landing" name="landing"  ... > 
  at <NuxtLayout> 
  at <App key=4 > 
  at <NuxtRoot> @ http://localhost:3001/_nuxt/@fs/Users/andrejkoval/Dev/vivadzen/src/front/node_modules/@vue/runtime-core/dist/runtime-core.esm-bundler.js?v=52c0a703:49
[    1695ms] [WARNING] [Vue warn]: Hydration style mismatch on JSHandle@node 
  - rendered on server: style="width:1em;height:1em;--c613ce94-iconUrl:url('https://api.iconify.design/logos/google-icon.svg');"
  - expected on client: style="width:1em;height:1em;"
  Note: this mismatch is check-only. The DOM will not be rectified in production due to performance overhead.
  You should fix the source of the mismatch. 
  at <IconCSS name="logos:google-icon" class="review-card__google-icon" > 
  at <SnapSlide key=6 > 
  at <SnapCarousel items= [Object, Object, Object, Object, Object, Object, Object, Object, Object, Object, Object, Object, Object, Object, Object, Object, Object, Object, Object, Object] items-per-page= {mobile: 1, tablet: 2, desktop: 3, ld: 3, xld: 3} gap= {mobile: 16, tablet: 20, desktop: 24}  ... > 
  at <GoogleReviews> 
  at <Index onVnodeUnmounted=fn<onVnodeUnmounted> ref=Ref< undefined > > 
  at <RouteProvider key="/" vnode= {__v_isVNode: true, __v_skip: true, type: Object, props: Object, key: null} route= {fullPath: /, hash: , query: Object, name: index___cs, path: /}  ... > 
  at <RouterView name=undefined route=undefined > 
  at <NuxtPage> 
  at <Body> 
  at <Html lang="cs-CZ" dir="ltr" > 
  at <Landing ref=Ref< undefined > > 
  at <AsyncComponentWrapper ref=Ref< undefined > > 
  at <LayoutLoader key="landing" layoutProps= {ref: RefImpl} name="landing" > 
  at <NuxtLayoutProvider layoutProps= {ref: RefImpl} key="landing" name="landing"  ... > 
  at <NuxtLayout> 
  at <App key=4 > 
  at <NuxtRoot> @ http://localhost:3001/_nuxt/@fs/Users/andrejkoval/Dev/vivadzen/src/front/node_modules/@vue/runtime-core/dist/runtime-core.esm-bundler.js?v=52c0a703:49
[    1695ms] [WARNING] [Vue warn]: Hydration style mismatch on JSHandle@node 
  - rendered on server: style="width:1em;height:1em;--c613ce94-iconUrl:url('https://api.iconify.design/ph/star-fill.svg');"
  - expected on client: style="width:1em;height:1em;"
  Note: this mismatch is check-only. The DOM will not be rectified in production due to performance overhead.
  You should fix the source of the mismatch. 
  at <IconCSS key=1 name="ph:star-fill" class="review-card__star filled" > 
  at <SnapSlide key=6 > 
  at <SnapCarousel items= [Object, Object, Object, Object, Object, Object, Object, Object, Object, Object, Object, Object, Object, Object, Object, Object, Object, Object, Object, Object] items-per-page= {mobile: 1, tablet: 2, desktop: 3, ld: 3, xld: 3} gap= {mobile: 16, tablet: 20, desktop: 24}  ... > 
  at <GoogleReviews> 
  at <Index onVnodeUnmounted=fn<onVnodeUnmounted> ref=Ref< undefined > > 
  at <RouteProvider key="/" vnode= {__v_isVNode: true, __v_skip: true, type: Object, props: Object, key: null} route= {fullPath: /, hash: , query: Object, name: index___cs, path: /}  ... > 
  at <RouterView name=undefined route=undefined > 
  at <NuxtPage> 
  at <Body> 
  at <Html lang="cs-CZ" dir="ltr" > 
  at <Landing ref=Ref< undefined > > 
  at <AsyncComponentWrapper ref=Ref< undefined > > 
  at <LayoutLoader key="landing" layoutProps= {ref: RefImpl} name="landing" > 
  at <NuxtLayoutProvider layoutProps= {ref: RefImpl} key="landing" name="landing"  ... > 
  at <NuxtLayout> 
  at <App key=4 > 
  at <NuxtRoot> @ http://localhost:3001/_nuxt/@fs/Users/andrejkoval/Dev/vivadzen/src/front/node_modules/@vue/runtime-core/dist/runtime-core.esm-bundler.js?v=52c0a703:49
[    1695ms] [WARNING] [Vue warn]: Hydration style mismatch on JSHandle@node 
  - rendered on server: style="width:1em;height:1em;--c613ce94-iconUrl:url('https://api.iconify.design/ph/star-fill.svg');"
  - expected on client: style="width:1em;height:1em;"
  Note: this mismatch is check-only. The DOM will not be rectified in production due to performance overhead.
  You should fix the source of the mismatch. 
  at <IconCSS key=2 name="ph:star-fill" class="review-card__star filled" > 
  at <SnapSlide key=6 > 
  at <SnapCarousel items= [Object, Object, Object, Object, Object, Object, Object, Object, Object, Object, Object, Object, Object, Object, Object, Object, Object, Object, Object, Object] items-per-page= {mobile: 1, tablet: 2, desktop: 3, ld: 3, xld: 3} gap= {mobile: 16, tablet: 20, desktop: 24}  ... > 
  at <GoogleReviews> 
  at <Index onVnodeUnmounted=fn<onVnodeUnmounted> ref=Ref< undefined > > 
  at <RouteProvider key="/" vnode= {__v_isVNode: true, __v_skip: true, type: Object, props: Object, key: null} route= {fullPath: /, hash: , query: Object, name: index___cs, path: /}  ... > 
  at <RouterView name=undefined route=undefined > 
  at <NuxtPage> 
  at <Body> 
  at <Html lang="cs-CZ" dir="ltr" > 
  at <Landing ref=Ref< undefined > > 
  at <AsyncComponentWrapper ref=Ref< undefined > > 
  at <LayoutLoader key="landing" layoutProps= {ref: RefImpl} name="landing" > 
  at <NuxtLayoutProvider layoutProps= {ref: RefImpl} key="landing" name="landing"  ... > 
  at <NuxtLayout> 
  at <App key=4 > 
  at <NuxtRoot> @ http://localhost:3001/_nuxt/@fs/Users/andrejkoval/Dev/vivadzen/src/front/node_modules/@vue/runtime-core/dist/runtime-core.esm-bundler.js?v=52c0a703:49
[    1695ms] [WARNING] [Vue warn]: Hydration style mismatch on JSHandle@node 
  - rendered on server: style="width:1em;height:1em;--c613ce94-iconUrl:url('https://api.iconify.design/ph/star-fill.svg');"
  - expected on client: style="width:1em;height:1em;"
  Note: this mismatch is check-only. The DOM will not be rectified in production due to performance overhead.
  You should fix the source of the mismatch. 
  at <IconCSS key=3 name="ph:star-fill" class="review-card__star filled" > 
  at <SnapSlide key=6 > 
  at <SnapCarousel items= [Object, Object, Object, Object, Object, Object, Object, Object, Object, Object, Object, Object, Object, Object, Object, Object, Object, Object, Object, Object] items-per-page= {mobile: 1, tablet: 2, desktop: 3, ld: 3, xld: 3} gap= {mobile: 16, tablet: 20, desktop: 24}  ... > 
  at <GoogleReviews> 
  at <Index onVnodeUnmounted=fn<onVnodeUnmounted> ref=Ref< undefined > > 
  at <RouteProvider key="/" vnode= {__v_isVNode: true, __v_skip: true, type: Object, props: Object, key: null} route= {fullPath: /, hash: , query: Object, name: index___cs, path: /}  ... > 
  at <RouterView name=undefined route=undefined > 
  at <NuxtPage> 
  at <Body> 
  at <Html lang="cs-CZ" dir="ltr" > 
  at <Landing ref=Ref< undefined > > 
  at <AsyncComponentWrapper ref=Ref< undefined > > 
  at <LayoutLoader key="landing" layoutProps= {ref: RefImpl} name="landing" > 
  at <NuxtLayoutProvider layoutProps= {ref: RefImpl} key="landing" name="landing"  ... > 
  at <NuxtLayout> 
  at <App key=4 > 
  at <NuxtRoot> @ http://localhost:3001/_nuxt/@fs/Users/andrejkoval/Dev/vivadzen/src/front/node_modules/@vue/runtime-core/dist/runtime-core.esm-bundler.js?v=52c0a703:49
[    1696ms] [WARNING] [Vue warn]: Hydration style mismatch on JSHandle@node 
  - rendered on server: style="width:1em;height:1em;--c613ce94-iconUrl:url('https://api.iconify.design/ph/star-fill.svg');"
  - expected on client: style="width:1em;height:1em;"
  Note: this mismatch is check-only. The DOM will not be rectified in production due to performance overhead.
  You should fix the source of the mismatch. 
  at <IconCSS key=4 name="ph:star-fill" class="review-card__star filled" > 
  at <SnapSlide key=6 > 
  at <SnapCarousel items= [Object, Object, Object, Object, Object, Object, Object, Object, Object, Object, Object, Object, Object, Object, Object, Object, Object, Object, Object, Object] items-per-page= {mobile: 1, tablet: 2, desktop: 3, ld: 3, xld: 3} gap= {mobile: 16, tablet: 20, desktop: 24}  ... > 
  at <GoogleReviews> 
  at <Index onVnodeUnmounted=fn<onVnodeUnmounted> ref=Ref< undefined > > 
  at <RouteProvider key="/" vnode= {__v_isVNode: true, __v_skip: true, type: Object, props: Object, key: null} route= {fullPath: /, hash: , query: Object, name: index___cs, path: /}  ... > 
  at <RouterView name=undefined route=undefined > 
  at <NuxtPage> 
  at <Body> 
  at <Html lang="cs-CZ" dir="ltr" > 
  at <Landing ref=Ref< undefined > > 
  at <AsyncComponentWrapper ref=Ref< undefined > > 
  at <LayoutLoader key="landing" layoutProps= {ref: RefImpl} name="landing" > 
  at <NuxtLayoutProvider layoutProps= {ref: RefImpl} key="landing" name="landing"  ... > 
  at <NuxtLayout> 
  at <App key=4 > 
  at <NuxtRoot> @ http://localhost:3001/_nuxt/@fs/Users/andrejkoval/Dev/vivadzen/src/front/node_modules/@vue/runtime-core/dist/runtime-core.esm-bundler.js?v=52c0a703:49
[    1696ms] [WARNING] [Vue warn]: Hydration style mismatch on JSHandle@node 
  - rendered on server: style="width:1em;height:1em;--c613ce94-iconUrl:url('https://api.iconify.design/ph/star-fill.svg');"
  - expected on client: style="width:1em;height:1em;"
  Note: this mismatch is check-only. The DOM will not be rectified in production due to performance overhead.
  You should fix the source of the mismatch. 
  at <IconCSS key=5 name="ph:star-fill" class="review-card__star filled" > 
  at <SnapSlide key=6 > 
  at <SnapCarousel items= [Object, Object, Object, Object, Object, Object, Object, Object, Object, Object, Object, Object, Object, Object, Object, Object, Object, Object, Object, Object] items-per-page= {mobile: 1, tablet: 2, desktop: 3, ld: 3, xld: 3} gap= {mobile: 16, tablet: 20, desktop: 24}  ... > 
  at <GoogleReviews> 
  at <Index onVnodeUnmounted=fn<onVnodeUnmounted> ref=Ref< undefined > > 
  at <RouteProvider key="/" vnode= {__v_isVNode: true, __v_skip: true, type: Object, props: Object, key: null} route= {fullPath: /, hash: , query: Object, name: index___cs, path: /}  ... > 
  at <RouterView name=undefined route=undefined > 
  at <NuxtPage> 
  at <Body> 
  at <Html lang="cs-CZ" dir="ltr" > 
  at <Landing ref=Ref< undefined > > 
  at <AsyncComponentWrapper ref=Ref< undefined > > 
  at <LayoutLoader key="landing" layoutProps= {ref: RefImpl} name="landing" > 
  at <NuxtLayoutProvider layoutProps= {ref: RefImpl} key="landing" name="landing"  ... > 
  at <NuxtLayout> 
  at <App key=4 > 
  at <NuxtRoot> @ http://localhost:3001/_nuxt/@fs/Users/andrejkoval/Dev/vivadzen/src/front/node_modules/@vue/runtime-core/dist/runtime-core.esm-bundler.js?v=52c0a703:49
[    1696ms] [WARNING] [Vue warn]: Hydration style mismatch on JSHandle@node 
  - rendered on server: style="width:1em;height:1em;--c613ce94-iconUrl:url('https://api.iconify.design/logos/google-icon.svg');"
  - expected on client: style="width:1em;height:1em;"
  Note: this mismatch is check-only. The DOM will not be rectified in production due to performance overhead.
  You should fix the source of the mismatch. 
  at <IconCSS name="logos:google-icon" class="review-card__google-icon" > 
  at <SnapSlide key=7 > 
  at <SnapCarousel items= [Object, Object, Object, Object, Object, Object, Object, Object, Object, Object, Object, Object, Object, Object, Object, Object, Object, Object, Object, Object] items-per-page= {mobile: 1, tablet: 2, desktop: 3, ld: 3, xld: 3} gap= {mobile: 16, tablet: 20, desktop: 24}  ... > 
  at <GoogleReviews> 
  at <Index onVnodeUnmounted=fn<onVnodeUnmounted> ref=Ref< undefined > > 
  at <RouteProvider key="/" vnode= {__v_isVNode: true, __v_skip: true, type: Object, props: Object, key: null} route= {fullPath: /, hash: , query: Object, name: index___cs, path: /}  ... > 
  at <RouterView name=undefined route=undefined > 
  at <NuxtPage> 
  at <Body> 
  at <Html lang="cs-CZ" dir="ltr" > 
  at <Landing ref=Ref< undefined > > 
  at <AsyncComponentWrapper ref=Ref< undefined > > 
  at <LayoutLoader key="landing" layoutProps= {ref: RefImpl} name="landing" > 
  at <NuxtLayoutProvider layoutProps= {ref: RefImpl} key="landing" name="landing"  ... > 
  at <NuxtLayout> 
  at <App key=4 > 
  at <NuxtRoot> @ http://localhost:3001/_nuxt/@fs/Users/andrejkoval/Dev/vivadzen/src/front/node_modules/@vue/runtime-core/dist/runtime-core.esm-bundler.js?v=52c0a703:49
[    1696ms] [WARNING] [Vue warn]: Hydration style mismatch on JSHandle@node 
  - rendered on server: style="width:1em;height:1em;--c613ce94-iconUrl:url('https://api.iconify.design/ph/star-fill.svg');"
  - expected on client: style="width:1em;height:1em;"
  Note: this mismatch is check-only. The DOM will not be rectified in production due to performance overhead.
  You should fix the source of the mismatch. 
  at <IconCSS key=1 name="ph:star-fill" class="review-card__star filled" > 
  at <SnapSlide key=7 > 
  at <SnapCarousel items= [Object, Object, Object, Object, Object, Object, Object, Object, Object, Object, Object, Object, Object, Object, Object, Object, Object, Object, Object, Object] items-per-page= {mobile: 1, tablet: 2, desktop: 3, ld: 3, xld: 3} gap= {mobile: 16, tablet: 20, desktop: 24}  ... > 
  at <GoogleReviews> 
  at <Index onVnodeUnmounted=fn<onVnodeUnmounted> ref=Ref< undefined > > 
  at <RouteProvider key="/" vnode= {__v_isVNode: true, __v_skip: true, type: Object, props: Object, key: null} route= {fullPath: /, hash: , query: Object, name: index___cs, path: /}  ... > 
  at <RouterView name=undefined route=undefined > 
  at <NuxtPage> 
  at <Body> 
  at <Html lang="cs-CZ" dir="ltr" > 
  at <Landing ref=Ref< undefined > > 
  at <AsyncComponentWrapper ref=Ref< undefined > > 
  at <LayoutLoader key="landing" layoutProps= {ref: RefImpl} name="landing" > 
  at <NuxtLayoutProvider layoutProps= {ref: RefImpl} key="landing" name="landing"  ... > 
  at <NuxtLayout> 
  at <App key=4 > 
  at <NuxtRoot> @ http://localhost:3001/_nuxt/@fs/Users/andrejkoval/Dev/vivadzen/src/front/node_modules/@vue/runtime-core/dist/runtime-core.esm-bundler.js?v=52c0a703:49
[    1697ms] [WARNING] [Vue warn]: Hydration style mismatch on JSHandle@node 
  - rendered on server: style="width:1em;height:1em;--c613ce94-iconUrl:url('https://api.iconify.design/ph/star-fill.svg');"
  - expected on client: style="width:1em;height:1em;"
  Note: this mismatch is check-only. The DOM will not be rectified in production due to performance overhead.
  You should fix the source of the mismatch. 
  at <IconCSS key=2 name="ph:star-fill" class="review-card__star filled" > 
  at <SnapSlide key=7 > 
  at <SnapCarousel items= [Object, Object, Object, Object, Object, Object, Object, Object, Object, Object, Object, Object, Object, Object, Object, Object, Object, Object, Object, Object] items-per-page= {mobile: 1, tablet: 2, desktop: 3, ld: 3, xld: 3} gap= {mobile: 16, tablet: 20, desktop: 24}  ... > 
  at <GoogleReviews> 
  at <Index onVnodeUnmounted=fn<onVnodeUnmounted> ref=Ref< undefined > > 
  at <RouteProvider key="/" vnode= {__v_isVNode: true, __v_skip: true, type: Object, props: Object, key: null} route= {fullPath: /, hash: , query: Object, name: index___cs, path: /}  ... > 
  at <RouterView name=undefined route=undefined > 
  at <NuxtPage> 
  at <Body> 
  at <Html lang="cs-CZ" dir="ltr" > 
  at <Landing ref=Ref< undefined > > 
  at <AsyncComponentWrapper ref=Ref< undefined > > 
  at <LayoutLoader key="landing" layoutProps= {ref: RefImpl} name="landing" > 
  at <NuxtLayoutProvider layoutProps= {ref: RefImpl} key="landing" name="landing"  ... > 
  at <NuxtLayout> 
  at <App key=4 > 
  at <NuxtRoot> @ http://localhost:3001/_nuxt/@fs/Users/andrejkoval/Dev/vivadzen/src/front/node_modules/@vue/runtime-core/dist/runtime-core.esm-bundler.js?v=52c0a703:49
[    1697ms] [WARNING] [Vue warn]: Hydration style mismatch on JSHandle@node 
  - rendered on server: style="width:1em;height:1em;--c613ce94-iconUrl:url('https://api.iconify.design/ph/star-fill.svg');"
  - expected on client: style="width:1em;height:1em;"
  Note: this mismatch is check-only. The DOM will not be rectified in production due to performance overhead.
  You should fix the source of the mismatch. 
  at <IconCSS key=3 name="ph:star-fill" class="review-card__star filled" > 
  at <SnapSlide key=7 > 
  at <SnapCarousel items= [Object, Object, Object, Object, Object, Object, Object, Object, Object, Object, Object, Object, Object, Object, Object, Object, Object, Object, Object, Object] items-per-page= {mobile: 1, tablet: 2, desktop: 3, ld: 3, xld: 3} gap= {mobile: 16, tablet: 20, desktop: 24}  ... > 
  at <GoogleReviews> 
  at <Index onVnodeUnmounted=fn<onVnodeUnmounted> ref=Ref< undefined > > 
  at <RouteProvider key="/" vnode= {__v_isVNode: true, __v_skip: true, type: Object, props: Object, key: null} route= {fullPath: /, hash: , query: Object, name: index___cs, path: /}  ... > 
  at <RouterView name=undefined route=undefined > 
  at <NuxtPage> 
  at <Body> 
  at <Html lang="cs-CZ" dir="ltr" > 
  at <Landing ref=Ref< undefined > > 
  at <AsyncComponentWrapper ref=Ref< undefined > > 
  at <LayoutLoader key="landing" layoutProps= {ref: RefImpl} name="landing" > 
  at <NuxtLayoutProvider layoutProps= {ref: RefImpl} key="landing" name="landing"  ... > 
  at <NuxtLayout> 
  at <App key=4 > 
  at <NuxtRoot> @ http://localhost:3001/_nuxt/@fs/Users/andrejkoval/Dev/vivadzen/src/front/node_modules/@vue/runtime-core/dist/runtime-core.esm-bundler.js?v=52c0a703:49
[    1697ms] [WARNING] [Vue warn]: Hydration style mismatch on JSHandle@node 
  - rendered on server: style="width:1em;height:1em;--c613ce94-iconUrl:url('https://api.iconify.design/ph/star-fill.svg');"
  - expected on client: style="width:1em;height:1em;"
  Note: this mismatch is check-only. The DOM will not be rectified in production due to performance overhead.
  You should fix the source of the mismatch. 
  at <IconCSS key=4 name="ph:star-fill" class="review-card__star filled" > 
  at <SnapSlide key=7 > 
  at <SnapCarousel items= [Object, Object, Object, Object, Object, Object, Object, Object, Object, Object, Object, Object, Object, Object, Object, Object, Object, Object, Object, Object] items-per-page= {mobile: 1, tablet: 2, desktop: 3, ld: 3, xld: 3} gap= {mobile: 16, tablet: 20, desktop: 24}  ... > 
  at <GoogleReviews> 
  at <Index onVnodeUnmounted=fn<onVnodeUnmounted> ref=Ref< undefined > > 
  at <RouteProvider key="/" vnode= {__v_isVNode: true, __v_skip: true, type: Object, props: Object, key: null} route= {fullPath: /, hash: , query: Object, name: index___cs, path: /}  ... > 
  at <RouterView name=undefined route=undefined > 
  at <NuxtPage> 
  at <Body> 
  at <Html lang="cs-CZ" dir="ltr" > 
  at <Landing ref=Ref< undefined > > 
  at <AsyncComponentWrapper ref=Ref< undefined > > 
  at <LayoutLoader key="landing" layoutProps= {ref: RefImpl} name="landing" > 
  at <NuxtLayoutProvider layoutProps= {ref: RefImpl} key="landing" name="landing"  ... > 
  at <NuxtLayout> 
  at <App key=4 > 
  at <NuxtRoot> @ http://localhost:3001/_nuxt/@fs/Users/andrejkoval/Dev/vivadzen/src/front/node_modules/@vue/runtime-core/dist/runtime-core.esm-bundler.js?v=52c0a703:49
[    1697ms] [WARNING] [Vue warn]: Hydration style mismatch on JSHandle@node 
  - rendered on server: style="width:1em;height:1em;--c613ce94-iconUrl:url('https://api.iconify.design/ph/star-fill.svg');"
  - expected on client: style="width:1em;height:1em;"
  Note: this mismatch is check-only. The DOM will not be rectified in production due to performance overhead.
  You should fix the source of the mismatch. 
  at <IconCSS key=5 name="ph:star-fill" class="review-card__star filled" > 
  at <SnapSlide key=7 > 
  at <SnapCarousel items= [Object, Object, Object, Object, Object, Object, Object, Object, Object, Object, Object, Object, Object, Object, Object, Object, Object, Object, Object, Object] items-per-page= {mobile: 1, tablet: 2, desktop: 3, ld: 3, xld: 3} gap= {mobile: 16, tablet: 20, desktop: 24}  ... > 
  at <GoogleReviews> 
  at <Index onVnodeUnmounted=fn<onVnodeUnmounted> ref=Ref< undefined > > 
  at <RouteProvider key="/" vnode= {__v_isVNode: true, __v_skip: true, type: Object, props: Object, key: null} route= {fullPath: /, hash: , query: Object, name: index___cs, path: /}  ... > 
  at <RouterView name=undefined route=undefined > 
  at <NuxtPage> 
  at <Body> 
  at <Html lang="cs-CZ" dir="ltr" > 
  at <Landing ref=Ref< undefined > > 
  at <AsyncComponentWrapper ref=Ref< undefined > > 
  at <LayoutLoader key="landing" layoutProps= {ref: RefImpl} name="landing" > 
  at <NuxtLayoutProvider layoutProps= {ref: RefImpl} key="landing" name="landing"  ... > 
  at <NuxtLayout> 
  at <App key=4 > 
  at <NuxtRoot> @ http://localhost:3001/_nuxt/@fs/Users/andrejkoval/Dev/vivadzen/src/front/node_modules/@vue/runtime-core/dist/runtime-core.esm-bundler.js?v=52c0a703:49
[    1698ms] [WARNING] [Vue warn]: Hydration style mismatch on JSHandle@node 
  - rendered on server: style="width:1em;height:1em;--c613ce94-iconUrl:url('https://api.iconify.design/logos/google-icon.svg');"
  - expected on client: style="width:1em;height:1em;"
  Note: this mismatch is check-only. The DOM will not be rectified in production due to performance overhead.
  You should fix the source of the mismatch. 
  at <IconCSS name="logos:google-icon" class="review-card__google-icon" > 
  at <SnapSlide key=8 > 
  at <SnapCarousel items= [Object, Object, Object, Object, Object, Object, Object, Object, Object, Object, Object, Object, Object, Object, Object, Object, Object, Object, Object, Object] items-per-page= {mobile: 1, tablet: 2, desktop: 3, ld: 3, xld: 3} gap= {mobile: 16, tablet: 20, desktop: 24}  ... > 
  at <GoogleReviews> 
  at <Index onVnodeUnmounted=fn<onVnodeUnmounted> ref=Ref< undefined > > 
  at <RouteProvider key="/" vnode= {__v_isVNode: true, __v_skip: true, type: Object, props: Object, key: null} route= {fullPath: /, hash: , query: Object, name: index___cs, path: /}  ... > 
  at <RouterView name=undefined route=undefined > 
  at <NuxtPage> 
  at <Body> 
  at <Html lang="cs-CZ" dir="ltr" > 
  at <Landing ref=Ref< undefined > > 
  at <AsyncComponentWrapper ref=Ref< undefined > > 
  at <LayoutLoader key="landing" layoutProps= {ref: RefImpl} name="landing" > 
  at <NuxtLayoutProvider layoutProps= {ref: RefImpl} key="landing" name="landing"  ... > 
  at <NuxtLayout> 
  at <App key=4 > 
  at <NuxtRoot> @ http://localhost:3001/_nuxt/@fs/Users/andrejkoval/Dev/vivadzen/src/front/node_modules/@vue/runtime-core/dist/runtime-core.esm-bundler.js?v=52c0a703:49
[    1698ms] [WARNING] [Vue warn]: Hydration style mismatch on JSHandle@node 
  - rendered on server: style="width:1em;height:1em;--c613ce94-iconUrl:url('https://api.iconify.design/ph/star-fill.svg');"
  - expected on client: style="width:1em;height:1em;"
  Note: this mismatch is check-only. The DOM will not be rectified in production due to performance overhead.
  You should fix the source of the mismatch. 
  at <IconCSS key=1 name="ph:star-fill" class="review-card__star filled" > 
  at <SnapSlide key=8 > 
  at <SnapCarousel items= [Object, Object, Object, Object, Object, Object, Object, Object, Object, Object, Object, Object, Object, Object, Object, Object, Object, Object, Object, Object] items-per-page= {mobile: 1, tablet: 2, desktop: 3, ld: 3, xld: 3} gap= {mobile: 16, tablet: 20, desktop: 24}  ... > 
  at <GoogleReviews> 
  at <Index onVnodeUnmounted=fn<onVnodeUnmounted> ref=Ref< undefined > > 
  at <RouteProvider key="/" vnode= {__v_isVNode: true, __v_skip: true, type: Object, props: Object, key: null} route= {fullPath: /, hash: , query: Object, name: index___cs, path: /}  ... > 
  at <RouterView name=undefined route=undefined > 
  at <NuxtPage> 
  at <Body> 
  at <Html lang="cs-CZ" dir="ltr" > 
  at <Landing ref=Ref< undefined > > 
  at <AsyncComponentWrapper ref=Ref< undefined > > 
  at <LayoutLoader key="landing" layoutProps= {ref: RefImpl} name="landing" > 
  at <NuxtLayoutProvider layoutProps= {ref: RefImpl} key="landing" name="landing"  ... > 
  at <NuxtLayout> 
  at <App key=4 > 
  at <NuxtRoot> @ http://localhost:3001/_nuxt/@fs/Users/andrejkoval/Dev/vivadzen/src/front/node_modules/@vue/runtime-core/dist/runtime-core.esm-bundler.js?v=52c0a703:49
[    1698ms] [WARNING] [Vue warn]: Hydration style mismatch on JSHandle@node 
  - rendered on server: style="width:1em;height:1em;--c613ce94-iconUrl:url('https://api.iconify.design/ph/star-fill.svg');"
  - expected on client: style="width:1em;height:1em;"
  Note: this mismatch is check-only. The DOM will not be rectified in production due to performance overhead.
  You should fix the source of the mismatch. 
  at <IconCSS key=2 name="ph:star-fill" class="review-card__star filled" > 
  at <SnapSlide key=8 > 
  at <SnapCarousel items= [Object, Object, Object, Object, Object, Object, Object, Object, Object, Object, Object, Object, Object, Object, Object, Object, Object, Object, Object, Object] items-per-page= {mobile: 1, tablet: 2, desktop: 3, ld: 3, xld: 3} gap= {mobile: 16, tablet: 20, desktop: 24}  ... > 
  at <GoogleReviews> 
  at <Index onVnodeUnmounted=fn<onVnodeUnmounted> ref=Ref< undefined > > 
  at <RouteProvider key="/" vnode= {__v_isVNode: true, __v_skip: true, type: Object, props: Object, key: null} route= {fullPath: /, hash: , query: Object, name: index___cs, path: /}  ... > 
  at <RouterView name=undefined route=undefined > 
  at <NuxtPage> 
  at <Body> 
  at <Html lang="cs-CZ" dir="ltr" > 
  at <Landing ref=Ref< undefined > > 
  at <AsyncComponentWrapper ref=Ref< undefined > > 
  at <LayoutLoader key="landing" layoutProps= {ref: RefImpl} name="landing" > 
  at <NuxtLayoutProvider layoutProps= {ref: RefImpl} key="landing" name="landing"  ... > 
  at <NuxtLayout> 
  at <App key=4 > 
  at <NuxtRoot> @ http://localhost:3001/_nuxt/@fs/Users/andrejkoval/Dev/vivadzen/src/front/node_modules/@vue/runtime-core/dist/runtime-core.esm-bundler.js?v=52c0a703:49
[    1698ms] [WARNING] [Vue warn]: Hydration style mismatch on JSHandle@node 
  - rendered on server: style="width:1em;height:1em;--c613ce94-iconUrl:url('https://api.iconify.design/ph/star-fill.svg');"
  - expected on client: style="width:1em;height:1em;"
  Note: this mismatch is check-only. The DOM will not be rectified in production due to performance overhead.
  You should fix the source of the mismatch. 
  at <IconCSS key=3 name="ph:star-fill" class="review-card__star filled" > 
  at <SnapSlide key=8 > 
  at <SnapCarousel items= [Object, Object, Object, Object, Object, Object, Object, Object, Object, Object, Object, Object, Object, Object, Object, Object, Object, Object, Object, Object] items-per-page= {mobile: 1, tablet: 2, desktop: 3, ld: 3, xld: 3} gap= {mobile: 16, tablet: 20, desktop: 24}  ... > 
  at <GoogleReviews> 
  at <Index onVnodeUnmounted=fn<onVnodeUnmounted> ref=Ref< undefined > > 
  at <RouteProvider key="/" vnode= {__v_isVNode: true, __v_skip: true, type: Object, props: Object, key: null} route= {fullPath: /, hash: , query: Object, name: index___cs, path: /}  ... > 
  at <RouterView name=undefined route=undefined > 
  at <NuxtPage> 
  at <Body> 
  at <Html lang="cs-CZ" dir="ltr" > 
  at <Landing ref=Ref< undefined > > 
  at <AsyncComponentWrapper ref=Ref< undefined > > 
  at <LayoutLoader key="landing" layoutProps= {ref: RefImpl} name="landing" > 
  at <NuxtLayoutProvider layoutProps= {ref: RefImpl} key="landing" name="landing"  ... > 
  at <NuxtLayout> 
  at <App key=4 > 
  at <NuxtRoot> @ http://localhost:3001/_nuxt/@fs/Users/andrejkoval/Dev/vivadzen/src/front/node_modules/@vue/runtime-core/dist/runtime-core.esm-bundler.js?v=52c0a703:49
[    1699ms] [WARNING] [Vue warn]: Hydration style mismatch on JSHandle@node 
  - rendered on server: style="width:1em;height:1em;--c613ce94-iconUrl:url('https://api.iconify.design/ph/star-fill.svg');"
  - expected on client: style="width:1em;height:1em;"
  Note: this mismatch is check-only. The DOM will not be rectified in production due to performance overhead.
  You should fix the source of the mismatch. 
  at <IconCSS key=4 name="ph:star-fill" class="review-card__star filled" > 
  at <SnapSlide key=8 > 
  at <SnapCarousel items= [Object, Object, Object, Object, Object, Object, Object, Object, Object, Object, Object, Object, Object, Object, Object, Object, Object, Object, Object, Object] items-per-page= {mobile: 1, tablet: 2, desktop: 3, ld: 3, xld: 3} gap= {mobile: 16, tablet: 20, desktop: 24}  ... > 
  at <GoogleReviews> 
  at <Index onVnodeUnmounted=fn<onVnodeUnmounted> ref=Ref< undefined > > 
  at <RouteProvider key="/" vnode= {__v_isVNode: true, __v_skip: true, type: Object, props: Object, key: null} route= {fullPath: /, hash: , query: Object, name: index___cs, path: /}  ... > 
  at <RouterView name=undefined route=undefined > 
  at <NuxtPage> 
  at <Body> 
  at <Html lang="cs-CZ" dir="ltr" > 
  at <Landing ref=Ref< undefined > > 
  at <AsyncComponentWrapper ref=Ref< undefined > > 
  at <LayoutLoader key="landing" layoutProps= {ref: RefImpl} name="landing" > 
  at <NuxtLayoutProvider layoutProps= {ref: RefImpl} key="landing" name="landing"  ... > 
  at <NuxtLayout> 
  at <App key=4 > 
  at <NuxtRoot> @ http://localhost:3001/_nuxt/@fs/Users/andrejkoval/Dev/vivadzen/src/front/node_modules/@vue/runtime-core/dist/runtime-core.esm-bundler.js?v=52c0a703:49
[    1699ms] [WARNING] [Vue warn]: Hydration style mismatch on JSHandle@node 
  - rendered on server: style="width:1em;height:1em;--c613ce94-iconUrl:url('https://api.iconify.design/ph/star-fill.svg');"
  - expected on client: style="width:1em;height:1em;"
  Note: this mismatch is check-only. The DOM will not be rectified in production due to performance overhead.
  You should fix the source of the mismatch. 
  at <IconCSS key=5 name="ph:star-fill" class="review-card__star filled" > 
  at <SnapSlide key=8 > 
  at <SnapCarousel items= [Object, Object, Object, Object, Object, Object, Object, Object, Object, Object, Object, Object, Object, Object, Object, Object, Object, Object, Object, Object] items-per-page= {mobile: 1, tablet: 2, desktop: 3, ld: 3, xld: 3} gap= {mobile: 16, tablet: 20, desktop: 24}  ... > 
  at <GoogleReviews> 
  at <Index onVnodeUnmounted=fn<onVnodeUnmounted> ref=Ref< undefined > > 
  at <RouteProvider key="/" vnode= {__v_isVNode: true, __v_skip: true, type: Object, props: Object, key: null} route= {fullPath: /, hash: , query: Object, name: index___cs, path: /}  ... > 
  at <RouterView name=undefined route=undefined > 
  at <NuxtPage> 
  at <Body> 
  at <Html lang="cs-CZ" dir="ltr" > 
  at <Landing ref=Ref< undefined > > 
  at <AsyncComponentWrapper ref=Ref< undefined > > 
  at <LayoutLoader key="landing" layoutProps= {ref: RefImpl} name="landing" > 
  at <NuxtLayoutProvider layoutProps= {ref: RefImpl} key="landing" name="landing"  ... > 
  at <NuxtLayout> 
  at <App key=4 > 
  at <NuxtRoot> @ http://localhost:3001/_nuxt/@fs/Users/andrejkoval/Dev/vivadzen/src/front/node_modules/@vue/runtime-core/dist/runtime-core.esm-bundler.js?v=52c0a703:49
[    1699ms] [WARNING] [Vue warn]: Hydration style mismatch on JSHandle@node 
  - rendered on server: style="width:1em;height:1em;--c613ce94-iconUrl:url('https://api.iconify.design/logos/google-icon.svg');"
  - expected on client: style="width:1em;height:1em;"
  Note: this mismatch is check-only. The DOM will not be rectified in production due to performance overhead.
  You should fix the source of the mismatch. 
  at <IconCSS name="logos:google-icon" class="review-card__google-icon" > 
  at <SnapSlide key=9 > 
  at <SnapCarousel items= [Object, Object, Object, Object, Object, Object, Object, Object, Object, Object, Object, Object, Object, Object, Object, Object, Object, Object, Object, Object] items-per-page= {mobile: 1, tablet: 2, desktop: 3, ld: 3, xld: 3} gap= {mobile: 16, tablet: 20, desktop: 24}  ... > 
  at <GoogleReviews> 
  at <Index onVnodeUnmounted=fn<onVnodeUnmounted> ref=Ref< undefined > > 
  at <RouteProvider key="/" vnode= {__v_isVNode: true, __v_skip: true, type: Object, props: Object, key: null} route= {fullPath: /, hash: , query: Object, name: index___cs, path: /}  ... > 
  at <RouterView name=undefined route=undefined > 
  at <NuxtPage> 
  at <Body> 
  at <Html lang="cs-CZ" dir="ltr" > 
  at <Landing ref=Ref< undefined > > 
  at <AsyncComponentWrapper ref=Ref< undefined > > 
  at <LayoutLoader key="landing" layoutProps= {ref: RefImpl} name="landing" > 
  at <NuxtLayoutProvider layoutProps= {ref: RefImpl} key="landing" name="landing"  ... > 
  at <NuxtLayout> 
  at <App key=4 > 
  at <NuxtRoot> @ http://localhost:3001/_nuxt/@fs/Users/andrejkoval/Dev/vivadzen/src/front/node_modules/@vue/runtime-core/dist/runtime-core.esm-bundler.js?v=52c0a703:49
[    1699ms] [WARNING] [Vue warn]: Hydration style mismatch on JSHandle@node 
  - rendered on server: style="width:1em;height:1em;--c613ce94-iconUrl:url('https://api.iconify.design/ph/star-fill.svg');"
  - expected on client: style="width:1em;height:1em;"
  Note: this mismatch is check-only. The DOM will not be rectified in production due to performance overhead.
  You should fix the source of the mismatch. 
  at <IconCSS key=1 name="ph:star-fill" class="review-card__star filled" > 
  at <SnapSlide key=9 > 
  at <SnapCarousel items= [Object, Object, Object, Object, Object, Object, Object, Object, Object, Object, Object, Object, Object, Object, Object, Object, Object, Object, Object, Object] items-per-page= {mobile: 1, tablet: 2, desktop: 3, ld: 3, xld: 3} gap= {mobile: 16, tablet: 20, desktop: 24}  ... > 
  at <GoogleReviews> 
  at <Index onVnodeUnmounted=fn<onVnodeUnmounted> ref=Ref< undefined > > 
  at <RouteProvider key="/" vnode= {__v_isVNode: true, __v_skip: true, type: Object, props: Object, key: null} route= {fullPath: /, hash: , query: Object, name: index___cs, path: /}  ... > 
  at <RouterView name=undefined route=undefined > 
  at <NuxtPage> 
  at <Body> 
  at <Html lang="cs-CZ" dir="ltr" > 
  at <Landing ref=Ref< undefined > > 
  at <AsyncComponentWrapper ref=Ref< undefined > > 
  at <LayoutLoader key="landing" layoutProps= {ref: RefImpl} name="landing" > 
  at <NuxtLayoutProvider layoutProps= {ref: RefImpl} key="landing" name="landing"  ... > 
  at <NuxtLayout> 
  at <App key=4 > 
  at <NuxtRoot> @ http://localhost:3001/_nuxt/@fs/Users/andrejkoval/Dev/vivadzen/src/front/node_modules/@vue/runtime-core/dist/runtime-core.esm-bundler.js?v=52c0a703:49
[    1700ms] [WARNING] [Vue warn]: Hydration style mismatch on JSHandle@node 
  - rendered on server: style="width:1em;height:1em;--c613ce94-iconUrl:url('https://api.iconify.design/ph/star-fill.svg');"
  - expected on client: style="width:1em;height:1em;"
  Note: this mismatch is check-only. The DOM will not be rectified in production due to performance overhead.
  You should fix the source of the mismatch. 
  at <IconCSS key=2 name="ph:star-fill" class="review-card__star filled" > 
  at <SnapSlide key=9 > 
  at <SnapCarousel items= [Object, Object, Object, Object, Object, Object, Object, Object, Object, Object, Object, Object, Object, Object, Object, Object, Object, Object, Object, Object] items-per-page= {mobile: 1, tablet: 2, desktop: 3, ld: 3, xld: 3} gap= {mobile: 16, tablet: 20, desktop: 24}  ... > 
  at <GoogleReviews> 
  at <Index onVnodeUnmounted=fn<onVnodeUnmounted> ref=Ref< undefined > > 
  at <RouteProvider key="/" vnode= {__v_isVNode: true, __v_skip: true, type: Object, props: Object, key: null} route= {fullPath: /, hash: , query: Object, name: index___cs, path: /}  ... > 
  at <RouterView name=undefined route=undefined > 
  at <NuxtPage> 
  at <Body> 
  at <Html lang="cs-CZ" dir="ltr" > 
  at <Landing ref=Ref< undefined > > 
  at <AsyncComponentWrapper ref=Ref< undefined > > 
  at <LayoutLoader key="landing" layoutProps= {ref: RefImpl} name="landing" > 
  at <NuxtLayoutProvider layoutProps= {ref: RefImpl} key="landing" name="landing"  ... > 
  at <NuxtLayout> 
  at <App key=4 > 
  at <NuxtRoot> @ http://localhost:3001/_nuxt/@fs/Users/andrejkoval/Dev/vivadzen/src/front/node_modules/@vue/runtime-core/dist/runtime-core.esm-bundler.js?v=52c0a703:49
[    1700ms] [WARNING] [Vue warn]: Hydration style mismatch on JSHandle@node 
  - rendered on server: style="width:1em;height:1em;--c613ce94-iconUrl:url('https://api.iconify.design/ph/star-fill.svg');"
  - expected on client: style="width:1em;height:1em;"
  Note: this mismatch is check-only. The DOM will not be rectified in production due to performance overhead.
  You should fix the source of the mismatch. 
  at <IconCSS key=3 name="ph:star-fill" class="review-card__star filled" > 
  at <SnapSlide key=9 > 
  at <SnapCarousel items= [Object, Object, Object, Object, Object, Object, Object, Object, Object, Object, Object, Object, Object, Object, Object, Object, Object, Object, Object, Object] items-per-page= {mobile: 1, tablet: 2, desktop: 3, ld: 3, xld: 3} gap= {mobile: 16, tablet: 20, desktop: 24}  ... > 
  at <GoogleReviews> 
  at <Index onVnodeUnmounted=fn<onVnodeUnmounted> ref=Ref< undefined > > 
  at <RouteProvider key="/" vnode= {__v_isVNode: true, __v_skip: true, type: Object, props: Object, key: null} route= {fullPath: /, hash: , query: Object, name: index___cs, path: /}  ... > 
  at <RouterView name=undefined route=undefined > 
  at <NuxtPage> 
  at <Body> 
  at <Html lang="cs-CZ" dir="ltr" > 
  at <Landing ref=Ref< undefined > > 
  at <AsyncComponentWrapper ref=Ref< undefined > > 
  at <LayoutLoader key="landing" layoutProps= {ref: RefImpl} name="landing" > 
  at <NuxtLayoutProvider layoutProps= {ref: RefImpl} key="landing" name="landing"  ... > 
  at <NuxtLayout> 
  at <App key=4 > 
  at <NuxtRoot> @ http://localhost:3001/_nuxt/@fs/Users/andrejkoval/Dev/vivadzen/src/front/node_modules/@vue/runtime-core/dist/runtime-core.esm-bundler.js?v=52c0a703:49
[    1700ms] [WARNING] [Vue warn]: Hydration style mismatch on JSHandle@node 
  - rendered on server: style="width:1em;height:1em;--c613ce94-iconUrl:url('https://api.iconify.design/ph/star-fill.svg');"
  - expected on client: style="width:1em;height:1em;"
  Note: this mismatch is check-only. The DOM will not be rectified in production due to performance overhead.
  You should fix the source of the mismatch. 
  at <IconCSS key=4 name="ph:star-fill" class="review-card__star filled" > 
  at <SnapSlide key=9 > 
  at <SnapCarousel items= [Object, Object, Object, Object, Object, Object, Object, Object, Object, Object, Object, Object, Object, Object, Object, Object, Object, Object, Object, Object] items-per-page= {mobile: 1, tablet: 2, desktop: 3, ld: 3, xld: 3} gap= {mobile: 16, tablet: 20, desktop: 24}  ... > 
  at <GoogleReviews> 
  at <Index onVnodeUnmounted=fn<onVnodeUnmounted> ref=Ref< undefined > > 
  at <RouteProvider key="/" vnode= {__v_isVNode: true, __v_skip: true, type: Object, props: Object, key: null} route= {fullPath: /, hash: , query: Object, name: index___cs, path: /}  ... > 
  at <RouterView name=undefined route=undefined > 
  at <NuxtPage> 
  at <Body> 
  at <Html lang="cs-CZ" dir="ltr" > 
  at <Landing ref=Ref< undefined > > 
  at <AsyncComponentWrapper ref=Ref< undefined > > 
  at <LayoutLoader key="landing" layoutProps= {ref: RefImpl} name="landing" > 
  at <NuxtLayoutProvider layoutProps= {ref: RefImpl} key="landing" name="landing"  ... > 
  at <NuxtLayout> 
  at <App key=4 > 
  at <NuxtRoot> @ http://localhost:3001/_nuxt/@fs/Users/andrejkoval/Dev/vivadzen/src/front/node_modules/@vue/runtime-core/dist/runtime-core.esm-bundler.js?v=52c0a703:49
[    1700ms] [WARNING] [Vue warn]: Hydration style mismatch on JSHandle@node 
  - rendered on server: style="width:1em;height:1em;--c613ce94-iconUrl:url('https://api.iconify.design/ph/star-fill.svg');"
  - expected on client: style="width:1em;height:1em;"
  Note: this mismatch is check-only. The DOM will not be rectified in production due to performance overhead.
  You should fix the source of the mismatch. 
  at <IconCSS key=5 name="ph:star-fill" class="review-card__star filled" > 
  at <SnapSlide key=9 > 
  at <SnapCarousel items= [Object, Object, Object, Object, Object, Object, Object, Object, Object, Object, Object, Object, Object, Object, Object, Object, Object, Object, Object, Object] items-per-page= {mobile: 1, tablet: 2, desktop: 3, ld: 3, xld: 3} gap= {mobile: 16, tablet: 20, desktop: 24}  ... > 
  at <GoogleReviews> 
  at <Index onVnodeUnmounted=fn<onVnodeUnmounted> ref=Ref< undefined > > 
  at <RouteProvider key="/" vnode= {__v_isVNode: true, __v_skip: true, type: Object, props: Object, key: null} route= {fullPath: /, hash: , query: Object, name: index___cs, path: /}  ... > 
  at <RouterView name=undefined route=undefined > 
  at <NuxtPage> 
  at <Body> 
  at <Html lang="cs-CZ" dir="ltr" > 
  at <Landing ref=Ref< undefined > > 
  at <AsyncComponentWrapper ref=Ref< undefined > > 
  at <LayoutLoader key="landing" layoutProps= {ref: RefImpl} name="landing" > 
  at <NuxtLayoutProvider layoutProps= {ref: RefImpl} key="landing" name="landing"  ... > 
  at <NuxtLayout> 
  at <App key=4 > 
  at <NuxtRoot> @ http://localhost:3001/_nuxt/@fs/Users/andrejkoval/Dev/vivadzen/src/front/node_modules/@vue/runtime-core/dist/runtime-core.esm-bundler.js?v=52c0a703:49
[    1701ms] [WARNING] [Vue warn]: Hydration style mismatch on JSHandle@node 
  - rendered on server: style="width:1em;height:1em;--c613ce94-iconUrl:url('https://api.iconify.design/logos/google-icon.svg');"
  - expected on client: style="width:1em;height:1em;"
  Note: this mismatch is check-only. The DOM will not be rectified in production due to performance overhead.
  You should fix the source of the mismatch. 
  at <IconCSS name="logos:google-icon" class="review-card__google-icon" > 
  at <SnapSlide key=10 > 
  at <SnapCarousel items= [Object, Object, Object, Object, Object, Object, Object, Object, Object, Object, Object, Object, Object, Object, Object, Object, Object, Object, Object, Object] items-per-page= {mobile: 1, tablet: 2, desktop: 3, ld: 3, xld: 3} gap= {mobile: 16, tablet: 20, desktop: 24}  ... > 
  at <GoogleReviews> 
  at <Index onVnodeUnmounted=fn<onVnodeUnmounted> ref=Ref< undefined > > 
  at <RouteProvider key="/" vnode= {__v_isVNode: true, __v_skip: true, type: Object, props: Object, key: null} route= {fullPath: /, hash: , query: Object, name: index___cs, path: /}  ... > 
  at <RouterView name=undefined route=undefined > 
  at <NuxtPage> 
  at <Body> 
  at <Html lang="cs-CZ" dir="ltr" > 
  at <Landing ref=Ref< undefined > > 
  at <AsyncComponentWrapper ref=Ref< undefined > > 
  at <LayoutLoader key="landing" layoutProps= {ref: RefImpl} name="landing" > 
  at <NuxtLayoutProvider layoutProps= {ref: RefImpl} key="landing" name="landing"  ... > 
  at <NuxtLayout> 
  at <App key=4 > 
  at <NuxtRoot> @ http://localhost:3001/_nuxt/@fs/Users/andrejkoval/Dev/vivadzen/src/front/node_modules/@vue/runtime-core/dist/runtime-core.esm-bundler.js?v=52c0a703:49
[    1701ms] [WARNING] [Vue warn]: Hydration style mismatch on JSHandle@node 
  - rendered on server: style="width:1em;height:1em;--c613ce94-iconUrl:url('https://api.iconify.design/ph/star-fill.svg');"
  - expected on client: style="width:1em;height:1em;"
  Note: this mismatch is check-only. The DOM will not be rectified in production due to performance overhead.
  You should fix the source of the mismatch. 
  at <IconCSS key=1 name="ph:star-fill" class="review-card__star filled" > 
  at <SnapSlide key=10 > 
  at <SnapCarousel items= [Object, Object, Object, Object, Object, Object, Object, Object, Object, Object, Object, Object, Object, Object, Object, Object, Object, Object, Object, Object] items-per-page= {mobile: 1, tablet: 2, desktop: 3, ld: 3, xld: 3} gap= {mobile: 16, tablet: 20, desktop: 24}  ... > 
  at <GoogleReviews> 
  at <Index onVnodeUnmounted=fn<onVnodeUnmounted> ref=Ref< undefined > > 
  at <RouteProvider key="/" vnode= {__v_isVNode: true, __v_skip: true, type: Object, props: Object, key: null} route= {fullPath: /, hash: , query: Object, name: index___cs, path: /}  ... > 
  at <RouterView name=undefined route=undefined > 
  at <NuxtPage> 
  at <Body> 
  at <Html lang="cs-CZ" dir="ltr" > 
  at <Landing ref=Ref< undefined > > 
  at <AsyncComponentWrapper ref=Ref< undefined > > 
  at <LayoutLoader key="landing" layoutProps= {ref: RefImpl} name="landing" > 
  at <NuxtLayoutProvider layoutProps= {ref: RefImpl} key="landing" name="landing"  ... > 
  at <NuxtLayout> 
  at <App key=4 > 
  at <NuxtRoot> @ http://localhost:3001/_nuxt/@fs/Users/andrejkoval/Dev/vivadzen/src/front/node_modules/@vue/runtime-core/dist/runtime-core.esm-bundler.js?v=52c0a703:49
[    1701ms] [WARNING] [Vue warn]: Hydration style mismatch on JSHandle@node 
  - rendered on server: style="width:1em;height:1em;--c613ce94-iconUrl:url('https://api.iconify.design/ph/star-fill.svg');"
  - expected on client: style="width:1em;height:1em;"
  Note: this mismatch is check-only. The DOM will not be rectified in production due to performance overhead.
  You should fix the source of the mismatch. 
  at <IconCSS key=2 name="ph:star-fill" class="review-card__star filled" > 
  at <SnapSlide key=10 > 
  at <SnapCarousel items= [Object, Object, Object, Object, Object, Object, Object, Object, Object, Object, Object, Object, Object, Object, Object, Object, Object, Object, Object, Object] items-per-page= {mobile: 1, tablet: 2, desktop: 3, ld: 3, xld: 3} gap= {mobile: 16, tablet: 20, desktop: 24}  ... > 
  at <GoogleReviews> 
  at <Index onVnodeUnmounted=fn<onVnodeUnmounted> ref=Ref< undefined > > 
  at <RouteProvider key="/" vnode= {__v_isVNode: true, __v_skip: true, type: Object, props: Object, key: null} route= {fullPath: /, hash: , query: Object, name: index___cs, path: /}  ... > 
  at <RouterView name=undefined route=undefined > 
  at <NuxtPage> 
  at <Body> 
  at <Html lang="cs-CZ" dir="ltr" > 
  at <Landing ref=Ref< undefined > > 
  at <AsyncComponentWrapper ref=Ref< undefined > > 
  at <LayoutLoader key="landing" layoutProps= {ref: RefImpl} name="landing" > 
  at <NuxtLayoutProvider layoutProps= {ref: RefImpl} key="landing" name="landing"  ... > 
  at <NuxtLayout> 
  at <App key=4 > 
  at <NuxtRoot> @ http://localhost:3001/_nuxt/@fs/Users/andrejkoval/Dev/vivadzen/src/front/node_modules/@vue/runtime-core/dist/runtime-core.esm-bundler.js?v=52c0a703:49
[    1701ms] [WARNING] [Vue warn]: Hydration style mismatch on JSHandle@node 
  - rendered on server: style="width:1em;height:1em;--c613ce94-iconUrl:url('https://api.iconify.design/ph/star-fill.svg');"
  - expected on client: style="width:1em;height:1em;"
  Note: this mismatch is check-only. The DOM will not be rectified in production due to performance overhead.
  You should fix the source of the mismatch. 
  at <IconCSS key=3 name="ph:star-fill" class="review-card__star filled" > 
  at <SnapSlide key=10 > 
  at <SnapCarousel items= [Object, Object, Object, Object, Object, Object, Object, Object, Object, Object, Object, Object, Object, Object, Object, Object, Object, Object, Object, Object] items-per-page= {mobile: 1, tablet: 2, desktop: 3, ld: 3, xld: 3} gap= {mobile: 16, tablet: 20, desktop: 24}  ... > 
  at <GoogleReviews> 
  at <Index onVnodeUnmounted=fn<onVnodeUnmounted> ref=Ref< undefined > > 
  at <RouteProvider key="/" vnode= {__v_isVNode: true, __v_skip: true, type: Object, props: Object, key: null} route= {fullPath: /, hash: , query: Object, name: index___cs, path: /}  ... > 
  at <RouterView name=undefined route=undefined > 
  at <NuxtPage> 
  at <Body> 
  at <Html lang="cs-CZ" dir="ltr" > 
  at <Landing ref=Ref< undefined > > 
  at <AsyncComponentWrapper ref=Ref< undefined > > 
  at <LayoutLoader key="landing" layoutProps= {ref: RefImpl} name="landing" > 
  at <NuxtLayoutProvider layoutProps= {ref: RefImpl} key="landing" name="landing"  ... > 
  at <NuxtLayout> 
  at <App key=4 > 
  at <NuxtRoot> @ http://localhost:3001/_nuxt/@fs/Users/andrejkoval/Dev/vivadzen/src/front/node_modules/@vue/runtime-core/dist/runtime-core.esm-bundler.js?v=52c0a703:49
[    1701ms] [WARNING] [Vue warn]: Hydration style mismatch on JSHandle@node 
  - rendered on server: style="width:1em;height:1em;--c613ce94-iconUrl:url('https://api.iconify.design/ph/star-fill.svg');"
  - expected on client: style="width:1em;height:1em;"
  Note: this mismatch is check-only. The DOM will not be rectified in production due to performance overhead.
  You should fix the source of the mismatch. 
  at <IconCSS key=4 name="ph:star-fill" class="review-card__star filled" > 
  at <SnapSlide key=10 > 
  at <SnapCarousel items= [Object, Object, Object, Object, Object, Object, Object, Object, Object, Object, Object, Object, Object, Object, Object, Object, Object, Object, Object, Object] items-per-page= {mobile: 1, tablet: 2, desktop: 3, ld: 3, xld: 3} gap= {mobile: 16, tablet: 20, desktop: 24}  ... > 
  at <GoogleReviews> 
  at <Index onVnodeUnmounted=fn<onVnodeUnmounted> ref=Ref< undefined > > 
  at <RouteProvider key="/" vnode= {__v_isVNode: true, __v_skip: true, type: Object, props: Object, key: null} route= {fullPath: /, hash: , query: Object, name: index___cs, path: /}  ... > 
  at <RouterView name=undefined route=undefined > 
  at <NuxtPage> 
  at <Body> 
  at <Html lang="cs-CZ" dir="ltr" > 
  at <Landing ref=Ref< undefined > > 
  at <AsyncComponentWrapper ref=Ref< undefined > > 
  at <LayoutLoader key="landing" layoutProps= {ref: RefImpl} name="landing" > 
  at <NuxtLayoutProvider layoutProps= {ref: RefImpl} key="landing" name="landing"  ... > 
  at <NuxtLayout> 
  at <App key=4 > 
  at <NuxtRoot> @ http://localhost:3001/_nuxt/@fs/Users/andrejkoval/Dev/vivadzen/src/front/node_modules/@vue/runtime-core/dist/runtime-core.esm-bundler.js?v=52c0a703:49
[    1702ms] [WARNING] [Vue warn]: Hydration style mismatch on JSHandle@node 
  - rendered on server: style="width:1em;height:1em;--c613ce94-iconUrl:url('https://api.iconify.design/ph/star-fill.svg');"
  - expected on client: style="width:1em;height:1em;"
  Note: this mismatch is check-only. The DOM will not be rectified in production due to performance overhead.
  You should fix the source of the mismatch. 
  at <IconCSS key=5 name="ph:star-fill" class="review-card__star filled" > 
  at <SnapSlide key=10 > 
  at <SnapCarousel items= [Object, Object, Object, Object, Object, Object, Object, Object, Object, Object, Object, Object, Object, Object, Object, Object, Object, Object, Object, Object] items-per-page= {mobile: 1, tablet: 2, desktop: 3, ld: 3, xld: 3} gap= {mobile: 16, tablet: 20, desktop: 24}  ... > 
  at <GoogleReviews> 
  at <Index onVnodeUnmounted=fn<onVnodeUnmounted> ref=Ref< undefined > > 
  at <RouteProvider key="/" vnode= {__v_isVNode: true, __v_skip: true, type: Object, props: Object, key: null} route= {fullPath: /, hash: , query: Object, name: index___cs, path: /}  ... > 
  at <RouterView name=undefined route=undefined > 
  at <NuxtPage> 
  at <Body> 
  at <Html lang="cs-CZ" dir="ltr" > 
  at <Landing ref=Ref< undefined > > 
  at <AsyncComponentWrapper ref=Ref< undefined > > 
  at <LayoutLoader key="landing" layoutProps= {ref: RefImpl} name="landing" > 
  at <NuxtLayoutProvider layoutProps= {ref: RefImpl} key="landing" name="landing"  ... > 
  at <NuxtLayout> 
  at <App key=4 > 
  at <NuxtRoot> @ http://localhost:3001/_nuxt/@fs/Users/andrejkoval/Dev/vivadzen/src/front/node_modules/@vue/runtime-core/dist/runtime-core.esm-bundler.js?v=52c0a703:49
[    1702ms] [WARNING] [Vue warn]: Hydration style mismatch on JSHandle@node 
  - rendered on server: style="width:1em;height:1em;--c613ce94-iconUrl:url('https://api.iconify.design/logos/google-icon.svg');"
  - expected on client: style="width:1em;height:1em;"
  Note: this mismatch is check-only. The DOM will not be rectified in production due to performance overhead.
  You should fix the source of the mismatch. 
  at <IconCSS name="logos:google-icon" class="review-card__google-icon" > 
  at <SnapSlide key=11 > 
  at <SnapCarousel items= [Object, Object, Object, Object, Object, Object, Object, Object, Object, Object, Object, Object, Object, Object, Object, Object, Object, Object, Object, Object] items-per-page= {mobile: 1, tablet: 2, desktop: 3, ld: 3, xld: 3} gap= {mobile: 16, tablet: 20, desktop: 24}  ... > 
  at <GoogleReviews> 
  at <Index onVnodeUnmounted=fn<onVnodeUnmounted> ref=Ref< undefined > > 
  at <RouteProvider key="/" vnode= {__v_isVNode: true, __v_skip: true, type: Object, props: Object, key: null} route= {fullPath: /, hash: , query: Object, name: index___cs, path: /}  ... > 
  at <RouterView name=undefined route=undefined > 
  at <NuxtPage> 
  at <Body> 
  at <Html lang="cs-CZ" dir="ltr" > 
  at <Landing ref=Ref< undefined > > 
  at <AsyncComponentWrapper ref=Ref< undefined > > 
  at <LayoutLoader key="landing" layoutProps= {ref: RefImpl} name="landing" > 
  at <NuxtLayoutProvider layoutProps= {ref: RefImpl} key="landing" name="landing"  ... > 
  at <NuxtLayout> 
  at <App key=4 > 
  at <NuxtRoot> @ http://localhost:3001/_nuxt/@fs/Users/andrejkoval/Dev/vivadzen/src/front/node_modules/@vue/runtime-core/dist/runtime-core.esm-bundler.js?v=52c0a703:49
[    1702ms] [WARNING] [Vue warn]: Hydration style mismatch on JSHandle@node 
  - rendered on server: style="width:1em;height:1em;--c613ce94-iconUrl:url('https://api.iconify.design/ph/star-fill.svg');"
  - expected on client: style="width:1em;height:1em;"
  Note: this mismatch is check-only. The DOM will not be rectified in production due to performance overhead.
  You should fix the source of the mismatch. 
  at <IconCSS key=1 name="ph:star-fill" class="review-card__star filled" > 
  at <SnapSlide key=11 > 
  at <SnapCarousel items= [Object, Object, Object, Object, Object, Object, Object, Object, Object, Object, Object, Object, Object, Object, Object, Object, Object, Object, Object, Object] items-per-page= {mobile: 1, tablet: 2, desktop: 3, ld: 3, xld: 3} gap= {mobile: 16, tablet: 20, desktop: 24}  ... > 
  at <GoogleReviews> 
  at <Index onVnodeUnmounted=fn<onVnodeUnmounted> ref=Ref< undefined > > 
  at <RouteProvider key="/" vnode= {__v_isVNode: true, __v_skip: true, type: Object, props: Object, key: null} route= {fullPath: /, hash: , query: Object, name: index___cs, path: /}  ... > 
  at <RouterView name=undefined route=undefined > 
  at <NuxtPage> 
  at <Body> 
  at <Html lang="cs-CZ" dir="ltr" > 
  at <Landing ref=Ref< undefined > > 
  at <AsyncComponentWrapper ref=Ref< undefined > > 
  at <LayoutLoader key="landing" layoutProps= {ref: RefImpl} name="landing" > 
  at <NuxtLayoutProvider layoutProps= {ref: RefImpl} key="landing" name="landing"  ... > 
  at <NuxtLayout> 
  at <App key=4 > 
  at <NuxtRoot> @ http://localhost:3001/_nuxt/@fs/Users/andrejkoval/Dev/vivadzen/src/front/node_modules/@vue/runtime-core/dist/runtime-core.esm-bundler.js?v=52c0a703:49
[    1703ms] [WARNING] [Vue warn]: Hydration style mismatch on JSHandle@node 
  - rendered on server: style="width:1em;height:1em;--c613ce94-iconUrl:url('https://api.iconify.design/ph/star-fill.svg');"
  - expected on client: style="width:1em;height:1em;"
  Note: this mismatch is check-only. The DOM will not be rectified in production due to performance overhead.
  You should fix the source of the mismatch. 
  at <IconCSS key=2 name="ph:star-fill" class="review-card__star filled" > 
  at <SnapSlide key=11 > 
  at <SnapCarousel items= [Object, Object, Object, Object, Object, Object, Object, Object, Object, Object, Object, Object, Object, Object, Object, Object, Object, Object, Object, Object] items-per-page= {mobile: 1, tablet: 2, desktop: 3, ld: 3, xld: 3} gap= {mobile: 16, tablet: 20, desktop: 24}  ... > 
  at <GoogleReviews> 
  at <Index onVnodeUnmounted=fn<onVnodeUnmounted> ref=Ref< undefined > > 
  at <RouteProvider key="/" vnode= {__v_isVNode: true, __v_skip: true, type: Object, props: Object, key: null} route= {fullPath: /, hash: , query: Object, name: index___cs, path: /}  ... > 
  at <RouterView name=undefined route=undefined > 
  at <NuxtPage> 
  at <Body> 
  at <Html lang="cs-CZ" dir="ltr" > 
  at <Landing ref=Ref< undefined > > 
  at <AsyncComponentWrapper ref=Ref< undefined > > 
  at <LayoutLoader key="landing" layoutProps= {ref: RefImpl} name="landing" > 
  at <NuxtLayoutProvider layoutProps= {ref: RefImpl} key="landing" name="landing"  ... > 
  at <NuxtLayout> 
  at <App key=4 > 
  at <NuxtRoot> @ http://localhost:3001/_nuxt/@fs/Users/andrejkoval/Dev/vivadzen/src/front/node_modules/@vue/runtime-core/dist/runtime-core.esm-bundler.js?v=52c0a703:49
[    1703ms] [WARNING] [Vue warn]: Hydration style mismatch on JSHandle@node 
  - rendered on server: style="width:1em;height:1em;--c613ce94-iconUrl:url('https://api.iconify.design/ph/star-fill.svg');"
  - expected on client: style="width:1em;height:1em;"
  Note: this mismatch is check-only. The DOM will not be rectified in production due to performance overhead.
  You should fix the source of the mismatch. 
  at <IconCSS key=3 name="ph:star-fill" class="review-card__star filled" > 
  at <SnapSlide key=11 > 
  at <SnapCarousel items= [Object, Object, Object, Object, Object, Object, Object, Object, Object, Object, Object, Object, Object, Object, Object, Object, Object, Object, Object, Object] items-per-page= {mobile: 1, tablet: 2, desktop: 3, ld: 3, xld: 3} gap= {mobile: 16, tablet: 20, desktop: 24}  ... > 
  at <GoogleReviews> 
  at <Index onVnodeUnmounted=fn<onVnodeUnmounted> ref=Ref< undefined > > 
  at <RouteProvider key="/" vnode= {__v_isVNode: true, __v_skip: true, type: Object, props: Object, key: null} route= {fullPath: /, hash: , query: Object, name: index___cs, path: /}  ... > 
  at <RouterView name=undefined route=undefined > 
  at <NuxtPage> 
  at <Body> 
  at <Html lang="cs-CZ" dir="ltr" > 
  at <Landing ref=Ref< undefined > > 
  at <AsyncComponentWrapper ref=Ref< undefined > > 
  at <LayoutLoader key="landing" layoutProps= {ref: RefImpl} name="landing" > 
  at <NuxtLayoutProvider layoutProps= {ref: RefImpl} key="landing" name="landing"  ... > 
  at <NuxtLayout> 
  at <App key=4 > 
  at <NuxtRoot> @ http://localhost:3001/_nuxt/@fs/Users/andrejkoval/Dev/vivadzen/src/front/node_modules/@vue/runtime-core/dist/runtime-core.esm-bundler.js?v=52c0a703:49
[    1703ms] [WARNING] [Vue warn]: Hydration style mismatch on JSHandle@node 
  - rendered on server: style="width:1em;height:1em;--c613ce94-iconUrl:url('https://api.iconify.design/ph/star-fill.svg');"
  - expected on client: style="width:1em;height:1em;"
  Note: this mismatch is check-only. The DOM will not be rectified in production due to performance overhead.
  You should fix the source of the mismatch. 
  at <IconCSS key=4 name="ph:star-fill" class="review-card__star filled" > 
  at <SnapSlide key=11 > 
  at <SnapCarousel items= [Object, Object, Object, Object, Object, Object, Object, Object, Object, Object, Object, Object, Object, Object, Object, Object, Object, Object, Object, Object] items-per-page= {mobile: 1, tablet: 2, desktop: 3, ld: 3, xld: 3} gap= {mobile: 16, tablet: 20, desktop: 24}  ... > 
  at <GoogleReviews> 
  at <Index onVnodeUnmounted=fn<onVnodeUnmounted> ref=Ref< undefined > > 
  at <RouteProvider key="/" vnode= {__v_isVNode: true, __v_skip: true, type: Object, props: Object, key: null} route= {fullPath: /, hash: , query: Object, name: index___cs, path: /}  ... > 
  at <RouterView name=undefined route=undefined > 
  at <NuxtPage> 
  at <Body> 
  at <Html lang="cs-CZ" dir="ltr" > 
  at <Landing ref=Ref< undefined > > 
  at <AsyncComponentWrapper ref=Ref< undefined > > 
  at <LayoutLoader key="landing" layoutProps= {ref: RefImpl} name="landing" > 
  at <NuxtLayoutProvider layoutProps= {ref: RefImpl} key="landing" name="landing"  ... > 
  at <NuxtLayout> 
  at <App key=4 > 
  at <NuxtRoot> @ http://localhost:3001/_nuxt/@fs/Users/andrejkoval/Dev/vivadzen/src/front/node_modules/@vue/runtime-core/dist/runtime-core.esm-bundler.js?v=52c0a703:49
[    1704ms] [WARNING] [Vue warn]: Hydration style mismatch on JSHandle@node 
  - rendered on server: style="width:1em;height:1em;--c613ce94-iconUrl:url('https://api.iconify.design/ph/star-fill.svg');"
  - expected on client: style="width:1em;height:1em;"
  Note: this mismatch is check-only. The DOM will not be rectified in production due to performance overhead.
  You should fix the source of the mismatch. 
  at <IconCSS key=5 name="ph:star-fill" class="review-card__star filled" > 
  at <SnapSlide key=11 > 
  at <SnapCarousel items= [Object, Object, Object, Object, Object, Object, Object, Object, Object, Object, Object, Object, Object, Object, Object, Object, Object, Object, Object, Object] items-per-page= {mobile: 1, tablet: 2, desktop: 3, ld: 3, xld: 3} gap= {mobile: 16, tablet: 20, desktop: 24}  ... > 
  at <GoogleReviews> 
  at <Index onVnodeUnmounted=fn<onVnodeUnmounted> ref=Ref< undefined > > 
  at <RouteProvider key="/" vnode= {__v_isVNode: true, __v_skip: true, type: Object, props: Object, key: null} route= {fullPath: /, hash: , query: Object, name: index___cs, path: /}  ... > 
  at <RouterView name=undefined route=undefined > 
  at <NuxtPage> 
  at <Body> 
  at <Html lang="cs-CZ" dir="ltr" > 
  at <Landing ref=Ref< undefined > > 
  at <AsyncComponentWrapper ref=Ref< undefined > > 
  at <LayoutLoader key="landing" layoutProps= {ref: RefImpl} name="landing" > 
  at <NuxtLayoutProvider layoutProps= {ref: RefImpl} key="landing" name="landing"  ... > 
  at <NuxtLayout> 
  at <App key=4 > 
  at <NuxtRoot> @ http://localhost:3001/_nuxt/@fs/Users/andrejkoval/Dev/vivadzen/src/front/node_modules/@vue/runtime-core/dist/runtime-core.esm-bundler.js?v=52c0a703:49
[    1704ms] [WARNING] [Vue warn]: Hydration style mismatch on JSHandle@node 
  - rendered on server: style="width:1em;height:1em;--c613ce94-iconUrl:url('https://api.iconify.design/ph/arrow-bend-down-right.svg');"
  - expected on client: style="width:1em;height:1em;"
  Note: this mismatch is check-only. The DOM will not be rectified in production due to performance overhead.
  You should fix the source of the mismatch. 
  at <IconCSS name="ph:arrow-bend-down-right" > 
  at <SnapSlide key=11 > 
  at <SnapCarousel items= [Object, Object, Object, Object, Object, Object, Object, Object, Object, Object, Object, Object, Object, Object, Object, Object, Object, Object, Object, Object] items-per-page= {mobile: 1, tablet: 2, desktop: 3, ld: 3, xld: 3} gap= {mobile: 16, tablet: 20, desktop: 24}  ... > 
  at <GoogleReviews> 
  at <Index onVnodeUnmounted=fn<onVnodeUnmounted> ref=Ref< undefined > > 
  at <RouteProvider key="/" vnode= {__v_isVNode: true, __v_skip: true, type: Object, props: Object, key: null} route= {fullPath: /, hash: , query: Object, name: index___cs, path: /}  ... > 
  at <RouterView name=undefined route=undefined > 
  at <NuxtPage> 
  at <Body> 
  at <Html lang="cs-CZ" dir="ltr" > 
  at <Landing ref=Ref< undefined > > 
  at <AsyncComponentWrapper ref=Ref< undefined > > 
  at <LayoutLoader key="landing" layoutProps= {ref: RefImpl} name="landing" > 
  at <NuxtLayoutProvider layoutProps= {ref: RefImpl} key="landing" name="landing"  ... > 
  at <NuxtLayout> 
  at <App key=4 > 
  at <NuxtRoot> @ http://localhost:3001/_nuxt/@fs/Users/andrejkoval/Dev/vivadzen/src/front/node_modules/@vue/runtime-core/dist/runtime-core.esm-bundler.js?v=52c0a703:49
[    1704ms] [WARNING] [Vue warn]: Hydration style mismatch on JSHandle@node 
  - rendered on server: style="width:1em;height:1em;--c613ce94-iconUrl:url('https://api.iconify.design/logos/google-icon.svg');"
  - expected on client: style="width:1em;height:1em;"
  Note: this mismatch is check-only. The DOM will not be rectified in production due to performance overhead.
  You should fix the source of the mismatch. 
  at <IconCSS name="logos:google-icon" class="review-card__google-icon" > 
  at <SnapSlide key=12 > 
  at <SnapCarousel items= [Object, Object, Object, Object, Object, Object, Object, Object, Object, Object, Object, Object, Object, Object, Object, Object, Object, Object, Object, Object] items-per-page= {mobile: 1, tablet: 2, desktop: 3, ld: 3, xld: 3} gap= {mobile: 16, tablet: 20, desktop: 24}  ... > 
  at <GoogleReviews> 
  at <Index onVnodeUnmounted=fn<onVnodeUnmounted> ref=Ref< undefined > > 
  at <RouteProvider key="/" vnode= {__v_isVNode: true, __v_skip: true, type: Object, props: Object, key: null} route= {fullPath: /, hash: , query: Object, name: index___cs, path: /}  ... > 
  at <RouterView name=undefined route=undefined > 
  at <NuxtPage> 
  at <Body> 
  at <Html lang="cs-CZ" dir="ltr" > 
  at <Landing ref=Ref< undefined > > 
  at <AsyncComponentWrapper ref=Ref< undefined > > 
  at <LayoutLoader key="landing" layoutProps= {ref: RefImpl} name="landing" > 
  at <NuxtLayoutProvider layoutProps= {ref: RefImpl} key="landing" name="landing"  ... > 
  at <NuxtLayout> 
  at <App key=4 > 
  at <NuxtRoot> @ http://localhost:3001/_nuxt/@fs/Users/andrejkoval/Dev/vivadzen/src/front/node_modules/@vue/runtime-core/dist/runtime-core.esm-bundler.js?v=52c0a703:49
[    1705ms] [WARNING] [Vue warn]: Hydration style mismatch on JSHandle@node 
  - rendered on server: style="width:1em;height:1em;--c613ce94-iconUrl:url('https://api.iconify.design/ph/star-fill.svg');"
  - expected on client: style="width:1em;height:1em;"
  Note: this mismatch is check-only. The DOM will not be rectified in production due to performance overhead.
  You should fix the source of the mismatch. 
  at <IconCSS key=1 name="ph:star-fill" class="review-card__star filled" > 
  at <SnapSlide key=12 > 
  at <SnapCarousel items= [Object, Object, Object, Object, Object, Object, Object, Object, Object, Object, Object, Object, Object, Object, Object, Object, Object, Object, Object, Object] items-per-page= {mobile: 1, tablet: 2, desktop: 3, ld: 3, xld: 3} gap= {mobile: 16, tablet: 20, desktop: 24}  ... > 
  at <GoogleReviews> 
  at <Index onVnodeUnmounted=fn<onVnodeUnmounted> ref=Ref< undefined > > 
  at <RouteProvider key="/" vnode= {__v_isVNode: true, __v_skip: true, type: Object, props: Object, key: null} route= {fullPath: /, hash: , query: Object, name: index___cs, path: /}  ... > 
  at <RouterView name=undefined route=undefined > 
  at <NuxtPage> 
  at <Body> 
  at <Html lang="cs-CZ" dir="ltr" > 
  at <Landing ref=Ref< undefined > > 
  at <AsyncComponentWrapper ref=Ref< undefined > > 
  at <LayoutLoader key="landing" layoutProps= {ref: RefImpl} name="landing" > 
  at <NuxtLayoutProvider layoutProps= {ref: RefImpl} key="landing" name="landing"  ... > 
  at <NuxtLayout> 
  at <App key=4 > 
  at <NuxtRoot> @ http://localhost:3001/_nuxt/@fs/Users/andrejkoval/Dev/vivadzen/src/front/node_modules/@vue/runtime-core/dist/runtime-core.esm-bundler.js?v=52c0a703:49
[    1705ms] [WARNING] [Vue warn]: Hydration style mismatch on JSHandle@node 
  - rendered on server: style="width:1em;height:1em;--c613ce94-iconUrl:url('https://api.iconify.design/ph/star-fill.svg');"
  - expected on client: style="width:1em;height:1em;"
  Note: this mismatch is check-only. The DOM will not be rectified in production due to performance overhead.
  You should fix the source of the mismatch. 
  at <IconCSS key=2 name="ph:star-fill" class="review-card__star filled" > 
  at <SnapSlide key=12 > 
  at <SnapCarousel items= [Object, Object, Object, Object, Object, Object, Object, Object, Object, Object, Object, Object, Object, Object, Object, Object, Object, Object, Object, Object] items-per-page= {mobile: 1, tablet: 2, desktop: 3, ld: 3, xld: 3} gap= {mobile: 16, tablet: 20, desktop: 24}  ... > 
  at <GoogleReviews> 
  at <Index onVnodeUnmounted=fn<onVnodeUnmounted> ref=Ref< undefined > > 
  at <RouteProvider key="/" vnode= {__v_isVNode: true, __v_skip: true, type: Object, props: Object, key: null} route= {fullPath: /, hash: , query: Object, name: index___cs, path: /}  ... > 
  at <RouterView name=undefined route=undefined > 
  at <NuxtPage> 
  at <Body> 
  at <Html lang="cs-CZ" dir="ltr" > 
  at <Landing ref=Ref< undefined > > 
  at <AsyncComponentWrapper ref=Ref< undefined > > 
  at <LayoutLoader key="landing" layoutProps= {ref: RefImpl} name="landing" > 
  at <NuxtLayoutProvider layoutProps= {ref: RefImpl} key="landing" name="landing"  ... > 
  at <NuxtLayout> 
  at <App key=4 > 
  at <NuxtRoot> @ http://localhost:3001/_nuxt/@fs/Users/andrejkoval/Dev/vivadzen/src/front/node_modules/@vue/runtime-core/dist/runtime-core.esm-bundler.js?v=52c0a703:49
[    1705ms] [WARNING] [Vue warn]: Hydration style mismatch on JSHandle@node 
  - rendered on server: style="width:1em;height:1em;--c613ce94-iconUrl:url('https://api.iconify.design/ph/star-fill.svg');"
  - expected on client: style="width:1em;height:1em;"
  Note: this mismatch is check-only. The DOM will not be rectified in production due to performance overhead.
  You should fix the source of the mismatch. 
  at <IconCSS key=3 name="ph:star-fill" class="review-card__star filled" > 
  at <SnapSlide key=12 > 
  at <SnapCarousel items= [Object, Object, Object, Object, Object, Object, Object, Object, Object, Object, Object, Object, Object, Object, Object, Object, Object, Object, Object, Object] items-per-page= {mobile: 1, tablet: 2, desktop: 3, ld: 3, xld: 3} gap= {mobile: 16, tablet: 20, desktop: 24}  ... > 
  at <GoogleReviews> 
  at <Index onVnodeUnmounted=fn<onVnodeUnmounted> ref=Ref< undefined > > 
  at <RouteProvider key="/" vnode= {__v_isVNode: true, __v_skip: true, type: Object, props: Object, key: null} route= {fullPath: /, hash: , query: Object, name: index___cs, path: /}  ... > 
  at <RouterView name=undefined route=undefined > 
  at <NuxtPage> 
  at <Body> 
  at <Html lang="cs-CZ" dir="ltr" > 
  at <Landing ref=Ref< undefined > > 
  at <AsyncComponentWrapper ref=Ref< undefined > > 
  at <LayoutLoader key="landing" layoutProps= {ref: RefImpl} name="landing" > 
  at <NuxtLayoutProvider layoutProps= {ref: RefImpl} key="landing" name="landing"  ... > 
  at <NuxtLayout> 
  at <App key=4 > 
  at <NuxtRoot> @ http://localhost:3001/_nuxt/@fs/Users/andrejkoval/Dev/vivadzen/src/front/node_modules/@vue/runtime-core/dist/runtime-core.esm-bundler.js?v=52c0a703:49
[    1705ms] [WARNING] [Vue warn]: Hydration style mismatch on JSHandle@node 
  - rendered on server: style="width:1em;height:1em;--c613ce94-iconUrl:url('https://api.iconify.design/ph/star-fill.svg');"
  - expected on client: style="width:1em;height:1em;"
  Note: this mismatch is check-only. The DOM will not be rectified in production due to performance overhead.
  You should fix the source of the mismatch. 
  at <IconCSS key=4 name="ph:star-fill" class="review-card__star filled" > 
  at <SnapSlide key=12 > 
  at <SnapCarousel items= [Object, Object, Object, Object, Object, Object, Object, Object, Object, Object, Object, Object, Object, Object, Object, Object, Object, Object, Object, Object] items-per-page= {mobile: 1, tablet: 2, desktop: 3, ld: 3, xld: 3} gap= {mobile: 16, tablet: 20, desktop: 24}  ... > 
  at <GoogleReviews> 
  at <Index onVnodeUnmounted=fn<onVnodeUnmounted> ref=Ref< undefined > > 
  at <RouteProvider key="/" vnode= {__v_isVNode: true, __v_skip: true, type: Object, props: Object, key: null} route= {fullPath: /, hash: , query: Object, name: index___cs, path: /}  ... > 
  at <RouterView name=undefined route=undefined > 
  at <NuxtPage> 
  at <Body> 
  at <Html lang="cs-CZ" dir="ltr" > 
  at <Landing ref=Ref< undefined > > 
  at <AsyncComponentWrapper ref=Ref< undefined > > 
  at <LayoutLoader key="landing" layoutProps= {ref: RefImpl} name="landing" > 
  at <NuxtLayoutProvider layoutProps= {ref: RefImpl} key="landing" name="landing"  ... > 
  at <NuxtLayout> 
  at <App key=4 > 
  at <NuxtRoot> @ http://localhost:3001/_nuxt/@fs/Users/andrejkoval/Dev/vivadzen/src/front/node_modules/@vue/runtime-core/dist/runtime-core.esm-bundler.js?v=52c0a703:49
[    1706ms] [WARNING] [Vue warn]: Hydration style mismatch on JSHandle@node 
  - rendered on server: style="width:1em;height:1em;--c613ce94-iconUrl:url('https://api.iconify.design/ph/star-fill.svg');"
  - expected on client: style="width:1em;height:1em;"
  Note: this mismatch is check-only. The DOM will not be rectified in production due to performance overhead.
  You should fix the source of the mismatch. 
  at <IconCSS key=5 name="ph:star-fill" class="review-card__star filled" > 
  at <SnapSlide key=12 > 
  at <SnapCarousel items= [Object, Object, Object, Object, Object, Object, Object, Object, Object, Object, Object, Object, Object, Object, Object, Object, Object, Object, Object, Object] items-per-page= {mobile: 1, tablet: 2, desktop: 3, ld: 3, xld: 3} gap= {mobile: 16, tablet: 20, desktop: 24}  ... > 
  at <GoogleReviews> 
  at <Index onVnodeUnmounted=fn<onVnodeUnmounted> ref=Ref< undefined > > 
  at <RouteProvider key="/" vnode= {__v_isVNode: true, __v_skip: true, type: Object, props: Object, key: null} route= {fullPath: /, hash: , query: Object, name: index___cs, path: /}  ... > 
  at <RouterView name=undefined route=undefined > 
  at <NuxtPage> 
  at <Body> 
  at <Html lang="cs-CZ" dir="ltr" > 
  at <Landing ref=Ref< undefined > > 
  at <AsyncComponentWrapper ref=Ref< undefined > > 
  at <LayoutLoader key="landing" layoutProps= {ref: RefImpl} name="landing" > 
  at <NuxtLayoutProvider layoutProps= {ref: RefImpl} key="landing" name="landing"  ... > 
  at <NuxtLayout> 
  at <App key=4 > 
  at <NuxtRoot> @ http://localhost:3001/_nuxt/@fs/Users/andrejkoval/Dev/vivadzen/src/front/node_modules/@vue/runtime-core/dist/runtime-core.esm-bundler.js?v=52c0a703:49
[    1706ms] [WARNING] [Vue warn]: Hydration style mismatch on JSHandle@node 
  - rendered on server: style="width:1em;height:1em;--c613ce94-iconUrl:url('https://api.iconify.design/ph/arrow-bend-down-right.svg');"
  - expected on client: style="width:1em;height:1em;"
  Note: this mismatch is check-only. The DOM will not be rectified in production due to performance overhead.
  You should fix the source of the mismatch. 
  at <IconCSS name="ph:arrow-bend-down-right" > 
  at <SnapSlide key=12 > 
  at <SnapCarousel items= [Object, Object, Object, Object, Object, Object, Object, Object, Object, Object, Object, Object, Object, Object, Object, Object, Object, Object, Object, Object] items-per-page= {mobile: 1, tablet: 2, desktop: 3, ld: 3, xld: 3} gap= {mobile: 16, tablet: 20, desktop: 24}  ... > 
  at <GoogleReviews> 
  at <Index onVnodeUnmounted=fn<onVnodeUnmounted> ref=Ref< undefined > > 
  at <RouteProvider key="/" vnode= {__v_isVNode: true, __v_skip: true, type: Object, props: Object, key: null} route= {fullPath: /, hash: , query: Object, name: index___cs, path: /}  ... > 
  at <RouterView name=undefined route=undefined > 
  at <NuxtPage> 
  at <Body> 
  at <Html lang="cs-CZ" dir="ltr" > 
  at <Landing ref=Ref< undefined > > 
  at <AsyncComponentWrapper ref=Ref< undefined > > 
  at <LayoutLoader key="landing" layoutProps= {ref: RefImpl} name="landing" > 
  at <NuxtLayoutProvider layoutProps= {ref: RefImpl} key="landing" name="landing"  ... > 
  at <NuxtLayout> 
  at <App key=4 > 
  at <NuxtRoot> @ http://localhost:3001/_nuxt/@fs/Users/andrejkoval/Dev/vivadzen/src/front/node_modules/@vue/runtime-core/dist/runtime-core.esm-bundler.js?v=52c0a703:49
[    1706ms] [WARNING] [Vue warn]: Hydration style mismatch on JSHandle@node 
  - rendered on server: style="width:1em;height:1em;--c613ce94-iconUrl:url('https://api.iconify.design/logos/google-icon.svg');"
  - expected on client: style="width:1em;height:1em;"
  Note: this mismatch is check-only. The DOM will not be rectified in production due to performance overhead.
  You should fix the source of the mismatch. 
  at <IconCSS name="logos:google-icon" class="review-card__google-icon" > 
  at <SnapSlide key=13 > 
  at <SnapCarousel items= [Object, Object, Object, Object, Object, Object, Object, Object, Object, Object, Object, Object, Object, Object, Object, Object, Object, Object, Object, Object] items-per-page= {mobile: 1, tablet: 2, desktop: 3, ld: 3, xld: 3} gap= {mobile: 16, tablet: 20, desktop: 24}  ... > 
  at <GoogleReviews> 
  at <Index onVnodeUnmounted=fn<onVnodeUnmounted> ref=Ref< undefined > > 
  at <RouteProvider key="/" vnode= {__v_isVNode: true, __v_skip: true, type: Object, props: Object, key: null} route= {fullPath: /, hash: , query: Object, name: index___cs, path: /}  ... > 
  at <RouterView name=undefined route=undefined > 
  at <NuxtPage> 
  at <Body> 
  at <Html lang="cs-CZ" dir="ltr" > 
  at <Landing ref=Ref< undefined > > 
  at <AsyncComponentWrapper ref=Ref< undefined > > 
  at <LayoutLoader key="landing" layoutProps= {ref: RefImpl} name="landing" > 
  at <NuxtLayoutProvider layoutProps= {ref: RefImpl} key="landing" name="landing"  ... > 
  at <NuxtLayout> 
  at <App key=4 > 
  at <NuxtRoot> @ http://localhost:3001/_nuxt/@fs/Users/andrejkoval/Dev/vivadzen/src/front/node_modules/@vue/runtime-core/dist/runtime-core.esm-bundler.js?v=52c0a703:49
[    1707ms] [WARNING] [Vue warn]: Hydration style mismatch on JSHandle@node 
  - rendered on server: style="width:1em;height:1em;--c613ce94-iconUrl:url('https://api.iconify.design/ph/star-fill.svg');"
  - expected on client: style="width:1em;height:1em;"
  Note: this mismatch is check-only. The DOM will not be rectified in production due to performance overhead.
  You should fix the source of the mismatch. 
  at <IconCSS key=1 name="ph:star-fill" class="review-card__star filled" > 
  at <SnapSlide key=13 > 
  at <SnapCarousel items= [Object, Object, Object, Object, Object, Object, Object, Object, Object, Object, Object, Object, Object, Object, Object, Object, Object, Object, Object, Object] items-per-page= {mobile: 1, tablet: 2, desktop: 3, ld: 3, xld: 3} gap= {mobile: 16, tablet: 20, desktop: 24}  ... > 
  at <GoogleReviews> 
  at <Index onVnodeUnmounted=fn<onVnodeUnmounted> ref=Ref< undefined > > 
  at <RouteProvider key="/" vnode= {__v_isVNode: true, __v_skip: true, type: Object, props: Object, key: null} route= {fullPath: /, hash: , query: Object, name: index___cs, path: /}  ... > 
  at <RouterView name=undefined route=undefined > 
  at <NuxtPage> 
  at <Body> 
  at <Html lang="cs-CZ" dir="ltr" > 
  at <Landing ref=Ref< undefined > > 
  at <AsyncComponentWrapper ref=Ref< undefined > > 
  at <LayoutLoader key="landing" layoutProps= {ref: RefImpl} name="landing" > 
  at <NuxtLayoutProvider layoutProps= {ref: RefImpl} key="landing" name="landing"  ... > 
  at <NuxtLayout> 
  at <App key=4 > 
  at <NuxtRoot> @ http://localhost:3001/_nuxt/@fs/Users/andrejkoval/Dev/vivadzen/src/front/node_modules/@vue/runtime-core/dist/runtime-core.esm-bundler.js?v=52c0a703:49
[    1707ms] [WARNING] [Vue warn]: Hydration style mismatch on JSHandle@node 
  - rendered on server: style="width:1em;height:1em;--c613ce94-iconUrl:url('https://api.iconify.design/ph/star-fill.svg');"
  - expected on client: style="width:1em;height:1em;"
  Note: this mismatch is check-only. The DOM will not be rectified in production due to performance overhead.
  You should fix the source of the mismatch. 
  at <IconCSS key=2 name="ph:star-fill" class="review-card__star filled" > 
  at <SnapSlide key=13 > 
  at <SnapCarousel items= [Object, Object, Object, Object, Object, Object, Object, Object, Object, Object, Object, Object, Object, Object, Object, Object, Object, Object, Object, Object] items-per-page= {mobile: 1, tablet: 2, desktop: 3, ld: 3, xld: 3} gap= {mobile: 16, tablet: 20, desktop: 24}  ... > 
  at <GoogleReviews> 
  at <Index onVnodeUnmounted=fn<onVnodeUnmounted> ref=Ref< undefined > > 
  at <RouteProvider key="/" vnode= {__v_isVNode: true, __v_skip: true, type: Object, props: Object, key: null} route= {fullPath: /, hash: , query: Object, name: index___cs, path: /}  ... > 
  at <RouterView name=undefined route=undefined > 
  at <NuxtPage> 
  at <Body> 
  at <Html lang="cs-CZ" dir="ltr" > 
  at <Landing ref=Ref< undefined > > 
  at <AsyncComponentWrapper ref=Ref< undefined > > 
  at <LayoutLoader key="landing" layoutProps= {ref: RefImpl} name="landing" > 
  at <NuxtLayoutProvider layoutProps= {ref: RefImpl} key="landing" name="landing"  ... > 
  at <NuxtLayout> 
  at <App key=4 > 
  at <NuxtRoot> @ http://localhost:3001/_nuxt/@fs/Users/andrejkoval/Dev/vivadzen/src/front/node_modules/@vue/runtime-core/dist/runtime-core.esm-bundler.js?v=52c0a703:49
[    1707ms] [WARNING] [Vue warn]: Hydration style mismatch on JSHandle@node 
  - rendered on server: style="width:1em;height:1em;--c613ce94-iconUrl:url('https://api.iconify.design/ph/star-fill.svg');"
  - expected on client: style="width:1em;height:1em;"
  Note: this mismatch is check-only. The DOM will not be rectified in production due to performance overhead.
  You should fix the source of the mismatch. 
  at <IconCSS key=3 name="ph:star-fill" class="review-card__star filled" > 
  at <SnapSlide key=13 > 
  at <SnapCarousel items= [Object, Object, Object, Object, Object, Object, Object, Object, Object, Object, Object, Object, Object, Object, Object, Object, Object, Object, Object, Object] items-per-page= {mobile: 1, tablet: 2, desktop: 3, ld: 3, xld: 3} gap= {mobile: 16, tablet: 20, desktop: 24}  ... > 
  at <GoogleReviews> 
  at <Index onVnodeUnmounted=fn<onVnodeUnmounted> ref=Ref< undefined > > 
  at <RouteProvider key="/" vnode= {__v_isVNode: true, __v_skip: true, type: Object, props: Object, key: null} route= {fullPath: /, hash: , query: Object, name: index___cs, path: /}  ... > 
  at <RouterView name=undefined route=undefined > 
  at <NuxtPage> 
  at <Body> 
  at <Html lang="cs-CZ" dir="ltr" > 
  at <Landing ref=Ref< undefined > > 
  at <AsyncComponentWrapper ref=Ref< undefined > > 
  at <LayoutLoader key="landing" layoutProps= {ref: RefImpl} name="landing" > 
  at <NuxtLayoutProvider layoutProps= {ref: RefImpl} key="landing" name="landing"  ... > 
  at <NuxtLayout> 
  at <App key=4 > 
  at <NuxtRoot> @ http://localhost:3001/_nuxt/@fs/Users/andrejkoval/Dev/vivadzen/src/front/node_modules/@vue/runtime-core/dist/runtime-core.esm-bundler.js?v=52c0a703:49
[    1707ms] [WARNING] [Vue warn]: Hydration style mismatch on JSHandle@node 
  - rendered on server: style="width:1em;height:1em;--c613ce94-iconUrl:url('https://api.iconify.design/ph/star-fill.svg');"
  - expected on client: style="width:1em;height:1em;"
  Note: this mismatch is check-only. The DOM will not be rectified in production due to performance overhead.
  You should fix the source of the mismatch. 
  at <IconCSS key=4 name="ph:star-fill" class="review-card__star filled" > 
  at <SnapSlide key=13 > 
  at <SnapCarousel items= [Object, Object, Object, Object, Object, Object, Object, Object, Object, Object, Object, Object, Object, Object, Object, Object, Object, Object, Object, Object] items-per-page= {mobile: 1, tablet: 2, desktop: 3, ld: 3, xld: 3} gap= {mobile: 16, tablet: 20, desktop: 24}  ... > 
  at <GoogleReviews> 
  at <Index onVnodeUnmounted=fn<onVnodeUnmounted> ref=Ref< undefined > > 
  at <RouteProvider key="/" vnode= {__v_isVNode: true, __v_skip: true, type: Object, props: Object, key: null} route= {fullPath: /, hash: , query: Object, name: index___cs, path: /}  ... > 
  at <RouterView name=undefined route=undefined > 
  at <NuxtPage> 
  at <Body> 
  at <Html lang="cs-CZ" dir="ltr" > 
  at <Landing ref=Ref< undefined > > 
  at <AsyncComponentWrapper ref=Ref< undefined > > 
  at <LayoutLoader key="landing" layoutProps= {ref: RefImpl} name="landing" > 
  at <NuxtLayoutProvider layoutProps= {ref: RefImpl} key="landing" name="landing"  ... > 
  at <NuxtLayout> 
  at <App key=4 > 
  at <NuxtRoot> @ http://localhost:3001/_nuxt/@fs/Users/andrejkoval/Dev/vivadzen/src/front/node_modules/@vue/runtime-core/dist/runtime-core.esm-bundler.js?v=52c0a703:49
[    1708ms] [WARNING] [Vue warn]: Hydration style mismatch on JSHandle@node 
  - rendered on server: style="width:1em;height:1em;--c613ce94-iconUrl:url('https://api.iconify.design/ph/star-fill.svg');"
  - expected on client: style="width:1em;height:1em;"
  Note: this mismatch is check-only. The DOM will not be rectified in production due to performance overhead.
  You should fix the source of the mismatch. 
  at <IconCSS key=5 name="ph:star-fill" class="review-card__star filled" > 
  at <SnapSlide key=13 > 
  at <SnapCarousel items= [Object, Object, Object, Object, Object, Object, Object, Object, Object, Object, Object, Object, Object, Object, Object, Object, Object, Object, Object, Object] items-per-page= {mobile: 1, tablet: 2, desktop: 3, ld: 3, xld: 3} gap= {mobile: 16, tablet: 20, desktop: 24}  ... > 
  at <GoogleReviews> 
  at <Index onVnodeUnmounted=fn<onVnodeUnmounted> ref=Ref< undefined > > 
  at <RouteProvider key="/" vnode= {__v_isVNode: true, __v_skip: true, type: Object, props: Object, key: null} route= {fullPath: /, hash: , query: Object, name: index___cs, path: /}  ... > 
  at <RouterView name=undefined route=undefined > 
  at <NuxtPage> 
  at <Body> 
  at <Html lang="cs-CZ" dir="ltr" > 
  at <Landing ref=Ref< undefined > > 
  at <AsyncComponentWrapper ref=Ref< undefined > > 
  at <LayoutLoader key="landing" layoutProps= {ref: RefImpl} name="landing" > 
  at <NuxtLayoutProvider layoutProps= {ref: RefImpl} key="landing" name="landing"  ... > 
  at <NuxtLayout> 
  at <App key=4 > 
  at <NuxtRoot> @ http://localhost:3001/_nuxt/@fs/Users/andrejkoval/Dev/vivadzen/src/front/node_modules/@vue/runtime-core/dist/runtime-core.esm-bundler.js?v=52c0a703:49
[    1708ms] [WARNING] [Vue warn]: Hydration style mismatch on JSHandle@node 
  - rendered on server: style="width:1em;height:1em;--c613ce94-iconUrl:url('https://api.iconify.design/ph/arrow-bend-down-right.svg');"
  - expected on client: style="width:1em;height:1em;"
  Note: this mismatch is check-only. The DOM will not be rectified in production due to performance overhead.
  You should fix the source of the mismatch. 
  at <IconCSS name="ph:arrow-bend-down-right" > 
  at <SnapSlide key=13 > 
  at <SnapCarousel items= [Object, Object, Object, Object, Object, Object, Object, Object, Object, Object, Object, Object, Object, Object, Object, Object, Object, Object, Object, Object] items-per-page= {mobile: 1, tablet: 2, desktop: 3, ld: 3, xld: 3} gap= {mobile: 16, tablet: 20, desktop: 24}  ... > 
  at <GoogleReviews> 
  at <Index onVnodeUnmounted=fn<onVnodeUnmounted> ref=Ref< undefined > > 
  at <RouteProvider key="/" vnode= {__v_isVNode: true, __v_skip: true, type: Object, props: Object, key: null} route= {fullPath: /, hash: , query: Object, name: index___cs, path: /}  ... > 
  at <RouterView name=undefined route=undefined > 
  at <NuxtPage> 
  at <Body> 
  at <Html lang="cs-CZ" dir="ltr" > 
  at <Landing ref=Ref< undefined > > 
  at <AsyncComponentWrapper ref=Ref< undefined > > 
  at <LayoutLoader key="landing" layoutProps= {ref: RefImpl} name="landing" > 
  at <NuxtLayoutProvider layoutProps= {ref: RefImpl} key="landing" name="landing"  ... > 
  at <NuxtLayout> 
  at <App key=4 > 
  at <NuxtRoot> @ http://localhost:3001/_nuxt/@fs/Users/andrejkoval/Dev/vivadzen/src/front/node_modules/@vue/runtime-core/dist/runtime-core.esm-bundler.js?v=52c0a703:49
[    1708ms] [WARNING] [Vue warn]: Hydration style mismatch on JSHandle@node 
  - rendered on server: style="width:1em;height:1em;--c613ce94-iconUrl:url('https://api.iconify.design/logos/google-icon.svg');"
  - expected on client: style="width:1em;height:1em;"
  Note: this mismatch is check-only. The DOM will not be rectified in production due to performance overhead.
  You should fix the source of the mismatch. 
  at <IconCSS name="logos:google-icon" class="review-card__google-icon" > 
  at <SnapSlide key=14 > 
  at <SnapCarousel items= [Object, Object, Object, Object, Object, Object, Object, Object, Object, Object, Object, Object, Object, Object, Object, Object, Object, Object, Object, Object] items-per-page= {mobile: 1, tablet: 2, desktop: 3, ld: 3, xld: 3} gap= {mobile: 16, tablet: 20, desktop: 24}  ... > 
  at <GoogleReviews> 
  at <Index onVnodeUnmounted=fn<onVnodeUnmounted> ref=Ref< undefined > > 
  at <RouteProvider key="/" vnode= {__v_isVNode: true, __v_skip: true, type: Object, props: Object, key: null} route= {fullPath: /, hash: , query: Object, name: index___cs, path: /}  ... > 
  at <RouterView name=undefined route=undefined > 
  at <NuxtPage> 
  at <Body> 
  at <Html lang="cs-CZ" dir="ltr" > 
  at <Landing ref=Ref< undefined > > 
  at <AsyncComponentWrapper ref=Ref< undefined > > 
  at <LayoutLoader key="landing" layoutProps= {ref: RefImpl} name="landing" > 
  at <NuxtLayoutProvider layoutProps= {ref: RefImpl} key="landing" name="landing"  ... > 
  at <NuxtLayout> 
  at <App key=4 > 
  at <NuxtRoot> @ http://localhost:3001/_nuxt/@fs/Users/andrejkoval/Dev/vivadzen/src/front/node_modules/@vue/runtime-core/dist/runtime-core.esm-bundler.js?v=52c0a703:49
[    1708ms] [WARNING] [Vue warn]: Hydration style mismatch on JSHandle@node 
  - rendered on server: style="width:1em;height:1em;--c613ce94-iconUrl:url('https://api.iconify.design/ph/star-fill.svg');"
  - expected on client: style="width:1em;height:1em;"
  Note: this mismatch is check-only. The DOM will not be rectified in production due to performance overhead.
  You should fix the source of the mismatch. 
  at <IconCSS key=1 name="ph:star-fill" class="review-card__star filled" > 
  at <SnapSlide key=14 > 
  at <SnapCarousel items= [Object, Object, Object, Object, Object, Object, Object, Object, Object, Object, Object, Object, Object, Object, Object, Object, Object, Object, Object, Object] items-per-page= {mobile: 1, tablet: 2, desktop: 3, ld: 3, xld: 3} gap= {mobile: 16, tablet: 20, desktop: 24}  ... > 
  at <GoogleReviews> 
  at <Index onVnodeUnmounted=fn<onVnodeUnmounted> ref=Ref< undefined > > 
  at <RouteProvider key="/" vnode= {__v_isVNode: true, __v_skip: true, type: Object, props: Object, key: null} route= {fullPath: /, hash: , query: Object, name: index___cs, path: /}  ... > 
  at <RouterView name=undefined route=undefined > 
  at <NuxtPage> 
  at <Body> 
  at <Html lang="cs-CZ" dir="ltr" > 
  at <Landing ref=Ref< undefined > > 
  at <AsyncComponentWrapper ref=Ref< undefined > > 
  at <LayoutLoader key="landing" layoutProps= {ref: RefImpl} name="landing" > 
  at <NuxtLayoutProvider layoutProps= {ref: RefImpl} key="landing" name="landing"  ... > 
  at <NuxtLayout> 
  at <App key=4 > 
  at <NuxtRoot> @ http://localhost:3001/_nuxt/@fs/Users/andrejkoval/Dev/vivadzen/src/front/node_modules/@vue/runtime-core/dist/runtime-core.esm-bundler.js?v=52c0a703:49
[    1709ms] [WARNING] [Vue warn]: Hydration style mismatch on JSHandle@node 
  - rendered on server: style="width:1em;height:1em;--c613ce94-iconUrl:url('https://api.iconify.design/ph/star-fill.svg');"
  - expected on client: style="width:1em;height:1em;"
  Note: this mismatch is check-only. The DOM will not be rectified in production due to performance overhead.
  You should fix the source of the mismatch. 
  at <IconCSS key=2 name="ph:star-fill" class="review-card__star filled" > 
  at <SnapSlide key=14 > 
  at <SnapCarousel items= [Object, Object, Object, Object, Object, Object, Object, Object, Object, Object, Object, Object, Object, Object, Object, Object, Object, Object, Object, Object] items-per-page= {mobile: 1, tablet: 2, desktop: 3, ld: 3, xld: 3} gap= {mobile: 16, tablet: 20, desktop: 24}  ... > 
  at <GoogleReviews> 
  at <Index onVnodeUnmounted=fn<onVnodeUnmounted> ref=Ref< undefined > > 
  at <RouteProvider key="/" vnode= {__v_isVNode: true, __v_skip: true, type: Object, props: Object, key: null} route= {fullPath: /, hash: , query: Object, name: index___cs, path: /}  ... > 
  at <RouterView name=undefined route=undefined > 
  at <NuxtPage> 
  at <Body> 
  at <Html lang="cs-CZ" dir="ltr" > 
  at <Landing ref=Ref< undefined > > 
  at <AsyncComponentWrapper ref=Ref< undefined > > 
  at <LayoutLoader key="landing" layoutProps= {ref: RefImpl} name="landing" > 
  at <NuxtLayoutProvider layoutProps= {ref: RefImpl} key="landing" name="landing"  ... > 
  at <NuxtLayout> 
  at <App key=4 > 
  at <NuxtRoot> @ http://localhost:3001/_nuxt/@fs/Users/andrejkoval/Dev/vivadzen/src/front/node_modules/@vue/runtime-core/dist/runtime-core.esm-bundler.js?v=52c0a703:49
[    1709ms] [WARNING] [Vue warn]: Hydration style mismatch on JSHandle@node 
  - rendered on server: style="width:1em;height:1em;--c613ce94-iconUrl:url('https://api.iconify.design/ph/star-fill.svg');"
  - expected on client: style="width:1em;height:1em;"
  Note: this mismatch is check-only. The DOM will not be rectified in production due to performance overhead.
  You should fix the source of the mismatch. 
  at <IconCSS key=3 name="ph:star-fill" class="review-card__star filled" > 
  at <SnapSlide key=14 > 
  at <SnapCarousel items= [Object, Object, Object, Object, Object, Object, Object, Object, Object, Object, Object, Object, Object, Object, Object, Object, Object, Object, Object, Object] items-per-page= {mobile: 1, tablet: 2, desktop: 3, ld: 3, xld: 3} gap= {mobile: 16, tablet: 20, desktop: 24}  ... > 
  at <GoogleReviews> 
  at <Index onVnodeUnmounted=fn<onVnodeUnmounted> ref=Ref< undefined > > 
  at <RouteProvider key="/" vnode= {__v_isVNode: true, __v_skip: true, type: Object, props: Object, key: null} route= {fullPath: /, hash: , query: Object, name: index___cs, path: /}  ... > 
  at <RouterView name=undefined route=undefined > 
  at <NuxtPage> 
  at <Body> 
  at <Html lang="cs-CZ" dir="ltr" > 
  at <Landing ref=Ref< undefined > > 
  at <AsyncComponentWrapper ref=Ref< undefined > > 
  at <LayoutLoader key="landing" layoutProps= {ref: RefImpl} name="landing" > 
  at <NuxtLayoutProvider layoutProps= {ref: RefImpl} key="landing" name="landing"  ... > 
  at <NuxtLayout> 
  at <App key=4 > 
  at <NuxtRoot> @ http://localhost:3001/_nuxt/@fs/Users/andrejkoval/Dev/vivadzen/src/front/node_modules/@vue/runtime-core/dist/runtime-core.esm-bundler.js?v=52c0a703:49
[    1709ms] [WARNING] [Vue warn]: Hydration style mismatch on JSHandle@node 
  - rendered on server: style="width:1em;height:1em;--c613ce94-iconUrl:url('https://api.iconify.design/ph/star-fill.svg');"
  - expected on client: style="width:1em;height:1em;"
  Note: this mismatch is check-only. The DOM will not be rectified in production due to performance overhead.
  You should fix the source of the mismatch. 
  at <IconCSS key=4 name="ph:star-fill" class="review-card__star filled" > 
  at <SnapSlide key=14 > 
  at <SnapCarousel items= [Object, Object, Object, Object, Object, Object, Object, Object, Object, Object, Object, Object, Object, Object, Object, Object, Object, Object, Object, Object] items-per-page= {mobile: 1, tablet: 2, desktop: 3, ld: 3, xld: 3} gap= {mobile: 16, tablet: 20, desktop: 24}  ... > 
  at <GoogleReviews> 
  at <Index onVnodeUnmounted=fn<onVnodeUnmounted> ref=Ref< undefined > > 
  at <RouteProvider key="/" vnode= {__v_isVNode: true, __v_skip: true, type: Object, props: Object, key: null} route= {fullPath: /, hash: , query: Object, name: index___cs, path: /}  ... > 
  at <RouterView name=undefined route=undefined > 
  at <NuxtPage> 
  at <Body> 
  at <Html lang="cs-CZ" dir="ltr" > 
  at <Landing ref=Ref< undefined > > 
  at <AsyncComponentWrapper ref=Ref< undefined > > 
  at <LayoutLoader key="landing" layoutProps= {ref: RefImpl} name="landing" > 
  at <NuxtLayoutProvider layoutProps= {ref: RefImpl} key="landing" name="landing"  ... > 
  at <NuxtLayout> 
  at <App key=4 > 
  at <NuxtRoot> @ http://localhost:3001/_nuxt/@fs/Users/andrejkoval/Dev/vivadzen/src/front/node_modules/@vue/runtime-core/dist/runtime-core.esm-bundler.js?v=52c0a703:49
[    1709ms] [WARNING] [Vue warn]: Hydration style mismatch on JSHandle@node 
  - rendered on server: style="width:1em;height:1em;--c613ce94-iconUrl:url('https://api.iconify.design/ph/star-fill.svg');"
  - expected on client: style="width:1em;height:1em;"
  Note: this mismatch is check-only. The DOM will not be rectified in production due to performance overhead.
  You should fix the source of the mismatch. 
  at <IconCSS key=5 name="ph:star-fill" class="review-card__star filled" > 
  at <SnapSlide key=14 > 
  at <SnapCarousel items= [Object, Object, Object, Object, Object, Object, Object, Object, Object, Object, Object, Object, Object, Object, Object, Object, Object, Object, Object, Object] items-per-page= {mobile: 1, tablet: 2, desktop: 3, ld: 3, xld: 3} gap= {mobile: 16, tablet: 20, desktop: 24}  ... > 
  at <GoogleReviews> 
  at <Index onVnodeUnmounted=fn<onVnodeUnmounted> ref=Ref< undefined > > 
  at <RouteProvider key="/" vnode= {__v_isVNode: true, __v_skip: true, type: Object, props: Object, key: null} route= {fullPath: /, hash: , query: Object, name: index___cs, path: /}  ... > 
  at <RouterView name=undefined route=undefined > 
  at <NuxtPage> 
  at <Body> 
  at <Html lang="cs-CZ" dir="ltr" > 
  at <Landing ref=Ref< undefined > > 
  at <AsyncComponentWrapper ref=Ref< undefined > > 
  at <LayoutLoader key="landing" layoutProps= {ref: RefImpl} name="landing" > 
  at <NuxtLayoutProvider layoutProps= {ref: RefImpl} key="landing" name="landing"  ... > 
  at <NuxtLayout> 
  at <App key=4 > 
  at <NuxtRoot> @ http://localhost:3001/_nuxt/@fs/Users/andrejkoval/Dev/vivadzen/src/front/node_modules/@vue/runtime-core/dist/runtime-core.esm-bundler.js?v=52c0a703:49
[    1709ms] [WARNING] [Vue warn]: Hydration style mismatch on JSHandle@node 
  - rendered on server: style="width:1em;height:1em;--c613ce94-iconUrl:url('https://api.iconify.design/ph/arrow-bend-down-right.svg');"
  - expected on client: style="width:1em;height:1em;"
  Note: this mismatch is check-only. The DOM will not be rectified in production due to performance overhead.
  You should fix the source of the mismatch. 
  at <IconCSS name="ph:arrow-bend-down-right" > 
  at <SnapSlide key=14 > 
  at <SnapCarousel items= [Object, Object, Object, Object, Object, Object, Object, Object, Object, Object, Object, Object, Object, Object, Object, Object, Object, Object, Object, Object] items-per-page= {mobile: 1, tablet: 2, desktop: 3, ld: 3, xld: 3} gap= {mobile: 16, tablet: 20, desktop: 24}  ... > 
  at <GoogleReviews> 
  at <Index onVnodeUnmounted=fn<onVnodeUnmounted> ref=Ref< undefined > > 
  at <RouteProvider key="/" vnode= {__v_isVNode: true, __v_skip: true, type: Object, props: Object, key: null} route= {fullPath: /, hash: , query: Object, name: index___cs, path: /}  ... > 
  at <RouterView name=undefined route=undefined > 
  at <NuxtPage> 
  at <Body> 
  at <Html lang="cs-CZ" dir="ltr" > 
  at <Landing ref=Ref< undefined > > 
  at <AsyncComponentWrapper ref=Ref< undefined > > 
  at <LayoutLoader key="landing" layoutProps= {ref: RefImpl} name="landing" > 
  at <NuxtLayoutProvider layoutProps= {ref: RefImpl} key="landing" name="landing"  ... > 
  at <NuxtLayout> 
  at <App key=4 > 
  at <NuxtRoot> @ http://localhost:3001/_nuxt/@fs/Users/andrejkoval/Dev/vivadzen/src/front/node_modules/@vue/runtime-core/dist/runtime-core.esm-bundler.js?v=52c0a703:49
[    1710ms] [WARNING] [Vue warn]: Hydration style mismatch on JSHandle@node 
  - rendered on server: style="width:1em;height:1em;--c613ce94-iconUrl:url('https://api.iconify.design/logos/google-icon.svg');"
  - expected on client: style="width:1em;height:1em;"
  Note: this mismatch is check-only. The DOM will not be rectified in production due to performance overhead.
  You should fix the source of the mismatch. 
  at <IconCSS name="logos:google-icon" class="review-card__google-icon" > 
  at <SnapSlide key=15 > 
  at <SnapCarousel items= [Object, Object, Object, Object, Object, Object, Object, Object, Object, Object, Object, Object, Object, Object, Object, Object, Object, Object, Object, Object] items-per-page= {mobile: 1, tablet: 2, desktop: 3, ld: 3, xld: 3} gap= {mobile: 16, tablet: 20, desktop: 24}  ... > 
  at <GoogleReviews> 
  at <Index onVnodeUnmounted=fn<onVnodeUnmounted> ref=Ref< undefined > > 
  at <RouteProvider key="/" vnode= {__v_isVNode: true, __v_skip: true, type: Object, props: Object, key: null} route= {fullPath: /, hash: , query: Object, name: index___cs, path: /}  ... > 
  at <RouterView name=undefined route=undefined > 
  at <NuxtPage> 
  at <Body> 
  at <Html lang="cs-CZ" dir="ltr" > 
  at <Landing ref=Ref< undefined > > 
  at <AsyncComponentWrapper ref=Ref< undefined > > 
  at <LayoutLoader key="landing" layoutProps= {ref: RefImpl} name="landing" > 
  at <NuxtLayoutProvider layoutProps= {ref: RefImpl} key="landing" name="landing"  ... > 
  at <NuxtLayout> 
  at <App key=4 > 
  at <NuxtRoot> @ http://localhost:3001/_nuxt/@fs/Users/andrejkoval/Dev/vivadzen/src/front/node_modules/@vue/runtime-core/dist/runtime-core.esm-bundler.js?v=52c0a703:49
[    1710ms] [WARNING] [Vue warn]: Hydration style mismatch on JSHandle@node 
  - rendered on server: style="width:1em;height:1em;--c613ce94-iconUrl:url('https://api.iconify.design/ph/star-fill.svg');"
  - expected on client: style="width:1em;height:1em;"
  Note: this mismatch is check-only. The DOM will not be rectified in production due to performance overhead.
  You should fix the source of the mismatch. 
  at <IconCSS key=1 name="ph:star-fill" class="review-card__star filled" > 
  at <SnapSlide key=15 > 
  at <SnapCarousel items= [Object, Object, Object, Object, Object, Object, Object, Object, Object, Object, Object, Object, Object, Object, Object, Object, Object, Object, Object, Object] items-per-page= {mobile: 1, tablet: 2, desktop: 3, ld: 3, xld: 3} gap= {mobile: 16, tablet: 20, desktop: 24}  ... > 
  at <GoogleReviews> 
  at <Index onVnodeUnmounted=fn<onVnodeUnmounted> ref=Ref< undefined > > 
  at <RouteProvider key="/" vnode= {__v_isVNode: true, __v_skip: true, type: Object, props: Object, key: null} route= {fullPath: /, hash: , query: Object, name: index___cs, path: /}  ... > 
  at <RouterView name=undefined route=undefined > 
  at <NuxtPage> 
  at <Body> 
  at <Html lang="cs-CZ" dir="ltr" > 
  at <Landing ref=Ref< undefined > > 
  at <AsyncComponentWrapper ref=Ref< undefined > > 
  at <LayoutLoader key="landing" layoutProps= {ref: RefImpl} name="landing" > 
  at <NuxtLayoutProvider layoutProps= {ref: RefImpl} key="landing" name="landing"  ... > 
  at <NuxtLayout> 
  at <App key=4 > 
  at <NuxtRoot> @ http://localhost:3001/_nuxt/@fs/Users/andrejkoval/Dev/vivadzen/src/front/node_modules/@vue/runtime-core/dist/runtime-core.esm-bundler.js?v=52c0a703:49
[    1710ms] [WARNING] [Vue warn]: Hydration style mismatch on JSHandle@node 
  - rendered on server: style="width:1em;height:1em;--c613ce94-iconUrl:url('https://api.iconify.design/ph/star-fill.svg');"
  - expected on client: style="width:1em;height:1em;"
  Note: this mismatch is check-only. The DOM will not be rectified in production due to performance overhead.
  You should fix the source of the mismatch. 
  at <IconCSS key=2 name="ph:star-fill" class="review-card__star filled" > 
  at <SnapSlide key=15 > 
  at <SnapCarousel items= [Object, Object, Object, Object, Object, Object, Object, Object, Object, Object, Object, Object, Object, Object, Object, Object, Object, Object, Object, Object] items-per-page= {mobile: 1, tablet: 2, desktop: 3, ld: 3, xld: 3} gap= {mobile: 16, tablet: 20, desktop: 24}  ... > 
  at <GoogleReviews> 
  at <Index onVnodeUnmounted=fn<onVnodeUnmounted> ref=Ref< undefined > > 
  at <RouteProvider key="/" vnode= {__v_isVNode: true, __v_skip: true, type: Object, props: Object, key: null} route= {fullPath: /, hash: , query: Object, name: index___cs, path: /}  ... > 
  at <RouterView name=undefined route=undefined > 
  at <NuxtPage> 
  at <Body> 
  at <Html lang="cs-CZ" dir="ltr" > 
  at <Landing ref=Ref< undefined > > 
  at <AsyncComponentWrapper ref=Ref< undefined > > 
  at <LayoutLoader key="landing" layoutProps= {ref: RefImpl} name="landing" > 
  at <NuxtLayoutProvider layoutProps= {ref: RefImpl} key="landing" name="landing"  ... > 
  at <NuxtLayout> 
  at <App key=4 > 
  at <NuxtRoot> @ http://localhost:3001/_nuxt/@fs/Users/andrejkoval/Dev/vivadzen/src/front/node_modules/@vue/runtime-core/dist/runtime-core.esm-bundler.js?v=52c0a703:49
[    1710ms] [WARNING] [Vue warn]: Hydration style mismatch on JSHandle@node 
  - rendered on server: style="width:1em;height:1em;--c613ce94-iconUrl:url('https://api.iconify.design/ph/star-fill.svg');"
  - expected on client: style="width:1em;height:1em;"
  Note: this mismatch is check-only. The DOM will not be rectified in production due to performance overhead.
  You should fix the source of the mismatch. 
  at <IconCSS key=3 name="ph:star-fill" class="review-card__star filled" > 
  at <SnapSlide key=15 > 
  at <SnapCarousel items= [Object, Object, Object, Object, Object, Object, Object, Object, Object, Object, Object, Object, Object, Object, Object, Object, Object, Object, Object, Object] items-per-page= {mobile: 1, tablet: 2, desktop: 3, ld: 3, xld: 3} gap= {mobile: 16, tablet: 20, desktop: 24}  ... > 
  at <GoogleReviews> 
  at <Index onVnodeUnmounted=fn<onVnodeUnmounted> ref=Ref< undefined > > 
  at <RouteProvider key="/" vnode= {__v_isVNode: true, __v_skip: true, type: Object, props: Object, key: null} route= {fullPath: /, hash: , query: Object, name: index___cs, path: /}  ... > 
  at <RouterView name=undefined route=undefined > 
  at <NuxtPage> 
  at <Body> 
  at <Html lang="cs-CZ" dir="ltr" > 
  at <Landing ref=Ref< undefined > > 
  at <AsyncComponentWrapper ref=Ref< undefined > > 
  at <LayoutLoader key="landing" layoutProps= {ref: RefImpl} name="landing" > 
  at <NuxtLayoutProvider layoutProps= {ref: RefImpl} key="landing" name="landing"  ... > 
  at <NuxtLayout> 
  at <App key=4 > 
  at <NuxtRoot> @ http://localhost:3001/_nuxt/@fs/Users/andrejkoval/Dev/vivadzen/src/front/node_modules/@vue/runtime-core/dist/runtime-core.esm-bundler.js?v=52c0a703:49
[    1711ms] [WARNING] [Vue warn]: Hydration style mismatch on JSHandle@node 
  - rendered on server: style="width:1em;height:1em;--c613ce94-iconUrl:url('https://api.iconify.design/ph/star-fill.svg');"
  - expected on client: style="width:1em;height:1em;"
  Note: this mismatch is check-only. The DOM will not be rectified in production due to performance overhead.
  You should fix the source of the mismatch. 
  at <IconCSS key=4 name="ph:star-fill" class="review-card__star filled" > 
  at <SnapSlide key=15 > 
  at <SnapCarousel items= [Object, Object, Object, Object, Object, Object, Object, Object, Object, Object, Object, Object, Object, Object, Object, Object, Object, Object, Object, Object] items-per-page= {mobile: 1, tablet: 2, desktop: 3, ld: 3, xld: 3} gap= {mobile: 16, tablet: 20, desktop: 24}  ... > 
  at <GoogleReviews> 
  at <Index onVnodeUnmounted=fn<onVnodeUnmounted> ref=Ref< undefined > > 
  at <RouteProvider key="/" vnode= {__v_isVNode: true, __v_skip: true, type: Object, props: Object, key: null} route= {fullPath: /, hash: , query: Object, name: index___cs, path: /}  ... > 
  at <RouterView name=undefined route=undefined > 
  at <NuxtPage> 
  at <Body> 
  at <Html lang="cs-CZ" dir="ltr" > 
  at <Landing ref=Ref< undefined > > 
  at <AsyncComponentWrapper ref=Ref< undefined > > 
  at <LayoutLoader key="landing" layoutProps= {ref: RefImpl} name="landing" > 
  at <NuxtLayoutProvider layoutProps= {ref: RefImpl} key="landing" name="landing"  ... > 
  at <NuxtLayout> 
  at <App key=4 > 
  at <NuxtRoot> @ http://localhost:3001/_nuxt/@fs/Users/andrejkoval/Dev/vivadzen/src/front/node_modules/@vue/runtime-core/dist/runtime-core.esm-bundler.js?v=52c0a703:49
[    1711ms] [WARNING] [Vue warn]: Hydration style mismatch on JSHandle@node 
  - rendered on server: style="width:1em;height:1em;--c613ce94-iconUrl:url('https://api.iconify.design/ph/star-fill.svg');"
  - expected on client: style="width:1em;height:1em;"
  Note: this mismatch is check-only. The DOM will not be rectified in production due to performance overhead.
  You should fix the source of the mismatch. 
  at <IconCSS key=5 name="ph:star-fill" class="review-card__star filled" > 
  at <SnapSlide key=15 > 
  at <SnapCarousel items= [Object, Object, Object, Object, Object, Object, Object, Object, Object, Object, Object, Object, Object, Object, Object, Object, Object, Object, Object, Object] items-per-page= {mobile: 1, tablet: 2, desktop: 3, ld: 3, xld: 3} gap= {mobile: 16, tablet: 20, desktop: 24}  ... > 
  at <GoogleReviews> 
  at <Index onVnodeUnmounted=fn<onVnodeUnmounted> ref=Ref< undefined > > 
  at <RouteProvider key="/" vnode= {__v_isVNode: true, __v_skip: true, type: Object, props: Object, key: null} route= {fullPath: /, hash: , query: Object, name: index___cs, path: /}  ... > 
  at <RouterView name=undefined route=undefined > 
  at <NuxtPage> 
  at <Body> 
  at <Html lang="cs-CZ" dir="ltr" > 
  at <Landing ref=Ref< undefined > > 
  at <AsyncComponentWrapper ref=Ref< undefined > > 
  at <LayoutLoader key="landing" layoutProps= {ref: RefImpl} name="landing" > 
  at <NuxtLayoutProvider layoutProps= {ref: RefImpl} key="landing" name="landing"  ... > 
  at <NuxtLayout> 
  at <App key=4 > 
  at <NuxtRoot> @ http://localhost:3001/_nuxt/@fs/Users/andrejkoval/Dev/vivadzen/src/front/node_modules/@vue/runtime-core/dist/runtime-core.esm-bundler.js?v=52c0a703:49
[    1711ms] [WARNING] [Vue warn]: Hydration style mismatch on JSHandle@node 
  - rendered on server: style="width:1em;height:1em;--c613ce94-iconUrl:url('https://api.iconify.design/ph/arrow-bend-down-right.svg');"
  - expected on client: style="width:1em;height:1em;"
  Note: this mismatch is check-only. The DOM will not be rectified in production due to performance overhead.
  You should fix the source of the mismatch. 
  at <IconCSS name="ph:arrow-bend-down-right" > 
  at <SnapSlide key=15 > 
  at <SnapCarousel items= [Object, Object, Object, Object, Object, Object, Object, Object, Object, Object, Object, Object, Object, Object, Object, Object, Object, Object, Object, Object] items-per-page= {mobile: 1, tablet: 2, desktop: 3, ld: 3, xld: 3} gap= {mobile: 16, tablet: 20, desktop: 24}  ... > 
  at <GoogleReviews> 
  at <Index onVnodeUnmounted=fn<onVnodeUnmounted> ref=Ref< undefined > > 
  at <RouteProvider key="/" vnode= {__v_isVNode: true, __v_skip: true, type: Object, props: Object, key: null} route= {fullPath: /, hash: , query: Object, name: index___cs, path: /}  ... > 
  at <RouterView name=undefined route=undefined > 
  at <NuxtPage> 
  at <Body> 
  at <Html lang="cs-CZ" dir="ltr" > 
  at <Landing ref=Ref< undefined > > 
  at <AsyncComponentWrapper ref=Ref< undefined > > 
  at <LayoutLoader key="landing" layoutProps= {ref: RefImpl} name="landing" > 
  at <NuxtLayoutProvider layoutProps= {ref: RefImpl} key="landing" name="landing"  ... > 
  at <NuxtLayout> 
  at <App key=4 > 
  at <NuxtRoot> @ http://localhost:3001/_nuxt/@fs/Users/andrejkoval/Dev/vivadzen/src/front/node_modules/@vue/runtime-core/dist/runtime-core.esm-bundler.js?v=52c0a703:49
[    1711ms] [WARNING] [Vue warn]: Hydration style mismatch on JSHandle@node 
  - rendered on server: style="width:1em;height:1em;--c613ce94-iconUrl:url('https://api.iconify.design/logos/google-icon.svg');"
  - expected on client: style="width:1em;height:1em;"
  Note: this mismatch is check-only. The DOM will not be rectified in production due to performance overhead.
  You should fix the source of the mismatch. 
  at <IconCSS name="logos:google-icon" class="review-card__google-icon" > 
  at <SnapSlide key=16 > 
  at <SnapCarousel items= [Object, Object, Object, Object, Object, Object, Object, Object, Object, Object, Object, Object, Object, Object, Object, Object, Object, Object, Object, Object] items-per-page= {mobile: 1, tablet: 2, desktop: 3, ld: 3, xld: 3} gap= {mobile: 16, tablet: 20, desktop: 24}  ... > 
  at <GoogleReviews> 
  at <Index onVnodeUnmounted=fn<onVnodeUnmounted> ref=Ref< undefined > > 
  at <RouteProvider key="/" vnode= {__v_isVNode: true, __v_skip: true, type: Object, props: Object, key: null} route= {fullPath: /, hash: , query: Object, name: index___cs, path: /}  ... > 
  at <RouterView name=undefined route=undefined > 
  at <NuxtPage> 
  at <Body> 
  at <Html lang="cs-CZ" dir="ltr" > 
  at <Landing ref=Ref< undefined > > 
  at <AsyncComponentWrapper ref=Ref< undefined > > 
  at <LayoutLoader key="landing" layoutProps= {ref: RefImpl} name="landing" > 
  at <NuxtLayoutProvider layoutProps= {ref: RefImpl} key="landing" name="landing"  ... > 
  at <NuxtLayout> 
  at <App key=4 > 
  at <NuxtRoot> @ http://localhost:3001/_nuxt/@fs/Users/andrejkoval/Dev/vivadzen/src/front/node_modules/@vue/runtime-core/dist/runtime-core.esm-bundler.js?v=52c0a703:49
[    1712ms] [WARNING] [Vue warn]: Hydration style mismatch on JSHandle@node 
  - rendered on server: style="width:1em;height:1em;--c613ce94-iconUrl:url('https://api.iconify.design/ph/star-fill.svg');"
  - expected on client: style="width:1em;height:1em;"
  Note: this mismatch is check-only. The DOM will not be rectified in production due to performance overhead.
  You should fix the source of the mismatch. 
  at <IconCSS key=1 name="ph:star-fill" class="review-card__star filled" > 
  at <SnapSlide key=16 > 
  at <SnapCarousel items= [Object, Object, Object, Object, Object, Object, Object, Object, Object, Object, Object, Object, Object, Object, Object, Object, Object, Object, Object, Object] items-per-page= {mobile: 1, tablet: 2, desktop: 3, ld: 3, xld: 3} gap= {mobile: 16, tablet: 20, desktop: 24}  ... > 
  at <GoogleReviews> 
  at <Index onVnodeUnmounted=fn<onVnodeUnmounted> ref=Ref< undefined > > 
  at <RouteProvider key="/" vnode= {__v_isVNode: true, __v_skip: true, type: Object, props: Object, key: null} route= {fullPath: /, hash: , query: Object, name: index___cs, path: /}  ... > 
  at <RouterView name=undefined route=undefined > 
  at <NuxtPage> 
  at <Body> 
  at <Html lang="cs-CZ" dir="ltr" > 
  at <Landing ref=Ref< undefined > > 
  at <AsyncComponentWrapper ref=Ref< undefined > > 
  at <LayoutLoader key="landing" layoutProps= {ref: RefImpl} name="landing" > 
  at <NuxtLayoutProvider layoutProps= {ref: RefImpl} key="landing" name="landing"  ... > 
  at <NuxtLayout> 
  at <App key=4 > 
  at <NuxtRoot> @ http://localhost:3001/_nuxt/@fs/Users/andrejkoval/Dev/vivadzen/src/front/node_modules/@vue/runtime-core/dist/runtime-core.esm-bundler.js?v=52c0a703:49
[    1712ms] [WARNING] [Vue warn]: Hydration style mismatch on JSHandle@node 
  - rendered on server: style="width:1em;height:1em;--c613ce94-iconUrl:url('https://api.iconify.design/ph/star-fill.svg');"
  - expected on client: style="width:1em;height:1em;"
  Note: this mismatch is check-only. The DOM will not be rectified in production due to performance overhead.
  You should fix the source of the mismatch. 
  at <IconCSS key=2 name="ph:star-fill" class="review-card__star filled" > 
  at <SnapSlide key=16 > 
  at <SnapCarousel items= [Object, Object, Object, Object, Object, Object, Object, Object, Object, Object, Object, Object, Object, Object, Object, Object, Object, Object, Object, Object] items-per-page= {mobile: 1, tablet: 2, desktop: 3, ld: 3, xld: 3} gap= {mobile: 16, tablet: 20, desktop: 24}  ... > 
  at <GoogleReviews> 
  at <Index onVnodeUnmounted=fn<onVnodeUnmounted> ref=Ref< undefined > > 
  at <RouteProvider key="/" vnode= {__v_isVNode: true, __v_skip: true, type: Object, props: Object, key: null} route= {fullPath: /, hash: , query: Object, name: index___cs, path: /}  ... > 
  at <RouterView name=undefined route=undefined > 
  at <NuxtPage> 
  at <Body> 
  at <Html lang="cs-CZ" dir="ltr" > 
  at <Landing ref=Ref< undefined > > 
  at <AsyncComponentWrapper ref=Ref< undefined > > 
  at <LayoutLoader key="landing" layoutProps= {ref: RefImpl} name="landing" > 
  at <NuxtLayoutProvider layoutProps= {ref: RefImpl} key="landing" name="landing"  ... > 
  at <NuxtLayout> 
  at <App key=4 > 
  at <NuxtRoot> @ http://localhost:3001/_nuxt/@fs/Users/andrejkoval/Dev/vivadzen/src/front/node_modules/@vue/runtime-core/dist/runtime-core.esm-bundler.js?v=52c0a703:49
[    1712ms] [WARNING] [Vue warn]: Hydration style mismatch on JSHandle@node 
  - rendered on server: style="width:1em;height:1em;--c613ce94-iconUrl:url('https://api.iconify.design/ph/star-fill.svg');"
  - expected on client: style="width:1em;height:1em;"
  Note: this mismatch is check-only. The DOM will not be rectified in production due to performance overhead.
  You should fix the source of the mismatch. 
  at <IconCSS key=3 name="ph:star-fill" class="review-card__star filled" > 
  at <SnapSlide key=16 > 
  at <SnapCarousel items= [Object, Object, Object, Object, Object, Object, Object, Object, Object, Object, Object, Object, Object, Object, Object, Object, Object, Object, Object, Object] items-per-page= {mobile: 1, tablet: 2, desktop: 3, ld: 3, xld: 3} gap= {mobile: 16, tablet: 20, desktop: 24}  ... > 
  at <GoogleReviews> 
  at <Index onVnodeUnmounted=fn<onVnodeUnmounted> ref=Ref< undefined > > 
  at <RouteProvider key="/" vnode= {__v_isVNode: true, __v_skip: true, type: Object, props: Object, key: null} route= {fullPath: /, hash: , query: Object, name: index___cs, path: /}  ... > 
  at <RouterView name=undefined route=undefined > 
  at <NuxtPage> 
  at <Body> 
  at <Html lang="cs-CZ" dir="ltr" > 
  at <Landing ref=Ref< undefined > > 
  at <AsyncComponentWrapper ref=Ref< undefined > > 
  at <LayoutLoader key="landing" layoutProps= {ref: RefImpl} name="landing" > 
  at <NuxtLayoutProvider layoutProps= {ref: RefImpl} key="landing" name="landing"  ... > 
  at <NuxtLayout> 
  at <App key=4 > 
  at <NuxtRoot> @ http://localhost:3001/_nuxt/@fs/Users/andrejkoval/Dev/vivadzen/src/front/node_modules/@vue/runtime-core/dist/runtime-core.esm-bundler.js?v=52c0a703:49
[    1712ms] [WARNING] [Vue warn]: Hydration style mismatch on JSHandle@node 
  - rendered on server: style="width:1em;height:1em;--c613ce94-iconUrl:url('https://api.iconify.design/ph/star-fill.svg');"
  - expected on client: style="width:1em;height:1em;"
  Note: this mismatch is check-only. The DOM will not be rectified in production due to performance overhead.
  You should fix the source of the mismatch. 
  at <IconCSS key=4 name="ph:star-fill" class="review-card__star filled" > 
  at <SnapSlide key=16 > 
  at <SnapCarousel items= [Object, Object, Object, Object, Object, Object, Object, Object, Object, Object, Object, Object, Object, Object, Object, Object, Object, Object, Object, Object] items-per-page= {mobile: 1, tablet: 2, desktop: 3, ld: 3, xld: 3} gap= {mobile: 16, tablet: 20, desktop: 24}  ... > 
  at <GoogleReviews> 
  at <Index onVnodeUnmounted=fn<onVnodeUnmounted> ref=Ref< undefined > > 
  at <RouteProvider key="/" vnode= {__v_isVNode: true, __v_skip: true, type: Object, props: Object, key: null} route= {fullPath: /, hash: , query: Object, name: index___cs, path: /}  ... > 
  at <RouterView name=undefined route=undefined > 
  at <NuxtPage> 
  at <Body> 
  at <Html lang="cs-CZ" dir="ltr" > 
  at <Landing ref=Ref< undefined > > 
  at <AsyncComponentWrapper ref=Ref< undefined > > 
  at <LayoutLoader key="landing" layoutProps= {ref: RefImpl} name="landing" > 
  at <NuxtLayoutProvider layoutProps= {ref: RefImpl} key="landing" name="landing"  ... > 
  at <NuxtLayout> 
  at <App key=4 > 
  at <NuxtRoot> @ http://localhost:3001/_nuxt/@fs/Users/andrejkoval/Dev/vivadzen/src/front/node_modules/@vue/runtime-core/dist/runtime-core.esm-bundler.js?v=52c0a703:49
[    1713ms] [WARNING] [Vue warn]: Hydration style mismatch on JSHandle@node 
  - rendered on server: style="width:1em;height:1em;--c613ce94-iconUrl:url('https://api.iconify.design/ph/star-fill.svg');"
  - expected on client: style="width:1em;height:1em;"
  Note: this mismatch is check-only. The DOM will not be rectified in production due to performance overhead.
  You should fix the source of the mismatch. 
  at <IconCSS key=5 name="ph:star-fill" class="review-card__star filled" > 
  at <SnapSlide key=16 > 
  at <SnapCarousel items= [Object, Object, Object, Object, Object, Object, Object, Object, Object, Object, Object, Object, Object, Object, Object, Object, Object, Object, Object, Object] items-per-page= {mobile: 1, tablet: 2, desktop: 3, ld: 3, xld: 3} gap= {mobile: 16, tablet: 20, desktop: 24}  ... > 
  at <GoogleReviews> 
  at <Index onVnodeUnmounted=fn<onVnodeUnmounted> ref=Ref< undefined > > 
  at <RouteProvider key="/" vnode= {__v_isVNode: true, __v_skip: true, type: Object, props: Object, key: null} route= {fullPath: /, hash: , query: Object, name: index___cs, path: /}  ... > 
  at <RouterView name=undefined route=undefined > 
  at <NuxtPage> 
  at <Body> 
  at <Html lang="cs-CZ" dir="ltr" > 
  at <Landing ref=Ref< undefined > > 
  at <AsyncComponentWrapper ref=Ref< undefined > > 
  at <LayoutLoader key="landing" layoutProps= {ref: RefImpl} name="landing" > 
  at <NuxtLayoutProvider layoutProps= {ref: RefImpl} key="landing" name="landing"  ... > 
  at <NuxtLayout> 
  at <App key=4 > 
  at <NuxtRoot> @ http://localhost:3001/_nuxt/@fs/Users/andrejkoval/Dev/vivadzen/src/front/node_modules/@vue/runtime-core/dist/runtime-core.esm-bundler.js?v=52c0a703:49
[    1713ms] [WARNING] [Vue warn]: Hydration style mismatch on JSHandle@node 
  - rendered on server: style="width:1em;height:1em;--c613ce94-iconUrl:url('https://api.iconify.design/ph/arrow-bend-down-right.svg');"
  - expected on client: style="width:1em;height:1em;"
  Note: this mismatch is check-only. The DOM will not be rectified in production due to performance overhead.
  You should fix the source of the mismatch. 
  at <IconCSS name="ph:arrow-bend-down-right" > 
  at <SnapSlide key=16 > 
  at <SnapCarousel items= [Object, Object, Object, Object, Object, Object, Object, Object, Object, Object, Object, Object, Object, Object, Object, Object, Object, Object, Object, Object] items-per-page= {mobile: 1, tablet: 2, desktop: 3, ld: 3, xld: 3} gap= {mobile: 16, tablet: 20, desktop: 24}  ... > 
  at <GoogleReviews> 
  at <Index onVnodeUnmounted=fn<onVnodeUnmounted> ref=Ref< undefined > > 
  at <RouteProvider key="/" vnode= {__v_isVNode: true, __v_skip: true, type: Object, props: Object, key: null} route= {fullPath: /, hash: , query: Object, name: index___cs, path: /}  ... > 
  at <RouterView name=undefined route=undefined > 
  at <NuxtPage> 
  at <Body> 
  at <Html lang="cs-CZ" dir="ltr" > 
  at <Landing ref=Ref< undefined > > 
  at <AsyncComponentWrapper ref=Ref< undefined > > 
  at <LayoutLoader key="landing" layoutProps= {ref: RefImpl} name="landing" > 
  at <NuxtLayoutProvider layoutProps= {ref: RefImpl} key="landing" name="landing"  ... > 
  at <NuxtLayout> 
  at <App key=4 > 
  at <NuxtRoot> @ http://localhost:3001/_nuxt/@fs/Users/andrejkoval/Dev/vivadzen/src/front/node_modules/@vue/runtime-core/dist/runtime-core.esm-bundler.js?v=52c0a703:49
[    1713ms] [WARNING] [Vue warn]: Hydration style mismatch on JSHandle@node 
  - rendered on server: style="width:1em;height:1em;--c613ce94-iconUrl:url('https://api.iconify.design/logos/google-icon.svg');"
  - expected on client: style="width:1em;height:1em;"
  Note: this mismatch is check-only. The DOM will not be rectified in production due to performance overhead.
  You should fix the source of the mismatch. 
  at <IconCSS name="logos:google-icon" class="review-card__google-icon" > 
  at <SnapSlide key=17 > 
  at <SnapCarousel items= [Object, Object, Object, Object, Object, Object, Object, Object, Object, Object, Object, Object, Object, Object, Object, Object, Object, Object, Object, Object] items-per-page= {mobile: 1, tablet: 2, desktop: 3, ld: 3, xld: 3} gap= {mobile: 16, tablet: 20, desktop: 24}  ... > 
  at <GoogleReviews> 
  at <Index onVnodeUnmounted=fn<onVnodeUnmounted> ref=Ref< undefined > > 
  at <RouteProvider key="/" vnode= {__v_isVNode: true, __v_skip: true, type: Object, props: Object, key: null} route= {fullPath: /, hash: , query: Object, name: index___cs, path: /}  ... > 
  at <RouterView name=undefined route=undefined > 
  at <NuxtPage> 
  at <Body> 
  at <Html lang="cs-CZ" dir="ltr" > 
  at <Landing ref=Ref< undefined > > 
  at <AsyncComponentWrapper ref=Ref< undefined > > 
  at <LayoutLoader key="landing" layoutProps= {ref: RefImpl} name="landing" > 
  at <NuxtLayoutProvider layoutProps= {ref: RefImpl} key="landing" name="landing"  ... > 
  at <NuxtLayout> 
  at <App key=4 > 
  at <NuxtRoot> @ http://localhost:3001/_nuxt/@fs/Users/andrejkoval/Dev/vivadzen/src/front/node_modules/@vue/runtime-core/dist/runtime-core.esm-bundler.js?v=52c0a703:49
[    1713ms] [WARNING] [Vue warn]: Hydration style mismatch on JSHandle@node 
  - rendered on server: style="width:1em;height:1em;--c613ce94-iconUrl:url('https://api.iconify.design/ph/star-fill.svg');"
  - expected on client: style="width:1em;height:1em;"
  Note: this mismatch is check-only. The DOM will not be rectified in production due to performance overhead.
  You should fix the source of the mismatch. 
  at <IconCSS key=1 name="ph:star-fill" class="review-card__star filled" > 
  at <SnapSlide key=17 > 
  at <SnapCarousel items= [Object, Object, Object, Object, Object, Object, Object, Object, Object, Object, Object, Object, Object, Object, Object, Object, Object, Object, Object, Object] items-per-page= {mobile: 1, tablet: 2, desktop: 3, ld: 3, xld: 3} gap= {mobile: 16, tablet: 20, desktop: 24}  ... > 
  at <GoogleReviews> 
  at <Index onVnodeUnmounted=fn<onVnodeUnmounted> ref=Ref< undefined > > 
  at <RouteProvider key="/" vnode= {__v_isVNode: true, __v_skip: true, type: Object, props: Object, key: null} route= {fullPath: /, hash: , query: Object, name: index___cs, path: /}  ... > 
  at <RouterView name=undefined route=undefined > 
  at <NuxtPage> 
  at <Body> 
  at <Html lang="cs-CZ" dir="ltr" > 
  at <Landing ref=Ref< undefined > > 
  at <AsyncComponentWrapper ref=Ref< undefined > > 
  at <LayoutLoader key="landing" layoutProps= {ref: RefImpl} name="landing" > 
  at <NuxtLayoutProvider layoutProps= {ref: RefImpl} key="landing" name="landing"  ... > 
  at <NuxtLayout> 
  at <App key=4 > 
  at <NuxtRoot> @ http://localhost:3001/_nuxt/@fs/Users/andrejkoval/Dev/vivadzen/src/front/node_modules/@vue/runtime-core/dist/runtime-core.esm-bundler.js?v=52c0a703:49
[    1714ms] [WARNING] [Vue warn]: Hydration style mismatch on JSHandle@node 
  - rendered on server: style="width:1em;height:1em;--c613ce94-iconUrl:url('https://api.iconify.design/ph/star-fill.svg');"
  - expected on client: style="width:1em;height:1em;"
  Note: this mismatch is check-only. The DOM will not be rectified in production due to performance overhead.
  You should fix the source of the mismatch. 
  at <IconCSS key=2 name="ph:star-fill" class="review-card__star filled" > 
  at <SnapSlide key=17 > 
  at <SnapCarousel items= [Object, Object, Object, Object, Object, Object, Object, Object, Object, Object, Object, Object, Object, Object, Object, Object, Object, Object, Object, Object] items-per-page= {mobile: 1, tablet: 2, desktop: 3, ld: 3, xld: 3} gap= {mobile: 16, tablet: 20, desktop: 24}  ... > 
  at <GoogleReviews> 
  at <Index onVnodeUnmounted=fn<onVnodeUnmounted> ref=Ref< undefined > > 
  at <RouteProvider key="/" vnode= {__v_isVNode: true, __v_skip: true, type: Object, props: Object, key: null} route= {fullPath: /, hash: , query: Object, name: index___cs, path: /}  ... > 
  at <RouterView name=undefined route=undefined > 
  at <NuxtPage> 
  at <Body> 
  at <Html lang="cs-CZ" dir="ltr" > 
  at <Landing ref=Ref< undefined > > 
  at <AsyncComponentWrapper ref=Ref< undefined > > 
  at <LayoutLoader key="landing" layoutProps= {ref: RefImpl} name="landing" > 
  at <NuxtLayoutProvider layoutProps= {ref: RefImpl} key="landing" name="landing"  ... > 
  at <NuxtLayout> 
  at <App key=4 > 
  at <NuxtRoot> @ http://localhost:3001/_nuxt/@fs/Users/andrejkoval/Dev/vivadzen/src/front/node_modules/@vue/runtime-core/dist/runtime-core.esm-bundler.js?v=52c0a703:49
[    1714ms] [WARNING] [Vue warn]: Hydration style mismatch on JSHandle@node 
  - rendered on server: style="width:1em;height:1em;--c613ce94-iconUrl:url('https://api.iconify.design/ph/star-fill.svg');"
  - expected on client: style="width:1em;height:1em;"
  Note: this mismatch is check-only. The DOM will not be rectified in production due to performance overhead.
  You should fix the source of the mismatch. 
  at <IconCSS key=3 name="ph:star-fill" class="review-card__star filled" > 
  at <SnapSlide key=17 > 
  at <SnapCarousel items= [Object, Object, Object, Object, Object, Object, Object, Object, Object, Object, Object, Object, Object, Object, Object, Object, Object, Object, Object, Object] items-per-page= {mobile: 1, tablet: 2, desktop: 3, ld: 3, xld: 3} gap= {mobile: 16, tablet: 20, desktop: 24}  ... > 
  at <GoogleReviews> 
  at <Index onVnodeUnmounted=fn<onVnodeUnmounted> ref=Ref< undefined > > 
  at <RouteProvider key="/" vnode= {__v_isVNode: true, __v_skip: true, type: Object, props: Object, key: null} route= {fullPath: /, hash: , query: Object, name: index___cs, path: /}  ... > 
  at <RouterView name=undefined route=undefined > 
  at <NuxtPage> 
  at <Body> 
  at <Html lang="cs-CZ" dir="ltr" > 
  at <Landing ref=Ref< undefined > > 
  at <AsyncComponentWrapper ref=Ref< undefined > > 
  at <LayoutLoader key="landing" layoutProps= {ref: RefImpl} name="landing" > 
  at <NuxtLayoutProvider layoutProps= {ref: RefImpl} key="landing" name="landing"  ... > 
  at <NuxtLayout> 
  at <App key=4 > 
  at <NuxtRoot> @ http://localhost:3001/_nuxt/@fs/Users/andrejkoval/Dev/vivadzen/src/front/node_modules/@vue/runtime-core/dist/runtime-core.esm-bundler.js?v=52c0a703:49
[    1714ms] [WARNING] [Vue warn]: Hydration style mismatch on JSHandle@node 
  - rendered on server: style="width:1em;height:1em;--c613ce94-iconUrl:url('https://api.iconify.design/ph/star-fill.svg');"
  - expected on client: style="width:1em;height:1em;"
  Note: this mismatch is check-only. The DOM will not be rectified in production due to performance overhead.
  You should fix the source of the mismatch. 
  at <IconCSS key=4 name="ph:star-fill" class="review-card__star filled" > 
  at <SnapSlide key=17 > 
  at <SnapCarousel items= [Object, Object, Object, Object, Object, Object, Object, Object, Object, Object, Object, Object, Object, Object, Object, Object, Object, Object, Object, Object] items-per-page= {mobile: 1, tablet: 2, desktop: 3, ld: 3, xld: 3} gap= {mobile: 16, tablet: 20, desktop: 24}  ... > 
  at <GoogleReviews> 
  at <Index onVnodeUnmounted=fn<onVnodeUnmounted> ref=Ref< undefined > > 
  at <RouteProvider key="/" vnode= {__v_isVNode: true, __v_skip: true, type: Object, props: Object, key: null} route= {fullPath: /, hash: , query: Object, name: index___cs, path: /}  ... > 
  at <RouterView name=undefined route=undefined > 
  at <NuxtPage> 
  at <Body> 
  at <Html lang="cs-CZ" dir="ltr" > 
  at <Landing ref=Ref< undefined > > 
  at <AsyncComponentWrapper ref=Ref< undefined > > 
  at <LayoutLoader key="landing" layoutProps= {ref: RefImpl} name="landing" > 
  at <NuxtLayoutProvider layoutProps= {ref: RefImpl} key="landing" name="landing"  ... > 
  at <NuxtLayout> 
  at <App key=4 > 
  at <NuxtRoot> @ http://localhost:3001/_nuxt/@fs/Users/andrejkoval/Dev/vivadzen/src/front/node_modules/@vue/runtime-core/dist/runtime-core.esm-bundler.js?v=52c0a703:49
[    1714ms] [WARNING] [Vue warn]: Hydration style mismatch on JSHandle@node 
  - rendered on server: style="width:1em;height:1em;--c613ce94-iconUrl:url('https://api.iconify.design/ph/star-fill.svg');"
  - expected on client: style="width:1em;height:1em;"
  Note: this mismatch is check-only. The DOM will not be rectified in production due to performance overhead.
  You should fix the source of the mismatch. 
  at <IconCSS key=5 name="ph:star-fill" class="review-card__star filled" > 
  at <SnapSlide key=17 > 
  at <SnapCarousel items= [Object, Object, Object, Object, Object, Object, Object, Object, Object, Object, Object, Object, Object, Object, Object, Object, Object, Object, Object, Object] items-per-page= {mobile: 1, tablet: 2, desktop: 3, ld: 3, xld: 3} gap= {mobile: 16, tablet: 20, desktop: 24}  ... > 
  at <GoogleReviews> 
  at <Index onVnodeUnmounted=fn<onVnodeUnmounted> ref=Ref< undefined > > 
  at <RouteProvider key="/" vnode= {__v_isVNode: true, __v_skip: true, type: Object, props: Object, key: null} route= {fullPath: /, hash: , query: Object, name: index___cs, path: /}  ... > 
  at <RouterView name=undefined route=undefined > 
  at <NuxtPage> 
  at <Body> 
  at <Html lang="cs-CZ" dir="ltr" > 
  at <Landing ref=Ref< undefined > > 
  at <AsyncComponentWrapper ref=Ref< undefined > > 
  at <LayoutLoader key="landing" layoutProps= {ref: RefImpl} name="landing" > 
  at <NuxtLayoutProvider layoutProps= {ref: RefImpl} key="landing" name="landing"  ... > 
  at <NuxtLayout> 
  at <App key=4 > 
  at <NuxtRoot> @ http://localhost:3001/_nuxt/@fs/Users/andrejkoval/Dev/vivadzen/src/front/node_modules/@vue/runtime-core/dist/runtime-core.esm-bundler.js?v=52c0a703:49
[    1715ms] [WARNING] [Vue warn]: Hydration style mismatch on JSHandle@node 
  - rendered on server: style="width:1em;height:1em;--c613ce94-iconUrl:url('https://api.iconify.design/ph/arrow-bend-down-right.svg');"
  - expected on client: style="width:1em;height:1em;"
  Note: this mismatch is check-only. The DOM will not be rectified in production due to performance overhead.
  You should fix the source of the mismatch. 
  at <IconCSS name="ph:arrow-bend-down-right" > 
  at <SnapSlide key=17 > 
  at <SnapCarousel items= [Object, Object, Object, Object, Object, Object, Object, Object, Object, Object, Object, Object, Object, Object, Object, Object, Object, Object, Object, Object] items-per-page= {mobile: 1, tablet: 2, desktop: 3, ld: 3, xld: 3} gap= {mobile: 16, tablet: 20, desktop: 24}  ... > 
  at <GoogleReviews> 
  at <Index onVnodeUnmounted=fn<onVnodeUnmounted> ref=Ref< undefined > > 
  at <RouteProvider key="/" vnode= {__v_isVNode: true, __v_skip: true, type: Object, props: Object, key: null} route= {fullPath: /, hash: , query: Object, name: index___cs, path: /}  ... > 
  at <RouterView name=undefined route=undefined > 
  at <NuxtPage> 
  at <Body> 
  at <Html lang="cs-CZ" dir="ltr" > 
  at <Landing ref=Ref< undefined > > 
  at <AsyncComponentWrapper ref=Ref< undefined > > 
  at <LayoutLoader key="landing" layoutProps= {ref: RefImpl} name="landing" > 
  at <NuxtLayoutProvider layoutProps= {ref: RefImpl} key="landing" name="landing"  ... > 
  at <NuxtLayout> 
  at <App key=4 > 
  at <NuxtRoot> @ http://localhost:3001/_nuxt/@fs/Users/andrejkoval/Dev/vivadzen/src/front/node_modules/@vue/runtime-core/dist/runtime-core.esm-bundler.js?v=52c0a703:49
[    1715ms] [WARNING] [Vue warn]: Hydration style mismatch on JSHandle@node 
  - rendered on server: style="width:1em;height:1em;--c613ce94-iconUrl:url('https://api.iconify.design/logos/google-icon.svg');"
  - expected on client: style="width:1em;height:1em;"
  Note: this mismatch is check-only. The DOM will not be rectified in production due to performance overhead.
  You should fix the source of the mismatch. 
  at <IconCSS name="logos:google-icon" class="review-card__google-icon" > 
  at <SnapSlide key=18 > 
  at <SnapCarousel items= [Object, Object, Object, Object, Object, Object, Object, Object, Object, Object, Object, Object, Object, Object, Object, Object, Object, Object, Object, Object] items-per-page= {mobile: 1, tablet: 2, desktop: 3, ld: 3, xld: 3} gap= {mobile: 16, tablet: 20, desktop: 24}  ... > 
  at <GoogleReviews> 
  at <Index onVnodeUnmounted=fn<onVnodeUnmounted> ref=Ref< undefined > > 
  at <RouteProvider key="/" vnode= {__v_isVNode: true, __v_skip: true, type: Object, props: Object, key: null} route= {fullPath: /, hash: , query: Object, name: index___cs, path: /}  ... > 
  at <RouterView name=undefined route=undefined > 
  at <NuxtPage> 
  at <Body> 
  at <Html lang="cs-CZ" dir="ltr" > 
  at <Landing ref=Ref< undefined > > 
  at <AsyncComponentWrapper ref=Ref< undefined > > 
  at <LayoutLoader key="landing" layoutProps= {ref: RefImpl} name="landing" > 
  at <NuxtLayoutProvider layoutProps= {ref: RefImpl} key="landing" name="landing"  ... > 
  at <NuxtLayout> 
  at <App key=4 > 
  at <NuxtRoot> @ http://localhost:3001/_nuxt/@fs/Users/andrejkoval/Dev/vivadzen/src/front/node_modules/@vue/runtime-core/dist/runtime-core.esm-bundler.js?v=52c0a703:49
[    1715ms] [WARNING] [Vue warn]: Hydration style mismatch on JSHandle@node 
  - rendered on server: style="width:1em;height:1em;--c613ce94-iconUrl:url('https://api.iconify.design/ph/star-fill.svg');"
  - expected on client: style="width:1em;height:1em;"
  Note: this mismatch is check-only. The DOM will not be rectified in production due to performance overhead.
  You should fix the source of the mismatch. 
  at <IconCSS key=1 name="ph:star-fill" class="review-card__star filled" > 
  at <SnapSlide key=18 > 
  at <SnapCarousel items= [Object, Object, Object, Object, Object, Object, Object, Object, Object, Object, Object, Object, Object, Object, Object, Object, Object, Object, Object, Object] items-per-page= {mobile: 1, tablet: 2, desktop: 3, ld: 3, xld: 3} gap= {mobile: 16, tablet: 20, desktop: 24}  ... > 
  at <GoogleReviews> 
  at <Index onVnodeUnmounted=fn<onVnodeUnmounted> ref=Ref< undefined > > 
  at <RouteProvider key="/" vnode= {__v_isVNode: true, __v_skip: true, type: Object, props: Object, key: null} route= {fullPath: /, hash: , query: Object, name: index___cs, path: /}  ... > 
  at <RouterView name=undefined route=undefined > 
  at <NuxtPage> 
  at <Body> 
  at <Html lang="cs-CZ" dir="ltr" > 
  at <Landing ref=Ref< undefined > > 
  at <AsyncComponentWrapper ref=Ref< undefined > > 
  at <LayoutLoader key="landing" layoutProps= {ref: RefImpl} name="landing" > 
  at <NuxtLayoutProvider layoutProps= {ref: RefImpl} key="landing" name="landing"  ... > 
  at <NuxtLayout> 
  at <App key=4 > 
  at <NuxtRoot> @ http://localhost:3001/_nuxt/@fs/Users/andrejkoval/Dev/vivadzen/src/front/node_modules/@vue/runtime-core/dist/runtime-core.esm-bundler.js?v=52c0a703:49
[    1716ms] [WARNING] [Vue warn]: Hydration style mismatch on JSHandle@node 
  - rendered on server: style="width:1em;height:1em;--c613ce94-iconUrl:url('https://api.iconify.design/ph/star-fill.svg');"
  - expected on client: style="width:1em;height:1em;"
  Note: this mismatch is check-only. The DOM will not be rectified in production due to performance overhead.
  You should fix the source of the mismatch. 
  at <IconCSS key=2 name="ph:star-fill" class="review-card__star filled" > 
  at <SnapSlide key=18 > 
  at <SnapCarousel items= [Object, Object, Object, Object, Object, Object, Object, Object, Object, Object, Object, Object, Object, Object, Object, Object, Object, Object, Object, Object] items-per-page= {mobile: 1, tablet: 2, desktop: 3, ld: 3, xld: 3} gap= {mobile: 16, tablet: 20, desktop: 24}  ... > 
  at <GoogleReviews> 
  at <Index onVnodeUnmounted=fn<onVnodeUnmounted> ref=Ref< undefined > > 
  at <RouteProvider key="/" vnode= {__v_isVNode: true, __v_skip: true, type: Object, props: Object, key: null} route= {fullPath: /, hash: , query: Object, name: index___cs, path: /}  ... > 
  at <RouterView name=undefined route=undefined > 
  at <NuxtPage> 
  at <Body> 
  at <Html lang="cs-CZ" dir="ltr" > 
  at <Landing ref=Ref< undefined > > 
  at <AsyncComponentWrapper ref=Ref< undefined > > 
  at <LayoutLoader key="landing" layoutProps= {ref: RefImpl} name="landing" > 
  at <NuxtLayoutProvider layoutProps= {ref: RefImpl} key="landing" name="landing"  ... > 
  at <NuxtLayout> 
  at <App key=4 > 
  at <NuxtRoot> @ http://localhost:3001/_nuxt/@fs/Users/andrejkoval/Dev/vivadzen/src/front/node_modules/@vue/runtime-core/dist/runtime-core.esm-bundler.js?v=52c0a703:49
[    1716ms] [WARNING] [Vue warn]: Hydration style mismatch on JSHandle@node 
  - rendered on server: style="width:1em;height:1em;--c613ce94-iconUrl:url('https://api.iconify.design/ph/star-fill.svg');"
  - expected on client: style="width:1em;height:1em;"
  Note: this mismatch is check-only. The DOM will not be rectified in production due to performance overhead.
  You should fix the source of the mismatch. 
  at <IconCSS key=3 name="ph:star-fill" class="review-card__star filled" > 
  at <SnapSlide key=18 > 
  at <SnapCarousel items= [Object, Object, Object, Object, Object, Object, Object, Object, Object, Object, Object, Object, Object, Object, Object, Object, Object, Object, Object, Object] items-per-page= {mobile: 1, tablet: 2, desktop: 3, ld: 3, xld: 3} gap= {mobile: 16, tablet: 20, desktop: 24}  ... > 
  at <GoogleReviews> 
  at <Index onVnodeUnmounted=fn<onVnodeUnmounted> ref=Ref< undefined > > 
  at <RouteProvider key="/" vnode= {__v_isVNode: true, __v_skip: true, type: Object, props: Object, key: null} route= {fullPath: /, hash: , query: Object, name: index___cs, path: /}  ... > 
  at <RouterView name=undefined route=undefined > 
  at <NuxtPage> 
  at <Body> 
  at <Html lang="cs-CZ" dir="ltr" > 
  at <Landing ref=Ref< undefined > > 
  at <AsyncComponentWrapper ref=Ref< undefined > > 
  at <LayoutLoader key="landing" layoutProps= {ref: RefImpl} name="landing" > 
  at <NuxtLayoutProvider layoutProps= {ref: RefImpl} key="landing" name="landing"  ... > 
  at <NuxtLayout> 
  at <App key=4 > 
  at <NuxtRoot> @ http://localhost:3001/_nuxt/@fs/Users/andrejkoval/Dev/vivadzen/src/front/node_modules/@vue/runtime-core/dist/runtime-core.esm-bundler.js?v=52c0a703:49
[    1716ms] [WARNING] [Vue warn]: Hydration style mismatch on JSHandle@node 
  - rendered on server: style="width:1em;height:1em;--c613ce94-iconUrl:url('https://api.iconify.design/ph/star-fill.svg');"
  - expected on client: style="width:1em;height:1em;"
  Note: this mismatch is check-only. The DOM will not be rectified in production due to performance overhead.
  You should fix the source of the mismatch. 
  at <IconCSS key=4 name="ph:star-fill" class="review-card__star filled" > 
  at <SnapSlide key=18 > 
  at <SnapCarousel items= [Object, Object, Object, Object, Object, Object, Object, Object, Object, Object, Object, Object, Object, Object, Object, Object, Object, Object, Object, Object] items-per-page= {mobile: 1, tablet: 2, desktop: 3, ld: 3, xld: 3} gap= {mobile: 16, tablet: 20, desktop: 24}  ... > 
  at <GoogleReviews> 
  at <Index onVnodeUnmounted=fn<onVnodeUnmounted> ref=Ref< undefined > > 
  at <RouteProvider key="/" vnode= {__v_isVNode: true, __v_skip: true, type: Object, props: Object, key: null} route= {fullPath: /, hash: , query: Object, name: index___cs, path: /}  ... > 
  at <RouterView name=undefined route=undefined > 
  at <NuxtPage> 
  at <Body> 
  at <Html lang="cs-CZ" dir="ltr" > 
  at <Landing ref=Ref< undefined > > 
  at <AsyncComponentWrapper ref=Ref< undefined > > 
  at <LayoutLoader key="landing" layoutProps= {ref: RefImpl} name="landing" > 
  at <NuxtLayoutProvider layoutProps= {ref: RefImpl} key="landing" name="landing"  ... > 
  at <NuxtLayout> 
  at <App key=4 > 
  at <NuxtRoot> @ http://localhost:3001/_nuxt/@fs/Users/andrejkoval/Dev/vivadzen/src/front/node_modules/@vue/runtime-core/dist/runtime-core.esm-bundler.js?v=52c0a703:49
[    1716ms] [WARNING] [Vue warn]: Hydration style mismatch on JSHandle@node 
  - rendered on server: style="width:1em;height:1em;--c613ce94-iconUrl:url('https://api.iconify.design/ph/star-fill.svg');"
  - expected on client: style="width:1em;height:1em;"
  Note: this mismatch is check-only. The DOM will not be rectified in production due to performance overhead.
  You should fix the source of the mismatch. 
  at <IconCSS key=5 name="ph:star-fill" class="review-card__star filled" > 
  at <SnapSlide key=18 > 
  at <SnapCarousel items= [Object, Object, Object, Object, Object, Object, Object, Object, Object, Object, Object, Object, Object, Object, Object, Object, Object, Object, Object, Object] items-per-page= {mobile: 1, tablet: 2, desktop: 3, ld: 3, xld: 3} gap= {mobile: 16, tablet: 20, desktop: 24}  ... > 
  at <GoogleReviews> 
  at <Index onVnodeUnmounted=fn<onVnodeUnmounted> ref=Ref< undefined > > 
  at <RouteProvider key="/" vnode= {__v_isVNode: true, __v_skip: true, type: Object, props: Object, key: null} route= {fullPath: /, hash: , query: Object, name: index___cs, path: /}  ... > 
  at <RouterView name=undefined route=undefined > 
  at <NuxtPage> 
  at <Body> 
  at <Html lang="cs-CZ" dir="ltr" > 
  at <Landing ref=Ref< undefined > > 
  at <AsyncComponentWrapper ref=Ref< undefined > > 
  at <LayoutLoader key="landing" layoutProps= {ref: RefImpl} name="landing" > 
  at <NuxtLayoutProvider layoutProps= {ref: RefImpl} key="landing" name="landing"  ... > 
  at <NuxtLayout> 
  at <App key=4 > 
  at <NuxtRoot> @ http://localhost:3001/_nuxt/@fs/Users/andrejkoval/Dev/vivadzen/src/front/node_modules/@vue/runtime-core/dist/runtime-core.esm-bundler.js?v=52c0a703:49
[    1716ms] [WARNING] [Vue warn]: Hydration style mismatch on JSHandle@node 
  - rendered on server: style="width:1em;height:1em;--c613ce94-iconUrl:url('https://api.iconify.design/ph/arrow-bend-down-right.svg');"
  - expected on client: style="width:1em;height:1em;"
  Note: this mismatch is check-only. The DOM will not be rectified in production due to performance overhead.
  You should fix the source of the mismatch. 
  at <IconCSS name="ph:arrow-bend-down-right" > 
  at <SnapSlide key=18 > 
  at <SnapCarousel items= [Object, Object, Object, Object, Object, Object, Object, Object, Object, Object, Object, Object, Object, Object, Object, Object, Object, Object, Object, Object] items-per-page= {mobile: 1, tablet: 2, desktop: 3, ld: 3, xld: 3} gap= {mobile: 16, tablet: 20, desktop: 24}  ... > 
  at <GoogleReviews> 
  at <Index onVnodeUnmounted=fn<onVnodeUnmounted> ref=Ref< undefined > > 
  at <RouteProvider key="/" vnode= {__v_isVNode: true, __v_skip: true, type: Object, props: Object, key: null} route= {fullPath: /, hash: , query: Object, name: index___cs, path: /}  ... > 
  at <RouterView name=undefined route=undefined > 
  at <NuxtPage> 
  at <Body> 
  at <Html lang="cs-CZ" dir="ltr" > 
  at <Landing ref=Ref< undefined > > 
  at <AsyncComponentWrapper ref=Ref< undefined > > 
  at <LayoutLoader key="landing" layoutProps= {ref: RefImpl} name="landing" > 
  at <NuxtLayoutProvider layoutProps= {ref: RefImpl} key="landing" name="landing"  ... > 
  at <NuxtLayout> 
  at <App key=4 > 
  at <NuxtRoot> @ http://localhost:3001/_nuxt/@fs/Users/andrejkoval/Dev/vivadzen/src/front/node_modules/@vue/runtime-core/dist/runtime-core.esm-bundler.js?v=52c0a703:49
[    1717ms] [WARNING] [Vue warn]: Hydration style mismatch on JSHandle@node 
  - rendered on server: style="width:1em;height:1em;--c613ce94-iconUrl:url('https://api.iconify.design/logos/google-icon.svg');"
  - expected on client: style="width:1em;height:1em;"
  Note: this mismatch is check-only. The DOM will not be rectified in production due to performance overhead.
  You should fix the source of the mismatch. 
  at <IconCSS name="logos:google-icon" class="review-card__google-icon" > 
  at <SnapSlide key=19 > 
  at <SnapCarousel items= [Object, Object, Object, Object, Object, Object, Object, Object, Object, Object, Object, Object, Object, Object, Object, Object, Object, Object, Object, Object] items-per-page= {mobile: 1, tablet: 2, desktop: 3, ld: 3, xld: 3} gap= {mobile: 16, tablet: 20, desktop: 24}  ... > 
  at <GoogleReviews> 
  at <Index onVnodeUnmounted=fn<onVnodeUnmounted> ref=Ref< undefined > > 
  at <RouteProvider key="/" vnode= {__v_isVNode: true, __v_skip: true, type: Object, props: Object, key: null} route= {fullPath: /, hash: , query: Object, name: index___cs, path: /}  ... > 
  at <RouterView name=undefined route=undefined > 
  at <NuxtPage> 
  at <Body> 
  at <Html lang="cs-CZ" dir="ltr" > 
  at <Landing ref=Ref< undefined > > 
  at <AsyncComponentWrapper ref=Ref< undefined > > 
  at <LayoutLoader key="landing" layoutProps= {ref: RefImpl} name="landing" > 
  at <NuxtLayoutProvider layoutProps= {ref: RefImpl} key="landing" name="landing"  ... > 
  at <NuxtLayout> 
  at <App key=4 > 
  at <NuxtRoot> @ http://localhost:3001/_nuxt/@fs/Users/andrejkoval/Dev/vivadzen/src/front/node_modules/@vue/runtime-core/dist/runtime-core.esm-bundler.js?v=52c0a703:49
[    1717ms] [WARNING] [Vue warn]: Hydration style mismatch on JSHandle@node 
  - rendered on server: style="width:1em;height:1em;--c613ce94-iconUrl:url('https://api.iconify.design/ph/star-fill.svg');"
  - expected on client: style="width:1em;height:1em;"
  Note: this mismatch is check-only. The DOM will not be rectified in production due to performance overhead.
  You should fix the source of the mismatch. 
  at <IconCSS key=1 name="ph:star-fill" class="review-card__star filled" > 
  at <SnapSlide key=19 > 
  at <SnapCarousel items= [Object, Object, Object, Object, Object, Object, Object, Object, Object, Object, Object, Object, Object, Object, Object, Object, Object, Object, Object, Object] items-per-page= {mobile: 1, tablet: 2, desktop: 3, ld: 3, xld: 3} gap= {mobile: 16, tablet: 20, desktop: 24}  ... > 
  at <GoogleReviews> 
  at <Index onVnodeUnmounted=fn<onVnodeUnmounted> ref=Ref< undefined > > 
  at <RouteProvider key="/" vnode= {__v_isVNode: true, __v_skip: true, type: Object, props: Object, key: null} route= {fullPath: /, hash: , query: Object, name: index___cs, path: /}  ... > 
  at <RouterView name=undefined route=undefined > 
  at <NuxtPage> 
  at <Body> 
  at <Html lang="cs-CZ" dir="ltr" > 
  at <Landing ref=Ref< undefined > > 
  at <AsyncComponentWrapper ref=Ref< undefined > > 
  at <LayoutLoader key="landing" layoutProps= {ref: RefImpl} name="landing" > 
  at <NuxtLayoutProvider layoutProps= {ref: RefImpl} key="landing" name="landing"  ... > 
  at <NuxtLayout> 
  at <App key=4 > 
  at <NuxtRoot> @ http://localhost:3001/_nuxt/@fs/Users/andrejkoval/Dev/vivadzen/src/front/node_modules/@vue/runtime-core/dist/runtime-core.esm-bundler.js?v=52c0a703:49
[    1717ms] [WARNING] [Vue warn]: Hydration style mismatch on JSHandle@node 
  - rendered on server: style="width:1em;height:1em;--c613ce94-iconUrl:url('https://api.iconify.design/ph/star-fill.svg');"
  - expected on client: style="width:1em;height:1em;"
  Note: this mismatch is check-only. The DOM will not be rectified in production due to performance overhead.
  You should fix the source of the mismatch. 
  at <IconCSS key=2 name="ph:star-fill" class="review-card__star filled" > 
  at <SnapSlide key=19 > 
  at <SnapCarousel items= [Object, Object, Object, Object, Object, Object, Object, Object, Object, Object, Object, Object, Object, Object, Object, Object, Object, Object, Object, Object] items-per-page= {mobile: 1, tablet: 2, desktop: 3, ld: 3, xld: 3} gap= {mobile: 16, tablet: 20, desktop: 24}  ... > 
  at <GoogleReviews> 
  at <Index onVnodeUnmounted=fn<onVnodeUnmounted> ref=Ref< undefined > > 
  at <RouteProvider key="/" vnode= {__v_isVNode: true, __v_skip: true, type: Object, props: Object, key: null} route= {fullPath: /, hash: , query: Object, name: index___cs, path: /}  ... > 
  at <RouterView name=undefined route=undefined > 
  at <NuxtPage> 
  at <Body> 
  at <Html lang="cs-CZ" dir="ltr" > 
  at <Landing ref=Ref< undefined > > 
  at <AsyncComponentWrapper ref=Ref< undefined > > 
  at <LayoutLoader key="landing" layoutProps= {ref: RefImpl} name="landing" > 
  at <NuxtLayoutProvider layoutProps= {ref: RefImpl} key="landing" name="landing"  ... > 
  at <NuxtLayout> 
  at <App key=4 > 
  at <NuxtRoot> @ http://localhost:3001/_nuxt/@fs/Users/andrejkoval/Dev/vivadzen/src/front/node_modules/@vue/runtime-core/dist/runtime-core.esm-bundler.js?v=52c0a703:49
[    1717ms] [WARNING] [Vue warn]: Hydration style mismatch on JSHandle@node 
  - rendered on server: style="width:1em;height:1em;--c613ce94-iconUrl:url('https://api.iconify.design/ph/star-fill.svg');"
  - expected on client: style="width:1em;height:1em;"
  Note: this mismatch is check-only. The DOM will not be rectified in production due to performance overhead.
  You should fix the source of the mismatch. 
  at <IconCSS key=3 name="ph:star-fill" class="review-card__star filled" > 
  at <SnapSlide key=19 > 
  at <SnapCarousel items= [Object, Object, Object, Object, Object, Object, Object, Object, Object, Object, Object, Object, Object, Object, Object, Object, Object, Object, Object, Object] items-per-page= {mobile: 1, tablet: 2, desktop: 3, ld: 3, xld: 3} gap= {mobile: 16, tablet: 20, desktop: 24}  ... > 
  at <GoogleReviews> 
  at <Index onVnodeUnmounted=fn<onVnodeUnmounted> ref=Ref< undefined > > 
  at <RouteProvider key="/" vnode= {__v_isVNode: true, __v_skip: true, type: Object, props: Object, key: null} route= {fullPath: /, hash: , query: Object, name: index___cs, path: /}  ... > 
  at <RouterView name=undefined route=undefined > 
  at <NuxtPage> 
  at <Body> 
  at <Html lang="cs-CZ" dir="ltr" > 
  at <Landing ref=Ref< undefined > > 
  at <AsyncComponentWrapper ref=Ref< undefined > > 
  at <LayoutLoader key="landing" layoutProps= {ref: RefImpl} name="landing" > 
  at <NuxtLayoutProvider layoutProps= {ref: RefImpl} key="landing" name="landing"  ... > 
  at <NuxtLayout> 
  at <App key=4 > 
  at <NuxtRoot> @ http://localhost:3001/_nuxt/@fs/Users/andrejkoval/Dev/vivadzen/src/front/node_modules/@vue/runtime-core/dist/runtime-core.esm-bundler.js?v=52c0a703:49
[    1718ms] [WARNING] [Vue warn]: Hydration style mismatch on JSHandle@node 
  - rendered on server: style="width:1em;height:1em;--c613ce94-iconUrl:url('https://api.iconify.design/ph/star-fill.svg');"
  - expected on client: style="width:1em;height:1em;"
  Note: this mismatch is check-only. The DOM will not be rectified in production due to performance overhead.
  You should fix the source of the mismatch. 
  at <IconCSS key=4 name="ph:star-fill" class="review-card__star filled" > 
  at <SnapSlide key=19 > 
  at <SnapCarousel items= [Object, Object, Object, Object, Object, Object, Object, Object, Object, Object, Object, Object, Object, Object, Object, Object, Object, Object, Object, Object] items-per-page= {mobile: 1, tablet: 2, desktop: 3, ld: 3, xld: 3} gap= {mobile: 16, tablet: 20, desktop: 24}  ... > 
  at <GoogleReviews> 
  at <Index onVnodeUnmounted=fn<onVnodeUnmounted> ref=Ref< undefined > > 
  at <RouteProvider key="/" vnode= {__v_isVNode: true, __v_skip: true, type: Object, props: Object, key: null} route= {fullPath: /, hash: , query: Object, name: index___cs, path: /}  ... > 
  at <RouterView name=undefined route=undefined > 
  at <NuxtPage> 
  at <Body> 
  at <Html lang="cs-CZ" dir="ltr" > 
  at <Landing ref=Ref< undefined > > 
  at <AsyncComponentWrapper ref=Ref< undefined > > 
  at <LayoutLoader key="landing" layoutProps= {ref: RefImpl} name="landing" > 
  at <NuxtLayoutProvider layoutProps= {ref: RefImpl} key="landing" name="landing"  ... > 
  at <NuxtLayout> 
  at <App key=4 > 
  at <NuxtRoot> @ http://localhost:3001/_nuxt/@fs/Users/andrejkoval/Dev/vivadzen/src/front/node_modules/@vue/runtime-core/dist/runtime-core.esm-bundler.js?v=52c0a703:49
[    1718ms] [WARNING] [Vue warn]: Hydration style mismatch on JSHandle@node 
  - rendered on server: style="width:1em;height:1em;--c613ce94-iconUrl:url('https://api.iconify.design/ph/star-fill.svg');"
  - expected on client: style="width:1em;height:1em;"
  Note: this mismatch is check-only. The DOM will not be rectified in production due to performance overhead.
  You should fix the source of the mismatch. 
  at <IconCSS key=5 name="ph:star-fill" class="review-card__star filled" > 
  at <SnapSlide key=19 > 
  at <SnapCarousel items= [Object, Object, Object, Object, Object, Object, Object, Object, Object, Object, Object, Object, Object, Object, Object, Object, Object, Object, Object, Object] items-per-page= {mobile: 1, tablet: 2, desktop: 3, ld: 3, xld: 3} gap= {mobile: 16, tablet: 20, desktop: 24}  ... > 
  at <GoogleReviews> 
  at <Index onVnodeUnmounted=fn<onVnodeUnmounted> ref=Ref< undefined > > 
  at <RouteProvider key="/" vnode= {__v_isVNode: true, __v_skip: true, type: Object, props: Object, key: null} route= {fullPath: /, hash: , query: Object, name: index___cs, path: /}  ... > 
  at <RouterView name=undefined route=undefined > 
  at <NuxtPage> 
  at <Body> 
  at <Html lang="cs-CZ" dir="ltr" > 
  at <Landing ref=Ref< undefined > > 
  at <AsyncComponentWrapper ref=Ref< undefined > > 
  at <LayoutLoader key="landing" layoutProps= {ref: RefImpl} name="landing" > 
  at <NuxtLayoutProvider layoutProps= {ref: RefImpl} key="landing" name="landing"  ... > 
  at <NuxtLayout> 
  at <App key=4 > 
  at <NuxtRoot> @ http://localhost:3001/_nuxt/@fs/Users/andrejkoval/Dev/vivadzen/src/front/node_modules/@vue/runtime-core/dist/runtime-core.esm-bundler.js?v=52c0a703:49
[    1718ms] [WARNING] [Vue warn]: Hydration style mismatch on JSHandle@node 
  - rendered on server: style="width:1em;height:1em;--c613ce94-iconUrl:url('https://api.iconify.design/ph/arrow-bend-down-right.svg');"
  - expected on client: style="width:1em;height:1em;"
  Note: this mismatch is check-only. The DOM will not be rectified in production due to performance overhead.
  You should fix the source of the mismatch. 
  at <IconCSS name="ph:arrow-bend-down-right" > 
  at <SnapSlide key=19 > 
  at <SnapCarousel items= [Object, Object, Object, Object, Object, Object, Object, Object, Object, Object, Object, Object, Object, Object, Object, Object, Object, Object, Object, Object] items-per-page= {mobile: 1, tablet: 2, desktop: 3, ld: 3, xld: 3} gap= {mobile: 16, tablet: 20, desktop: 24}  ... > 
  at <GoogleReviews> 
  at <Index onVnodeUnmounted=fn<onVnodeUnmounted> ref=Ref< undefined > > 
  at <RouteProvider key="/" vnode= {__v_isVNode: true, __v_skip: true, type: Object, props: Object, key: null} route= {fullPath: /, hash: , query: Object, name: index___cs, path: /}  ... > 
  at <RouterView name=undefined route=undefined > 
  at <NuxtPage> 
  at <Body> 
  at <Html lang="cs-CZ" dir="ltr" > 
  at <Landing ref=Ref< undefined > > 
  at <AsyncComponentWrapper ref=Ref< undefined > > 
  at <LayoutLoader key="landing" layoutProps= {ref: RefImpl} name="landing" > 
  at <NuxtLayoutProvider layoutProps= {ref: RefImpl} key="landing" name="landing"  ... > 
  at <NuxtLayout> 
  at <App key=4 > 
  at <NuxtRoot> @ http://localhost:3001/_nuxt/@fs/Users/andrejkoval/Dev/vivadzen/src/front/node_modules/@vue/runtime-core/dist/runtime-core.esm-bundler.js?v=52c0a703:49
[    1720ms] [LOG] [nuxt-app] page:finish: 1.428955078125 ms [Object] @ http://localhost:3001/_nuxt/@fs/Users/andrejkoval/Dev/vivadzen/src/front/node_modules/hookable/dist/index.mjs?v=52c0a703:271
[    1721ms] [LOG] [nuxt-app] page:loading:end: 0.532958984375 ms [] @ http://localhost:3001/_nuxt/@fs/Users/andrejkoval/Dev/vivadzen/src/front/node_modules/hookable/dist/index.mjs?v=52c0a703:271
[    1724ms] [LOG] [Content] WS connected! @ http://localhost:3001/_nuxt/@fs/Users/andrejkoval/Dev/vivadzen/src/front/node_modules/@nuxt/content/dist/runtime/composables/web-socket.js?v=52c0a703:4
[    1735ms] [WARNING] [intlify] Not found 'title.cart' key in 'cs' locale messages. @ http://localhost:3001/_nuxt/node_modules/.cache/vite/client/deps/chunk-LY4OWT6B.js?v=52c0a703:3
[    1735ms] [WARNING] [intlify] Fall back to translate 'title.cart' with root locale. @ http://localhost:3001/_nuxt/node_modules/.cache/vite/client/deps/chunk-LY4OWT6B.js?v=52c0a703:3
[    1740ms] [WARNING] [intlify] Not found 'title.cart' key in 'cs' locale messages. @ http://localhost:3001/_nuxt/node_modules/.cache/vite/client/deps/chunk-LY4OWT6B.js?v=52c0a703:3
[    1740ms] [WARNING] [intlify] Fall back to translate 'title.cart' with root locale. @ http://localhost:3001/_nuxt/node_modules/.cache/vite/client/deps/chunk-LY4OWT6B.js?v=52c0a703:3
[    1756ms] [LOG] [nuxt-app] schema-org:meta: 0.056884765625 ms [Object] @ http://localhost:3001/_nuxt/@fs/Users/andrejkoval/Dev/vivadzen/src/front/node_modules/hookable/dist/index.mjs?v=52c0a703:271
[    1758ms] [LOG] [nuxt-app] app:suspense:resolve: 21.072021484375 ms [] @ http://localhost:3001/_nuxt/@fs/Users/andrejkoval/Dev/vivadzen/src/front/node_modules/hookable/dist/index.mjs?v=52c0a703:271
[    2180ms] [WARNING] [intlify] Not found 'logo_alt' key in 'cs' locale messages. @ http://localhost:3001/_nuxt/node_modules/.cache/vite/client/deps/chunk-LY4OWT6B.js?v=52c0a703:3
[    2180ms] [WARNING] [intlify] Fall back to translate 'logo_alt' with root locale. @ http://localhost:3001/_nuxt/node_modules/.cache/vite/client/deps/chunk-LY4OWT6B.js?v=52c0a703:3
[    2180ms] [WARNING] [intlify] Not found 'logo_alt' key in 'cs' locale messages. @ http://localhost:3001/_nuxt/node_modules/.cache/vite/client/deps/chunk-LY4OWT6B.js?v=52c0a703:3
[    2181ms] [LOG] [nuxt-app] link:prefetch: 1.8388671875 ms [/] @ http://localhost:3001/_nuxt/@fs/Users/andrejkoval/Dev/vivadzen/src/front/node_modules/hookable/dist/index.mjs?v=52c0a703:271
[    2181ms] [LOG] [nuxt-app] link:prefetch : 1.80712890625 ms [/catalog] @ http://localhost:3001/_nuxt/@fs/Users/andrejkoval/Dev/vivadzen/src/front/node_modules/hookable/dist/index.mjs?v=52c0a703:271
[    2181ms] [LOG] [nuxt-app] link:prefetch  : 1.6650390625 ms [/catalog] @ http://localhost:3001/_nuxt/@fs/Users/andrejkoval/Dev/vivadzen/src/front/node_modules/hookable/dist/index.mjs?v=52c0a703:271
[    2181ms] [LOG] [nuxt-app] link:prefetch   : 1.7080078125 ms [/delivery] @ http://localhost:3001/_nuxt/@fs/Users/andrejkoval/Dev/vivadzen/src/front/node_modules/hookable/dist/index.mjs?v=52c0a703:271
[    2181ms] [LOG] [nuxt-app] link:prefetch    : 1.682861328125 ms [/payment] @ http://localhost:3001/_nuxt/@fs/Users/andrejkoval/Dev/vivadzen/src/front/node_modules/hookable/dist/index.mjs?v=52c0a703:271
[    2181ms] [LOG] [nuxt-app] link:prefetch     : 1.630126953125 ms [/age-verification] @ http://localhost:3001/_nuxt/@fs/Users/andrejkoval/Dev/vivadzen/src/front/node_modules/hookable/dist/index.mjs?v=52c0a703:271
[    2181ms] [LOG] [nuxt-app] link:prefetch      : 1.623046875 ms [/reviews] @ http://localhost:3001/_nuxt/@fs/Users/andrejkoval/Dev/vivadzen/src/front/node_modules/hookable/dist/index.mjs?v=52c0a703:271
[    2181ms] [LOG] [nuxt-app] link:prefetch       : 1.6259765625 ms [/about] @ http://localhost:3001/_nuxt/@fs/Users/andrejkoval/Dev/vivadzen/src/front/node_modules/hookable/dist/index.mjs?v=52c0a703:271
[    2181ms] [LOG] [nuxt-app] link:prefetch        : 1.669921875 ms [/contacts] @ http://localhost:3001/_nuxt/@fs/Users/andrejkoval/Dev/vivadzen/src/front/node_modules/hookable/dist/index.mjs?v=52c0a703:271
[    2181ms] [LOG] [nuxt-app] link:prefetch         : 1.717041015625 ms [/auth/login] @ http://localhost:3001/_nuxt/@fs/Users/andrejkoval/Dev/vivadzen/src/front/node_modules/hookable/dist/index.mjs?v=52c0a703:271
