[     473ms] [LOG] [nuxt-app] i18n:beforeLocaleSwitch: 0.083984375 ms [Object] @ http://localhost:3001/_nuxt/@fs/Users/andrejkoval/Dev/vivadzen/src/front/node_modules/hookable/dist/index.mjs?v=52c0a703:271
[     474ms] [LOG] %cssr%c %s: %s 
      background: #7f8c8d;
      border-radius: 0.5em;
      color: white;
      font-weight: bold;
      padding: 2px 0.5em;
      [nitro-runtime] request 0.043ms 
  at timeLogImpl (node:internal/console/constructor)
  at node:internal/console/constructor
  at timeLogImpl (node:internal/util/debuglog)
 @ http://localhost:3001/_nuxt/@fs/Users/andrejkoval/Dev/vivadzen/src/front/node_modules/consola/dist/browser.mjs?v=52c0a703:47
[     474ms] [LOG] %cssr%c %s: %s 
      background: #7f8c8d;
      border-radius: 0.5em;
      color: white;
      font-weight: bold;
      padding: 2px 0.5em;
      [nitro-runtime] site-config:init 0.013ms 
  at timeLogImpl (node:internal/console/constructor)
  at node:internal/console/constructor
  at timeLogImpl (node:internal/util/debuglog)
 @ http://localhost:3001/_nuxt/@fs/Users/andrejkoval/Dev/vivadzen/src/front/node_modules/consola/dist/browser.mjs?v=52c0a703:47
[     474ms] [LOG] %cssr%c %s: %s 
      background: #7f8c8d;
      border-radius: 0.5em;
      color: white;
      font-weight: bold;
      padding: 2px 0.5em;
      [nitro-runtime] render:before 0.007ms 
  at timeLogImpl (node:internal/console/constructor)
  at node:internal/console/constructor
  at timeLogImpl (node:internal/util/debuglog)
 @ http://localhost:3001/_nuxt/@fs/Users/andrejkoval/Dev/vivadzen/src/front/node_modules/consola/dist/browser.mjs?v=52c0a703:47
[     475ms] [LOG] %cssr%c %s: %s 
      background: #7f8c8d;
      border-radius: 0.5em;
      color: white;
      font-weight: bold;
      padding: 2px 0.5em;
      [nuxt-app] i18n:beforeLocaleSwitch 0.007ms 
  at timeLogImpl (node:internal/console/constructor)
  at node:internal/console/constructor
  at timeLogImpl (node:internal/util/debuglog)
 @ http://localhost:3001/_nuxt/@fs/Users/andrejkoval/Dev/vivadzen/src/front/node_modules/consola/dist/browser.mjs?v=52c0a703:47
[     475ms] [LOG] %cssr%c %s: %s 
      background: #7f8c8d;
      border-radius: 0.5em;
      color: white;
      font-weight: bold;
      padding: 2px 0.5em;
      [nuxt-app] page:loading:start 0.004ms 
  at timeLogImpl (node:internal/console/constructor)
  at node:internal/console/constructor
  at timeLogImpl (node:internal/util/debuglog)
 @ http://localhost:3001/_nuxt/@fs/Users/andrejkoval/Dev/vivadzen/src/front/node_modules/consola/dist/browser.mjs?v=52c0a703:47
[     475ms] [LOG] %cssr%c %s: %s 
      background: #7f8c8d;
      border-radius: 0.5em;
      color: white;
      font-weight: bold;
      padding: 2px 0.5em;
      [nuxt-app] i18n:beforeLocaleSwitch 0.002ms 
  at timeLogImpl (node:internal/console/constructor)
  at node:internal/console/constructor
  at timeLogImpl (node:internal/util/debuglog)
 @ http://localhost:3001/_nuxt/@fs/Users/andrejkoval/Dev/vivadzen/src/front/node_modules/consola/dist/browser.mjs?v=52c0a703:47
[     475ms] [LOG] %cssr%c %s: %s 
      background: #7f8c8d;
      border-radius: 0.5em;
      color: white;
      font-weight: bold;
      padding: 2px 0.5em;
      [nuxt-app] app:created 1.552ms 
  at timeLogImpl (node:internal/console/constructor)
  at node:internal/console/constructor
  at timeLogImpl (node:internal/util/debuglog)
 @ http://localhost:3001/_nuxt/@fs/Users/andrejkoval/Dev/vivadzen/src/front/node_modules/consola/dist/browser.mjs?v=52c0a703:47
[     475ms] [LOG] %cssr%c %s: %s 
      background: #7f8c8d;
      border-radius: 0.5em;
      color: white;
      font-weight: bold;
      padding: 2px 0.5em;
      [nuxt-app] vue:setup 0.001ms 
  at timeLogImpl (node:internal/console/constructor)
  at node:internal/console/constructor
  at timeLogImpl (node:internal/util/debuglog)
 @ http://localhost:3001/_nuxt/@fs/Users/andrejkoval/Dev/vivadzen/src/front/node_modules/consola/dist/browser.mjs?v=52c0a703:47
[     475ms] [WARNING] %cssr:warn%c [intlify] Not found 'title.catalog' key in 'cs' locale messages. 
      background: #f39c12;
      border-radius: 0.5em;
      color: white;
      font-weight: bold;
      padding: 2px 0.5em;
      
  at warn (/Users/andrejkoval/Dev/vivadzen/src/front/node_modules/@intlify/shared/dist/shared.mjs)
  at handleMissing (/Users/andrejkoval/Dev/vivadzen/src/front/node_modules/@intlify/core-base/dist/core-base.mjs)
  at resolveMessageFormat (/Users/andrejkoval/Dev/vivadzen/src/front/node_modules/@intlify/core-base/dist/core-base.mjs)
 @ http://localhost:3001/_nuxt/@fs/Users/andrejkoval/Dev/vivadzen/src/front/node_modules/consola/dist/browser.mjs?v=52c0a703:47
[     475ms] [WARNING] %cssr:warn%c [intlify] Fall back to translate 'title.catalog' with root locale. 
      background: #f39c12;
      border-radius: 0.5em;
      color: white;
      font-weight: bold;
      padding: 2px 0.5em;
      
  at warn (/Users/andrejkoval/Dev/vivadzen/src/front/node_modules/@intlify/shared/dist/shared.mjs)
  at wrapWithDeps (/Users/andrejkoval/Dev/vivadzen/src/front/node_modules/vue-i18n/dist/vue-i18n.mjs)
  at t (/Users/andrejkoval/Dev/vivadzen/src/front/node_modules/vue-i18n/dist/vue-i18n.mjs)
 @ http://localhost:3001/_nuxt/@fs/Users/andrejkoval/Dev/vivadzen/src/front/node_modules/consola/dist/browser.mjs?v=52c0a703:47
[     475ms] [WARNING] %cssr:warn%c [intlify] Not found 'title.delivery' key in 'cs' locale messages. 
      background: #f39c12;
      border-radius: 0.5em;
      color: white;
      font-weight: bold;
      padding: 2px 0.5em;
      
  at warn (/Users/andrejkoval/Dev/vivadzen/src/front/node_modules/@intlify/shared/dist/shared.mjs)
  at handleMissing (/Users/andrejkoval/Dev/vivadzen/src/front/node_modules/@intlify/core-base/dist/core-base.mjs)
  at resolveMessageFormat (/Users/andrejkoval/Dev/vivadzen/src/front/node_modules/@intlify/core-base/dist/core-base.mjs)
 @ http://localhost:3001/_nuxt/@fs/Users/andrejkoval/Dev/vivadzen/src/front/node_modules/consola/dist/browser.mjs?v=52c0a703:47
[     475ms] [WARNING] %cssr:warn%c [intlify] Fall back to translate 'title.delivery' with root locale. 
      background: #f39c12;
      border-radius: 0.5em;
      color: white;
      font-weight: bold;
      padding: 2px 0.5em;
      
  at warn (/Users/andrejkoval/Dev/vivadzen/src/front/node_modules/@intlify/shared/dist/shared.mjs)
  at wrapWithDeps (/Users/andrejkoval/Dev/vivadzen/src/front/node_modules/vue-i18n/dist/vue-i18n.mjs)
  at t (/Users/andrejkoval/Dev/vivadzen/src/front/node_modules/vue-i18n/dist/vue-i18n.mjs)
 @ http://localhost:3001/_nuxt/@fs/Users/andrejkoval/Dev/vivadzen/src/front/node_modules/consola/dist/browser.mjs?v=52c0a703:47
[     475ms] [WARNING] %cssr:warn%c [intlify] Not found 'title.payment' key in 'cs' locale messages. 
      background: #f39c12;
      border-radius: 0.5em;
      color: white;
      font-weight: bold;
      padding: 2px 0.5em;
      
  at warn (/Users/andrejkoval/Dev/vivadzen/src/front/node_modules/@intlify/shared/dist/shared.mjs)
  at handleMissing (/Users/andrejkoval/Dev/vivadzen/src/front/node_modules/@intlify/core-base/dist/core-base.mjs)
  at resolveMessageFormat (/Users/andrejkoval/Dev/vivadzen/src/front/node_modules/@intlify/core-base/dist/core-base.mjs)
 @ http://localhost:3001/_nuxt/@fs/Users/andrejkoval/Dev/vivadzen/src/front/node_modules/consola/dist/browser.mjs?v=52c0a703:47
[     475ms] [WARNING] %cssr:warn%c [intlify] Fall back to translate 'title.payment' with root locale. 
      background: #f39c12;
      border-radius: 0.5em;
      color: white;
      font-weight: bold;
      padding: 2px 0.5em;
      
  at warn (/Users/andrejkoval/Dev/vivadzen/src/front/node_modules/@intlify/shared/dist/shared.mjs)
  at wrapWithDeps (/Users/andrejkoval/Dev/vivadzen/src/front/node_modules/vue-i18n/dist/vue-i18n.mjs)
  at t (/Users/andrejkoval/Dev/vivadzen/src/front/node_modules/vue-i18n/dist/vue-i18n.mjs)
 @ http://localhost:3001/_nuxt/@fs/Users/andrejkoval/Dev/vivadzen/src/front/node_modules/consola/dist/browser.mjs?v=52c0a703:47
[     475ms] [WARNING] %cssr:warn%c [intlify] Not found 'title.age_verification' key in 'cs' locale messages. 
      background: #f39c12;
      border-radius: 0.5em;
      color: white;
      font-weight: bold;
      padding: 2px 0.5em;
      
  at warn (/Users/andrejkoval/Dev/vivadzen/src/front/node_modules/@intlify/shared/dist/shared.mjs)
  at handleMissing (/Users/andrejkoval/Dev/vivadzen/src/front/node_modules/@intlify/core-base/dist/core-base.mjs)
  at resolveMessageFormat (/Users/andrejkoval/Dev/vivadzen/src/front/node_modules/@intlify/core-base/dist/core-base.mjs)
 @ http://localhost:3001/_nuxt/@fs/Users/andrejkoval/Dev/vivadzen/src/front/node_modules/consola/dist/browser.mjs?v=52c0a703:47
[     475ms] [WARNING] %cssr:warn%c [intlify] Fall back to translate 'title.age_verification' with root locale. 
      background: #f39c12;
      border-radius: 0.5em;
      color: white;
      font-weight: bold;
      padding: 2px 0.5em;
      
  at warn (/Users/andrejkoval/Dev/vivadzen/src/front/node_modules/@intlify/shared/dist/shared.mjs)
  at wrapWithDeps (/Users/andrejkoval/Dev/vivadzen/src/front/node_modules/vue-i18n/dist/vue-i18n.mjs)
  at t (/Users/andrejkoval/Dev/vivadzen/src/front/node_modules/vue-i18n/dist/vue-i18n.mjs)
 @ http://localhost:3001/_nuxt/@fs/Users/andrejkoval/Dev/vivadzen/src/front/node_modules/consola/dist/browser.mjs?v=52c0a703:47
[     475ms] [WARNING] %cssr:warn%c [intlify] Not found 'title.reviews' key in 'cs' locale messages. 
      background: #f39c12;
      border-radius: 0.5em;
      color: white;
      font-weight: bold;
      padding: 2px 0.5em;
      
  at warn (/Users/andrejkoval/Dev/vivadzen/src/front/node_modules/@intlify/shared/dist/shared.mjs)
  at handleMissing (/Users/andrejkoval/Dev/vivadzen/src/front/node_modules/@intlify/core-base/dist/core-base.mjs)
  at resolveMessageFormat (/Users/andrejkoval/Dev/vivadzen/src/front/node_modules/@intlify/core-base/dist/core-base.mjs)
 @ http://localhost:3001/_nuxt/@fs/Users/andrejkoval/Dev/vivadzen/src/front/node_modules/consola/dist/browser.mjs?v=52c0a703:47
[     475ms] [WARNING] %cssr:warn%c [intlify] Fall back to translate 'title.reviews' with root locale. 
      background: #f39c12;
      border-radius: 0.5em;
      color: white;
      font-weight: bold;
      padding: 2px 0.5em;
      
  at warn (/Users/andrejkoval/Dev/vivadzen/src/front/node_modules/@intlify/shared/dist/shared.mjs)
  at wrapWithDeps (/Users/andrejkoval/Dev/vivadzen/src/front/node_modules/vue-i18n/dist/vue-i18n.mjs)
  at t (/Users/andrejkoval/Dev/vivadzen/src/front/node_modules/vue-i18n/dist/vue-i18n.mjs)
 @ http://localhost:3001/_nuxt/@fs/Users/andrejkoval/Dev/vivadzen/src/front/node_modules/consola/dist/browser.mjs?v=52c0a703:47
[     475ms] [WARNING] %cssr:warn%c [intlify] Not found 'title.about' key in 'cs' locale messages. 
      background: #f39c12;
      border-radius: 0.5em;
      color: white;
      font-weight: bold;
      padding: 2px 0.5em;
      
  at warn (/Users/andrejkoval/Dev/vivadzen/src/front/node_modules/@intlify/shared/dist/shared.mjs)
  at handleMissing (/Users/andrejkoval/Dev/vivadzen/src/front/node_modules/@intlify/core-base/dist/core-base.mjs)
  at resolveMessageFormat (/Users/andrejkoval/Dev/vivadzen/src/front/node_modules/@intlify/core-base/dist/core-base.mjs)
 @ http://localhost:3001/_nuxt/@fs/Users/andrejkoval/Dev/vivadzen/src/front/node_modules/consola/dist/browser.mjs?v=52c0a703:47
[     475ms] [WARNING] %cssr:warn%c [intlify] Fall back to translate 'title.about' with root locale. 
      background: #f39c12;
      border-radius: 0.5em;
      color: white;
      font-weight: bold;
      padding: 2px 0.5em;
      
  at warn (/Users/andrejkoval/Dev/vivadzen/src/front/node_modules/@intlify/shared/dist/shared.mjs)
  at wrapWithDeps (/Users/andrejkoval/Dev/vivadzen/src/front/node_modules/vue-i18n/dist/vue-i18n.mjs)
  at t (/Users/andrejkoval/Dev/vivadzen/src/front/node_modules/vue-i18n/dist/vue-i18n.mjs)
 @ http://localhost:3001/_nuxt/@fs/Users/andrejkoval/Dev/vivadzen/src/front/node_modules/consola/dist/browser.mjs?v=52c0a703:47
[     475ms] [WARNING] %cssr:warn%c [intlify] Not found 'title.contacts' key in 'cs' locale messages. 
      background: #f39c12;
      border-radius: 0.5em;
      color: white;
      font-weight: bold;
      padding: 2px 0.5em;
      
  at warn (/Users/andrejkoval/Dev/vivadzen/src/front/node_modules/@intlify/shared/dist/shared.mjs)
  at handleMissing (/Users/andrejkoval/Dev/vivadzen/src/front/node_modules/@intlify/core-base/dist/core-base.mjs)
  at resolveMessageFormat (/Users/andrejkoval/Dev/vivadzen/src/front/node_modules/@intlify/core-base/dist/core-base.mjs)
 @ http://localhost:3001/_nuxt/@fs/Users/andrejkoval/Dev/vivadzen/src/front/node_modules/consola/dist/browser.mjs?v=52c0a703:47
[     475ms] [WARNING] %cssr:warn%c [intlify] Fall back to translate 'title.contacts' with root locale. 
      background: #f39c12;
      border-radius: 0.5em;
      color: white;
      font-weight: bold;
      padding: 2px 0.5em;
      
  at warn (/Users/andrejkoval/Dev/vivadzen/src/front/node_modules/@intlify/shared/dist/shared.mjs)
  at wrapWithDeps (/Users/andrejkoval/Dev/vivadzen/src/front/node_modules/vue-i18n/dist/vue-i18n.mjs)
  at t (/Users/andrejkoval/Dev/vivadzen/src/front/node_modules/vue-i18n/dist/vue-i18n.mjs)
 @ http://localhost:3001/_nuxt/@fs/Users/andrejkoval/Dev/vivadzen/src/front/node_modules/consola/dist/browser.mjs?v=52c0a703:47
[     475ms] [WARNING] %cssr:warn%c [intlify] Not found 'logo_alt' key in 'cs' locale messages. 
      background: #f39c12;
      border-radius: 0.5em;
      color: white;
      font-weight: bold;
      padding: 2px 0.5em;
      
  at warn (/Users/andrejkoval/Dev/vivadzen/src/front/node_modules/@intlify/shared/dist/shared.mjs)
  at handleMissing (/Users/andrejkoval/Dev/vivadzen/src/front/node_modules/@intlify/core-base/dist/core-base.mjs)
  at resolveMessageFormat (/Users/andrejkoval/Dev/vivadzen/src/front/node_modules/@intlify/core-base/dist/core-base.mjs)
 @ http://localhost:3001/_nuxt/@fs/Users/andrejkoval/Dev/vivadzen/src/front/node_modules/consola/dist/browser.mjs?v=52c0a703:47
[     475ms] [WARNING] %cssr:warn%c [intlify] Fall back to translate 'logo_alt' with root locale. 
      background: #f39c12;
      border-radius: 0.5em;
      color: white;
      font-weight: bold;
      padding: 2px 0.5em;
      
  at warn (/Users/andrejkoval/Dev/vivadzen/src/front/node_modules/@intlify/shared/dist/shared.mjs)
  at wrapWithDeps (/Users/andrejkoval/Dev/vivadzen/src/front/node_modules/vue-i18n/dist/vue-i18n.mjs)
  at Proxy.t (/Users/andrejkoval/Dev/vivadzen/src/front/node_modules/vue-i18n/dist/vue-i18n.mjs)
 @ http://localhost:3001/_nuxt/@fs/Users/andrejkoval/Dev/vivadzen/src/front/node_modules/consola/dist/browser.mjs?v=52c0a703:47
[     475ms] [WARNING] %cssr:warn%c [intlify] Not found 'logo_alt' key in 'cs' locale messages. 
      background: #f39c12;
      border-radius: 0.5em;
      color: white;
      font-weight: bold;
      padding: 2px 0.5em;
      
  at warn (/Users/andrejkoval/Dev/vivadzen/src/front/node_modules/@intlify/shared/dist/shared.mjs)
  at handleMissing (/Users/andrejkoval/Dev/vivadzen/src/front/node_modules/@intlify/core-base/dist/core-base.mjs)
  at resolveMessageFormat (/Users/andrejkoval/Dev/vivadzen/src/front/node_modules/@intlify/core-base/dist/core-base.mjs)
 @ http://localhost:3001/_nuxt/@fs/Users/andrejkoval/Dev/vivadzen/src/front/node_modules/consola/dist/browser.mjs?v=52c0a703:47
[     475ms] [WARNING] %cssr:warn%c [intlify] Not found 'button.login' key in 'cs' locale messages. 
      background: #f39c12;
      border-radius: 0.5em;
      color: white;
      font-weight: bold;
      padding: 2px 0.5em;
      
  at warn (/Users/andrejkoval/Dev/vivadzen/src/front/node_modules/@intlify/shared/dist/shared.mjs)
  at handleMissing (/Users/andrejkoval/Dev/vivadzen/src/front/node_modules/@intlify/core-base/dist/core-base.mjs)
  at resolveMessageFormat (/Users/andrejkoval/Dev/vivadzen/src/front/node_modules/@intlify/core-base/dist/core-base.mjs)
 @ http://localhost:3001/_nuxt/@fs/Users/andrejkoval/Dev/vivadzen/src/front/node_modules/consola/dist/browser.mjs?v=52c0a703:47
[     475ms] [WARNING] %cssr:warn%c [intlify] Fall back to translate 'button.login' with root locale. 
      background: #f39c12;
      border-radius: 0.5em;
      color: white;
      font-weight: bold;
      padding: 2px 0.5em;
      
  at warn (/Users/andrejkoval/Dev/vivadzen/src/front/node_modules/@intlify/shared/dist/shared.mjs)
  at wrapWithDeps (/Users/andrejkoval/Dev/vivadzen/src/front/node_modules/vue-i18n/dist/vue-i18n.mjs)
  at t (/Users/andrejkoval/Dev/vivadzen/src/front/node_modules/vue-i18n/dist/vue-i18n.mjs)
 @ http://localhost:3001/_nuxt/@fs/Users/andrejkoval/Dev/vivadzen/src/front/node_modules/consola/dist/browser.mjs?v=52c0a703:47
[     475ms] [WARNING] %cssr:warn%c [intlify] Not found 'button.login' key in 'cs' locale messages. 
      background: #f39c12;
      border-radius: 0.5em;
      color: white;
      font-weight: bold;
      padding: 2px 0.5em;
      
  at warn (/Users/andrejkoval/Dev/vivadzen/src/front/node_modules/@intlify/shared/dist/shared.mjs)
  at handleMissing (/Users/andrejkoval/Dev/vivadzen/src/front/node_modules/@intlify/core-base/dist/core-base.mjs)
  at resolveMessageFormat (/Users/andrejkoval/Dev/vivadzen/src/front/node_modules/@intlify/core-base/dist/core-base.mjs)
 @ http://localhost:3001/_nuxt/@fs/Users/andrejkoval/Dev/vivadzen/src/front/node_modules/consola/dist/browser.mjs?v=52c0a703:47
[     475ms] [WARNING] %cssr:warn%c [intlify] Not found 'title.cart' key in 'cs' locale messages. 
      background: #f39c12;
      border-radius: 0.5em;
      color: white;
      font-weight: bold;
      padding: 2px 0.5em;
      
  at warn (/Users/andrejkoval/Dev/vivadzen/src/front/node_modules/@intlify/shared/dist/shared.mjs)
  at handleMissing (/Users/andrejkoval/Dev/vivadzen/src/front/node_modules/@intlify/core-base/dist/core-base.mjs)
  at resolveMessageFormat (/Users/andrejkoval/Dev/vivadzen/src/front/node_modules/@intlify/core-base/dist/core-base.mjs)
 @ http://localhost:3001/_nuxt/@fs/Users/andrejkoval/Dev/vivadzen/src/front/node_modules/consola/dist/browser.mjs?v=52c0a703:47
[     475ms] [WARNING] %cssr:warn%c [intlify] Fall back to translate 'title.cart' with root locale. 
      background: #f39c12;
      border-radius: 0.5em;
      color: white;
      font-weight: bold;
      padding: 2px 0.5em;
      
  at warn (/Users/andrejkoval/Dev/vivadzen/src/front/node_modules/@intlify/shared/dist/shared.mjs)
  at wrapWithDeps (/Users/andrejkoval/Dev/vivadzen/src/front/node_modules/vue-i18n/dist/vue-i18n.mjs)
  at Proxy.t (/Users/andrejkoval/Dev/vivadzen/src/front/node_modules/vue-i18n/dist/vue-i18n.mjs)
 @ http://localhost:3001/_nuxt/@fs/Users/andrejkoval/Dev/vivadzen/src/front/node_modules/consola/dist/browser.mjs?v=52c0a703:47
[     475ms] [WARNING] %cssr:warn%c [intlify] Not found 'title.catalog' key in 'cs' locale messages. 
      background: #f39c12;
      border-radius: 0.5em;
      color: white;
      font-weight: bold;
      padding: 2px 0.5em;
      
  at warn (/Users/andrejkoval/Dev/vivadzen/src/front/node_modules/@intlify/shared/dist/shared.mjs)
  at handleMissing (/Users/andrejkoval/Dev/vivadzen/src/front/node_modules/@intlify/core-base/dist/core-base.mjs)
  at resolveMessageFormat (/Users/andrejkoval/Dev/vivadzen/src/front/node_modules/@intlify/core-base/dist/core-base.mjs)
 @ http://localhost:3001/_nuxt/@fs/Users/andrejkoval/Dev/vivadzen/src/front/node_modules/consola/dist/browser.mjs?v=52c0a703:47
[     475ms] [WARNING] %cssr:warn%c [intlify] Fall back to translate 'title.catalog' with root locale. 
      background: #f39c12;
      border-radius: 0.5em;
      color: white;
      font-weight: bold;
      padding: 2px 0.5em;
      
  at warn (/Users/andrejkoval/Dev/vivadzen/src/front/node_modules/@intlify/shared/dist/shared.mjs)
  at wrapWithDeps (/Users/andrejkoval/Dev/vivadzen/src/front/node_modules/vue-i18n/dist/vue-i18n.mjs)
  at t (/Users/andrejkoval/Dev/vivadzen/src/front/node_modules/vue-i18n/dist/vue-i18n.mjs)
 @ http://localhost:3001/_nuxt/@fs/Users/andrejkoval/Dev/vivadzen/src/front/node_modules/consola/dist/browser.mjs?v=52c0a703:47
[     475ms] [WARNING] %cssr:warn%c [intlify] Not found 'title.delivery' key in 'cs' locale messages. 
      background: #f39c12;
      border-radius: 0.5em;
      color: white;
      font-weight: bold;
      padding: 2px 0.5em;
      
  at warn (/Users/andrejkoval/Dev/vivadzen/src/front/node_modules/@intlify/shared/dist/shared.mjs)
  at handleMissing (/Users/andrejkoval/Dev/vivadzen/src/front/node_modules/@intlify/core-base/dist/core-base.mjs)
  at resolveMessageFormat (/Users/andrejkoval/Dev/vivadzen/src/front/node_modules/@intlify/core-base/dist/core-base.mjs)
 @ http://localhost:3001/_nuxt/@fs/Users/andrejkoval/Dev/vivadzen/src/front/node_modules/consola/dist/browser.mjs?v=52c0a703:47
[     475ms] [WARNING] %cssr:warn%c [intlify] Fall back to translate 'title.delivery' with root locale. 
      background: #f39c12;
      border-radius: 0.5em;
      color: white;
      font-weight: bold;
      padding: 2px 0.5em;
      
  at warn (/Users/andrejkoval/Dev/vivadzen/src/front/node_modules/@intlify/shared/dist/shared.mjs)
  at wrapWithDeps (/Users/andrejkoval/Dev/vivadzen/src/front/node_modules/vue-i18n/dist/vue-i18n.mjs)
  at t (/Users/andrejkoval/Dev/vivadzen/src/front/node_modules/vue-i18n/dist/vue-i18n.mjs)
 @ http://localhost:3001/_nuxt/@fs/Users/andrejkoval/Dev/vivadzen/src/front/node_modules/consola/dist/browser.mjs?v=52c0a703:47
[     475ms] [WARNING] %cssr:warn%c [intlify] Not found 'title.payment' key in 'cs' locale messages. 
      background: #f39c12;
      border-radius: 0.5em;
      color: white;
      font-weight: bold;
      padding: 2px 0.5em;
      
  at warn (/Users/andrejkoval/Dev/vivadzen/src/front/node_modules/@intlify/shared/dist/shared.mjs)
  at handleMissing (/Users/andrejkoval/Dev/vivadzen/src/front/node_modules/@intlify/core-base/dist/core-base.mjs)
  at resolveMessageFormat (/Users/andrejkoval/Dev/vivadzen/src/front/node_modules/@intlify/core-base/dist/core-base.mjs)
 @ http://localhost:3001/_nuxt/@fs/Users/andrejkoval/Dev/vivadzen/src/front/node_modules/consola/dist/browser.mjs?v=52c0a703:47
[     475ms] [WARNING] %cssr:warn%c [intlify] Fall back to translate 'title.payment' with root locale. 
      background: #f39c12;
      border-radius: 0.5em;
      color: white;
      font-weight: bold;
      padding: 2px 0.5em;
      
  at warn (/Users/andrejkoval/Dev/vivadzen/src/front/node_modules/@intlify/shared/dist/shared.mjs)
  at wrapWithDeps (/Users/andrejkoval/Dev/vivadzen/src/front/node_modules/vue-i18n/dist/vue-i18n.mjs)
  at t (/Users/andrejkoval/Dev/vivadzen/src/front/node_modules/vue-i18n/dist/vue-i18n.mjs)
 @ http://localhost:3001/_nuxt/@fs/Users/andrejkoval/Dev/vivadzen/src/front/node_modules/consola/dist/browser.mjs?v=52c0a703:47
[     475ms] [WARNING] %cssr:warn%c [intlify] Not found 'title.age_verification' key in 'cs' locale messages. 
      background: #f39c12;
      border-radius: 0.5em;
      color: white;
      font-weight: bold;
      padding: 2px 0.5em;
      
  at warn (/Users/andrejkoval/Dev/vivadzen/src/front/node_modules/@intlify/shared/dist/shared.mjs)
  at handleMissing (/Users/andrejkoval/Dev/vivadzen/src/front/node_modules/@intlify/core-base/dist/core-base.mjs)
  at resolveMessageFormat (/Users/andrejkoval/Dev/vivadzen/src/front/node_modules/@intlify/core-base/dist/core-base.mjs)
 @ http://localhost:3001/_nuxt/@fs/Users/andrejkoval/Dev/vivadzen/src/front/node_modules/consola/dist/browser.mjs?v=52c0a703:47
[     475ms] [WARNING] %cssr:warn%c [intlify] Fall back to translate 'title.age_verification' with root locale. 
      background: #f39c12;
      border-radius: 0.5em;
      color: white;
      font-weight: bold;
      padding: 2px 0.5em;
      
  at warn (/Users/andrejkoval/Dev/vivadzen/src/front/node_modules/@intlify/shared/dist/shared.mjs)
  at wrapWithDeps (/Users/andrejkoval/Dev/vivadzen/src/front/node_modules/vue-i18n/dist/vue-i18n.mjs)
  at t (/Users/andrejkoval/Dev/vivadzen/src/front/node_modules/vue-i18n/dist/vue-i18n.mjs)
 @ http://localhost:3001/_nuxt/@fs/Users/andrejkoval/Dev/vivadzen/src/front/node_modules/consola/dist/browser.mjs?v=52c0a703:47
[     475ms] [WARNING] %cssr:warn%c [intlify] Not found 'title.reviews' key in 'cs' locale messages. 
      background: #f39c12;
      border-radius: 0.5em;
      color: white;
      font-weight: bold;
      padding: 2px 0.5em;
      
  at warn (/Users/andrejkoval/Dev/vivadzen/src/front/node_modules/@intlify/shared/dist/shared.mjs)
  at handleMissing (/Users/andrejkoval/Dev/vivadzen/src/front/node_modules/@intlify/core-base/dist/core-base.mjs)
  at resolveMessageFormat (/Users/andrejkoval/Dev/vivadzen/src/front/node_modules/@intlify/core-base/dist/core-base.mjs)
 @ http://localhost:3001/_nuxt/@fs/Users/andrejkoval/Dev/vivadzen/src/front/node_modules/consola/dist/browser.mjs?v=52c0a703:47
[     475ms] [WARNING] %cssr:warn%c [intlify] Fall back to translate 'title.reviews' with root locale. 
      background: #f39c12;
      border-radius: 0.5em;
      color: white;
      font-weight: bold;
      padding: 2px 0.5em;
      
  at warn (/Users/andrejkoval/Dev/vivadzen/src/front/node_modules/@intlify/shared/dist/shared.mjs)
  at wrapWithDeps (/Users/andrejkoval/Dev/vivadzen/src/front/node_modules/vue-i18n/dist/vue-i18n.mjs)
  at t (/Users/andrejkoval/Dev/vivadzen/src/front/node_modules/vue-i18n/dist/vue-i18n.mjs)
 @ http://localhost:3001/_nuxt/@fs/Users/andrejkoval/Dev/vivadzen/src/front/node_modules/consola/dist/browser.mjs?v=52c0a703:47
[     475ms] [WARNING] %cssr:warn%c [intlify] Not found 'title.about' key in 'cs' locale messages. 
      background: #f39c12;
      border-radius: 0.5em;
      color: white;
      font-weight: bold;
      padding: 2px 0.5em;
      
  at warn (/Users/andrejkoval/Dev/vivadzen/src/front/node_modules/@intlify/shared/dist/shared.mjs)
  at handleMissing (/Users/andrejkoval/Dev/vivadzen/src/front/node_modules/@intlify/core-base/dist/core-base.mjs)
  at resolveMessageFormat (/Users/andrejkoval/Dev/vivadzen/src/front/node_modules/@intlify/core-base/dist/core-base.mjs)
 @ http://localhost:3001/_nuxt/@fs/Users/andrejkoval/Dev/vivadzen/src/front/node_modules/consola/dist/browser.mjs?v=52c0a703:47
[     475ms] [WARNING] %cssr:warn%c [intlify] Fall back to translate 'title.about' with root locale. 
      background: #f39c12;
      border-radius: 0.5em;
      color: white;
      font-weight: bold;
      padding: 2px 0.5em;
      
  at warn (/Users/andrejkoval/Dev/vivadzen/src/front/node_modules/@intlify/shared/dist/shared.mjs)
  at wrapWithDeps (/Users/andrejkoval/Dev/vivadzen/src/front/node_modules/vue-i18n/dist/vue-i18n.mjs)
  at t (/Users/andrejkoval/Dev/vivadzen/src/front/node_modules/vue-i18n/dist/vue-i18n.mjs)
 @ http://localhost:3001/_nuxt/@fs/Users/andrejkoval/Dev/vivadzen/src/front/node_modules/consola/dist/browser.mjs?v=52c0a703:47
[     475ms] [WARNING] %cssr:warn%c [intlify] Not found 'title.contacts' key in 'cs' locale messages. 
      background: #f39c12;
      border-radius: 0.5em;
      color: white;
      font-weight: bold;
      padding: 2px 0.5em;
      
  at warn (/Users/andrejkoval/Dev/vivadzen/src/front/node_modules/@intlify/shared/dist/shared.mjs)
  at handleMissing (/Users/andrejkoval/Dev/vivadzen/src/front/node_modules/@intlify/core-base/dist/core-base.mjs)
  at resolveMessageFormat (/Users/andrejkoval/Dev/vivadzen/src/front/node_modules/@intlify/core-base/dist/core-base.mjs)
 @ http://localhost:3001/_nuxt/@fs/Users/andrejkoval/Dev/vivadzen/src/front/node_modules/consola/dist/browser.mjs?v=52c0a703:47
[     475ms] [WARNING] %cssr:warn%c [intlify] Fall back to translate 'title.contacts' with root locale. 
      background: #f39c12;
      border-radius: 0.5em;
      color: white;
      font-weight: bold;
      padding: 2px 0.5em;
      
  at warn (/Users/andrejkoval/Dev/vivadzen/src/front/node_modules/@intlify/shared/dist/shared.mjs)
  at wrapWithDeps (/Users/andrejkoval/Dev/vivadzen/src/front/node_modules/vue-i18n/dist/vue-i18n.mjs)
  at t (/Users/andrejkoval/Dev/vivadzen/src/front/node_modules/vue-i18n/dist/vue-i18n.mjs)
 @ http://localhost:3001/_nuxt/@fs/Users/andrejkoval/Dev/vivadzen/src/front/node_modules/consola/dist/browser.mjs?v=52c0a703:47
[     476ms] [WARNING] %cssr:warn%c [intlify] Not found 'label.messengers' key in 'cs' locale messages. 
      background: #f39c12;
      border-radius: 0.5em;
      color: white;
      font-weight: bold;
      padding: 2px 0.5em;
      
  at warn (/Users/andrejkoval/Dev/vivadzen/src/front/node_modules/@intlify/shared/dist/shared.mjs)
  at handleMissing (/Users/andrejkoval/Dev/vivadzen/src/front/node_modules/@intlify/core-base/dist/core-base.mjs)
  at resolveMessageFormat (/Users/andrejkoval/Dev/vivadzen/src/front/node_modules/@intlify/core-base/dist/core-base.mjs)
 @ http://localhost:3001/_nuxt/@fs/Users/andrejkoval/Dev/vivadzen/src/front/node_modules/consola/dist/browser.mjs?v=52c0a703:47
[     476ms] [WARNING] %cssr:warn%c [intlify] Fall back to translate 'label.messengers' with root locale. 
      background: #f39c12;
      border-radius: 0.5em;
      color: white;
      font-weight: bold;
      padding: 2px 0.5em;
      
  at warn (/Users/andrejkoval/Dev/vivadzen/src/front/node_modules/@intlify/shared/dist/shared.mjs)
  at wrapWithDeps (/Users/andrejkoval/Dev/vivadzen/src/front/node_modules/vue-i18n/dist/vue-i18n.mjs)
  at Proxy.t (/Users/andrejkoval/Dev/vivadzen/src/front/node_modules/vue-i18n/dist/vue-i18n.mjs)
 @ http://localhost:3001/_nuxt/@fs/Users/andrejkoval/Dev/vivadzen/src/front/node_modules/consola/dist/browser.mjs?v=52c0a703:47
[     476ms] [WARNING] %cssr:warn%c [intlify] Not found 'label.social_networks' key in 'cs' locale messages. 
      background: #f39c12;
      border-radius: 0.5em;
      color: white;
      font-weight: bold;
      padding: 2px 0.5em;
      
  at warn (/Users/andrejkoval/Dev/vivadzen/src/front/node_modules/@intlify/shared/dist/shared.mjs)
  at handleMissing (/Users/andrejkoval/Dev/vivadzen/src/front/node_modules/@intlify/core-base/dist/core-base.mjs)
  at resolveMessageFormat (/Users/andrejkoval/Dev/vivadzen/src/front/node_modules/@intlify/core-base/dist/core-base.mjs)
 @ http://localhost:3001/_nuxt/@fs/Users/andrejkoval/Dev/vivadzen/src/front/node_modules/consola/dist/browser.mjs?v=52c0a703:47
[     476ms] [WARNING] %cssr:warn%c [intlify] Fall back to translate 'label.social_networks' with root locale. 
      background: #f39c12;
      border-radius: 0.5em;
      color: white;
      font-weight: bold;
      padding: 2px 0.5em;
      
  at warn (/Users/andrejkoval/Dev/vivadzen/src/front/node_modules/@intlify/shared/dist/shared.mjs)
  at wrapWithDeps (/Users/andrejkoval/Dev/vivadzen/src/front/node_modules/vue-i18n/dist/vue-i18n.mjs)
  at Proxy.t (/Users/andrejkoval/Dev/vivadzen/src/front/node_modules/vue-i18n/dist/vue-i18n.mjs)
 @ http://localhost:3001/_nuxt/@fs/Users/andrejkoval/Dev/vivadzen/src/front/node_modules/consola/dist/browser.mjs?v=52c0a703:47
[     476ms] [WARNING] %cssr:warn%c [intlify] Not found 'title.age_verification' key in 'cs' locale messages. 
      background: #f39c12;
      border-radius: 0.5em;
      color: white;
      font-weight: bold;
      padding: 2px 0.5em;
      
  at warn (/Users/andrejkoval/Dev/vivadzen/src/front/node_modules/@intlify/shared/dist/shared.mjs)
  at handleMissing (/Users/andrejkoval/Dev/vivadzen/src/front/node_modules/@intlify/core-base/dist/core-base.mjs)
  at resolveMessageFormat (/Users/andrejkoval/Dev/vivadzen/src/front/node_modules/@intlify/core-base/dist/core-base.mjs)
 @ http://localhost:3001/_nuxt/@fs/Users/andrejkoval/Dev/vivadzen/src/front/node_modules/consola/dist/browser.mjs?v=52c0a703:47
[     476ms] [WARNING] %cssr:warn%c [intlify] Fall back to translate 'title.age_verification' with root locale. 
      background: #f39c12;
      border-radius: 0.5em;
      color: white;
      font-weight: bold;
      padding: 2px 0.5em;
      
  at warn (/Users/andrejkoval/Dev/vivadzen/src/front/node_modules/@intlify/shared/dist/shared.mjs)
  at wrapWithDeps (/Users/andrejkoval/Dev/vivadzen/src/front/node_modules/vue-i18n/dist/vue-i18n.mjs)
  at t (/Users/andrejkoval/Dev/vivadzen/src/front/node_modules/vue-i18n/dist/vue-i18n.mjs)
 @ http://localhost:3001/_nuxt/@fs/Users/andrejkoval/Dev/vivadzen/src/front/node_modules/consola/dist/browser.mjs?v=52c0a703:47
[     476ms] [WARNING] %cssr:warn%c [intlify] Not found 'title.reviews' key in 'cs' locale messages. 
      background: #f39c12;
      border-radius: 0.5em;
      color: white;
      font-weight: bold;
      padding: 2px 0.5em;
      
  at warn (/Users/andrejkoval/Dev/vivadzen/src/front/node_modules/@intlify/shared/dist/shared.mjs)
  at handleMissing (/Users/andrejkoval/Dev/vivadzen/src/front/node_modules/@intlify/core-base/dist/core-base.mjs)
  at resolveMessageFormat (/Users/andrejkoval/Dev/vivadzen/src/front/node_modules/@intlify/core-base/dist/core-base.mjs)
 @ http://localhost:3001/_nuxt/@fs/Users/andrejkoval/Dev/vivadzen/src/front/node_modules/consola/dist/browser.mjs?v=52c0a703:47
[     476ms] [WARNING] %cssr:warn%c [intlify] Fall back to translate 'title.reviews' with root locale. 
      background: #f39c12;
      border-radius: 0.5em;
      color: white;
      font-weight: bold;
      padding: 2px 0.5em;
      
  at warn (/Users/andrejkoval/Dev/vivadzen/src/front/node_modules/@intlify/shared/dist/shared.mjs)
  at wrapWithDeps (/Users/andrejkoval/Dev/vivadzen/src/front/node_modules/vue-i18n/dist/vue-i18n.mjs)
  at t (/Users/andrejkoval/Dev/vivadzen/src/front/node_modules/vue-i18n/dist/vue-i18n.mjs)
 @ http://localhost:3001/_nuxt/@fs/Users/andrejkoval/Dev/vivadzen/src/front/node_modules/consola/dist/browser.mjs?v=52c0a703:47
[     476ms] [WARNING] %cssr:warn%c [intlify] Not found 'currency' key in 'cs' locale messages. 
      background: #f39c12;
      border-radius: 0.5em;
      color: white;
      font-weight: bold;
      padding: 2px 0.5em;
      
  at warn (/Users/andrejkoval/Dev/vivadzen/src/front/node_modules/@intlify/shared/dist/shared.mjs)
  at handleMissing (/Users/andrejkoval/Dev/vivadzen/src/front/node_modules/@intlify/core-base/dist/core-base.mjs)
  at number (/Users/andrejkoval/Dev/vivadzen/src/front/node_modules/@intlify/core-base/dist/core-base.mjs)
 @ http://localhost:3001/_nuxt/@fs/Users/andrejkoval/Dev/vivadzen/src/front/node_modules/consola/dist/browser.mjs?v=52c0a703:47
[     476ms] [WARNING] %cssr:warn%c [intlify] Fall back to number format 'currency' with root locale. 
      background: #f39c12;
      border-radius: 0.5em;
      color: white;
      font-weight: bold;
      padding: 2px 0.5em;
      
  at warn (/Users/andrejkoval/Dev/vivadzen/src/front/node_modules/@intlify/shared/dist/shared.mjs)
  at wrapWithDeps (/Users/andrejkoval/Dev/vivadzen/src/front/node_modules/vue-i18n/dist/vue-i18n.mjs)
  at Object.numberParts (/Users/andrejkoval/Dev/vivadzen/src/front/node_modules/vue-i18n/dist/vue-i18n.mjs)
 @ http://localhost:3001/_nuxt/@fs/Users/andrejkoval/Dev/vivadzen/src/front/node_modules/consola/dist/browser.mjs?v=52c0a703:47
[     476ms] [WARNING] %cssr:warn%c [intlify] Not found 'currency' key in 'cs' locale messages. 
      background: #f39c12;
      border-radius: 0.5em;
      color: white;
      font-weight: bold;
      padding: 2px 0.5em;
      
  at warn (/Users/andrejkoval/Dev/vivadzen/src/front/node_modules/@intlify/shared/dist/shared.mjs)
  at handleMissing (/Users/andrejkoval/Dev/vivadzen/src/front/node_modules/@intlify/core-base/dist/core-base.mjs)
  at number (/Users/andrejkoval/Dev/vivadzen/src/front/node_modules/@intlify/core-base/dist/core-base.mjs)
 @ http://localhost:3001/_nuxt/@fs/Users/andrejkoval/Dev/vivadzen/src/front/node_modules/consola/dist/browser.mjs?v=52c0a703:47
[     476ms] [WARNING] %cssr:warn%c [intlify] Fall back to number format 'currency' with root locale. 
      background: #f39c12;
      border-radius: 0.5em;
      color: white;
      font-weight: bold;
      padding: 2px 0.5em;
      
  at warn (/Users/andrejkoval/Dev/vivadzen/src/front/node_modules/@intlify/shared/dist/shared.mjs)
  at wrapWithDeps (/Users/andrejkoval/Dev/vivadzen/src/front/node_modules/vue-i18n/dist/vue-i18n.mjs)
  at Object.numberParts (/Users/andrejkoval/Dev/vivadzen/src/front/node_modules/vue-i18n/dist/vue-i18n.mjs)
 @ http://localhost:3001/_nuxt/@fs/Users/andrejkoval/Dev/vivadzen/src/front/node_modules/consola/dist/browser.mjs?v=52c0a703:47
[     476ms] [WARNING] %cssr:warn%c [intlify] Not found 'currency' key in 'cs' locale messages. 
      background: #f39c12;
      border-radius: 0.5em;
      color: white;
      font-weight: bold;
      padding: 2px 0.5em;
      
  at warn (/Users/andrejkoval/Dev/vivadzen/src/front/node_modules/@intlify/shared/dist/shared.mjs)
  at handleMissing (/Users/andrejkoval/Dev/vivadzen/src/front/node_modules/@intlify/core-base/dist/core-base.mjs)
  at number (/Users/andrejkoval/Dev/vivadzen/src/front/node_modules/@intlify/core-base/dist/core-base.mjs)
 @ http://localhost:3001/_nuxt/@fs/Users/andrejkoval/Dev/vivadzen/src/front/node_modules/consola/dist/browser.mjs?v=52c0a703:47
[     476ms] [WARNING] %cssr:warn%c [intlify] Fall back to number format 'currency' with root locale. 
      background: #f39c12;
      border-radius: 0.5em;
      color: white;
      font-weight: bold;
      padding: 2px 0.5em;
      
  at warn (/Users/andrejkoval/Dev/vivadzen/src/front/node_modules/@intlify/shared/dist/shared.mjs)
  at wrapWithDeps (/Users/andrejkoval/Dev/vivadzen/src/front/node_modules/vue-i18n/dist/vue-i18n.mjs)
  at Object.numberParts (/Users/andrejkoval/Dev/vivadzen/src/front/node_modules/vue-i18n/dist/vue-i18n.mjs)
 @ http://localhost:3001/_nuxt/@fs/Users/andrejkoval/Dev/vivadzen/src/front/node_modules/consola/dist/browser.mjs?v=52c0a703:47
[     476ms] [WARNING] %cssr:warn%c [intlify] Not found 'currency' key in 'cs' locale messages. 
      background: #f39c12;
      border-radius: 0.5em;
      color: white;
      font-weight: bold;
      padding: 2px 0.5em;
      
  at warn (/Users/andrejkoval/Dev/vivadzen/src/front/node_modules/@intlify/shared/dist/shared.mjs)
  at handleMissing (/Users/andrejkoval/Dev/vivadzen/src/front/node_modules/@intlify/core-base/dist/core-base.mjs)
  at number (/Users/andrejkoval/Dev/vivadzen/src/front/node_modules/@intlify/core-base/dist/core-base.mjs)
 @ http://localhost:3001/_nuxt/@fs/Users/andrejkoval/Dev/vivadzen/src/front/node_modules/consola/dist/browser.mjs?v=52c0a703:47
[     476ms] [WARNING] %cssr:warn%c [intlify] Fall back to number format 'currency' with root locale. 
      background: #f39c12;
      border-radius: 0.5em;
      color: white;
      font-weight: bold;
      padding: 2px 0.5em;
      
  at warn (/Users/andrejkoval/Dev/vivadzen/src/front/node_modules/@intlify/shared/dist/shared.mjs)
  at wrapWithDeps (/Users/andrejkoval/Dev/vivadzen/src/front/node_modules/vue-i18n/dist/vue-i18n.mjs)
  at Object.numberParts (/Users/andrejkoval/Dev/vivadzen/src/front/node_modules/vue-i18n/dist/vue-i18n.mjs)
 @ http://localhost:3001/_nuxt/@fs/Users/andrejkoval/Dev/vivadzen/src/front/node_modules/consola/dist/browser.mjs?v=52c0a703:47
[     476ms] [WARNING] %cssr:warn%c [intlify] Not found 'currency' key in 'cs' locale messages. 
      background: #f39c12;
      border-radius: 0.5em;
      color: white;
      font-weight: bold;
      padding: 2px 0.5em;
      
  at warn (/Users/andrejkoval/Dev/vivadzen/src/front/node_modules/@intlify/shared/dist/shared.mjs)
  at handleMissing (/Users/andrejkoval/Dev/vivadzen/src/front/node_modules/@intlify/core-base/dist/core-base.mjs)
  at number (/Users/andrejkoval/Dev/vivadzen/src/front/node_modules/@intlify/core-base/dist/core-base.mjs)
 @ http://localhost:3001/_nuxt/@fs/Users/andrejkoval/Dev/vivadzen/src/front/node_modules/consola/dist/browser.mjs?v=52c0a703:47
[     476ms] [WARNING] %cssr:warn%c [intlify] Fall back to number format 'currency' with root locale. 
      background: #f39c12;
      border-radius: 0.5em;
      color: white;
      font-weight: bold;
      padding: 2px 0.5em;
      
  at warn (/Users/andrejkoval/Dev/vivadzen/src/front/node_modules/@intlify/shared/dist/shared.mjs)
  at wrapWithDeps (/Users/andrejkoval/Dev/vivadzen/src/front/node_modules/vue-i18n/dist/vue-i18n.mjs)
  at Object.numberParts (/Users/andrejkoval/Dev/vivadzen/src/front/node_modules/vue-i18n/dist/vue-i18n.mjs)
 @ http://localhost:3001/_nuxt/@fs/Users/andrejkoval/Dev/vivadzen/src/front/node_modules/consola/dist/browser.mjs?v=52c0a703:47
[     476ms] [WARNING] %cssr:warn%c [intlify] Not found 'currency' key in 'cs' locale messages. 
      background: #f39c12;
      border-radius: 0.5em;
      color: white;
      font-weight: bold;
      padding: 2px 0.5em;
      
  at warn (/Users/andrejkoval/Dev/vivadzen/src/front/node_modules/@intlify/shared/dist/shared.mjs)
  at handleMissing (/Users/andrejkoval/Dev/vivadzen/src/front/node_modules/@intlify/core-base/dist/core-base.mjs)
  at number (/Users/andrejkoval/Dev/vivadzen/src/front/node_modules/@intlify/core-base/dist/core-base.mjs)
 @ http://localhost:3001/_nuxt/@fs/Users/andrejkoval/Dev/vivadzen/src/front/node_modules/consola/dist/browser.mjs?v=52c0a703:47
[     476ms] [WARNING] %cssr:warn%c [intlify] Fall back to number format 'currency' with root locale. 
      background: #f39c12;
      border-radius: 0.5em;
      color: white;
      font-weight: bold;
      padding: 2px 0.5em;
      
  at warn (/Users/andrejkoval/Dev/vivadzen/src/front/node_modules/@intlify/shared/dist/shared.mjs)
  at wrapWithDeps (/Users/andrejkoval/Dev/vivadzen/src/front/node_modules/vue-i18n/dist/vue-i18n.mjs)
  at Object.numberParts (/Users/andrejkoval/Dev/vivadzen/src/front/node_modules/vue-i18n/dist/vue-i18n.mjs)
 @ http://localhost:3001/_nuxt/@fs/Users/andrejkoval/Dev/vivadzen/src/front/node_modules/consola/dist/browser.mjs?v=52c0a703:47
[     476ms] [WARNING] %cssr:warn%c [intlify] Not found 'currency' key in 'cs' locale messages. 
      background: #f39c12;
      border-radius: 0.5em;
      color: white;
      font-weight: bold;
      padding: 2px 0.5em;
      
  at warn (/Users/andrejkoval/Dev/vivadzen/src/front/node_modules/@intlify/shared/dist/shared.mjs)
  at handleMissing (/Users/andrejkoval/Dev/vivadzen/src/front/node_modules/@intlify/core-base/dist/core-base.mjs)
  at number (/Users/andrejkoval/Dev/vivadzen/src/front/node_modules/@intlify/core-base/dist/core-base.mjs)
 @ http://localhost:3001/_nuxt/@fs/Users/andrejkoval/Dev/vivadzen/src/front/node_modules/consola/dist/browser.mjs?v=52c0a703:47
[     476ms] [WARNING] %cssr:warn%c [intlify] Fall back to number format 'currency' with root locale. 
      background: #f39c12;
      border-radius: 0.5em;
      color: white;
      font-weight: bold;
      padding: 2px 0.5em;
      
  at warn (/Users/andrejkoval/Dev/vivadzen/src/front/node_modules/@intlify/shared/dist/shared.mjs)
  at wrapWithDeps (/Users/andrejkoval/Dev/vivadzen/src/front/node_modules/vue-i18n/dist/vue-i18n.mjs)
  at Object.numberParts (/Users/andrejkoval/Dev/vivadzen/src/front/node_modules/vue-i18n/dist/vue-i18n.mjs)
 @ http://localhost:3001/_nuxt/@fs/Users/andrejkoval/Dev/vivadzen/src/front/node_modules/consola/dist/browser.mjs?v=52c0a703:47
[     476ms] [WARNING] %cssr:warn%c [intlify] Not found 'currency' key in 'cs' locale messages. 
      background: #f39c12;
      border-radius: 0.5em;
      color: white;
      font-weight: bold;
      padding: 2px 0.5em;
      
  at warn (/Users/andrejkoval/Dev/vivadzen/src/front/node_modules/@intlify/shared/dist/shared.mjs)
  at handleMissing (/Users/andrejkoval/Dev/vivadzen/src/front/node_modules/@intlify/core-base/dist/core-base.mjs)
  at number (/Users/andrejkoval/Dev/vivadzen/src/front/node_modules/@intlify/core-base/dist/core-base.mjs)
 @ http://localhost:3001/_nuxt/@fs/Users/andrejkoval/Dev/vivadzen/src/front/node_modules/consola/dist/browser.mjs?v=52c0a703:47
[     476ms] [WARNING] %cssr:warn%c [intlify] Fall back to number format 'currency' with root locale. 
      background: #f39c12;
      border-radius: 0.5em;
      color: white;
      font-weight: bold;
      padding: 2px 0.5em;
      
  at warn (/Users/andrejkoval/Dev/vivadzen/src/front/node_modules/@intlify/shared/dist/shared.mjs)
  at wrapWithDeps (/Users/andrejkoval/Dev/vivadzen/src/front/node_modules/vue-i18n/dist/vue-i18n.mjs)
  at Object.numberParts (/Users/andrejkoval/Dev/vivadzen/src/front/node_modules/vue-i18n/dist/vue-i18n.mjs)
 @ http://localhost:3001/_nuxt/@fs/Users/andrejkoval/Dev/vivadzen/src/front/node_modules/consola/dist/browser.mjs?v=52c0a703:47
[     476ms] [WARNING] %cssr:warn%c [intlify] Not found 'currency' key in 'cs' locale messages. 
      background: #f39c12;
      border-radius: 0.5em;
      color: white;
      font-weight: bold;
      padding: 2px 0.5em;
      
  at warn (/Users/andrejkoval/Dev/vivadzen/src/front/node_modules/@intlify/shared/dist/shared.mjs)
  at handleMissing (/Users/andrejkoval/Dev/vivadzen/src/front/node_modules/@intlify/core-base/dist/core-base.mjs)
  at number (/Users/andrejkoval/Dev/vivadzen/src/front/node_modules/@intlify/core-base/dist/core-base.mjs)
 @ http://localhost:3001/_nuxt/@fs/Users/andrejkoval/Dev/vivadzen/src/front/node_modules/consola/dist/browser.mjs?v=52c0a703:47
[     476ms] [WARNING] %cssr:warn%c [intlify] Fall back to number format 'currency' with root locale. 
      background: #f39c12;
      border-radius: 0.5em;
      color: white;
      font-weight: bold;
      padding: 2px 0.5em;
      
  at warn (/Users/andrejkoval/Dev/vivadzen/src/front/node_modules/@intlify/shared/dist/shared.mjs)
  at wrapWithDeps (/Users/andrejkoval/Dev/vivadzen/src/front/node_modules/vue-i18n/dist/vue-i18n.mjs)
  at Object.numberParts (/Users/andrejkoval/Dev/vivadzen/src/front/node_modules/vue-i18n/dist/vue-i18n.mjs)
 @ http://localhost:3001/_nuxt/@fs/Users/andrejkoval/Dev/vivadzen/src/front/node_modules/consola/dist/browser.mjs?v=52c0a703:47
[     476ms] [WARNING] %cssr:warn%c [intlify] Not found 'currency' key in 'cs' locale messages. 
      background: #f39c12;
      border-radius: 0.5em;
      color: white;
      font-weight: bold;
      padding: 2px 0.5em;
      
  at warn (/Users/andrejkoval/Dev/vivadzen/src/front/node_modules/@intlify/shared/dist/shared.mjs)
  at handleMissing (/Users/andrejkoval/Dev/vivadzen/src/front/node_modules/@intlify/core-base/dist/core-base.mjs)
  at number (/Users/andrejkoval/Dev/vivadzen/src/front/node_modules/@intlify/core-base/dist/core-base.mjs)
 @ http://localhost:3001/_nuxt/@fs/Users/andrejkoval/Dev/vivadzen/src/front/node_modules/consola/dist/browser.mjs?v=52c0a703:47
[     476ms] [WARNING] %cssr:warn%c [intlify] Fall back to number format 'currency' with root locale. 
      background: #f39c12;
      border-radius: 0.5em;
      color: white;
      font-weight: bold;
      padding: 2px 0.5em;
      
  at warn (/Users/andrejkoval/Dev/vivadzen/src/front/node_modules/@intlify/shared/dist/shared.mjs)
  at wrapWithDeps (/Users/andrejkoval/Dev/vivadzen/src/front/node_modules/vue-i18n/dist/vue-i18n.mjs)
  at Object.numberParts (/Users/andrejkoval/Dev/vivadzen/src/front/node_modules/vue-i18n/dist/vue-i18n.mjs)
 @ http://localhost:3001/_nuxt/@fs/Users/andrejkoval/Dev/vivadzen/src/front/node_modules/consola/dist/browser.mjs?v=52c0a703:47
[     476ms] [WARNING] %cssr:warn%c [intlify] Not found 'currency' key in 'cs' locale messages. 
      background: #f39c12;
      border-radius: 0.5em;
      color: white;
      font-weight: bold;
      padding: 2px 0.5em;
      
  at warn (/Users/andrejkoval/Dev/vivadzen/src/front/node_modules/@intlify/shared/dist/shared.mjs)
  at handleMissing (/Users/andrejkoval/Dev/vivadzen/src/front/node_modules/@intlify/core-base/dist/core-base.mjs)
  at number (/Users/andrejkoval/Dev/vivadzen/src/front/node_modules/@intlify/core-base/dist/core-base.mjs)
 @ http://localhost:3001/_nuxt/@fs/Users/andrejkoval/Dev/vivadzen/src/front/node_modules/consola/dist/browser.mjs?v=52c0a703:47
[     476ms] [WARNING] %cssr:warn%c [intlify] Fall back to number format 'currency' with root locale. 
      background: #f39c12;
      border-radius: 0.5em;
      color: white;
      font-weight: bold;
      padding: 2px 0.5em;
      
  at warn (/Users/andrejkoval/Dev/vivadzen/src/front/node_modules/@intlify/shared/dist/shared.mjs)
  at wrapWithDeps (/Users/andrejkoval/Dev/vivadzen/src/front/node_modules/vue-i18n/dist/vue-i18n.mjs)
  at Object.numberParts (/Users/andrejkoval/Dev/vivadzen/src/front/node_modules/vue-i18n/dist/vue-i18n.mjs)
 @ http://localhost:3001/_nuxt/@fs/Users/andrejkoval/Dev/vivadzen/src/front/node_modules/consola/dist/browser.mjs?v=52c0a703:47
[     476ms] [WARNING] %cssr:warn%c [intlify] Not found 'currency' key in 'cs' locale messages. 
      background: #f39c12;
      border-radius: 0.5em;
      color: white;
      font-weight: bold;
      padding: 2px 0.5em;
      
  at warn (/Users/andrejkoval/Dev/vivadzen/src/front/node_modules/@intlify/shared/dist/shared.mjs)
  at handleMissing (/Users/andrejkoval/Dev/vivadzen/src/front/node_modules/@intlify/core-base/dist/core-base.mjs)
  at number (/Users/andrejkoval/Dev/vivadzen/src/front/node_modules/@intlify/core-base/dist/core-base.mjs)
 @ http://localhost:3001/_nuxt/@fs/Users/andrejkoval/Dev/vivadzen/src/front/node_modules/consola/dist/browser.mjs?v=52c0a703:47
[     476ms] [WARNING] %cssr:warn%c [intlify] Fall back to number format 'currency' with root locale. 
      background: #f39c12;
      border-radius: 0.5em;
      color: white;
      font-weight: bold;
      padding: 2px 0.5em;
      
  at warn (/Users/andrejkoval/Dev/vivadzen/src/front/node_modules/@intlify/shared/dist/shared.mjs)
  at wrapWithDeps (/Users/andrejkoval/Dev/vivadzen/src/front/node_modules/vue-i18n/dist/vue-i18n.mjs)
  at Object.numberParts (/Users/andrejkoval/Dev/vivadzen/src/front/node_modules/vue-i18n/dist/vue-i18n.mjs)
 @ http://localhost:3001/_nuxt/@fs/Users/andrejkoval/Dev/vivadzen/src/front/node_modules/consola/dist/browser.mjs?v=52c0a703:47
[     476ms] [WARNING] %cssr:warn%c [intlify] Not found 'currency' key in 'cs' locale messages. 
      background: #f39c12;
      border-radius: 0.5em;
      color: white;
      font-weight: bold;
      padding: 2px 0.5em;
      
  at warn (/Users/andrejkoval/Dev/vivadzen/src/front/node_modules/@intlify/shared/dist/shared.mjs)
  at handleMissing (/Users/andrejkoval/Dev/vivadzen/src/front/node_modules/@intlify/core-base/dist/core-base.mjs)
  at number (/Users/andrejkoval/Dev/vivadzen/src/front/node_modules/@intlify/core-base/dist/core-base.mjs)
 @ http://localhost:3001/_nuxt/@fs/Users/andrejkoval/Dev/vivadzen/src/front/node_modules/consola/dist/browser.mjs?v=52c0a703:47
[     476ms] [WARNING] %cssr:warn%c [intlify] Fall back to number format 'currency' with root locale. 
      background: #f39c12;
      border-radius: 0.5em;
      color: white;
      font-weight: bold;
      padding: 2px 0.5em;
      
  at warn (/Users/andrejkoval/Dev/vivadzen/src/front/node_modules/@intlify/shared/dist/shared.mjs)
  at wrapWithDeps (/Users/andrejkoval/Dev/vivadzen/src/front/node_modules/vue-i18n/dist/vue-i18n.mjs)
  at Object.numberParts (/Users/andrejkoval/Dev/vivadzen/src/front/node_modules/vue-i18n/dist/vue-i18n.mjs)
 @ http://localhost:3001/_nuxt/@fs/Users/andrejkoval/Dev/vivadzen/src/front/node_modules/consola/dist/browser.mjs?v=52c0a703:47
[     476ms] [WARNING] %cssr:warn%c [intlify] Not found 'currency' key in 'cs' locale messages. 
      background: #f39c12;
      border-radius: 0.5em;
      color: white;
      font-weight: bold;
      padding: 2px 0.5em;
      
  at warn (/Users/andrejkoval/Dev/vivadzen/src/front/node_modules/@intlify/shared/dist/shared.mjs)
  at handleMissing (/Users/andrejkoval/Dev/vivadzen/src/front/node_modules/@intlify/core-base/dist/core-base.mjs)
  at number (/Users/andrejkoval/Dev/vivadzen/src/front/node_modules/@intlify/core-base/dist/core-base.mjs)
 @ http://localhost:3001/_nuxt/@fs/Users/andrejkoval/Dev/vivadzen/src/front/node_modules/consola/dist/browser.mjs?v=52c0a703:47
[     476ms] [WARNING] %cssr:warn%c [intlify] Fall back to number format 'currency' with root locale. 
      background: #f39c12;
      border-radius: 0.5em;
      color: white;
      font-weight: bold;
      padding: 2px 0.5em;
      
  at warn (/Users/andrejkoval/Dev/vivadzen/src/front/node_modules/@intlify/shared/dist/shared.mjs)
  at wrapWithDeps (/Users/andrejkoval/Dev/vivadzen/src/front/node_modules/vue-i18n/dist/vue-i18n.mjs)
  at Object.numberParts (/Users/andrejkoval/Dev/vivadzen/src/front/node_modules/vue-i18n/dist/vue-i18n.mjs)
 @ http://localhost:3001/_nuxt/@fs/Users/andrejkoval/Dev/vivadzen/src/front/node_modules/consola/dist/browser.mjs?v=52c0a703:47
[     476ms] [LOG] %cssr%c %s: %s 
      background: #7f8c8d;
      border-radius: 0.5em;
      color: white;
      font-weight: bold;
      padding: 2px 0.5em;
      [nuxt-app] app:rendered 0.122ms 
  at timeLogImpl (node:internal/console/constructor)
  at node:internal/console/constructor
  at timeLogImpl (node:internal/util/debuglog)
 @ http://localhost:3001/_nuxt/@fs/Users/andrejkoval/Dev/vivadzen/src/front/node_modules/consola/dist/browser.mjs?v=52c0a703:47
[     476ms] [WARNING] %cssr:warn%c [intlify] Not found 'title.czech-republic-kratom' key in 'cs' locale messages. 
      background: #f39c12;
      border-radius: 0.5em;
      color: white;
      font-weight: bold;
      padding: 2px 0.5em;
      
  at warn (/Users/andrejkoval/Dev/vivadzen/src/front/node_modules/@intlify/shared/dist/shared.mjs)
  at handleMissing (/Users/andrejkoval/Dev/vivadzen/src/front/node_modules/@intlify/core-base/dist/core-base.mjs)
  at resolveMessageFormat (/Users/andrejkoval/Dev/vivadzen/src/front/node_modules/@intlify/core-base/dist/core-base.mjs)
 @ http://localhost:3001/_nuxt/@fs/Users/andrejkoval/Dev/vivadzen/src/front/node_modules/consola/dist/browser.mjs?v=52c0a703:47
[     476ms] [WARNING] %cssr:warn%c [intlify] Fall back to translate 'title.czech-republic-kratom' with root locale. 
      background: #f39c12;
      border-radius: 0.5em;
      color: white;
      font-weight: bold;
      padding: 2px 0.5em;
      
  at warn (/Users/andrejkoval/Dev/vivadzen/src/front/node_modules/@intlify/shared/dist/shared.mjs)
  at wrapWithDeps (/Users/andrejkoval/Dev/vivadzen/src/front/node_modules/vue-i18n/dist/vue-i18n.mjs)
  at t (/Users/andrejkoval/Dev/vivadzen/src/front/node_modules/vue-i18n/dist/vue-i18n.mjs)
 @ http://localhost:3001/_nuxt/@fs/Users/andrejkoval/Dev/vivadzen/src/front/node_modules/consola/dist/browser.mjs?v=52c0a703:47
[     476ms] [LOG] %cssr%c %s: %s 
      background: #7f8c8d;
      border-radius: 0.5em;
      color: white;
      font-weight: bold;
      padding: 2px 0.5em;
      [nuxt-app] schema-org:meta 0.005ms 
  at timeLogImpl (node:internal/console/constructor)
  at node:internal/console/constructor
  at timeLogImpl (node:internal/util/debuglog)
 @ http://localhost:3001/_nuxt/@fs/Users/andrejkoval/Dev/vivadzen/src/front/node_modules/consola/dist/browser.mjs?v=52c0a703:47
[     476ms] [LOG] [nuxt-app] dev:ssr-logs: 2.127197265625 ms [Array(84)] @ http://localhost:3001/_nuxt/@fs/Users/andrejkoval/Dev/vivadzen/src/front/node_modules/hookable/dist/index.mjs?v=52c0a703:271
[     478ms] [LOG] [nuxt-app] page:loading:start: 0.033935546875 ms [] @ http://localhost:3001/_nuxt/@fs/Users/andrejkoval/Dev/vivadzen/src/front/node_modules/hookable/dist/index.mjs?v=52c0a703:271
[     489ms] [WARNING] Timer '[nuxt-app] i18n:beforeLocaleSwitch' already exists @ http://localhost:3001/_nuxt/@fs/Users/andrejkoval/Dev/vivadzen/src/front/node_modules/hookable/dist/index.mjs?v=52c0a703:261
[     489ms] [LOG] [nuxt-app] i18n:beforeLocaleSwitch: 15.89892578125 ms [Object] @ http://localhost:3001/_nuxt/@fs/Users/andrejkoval/Dev/vivadzen/src/front/node_modules/hookable/dist/index.mjs?v=52c0a703:271
[     489ms] [LOG] [nuxt-app] app:created: 11.7431640625 ms [Object] @ http://localhost:3001/_nuxt/@fs/Users/andrejkoval/Dev/vivadzen/src/front/node_modules/hookable/dist/index.mjs?v=52c0a703:271
[     489ms] [LOG] [nuxt-app] app:beforeMount: 0.016845703125 ms [Object] @ http://localhost:3001/_nuxt/@fs/Users/andrejkoval/Dev/vivadzen/src/front/node_modules/hookable/dist/index.mjs?v=52c0a703:271
[     490ms] [LOG] [nuxt-app] vue:setup: 0.048095703125 ms [] @ http://localhost:3001/_nuxt/@fs/Users/andrejkoval/Dev/vivadzen/src/front/node_modules/hookable/dist/index.mjs?v=52c0a703:271
[     490ms] [INFO] <Suspense> is an experimental feature and its API will likely change. @ http://localhost:3001/_nuxt/@fs/Users/andrejkoval/Dev/vivadzen/src/front/node_modules/@vue/runtime-core/dist/runtime-core.esm-bundler.js?v=52c0a703:7155
[     490ms] [LOG] [nuxt-app] app:mounted: 0.046142578125 ms [Object] @ http://localhost:3001/_nuxt/@fs/Users/andrejkoval/Dev/vivadzen/src/front/node_modules/hookable/dist/index.mjs?v=52c0a703:271
[     496ms] [LOG] [Content] WS connect to ws://localhost:4000/ws @ http://localhost:3001/_nuxt/@fs/Users/andrejkoval/Dev/vivadzen/src/front/node_modules/@nuxt/content/dist/runtime/composables/web-socket.js?v=52c0a703:4
[     523ms] [WARNING] [intlify] Not found 'title.czech-republic-kratom' key in 'cs' locale messages. @ http://localhost:3001/_nuxt/node_modules/.cache/vite/client/deps/chunk-LY4OWT6B.js?v=52c0a703:3
[     523ms] [WARNING] [intlify] Fall back to translate 'title.czech-republic-kratom' with root locale. @ http://localhost:3001/_nuxt/node_modules/.cache/vite/client/deps/chunk-LY4OWT6B.js?v=52c0a703:3
[     523ms] [WARNING] [intlify] Not found 'title.catalog' key in 'cs' locale messages. @ http://localhost:3001/_nuxt/node_modules/.cache/vite/client/deps/chunk-LY4OWT6B.js?v=52c0a703:3
[     524ms] [WARNING] [intlify] Fall back to translate 'title.catalog' with root locale. @ http://localhost:3001/_nuxt/node_modules/.cache/vite/client/deps/chunk-LY4OWT6B.js?v=52c0a703:3
[     524ms] [WARNING] [intlify] Not found 'title.delivery' key in 'cs' locale messages. @ http://localhost:3001/_nuxt/node_modules/.cache/vite/client/deps/chunk-LY4OWT6B.js?v=52c0a703:3
[     524ms] [WARNING] [intlify] Fall back to translate 'title.delivery' with root locale. @ http://localhost:3001/_nuxt/node_modules/.cache/vite/client/deps/chunk-LY4OWT6B.js?v=52c0a703:3
[     524ms] [WARNING] [intlify] Not found 'title.payment' key in 'cs' locale messages. @ http://localhost:3001/_nuxt/node_modules/.cache/vite/client/deps/chunk-LY4OWT6B.js?v=52c0a703:3
[     524ms] [WARNING] [intlify] Fall back to translate 'title.payment' with root locale. @ http://localhost:3001/_nuxt/node_modules/.cache/vite/client/deps/chunk-LY4OWT6B.js?v=52c0a703:3
[     524ms] [WARNING] [intlify] Not found 'title.age_verification' key in 'cs' locale messages. @ http://localhost:3001/_nuxt/node_modules/.cache/vite/client/deps/chunk-LY4OWT6B.js?v=52c0a703:3
[     524ms] [WARNING] [intlify] Fall back to translate 'title.age_verification' with root locale. @ http://localhost:3001/_nuxt/node_modules/.cache/vite/client/deps/chunk-LY4OWT6B.js?v=52c0a703:3
[     525ms] [WARNING] [intlify] Not found 'title.reviews' key in 'cs' locale messages. @ http://localhost:3001/_nuxt/node_modules/.cache/vite/client/deps/chunk-LY4OWT6B.js?v=52c0a703:3
[     525ms] [WARNING] [intlify] Fall back to translate 'title.reviews' with root locale. @ http://localhost:3001/_nuxt/node_modules/.cache/vite/client/deps/chunk-LY4OWT6B.js?v=52c0a703:3
[     525ms] [WARNING] [intlify] Not found 'title.about' key in 'cs' locale messages. @ http://localhost:3001/_nuxt/node_modules/.cache/vite/client/deps/chunk-LY4OWT6B.js?v=52c0a703:3
[     525ms] [WARNING] [intlify] Fall back to translate 'title.about' with root locale. @ http://localhost:3001/_nuxt/node_modules/.cache/vite/client/deps/chunk-LY4OWT6B.js?v=52c0a703:3
[     525ms] [WARNING] [intlify] Not found 'title.contacts' key in 'cs' locale messages. @ http://localhost:3001/_nuxt/node_modules/.cache/vite/client/deps/chunk-LY4OWT6B.js?v=52c0a703:3
[     525ms] [WARNING] [intlify] Fall back to translate 'title.contacts' with root locale. @ http://localhost:3001/_nuxt/node_modules/.cache/vite/client/deps/chunk-LY4OWT6B.js?v=52c0a703:3
[     526ms] [WARNING] [intlify] Not found 'button.login' key in 'cs' locale messages. @ http://localhost:3001/_nuxt/node_modules/.cache/vite/client/deps/chunk-LY4OWT6B.js?v=52c0a703:3
[     526ms] [WARNING] [intlify] Fall back to translate 'button.login' with root locale. @ http://localhost:3001/_nuxt/node_modules/.cache/vite/client/deps/chunk-LY4OWT6B.js?v=52c0a703:3
[     526ms] [WARNING] [intlify] Not found 'button.login' key in 'cs' locale messages. @ http://localhost:3001/_nuxt/node_modules/.cache/vite/client/deps/chunk-LY4OWT6B.js?v=52c0a703:3
[     526ms] [WARNING] [intlify] Not found 'title.cart' key in 'cs' locale messages. @ http://localhost:3001/_nuxt/node_modules/.cache/vite/client/deps/chunk-LY4OWT6B.js?v=52c0a703:3
[     526ms] [WARNING] [intlify] Fall back to translate 'title.cart' with root locale. @ http://localhost:3001/_nuxt/node_modules/.cache/vite/client/deps/chunk-LY4OWT6B.js?v=52c0a703:3
[     527ms] [WARNING] [intlify] Not found 'logo_alt' key in 'cs' locale messages. @ http://localhost:3001/_nuxt/node_modules/.cache/vite/client/deps/chunk-LY4OWT6B.js?v=52c0a703:3
[     527ms] [WARNING] [intlify] Fall back to translate 'logo_alt' with root locale. @ http://localhost:3001/_nuxt/node_modules/.cache/vite/client/deps/chunk-LY4OWT6B.js?v=52c0a703:3
[     528ms] [WARNING] [intlify] Not found 'logo_alt' key in 'cs' locale messages. @ http://localhost:3001/_nuxt/node_modules/.cache/vite/client/deps/chunk-LY4OWT6B.js?v=52c0a703:3
[     528ms] [WARNING] [Vue warn]: Hydration style mismatch on JSHandle@node 
  - rendered on server: style="width:1em;height:1em;--c613ce94-iconUrl:url('https://api.iconify.design/iconoir/nav-arrow-down.svg');"
  - expected on client: style="width:1em;height:1em;"
  Note: this mismatch is check-only. The DOM will not be rectified in production due to performance overhead.
  You should fix the source of the mismatch. 
  at <IconCSS key=0 name="iconoir:nav-arrow-down" class="hero-header__nav-link-icon" > 
  at <RouterLink ref=fn to="/catalog" activeClass=undefined  ... > 
  at <NuxtLink to="/catalog" class="hero-header__nav-link hero-header__nav-link--catalog" onClick=fn > 
  at <Header> 
  at <Index onVnodeUnmounted=fn<onVnodeUnmounted> ref=Ref< undefined > > 
  at <RouteProvider key="/" vnode= {__v_isVNode: true, __v_skip: true, type: Object, props: Object, key: null} route= {fullPath: /, hash: , query: Object, name: index___cs, path: /}  ... > 
  at <RouterView name=undefined route=undefined > 
  at <NuxtPage> 
  at <Body> 
  at <Html lang="cs-CZ" dir="ltr" > 
  at <Landing ref=Ref< undefined > > 
  at <AsyncComponentWrapper ref=Ref< undefined > > 
  at <LayoutLoader key="landing" layoutProps= {ref: RefImpl} name="landing" > 
  at <NuxtLayoutProvider layoutProps= {ref: RefImpl} key="landing" name="landing"  ... > 
  at <NuxtLayout> 
  at <App key=4 > 
  at <NuxtRoot> @ http://localhost:3001/_nuxt/@fs/Users/andrejkoval/Dev/vivadzen/src/front/node_modules/@vue/runtime-core/dist/runtime-core.esm-bundler.js?v=52c0a703:49
[     529ms] [ERROR] Hydration completed but contains mismatches. @ http://localhost:3001/_nuxt/@fs/Users/andrejkoval/Dev/vivadzen/src/front/node_modules/@vue/runtime-core/dist/runtime-core.esm-bundler.js?v=52c0a703:1847
[     529ms] [WARNING] [Vue warn]: Hydration style mismatch on JSHandle@node 
  - rendered on server: style="width:1em;height:1em;--c613ce94-iconUrl:url('https://api.iconify.design/ph/caret-right-bold.svg');"
  - expected on client: style="width:1em;height:1em;"
  Note: this mismatch is check-only. The DOM will not be rectified in production due to performance overhead.
  You should fix the source of the mismatch. 
  at <IconCSS name="ph:caret-right-bold" class="catalog-dropdown__icon" > 
  at <RouterLink ref=fn to="/catalog" activeClass=undefined  ... > 
  at <NuxtLink key="all" to="/catalog" class="catalog-dropdown__item"  ... > 
  at <CatalogDropdown key=0 enabled=false onNavigate=fn<closeCatalogDropdown> > 
  at <Header> 
  at <Index onVnodeUnmounted=fn<onVnodeUnmounted> ref=Ref< undefined > > 
  at <RouteProvider key="/" vnode= {__v_isVNode: true, __v_skip: true, type: Object, props: Object, key: null} route= {fullPath: /, hash: , query: Object, name: index___cs, path: /}  ... > 
  at <RouterView name=undefined route=undefined > 
  at <NuxtPage> 
  at <Body> 
  at <Html lang="cs-CZ" dir="ltr" > 
  at <Landing ref=Ref< undefined > > 
  at <AsyncComponentWrapper ref=Ref< undefined > > 
  at <LayoutLoader key="landing" layoutProps= {ref: RefImpl} name="landing" > 
  at <NuxtLayoutProvider layoutProps= {ref: RefImpl} key="landing" name="landing"  ... > 
  at <NuxtLayout> 
  at <App key=4 > 
  at <NuxtRoot> @ http://localhost:3001/_nuxt/@fs/Users/andrejkoval/Dev/vivadzen/src/front/node_modules/@vue/runtime-core/dist/runtime-core.esm-bundler.js?v=52c0a703:49
[     530ms] [WARNING] [Vue warn]: Hydration style mismatch on JSHandle@node 
  - rendered on server: style="width:1em;height:1em;--c613ce94-iconUrl:url('https://api.iconify.design/fluent/flash-24-regular.svg');"
  - expected on client: style="width:1em;height:1em;"
  Note: this mismatch is check-only. The DOM will not be rectified in production due to performance overhead.
  You should fix the source of the mismatch. 
  at <IconCSS name="fluent:flash-24-regular" class="hero-header__promo-cta-icon" > 
  at <Header> 
  at <Index onVnodeUnmounted=fn<onVnodeUnmounted> ref=Ref< undefined > > 
  at <RouteProvider key="/" vnode= {__v_isVNode: true, __v_skip: true, type: Object, props: Object, key: null} route= {fullPath: /, hash: , query: Object, name: index___cs, path: /}  ... > 
  at <RouterView name=undefined route=undefined > 
  at <NuxtPage> 
  at <Body> 
  at <Html lang="cs-CZ" dir="ltr" > 
  at <Landing ref=Ref< undefined > > 
  at <AsyncComponentWrapper ref=Ref< undefined > > 
  at <LayoutLoader key="landing" layoutProps= {ref: RefImpl} name="landing" > 
  at <NuxtLayoutProvider layoutProps= {ref: RefImpl} key="landing" name="landing"  ... > 
  at <NuxtLayout> 
  at <App key=4 > 
  at <NuxtRoot> @ http://localhost:3001/_nuxt/@fs/Users/andrejkoval/Dev/vivadzen/src/front/node_modules/@vue/runtime-core/dist/runtime-core.esm-bundler.js?v=52c0a703:49
[     530ms] [WARNING] [Vue warn]: Hydration style mismatch on JSHandle@node 
  - rendered on server: style="width:1em;height:1em;--c613ce94-iconUrl:url('https://api.iconify.design/iconoir/nav-arrow-down.svg');"
  - expected on client: style="width:1em;height:1em;"
  Note: this mismatch is check-only. The DOM will not be rectified in production due to performance overhead.
  You should fix the source of the mismatch. 
  at <IconCSS name="iconoir:nav-arrow-down" class="lang-switcher__chevron" > 
  at <Header> 
  at <Index onVnodeUnmounted=fn<onVnodeUnmounted> ref=Ref< undefined > > 
  at <RouteProvider key="/" vnode= {__v_isVNode: true, __v_skip: true, type: Object, props: Object, key: null} route= {fullPath: /, hash: , query: Object, name: index___cs, path: /}  ... > 
  at <RouterView name=undefined route=undefined > 
  at <NuxtPage> 
  at <Body> 
  at <Html lang="cs-CZ" dir="ltr" > 
  at <Landing ref=Ref< undefined > > 
  at <AsyncComponentWrapper ref=Ref< undefined > > 
  at <LayoutLoader key="landing" layoutProps= {ref: RefImpl} name="landing" > 
  at <NuxtLayoutProvider layoutProps= {ref: RefImpl} key="landing" name="landing"  ... > 
  at <NuxtLayout> 
  at <App key=4 > 
  at <NuxtRoot> @ http://localhost:3001/_nuxt/@fs/Users/andrejkoval/Dev/vivadzen/src/front/node_modules/@vue/runtime-core/dist/runtime-core.esm-bundler.js?v=52c0a703:49
[     531ms] [WARNING] [Vue warn]: Hydration style mismatch on JSHandle@node 
  - rendered on server: style="width:1em;height:1em;--c613ce94-iconUrl:url('https://api.iconify.design/ph/user-circle-fill.svg');"
  - expected on client: style="width:1em;height:1em;"
  Note: this mismatch is check-only. The DOM will not be rectified in production due to performance overhead.
  You should fix the source of the mismatch. 
  at <IconCSS key=1 name="ph:user-circle-fill" class="hero-header__account-icon" > 
  at <RouterLink ref=fn to="/auth/login" activeClass=undefined  ... > 
  at <NuxtLink to="/auth/login" class="hero-header__account" aria-label="button.login"  ... > 
  at <Header> 
  at <Index onVnodeUnmounted=fn<onVnodeUnmounted> ref=Ref< undefined > > 
  at <RouteProvider key="/" vnode= {__v_isVNode: true, __v_skip: true, type: Object, props: Object, key: null} route= {fullPath: /, hash: , query: Object, name: index___cs, path: /}  ... > 
  at <RouterView name=undefined route=undefined > 
  at <NuxtPage> 
  at <Body> 
  at <Html lang="cs-CZ" dir="ltr" > 
  at <Landing ref=Ref< undefined > > 
  at <AsyncComponentWrapper ref=Ref< undefined > > 
  at <LayoutLoader key="landing" layoutProps= {ref: RefImpl} name="landing" > 
  at <NuxtLayoutProvider layoutProps= {ref: RefImpl} key="landing" name="landing"  ... > 
  at <NuxtLayout> 
  at <App key=4 > 
  at <NuxtRoot> @ http://localhost:3001/_nuxt/@fs/Users/andrejkoval/Dev/vivadzen/src/front/node_modules/@vue/runtime-core/dist/runtime-core.esm-bundler.js?v=52c0a703:49
[     531ms] [WARNING] [Vue warn]: Hydration style mismatch on JSHandle@node 
  - rendered on server: style="width:1em;height:1em;--c613ce94-iconUrl:url('https://api.iconify.design/ci/shopping-cart-01.svg');"
  - expected on client: style="width:1em;height:1em;"
  Note: this mismatch is check-only. The DOM will not be rectified in production due to performance overhead.
  You should fix the source of the mismatch. 
  at <IconCSS name="ci:shopping-cart-01" class="hero-header__cart-icon" > 
  at <Header> 
  at <Index onVnodeUnmounted=fn<onVnodeUnmounted> ref=Ref< undefined > > 
  at <RouteProvider key="/" vnode= {__v_isVNode: true, __v_skip: true, type: Object, props: Object, key: null} route= {fullPath: /, hash: , query: Object, name: index___cs, path: /}  ... > 
  at <RouterView name=undefined route=undefined > 
  at <NuxtPage> 
  at <Body> 
  at <Html lang="cs-CZ" dir="ltr" > 
  at <Landing ref=Ref< undefined > > 
  at <AsyncComponentWrapper ref=Ref< undefined > > 
  at <LayoutLoader key="landing" layoutProps= {ref: RefImpl} name="landing" > 
  at <NuxtLayoutProvider layoutProps= {ref: RefImpl} key="landing" name="landing"  ... > 
  at <NuxtLayout> 
  at <App key=4 > 
  at <NuxtRoot> @ http://localhost:3001/_nuxt/@fs/Users/andrejkoval/Dev/vivadzen/src/front/node_modules/@vue/runtime-core/dist/runtime-core.esm-bundler.js?v=52c0a703:49
[     532ms] [WARNING] [Vue warn]: Hydration style mismatch on JSHandle@node 
  - rendered on server: style="width:1em;height:1em;--c613ce94-iconUrl:url('https://api.iconify.design/mynaui/telephone-call.svg');"
  - expected on client: style="width:1em;height:1em;"
  Note: this mismatch is check-only. The DOM will not be rectified in production due to performance overhead.
  You should fix the source of the mismatch. 
  at <IconCSS name="mynaui:telephone-call" class="hero-mobile-menu__contact-icon" > 
  at <Header> 
  at <Index onVnodeUnmounted=fn<onVnodeUnmounted> ref=Ref< undefined > > 
  at <RouteProvider key="/" vnode= {__v_isVNode: true, __v_skip: true, type: Object, props: Object, key: null} route= {fullPath: /, hash: , query: Object, name: index___cs, path: /}  ... > 
  at <RouterView name=undefined route=undefined > 
  at <NuxtPage> 
  at <Body> 
  at <Html lang="cs-CZ" dir="ltr" > 
  at <Landing ref=Ref< undefined > > 
  at <AsyncComponentWrapper ref=Ref< undefined > > 
  at <LayoutLoader key="landing" layoutProps= {ref: RefImpl} name="landing" > 
  at <NuxtLayoutProvider layoutProps= {ref: RefImpl} key="landing" name="landing"  ... > 
  at <NuxtLayout> 
  at <App key=4 > 
  at <NuxtRoot> @ http://localhost:3001/_nuxt/@fs/Users/andrejkoval/Dev/vivadzen/src/front/node_modules/@vue/runtime-core/dist/runtime-core.esm-bundler.js?v=52c0a703:49
[     532ms] [WARNING] [Vue warn]: Hydration style mismatch on JSHandle@node 
  - rendered on server: style="width:1em;height:1em;--c613ce94-iconUrl:url('https://api.iconify.design/ic/round-alternate-email.svg');"
  - expected on client: style="width:1em;height:1em;"
  Note: this mismatch is check-only. The DOM will not be rectified in production due to performance overhead.
  You should fix the source of the mismatch. 
  at <IconCSS name="ic:round-alternate-email" class="hero-mobile-menu__contact-icon" > 
  at <Header> 
  at <Index onVnodeUnmounted=fn<onVnodeUnmounted> ref=Ref< undefined > > 
  at <RouteProvider key="/" vnode= {__v_isVNode: true, __v_skip: true, type: Object, props: Object, key: null} route= {fullPath: /, hash: , query: Object, name: index___cs, path: /}  ... > 
  at <RouterView name=undefined route=undefined > 
  at <NuxtPage> 
  at <Body> 
  at <Html lang="cs-CZ" dir="ltr" > 
  at <Landing ref=Ref< undefined > > 
  at <AsyncComponentWrapper ref=Ref< undefined > > 
  at <LayoutLoader key="landing" layoutProps= {ref: RefImpl} name="landing" > 
  at <NuxtLayoutProvider layoutProps= {ref: RefImpl} key="landing" name="landing"  ... > 
  at <NuxtLayout> 
  at <App key=4 > 
  at <NuxtRoot> @ http://localhost:3001/_nuxt/@fs/Users/andrejkoval/Dev/vivadzen/src/front/node_modules/@vue/runtime-core/dist/runtime-core.esm-bundler.js?v=52c0a703:49
[     532ms] [WARNING] [Vue warn]: Hydration style mismatch on JSHandle@node 
  - rendered on server: style="width:1em;height:1em;--c613ce94-iconUrl:url('https://api.iconify.design/mynaui/location.svg');"
  - expected on client: style="width:1em;height:1em;"
  Note: this mismatch is check-only. The DOM will not be rectified in production due to performance overhead.
  You should fix the source of the mismatch. 
  at <IconCSS name="mynaui:location" class="hero-mobile-menu__contact-icon" > 
  at <Header> 
  at <Index onVnodeUnmounted=fn<onVnodeUnmounted> ref=Ref< undefined > > 
  at <RouteProvider key="/" vnode= {__v_isVNode: true, __v_skip: true, type: Object, props: Object, key: null} route= {fullPath: /, hash: , query: Object, name: index___cs, path: /}  ... > 
  at <RouterView name=undefined route=undefined > 
  at <NuxtPage> 
  at <Body> 
  at <Html lang="cs-CZ" dir="ltr" > 
  at <Landing ref=Ref< undefined > > 
  at <AsyncComponentWrapper ref=Ref< undefined > > 
  at <LayoutLoader key="landing" layoutProps= {ref: RefImpl} name="landing" > 
  at <NuxtLayoutProvider layoutProps= {ref: RefImpl} key="landing" name="landing"  ... > 
  at <NuxtLayout> 
  at <App key=4 > 
  at <NuxtRoot> @ http://localhost:3001/_nuxt/@fs/Users/andrejkoval/Dev/vivadzen/src/front/node_modules/@vue/runtime-core/dist/runtime-core.esm-bundler.js?v=52c0a703:49
[     532ms] [WARNING] [Vue warn]: Hydration style mismatch on JSHandle@node 
  - rendered on server: style="width:1em;height:1em;--c613ce94-iconUrl:url('https://api.iconify.design/mynaui/clock-4.svg');"
  - expected on client: style="width:1em;height:1em;"
  Note: this mismatch is check-only. The DOM will not be rectified in production due to performance overhead.
  You should fix the source of the mismatch. 
  at <IconCSS name="mynaui:clock-4" class="hero-mobile-menu__contact-icon" > 
  at <Header> 
  at <Index onVnodeUnmounted=fn<onVnodeUnmounted> ref=Ref< undefined > > 
  at <RouteProvider key="/" vnode= {__v_isVNode: true, __v_skip: true, type: Object, props: Object, key: null} route= {fullPath: /, hash: , query: Object, name: index___cs, path: /}  ... > 
  at <RouterView name=undefined route=undefined > 
  at <NuxtPage> 
  at <Body> 
  at <Html lang="cs-CZ" dir="ltr" > 
  at <Landing ref=Ref< undefined > > 
  at <AsyncComponentWrapper ref=Ref< undefined > > 
  at <LayoutLoader key="landing" layoutProps= {ref: RefImpl} name="landing" > 
  at <NuxtLayoutProvider layoutProps= {ref: RefImpl} key="landing" name="landing"  ... > 
  at <NuxtLayout> 
  at <App key=4 > 
  at <NuxtRoot> @ http://localhost:3001/_nuxt/@fs/Users/andrejkoval/Dev/vivadzen/src/front/node_modules/@vue/runtime-core/dist/runtime-core.esm-bundler.js?v=52c0a703:49
[     533ms] [WARNING] [Vue warn]: Hydration style mismatch on JSHandle@node 
  - rendered on server: style="width:1em;height:1em;--c613ce94-iconUrl:url('https://api.iconify.design/fluent/flash-24-regular.svg');"
  - expected on client: style="width:1em;height:1em;"
  Note: this mismatch is check-only. The DOM will not be rectified in production due to performance overhead.
  You should fix the source of the mismatch. 
  at <IconCSS name="fluent:flash-24-regular" class="icon" > 
  at <Header> 
  at <Index onVnodeUnmounted=fn<onVnodeUnmounted> ref=Ref< undefined > > 
  at <RouteProvider key="/" vnode= {__v_isVNode: true, __v_skip: true, type: Object, props: Object, key: null} route= {fullPath: /, hash: , query: Object, name: index___cs, path: /}  ... > 
  at <RouterView name=undefined route=undefined > 
  at <NuxtPage> 
  at <Body> 
  at <Html lang="cs-CZ" dir="ltr" > 
  at <Landing ref=Ref< undefined > > 
  at <AsyncComponentWrapper ref=Ref< undefined > > 
  at <LayoutLoader key="landing" layoutProps= {ref: RefImpl} name="landing" > 
  at <NuxtLayoutProvider layoutProps= {ref: RefImpl} key="landing" name="landing"  ... > 
  at <NuxtLayout> 
  at <App key=4 > 
  at <NuxtRoot> @ http://localhost:3001/_nuxt/@fs/Users/andrejkoval/Dev/vivadzen/src/front/node_modules/@vue/runtime-core/dist/runtime-core.esm-bundler.js?v=52c0a703:49
[     534ms] [WARNING] [Vue warn]: Hydration style mismatch on JSHandle@node 
  - rendered on server: style="width:1em;height:1em;--c613ce94-iconUrl:url('https://api.iconify.design/iconamoon/mouse-thin.svg');"
  - expected on client: style="width:1em;height:1em;"
  Note: this mismatch is check-only. The DOM will not be rectified in production due to performance overhead.
  You should fix the source of the mismatch. 
  at <IconCSS name="iconamoon:mouse-thin" class="more__icon" > 
  at <Item2> 
  at <Banner> 
  at <Index onVnodeUnmounted=fn<onVnodeUnmounted> ref=Ref< undefined > > 
  at <RouteProvider key="/" vnode= {__v_isVNode: true, __v_skip: true, type: Object, props: Object, key: null} route= {fullPath: /, hash: , query: Object, name: index___cs, path: /}  ... > 
  at <RouterView name=undefined route=undefined > 
  at <NuxtPage> 
  at <Body> 
  at <Html lang="cs-CZ" dir="ltr" > 
  at <Landing ref=Ref< undefined > > 
  at <AsyncComponentWrapper ref=Ref< undefined > > 
  at <LayoutLoader key="landing" layoutProps= {ref: RefImpl} name="landing" > 
  at <NuxtLayoutProvider layoutProps= {ref: RefImpl} key="landing" name="landing"  ... > 
  at <NuxtLayout> 
  at <App key=4 > 
  at <NuxtRoot> @ http://localhost:3001/_nuxt/@fs/Users/andrejkoval/Dev/vivadzen/src/front/node_modules/@vue/runtime-core/dist/runtime-core.esm-bundler.js?v=52c0a703:49
[     535ms] [WARNING] [Vue warn]: Hydration style mismatch on JSHandle@node 
  - rendered on server: style="width:1em;height:1em;--c613ce94-iconUrl:url('https://api.iconify.design/ix/eye-magnifying-glass.svg');"
  - expected on client: style="width:1em;height:1em;"
  Note: this mismatch is check-only. The DOM will not be rectified in production due to performance overhead.
  You should fix the source of the mismatch. 
  at <IconCSS name="ix:eye-magnifying-glass" class="inline-icon" > 
  at <LegalMarket> 
  at <Index onVnodeUnmounted=fn<onVnodeUnmounted> ref=Ref< undefined > > 
  at <RouteProvider key="/" vnode= {__v_isVNode: true, __v_skip: true, type: Object, props: Object, key: null} route= {fullPath: /, hash: , query: Object, name: index___cs, path: /}  ... > 
  at <RouterView name=undefined route=undefined > 
  at <NuxtPage> 
  at <Body> 
  at <Html lang="cs-CZ" dir="ltr" > 
  at <Landing ref=Ref< undefined > > 
  at <AsyncComponentWrapper ref=Ref< undefined > > 
  at <LayoutLoader key="landing" layoutProps= {ref: RefImpl} name="landing" > 
  at <NuxtLayoutProvider layoutProps= {ref: RefImpl} key="landing" name="landing"  ... > 
  at <NuxtLayout> 
  at <App key=4 > 
  at <NuxtRoot> @ http://localhost:3001/_nuxt/@fs/Users/andrejkoval/Dev/vivadzen/src/front/node_modules/@vue/runtime-core/dist/runtime-core.esm-bundler.js?v=52c0a703:49
[     538ms] [WARNING] [Vue warn]: Hydration style mismatch on JSHandle@node 
  - rendered on server: style="width:1em;height:1em;--c613ce94-iconUrl:url('https://api.iconify.design/ph/lightbulb.svg');"
  - expected on client: style="width:1em;height:1em;"
  Note: this mismatch is check-only. The DOM will not be rectified in production due to performance overhead.
  You should fix the source of the mismatch. 
  at <IconCSS name="ph:lightbulb" class="kratom-benefit-card__icon" > 
  at <Kratom> 
  at <Index onVnodeUnmounted=fn<onVnodeUnmounted> ref=Ref< undefined > > 
  at <RouteProvider key="/" vnode= {__v_isVNode: true, __v_skip: true, type: Object, props: Object, key: null} route= {fullPath: /, hash: , query: Object, name: index___cs, path: /}  ... > 
  at <RouterView name=undefined route=undefined > 
  at <NuxtPage> 
  at <Body> 
  at <Html lang="cs-CZ" dir="ltr" > 
  at <Landing ref=Ref< undefined > > 
  at <AsyncComponentWrapper ref=Ref< undefined > > 
  at <LayoutLoader key="landing" layoutProps= {ref: RefImpl} name="landing" > 
  at <NuxtLayoutProvider layoutProps= {ref: RefImpl} key="landing" name="landing"  ... > 
  at <NuxtLayout> 
  at <App key=4 > 
  at <NuxtRoot> @ http://localhost:3001/_nuxt/@fs/Users/andrejkoval/Dev/vivadzen/src/front/node_modules/@vue/runtime-core/dist/runtime-core.esm-bundler.js?v=52c0a703:49
[     539ms] [WARNING] [Vue warn]: Hydration style mismatch on JSHandle@node 
  - rendered on server: style="width:1em;height:1em;--c613ce94-iconUrl:url('https://api.iconify.design/ph/lightning.svg');"
  - expected on client: style="width:1em;height:1em;"
  Note: this mismatch is check-only. The DOM will not be rectified in production due to performance overhead.
  You should fix the source of the mismatch. 
  at <IconCSS name="ph:lightning" class="kratom-benefit-card__icon" > 
  at <Kratom> 
  at <Index onVnodeUnmounted=fn<onVnodeUnmounted> ref=Ref< undefined > > 
  at <RouteProvider key="/" vnode= {__v_isVNode: true, __v_skip: true, type: Object, props: Object, key: null} route= {fullPath: /, hash: , query: Object, name: index___cs, path: /}  ... > 
  at <RouterView name=undefined route=undefined > 
  at <NuxtPage> 
  at <Body> 
  at <Html lang="cs-CZ" dir="ltr" > 
  at <Landing ref=Ref< undefined > > 
  at <AsyncComponentWrapper ref=Ref< undefined > > 
  at <LayoutLoader key="landing" layoutProps= {ref: RefImpl} name="landing" > 
  at <NuxtLayoutProvider layoutProps= {ref: RefImpl} key="landing" name="landing"  ... > 
  at <NuxtLayout> 
  at <App key=4 > 
  at <NuxtRoot> @ http://localhost:3001/_nuxt/@fs/Users/andrejkoval/Dev/vivadzen/src/front/node_modules/@vue/runtime-core/dist/runtime-core.esm-bundler.js?v=52c0a703:49
[     539ms] [WARNING] [Vue warn]: Hydration style mismatch on JSHandle@node 
  - rendered on server: style="width:1em;height:1em;--c613ce94-iconUrl:url('https://api.iconify.design/ph/heart.svg');"
  - expected on client: style="width:1em;height:1em;"
  Note: this mismatch is check-only. The DOM will not be rectified in production due to performance overhead.
  You should fix the source of the mismatch. 
  at <IconCSS name="ph:heart" class="kratom-benefit-card__icon" > 
  at <Kratom> 
  at <Index onVnodeUnmounted=fn<onVnodeUnmounted> ref=Ref< undefined > > 
  at <RouteProvider key="/" vnode= {__v_isVNode: true, __v_skip: true, type: Object, props: Object, key: null} route= {fullPath: /, hash: , query: Object, name: index___cs, path: /}  ... > 
  at <RouterView name=undefined route=undefined > 
  at <NuxtPage> 
  at <Body> 
  at <Html lang="cs-CZ" dir="ltr" > 
  at <Landing ref=Ref< undefined > > 
  at <AsyncComponentWrapper ref=Ref< undefined > > 
  at <LayoutLoader key="landing" layoutProps= {ref: RefImpl} name="landing" > 
  at <NuxtLayoutProvider layoutProps= {ref: RefImpl} key="landing" name="landing"  ... > 
  at <NuxtLayout> 
  at <App key=4 > 
  at <NuxtRoot> @ http://localhost:3001/_nuxt/@fs/Users/andrejkoval/Dev/vivadzen/src/front/node_modules/@vue/runtime-core/dist/runtime-core.esm-bundler.js?v=52c0a703:49
[     539ms] [WARNING] [Vue warn]: Hydration style mismatch on JSHandle@node 
  - rendered on server: style="width:1em;height:1em;--c613ce94-iconUrl:url('https://api.iconify.design/ph/shield-check.svg');"
  - expected on client: style="width:1em;height:1em;"
  Note: this mismatch is check-only. The DOM will not be rectified in production due to performance overhead.
  You should fix the source of the mismatch. 
  at <IconCSS name="ph:shield-check" class="kratom-benefit-card__icon" > 
  at <Kratom> 
  at <Index onVnodeUnmounted=fn<onVnodeUnmounted> ref=Ref< undefined > > 
  at <RouteProvider key="/" vnode= {__v_isVNode: true, __v_skip: true, type: Object, props: Object, key: null} route= {fullPath: /, hash: , query: Object, name: index___cs, path: /}  ... > 
  at <RouterView name=undefined route=undefined > 
  at <NuxtPage> 
  at <Body> 
  at <Html lang="cs-CZ" dir="ltr" > 
  at <Landing ref=Ref< undefined > > 
  at <AsyncComponentWrapper ref=Ref< undefined > > 
  at <LayoutLoader key="landing" layoutProps= {ref: RefImpl} name="landing" > 
  at <NuxtLayoutProvider layoutProps= {ref: RefImpl} key="landing" name="landing"  ... > 
  at <NuxtLayout> 
  at <App key=4 > 
  at <NuxtRoot> @ http://localhost:3001/_nuxt/@fs/Users/andrejkoval/Dev/vivadzen/src/front/node_modules/@vue/runtime-core/dist/runtime-core.esm-bundler.js?v=52c0a703:49
[     539ms] [WARNING] [Vue warn]: Hydration style mismatch on JSHandle@node 
  - rendered on server: style="width:1em;height:1em;--c613ce94-iconUrl:url('https://api.iconify.design/ph/sparkle.svg');"
  - expected on client: style="width:1em;height:1em;"
  Note: this mismatch is check-only. The DOM will not be rectified in production due to performance overhead.
  You should fix the source of the mismatch. 
  at <IconCSS name="ph:sparkle" class="kratom-benefit-card__icon" > 
  at <Kratom> 
  at <Index onVnodeUnmounted=fn<onVnodeUnmounted> ref=Ref< undefined > > 
  at <RouteProvider key="/" vnode= {__v_isVNode: true, __v_skip: true, type: Object, props: Object, key: null} route= {fullPath: /, hash: , query: Object, name: index___cs, path: /}  ... > 
  at <RouterView name=undefined route=undefined > 
  at <NuxtPage> 
  at <Body> 
  at <Html lang="cs-CZ" dir="ltr" > 
  at <Landing ref=Ref< undefined > > 
  at <AsyncComponentWrapper ref=Ref< undefined > > 
  at <LayoutLoader key="landing" layoutProps= {ref: RefImpl} name="landing" > 
  at <NuxtLayoutProvider layoutProps= {ref: RefImpl} key="landing" name="landing"  ... > 
  at <NuxtLayout> 
  at <App key=4 > 
  at <NuxtRoot> @ http://localhost:3001/_nuxt/@fs/Users/andrejkoval/Dev/vivadzen/src/front/node_modules/@vue/runtime-core/dist/runtime-core.esm-bundler.js?v=52c0a703:49
[     542ms] [WARNING] [Vue warn]: Hydration style mismatch on JSHandle@node 
  - rendered on server: style="width:1em;height:1em;color:#f4e6b8;--c613ce94-iconUrl:url('https://api.iconify.design/ph/lightning.svg');"
  - expected on client: style="width:1em;height:1em;color:#f4e6b8;"
  Note: this mismatch is check-only. The DOM will not be rectified in production due to performance overhead.
  You should fix the source of the mismatch. 
  at <IconCSS name="ph:lightning" class="effect-item__icon" style= {color: #f4e6b8} > 
  at <KratomVariety> 
  at <Index onVnodeUnmounted=fn<onVnodeUnmounted> ref=Ref< undefined > > 
  at <RouteProvider key="/" vnode= {__v_isVNode: true, __v_skip: true, type: Object, props: Object, key: null} route= {fullPath: /, hash: , query: Object, name: index___cs, path: /}  ... > 
  at <RouterView name=undefined route=undefined > 
  at <NuxtPage> 
  at <Body> 
  at <Html lang="cs-CZ" dir="ltr" > 
  at <Landing ref=Ref< undefined > > 
  at <AsyncComponentWrapper ref=Ref< undefined > > 
  at <LayoutLoader key="landing" layoutProps= {ref: RefImpl} name="landing" > 
  at <NuxtLayoutProvider layoutProps= {ref: RefImpl} key="landing" name="landing"  ... > 
  at <NuxtLayout> 
  at <App key=4 > 
  at <NuxtRoot> @ http://localhost:3001/_nuxt/@fs/Users/andrejkoval/Dev/vivadzen/src/front/node_modules/@vue/runtime-core/dist/runtime-core.esm-bundler.js?v=52c0a703:49
[     542ms] [WARNING] [Vue warn]: Hydration style mismatch on JSHandle@node 
  - rendered on server: style="width:1em;height:1em;color:#f4e6b8;--c613ce94-iconUrl:url('https://api.iconify.design/ph/brain.svg');"
  - expected on client: style="width:1em;height:1em;color:#f4e6b8;"
  Note: this mismatch is check-only. The DOM will not be rectified in production due to performance overhead.
  You should fix the source of the mismatch. 
  at <IconCSS name="ph:brain" class="effect-item__icon" style= {color: #f4e6b8} > 
  at <KratomVariety> 
  at <Index onVnodeUnmounted=fn<onVnodeUnmounted> ref=Ref< undefined > > 
  at <RouteProvider key="/" vnode= {__v_isVNode: true, __v_skip: true, type: Object, props: Object, key: null} route= {fullPath: /, hash: , query: Object, name: index___cs, path: /}  ... > 
  at <RouterView name=undefined route=undefined > 
  at <NuxtPage> 
  at <Body> 
  at <Html lang="cs-CZ" dir="ltr" > 
  at <Landing ref=Ref< undefined > > 
  at <AsyncComponentWrapper ref=Ref< undefined > > 
  at <LayoutLoader key="landing" layoutProps= {ref: RefImpl} name="landing" > 
  at <NuxtLayoutProvider layoutProps= {ref: RefImpl} key="landing" name="landing"  ... > 
  at <NuxtLayout> 
  at <App key=4 > 
  at <NuxtRoot> @ http://localhost:3001/_nuxt/@fs/Users/andrejkoval/Dev/vivadzen/src/front/node_modules/@vue/runtime-core/dist/runtime-core.esm-bundler.js?v=52c0a703:49
[     542ms] [WARNING] [Vue warn]: Hydration style mismatch on JSHandle@node 
  - rendered on server: style="width:1em;height:1em;color:#f4e6b8;--c613ce94-iconUrl:url('https://api.iconify.design/ph/arrow-up.svg');"
  - expected on client: style="width:1em;height:1em;color:#f4e6b8;"
  Note: this mismatch is check-only. The DOM will not be rectified in production due to performance overhead.
  You should fix the source of the mismatch. 
  at <IconCSS name="ph:arrow-up" class="effect-item__icon" style= {color: #f4e6b8} > 
  at <KratomVariety> 
  at <Index onVnodeUnmounted=fn<onVnodeUnmounted> ref=Ref< undefined > > 
  at <RouteProvider key="/" vnode= {__v_isVNode: true, __v_skip: true, type: Object, props: Object, key: null} route= {fullPath: /, hash: , query: Object, name: index___cs, path: /}  ... > 
  at <RouterView name=undefined route=undefined > 
  at <NuxtPage> 
  at <Body> 
  at <Html lang="cs-CZ" dir="ltr" > 
  at <Landing ref=Ref< undefined > > 
  at <AsyncComponentWrapper ref=Ref< undefined > > 
  at <LayoutLoader key="landing" layoutProps= {ref: RefImpl} name="landing" > 
  at <NuxtLayoutProvider layoutProps= {ref: RefImpl} key="landing" name="landing"  ... > 
  at <NuxtLayout> 
  at <App key=4 > 
  at <NuxtRoot> @ http://localhost:3001/_nuxt/@fs/Users/andrejkoval/Dev/vivadzen/src/front/node_modules/@vue/runtime-core/dist/runtime-core.esm-bundler.js?v=52c0a703:49
[     543ms] [WARNING] [Vue warn]: Hydration style mismatch on JSHandle@node 
  - rendered on server: style="width:1em;height:1em;color:#f4e6b8;--c613ce94-iconUrl:url('https://api.iconify.design/ph/person-simple-run.svg');"
  - expected on client: style="width:1em;height:1em;color:#f4e6b8;"
  Note: this mismatch is check-only. The DOM will not be rectified in production due to performance overhead.
  You should fix the source of the mismatch. 
  at <IconCSS name="ph:person-simple-run" class="effect-item__icon" style= {color: #f4e6b8} > 
  at <KratomVariety> 
  at <Index onVnodeUnmounted=fn<onVnodeUnmounted> ref=Ref< undefined > > 
  at <RouteProvider key="/" vnode= {__v_isVNode: true, __v_skip: true, type: Object, props: Object, key: null} route= {fullPath: /, hash: , query: Object, name: index___cs, path: /}  ... > 
  at <RouterView name=undefined route=undefined > 
  at <NuxtPage> 
  at <Body> 
  at <Html lang="cs-CZ" dir="ltr" > 
  at <Landing ref=Ref< undefined > > 
  at <AsyncComponentWrapper ref=Ref< undefined > > 
  at <LayoutLoader key="landing" layoutProps= {ref: RefImpl} name="landing" > 
  at <NuxtLayoutProvider layoutProps= {ref: RefImpl} key="landing" name="landing"  ... > 
  at <NuxtLayout> 
  at <App key=4 > 
  at <NuxtRoot> @ http://localhost:3001/_nuxt/@fs/Users/andrejkoval/Dev/vivadzen/src/front/node_modules/@vue/runtime-core/dist/runtime-core.esm-bundler.js?v=52c0a703:49
[     543ms] [WARNING] [Vue warn]: Hydration style mismatch on JSHandle@node 
  - rendered on server: style="width:1em;height:1em;color:#73c56f;--c613ce94-iconUrl:url('https://api.iconify.design/ph/chats.svg');"
  - expected on client: style="width:1em;height:1em;color:#73c56f;"
  Note: this mismatch is check-only. The DOM will not be rectified in production due to performance overhead.
  You should fix the source of the mismatch. 
  at <IconCSS name="ph:chats" class="effect-item__icon" style= {color: #73c56f} > 
  at <KratomVariety> 
  at <Index onVnodeUnmounted=fn<onVnodeUnmounted> ref=Ref< undefined > > 
  at <RouteProvider key="/" vnode= {__v_isVNode: true, __v_skip: true, type: Object, props: Object, key: null} route= {fullPath: /, hash: , query: Object, name: index___cs, path: /}  ... > 
  at <RouterView name=undefined route=undefined > 
  at <NuxtPage> 
  at <Body> 
  at <Html lang="cs-CZ" dir="ltr" > 
  at <Landing ref=Ref< undefined > > 
  at <AsyncComponentWrapper ref=Ref< undefined > > 
  at <LayoutLoader key="landing" layoutProps= {ref: RefImpl} name="landing" > 
  at <NuxtLayoutProvider layoutProps= {ref: RefImpl} key="landing" name="landing"  ... > 
  at <NuxtLayout> 
  at <App key=4 > 
  at <NuxtRoot> @ http://localhost:3001/_nuxt/@fs/Users/andrejkoval/Dev/vivadzen/src/front/node_modules/@vue/runtime-core/dist/runtime-core.esm-bundler.js?v=52c0a703:49
[     543ms] [WARNING] [Vue warn]: Hydration style mismatch on JSHandle@node 
  - rendered on server: style="width:1em;height:1em;color:#73c56f;--c613ce94-iconUrl:url('https://api.iconify.design/ph/battery-medium.svg');"
  - expected on client: style="width:1em;height:1em;color:#73c56f;"
  Note: this mismatch is check-only. The DOM will not be rectified in production due to performance overhead.
  You should fix the source of the mismatch. 
  at <IconCSS name="ph:battery-medium" class="effect-item__icon" style= {color: #73c56f} > 
  at <KratomVariety> 
  at <Index onVnodeUnmounted=fn<onVnodeUnmounted> ref=Ref< undefined > > 
  at <RouteProvider key="/" vnode= {__v_isVNode: true, __v_skip: true, type: Object, props: Object, key: null} route= {fullPath: /, hash: , query: Object, name: index___cs, path: /}  ... > 
  at <RouterView name=undefined route=undefined > 
  at <NuxtPage> 
  at <Body> 
  at <Html lang="cs-CZ" dir="ltr" > 
  at <Landing ref=Ref< undefined > > 
  at <AsyncComponentWrapper ref=Ref< undefined > > 
  at <LayoutLoader key="landing" layoutProps= {ref: RefImpl} name="landing" > 
  at <NuxtLayoutProvider layoutProps= {ref: RefImpl} key="landing" name="landing"  ... > 
  at <NuxtLayout> 
  at <App key=4 > 
  at <NuxtRoot> @ http://localhost:3001/_nuxt/@fs/Users/andrejkoval/Dev/vivadzen/src/front/node_modules/@vue/runtime-core/dist/runtime-core.esm-bundler.js?v=52c0a703:49
[     543ms] [WARNING] [Vue warn]: Hydration style mismatch on JSHandle@node 
  - rendered on server: style="width:1em;height:1em;color:#73c56f;--c613ce94-iconUrl:url('https://api.iconify.design/ph/wind.svg');"
  - expected on client: style="width:1em;height:1em;color:#73c56f;"
  Note: this mismatch is check-only. The DOM will not be rectified in production due to performance overhead.
  You should fix the source of the mismatch. 
  at <IconCSS name="ph:wind" class="effect-item__icon" style= {color: #73c56f} > 
  at <KratomVariety> 
  at <Index onVnodeUnmounted=fn<onVnodeUnmounted> ref=Ref< undefined > > 
  at <RouteProvider key="/" vnode= {__v_isVNode: true, __v_skip: true, type: Object, props: Object, key: null} route= {fullPath: /, hash: , query: Object, name: index___cs, path: /}  ... > 
  at <RouterView name=undefined route=undefined > 
  at <NuxtPage> 
  at <Body> 
  at <Html lang="cs-CZ" dir="ltr" > 
  at <Landing ref=Ref< undefined > > 
  at <AsyncComponentWrapper ref=Ref< undefined > > 
  at <LayoutLoader key="landing" layoutProps= {ref: RefImpl} name="landing" > 
  at <NuxtLayoutProvider layoutProps= {ref: RefImpl} key="landing" name="landing"  ... > 
  at <NuxtLayout> 
  at <App key=4 > 
  at <NuxtRoot> @ http://localhost:3001/_nuxt/@fs/Users/andrejkoval/Dev/vivadzen/src/front/node_modules/@vue/runtime-core/dist/runtime-core.esm-bundler.js?v=52c0a703:49
[     544ms] [WARNING] [Vue warn]: Hydration style mismatch on JSHandle@node 
  - rendered on server: style="width:1em;height:1em;color:#73c56f;--c613ce94-iconUrl:url('https://api.iconify.design/ph/bandaids.svg');"
  - expected on client: style="width:1em;height:1em;color:#73c56f;"
  Note: this mismatch is check-only. The DOM will not be rectified in production due to performance overhead.
  You should fix the source of the mismatch. 
  at <IconCSS name="ph:bandaids" class="effect-item__icon" style= {color: #73c56f} > 
  at <KratomVariety> 
  at <Index onVnodeUnmounted=fn<onVnodeUnmounted> ref=Ref< undefined > > 
  at <RouteProvider key="/" vnode= {__v_isVNode: true, __v_skip: true, type: Object, props: Object, key: null} route= {fullPath: /, hash: , query: Object, name: index___cs, path: /}  ... > 
  at <RouterView name=undefined route=undefined > 
  at <NuxtPage> 
  at <Body> 
  at <Html lang="cs-CZ" dir="ltr" > 
  at <Landing ref=Ref< undefined > > 
  at <AsyncComponentWrapper ref=Ref< undefined > > 
  at <LayoutLoader key="landing" layoutProps= {ref: RefImpl} name="landing" > 
  at <NuxtLayoutProvider layoutProps= {ref: RefImpl} key="landing" name="landing"  ... > 
  at <NuxtLayout> 
  at <App key=4 > 
  at <NuxtRoot> @ http://localhost:3001/_nuxt/@fs/Users/andrejkoval/Dev/vivadzen/src/front/node_modules/@vue/runtime-core/dist/runtime-core.esm-bundler.js?v=52c0a703:49
[     544ms] [WARNING] [Vue warn]: Hydration style mismatch on JSHandle@node 
  - rendered on server: style="width:1em;height:1em;color:#d16d3e;--c613ce94-iconUrl:url('https://api.iconify.design/ph/first-aid-kit.svg');"
  - expected on client: style="width:1em;height:1em;color:#d16d3e;"
  Note: this mismatch is check-only. The DOM will not be rectified in production due to performance overhead.
  You should fix the source of the mismatch. 
  at <IconCSS name="ph:first-aid-kit" class="effect-item__icon" style= {color: #d16d3e} > 
  at <KratomVariety> 
  at <Index onVnodeUnmounted=fn<onVnodeUnmounted> ref=Ref< undefined > > 
  at <RouteProvider key="/" vnode= {__v_isVNode: true, __v_skip: true, type: Object, props: Object, key: null} route= {fullPath: /, hash: , query: Object, name: index___cs, path: /}  ... > 
  at <RouterView name=undefined route=undefined > 
  at <NuxtPage> 
  at <Body> 
  at <Html lang="cs-CZ" dir="ltr" > 
  at <Landing ref=Ref< undefined > > 
  at <AsyncComponentWrapper ref=Ref< undefined > > 
  at <LayoutLoader key="landing" layoutProps= {ref: RefImpl} name="landing" > 
  at <NuxtLayoutProvider layoutProps= {ref: RefImpl} key="landing" name="landing"  ... > 
  at <NuxtLayout> 
  at <App key=4 > 
  at <NuxtRoot> @ http://localhost:3001/_nuxt/@fs/Users/andrejkoval/Dev/vivadzen/src/front/node_modules/@vue/runtime-core/dist/runtime-core.esm-bundler.js?v=52c0a703:49
[     544ms] [WARNING] [Vue warn]: Hydration style mismatch on JSHandle@node 
  - rendered on server: style="width:1em;height:1em;color:#d16d3e;--c613ce94-iconUrl:url('https://api.iconify.design/ph/moon.svg');"
  - expected on client: style="width:1em;height:1em;color:#d16d3e;"
  Note: this mismatch is check-only. The DOM will not be rectified in production due to performance overhead.
  You should fix the source of the mismatch. 
  at <IconCSS name="ph:moon" class="effect-item__icon" style= {color: #d16d3e} > 
  at <KratomVariety> 
  at <Index onVnodeUnmounted=fn<onVnodeUnmounted> ref=Ref< undefined > > 
  at <RouteProvider key="/" vnode= {__v_isVNode: true, __v_skip: true, type: Object, props: Object, key: null} route= {fullPath: /, hash: , query: Object, name: index___cs, path: /}  ... > 
  at <RouterView name=undefined route=undefined > 
  at <NuxtPage> 
  at <Body> 
  at <Html lang="cs-CZ" dir="ltr" > 
  at <Landing ref=Ref< undefined > > 
  at <AsyncComponentWrapper ref=Ref< undefined > > 
  at <LayoutLoader key="landing" layoutProps= {ref: RefImpl} name="landing" > 
  at <NuxtLayoutProvider layoutProps= {ref: RefImpl} key="landing" name="landing"  ... > 
  at <NuxtLayout> 
  at <App key=4 > 
  at <NuxtRoot> @ http://localhost:3001/_nuxt/@fs/Users/andrejkoval/Dev/vivadzen/src/front/node_modules/@vue/runtime-core/dist/runtime-core.esm-bundler.js?v=52c0a703:49
[     545ms] [WARNING] [Vue warn]: Hydration style mismatch on JSHandle@node 
  - rendered on server: style="width:1em;height:1em;color:#d16d3e;--c613ce94-iconUrl:url('https://api.iconify.design/ph/person-simple-walk.svg');"
  - expected on client: style="width:1em;height:1em;color:#d16d3e;"
  Note: this mismatch is check-only. The DOM will not be rectified in production due to performance overhead.
  You should fix the source of the mismatch. 
  at <IconCSS name="ph:person-simple-walk" class="effect-item__icon" style= {color: #d16d3e} > 
  at <KratomVariety> 
  at <Index onVnodeUnmounted=fn<onVnodeUnmounted> ref=Ref< undefined > > 
  at <RouteProvider key="/" vnode= {__v_isVNode: true, __v_skip: true, type: Object, props: Object, key: null} route= {fullPath: /, hash: , query: Object, name: index___cs, path: /}  ... > 
  at <RouterView name=undefined route=undefined > 
  at <NuxtPage> 
  at <Body> 
  at <Html lang="cs-CZ" dir="ltr" > 
  at <Landing ref=Ref< undefined > > 
  at <AsyncComponentWrapper ref=Ref< undefined > > 
  at <LayoutLoader key="landing" layoutProps= {ref: RefImpl} name="landing" > 
  at <NuxtLayoutProvider layoutProps= {ref: RefImpl} key="landing" name="landing"  ... > 
  at <NuxtLayout> 
  at <App key=4 > 
  at <NuxtRoot> @ http://localhost:3001/_nuxt/@fs/Users/andrejkoval/Dev/vivadzen/src/front/node_modules/@vue/runtime-core/dist/runtime-core.esm-bundler.js?v=52c0a703:49
[     545ms] [WARNING] [Vue warn]: Hydration style mismatch on JSHandle@node 
  - rendered on server: style="width:1em;height:1em;color:#d16d3e;--c613ce94-iconUrl:url('https://api.iconify.design/ph/shield-check.svg');"
  - expected on client: style="width:1em;height:1em;color:#d16d3e;"
  Note: this mismatch is check-only. The DOM will not be rectified in production due to performance overhead.
  You should fix the source of the mismatch. 
  at <IconCSS name="ph:shield-check" class="effect-item__icon" style= {color: #d16d3e} > 
  at <KratomVariety> 
  at <Index onVnodeUnmounted=fn<onVnodeUnmounted> ref=Ref< undefined > > 
  at <RouteProvider key="/" vnode= {__v_isVNode: true, __v_skip: true, type: Object, props: Object, key: null} route= {fullPath: /, hash: , query: Object, name: index___cs, path: /}  ... > 
  at <RouterView name=undefined route=undefined > 
  at <NuxtPage> 
  at <Body> 
  at <Html lang="cs-CZ" dir="ltr" > 
  at <Landing ref=Ref< undefined > > 
  at <AsyncComponentWrapper ref=Ref< undefined > > 
  at <LayoutLoader key="landing" layoutProps= {ref: RefImpl} name="landing" > 
  at <NuxtLayoutProvider layoutProps= {ref: RefImpl} key="landing" name="landing"  ... > 
  at <NuxtLayout> 
  at <App key=4 > 
  at <NuxtRoot> @ http://localhost:3001/_nuxt/@fs/Users/andrejkoval/Dev/vivadzen/src/front/node_modules/@vue/runtime-core/dist/runtime-core.esm-bundler.js?v=52c0a703:49
[     545ms] [WARNING] [Vue warn]: Hydration style mismatch on JSHandle@node 
  - rendered on server: style="width:1em;height:1em;color:#dfc157;--c613ce94-iconUrl:url('https://api.iconify.design/ph/smiley.svg');"
  - expected on client: style="width:1em;height:1em;color:#dfc157;"
  Note: this mismatch is check-only. The DOM will not be rectified in production due to performance overhead.
  You should fix the source of the mismatch. 
  at <IconCSS name="ph:smiley" class="effect-item__icon" style= {color: #dfc157} > 
  at <KratomVariety> 
  at <Index onVnodeUnmounted=fn<onVnodeUnmounted> ref=Ref< undefined > > 
  at <RouteProvider key="/" vnode= {__v_isVNode: true, __v_skip: true, type: Object, props: Object, key: null} route= {fullPath: /, hash: , query: Object, name: index___cs, path: /}  ... > 
  at <RouterView name=undefined route=undefined > 
  at <NuxtPage> 
  at <Body> 
  at <Html lang="cs-CZ" dir="ltr" > 
  at <Landing ref=Ref< undefined > > 
  at <AsyncComponentWrapper ref=Ref< undefined > > 
  at <LayoutLoader key="landing" layoutProps= {ref: RefImpl} name="landing" > 
  at <NuxtLayoutProvider layoutProps= {ref: RefImpl} key="landing" name="landing"  ... > 
  at <NuxtLayout> 
  at <App key=4 > 
  at <NuxtRoot> @ http://localhost:3001/_nuxt/@fs/Users/andrejkoval/Dev/vivadzen/src/front/node_modules/@vue/runtime-core/dist/runtime-core.esm-bundler.js?v=52c0a703:49
[     545ms] [WARNING] [Vue warn]: Hydration style mismatch on JSHandle@node 
  - rendered on server: style="width:1em;height:1em;color:#dfc157;--c613ce94-iconUrl:url('https://api.iconify.design/ph/hand-heart.svg');"
  - expected on client: style="width:1em;height:1em;color:#dfc157;"
  Note: this mismatch is check-only. The DOM will not be rectified in production due to performance overhead.
  You should fix the source of the mismatch. 
  at <IconCSS name="ph:hand-heart" class="effect-item__icon" style= {color: #dfc157} > 
  at <KratomVariety> 
  at <Index onVnodeUnmounted=fn<onVnodeUnmounted> ref=Ref< undefined > > 
  at <RouteProvider key="/" vnode= {__v_isVNode: true, __v_skip: true, type: Object, props: Object, key: null} route= {fullPath: /, hash: , query: Object, name: index___cs, path: /}  ... > 
  at <RouterView name=undefined route=undefined > 
  at <NuxtPage> 
  at <Body> 
  at <Html lang="cs-CZ" dir="ltr" > 
  at <Landing ref=Ref< undefined > > 
  at <AsyncComponentWrapper ref=Ref< undefined > > 
  at <LayoutLoader key="landing" layoutProps= {ref: RefImpl} name="landing" > 
  at <NuxtLayoutProvider layoutProps= {ref: RefImpl} key="landing" name="landing"  ... > 
  at <NuxtLayout> 
  at <App key=4 > 
  at <NuxtRoot> @ http://localhost:3001/_nuxt/@fs/Users/andrejkoval/Dev/vivadzen/src/front/node_modules/@vue/runtime-core/dist/runtime-core.esm-bundler.js?v=52c0a703:49
[     546ms] [WARNING] [Vue warn]: Hydration style mismatch on JSHandle@node 
  - rendered on server: style="width:1em;height:1em;color:#dfc157;--c613ce94-iconUrl:url('https://api.iconify.design/ph/heart.svg');"
  - expected on client: style="width:1em;height:1em;color:#dfc157;"
  Note: this mismatch is check-only. The DOM will not be rectified in production due to performance overhead.
  You should fix the source of the mismatch. 
  at <IconCSS name="ph:heart" class="effect-item__icon" style= {color: #dfc157} > 
  at <KratomVariety> 
  at <Index onVnodeUnmounted=fn<onVnodeUnmounted> ref=Ref< undefined > > 
  at <RouteProvider key="/" vnode= {__v_isVNode: true, __v_skip: true, type: Object, props: Object, key: null} route= {fullPath: /, hash: , query: Object, name: index___cs, path: /}  ... > 
  at <RouterView name=undefined route=undefined > 
  at <NuxtPage> 
  at <Body> 
  at <Html lang="cs-CZ" dir="ltr" > 
  at <Landing ref=Ref< undefined > > 
  at <AsyncComponentWrapper ref=Ref< undefined > > 
  at <LayoutLoader key="landing" layoutProps= {ref: RefImpl} name="landing" > 
  at <NuxtLayoutProvider layoutProps= {ref: RefImpl} key="landing" name="landing"  ... > 
  at <NuxtLayout> 
  at <App key=4 > 
  at <NuxtRoot> @ http://localhost:3001/_nuxt/@fs/Users/andrejkoval/Dev/vivadzen/src/front/node_modules/@vue/runtime-core/dist/runtime-core.esm-bundler.js?v=52c0a703:49
[     546ms] [WARNING] [Vue warn]: Hydration style mismatch on JSHandle@node 
  - rendered on server: style="width:1em;height:1em;color:#dfc157;--c613ce94-iconUrl:url('https://api.iconify.design/ph/leaf.svg');"
  - expected on client: style="width:1em;height:1em;color:#dfc157;"
  Note: this mismatch is check-only. The DOM will not be rectified in production due to performance overhead.
  You should fix the source of the mismatch. 
  at <IconCSS name="ph:leaf" class="effect-item__icon" style= {color: #dfc157} > 
  at <KratomVariety> 
  at <Index onVnodeUnmounted=fn<onVnodeUnmounted> ref=Ref< undefined > > 
  at <RouteProvider key="/" vnode= {__v_isVNode: true, __v_skip: true, type: Object, props: Object, key: null} route= {fullPath: /, hash: , query: Object, name: index___cs, path: /}  ... > 
  at <RouterView name=undefined route=undefined > 
  at <NuxtPage> 
  at <Body> 
  at <Html lang="cs-CZ" dir="ltr" > 
  at <Landing ref=Ref< undefined > > 
  at <AsyncComponentWrapper ref=Ref< undefined > > 
  at <LayoutLoader key="landing" layoutProps= {ref: RefImpl} name="landing" > 
  at <NuxtLayoutProvider layoutProps= {ref: RefImpl} key="landing" name="landing"  ... > 
  at <NuxtLayout> 
  at <App key=4 > 
  at <NuxtRoot> @ http://localhost:3001/_nuxt/@fs/Users/andrejkoval/Dev/vivadzen/src/front/node_modules/@vue/runtime-core/dist/runtime-core.esm-bundler.js?v=52c0a703:49
[     546ms] [WARNING] [Vue warn]: Hydration style mismatch on JSHandle@node 
  - rendered on server: style="width:1em;height:1em;color:#f4e6b8;--c613ce94-iconUrl:url('https://api.iconify.design/ph/lightning.svg');"
  - expected on client: style="width:1em;height:1em;color:#f4e6b8;"
  Note: this mismatch is check-only. The DOM will not be rectified in production due to performance overhead.
  You should fix the source of the mismatch. 
  at <IconCSS name="ph:lightning" class="effect-item__icon" style= {color: #f4e6b8} > 
  at <KratomVariety> 
  at <Index onVnodeUnmounted=fn<onVnodeUnmounted> ref=Ref< undefined > > 
  at <RouteProvider key="/" vnode= {__v_isVNode: true, __v_skip: true, type: Object, props: Object, key: null} route= {fullPath: /, hash: , query: Object, name: index___cs, path: /}  ... > 
  at <RouterView name=undefined route=undefined > 
  at <NuxtPage> 
  at <Body> 
  at <Html lang="cs-CZ" dir="ltr" > 
  at <Landing ref=Ref< undefined > > 
  at <AsyncComponentWrapper ref=Ref< undefined > > 
  at <LayoutLoader key="landing" layoutProps= {ref: RefImpl} name="landing" > 
  at <NuxtLayoutProvider layoutProps= {ref: RefImpl} key="landing" name="landing"  ... > 
  at <NuxtLayout> 
  at <App key=4 > 
  at <NuxtRoot> @ http://localhost:3001/_nuxt/@fs/Users/andrejkoval/Dev/vivadzen/src/front/node_modules/@vue/runtime-core/dist/runtime-core.esm-bundler.js?v=52c0a703:49
[     547ms] [WARNING] [Vue warn]: Hydration style mismatch on JSHandle@node 
  - rendered on server: style="width:1em;height:1em;color:#f4e6b8;--c613ce94-iconUrl:url('https://api.iconify.design/ph/brain.svg');"
  - expected on client: style="width:1em;height:1em;color:#f4e6b8;"
  Note: this mismatch is check-only. The DOM will not be rectified in production due to performance overhead.
  You should fix the source of the mismatch. 
  at <IconCSS name="ph:brain" class="effect-item__icon" style= {color: #f4e6b8} > 
  at <KratomVariety> 
  at <Index onVnodeUnmounted=fn<onVnodeUnmounted> ref=Ref< undefined > > 
  at <RouteProvider key="/" vnode= {__v_isVNode: true, __v_skip: true, type: Object, props: Object, key: null} route= {fullPath: /, hash: , query: Object, name: index___cs, path: /}  ... > 
  at <RouterView name=undefined route=undefined > 
  at <NuxtPage> 
  at <Body> 
  at <Html lang="cs-CZ" dir="ltr" > 
  at <Landing ref=Ref< undefined > > 
  at <AsyncComponentWrapper ref=Ref< undefined > > 
  at <LayoutLoader key="landing" layoutProps= {ref: RefImpl} name="landing" > 
  at <NuxtLayoutProvider layoutProps= {ref: RefImpl} key="landing" name="landing"  ... > 
  at <NuxtLayout> 
  at <App key=4 > 
  at <NuxtRoot> @ http://localhost:3001/_nuxt/@fs/Users/andrejkoval/Dev/vivadzen/src/front/node_modules/@vue/runtime-core/dist/runtime-core.esm-bundler.js?v=52c0a703:49
[     547ms] [WARNING] [Vue warn]: Hydration style mismatch on JSHandle@node 
  - rendered on server: style="width:1em;height:1em;color:#f4e6b8;--c613ce94-iconUrl:url('https://api.iconify.design/ph/arrow-up.svg');"
  - expected on client: style="width:1em;height:1em;color:#f4e6b8;"
  Note: this mismatch is check-only. The DOM will not be rectified in production due to performance overhead.
  You should fix the source of the mismatch. 
  at <IconCSS name="ph:arrow-up" class="effect-item__icon" style= {color: #f4e6b8} > 
  at <KratomVariety> 
  at <Index onVnodeUnmounted=fn<onVnodeUnmounted> ref=Ref< undefined > > 
  at <RouteProvider key="/" vnode= {__v_isVNode: true, __v_skip: true, type: Object, props: Object, key: null} route= {fullPath: /, hash: , query: Object, name: index___cs, path: /}  ... > 
  at <RouterView name=undefined route=undefined > 
  at <NuxtPage> 
  at <Body> 
  at <Html lang="cs-CZ" dir="ltr" > 
  at <Landing ref=Ref< undefined > > 
  at <AsyncComponentWrapper ref=Ref< undefined > > 
  at <LayoutLoader key="landing" layoutProps= {ref: RefImpl} name="landing" > 
  at <NuxtLayoutProvider layoutProps= {ref: RefImpl} key="landing" name="landing"  ... > 
  at <NuxtLayout> 
  at <App key=4 > 
  at <NuxtRoot> @ http://localhost:3001/_nuxt/@fs/Users/andrejkoval/Dev/vivadzen/src/front/node_modules/@vue/runtime-core/dist/runtime-core.esm-bundler.js?v=52c0a703:49
[     547ms] [WARNING] [Vue warn]: Hydration style mismatch on JSHandle@node 
  - rendered on server: style="width:1em;height:1em;color:#f4e6b8;--c613ce94-iconUrl:url('https://api.iconify.design/ph/person-simple-run.svg');"
  - expected on client: style="width:1em;height:1em;color:#f4e6b8;"
  Note: this mismatch is check-only. The DOM will not be rectified in production due to performance overhead.
  You should fix the source of the mismatch. 
  at <IconCSS name="ph:person-simple-run" class="effect-item__icon" style= {color: #f4e6b8} > 
  at <KratomVariety> 
  at <Index onVnodeUnmounted=fn<onVnodeUnmounted> ref=Ref< undefined > > 
  at <RouteProvider key="/" vnode= {__v_isVNode: true, __v_skip: true, type: Object, props: Object, key: null} route= {fullPath: /, hash: , query: Object, name: index___cs, path: /}  ... > 
  at <RouterView name=undefined route=undefined > 
  at <NuxtPage> 
  at <Body> 
  at <Html lang="cs-CZ" dir="ltr" > 
  at <Landing ref=Ref< undefined > > 
  at <AsyncComponentWrapper ref=Ref< undefined > > 
  at <LayoutLoader key="landing" layoutProps= {ref: RefImpl} name="landing" > 
  at <NuxtLayoutProvider layoutProps= {ref: RefImpl} key="landing" name="landing"  ... > 
  at <NuxtLayout> 
  at <App key=4 > 
  at <NuxtRoot> @ http://localhost:3001/_nuxt/@fs/Users/andrejkoval/Dev/vivadzen/src/front/node_modules/@vue/runtime-core/dist/runtime-core.esm-bundler.js?v=52c0a703:49
[     547ms] [WARNING] [Vue warn]: Hydration style mismatch on JSHandle@node 
  - rendered on server: style="width:1em;height:1em;color:#73c56f;--c613ce94-iconUrl:url('https://api.iconify.design/ph/chats.svg');"
  - expected on client: style="width:1em;height:1em;color:#73c56f;"
  Note: this mismatch is check-only. The DOM will not be rectified in production due to performance overhead.
  You should fix the source of the mismatch. 
  at <IconCSS name="ph:chats" class="effect-item__icon" style= {color: #73c56f} > 
  at <KratomVariety> 
  at <Index onVnodeUnmounted=fn<onVnodeUnmounted> ref=Ref< undefined > > 
  at <RouteProvider key="/" vnode= {__v_isVNode: true, __v_skip: true, type: Object, props: Object, key: null} route= {fullPath: /, hash: , query: Object, name: index___cs, path: /}  ... > 
  at <RouterView name=undefined route=undefined > 
  at <NuxtPage> 
  at <Body> 
  at <Html lang="cs-CZ" dir="ltr" > 
  at <Landing ref=Ref< undefined > > 
  at <AsyncComponentWrapper ref=Ref< undefined > > 
  at <LayoutLoader key="landing" layoutProps= {ref: RefImpl} name="landing" > 
  at <NuxtLayoutProvider layoutProps= {ref: RefImpl} key="landing" name="landing"  ... > 
  at <NuxtLayout> 
  at <App key=4 > 
  at <NuxtRoot> @ http://localhost:3001/_nuxt/@fs/Users/andrejkoval/Dev/vivadzen/src/front/node_modules/@vue/runtime-core/dist/runtime-core.esm-bundler.js?v=52c0a703:49
[     548ms] [WARNING] [Vue warn]: Hydration style mismatch on JSHandle@node 
  - rendered on server: style="width:1em;height:1em;color:#73c56f;--c613ce94-iconUrl:url('https://api.iconify.design/ph/battery-medium.svg');"
  - expected on client: style="width:1em;height:1em;color:#73c56f;"
  Note: this mismatch is check-only. The DOM will not be rectified in production due to performance overhead.
  You should fix the source of the mismatch. 
  at <IconCSS name="ph:battery-medium" class="effect-item__icon" style= {color: #73c56f} > 
  at <KratomVariety> 
  at <Index onVnodeUnmounted=fn<onVnodeUnmounted> ref=Ref< undefined > > 
  at <RouteProvider key="/" vnode= {__v_isVNode: true, __v_skip: true, type: Object, props: Object, key: null} route= {fullPath: /, hash: , query: Object, name: index___cs, path: /}  ... > 
  at <RouterView name=undefined route=undefined > 
  at <NuxtPage> 
  at <Body> 
  at <Html lang="cs-CZ" dir="ltr" > 
  at <Landing ref=Ref< undefined > > 
  at <AsyncComponentWrapper ref=Ref< undefined > > 
  at <LayoutLoader key="landing" layoutProps= {ref: RefImpl} name="landing" > 
  at <NuxtLayoutProvider layoutProps= {ref: RefImpl} key="landing" name="landing"  ... > 
  at <NuxtLayout> 
  at <App key=4 > 
  at <NuxtRoot> @ http://localhost:3001/_nuxt/@fs/Users/andrejkoval/Dev/vivadzen/src/front/node_modules/@vue/runtime-core/dist/runtime-core.esm-bundler.js?v=52c0a703:49
[     548ms] [WARNING] [Vue warn]: Hydration style mismatch on JSHandle@node 
  - rendered on server: style="width:1em;height:1em;color:#73c56f;--c613ce94-iconUrl:url('https://api.iconify.design/ph/wind.svg');"
  - expected on client: style="width:1em;height:1em;color:#73c56f;"
  Note: this mismatch is check-only. The DOM will not be rectified in production due to performance overhead.
  You should fix the source of the mismatch. 
  at <IconCSS name="ph:wind" class="effect-item__icon" style= {color: #73c56f} > 
  at <KratomVariety> 
  at <Index onVnodeUnmounted=fn<onVnodeUnmounted> ref=Ref< undefined > > 
  at <RouteProvider key="/" vnode= {__v_isVNode: true, __v_skip: true, type: Object, props: Object, key: null} route= {fullPath: /, hash: , query: Object, name: index___cs, path: /}  ... > 
  at <RouterView name=undefined route=undefined > 
  at <NuxtPage> 
  at <Body> 
  at <Html lang="cs-CZ" dir="ltr" > 
  at <Landing ref=Ref< undefined > > 
  at <AsyncComponentWrapper ref=Ref< undefined > > 
  at <LayoutLoader key="landing" layoutProps= {ref: RefImpl} name="landing" > 
  at <NuxtLayoutProvider layoutProps= {ref: RefImpl} key="landing" name="landing"  ... > 
  at <NuxtLayout> 
  at <App key=4 > 
  at <NuxtRoot> @ http://localhost:3001/_nuxt/@fs/Users/andrejkoval/Dev/vivadzen/src/front/node_modules/@vue/runtime-core/dist/runtime-core.esm-bundler.js?v=52c0a703:49
[     548ms] [WARNING] [Vue warn]: Hydration style mismatch on JSHandle@node 
  - rendered on server: style="width:1em;height:1em;color:#73c56f;--c613ce94-iconUrl:url('https://api.iconify.design/ph/bandaids.svg');"
  - expected on client: style="width:1em;height:1em;color:#73c56f;"
  Note: this mismatch is check-only. The DOM will not be rectified in production due to performance overhead.
  You should fix the source of the mismatch. 
  at <IconCSS name="ph:bandaids" class="effect-item__icon" style= {color: #73c56f} > 
  at <KratomVariety> 
  at <Index onVnodeUnmounted=fn<onVnodeUnmounted> ref=Ref< undefined > > 
  at <RouteProvider key="/" vnode= {__v_isVNode: true, __v_skip: true, type: Object, props: Object, key: null} route= {fullPath: /, hash: , query: Object, name: index___cs, path: /}  ... > 
  at <RouterView name=undefined route=undefined > 
  at <NuxtPage> 
  at <Body> 
  at <Html lang="cs-CZ" dir="ltr" > 
  at <Landing ref=Ref< undefined > > 
  at <AsyncComponentWrapper ref=Ref< undefined > > 
  at <LayoutLoader key="landing" layoutProps= {ref: RefImpl} name="landing" > 
  at <NuxtLayoutProvider layoutProps= {ref: RefImpl} key="landing" name="landing"  ... > 
  at <NuxtLayout> 
  at <App key=4 > 
  at <NuxtRoot> @ http://localhost:3001/_nuxt/@fs/Users/andrejkoval/Dev/vivadzen/src/front/node_modules/@vue/runtime-core/dist/runtime-core.esm-bundler.js?v=52c0a703:49
[     548ms] [WARNING] [Vue warn]: Hydration style mismatch on JSHandle@node 
  - rendered on server: style="width:1em;height:1em;color:#d16d3e;--c613ce94-iconUrl:url('https://api.iconify.design/ph/first-aid-kit.svg');"
  - expected on client: style="width:1em;height:1em;color:#d16d3e;"
  Note: this mismatch is check-only. The DOM will not be rectified in production due to performance overhead.
  You should fix the source of the mismatch. 
  at <IconCSS name="ph:first-aid-kit" class="effect-item__icon" style= {color: #d16d3e} > 
  at <KratomVariety> 
  at <Index onVnodeUnmounted=fn<onVnodeUnmounted> ref=Ref< undefined > > 
  at <RouteProvider key="/" vnode= {__v_isVNode: true, __v_skip: true, type: Object, props: Object, key: null} route= {fullPath: /, hash: , query: Object, name: index___cs, path: /}  ... > 
  at <RouterView name=undefined route=undefined > 
  at <NuxtPage> 
  at <Body> 
  at <Html lang="cs-CZ" dir="ltr" > 
  at <Landing ref=Ref< undefined > > 
  at <AsyncComponentWrapper ref=Ref< undefined > > 
  at <LayoutLoader key="landing" layoutProps= {ref: RefImpl} name="landing" > 
  at <NuxtLayoutProvider layoutProps= {ref: RefImpl} key="landing" name="landing"  ... > 
  at <NuxtLayout> 
  at <App key=4 > 
  at <NuxtRoot> @ http://localhost:3001/_nuxt/@fs/Users/andrejkoval/Dev/vivadzen/src/front/node_modules/@vue/runtime-core/dist/runtime-core.esm-bundler.js?v=52c0a703:49
[     549ms] [WARNING] [Vue warn]: Hydration style mismatch on JSHandle@node 
  - rendered on server: style="width:1em;height:1em;color:#d16d3e;--c613ce94-iconUrl:url('https://api.iconify.design/ph/moon.svg');"
  - expected on client: style="width:1em;height:1em;color:#d16d3e;"
  Note: this mismatch is check-only. The DOM will not be rectified in production due to performance overhead.
  You should fix the source of the mismatch. 
  at <IconCSS name="ph:moon" class="effect-item__icon" style= {color: #d16d3e} > 
  at <KratomVariety> 
  at <Index onVnodeUnmounted=fn<onVnodeUnmounted> ref=Ref< undefined > > 
  at <RouteProvider key="/" vnode= {__v_isVNode: true, __v_skip: true, type: Object, props: Object, key: null} route= {fullPath: /, hash: , query: Object, name: index___cs, path: /}  ... > 
  at <RouterView name=undefined route=undefined > 
  at <NuxtPage> 
  at <Body> 
  at <Html lang="cs-CZ" dir="ltr" > 
  at <Landing ref=Ref< undefined > > 
  at <AsyncComponentWrapper ref=Ref< undefined > > 
  at <LayoutLoader key="landing" layoutProps= {ref: RefImpl} name="landing" > 
  at <NuxtLayoutProvider layoutProps= {ref: RefImpl} key="landing" name="landing"  ... > 
  at <NuxtLayout> 
  at <App key=4 > 
  at <NuxtRoot> @ http://localhost:3001/_nuxt/@fs/Users/andrejkoval/Dev/vivadzen/src/front/node_modules/@vue/runtime-core/dist/runtime-core.esm-bundler.js?v=52c0a703:49
[     549ms] [WARNING] [Vue warn]: Hydration style mismatch on JSHandle@node 
  - rendered on server: style="width:1em;height:1em;color:#d16d3e;--c613ce94-iconUrl:url('https://api.iconify.design/ph/person-simple-walk.svg');"
  - expected on client: style="width:1em;height:1em;color:#d16d3e;"
  Note: this mismatch is check-only. The DOM will not be rectified in production due to performance overhead.
  You should fix the source of the mismatch. 
  at <IconCSS name="ph:person-simple-walk" class="effect-item__icon" style= {color: #d16d3e} > 
  at <KratomVariety> 
  at <Index onVnodeUnmounted=fn<onVnodeUnmounted> ref=Ref< undefined > > 
  at <RouteProvider key="/" vnode= {__v_isVNode: true, __v_skip: true, type: Object, props: Object, key: null} route= {fullPath: /, hash: , query: Object, name: index___cs, path: /}  ... > 
  at <RouterView name=undefined route=undefined > 
  at <NuxtPage> 
  at <Body> 
  at <Html lang="cs-CZ" dir="ltr" > 
  at <Landing ref=Ref< undefined > > 
  at <AsyncComponentWrapper ref=Ref< undefined > > 
  at <LayoutLoader key="landing" layoutProps= {ref: RefImpl} name="landing" > 
  at <NuxtLayoutProvider layoutProps= {ref: RefImpl} key="landing" name="landing"  ... > 
  at <NuxtLayout> 
  at <App key=4 > 
  at <NuxtRoot> @ http://localhost:3001/_nuxt/@fs/Users/andrejkoval/Dev/vivadzen/src/front/node_modules/@vue/runtime-core/dist/runtime-core.esm-bundler.js?v=52c0a703:49
[     549ms] [WARNING] [Vue warn]: Hydration style mismatch on JSHandle@node 
  - rendered on server: style="width:1em;height:1em;color:#d16d3e;--c613ce94-iconUrl:url('https://api.iconify.design/ph/shield-check.svg');"
  - expected on client: style="width:1em;height:1em;color:#d16d3e;"
  Note: this mismatch is check-only. The DOM will not be rectified in production due to performance overhead.
  You should fix the source of the mismatch. 
  at <IconCSS name="ph:shield-check" class="effect-item__icon" style= {color: #d16d3e} > 
  at <KratomVariety> 
  at <Index onVnodeUnmounted=fn<onVnodeUnmounted> ref=Ref< undefined > > 
  at <RouteProvider key="/" vnode= {__v_isVNode: true, __v_skip: true, type: Object, props: Object, key: null} route= {fullPath: /, hash: , query: Object, name: index___cs, path: /}  ... > 
  at <RouterView name=undefined route=undefined > 
  at <NuxtPage> 
  at <Body> 
  at <Html lang="cs-CZ" dir="ltr" > 
  at <Landing ref=Ref< undefined > > 
  at <AsyncComponentWrapper ref=Ref< undefined > > 
  at <LayoutLoader key="landing" layoutProps= {ref: RefImpl} name="landing" > 
  at <NuxtLayoutProvider layoutProps= {ref: RefImpl} key="landing" name="landing"  ... > 
  at <NuxtLayout> 
  at <App key=4 > 
  at <NuxtRoot> @ http://localhost:3001/_nuxt/@fs/Users/andrejkoval/Dev/vivadzen/src/front/node_modules/@vue/runtime-core/dist/runtime-core.esm-bundler.js?v=52c0a703:49
[     549ms] [WARNING] [Vue warn]: Hydration style mismatch on JSHandle@node 
  - rendered on server: style="width:1em;height:1em;color:#dfc157;--c613ce94-iconUrl:url('https://api.iconify.design/ph/smiley.svg');"
  - expected on client: style="width:1em;height:1em;color:#dfc157;"
  Note: this mismatch is check-only. The DOM will not be rectified in production due to performance overhead.
  You should fix the source of the mismatch. 
  at <IconCSS name="ph:smiley" class="effect-item__icon" style= {color: #dfc157} > 
  at <KratomVariety> 
  at <Index onVnodeUnmounted=fn<onVnodeUnmounted> ref=Ref< undefined > > 
  at <RouteProvider key="/" vnode= {__v_isVNode: true, __v_skip: true, type: Object, props: Object, key: null} route= {fullPath: /, hash: , query: Object, name: index___cs, path: /}  ... > 
  at <RouterView name=undefined route=undefined > 
  at <NuxtPage> 
  at <Body> 
  at <Html lang="cs-CZ" dir="ltr" > 
  at <Landing ref=Ref< undefined > > 
  at <AsyncComponentWrapper ref=Ref< undefined > > 
  at <LayoutLoader key="landing" layoutProps= {ref: RefImpl} name="landing" > 
  at <NuxtLayoutProvider layoutProps= {ref: RefImpl} key="landing" name="landing"  ... > 
  at <NuxtLayout> 
  at <App key=4 > 
  at <NuxtRoot> @ http://localhost:3001/_nuxt/@fs/Users/andrejkoval/Dev/vivadzen/src/front/node_modules/@vue/runtime-core/dist/runtime-core.esm-bundler.js?v=52c0a703:49
[     550ms] [WARNING] [Vue warn]: Hydration style mismatch on JSHandle@node 
  - rendered on server: style="width:1em;height:1em;color:#dfc157;--c613ce94-iconUrl:url('https://api.iconify.design/ph/hand-heart.svg');"
  - expected on client: style="width:1em;height:1em;color:#dfc157;"
  Note: this mismatch is check-only. The DOM will not be rectified in production due to performance overhead.
  You should fix the source of the mismatch. 
  at <IconCSS name="ph:hand-heart" class="effect-item__icon" style= {color: #dfc157} > 
  at <KratomVariety> 
  at <Index onVnodeUnmounted=fn<onVnodeUnmounted> ref=Ref< undefined > > 
  at <RouteProvider key="/" vnode= {__v_isVNode: true, __v_skip: true, type: Object, props: Object, key: null} route= {fullPath: /, hash: , query: Object, name: index___cs, path: /}  ... > 
  at <RouterView name=undefined route=undefined > 
  at <NuxtPage> 
  at <Body> 
  at <Html lang="cs-CZ" dir="ltr" > 
  at <Landing ref=Ref< undefined > > 
  at <AsyncComponentWrapper ref=Ref< undefined > > 
  at <LayoutLoader key="landing" layoutProps= {ref: RefImpl} name="landing" > 
  at <NuxtLayoutProvider layoutProps= {ref: RefImpl} key="landing" name="landing"  ... > 
  at <NuxtLayout> 
  at <App key=4 > 
  at <NuxtRoot> @ http://localhost:3001/_nuxt/@fs/Users/andrejkoval/Dev/vivadzen/src/front/node_modules/@vue/runtime-core/dist/runtime-core.esm-bundler.js?v=52c0a703:49
[     550ms] [WARNING] [Vue warn]: Hydration style mismatch on JSHandle@node 
  - rendered on server: style="width:1em;height:1em;color:#dfc157;--c613ce94-iconUrl:url('https://api.iconify.design/ph/heart.svg');"
  - expected on client: style="width:1em;height:1em;color:#dfc157;"
  Note: this mismatch is check-only. The DOM will not be rectified in production due to performance overhead.
  You should fix the source of the mismatch. 
  at <IconCSS name="ph:heart" class="effect-item__icon" style= {color: #dfc157} > 
  at <KratomVariety> 
  at <Index onVnodeUnmounted=fn<onVnodeUnmounted> ref=Ref< undefined > > 
  at <RouteProvider key="/" vnode= {__v_isVNode: true, __v_skip: true, type: Object, props: Object, key: null} route= {fullPath: /, hash: , query: Object, name: index___cs, path: /}  ... > 
  at <RouterView name=undefined route=undefined > 
  at <NuxtPage> 
  at <Body> 
  at <Html lang="cs-CZ" dir="ltr" > 
  at <Landing ref=Ref< undefined > > 
  at <AsyncComponentWrapper ref=Ref< undefined > > 
  at <LayoutLoader key="landing" layoutProps= {ref: RefImpl} name="landing" > 
  at <NuxtLayoutProvider layoutProps= {ref: RefImpl} key="landing" name="landing"  ... > 
  at <NuxtLayout> 
  at <App key=4 > 
  at <NuxtRoot> @ http://localhost:3001/_nuxt/@fs/Users/andrejkoval/Dev/vivadzen/src/front/node_modules/@vue/runtime-core/dist/runtime-core.esm-bundler.js?v=52c0a703:49
[     550ms] [WARNING] [Vue warn]: Hydration style mismatch on JSHandle@node 
  - rendered on server: style="width:1em;height:1em;color:#dfc157;--c613ce94-iconUrl:url('https://api.iconify.design/ph/leaf.svg');"
  - expected on client: style="width:1em;height:1em;color:#dfc157;"
  Note: this mismatch is check-only. The DOM will not be rectified in production due to performance overhead.
  You should fix the source of the mismatch. 
  at <IconCSS name="ph:leaf" class="effect-item__icon" style= {color: #dfc157} > 
  at <KratomVariety> 
  at <Index onVnodeUnmounted=fn<onVnodeUnmounted> ref=Ref< undefined > > 
  at <RouteProvider key="/" vnode= {__v_isVNode: true, __v_skip: true, type: Object, props: Object, key: null} route= {fullPath: /, hash: , query: Object, name: index___cs, path: /}  ... > 
  at <RouterView name=undefined route=undefined > 
  at <NuxtPage> 
  at <Body> 
  at <Html lang="cs-CZ" dir="ltr" > 
  at <Landing ref=Ref< undefined > > 
  at <AsyncComponentWrapper ref=Ref< undefined > > 
  at <LayoutLoader key="landing" layoutProps= {ref: RefImpl} name="landing" > 
  at <NuxtLayoutProvider layoutProps= {ref: RefImpl} key="landing" name="landing"  ... > 
  at <NuxtLayout> 
  at <App key=4 > 
  at <NuxtRoot> @ http://localhost:3001/_nuxt/@fs/Users/andrejkoval/Dev/vivadzen/src/front/node_modules/@vue/runtime-core/dist/runtime-core.esm-bundler.js?v=52c0a703:49
[     554ms] [WARNING] [Vue warn]: Hydration style mismatch on JSHandle@node 
  - rendered on server: style="width:1em;height:1em;--c613ce94-iconUrl:url('https://api.iconify.design/pepicons-pop/info.svg');"
  - expected on client: style="width:1em;height:1em;"
  Note: this mismatch is check-only. The DOM will not be rectified in production due to performance overhead.
  You should fix the source of the mismatch. 
  at <IconCSS name="pepicons-pop:info" > 
  at <InfoHint key=0 text="Odměňujeme vaši aktivitu: za recenze a psaní článků připisujeme Viva, které můžete využít v obchodě." > 
  at <ReferralBonus> 
  at <Index onVnodeUnmounted=fn<onVnodeUnmounted> ref=Ref< undefined > > 
  at <RouteProvider key="/" vnode= {__v_isVNode: true, __v_skip: true, type: Object, props: Object, key: null} route= {fullPath: /, hash: , query: Object, name: index___cs, path: /}  ... > 
  at <RouterView name=undefined route=undefined > 
  at <NuxtPage> 
  at <Body> 
  at <Html lang="cs-CZ" dir="ltr" > 
  at <Landing ref=Ref< undefined > > 
  at <AsyncComponentWrapper ref=Ref< undefined > > 
  at <LayoutLoader key="landing" layoutProps= {ref: RefImpl} name="landing" > 
  at <NuxtLayoutProvider layoutProps= {ref: RefImpl} key="landing" name="landing"  ... > 
  at <NuxtLayout> 
  at <App key=4 > 
  at <NuxtRoot> @ http://localhost:3001/_nuxt/@fs/Users/andrejkoval/Dev/vivadzen/src/front/node_modules/@vue/runtime-core/dist/runtime-core.esm-bundler.js?v=52c0a703:49
[     556ms] [WARNING] [Vue warn]: Hydration style mismatch on JSHandle@node 
  - rendered on server: style="width:1em;height:1em;--c613ce94-iconUrl:url('https://api.iconify.design/iconoir/phone.svg');"
  - expected on client: style="width:1em;height:1em;"
  Note: this mismatch is check-only. The DOM will not be rectified in production due to performance overhead.
  You should fix the source of the mismatch. 
  at <IconCSS name="iconoir:phone" > 
  at <Contacts> 
  at <Index onVnodeUnmounted=fn<onVnodeUnmounted> ref=Ref< undefined > > 
  at <RouteProvider key="/" vnode= {__v_isVNode: true, __v_skip: true, type: Object, props: Object, key: null} route= {fullPath: /, hash: , query: Object, name: index___cs, path: /}  ... > 
  at <RouterView name=undefined route=undefined > 
  at <NuxtPage> 
  at <Body> 
  at <Html lang="cs-CZ" dir="ltr" > 
  at <Landing ref=Ref< undefined > > 
  at <AsyncComponentWrapper ref=Ref< undefined > > 
  at <LayoutLoader key="landing" layoutProps= {ref: RefImpl} name="landing" > 
  at <NuxtLayoutProvider layoutProps= {ref: RefImpl} key="landing" name="landing"  ... > 
  at <NuxtLayout> 
  at <App key=4 > 
  at <NuxtRoot> @ http://localhost:3001/_nuxt/@fs/Users/andrejkoval/Dev/vivadzen/src/front/node_modules/@vue/runtime-core/dist/runtime-core.esm-bundler.js?v=52c0a703:49
[     556ms] [WARNING] [Vue warn]: Hydration style mismatch on JSHandle@node 
  - rendered on server: style="width:1em;height:1em;--c613ce94-iconUrl:url('https://api.iconify.design/iconoir/mail.svg');"
  - expected on client: style="width:1em;height:1em;"
  Note: this mismatch is check-only. The DOM will not be rectified in production due to performance overhead.
  You should fix the source of the mismatch. 
  at <IconCSS name="iconoir:mail" > 
  at <Contacts> 
  at <Index onVnodeUnmounted=fn<onVnodeUnmounted> ref=Ref< undefined > > 
  at <RouteProvider key="/" vnode= {__v_isVNode: true, __v_skip: true, type: Object, props: Object, key: null} route= {fullPath: /, hash: , query: Object, name: index___cs, path: /}  ... > 
  at <RouterView name=undefined route=undefined > 
  at <NuxtPage> 
  at <Body> 
  at <Html lang="cs-CZ" dir="ltr" > 
  at <Landing ref=Ref< undefined > > 
  at <AsyncComponentWrapper ref=Ref< undefined > > 
  at <LayoutLoader key="landing" layoutProps= {ref: RefImpl} name="landing" > 
  at <NuxtLayoutProvider layoutProps= {ref: RefImpl} key="landing" name="landing"  ... > 
  at <NuxtLayout> 
  at <App key=4 > 
  at <NuxtRoot> @ http://localhost:3001/_nuxt/@fs/Users/andrejkoval/Dev/vivadzen/src/front/node_modules/@vue/runtime-core/dist/runtime-core.esm-bundler.js?v=52c0a703:49
[     557ms] [WARNING] [intlify] Not found 'label.messengers' key in 'cs' locale messages. @ http://localhost:3001/_nuxt/node_modules/.cache/vite/client/deps/chunk-LY4OWT6B.js?v=52c0a703:3
[     557ms] [WARNING] [intlify] Fall back to translate 'label.messengers' with root locale. @ http://localhost:3001/_nuxt/node_modules/.cache/vite/client/deps/chunk-LY4OWT6B.js?v=52c0a703:3
[     557ms] [WARNING] [intlify] Not found 'label.social_networks' key in 'cs' locale messages. @ http://localhost:3001/_nuxt/node_modules/.cache/vite/client/deps/chunk-LY4OWT6B.js?v=52c0a703:3
[     557ms] [WARNING] [intlify] Fall back to translate 'label.social_networks' with root locale. @ http://localhost:3001/_nuxt/node_modules/.cache/vite/client/deps/chunk-LY4OWT6B.js?v=52c0a703:3
[     557ms] [WARNING] [intlify] Not found 'title.age_verification' key in 'cs' locale messages. @ http://localhost:3001/_nuxt/node_modules/.cache/vite/client/deps/chunk-LY4OWT6B.js?v=52c0a703:3
[     558ms] [WARNING] [intlify] Fall back to translate 'title.age_verification' with root locale. @ http://localhost:3001/_nuxt/node_modules/.cache/vite/client/deps/chunk-LY4OWT6B.js?v=52c0a703:3
[     558ms] [WARNING] [intlify] Not found 'title.reviews' key in 'cs' locale messages. @ http://localhost:3001/_nuxt/node_modules/.cache/vite/client/deps/chunk-LY4OWT6B.js?v=52c0a703:3
[     558ms] [WARNING] [intlify] Fall back to translate 'title.reviews' with root locale. @ http://localhost:3001/_nuxt/node_modules/.cache/vite/client/deps/chunk-LY4OWT6B.js?v=52c0a703:3
[     558ms] [WARNING] [Vue warn]: Hydration style mismatch on JSHandle@node 
  - rendered on server: style="width:1em;height:1em;--c613ce94-iconUrl:url('https://api.iconify.design/ph/telegram-logo.svg');"
  - expected on client: style="width:1em;height:1em;"
  Note: this mismatch is check-only. The DOM will not be rectified in production due to performance overhead.
  You should fix the source of the mismatch. 
  at <IconCSS name="ph:telegram-logo" class="social-link__icon" > 
  at <Welcome> 
  at <Index onVnodeUnmounted=fn<onVnodeUnmounted> ref=Ref< undefined > > 
  at <RouteProvider key="/" vnode= {__v_isVNode: true, __v_skip: true, type: Object, props: Object, key: null} route= {fullPath: /, hash: , query: Object, name: index___cs, path: /}  ... > 
  at <RouterView name=undefined route=undefined > 
  at <NuxtPage> 
  at <Body> 
  at <Html lang="cs-CZ" dir="ltr" > 
  at <Landing ref=Ref< undefined > > 
  at <AsyncComponentWrapper ref=Ref< undefined > > 
  at <LayoutLoader key="landing" layoutProps= {ref: RefImpl} name="landing" > 
  at <NuxtLayoutProvider layoutProps= {ref: RefImpl} key="landing" name="landing"  ... > 
  at <NuxtLayout> 
  at <App key=4 > 
  at <NuxtRoot> @ http://localhost:3001/_nuxt/@fs/Users/andrejkoval/Dev/vivadzen/src/front/node_modules/@vue/runtime-core/dist/runtime-core.esm-bundler.js?v=52c0a703:49
[     558ms] [WARNING] [Vue warn]: Hydration style mismatch on JSHandle@node 
  - rendered on server: style="width:1em;height:1em;--c613ce94-iconUrl:url('https://api.iconify.design/ph/whatsapp-logo.svg');"
  - expected on client: style="width:1em;height:1em;"
  Note: this mismatch is check-only. The DOM will not be rectified in production due to performance overhead.
  You should fix the source of the mismatch. 
  at <IconCSS name="ph:whatsapp-logo" class="social-link__icon" > 
  at <Welcome> 
  at <Index onVnodeUnmounted=fn<onVnodeUnmounted> ref=Ref< undefined > > 
  at <RouteProvider key="/" vnode= {__v_isVNode: true, __v_skip: true, type: Object, props: Object, key: null} route= {fullPath: /, hash: , query: Object, name: index___cs, path: /}  ... > 
  at <RouterView name=undefined route=undefined > 
  at <NuxtPage> 
  at <Body> 
  at <Html lang="cs-CZ" dir="ltr" > 
  at <Landing ref=Ref< undefined > > 
  at <AsyncComponentWrapper ref=Ref< undefined > > 
  at <LayoutLoader key="landing" layoutProps= {ref: RefImpl} name="landing" > 
  at <NuxtLayoutProvider layoutProps= {ref: RefImpl} key="landing" name="landing"  ... > 
  at <NuxtLayout> 
  at <App key=4 > 
  at <NuxtRoot> @ http://localhost:3001/_nuxt/@fs/Users/andrejkoval/Dev/vivadzen/src/front/node_modules/@vue/runtime-core/dist/runtime-core.esm-bundler.js?v=52c0a703:49
[     559ms] [WARNING] [Vue warn]: Hydration style mismatch on JSHandle@node 
  - rendered on server: style="width:1em;height:1em;--c613ce94-iconUrl:url('https://api.iconify.design/iconoir/instagram.svg');"
  - expected on client: style="width:1em;height:1em;"
  Note: this mismatch is check-only. The DOM will not be rectified in production due to performance overhead.
  You should fix the source of the mismatch. 
  at <IconCSS name="iconoir:instagram" class="social-link__icon" > 
  at <Welcome> 
  at <Index onVnodeUnmounted=fn<onVnodeUnmounted> ref=Ref< undefined > > 
  at <RouteProvider key="/" vnode= {__v_isVNode: true, __v_skip: true, type: Object, props: Object, key: null} route= {fullPath: /, hash: , query: Object, name: index___cs, path: /}  ... > 
  at <RouterView name=undefined route=undefined > 
  at <NuxtPage> 
  at <Body> 
  at <Html lang="cs-CZ" dir="ltr" > 
  at <Landing ref=Ref< undefined > > 
  at <AsyncComponentWrapper ref=Ref< undefined > > 
  at <LayoutLoader key="landing" layoutProps= {ref: RefImpl} name="landing" > 
  at <NuxtLayoutProvider layoutProps= {ref: RefImpl} key="landing" name="landing"  ... > 
  at <NuxtLayout> 
  at <App key=4 > 
  at <NuxtRoot> @ http://localhost:3001/_nuxt/@fs/Users/andrejkoval/Dev/vivadzen/src/front/node_modules/@vue/runtime-core/dist/runtime-core.esm-bundler.js?v=52c0a703:49
[     559ms] [WARNING] [Vue warn]: Hydration style mismatch on JSHandle@node 
  - rendered on server: style="width:1em;height:1em;--c613ce94-iconUrl:url('https://api.iconify.design/iconoir/facebook.svg');"
  - expected on client: style="width:1em;height:1em;"
  Note: this mismatch is check-only. The DOM will not be rectified in production due to performance overhead.
  You should fix the source of the mismatch. 
  at <IconCSS name="iconoir:facebook" class="social-link__icon" > 
  at <Welcome> 
  at <Index onVnodeUnmounted=fn<onVnodeUnmounted> ref=Ref< undefined > > 
  at <RouteProvider key="/" vnode= {__v_isVNode: true, __v_skip: true, type: Object, props: Object, key: null} route= {fullPath: /, hash: , query: Object, name: index___cs, path: /}  ... > 
  at <RouterView name=undefined route=undefined > 
  at <NuxtPage> 
  at <Body> 
  at <Html lang="cs-CZ" dir="ltr" > 
  at <Landing ref=Ref< undefined > > 
  at <AsyncComponentWrapper ref=Ref< undefined > > 
  at <LayoutLoader key="landing" layoutProps= {ref: RefImpl} name="landing" > 
  at <NuxtLayoutProvider layoutProps= {ref: RefImpl} key="landing" name="landing"  ... > 
  at <NuxtLayout> 
  at <App key=4 > 
  at <NuxtRoot> @ http://localhost:3001/_nuxt/@fs/Users/andrejkoval/Dev/vivadzen/src/front/node_modules/@vue/runtime-core/dist/runtime-core.esm-bundler.js?v=52c0a703:49
[     559ms] [WARNING] [Vue warn]: Hydration style mismatch on JSHandle@node 
  - rendered on server: style="width:1em;height:1em;--c613ce94-iconUrl:url('https://api.iconify.design/iconoir/youtube.svg');"
  - expected on client: style="width:1em;height:1em;"
  Note: this mismatch is check-only. The DOM will not be rectified in production due to performance overhead.
  You should fix the source of the mismatch. 
  at <IconCSS name="iconoir:youtube" class="social-link__icon" > 
  at <Welcome> 
  at <Index onVnodeUnmounted=fn<onVnodeUnmounted> ref=Ref< undefined > > 
  at <RouteProvider key="/" vnode= {__v_isVNode: true, __v_skip: true, type: Object, props: Object, key: null} route= {fullPath: /, hash: , query: Object, name: index___cs, path: /}  ... > 
  at <RouterView name=undefined route=undefined > 
  at <NuxtPage> 
  at <Body> 
  at <Html lang="cs-CZ" dir="ltr" > 
  at <Landing ref=Ref< undefined > > 
  at <AsyncComponentWrapper ref=Ref< undefined > > 
  at <LayoutLoader key="landing" layoutProps= {ref: RefImpl} name="landing" > 
  at <NuxtLayoutProvider layoutProps= {ref: RefImpl} key="landing" name="landing"  ... > 
  at <NuxtLayout> 
  at <App key=4 > 
  at <NuxtRoot> @ http://localhost:3001/_nuxt/@fs/Users/andrejkoval/Dev/vivadzen/src/front/node_modules/@vue/runtime-core/dist/runtime-core.esm-bundler.js?v=52c0a703:49
[     559ms] [WARNING] [Vue warn]: Hydration style mismatch on JSHandle@node 
  - rendered on server: style="width:1em;height:1em;--c613ce94-iconUrl:url('https://api.iconify.design/ph/arrow-up-bold.svg');"
  - expected on client: style="width:1em;height:1em;"
  Note: this mismatch is check-only. The DOM will not be rectified in production due to performance overhead.
  You should fix the source of the mismatch. 
  at <IconCSS name="ph:arrow-up-bold" class="scroll-top-button__icon" > 
  at <ScrollToTopButton> 
  at <FloatingButtons> 
  at <Body> 
  at <Html lang="cs-CZ" dir="ltr" > 
  at <Landing ref=Ref< undefined > > 
  at <AsyncComponentWrapper ref=Ref< undefined > > 
  at <LayoutLoader key="landing" layoutProps= {ref: RefImpl} name="landing" > 
  at <NuxtLayoutProvider layoutProps= {ref: RefImpl} key="landing" name="landing"  ... > 
  at <NuxtLayout> 
  at <App key=4 > 
  at <NuxtRoot> @ http://localhost:3001/_nuxt/@fs/Users/andrejkoval/Dev/vivadzen/src/front/node_modules/@vue/runtime-core/dist/runtime-core.esm-bundler.js?v=52c0a703:49
[     560ms] [WARNING] [Vue warn]: Hydration style mismatch on JSHandle@node 
  - rendered on server: style="width:1em;height:1em;--c613ce94-iconUrl:url('https://api.iconify.design/ph/chat-circle-dots-fill.svg');"
  - expected on client: style="width:1em;height:1em;"
  Note: this mismatch is check-only. The DOM will not be rectified in production due to performance overhead.
  You should fix the source of the mismatch. 
  at <IconCSS name="ph:chat-circle-dots-fill" class="chat-support-button__icon" > 
  at <ChatSupportButton> 
  at <FloatingButtons> 
  at <Body> 
  at <Html lang="cs-CZ" dir="ltr" > 
  at <Landing ref=Ref< undefined > > 
  at <AsyncComponentWrapper ref=Ref< undefined > > 
  at <LayoutLoader key="landing" layoutProps= {ref: RefImpl} name="landing" > 
  at <NuxtLayoutProvider layoutProps= {ref: RefImpl} key="landing" name="landing"  ... > 
  at <NuxtLayout> 
  at <App key=4 > 
  at <NuxtRoot> @ http://localhost:3001/_nuxt/@fs/Users/andrejkoval/Dev/vivadzen/src/front/node_modules/@vue/runtime-core/dist/runtime-core.esm-bundler.js?v=52c0a703:49
[     561ms] [WARNING] [Vue warn]: Hydration style mismatch on JSHandle@node 
  - rendered on server: style="width:1em;height:1em;--c613ce94-iconUrl:url('https://api.iconify.design/ph/telegram-logo.svg');"
  - expected on client: style="width:1em;height:1em;"
  Note: this mismatch is check-only. The DOM will not be rectified in production due to performance overhead.
  You should fix the source of the mismatch. 
  at <IconCSS name="ph:telegram-logo" > 
  at <SiteFooter> 
  at <Body> 
  at <Html lang="cs-CZ" dir="ltr" > 
  at <Landing ref=Ref< undefined > > 
  at <AsyncComponentWrapper ref=Ref< undefined > > 
  at <LayoutLoader key="landing" layoutProps= {ref: RefImpl} name="landing" > 
  at <NuxtLayoutProvider layoutProps= {ref: RefImpl} key="landing" name="landing"  ... > 
  at <NuxtLayout> 
  at <App key=4 > 
  at <NuxtRoot> @ http://localhost:3001/_nuxt/@fs/Users/andrejkoval/Dev/vivadzen/src/front/node_modules/@vue/runtime-core/dist/runtime-core.esm-bundler.js?v=52c0a703:49
[     562ms] [WARNING] [Vue warn]: Hydration style mismatch on JSHandle@node 
  - rendered on server: style="width:1em;height:1em;--c613ce94-iconUrl:url('https://api.iconify.design/ph/whatsapp-logo.svg');"
  - expected on client: style="width:1em;height:1em;"
  Note: this mismatch is check-only. The DOM will not be rectified in production due to performance overhead.
  You should fix the source of the mismatch. 
  at <IconCSS name="ph:whatsapp-logo" > 
  at <SiteFooter> 
  at <Body> 
  at <Html lang="cs-CZ" dir="ltr" > 
  at <Landing ref=Ref< undefined > > 
  at <AsyncComponentWrapper ref=Ref< undefined > > 
  at <LayoutLoader key="landing" layoutProps= {ref: RefImpl} name="landing" > 
  at <NuxtLayoutProvider layoutProps= {ref: RefImpl} key="landing" name="landing"  ... > 
  at <NuxtLayout> 
  at <App key=4 > 
  at <NuxtRoot> @ http://localhost:3001/_nuxt/@fs/Users/andrejkoval/Dev/vivadzen/src/front/node_modules/@vue/runtime-core/dist/runtime-core.esm-bundler.js?v=52c0a703:49
[     562ms] [WARNING] [Vue warn]: Hydration style mismatch on JSHandle@node 
  - rendered on server: style="width:1em;height:1em;--c613ce94-iconUrl:url('https://api.iconify.design/iconoir/instagram.svg');"
  - expected on client: style="width:1em;height:1em;"
  Note: this mismatch is check-only. The DOM will not be rectified in production due to performance overhead.
  You should fix the source of the mismatch. 
  at <IconCSS name="iconoir:instagram" > 
  at <SiteFooter> 
  at <Body> 
  at <Html lang="cs-CZ" dir="ltr" > 
  at <Landing ref=Ref< undefined > > 
  at <AsyncComponentWrapper ref=Ref< undefined > > 
  at <LayoutLoader key="landing" layoutProps= {ref: RefImpl} name="landing" > 
  at <NuxtLayoutProvider layoutProps= {ref: RefImpl} key="landing" name="landing"  ... > 
  at <NuxtLayout> 
  at <App key=4 > 
  at <NuxtRoot> @ http://localhost:3001/_nuxt/@fs/Users/andrejkoval/Dev/vivadzen/src/front/node_modules/@vue/runtime-core/dist/runtime-core.esm-bundler.js?v=52c0a703:49
[     562ms] [WARNING] [Vue warn]: Hydration style mismatch on JSHandle@node 
  - rendered on server: style="width:1em;height:1em;--c613ce94-iconUrl:url('https://api.iconify.design/iconoir/facebook.svg');"
  - expected on client: style="width:1em;height:1em;"
  Note: this mismatch is check-only. The DOM will not be rectified in production due to performance overhead.
  You should fix the source of the mismatch. 
  at <IconCSS name="iconoir:facebook" > 
  at <SiteFooter> 
  at <Body> 
  at <Html lang="cs-CZ" dir="ltr" > 
  at <Landing ref=Ref< undefined > > 
  at <AsyncComponentWrapper ref=Ref< undefined > > 
  at <LayoutLoader key="landing" layoutProps= {ref: RefImpl} name="landing" > 
  at <NuxtLayoutProvider layoutProps= {ref: RefImpl} key="landing" name="landing"  ... > 
  at <NuxtLayout> 
  at <App key=4 > 
  at <NuxtRoot> @ http://localhost:3001/_nuxt/@fs/Users/andrejkoval/Dev/vivadzen/src/front/node_modules/@vue/runtime-core/dist/runtime-core.esm-bundler.js?v=52c0a703:49
[     562ms] [WARNING] [Vue warn]: Hydration style mismatch on JSHandle@node 
  - rendered on server: style="width:1em;height:1em;--c613ce94-iconUrl:url('https://api.iconify.design/iconoir/youtube.svg');"
  - expected on client: style="width:1em;height:1em;"
  Note: this mismatch is check-only. The DOM will not be rectified in production due to performance overhead.
  You should fix the source of the mismatch. 
  at <IconCSS name="iconoir:youtube" > 
  at <SiteFooter> 
  at <Body> 
  at <Html lang="cs-CZ" dir="ltr" > 
  at <Landing ref=Ref< undefined > > 
  at <AsyncComponentWrapper ref=Ref< undefined > > 
  at <LayoutLoader key="landing" layoutProps= {ref: RefImpl} name="landing" > 
  at <NuxtLayoutProvider layoutProps= {ref: RefImpl} key="landing" name="landing"  ... > 
  at <NuxtLayout> 
  at <App key=4 > 
  at <NuxtRoot> @ http://localhost:3001/_nuxt/@fs/Users/andrejkoval/Dev/vivadzen/src/front/node_modules/@vue/runtime-core/dist/runtime-core.esm-bundler.js?v=52c0a703:49
[     564ms] [WARNING] [intlify] Not found 'currency' key in 'cs' locale messages. @ http://localhost:3001/_nuxt/node_modules/.cache/vite/client/deps/chunk-LY4OWT6B.js?v=52c0a703:3
[     564ms] [WARNING] [intlify] Fall back to number format 'currency' with root locale. @ http://localhost:3001/_nuxt/node_modules/.cache/vite/client/deps/chunk-LY4OWT6B.js?v=52c0a703:3
[     564ms] [WARNING] [intlify] Not found 'currency' key in 'cs' locale messages. @ http://localhost:3001/_nuxt/node_modules/.cache/vite/client/deps/chunk-LY4OWT6B.js?v=52c0a703:3
[     564ms] [WARNING] [intlify] Fall back to number format 'currency' with root locale. @ http://localhost:3001/_nuxt/node_modules/.cache/vite/client/deps/chunk-LY4OWT6B.js?v=52c0a703:3
[     564ms] [WARNING] [Vue warn]: Hydration style mismatch on JSHandle@node 
  - rendered on server: style="width:1em;height:1em;--c613ce94-iconUrl:url('https://api.iconify.design/ci/shopping-cart-01.svg');"
  - expected on client: style="width:1em;height:1em;"
  Note: this mismatch is check-only. The DOM will not be rectified in production due to performance overhead.
  You should fix the source of the mismatch. 
  at <IconCSS name="ci:shopping-cart-01" class="kratom-product-card__action-icon" > 
  at <ProductCard key=24459 product= {id: 24459, name: Zelený Rurut Nano kratom prášek, slug: zeleny-rurut-nano-kratom-prasek-25g, price: 140.00, old_price: null} > 
  at <ProductGrid> 
  at <Index onVnodeUnmounted=fn<onVnodeUnmounted> ref=Ref< undefined > > 
  at <RouteProvider key="/" vnode= {__v_isVNode: true, __v_skip: true, type: Object, props: Object, key: null} route= {fullPath: /, hash: , query: Object, name: index___cs, path: /}  ... > 
  at <RouterView name=undefined route=undefined > 
  at <NuxtPage> 
  at <Body> 
  at <Html lang="cs-CZ" dir="ltr" > 
  at <Landing ref=Ref< undefined > > 
  at <AsyncComponentWrapper ref=Ref< undefined > > 
  at <LayoutLoader key="landing" layoutProps= {ref: RefImpl} name="landing" > 
  at <NuxtLayoutProvider layoutProps= {ref: RefImpl} key="landing" name="landing"  ... > 
  at <NuxtLayout> 
  at <App key=4 > 
  at <NuxtRoot> @ http://localhost:3001/_nuxt/@fs/Users/andrejkoval/Dev/vivadzen/src/front/node_modules/@vue/runtime-core/dist/runtime-core.esm-bundler.js?v=52c0a703:49
[     565ms] [WARNING] [intlify] Not found 'currency' key in 'cs' locale messages. @ http://localhost:3001/_nuxt/node_modules/.cache/vite/client/deps/chunk-LY4OWT6B.js?v=52c0a703:3
[     565ms] [WARNING] [intlify] Fall back to number format 'currency' with root locale. @ http://localhost:3001/_nuxt/node_modules/.cache/vite/client/deps/chunk-LY4OWT6B.js?v=52c0a703:3
[     565ms] [WARNING] [intlify] Not found 'currency' key in 'cs' locale messages. @ http://localhost:3001/_nuxt/node_modules/.cache/vite/client/deps/chunk-LY4OWT6B.js?v=52c0a703:3
[     565ms] [WARNING] [intlify] Fall back to number format 'currency' with root locale. @ http://localhost:3001/_nuxt/node_modules/.cache/vite/client/deps/chunk-LY4OWT6B.js?v=52c0a703:3
[     566ms] [WARNING] [Vue warn]: Hydration style mismatch on JSHandle@node 
  - rendered on server: style="width:1em;height:1em;--c613ce94-iconUrl:url('https://api.iconify.design/ci/shopping-cart-01.svg');"
  - expected on client: style="width:1em;height:1em;"
  Note: this mismatch is check-only. The DOM will not be rectified in production due to performance overhead.
  You should fix the source of the mismatch. 
  at <IconCSS name="ci:shopping-cart-01" class="kratom-product-card__action-icon" > 
  at <ProductCard key=24458 product= {id: 24458, name: Bílá Maeng Da Kratom prášek, slug: bila-maeng-da-kratom-prasek-25g, price: 130.00, old_price: null} > 
  at <ProductGrid> 
  at <Index onVnodeUnmounted=fn<onVnodeUnmounted> ref=Ref< undefined > > 
  at <RouteProvider key="/" vnode= {__v_isVNode: true, __v_skip: true, type: Object, props: Object, key: null} route= {fullPath: /, hash: , query: Object, name: index___cs, path: /}  ... > 
  at <RouterView name=undefined route=undefined > 
  at <NuxtPage> 
  at <Body> 
  at <Html lang="cs-CZ" dir="ltr" > 
  at <Landing ref=Ref< undefined > > 
  at <AsyncComponentWrapper ref=Ref< undefined > > 
  at <LayoutLoader key="landing" layoutProps= {ref: RefImpl} name="landing" > 
  at <NuxtLayoutProvider layoutProps= {ref: RefImpl} key="landing" name="landing"  ... > 
  at <NuxtLayout> 
  at <App key=4 > 
  at <NuxtRoot> @ http://localhost:3001/_nuxt/@fs/Users/andrejkoval/Dev/vivadzen/src/front/node_modules/@vue/runtime-core/dist/runtime-core.esm-bundler.js?v=52c0a703:49
[     566ms] [WARNING] [intlify] Not found 'currency' key in 'cs' locale messages. @ http://localhost:3001/_nuxt/node_modules/.cache/vite/client/deps/chunk-LY4OWT6B.js?v=52c0a703:3
[     566ms] [WARNING] [intlify] Fall back to number format 'currency' with root locale. @ http://localhost:3001/_nuxt/node_modules/.cache/vite/client/deps/chunk-LY4OWT6B.js?v=52c0a703:3
[     566ms] [WARNING] [intlify] Not found 'currency' key in 'cs' locale messages. @ http://localhost:3001/_nuxt/node_modules/.cache/vite/client/deps/chunk-LY4OWT6B.js?v=52c0a703:3
[     566ms] [WARNING] [intlify] Fall back to number format 'currency' with root locale. @ http://localhost:3001/_nuxt/node_modules/.cache/vite/client/deps/chunk-LY4OWT6B.js?v=52c0a703:3
[     567ms] [WARNING] [Vue warn]: Hydration style mismatch on JSHandle@node 
  - rendered on server: style="width:1em;height:1em;--c613ce94-iconUrl:url('https://api.iconify.design/ci/shopping-cart-01.svg');"
  - expected on client: style="width:1em;height:1em;"
  Note: this mismatch is check-only. The DOM will not be rectified in production due to performance overhead.
  You should fix the source of the mismatch. 
  at <IconCSS name="ci:shopping-cart-01" class="kratom-product-card__action-icon" > 
  at <ProductCard key=24457 product= {id: 24457, name: Bílý slon Kratom prášek, slug: bily-slon-kratom-prasek-25g, price: 140.00, old_price: null} > 
  at <ProductGrid> 
  at <Index onVnodeUnmounted=fn<onVnodeUnmounted> ref=Ref< undefined > > 
  at <RouteProvider key="/" vnode= {__v_isVNode: true, __v_skip: true, type: Object, props: Object, key: null} route= {fullPath: /, hash: , query: Object, name: index___cs, path: /}  ... > 
  at <RouterView name=undefined route=undefined > 
  at <NuxtPage> 
  at <Body> 
  at <Html lang="cs-CZ" dir="ltr" > 
  at <Landing ref=Ref< undefined > > 
  at <AsyncComponentWrapper ref=Ref< undefined > > 
  at <LayoutLoader key="landing" layoutProps= {ref: RefImpl} name="landing" > 
  at <NuxtLayoutProvider layoutProps= {ref: RefImpl} key="landing" name="landing"  ... > 
  at <NuxtLayout> 
  at <App key=4 > 
  at <NuxtRoot> @ http://localhost:3001/_nuxt/@fs/Users/andrejkoval/Dev/vivadzen/src/front/node_modules/@vue/runtime-core/dist/runtime-core.esm-bundler.js?v=52c0a703:49
[     567ms] [WARNING] [intlify] Not found 'currency' key in 'cs' locale messages. @ http://localhost:3001/_nuxt/node_modules/.cache/vite/client/deps/chunk-LY4OWT6B.js?v=52c0a703:3
[     567ms] [WARNING] [intlify] Fall back to number format 'currency' with root locale. @ http://localhost:3001/_nuxt/node_modules/.cache/vite/client/deps/chunk-LY4OWT6B.js?v=52c0a703:3
[     567ms] [WARNING] [intlify] Not found 'currency' key in 'cs' locale messages. @ http://localhost:3001/_nuxt/node_modules/.cache/vite/client/deps/chunk-LY4OWT6B.js?v=52c0a703:3
[     568ms] [WARNING] [intlify] Fall back to number format 'currency' with root locale. @ http://localhost:3001/_nuxt/node_modules/.cache/vite/client/deps/chunk-LY4OWT6B.js?v=52c0a703:3
[     568ms] [WARNING] [Vue warn]: Hydration style mismatch on JSHandle@node 
  - rendered on server: style="width:1em;height:1em;--c613ce94-iconUrl:url('https://api.iconify.design/ci/shopping-cart-01.svg');"
  - expected on client: style="width:1em;height:1em;"
  Note: this mismatch is check-only. The DOM will not be rectified in production due to performance overhead.
  You should fix the source of the mismatch. 
  at <IconCSS name="ci:shopping-cart-01" class="kratom-product-card__action-icon" > 
  at <ProductCard key=24456 product= {id: 24456, name: Zelený thajský Kratom Prášek, slug: zeleny-thajsky-kratom-prasek-25g, price: 130.00, old_price: null} > 
  at <ProductGrid> 
  at <Index onVnodeUnmounted=fn<onVnodeUnmounted> ref=Ref< undefined > > 
  at <RouteProvider key="/" vnode= {__v_isVNode: true, __v_skip: true, type: Object, props: Object, key: null} route= {fullPath: /, hash: , query: Object, name: index___cs, path: /}  ... > 
  at <RouterView name=undefined route=undefined > 
  at <NuxtPage> 
  at <Body> 
  at <Html lang="cs-CZ" dir="ltr" > 
  at <Landing ref=Ref< undefined > > 
  at <AsyncComponentWrapper ref=Ref< undefined > > 
  at <LayoutLoader key="landing" layoutProps= {ref: RefImpl} name="landing" > 
  at <NuxtLayoutProvider layoutProps= {ref: RefImpl} key="landing" name="landing"  ... > 
  at <NuxtLayout> 
  at <App key=4 > 
  at <NuxtRoot> @ http://localhost:3001/_nuxt/@fs/Users/andrejkoval/Dev/vivadzen/src/front/node_modules/@vue/runtime-core/dist/runtime-core.esm-bundler.js?v=52c0a703:49
[     568ms] [WARNING] [intlify] Not found 'currency' key in 'cs' locale messages. @ http://localhost:3001/_nuxt/node_modules/.cache/vite/client/deps/chunk-LY4OWT6B.js?v=52c0a703:3
[     568ms] [WARNING] [intlify] Fall back to number format 'currency' with root locale. @ http://localhost:3001/_nuxt/node_modules/.cache/vite/client/deps/chunk-LY4OWT6B.js?v=52c0a703:3
[     568ms] [WARNING] [intlify] Not found 'currency' key in 'cs' locale messages. @ http://localhost:3001/_nuxt/node_modules/.cache/vite/client/deps/chunk-LY4OWT6B.js?v=52c0a703:3
[     568ms] [WARNING] [intlify] Fall back to number format 'currency' with root locale. @ http://localhost:3001/_nuxt/node_modules/.cache/vite/client/deps/chunk-LY4OWT6B.js?v=52c0a703:3
[     569ms] [WARNING] [Vue warn]: Hydration style mismatch on JSHandle@node 
  - rendered on server: style="width:1em;height:1em;--c613ce94-iconUrl:url('https://api.iconify.design/ci/shopping-cart-01.svg');"
  - expected on client: style="width:1em;height:1em;"
  Note: this mismatch is check-only. The DOM will not be rectified in production due to performance overhead.
  You should fix the source of the mismatch. 
  at <IconCSS name="ci:shopping-cart-01" class="kratom-product-card__action-icon" > 
  at <ProductCard key=24455 product= {id: 24455, name: Červená Maeng Da Kratom Prášek, slug: cervena-maeng-da-kratom-prasek-25g, price: 130.00, old_price: null} > 
  at <ProductGrid> 
  at <Index onVnodeUnmounted=fn<onVnodeUnmounted> ref=Ref< undefined > > 
  at <RouteProvider key="/" vnode= {__v_isVNode: true, __v_skip: true, type: Object, props: Object, key: null} route= {fullPath: /, hash: , query: Object, name: index___cs, path: /}  ... > 
  at <RouterView name=undefined route=undefined > 
  at <NuxtPage> 
  at <Body> 
  at <Html lang="cs-CZ" dir="ltr" > 
  at <Landing ref=Ref< undefined > > 
  at <AsyncComponentWrapper ref=Ref< undefined > > 
  at <LayoutLoader key="landing" layoutProps= {ref: RefImpl} name="landing" > 
  at <NuxtLayoutProvider layoutProps= {ref: RefImpl} key="landing" name="landing"  ... > 
  at <NuxtLayout> 
  at <App key=4 > 
  at <NuxtRoot> @ http://localhost:3001/_nuxt/@fs/Users/andrejkoval/Dev/vivadzen/src/front/node_modules/@vue/runtime-core/dist/runtime-core.esm-bundler.js?v=52c0a703:49
[     569ms] [WARNING] [intlify] Not found 'currency' key in 'cs' locale messages. @ http://localhost:3001/_nuxt/node_modules/.cache/vite/client/deps/chunk-LY4OWT6B.js?v=52c0a703:3
[     569ms] [WARNING] [intlify] Fall back to number format 'currency' with root locale. @ http://localhost:3001/_nuxt/node_modules/.cache/vite/client/deps/chunk-LY4OWT6B.js?v=52c0a703:3
[     569ms] [WARNING] [intlify] Not found 'currency' key in 'cs' locale messages. @ http://localhost:3001/_nuxt/node_modules/.cache/vite/client/deps/chunk-LY4OWT6B.js?v=52c0a703:3
[     570ms] [WARNING] [intlify] Fall back to number format 'currency' with root locale. @ http://localhost:3001/_nuxt/node_modules/.cache/vite/client/deps/chunk-LY4OWT6B.js?v=52c0a703:3
[     570ms] [WARNING] [Vue warn]: Hydration style mismatch on JSHandle@node 
  - rendered on server: style="width:1em;height:1em;--c613ce94-iconUrl:url('https://api.iconify.design/ci/shopping-cart-01.svg');"
  - expected on client: style="width:1em;height:1em;"
  Note: this mismatch is check-only. The DOM will not be rectified in production due to performance overhead.
  You should fix the source of the mismatch. 
  at <IconCSS name="ci:shopping-cart-01" class="kratom-product-card__action-icon" > 
  at <ProductCard key=24454 product= {id: 24454, name: Zelená Maeng Da Kratom Prášek, slug: zelena-maeng-da-kratom-prasek-25g, price: 130.00, old_price: null} > 
  at <ProductGrid> 
  at <Index onVnodeUnmounted=fn<onVnodeUnmounted> ref=Ref< undefined > > 
  at <RouteProvider key="/" vnode= {__v_isVNode: true, __v_skip: true, type: Object, props: Object, key: null} route= {fullPath: /, hash: , query: Object, name: index___cs, path: /}  ... > 
  at <RouterView name=undefined route=undefined > 
  at <NuxtPage> 
  at <Body> 
  at <Html lang="cs-CZ" dir="ltr" > 
  at <Landing ref=Ref< undefined > > 
  at <AsyncComponentWrapper ref=Ref< undefined > > 
  at <LayoutLoader key="landing" layoutProps= {ref: RefImpl} name="landing" > 
  at <NuxtLayoutProvider layoutProps= {ref: RefImpl} key="landing" name="landing"  ... > 
  at <NuxtLayout> 
  at <App key=4 > 
  at <NuxtRoot> @ http://localhost:3001/_nuxt/@fs/Users/andrejkoval/Dev/vivadzen/src/front/node_modules/@vue/runtime-core/dist/runtime-core.esm-bundler.js?v=52c0a703:49
[     570ms] [WARNING] [intlify] Not found 'currency' key in 'cs' locale messages. @ http://localhost:3001/_nuxt/node_modules/.cache/vite/client/deps/chunk-LY4OWT6B.js?v=52c0a703:3
[     570ms] [WARNING] [intlify] Fall back to number format 'currency' with root locale. @ http://localhost:3001/_nuxt/node_modules/.cache/vite/client/deps/chunk-LY4OWT6B.js?v=52c0a703:3
[     570ms] [WARNING] [intlify] Not found 'currency' key in 'cs' locale messages. @ http://localhost:3001/_nuxt/node_modules/.cache/vite/client/deps/chunk-LY4OWT6B.js?v=52c0a703:3
[     570ms] [WARNING] [intlify] Fall back to number format 'currency' with root locale. @ http://localhost:3001/_nuxt/node_modules/.cache/vite/client/deps/chunk-LY4OWT6B.js?v=52c0a703:3
[     571ms] [WARNING] [Vue warn]: Hydration style mismatch on JSHandle@node 
  - rendered on server: style="width:1em;height:1em;--c613ce94-iconUrl:url('https://api.iconify.design/ph/star-fill.svg');"
  - expected on client: style="width:1em;height:1em;"
  Note: this mismatch is check-only. The DOM will not be rectified in production due to performance overhead.
  You should fix the source of the mismatch. 
  at <IconCSS key=1 name="ph:star-fill" class="google-reviews-intro__rating-star filled" > 
  at <GoogleReviewsIntro count=62 rating=5 > 
  at <GoogleReviews> 
  at <Index onVnodeUnmounted=fn<onVnodeUnmounted> ref=Ref< undefined > > 
  at <RouteProvider key="/" vnode= {__v_isVNode: true, __v_skip: true, type: Object, props: Object, key: null} route= {fullPath: /, hash: , query: Object, name: index___cs, path: /}  ... > 
  at <RouterView name=undefined route=undefined > 
  at <NuxtPage> 
  at <Body> 
  at <Html lang="cs-CZ" dir="ltr" > 
  at <Landing ref=Ref< undefined > > 
  at <AsyncComponentWrapper ref=Ref< undefined > > 
  at <LayoutLoader key="landing" layoutProps= {ref: RefImpl} name="landing" > 
  at <NuxtLayoutProvider layoutProps= {ref: RefImpl} key="landing" name="landing"  ... > 
  at <NuxtLayout> 
  at <App key=4 > 
  at <NuxtRoot> @ http://localhost:3001/_nuxt/@fs/Users/andrejkoval/Dev/vivadzen/src/front/node_modules/@vue/runtime-core/dist/runtime-core.esm-bundler.js?v=52c0a703:49
[     572ms] [WARNING] [Vue warn]: Hydration style mismatch on JSHandle@node 
  - rendered on server: style="width:1em;height:1em;--c613ce94-iconUrl:url('https://api.iconify.design/ph/star-fill.svg');"
  - expected on client: style="width:1em;height:1em;"
  Note: this mismatch is check-only. The DOM will not be rectified in production due to performance overhead.
  You should fix the source of the mismatch. 
  at <IconCSS key=2 name="ph:star-fill" class="google-reviews-intro__rating-star filled" > 
  at <GoogleReviewsIntro count=62 rating=5 > 
  at <GoogleReviews> 
  at <Index onVnodeUnmounted=fn<onVnodeUnmounted> ref=Ref< undefined > > 
  at <RouteProvider key="/" vnode= {__v_isVNode: true, __v_skip: true, type: Object, props: Object, key: null} route= {fullPath: /, hash: , query: Object, name: index___cs, path: /}  ... > 
  at <RouterView name=undefined route=undefined > 
  at <NuxtPage> 
  at <Body> 
  at <Html lang="cs-CZ" dir="ltr" > 
  at <Landing ref=Ref< undefined > > 
  at <AsyncComponentWrapper ref=Ref< undefined > > 
  at <LayoutLoader key="landing" layoutProps= {ref: RefImpl} name="landing" > 
  at <NuxtLayoutProvider layoutProps= {ref: RefImpl} key="landing" name="landing"  ... > 
  at <NuxtLayout> 
  at <App key=4 > 
  at <NuxtRoot> @ http://localhost:3001/_nuxt/@fs/Users/andrejkoval/Dev/vivadzen/src/front/node_modules/@vue/runtime-core/dist/runtime-core.esm-bundler.js?v=52c0a703:49
[     572ms] [WARNING] [Vue warn]: Hydration style mismatch on JSHandle@node 
  - rendered on server: style="width:1em;height:1em;--c613ce94-iconUrl:url('https://api.iconify.design/ph/star-fill.svg');"
  - expected on client: style="width:1em;height:1em;"
  Note: this mismatch is check-only. The DOM will not be rectified in production due to performance overhead.
  You should fix the source of the mismatch. 
  at <IconCSS key=3 name="ph:star-fill" class="google-reviews-intro__rating-star filled" > 
  at <GoogleReviewsIntro count=62 rating=5 > 
  at <GoogleReviews> 
  at <Index onVnodeUnmounted=fn<onVnodeUnmounted> ref=Ref< undefined > > 
  at <RouteProvider key="/" vnode= {__v_isVNode: true, __v_skip: true, type: Object, props: Object, key: null} route= {fullPath: /, hash: , query: Object, name: index___cs, path: /}  ... > 
  at <RouterView name=undefined route=undefined > 
  at <NuxtPage> 
  at <Body> 
  at <Html lang="cs-CZ" dir="ltr" > 
  at <Landing ref=Ref< undefined > > 
  at <AsyncComponentWrapper ref=Ref< undefined > > 
  at <LayoutLoader key="landing" layoutProps= {ref: RefImpl} name="landing" > 
  at <NuxtLayoutProvider layoutProps= {ref: RefImpl} key="landing" name="landing"  ... > 
  at <NuxtLayout> 
  at <App key=4 > 
  at <NuxtRoot> @ http://localhost:3001/_nuxt/@fs/Users/andrejkoval/Dev/vivadzen/src/front/node_modules/@vue/runtime-core/dist/runtime-core.esm-bundler.js?v=52c0a703:49
[     572ms] [WARNING] [Vue warn]: Hydration style mismatch on JSHandle@node 
  - rendered on server: style="width:1em;height:1em;--c613ce94-iconUrl:url('https://api.iconify.design/ph/star-fill.svg');"
  - expected on client: style="width:1em;height:1em;"
  Note: this mismatch is check-only. The DOM will not be rectified in production due to performance overhead.
  You should fix the source of the mismatch. 
  at <IconCSS key=4 name="ph:star-fill" class="google-reviews-intro__rating-star filled" > 
  at <GoogleReviewsIntro count=62 rating=5 > 
  at <GoogleReviews> 
  at <Index onVnodeUnmounted=fn<onVnodeUnmounted> ref=Ref< undefined > > 
  at <RouteProvider key="/" vnode= {__v_isVNode: true, __v_skip: true, type: Object, props: Object, key: null} route= {fullPath: /, hash: , query: Object, name: index___cs, path: /}  ... > 
  at <RouterView name=undefined route=undefined > 
  at <NuxtPage> 
  at <Body> 
  at <Html lang="cs-CZ" dir="ltr" > 
  at <Landing ref=Ref< undefined > > 
  at <AsyncComponentWrapper ref=Ref< undefined > > 
  at <LayoutLoader key="landing" layoutProps= {ref: RefImpl} name="landing" > 
  at <NuxtLayoutProvider layoutProps= {ref: RefImpl} key="landing" name="landing"  ... > 
  at <NuxtLayout> 
  at <App key=4 > 
  at <NuxtRoot> @ http://localhost:3001/_nuxt/@fs/Users/andrejkoval/Dev/vivadzen/src/front/node_modules/@vue/runtime-core/dist/runtime-core.esm-bundler.js?v=52c0a703:49
[     572ms] [WARNING] [Vue warn]: Hydration style mismatch on JSHandle@node 
  - rendered on server: style="width:1em;height:1em;--c613ce94-iconUrl:url('https://api.iconify.design/ph/star-fill.svg');"
  - expected on client: style="width:1em;height:1em;"
  Note: this mismatch is check-only. The DOM will not be rectified in production due to performance overhead.
  You should fix the source of the mismatch. 
  at <IconCSS key=5 name="ph:star-fill" class="google-reviews-intro__rating-star filled" > 
  at <GoogleReviewsIntro count=62 rating=5 > 
  at <GoogleReviews> 
  at <Index onVnodeUnmounted=fn<onVnodeUnmounted> ref=Ref< undefined > > 
  at <RouteProvider key="/" vnode= {__v_isVNode: true, __v_skip: true, type: Object, props: Object, key: null} route= {fullPath: /, hash: , query: Object, name: index___cs, path: /}  ... > 
  at <RouterView name=undefined route=undefined > 
  at <NuxtPage> 
  at <Body> 
  at <Html lang="cs-CZ" dir="ltr" > 
  at <Landing ref=Ref< undefined > > 
  at <AsyncComponentWrapper ref=Ref< undefined > > 
  at <LayoutLoader key="landing" layoutProps= {ref: RefImpl} name="landing" > 
  at <NuxtLayoutProvider layoutProps= {ref: RefImpl} key="landing" name="landing"  ... > 
  at <NuxtLayout> 
  at <App key=4 > 
  at <NuxtRoot> @ http://localhost:3001/_nuxt/@fs/Users/andrejkoval/Dev/vivadzen/src/front/node_modules/@vue/runtime-core/dist/runtime-core.esm-bundler.js?v=52c0a703:49
[     572ms] [WARNING] [Vue warn]: Hydration style mismatch on JSHandle@node 
  - rendered on server: style="width:1em;height:1em;--c613ce94-iconUrl:url('https://api.iconify.design/logos/google-icon.svg');"
  - expected on client: style="width:1em;height:1em;"
  Note: this mismatch is check-only. The DOM will not be rectified in production due to performance overhead.
  You should fix the source of the mismatch. 
  at <IconCSS name="logos:google-icon" > 
  at <GoogleReviewsIntro count=62 rating=5 > 
  at <GoogleReviews> 
  at <Index onVnodeUnmounted=fn<onVnodeUnmounted> ref=Ref< undefined > > 
  at <RouteProvider key="/" vnode= {__v_isVNode: true, __v_skip: true, type: Object, props: Object, key: null} route= {fullPath: /, hash: , query: Object, name: index___cs, path: /}  ... > 
  at <RouterView name=undefined route=undefined > 
  at <NuxtPage> 
  at <Body> 
  at <Html lang="cs-CZ" dir="ltr" > 
  at <Landing ref=Ref< undefined > > 
  at <AsyncComponentWrapper ref=Ref< undefined > > 
  at <LayoutLoader key="landing" layoutProps= {ref: RefImpl} name="landing" > 
  at <NuxtLayoutProvider layoutProps= {ref: RefImpl} key="landing" name="landing"  ... > 
  at <NuxtLayout> 
  at <App key=4 > 
  at <NuxtRoot> @ http://localhost:3001/_nuxt/@fs/Users/andrejkoval/Dev/vivadzen/src/front/node_modules/@vue/runtime-core/dist/runtime-core.esm-bundler.js?v=52c0a703:49
[     573ms] [WARNING] [Vue warn]: Hydration style mismatch on JSHandle@node 
  - rendered on server: style="width:1em;height:1em;--c613ce94-iconUrl:url('https://api.iconify.design/logos/google-icon.svg');"
  - expected on client: style="width:1em;height:1em;"
  Note: this mismatch is check-only. The DOM will not be rectified in production due to performance overhead.
  You should fix the source of the mismatch. 
  at <IconCSS name="logos:google-icon" class="review-card__google-icon" > 
  at <SnapSlide key=0 > 
  at <SnapCarousel items= [Object, Object, Object, Object, Object, Object, Object, Object, Object, Object, Object, Object, Object, Object, Object, Object, Object, Object, Object, Object] items-per-page= {mobile: 1, tablet: 2, desktop: 3, ld: 3, xld: 3} gap= {mobile: 16, tablet: 20, desktop: 24}  ... > 
  at <GoogleReviews> 
  at <Index onVnodeUnmounted=fn<onVnodeUnmounted> ref=Ref< undefined > > 
  at <RouteProvider key="/" vnode= {__v_isVNode: true, __v_skip: true, type: Object, props: Object, key: null} route= {fullPath: /, hash: , query: Object, name: index___cs, path: /}  ... > 
  at <RouterView name=undefined route=undefined > 
  at <NuxtPage> 
  at <Body> 
  at <Html lang="cs-CZ" dir="ltr" > 
  at <Landing ref=Ref< undefined > > 
  at <AsyncComponentWrapper ref=Ref< undefined > > 
  at <LayoutLoader key="landing" layoutProps= {ref: RefImpl} name="landing" > 
  at <NuxtLayoutProvider layoutProps= {ref: RefImpl} key="landing" name="landing"  ... > 
  at <NuxtLayout> 
  at <App key=4 > 
  at <NuxtRoot> @ http://localhost:3001/_nuxt/@fs/Users/andrejkoval/Dev/vivadzen/src/front/node_modules/@vue/runtime-core/dist/runtime-core.esm-bundler.js?v=52c0a703:49
[     573ms] [WARNING] [Vue warn]: Hydration style mismatch on JSHandle@node 
  - rendered on server: style="width:1em;height:1em;--c613ce94-iconUrl:url('https://api.iconify.design/ph/star-fill.svg');"
  - expected on client: style="width:1em;height:1em;"
  Note: this mismatch is check-only. The DOM will not be rectified in production due to performance overhead.
  You should fix the source of the mismatch. 
  at <IconCSS key=1 name="ph:star-fill" class="review-card__star filled" > 
  at <SnapSlide key=0 > 
  at <SnapCarousel items= [Object, Object, Object, Object, Object, Object, Object, Object, Object, Object, Object, Object, Object, Object, Object, Object, Object, Object, Object, Object] items-per-page= {mobile: 1, tablet: 2, desktop: 3, ld: 3, xld: 3} gap= {mobile: 16, tablet: 20, desktop: 24}  ... > 
  at <GoogleReviews> 
  at <Index onVnodeUnmounted=fn<onVnodeUnmounted> ref=Ref< undefined > > 
  at <RouteProvider key="/" vnode= {__v_isVNode: true, __v_skip: true, type: Object, props: Object, key: null} route= {fullPath: /, hash: , query: Object, name: index___cs, path: /}  ... > 
  at <RouterView name=undefined route=undefined > 
  at <NuxtPage> 
  at <Body> 
  at <Html lang="cs-CZ" dir="ltr" > 
  at <Landing ref=Ref< undefined > > 
  at <AsyncComponentWrapper ref=Ref< undefined > > 
  at <LayoutLoader key="landing" layoutProps= {ref: RefImpl} name="landing" > 
  at <NuxtLayoutProvider layoutProps= {ref: RefImpl} key="landing" name="landing"  ... > 
  at <NuxtLayout> 
  at <App key=4 > 
  at <NuxtRoot> @ http://localhost:3001/_nuxt/@fs/Users/andrejkoval/Dev/vivadzen/src/front/node_modules/@vue/runtime-core/dist/runtime-core.esm-bundler.js?v=52c0a703:49
[     573ms] [WARNING] [Vue warn]: Hydration style mismatch on JSHandle@node 
  - rendered on server: style="width:1em;height:1em;--c613ce94-iconUrl:url('https://api.iconify.design/ph/star-fill.svg');"
  - expected on client: style="width:1em;height:1em;"
  Note: this mismatch is check-only. The DOM will not be rectified in production due to performance overhead.
  You should fix the source of the mismatch. 
  at <IconCSS key=2 name="ph:star-fill" class="review-card__star filled" > 
  at <SnapSlide key=0 > 
  at <SnapCarousel items= [Object, Object, Object, Object, Object, Object, Object, Object, Object, Object, Object, Object, Object, Object, Object, Object, Object, Object, Object, Object] items-per-page= {mobile: 1, tablet: 2, desktop: 3, ld: 3, xld: 3} gap= {mobile: 16, tablet: 20, desktop: 24}  ... > 
  at <GoogleReviews> 
  at <Index onVnodeUnmounted=fn<onVnodeUnmounted> ref=Ref< undefined > > 
  at <RouteProvider key="/" vnode= {__v_isVNode: true, __v_skip: true, type: Object, props: Object, key: null} route= {fullPath: /, hash: , query: Object, name: index___cs, path: /}  ... > 
  at <RouterView name=undefined route=undefined > 
  at <NuxtPage> 
  at <Body> 
  at <Html lang="cs-CZ" dir="ltr" > 
  at <Landing ref=Ref< undefined > > 
  at <AsyncComponentWrapper ref=Ref< undefined > > 
  at <LayoutLoader key="landing" layoutProps= {ref: RefImpl} name="landing" > 
  at <NuxtLayoutProvider layoutProps= {ref: RefImpl} key="landing" name="landing"  ... > 
  at <NuxtLayout> 
  at <App key=4 > 
  at <NuxtRoot> @ http://localhost:3001/_nuxt/@fs/Users/andrejkoval/Dev/vivadzen/src/front/node_modules/@vue/runtime-core/dist/runtime-core.esm-bundler.js?v=52c0a703:49
[     573ms] [WARNING] [Vue warn]: Hydration style mismatch on JSHandle@node 
  - rendered on server: style="width:1em;height:1em;--c613ce94-iconUrl:url('https://api.iconify.design/ph/star-fill.svg');"
  - expected on client: style="width:1em;height:1em;"
  Note: this mismatch is check-only. The DOM will not be rectified in production due to performance overhead.
  You should fix the source of the mismatch. 
  at <IconCSS key=3 name="ph:star-fill" class="review-card__star filled" > 
  at <SnapSlide key=0 > 
  at <SnapCarousel items= [Object, Object, Object, Object, Object, Object, Object, Object, Object, Object, Object, Object, Object, Object, Object, Object, Object, Object, Object, Object] items-per-page= {mobile: 1, tablet: 2, desktop: 3, ld: 3, xld: 3} gap= {mobile: 16, tablet: 20, desktop: 24}  ... > 
  at <GoogleReviews> 
  at <Index onVnodeUnmounted=fn<onVnodeUnmounted> ref=Ref< undefined > > 
  at <RouteProvider key="/" vnode= {__v_isVNode: true, __v_skip: true, type: Object, props: Object, key: null} route= {fullPath: /, hash: , query: Object, name: index___cs, path: /}  ... > 
  at <RouterView name=undefined route=undefined > 
  at <NuxtPage> 
  at <Body> 
  at <Html lang="cs-CZ" dir="ltr" > 
  at <Landing ref=Ref< undefined > > 
  at <AsyncComponentWrapper ref=Ref< undefined > > 
  at <LayoutLoader key="landing" layoutProps= {ref: RefImpl} name="landing" > 
  at <NuxtLayoutProvider layoutProps= {ref: RefImpl} key="landing" name="landing"  ... > 
  at <NuxtLayout> 
  at <App key=4 > 
  at <NuxtRoot> @ http://localhost:3001/_nuxt/@fs/Users/andrejkoval/Dev/vivadzen/src/front/node_modules/@vue/runtime-core/dist/runtime-core.esm-bundler.js?v=52c0a703:49
[     573ms] [WARNING] [Vue warn]: Hydration style mismatch on JSHandle@node 
  - rendered on server: style="width:1em;height:1em;--c613ce94-iconUrl:url('https://api.iconify.design/ph/star-fill.svg');"
  - expected on client: style="width:1em;height:1em;"
  Note: this mismatch is check-only. The DOM will not be rectified in production due to performance overhead.
  You should fix the source of the mismatch. 
  at <IconCSS key=4 name="ph:star-fill" class="review-card__star filled" > 
  at <SnapSlide key=0 > 
  at <SnapCarousel items= [Object, Object, Object, Object, Object, Object, Object, Object, Object, Object, Object, Object, Object, Object, Object, Object, Object, Object, Object, Object] items-per-page= {mobile: 1, tablet: 2, desktop: 3, ld: 3, xld: 3} gap= {mobile: 16, tablet: 20, desktop: 24}  ... > 
  at <GoogleReviews> 
  at <Index onVnodeUnmounted=fn<onVnodeUnmounted> ref=Ref< undefined > > 
  at <RouteProvider key="/" vnode= {__v_isVNode: true, __v_skip: true, type: Object, props: Object, key: null} route= {fullPath: /, hash: , query: Object, name: index___cs, path: /}  ... > 
  at <RouterView name=undefined route=undefined > 
  at <NuxtPage> 
  at <Body> 
  at <Html lang="cs-CZ" dir="ltr" > 
  at <Landing ref=Ref< undefined > > 
  at <AsyncComponentWrapper ref=Ref< undefined > > 
  at <LayoutLoader key="landing" layoutProps= {ref: RefImpl} name="landing" > 
  at <NuxtLayoutProvider layoutProps= {ref: RefImpl} key="landing" name="landing"  ... > 
  at <NuxtLayout> 
  at <App key=4 > 
  at <NuxtRoot> @ http://localhost:3001/_nuxt/@fs/Users/andrejkoval/Dev/vivadzen/src/front/node_modules/@vue/runtime-core/dist/runtime-core.esm-bundler.js?v=52c0a703:49
[     574ms] [WARNING] [Vue warn]: Hydration style mismatch on JSHandle@node 
  - rendered on server: style="width:1em;height:1em;--c613ce94-iconUrl:url('https://api.iconify.design/ph/star-fill.svg');"
  - expected on client: style="width:1em;height:1em;"
  Note: this mismatch is check-only. The DOM will not be rectified in production due to performance overhead.
  You should fix the source of the mismatch. 
  at <IconCSS key=5 name="ph:star-fill" class="review-card__star filled" > 
  at <SnapSlide key=0 > 
  at <SnapCarousel items= [Object, Object, Object, Object, Object, Object, Object, Object, Object, Object, Object, Object, Object, Object, Object, Object, Object, Object, Object, Object] items-per-page= {mobile: 1, tablet: 2, desktop: 3, ld: 3, xld: 3} gap= {mobile: 16, tablet: 20, desktop: 24}  ... > 
  at <GoogleReviews> 
  at <Index onVnodeUnmounted=fn<onVnodeUnmounted> ref=Ref< undefined > > 
  at <RouteProvider key="/" vnode= {__v_isVNode: true, __v_skip: true, type: Object, props: Object, key: null} route= {fullPath: /, hash: , query: Object, name: index___cs, path: /}  ... > 
  at <RouterView name=undefined route=undefined > 
  at <NuxtPage> 
  at <Body> 
  at <Html lang="cs-CZ" dir="ltr" > 
  at <Landing ref=Ref< undefined > > 
  at <AsyncComponentWrapper ref=Ref< undefined > > 
  at <LayoutLoader key="landing" layoutProps= {ref: RefImpl} name="landing" > 
  at <NuxtLayoutProvider layoutProps= {ref: RefImpl} key="landing" name="landing"  ... > 
  at <NuxtLayout> 
  at <App key=4 > 
  at <NuxtRoot> @ http://localhost:3001/_nuxt/@fs/Users/andrejkoval/Dev/vivadzen/src/front/node_modules/@vue/runtime-core/dist/runtime-core.esm-bundler.js?v=52c0a703:49
[     574ms] [WARNING] [Vue warn]: Hydration style mismatch on JSHandle@node 
  - rendered on server: style="width:1em;height:1em;--c613ce94-iconUrl:url('https://api.iconify.design/logos/google-icon.svg');"
  - expected on client: style="width:1em;height:1em;"
  Note: this mismatch is check-only. The DOM will not be rectified in production due to performance overhead.
  You should fix the source of the mismatch. 
  at <IconCSS name="logos:google-icon" class="review-card__google-icon" > 
  at <SnapSlide key=1 > 
  at <SnapCarousel items= [Object, Object, Object, Object, Object, Object, Object, Object, Object, Object, Object, Object, Object, Object, Object, Object, Object, Object, Object, Object] items-per-page= {mobile: 1, tablet: 2, desktop: 3, ld: 3, xld: 3} gap= {mobile: 16, tablet: 20, desktop: 24}  ... > 
  at <GoogleReviews> 
  at <Index onVnodeUnmounted=fn<onVnodeUnmounted> ref=Ref< undefined > > 
  at <RouteProvider key="/" vnode= {__v_isVNode: true, __v_skip: true, type: Object, props: Object, key: null} route= {fullPath: /, hash: , query: Object, name: index___cs, path: /}  ... > 
  at <RouterView name=undefined route=undefined > 
  at <NuxtPage> 
  at <Body> 
  at <Html lang="cs-CZ" dir="ltr" > 
  at <Landing ref=Ref< undefined > > 
  at <AsyncComponentWrapper ref=Ref< undefined > > 
  at <LayoutLoader key="landing" layoutProps= {ref: RefImpl} name="landing" > 
  at <NuxtLayoutProvider layoutProps= {ref: RefImpl} key="landing" name="landing"  ... > 
  at <NuxtLayout> 
  at <App key=4 > 
  at <NuxtRoot> @ http://localhost:3001/_nuxt/@fs/Users/andrejkoval/Dev/vivadzen/src/front/node_modules/@vue/runtime-core/dist/runtime-core.esm-bundler.js?v=52c0a703:49
[     574ms] [WARNING] [Vue warn]: Hydration style mismatch on JSHandle@node 
  - rendered on server: style="width:1em;height:1em;--c613ce94-iconUrl:url('https://api.iconify.design/ph/star-fill.svg');"
  - expected on client: style="width:1em;height:1em;"
  Note: this mismatch is check-only. The DOM will not be rectified in production due to performance overhead.
  You should fix the source of the mismatch. 
  at <IconCSS key=1 name="ph:star-fill" class="review-card__star filled" > 
  at <SnapSlide key=1 > 
  at <SnapCarousel items= [Object, Object, Object, Object, Object, Object, Object, Object, Object, Object, Object, Object, Object, Object, Object, Object, Object, Object, Object, Object] items-per-page= {mobile: 1, tablet: 2, desktop: 3, ld: 3, xld: 3} gap= {mobile: 16, tablet: 20, desktop: 24}  ... > 
  at <GoogleReviews> 
  at <Index onVnodeUnmounted=fn<onVnodeUnmounted> ref=Ref< undefined > > 
  at <RouteProvider key="/" vnode= {__v_isVNode: true, __v_skip: true, type: Object, props: Object, key: null} route= {fullPath: /, hash: , query: Object, name: index___cs, path: /}  ... > 
  at <RouterView name=undefined route=undefined > 
  at <NuxtPage> 
  at <Body> 
  at <Html lang="cs-CZ" dir="ltr" > 
  at <Landing ref=Ref< undefined > > 
  at <AsyncComponentWrapper ref=Ref< undefined > > 
  at <LayoutLoader key="landing" layoutProps= {ref: RefImpl} name="landing" > 
  at <NuxtLayoutProvider layoutProps= {ref: RefImpl} key="landing" name="landing"  ... > 
  at <NuxtLayout> 
  at <App key=4 > 
  at <NuxtRoot> @ http://localhost:3001/_nuxt/@fs/Users/andrejkoval/Dev/vivadzen/src/front/node_modules/@vue/runtime-core/dist/runtime-core.esm-bundler.js?v=52c0a703:49
[     575ms] [WARNING] [Vue warn]: Hydration style mismatch on JSHandle@node 
  - rendered on server: style="width:1em;height:1em;--c613ce94-iconUrl:url('https://api.iconify.design/ph/star-fill.svg');"
  - expected on client: style="width:1em;height:1em;"
  Note: this mismatch is check-only. The DOM will not be rectified in production due to performance overhead.
  You should fix the source of the mismatch. 
  at <IconCSS key=2 name="ph:star-fill" class="review-card__star filled" > 
  at <SnapSlide key=1 > 
  at <SnapCarousel items= [Object, Object, Object, Object, Object, Object, Object, Object, Object, Object, Object, Object, Object, Object, Object, Object, Object, Object, Object, Object] items-per-page= {mobile: 1, tablet: 2, desktop: 3, ld: 3, xld: 3} gap= {mobile: 16, tablet: 20, desktop: 24}  ... > 
  at <GoogleReviews> 
  at <Index onVnodeUnmounted=fn<onVnodeUnmounted> ref=Ref< undefined > > 
  at <RouteProvider key="/" vnode= {__v_isVNode: true, __v_skip: true, type: Object, props: Object, key: null} route= {fullPath: /, hash: , query: Object, name: index___cs, path: /}  ... > 
  at <RouterView name=undefined route=undefined > 
  at <NuxtPage> 
  at <Body> 
  at <Html lang="cs-CZ" dir="ltr" > 
  at <Landing ref=Ref< undefined > > 
  at <AsyncComponentWrapper ref=Ref< undefined > > 
  at <LayoutLoader key="landing" layoutProps= {ref: RefImpl} name="landing" > 
  at <NuxtLayoutProvider layoutProps= {ref: RefImpl} key="landing" name="landing"  ... > 
  at <NuxtLayout> 
  at <App key=4 > 
  at <NuxtRoot> @ http://localhost:3001/_nuxt/@fs/Users/andrejkoval/Dev/vivadzen/src/front/node_modules/@vue/runtime-core/dist/runtime-core.esm-bundler.js?v=52c0a703:49
[     575ms] [WARNING] [Vue warn]: Hydration style mismatch on JSHandle@node 
  - rendered on server: style="width:1em;height:1em;--c613ce94-iconUrl:url('https://api.iconify.design/ph/star-fill.svg');"
  - expected on client: style="width:1em;height:1em;"
  Note: this mismatch is check-only. The DOM will not be rectified in production due to performance overhead.
  You should fix the source of the mismatch. 
  at <IconCSS key=3 name="ph:star-fill" class="review-card__star filled" > 
  at <SnapSlide key=1 > 
  at <SnapCarousel items= [Object, Object, Object, Object, Object, Object, Object, Object, Object, Object, Object, Object, Object, Object, Object, Object, Object, Object, Object, Object] items-per-page= {mobile: 1, tablet: 2, desktop: 3, ld: 3, xld: 3} gap= {mobile: 16, tablet: 20, desktop: 24}  ... > 
  at <GoogleReviews> 
  at <Index onVnodeUnmounted=fn<onVnodeUnmounted> ref=Ref< undefined > > 
  at <RouteProvider key="/" vnode= {__v_isVNode: true, __v_skip: true, type: Object, props: Object, key: null} route= {fullPath: /, hash: , query: Object, name: index___cs, path: /}  ... > 
  at <RouterView name=undefined route=undefined > 
  at <NuxtPage> 
  at <Body> 
  at <Html lang="cs-CZ" dir="ltr" > 
  at <Landing ref=Ref< undefined > > 
  at <AsyncComponentWrapper ref=Ref< undefined > > 
  at <LayoutLoader key="landing" layoutProps= {ref: RefImpl} name="landing" > 
  at <NuxtLayoutProvider layoutProps= {ref: RefImpl} key="landing" name="landing"  ... > 
  at <NuxtLayout> 
  at <App key=4 > 
  at <NuxtRoot> @ http://localhost:3001/_nuxt/@fs/Users/andrejkoval/Dev/vivadzen/src/front/node_modules/@vue/runtime-core/dist/runtime-core.esm-bundler.js?v=52c0a703:49
[     575ms] [WARNING] [Vue warn]: Hydration style mismatch on JSHandle@node 
  - rendered on server: style="width:1em;height:1em;--c613ce94-iconUrl:url('https://api.iconify.design/ph/star-fill.svg');"
  - expected on client: style="width:1em;height:1em;"
  Note: this mismatch is check-only. The DOM will not be rectified in production due to performance overhead.
  You should fix the source of the mismatch. 
  at <IconCSS key=4 name="ph:star-fill" class="review-card__star filled" > 
  at <SnapSlide key=1 > 
  at <SnapCarousel items= [Object, Object, Object, Object, Object, Object, Object, Object, Object, Object, Object, Object, Object, Object, Object, Object, Object, Object, Object, Object] items-per-page= {mobile: 1, tablet: 2, desktop: 3, ld: 3, xld: 3} gap= {mobile: 16, tablet: 20, desktop: 24}  ... > 
  at <GoogleReviews> 
  at <Index onVnodeUnmounted=fn<onVnodeUnmounted> ref=Ref< undefined > > 
  at <RouteProvider key="/" vnode= {__v_isVNode: true, __v_skip: true, type: Object, props: Object, key: null} route= {fullPath: /, hash: , query: Object, name: index___cs, path: /}  ... > 
  at <RouterView name=undefined route=undefined > 
  at <NuxtPage> 
  at <Body> 
  at <Html lang="cs-CZ" dir="ltr" > 
  at <Landing ref=Ref< undefined > > 
  at <AsyncComponentWrapper ref=Ref< undefined > > 
  at <LayoutLoader key="landing" layoutProps= {ref: RefImpl} name="landing" > 
  at <NuxtLayoutProvider layoutProps= {ref: RefImpl} key="landing" name="landing"  ... > 
  at <NuxtLayout> 
  at <App key=4 > 
  at <NuxtRoot> @ http://localhost:3001/_nuxt/@fs/Users/andrejkoval/Dev/vivadzen/src/front/node_modules/@vue/runtime-core/dist/runtime-core.esm-bundler.js?v=52c0a703:49
[     575ms] [WARNING] [Vue warn]: Hydration style mismatch on JSHandle@node 
  - rendered on server: style="width:1em;height:1em;--c613ce94-iconUrl:url('https://api.iconify.design/ph/star-fill.svg');"
  - expected on client: style="width:1em;height:1em;"
  Note: this mismatch is check-only. The DOM will not be rectified in production due to performance overhead.
  You should fix the source of the mismatch. 
  at <IconCSS key=5 name="ph:star-fill" class="review-card__star filled" > 
  at <SnapSlide key=1 > 
  at <SnapCarousel items= [Object, Object, Object, Object, Object, Object, Object, Object, Object, Object, Object, Object, Object, Object, Object, Object, Object, Object, Object, Object] items-per-page= {mobile: 1, tablet: 2, desktop: 3, ld: 3, xld: 3} gap= {mobile: 16, tablet: 20, desktop: 24}  ... > 
  at <GoogleReviews> 
  at <Index onVnodeUnmounted=fn<onVnodeUnmounted> ref=Ref< undefined > > 
  at <RouteProvider key="/" vnode= {__v_isVNode: true, __v_skip: true, type: Object, props: Object, key: null} route= {fullPath: /, hash: , query: Object, name: index___cs, path: /}  ... > 
  at <RouterView name=undefined route=undefined > 
  at <NuxtPage> 
  at <Body> 
  at <Html lang="cs-CZ" dir="ltr" > 
  at <Landing ref=Ref< undefined > > 
  at <AsyncComponentWrapper ref=Ref< undefined > > 
  at <LayoutLoader key="landing" layoutProps= {ref: RefImpl} name="landing" > 
  at <NuxtLayoutProvider layoutProps= {ref: RefImpl} key="landing" name="landing"  ... > 
  at <NuxtLayout> 
  at <App key=4 > 
  at <NuxtRoot> @ http://localhost:3001/_nuxt/@fs/Users/andrejkoval/Dev/vivadzen/src/front/node_modules/@vue/runtime-core/dist/runtime-core.esm-bundler.js?v=52c0a703:49
[     575ms] [WARNING] [Vue warn]: Hydration style mismatch on JSHandle@node 
  - rendered on server: style="width:1em;height:1em;--c613ce94-iconUrl:url('https://api.iconify.design/logos/google-icon.svg');"
  - expected on client: style="width:1em;height:1em;"
  Note: this mismatch is check-only. The DOM will not be rectified in production due to performance overhead.
  You should fix the source of the mismatch. 
  at <IconCSS name="logos:google-icon" class="review-card__google-icon" > 
  at <SnapSlide key=2 > 
  at <SnapCarousel items= [Object, Object, Object, Object, Object, Object, Object, Object, Object, Object, Object, Object, Object, Object, Object, Object, Object, Object, Object, Object] items-per-page= {mobile: 1, tablet: 2, desktop: 3, ld: 3, xld: 3} gap= {mobile: 16, tablet: 20, desktop: 24}  ... > 
  at <GoogleReviews> 
  at <Index onVnodeUnmounted=fn<onVnodeUnmounted> ref=Ref< undefined > > 
  at <RouteProvider key="/" vnode= {__v_isVNode: true, __v_skip: true, type: Object, props: Object, key: null} route= {fullPath: /, hash: , query: Object, name: index___cs, path: /}  ... > 
  at <RouterView name=undefined route=undefined > 
  at <NuxtPage> 
  at <Body> 
  at <Html lang="cs-CZ" dir="ltr" > 
  at <Landing ref=Ref< undefined > > 
  at <AsyncComponentWrapper ref=Ref< undefined > > 
  at <LayoutLoader key="landing" layoutProps= {ref: RefImpl} name="landing" > 
  at <NuxtLayoutProvider layoutProps= {ref: RefImpl} key="landing" name="landing"  ... > 
  at <NuxtLayout> 
  at <App key=4 > 
  at <NuxtRoot> @ http://localhost:3001/_nuxt/@fs/Users/andrejkoval/Dev/vivadzen/src/front/node_modules/@vue/runtime-core/dist/runtime-core.esm-bundler.js?v=52c0a703:49
[     576ms] [WARNING] [Vue warn]: Hydration style mismatch on JSHandle@node 
  - rendered on server: style="width:1em;height:1em;--c613ce94-iconUrl:url('https://api.iconify.design/ph/star-fill.svg');"
  - expected on client: style="width:1em;height:1em;"
  Note: this mismatch is check-only. The DOM will not be rectified in production due to performance overhead.
  You should fix the source of the mismatch. 
  at <IconCSS key=1 name="ph:star-fill" class="review-card__star filled" > 
  at <SnapSlide key=2 > 
  at <SnapCarousel items= [Object, Object, Object, Object, Object, Object, Object, Object, Object, Object, Object, Object, Object, Object, Object, Object, Object, Object, Object, Object] items-per-page= {mobile: 1, tablet: 2, desktop: 3, ld: 3, xld: 3} gap= {mobile: 16, tablet: 20, desktop: 24}  ... > 
  at <GoogleReviews> 
  at <Index onVnodeUnmounted=fn<onVnodeUnmounted> ref=Ref< undefined > > 
  at <RouteProvider key="/" vnode= {__v_isVNode: true, __v_skip: true, type: Object, props: Object, key: null} route= {fullPath: /, hash: , query: Object, name: index___cs, path: /}  ... > 
  at <RouterView name=undefined route=undefined > 
  at <NuxtPage> 
  at <Body> 
  at <Html lang="cs-CZ" dir="ltr" > 
  at <Landing ref=Ref< undefined > > 
  at <AsyncComponentWrapper ref=Ref< undefined > > 
  at <LayoutLoader key="landing" layoutProps= {ref: RefImpl} name="landing" > 
  at <NuxtLayoutProvider layoutProps= {ref: RefImpl} key="landing" name="landing"  ... > 
  at <NuxtLayout> 
  at <App key=4 > 
  at <NuxtRoot> @ http://localhost:3001/_nuxt/@fs/Users/andrejkoval/Dev/vivadzen/src/front/node_modules/@vue/runtime-core/dist/runtime-core.esm-bundler.js?v=52c0a703:49
[     576ms] [WARNING] [Vue warn]: Hydration style mismatch on JSHandle@node 
  - rendered on server: style="width:1em;height:1em;--c613ce94-iconUrl:url('https://api.iconify.design/ph/star-fill.svg');"
  - expected on client: style="width:1em;height:1em;"
  Note: this mismatch is check-only. The DOM will not be rectified in production due to performance overhead.
  You should fix the source of the mismatch. 
  at <IconCSS key=2 name="ph:star-fill" class="review-card__star filled" > 
  at <SnapSlide key=2 > 
  at <SnapCarousel items= [Object, Object, Object, Object, Object, Object, Object, Object, Object, Object, Object, Object, Object, Object, Object, Object, Object, Object, Object, Object] items-per-page= {mobile: 1, tablet: 2, desktop: 3, ld: 3, xld: 3} gap= {mobile: 16, tablet: 20, desktop: 24}  ... > 
  at <GoogleReviews> 
  at <Index onVnodeUnmounted=fn<onVnodeUnmounted> ref=Ref< undefined > > 
  at <RouteProvider key="/" vnode= {__v_isVNode: true, __v_skip: true, type: Object, props: Object, key: null} route= {fullPath: /, hash: , query: Object, name: index___cs, path: /}  ... > 
  at <RouterView name=undefined route=undefined > 
  at <NuxtPage> 
  at <Body> 
  at <Html lang="cs-CZ" dir="ltr" > 
  at <Landing ref=Ref< undefined > > 
  at <AsyncComponentWrapper ref=Ref< undefined > > 
  at <LayoutLoader key="landing" layoutProps= {ref: RefImpl} name="landing" > 
  at <NuxtLayoutProvider layoutProps= {ref: RefImpl} key="landing" name="landing"  ... > 
  at <NuxtLayout> 
  at <App key=4 > 
  at <NuxtRoot> @ http://localhost:3001/_nuxt/@fs/Users/andrejkoval/Dev/vivadzen/src/front/node_modules/@vue/runtime-core/dist/runtime-core.esm-bundler.js?v=52c0a703:49
[     576ms] [WARNING] [Vue warn]: Hydration style mismatch on JSHandle@node 
  - rendered on server: style="width:1em;height:1em;--c613ce94-iconUrl:url('https://api.iconify.design/ph/star-fill.svg');"
  - expected on client: style="width:1em;height:1em;"
  Note: this mismatch is check-only. The DOM will not be rectified in production due to performance overhead.
  You should fix the source of the mismatch. 
  at <IconCSS key=3 name="ph:star-fill" class="review-card__star filled" > 
  at <SnapSlide key=2 > 
  at <SnapCarousel items= [Object, Object, Object, Object, Object, Object, Object, Object, Object, Object, Object, Object, Object, Object, Object, Object, Object, Object, Object, Object] items-per-page= {mobile: 1, tablet: 2, desktop: 3, ld: 3, xld: 3} gap= {mobile: 16, tablet: 20, desktop: 24}  ... > 
  at <GoogleReviews> 
  at <Index onVnodeUnmounted=fn<onVnodeUnmounted> ref=Ref< undefined > > 
  at <RouteProvider key="/" vnode= {__v_isVNode: true, __v_skip: true, type: Object, props: Object, key: null} route= {fullPath: /, hash: , query: Object, name: index___cs, path: /}  ... > 
  at <RouterView name=undefined route=undefined > 
  at <NuxtPage> 
  at <Body> 
  at <Html lang="cs-CZ" dir="ltr" > 
  at <Landing ref=Ref< undefined > > 
  at <AsyncComponentWrapper ref=Ref< undefined > > 
  at <LayoutLoader key="landing" layoutProps= {ref: RefImpl} name="landing" > 
  at <NuxtLayoutProvider layoutProps= {ref: RefImpl} key="landing" name="landing"  ... > 
  at <NuxtLayout> 
  at <App key=4 > 
  at <NuxtRoot> @ http://localhost:3001/_nuxt/@fs/Users/andrejkoval/Dev/vivadzen/src/front/node_modules/@vue/runtime-core/dist/runtime-core.esm-bundler.js?v=52c0a703:49
[     576ms] [WARNING] [Vue warn]: Hydration style mismatch on JSHandle@node 
  - rendered on server: style="width:1em;height:1em;--c613ce94-iconUrl:url('https://api.iconify.design/ph/star-fill.svg');"
  - expected on client: style="width:1em;height:1em;"
  Note: this mismatch is check-only. The DOM will not be rectified in production due to performance overhead.
  You should fix the source of the mismatch. 
  at <IconCSS key=4 name="ph:star-fill" class="review-card__star filled" > 
  at <SnapSlide key=2 > 
  at <SnapCarousel items= [Object, Object, Object, Object, Object, Object, Object, Object, Object, Object, Object, Object, Object, Object, Object, Object, Object, Object, Object, Object] items-per-page= {mobile: 1, tablet: 2, desktop: 3, ld: 3, xld: 3} gap= {mobile: 16, tablet: 20, desktop: 24}  ... > 
  at <GoogleReviews> 
  at <Index onVnodeUnmounted=fn<onVnodeUnmounted> ref=Ref< undefined > > 
  at <RouteProvider key="/" vnode= {__v_isVNode: true, __v_skip: true, type: Object, props: Object, key: null} route= {fullPath: /, hash: , query: Object, name: index___cs, path: /}  ... > 
  at <RouterView name=undefined route=undefined > 
  at <NuxtPage> 
  at <Body> 
  at <Html lang="cs-CZ" dir="ltr" > 
  at <Landing ref=Ref< undefined > > 
  at <AsyncComponentWrapper ref=Ref< undefined > > 
  at <LayoutLoader key="landing" layoutProps= {ref: RefImpl} name="landing" > 
  at <NuxtLayoutProvider layoutProps= {ref: RefImpl} key="landing" name="landing"  ... > 
  at <NuxtLayout> 
  at <App key=4 > 
  at <NuxtRoot> @ http://localhost:3001/_nuxt/@fs/Users/andrejkoval/Dev/vivadzen/src/front/node_modules/@vue/runtime-core/dist/runtime-core.esm-bundler.js?v=52c0a703:49
[     577ms] [WARNING] [Vue warn]: Hydration style mismatch on JSHandle@node 
  - rendered on server: style="width:1em;height:1em;--c613ce94-iconUrl:url('https://api.iconify.design/ph/star-fill.svg');"
  - expected on client: style="width:1em;height:1em;"
  Note: this mismatch is check-only. The DOM will not be rectified in production due to performance overhead.
  You should fix the source of the mismatch. 
  at <IconCSS key=5 name="ph:star-fill" class="review-card__star filled" > 
  at <SnapSlide key=2 > 
  at <SnapCarousel items= [Object, Object, Object, Object, Object, Object, Object, Object, Object, Object, Object, Object, Object, Object, Object, Object, Object, Object, Object, Object] items-per-page= {mobile: 1, tablet: 2, desktop: 3, ld: 3, xld: 3} gap= {mobile: 16, tablet: 20, desktop: 24}  ... > 
  at <GoogleReviews> 
  at <Index onVnodeUnmounted=fn<onVnodeUnmounted> ref=Ref< undefined > > 
  at <RouteProvider key="/" vnode= {__v_isVNode: true, __v_skip: true, type: Object, props: Object, key: null} route= {fullPath: /, hash: , query: Object, name: index___cs, path: /}  ... > 
  at <RouterView name=undefined route=undefined > 
  at <NuxtPage> 
  at <Body> 
  at <Html lang="cs-CZ" dir="ltr" > 
  at <Landing ref=Ref< undefined > > 
  at <AsyncComponentWrapper ref=Ref< undefined > > 
  at <LayoutLoader key="landing" layoutProps= {ref: RefImpl} name="landing" > 
  at <NuxtLayoutProvider layoutProps= {ref: RefImpl} key="landing" name="landing"  ... > 
  at <NuxtLayout> 
  at <App key=4 > 
  at <NuxtRoot> @ http://localhost:3001/_nuxt/@fs/Users/andrejkoval/Dev/vivadzen/src/front/node_modules/@vue/runtime-core/dist/runtime-core.esm-bundler.js?v=52c0a703:49
[     577ms] [WARNING] [Vue warn]: Hydration style mismatch on JSHandle@node 
  - rendered on server: style="width:1em;height:1em;--c613ce94-iconUrl:url('https://api.iconify.design/logos/google-icon.svg');"
  - expected on client: style="width:1em;height:1em;"
  Note: this mismatch is check-only. The DOM will not be rectified in production due to performance overhead.
  You should fix the source of the mismatch. 
  at <IconCSS name="logos:google-icon" class="review-card__google-icon" > 
  at <SnapSlide key=3 > 
  at <SnapCarousel items= [Object, Object, Object, Object, Object, Object, Object, Object, Object, Object, Object, Object, Object, Object, Object, Object, Object, Object, Object, Object] items-per-page= {mobile: 1, tablet: 2, desktop: 3, ld: 3, xld: 3} gap= {mobile: 16, tablet: 20, desktop: 24}  ... > 
  at <GoogleReviews> 
  at <Index onVnodeUnmounted=fn<onVnodeUnmounted> ref=Ref< undefined > > 
  at <RouteProvider key="/" vnode= {__v_isVNode: true, __v_skip: true, type: Object, props: Object, key: null} route= {fullPath: /, hash: , query: Object, name: index___cs, path: /}  ... > 
  at <RouterView name=undefined route=undefined > 
  at <NuxtPage> 
  at <Body> 
  at <Html lang="cs-CZ" dir="ltr" > 
  at <Landing ref=Ref< undefined > > 
  at <AsyncComponentWrapper ref=Ref< undefined > > 
  at <LayoutLoader key="landing" layoutProps= {ref: RefImpl} name="landing" > 
  at <NuxtLayoutProvider layoutProps= {ref: RefImpl} key="landing" name="landing"  ... > 
  at <NuxtLayout> 
  at <App key=4 > 
  at <NuxtRoot> @ http://localhost:3001/_nuxt/@fs/Users/andrejkoval/Dev/vivadzen/src/front/node_modules/@vue/runtime-core/dist/runtime-core.esm-bundler.js?v=52c0a703:49
[     577ms] [WARNING] [Vue warn]: Hydration style mismatch on JSHandle@node 
  - rendered on server: style="width:1em;height:1em;--c613ce94-iconUrl:url('https://api.iconify.design/ph/star-fill.svg');"
  - expected on client: style="width:1em;height:1em;"
  Note: this mismatch is check-only. The DOM will not be rectified in production due to performance overhead.
  You should fix the source of the mismatch. 
  at <IconCSS key=1 name="ph:star-fill" class="review-card__star filled" > 
  at <SnapSlide key=3 > 
  at <SnapCarousel items= [Object, Object, Object, Object, Object, Object, Object, Object, Object, Object, Object, Object, Object, Object, Object, Object, Object, Object, Object, Object] items-per-page= {mobile: 1, tablet: 2, desktop: 3, ld: 3, xld: 3} gap= {mobile: 16, tablet: 20, desktop: 24}  ... > 
  at <GoogleReviews> 
  at <Index onVnodeUnmounted=fn<onVnodeUnmounted> ref=Ref< undefined > > 
  at <RouteProvider key="/" vnode= {__v_isVNode: true, __v_skip: true, type: Object, props: Object, key: null} route= {fullPath: /, hash: , query: Object, name: index___cs, path: /}  ... > 
  at <RouterView name=undefined route=undefined > 
  at <NuxtPage> 
  at <Body> 
  at <Html lang="cs-CZ" dir="ltr" > 
  at <Landing ref=Ref< undefined > > 
  at <AsyncComponentWrapper ref=Ref< undefined > > 
  at <LayoutLoader key="landing" layoutProps= {ref: RefImpl} name="landing" > 
  at <NuxtLayoutProvider layoutProps= {ref: RefImpl} key="landing" name="landing"  ... > 
  at <NuxtLayout> 
  at <App key=4 > 
  at <NuxtRoot> @ http://localhost:3001/_nuxt/@fs/Users/andrejkoval/Dev/vivadzen/src/front/node_modules/@vue/runtime-core/dist/runtime-core.esm-bundler.js?v=52c0a703:49
[     577ms] [WARNING] [Vue warn]: Hydration style mismatch on JSHandle@node 
  - rendered on server: style="width:1em;height:1em;--c613ce94-iconUrl:url('https://api.iconify.design/ph/star-fill.svg');"
  - expected on client: style="width:1em;height:1em;"
  Note: this mismatch is check-only. The DOM will not be rectified in production due to performance overhead.
  You should fix the source of the mismatch. 
  at <IconCSS key=2 name="ph:star-fill" class="review-card__star filled" > 
  at <SnapSlide key=3 > 
  at <SnapCarousel items= [Object, Object, Object, Object, Object, Object, Object, Object, Object, Object, Object, Object, Object, Object, Object, Object, Object, Object, Object, Object] items-per-page= {mobile: 1, tablet: 2, desktop: 3, ld: 3, xld: 3} gap= {mobile: 16, tablet: 20, desktop: 24}  ... > 
  at <GoogleReviews> 
  at <Index onVnodeUnmounted=fn<onVnodeUnmounted> ref=Ref< undefined > > 
  at <RouteProvider key="/" vnode= {__v_isVNode: true, __v_skip: true, type: Object, props: Object, key: null} route= {fullPath: /, hash: , query: Object, name: index___cs, path: /}  ... > 
  at <RouterView name=undefined route=undefined > 
  at <NuxtPage> 
  at <Body> 
  at <Html lang="cs-CZ" dir="ltr" > 
  at <Landing ref=Ref< undefined > > 
  at <AsyncComponentWrapper ref=Ref< undefined > > 
  at <LayoutLoader key="landing" layoutProps= {ref: RefImpl} name="landing" > 
  at <NuxtLayoutProvider layoutProps= {ref: RefImpl} key="landing" name="landing"  ... > 
  at <NuxtLayout> 
  at <App key=4 > 
  at <NuxtRoot> @ http://localhost:3001/_nuxt/@fs/Users/andrejkoval/Dev/vivadzen/src/front/node_modules/@vue/runtime-core/dist/runtime-core.esm-bundler.js?v=52c0a703:49
[     581ms] [WARNING] [Vue warn]: Hydration style mismatch on JSHandle@node 
  - rendered on server: style="width:1em;height:1em;--c613ce94-iconUrl:url('https://api.iconify.design/ph/star-fill.svg');"
  - expected on client: style="width:1em;height:1em;"
  Note: this mismatch is check-only. The DOM will not be rectified in production due to performance overhead.
  You should fix the source of the mismatch. 
  at <IconCSS key=3 name="ph:star-fill" class="review-card__star filled" > 
  at <SnapSlide key=3 > 
  at <SnapCarousel items= [Object, Object, Object, Object, Object, Object, Object, Object, Object, Object, Object, Object, Object, Object, Object, Object, Object, Object, Object, Object] items-per-page= {mobile: 1, tablet: 2, desktop: 3, ld: 3, xld: 3} gap= {mobile: 16, tablet: 20, desktop: 24}  ... > 
  at <GoogleReviews> 
  at <Index onVnodeUnmounted=fn<onVnodeUnmounted> ref=Ref< undefined > > 
  at <RouteProvider key="/" vnode= {__v_isVNode: true, __v_skip: true, type: Object, props: Object, key: null} route= {fullPath: /, hash: , query: Object, name: index___cs, path: /}  ... > 
  at <RouterView name=undefined route=undefined > 
  at <NuxtPage> 
  at <Body> 
  at <Html lang="cs-CZ" dir="ltr" > 
  at <Landing ref=Ref< undefined > > 
  at <AsyncComponentWrapper ref=Ref< undefined > > 
  at <LayoutLoader key="landing" layoutProps= {ref: RefImpl} name="landing" > 
  at <NuxtLayoutProvider layoutProps= {ref: RefImpl} key="landing" name="landing"  ... > 
  at <NuxtLayout> 
  at <App key=4 > 
  at <NuxtRoot> @ http://localhost:3001/_nuxt/@fs/Users/andrejkoval/Dev/vivadzen/src/front/node_modules/@vue/runtime-core/dist/runtime-core.esm-bundler.js?v=52c0a703:49
[     581ms] [WARNING] [Vue warn]: Hydration style mismatch on JSHandle@node 
  - rendered on server: style="width:1em;height:1em;--c613ce94-iconUrl:url('https://api.iconify.design/ph/star-fill.svg');"
  - expected on client: style="width:1em;height:1em;"
  Note: this mismatch is check-only. The DOM will not be rectified in production due to performance overhead.
  You should fix the source of the mismatch. 
  at <IconCSS key=4 name="ph:star-fill" class="review-card__star filled" > 
  at <SnapSlide key=3 > 
  at <SnapCarousel items= [Object, Object, Object, Object, Object, Object, Object, Object, Object, Object, Object, Object, Object, Object, Object, Object, Object, Object, Object, Object] items-per-page= {mobile: 1, tablet: 2, desktop: 3, ld: 3, xld: 3} gap= {mobile: 16, tablet: 20, desktop: 24}  ... > 
  at <GoogleReviews> 
  at <Index onVnodeUnmounted=fn<onVnodeUnmounted> ref=Ref< undefined > > 
  at <RouteProvider key="/" vnode= {__v_isVNode: true, __v_skip: true, type: Object, props: Object, key: null} route= {fullPath: /, hash: , query: Object, name: index___cs, path: /}  ... > 
  at <RouterView name=undefined route=undefined > 
  at <NuxtPage> 
  at <Body> 
  at <Html lang="cs-CZ" dir="ltr" > 
  at <Landing ref=Ref< undefined > > 
  at <AsyncComponentWrapper ref=Ref< undefined > > 
  at <LayoutLoader key="landing" layoutProps= {ref: RefImpl} name="landing" > 
  at <NuxtLayoutProvider layoutProps= {ref: RefImpl} key="landing" name="landing"  ... > 
  at <NuxtLayout> 
  at <App key=4 > 
  at <NuxtRoot> @ http://localhost:3001/_nuxt/@fs/Users/andrejkoval/Dev/vivadzen/src/front/node_modules/@vue/runtime-core/dist/runtime-core.esm-bundler.js?v=52c0a703:49
[     582ms] [WARNING] [Vue warn]: Hydration style mismatch on JSHandle@node 
  - rendered on server: style="width:1em;height:1em;--c613ce94-iconUrl:url('https://api.iconify.design/ph/star-fill.svg');"
  - expected on client: style="width:1em;height:1em;"
  Note: this mismatch is check-only. The DOM will not be rectified in production due to performance overhead.
  You should fix the source of the mismatch. 
  at <IconCSS key=5 name="ph:star-fill" class="review-card__star filled" > 
  at <SnapSlide key=3 > 
  at <SnapCarousel items= [Object, Object, Object, Object, Object, Object, Object, Object, Object, Object, Object, Object, Object, Object, Object, Object, Object, Object, Object, Object] items-per-page= {mobile: 1, tablet: 2, desktop: 3, ld: 3, xld: 3} gap= {mobile: 16, tablet: 20, desktop: 24}  ... > 
  at <GoogleReviews> 
  at <Index onVnodeUnmounted=fn<onVnodeUnmounted> ref=Ref< undefined > > 
  at <RouteProvider key="/" vnode= {__v_isVNode: true, __v_skip: true, type: Object, props: Object, key: null} route= {fullPath: /, hash: , query: Object, name: index___cs, path: /}  ... > 
  at <RouterView name=undefined route=undefined > 
  at <NuxtPage> 
  at <Body> 
  at <Html lang="cs-CZ" dir="ltr" > 
  at <Landing ref=Ref< undefined > > 
  at <AsyncComponentWrapper ref=Ref< undefined > > 
  at <LayoutLoader key="landing" layoutProps= {ref: RefImpl} name="landing" > 
  at <NuxtLayoutProvider layoutProps= {ref: RefImpl} key="landing" name="landing"  ... > 
  at <NuxtLayout> 
  at <App key=4 > 
  at <NuxtRoot> @ http://localhost:3001/_nuxt/@fs/Users/andrejkoval/Dev/vivadzen/src/front/node_modules/@vue/runtime-core/dist/runtime-core.esm-bundler.js?v=52c0a703:49
[     582ms] [WARNING] [Vue warn]: Hydration style mismatch on JSHandle@node 
  - rendered on server: style="width:1em;height:1em;--c613ce94-iconUrl:url('https://api.iconify.design/logos/google-icon.svg');"
  - expected on client: style="width:1em;height:1em;"
  Note: this mismatch is check-only. The DOM will not be rectified in production due to performance overhead.
  You should fix the source of the mismatch. 
  at <IconCSS name="logos:google-icon" class="review-card__google-icon" > 
  at <SnapSlide key=4 > 
  at <SnapCarousel items= [Object, Object, Object, Object, Object, Object, Object, Object, Object, Object, Object, Object, Object, Object, Object, Object, Object, Object, Object, Object] items-per-page= {mobile: 1, tablet: 2, desktop: 3, ld: 3, xld: 3} gap= {mobile: 16, tablet: 20, desktop: 24}  ... > 
  at <GoogleReviews> 
  at <Index onVnodeUnmounted=fn<onVnodeUnmounted> ref=Ref< undefined > > 
  at <RouteProvider key="/" vnode= {__v_isVNode: true, __v_skip: true, type: Object, props: Object, key: null} route= {fullPath: /, hash: , query: Object, name: index___cs, path: /}  ... > 
  at <RouterView name=undefined route=undefined > 
  at <NuxtPage> 
  at <Body> 
  at <Html lang="cs-CZ" dir="ltr" > 
  at <Landing ref=Ref< undefined > > 
  at <AsyncComponentWrapper ref=Ref< undefined > > 
  at <LayoutLoader key="landing" layoutProps= {ref: RefImpl} name="landing" > 
  at <NuxtLayoutProvider layoutProps= {ref: RefImpl} key="landing" name="landing"  ... > 
  at <NuxtLayout> 
  at <App key=4 > 
  at <NuxtRoot> @ http://localhost:3001/_nuxt/@fs/Users/andrejkoval/Dev/vivadzen/src/front/node_modules/@vue/runtime-core/dist/runtime-core.esm-bundler.js?v=52c0a703:49
[     582ms] [WARNING] [Vue warn]: Hydration style mismatch on JSHandle@node 
  - rendered on server: style="width:1em;height:1em;--c613ce94-iconUrl:url('https://api.iconify.design/ph/star-fill.svg');"
  - expected on client: style="width:1em;height:1em;"
  Note: this mismatch is check-only. The DOM will not be rectified in production due to performance overhead.
  You should fix the source of the mismatch. 
  at <IconCSS key=1 name="ph:star-fill" class="review-card__star filled" > 
  at <SnapSlide key=4 > 
  at <SnapCarousel items= [Object, Object, Object, Object, Object, Object, Object, Object, Object, Object, Object, Object, Object, Object, Object, Object, Object, Object, Object, Object] items-per-page= {mobile: 1, tablet: 2, desktop: 3, ld: 3, xld: 3} gap= {mobile: 16, tablet: 20, desktop: 24}  ... > 
  at <GoogleReviews> 
  at <Index onVnodeUnmounted=fn<onVnodeUnmounted> ref=Ref< undefined > > 
  at <RouteProvider key="/" vnode= {__v_isVNode: true, __v_skip: true, type: Object, props: Object, key: null} route= {fullPath: /, hash: , query: Object, name: index___cs, path: /}  ... > 
  at <RouterView name=undefined route=undefined > 
  at <NuxtPage> 
  at <Body> 
  at <Html lang="cs-CZ" dir="ltr" > 
  at <Landing ref=Ref< undefined > > 
  at <AsyncComponentWrapper ref=Ref< undefined > > 
  at <LayoutLoader key="landing" layoutProps= {ref: RefImpl} name="landing" > 
  at <NuxtLayoutProvider layoutProps= {ref: RefImpl} key="landing" name="landing"  ... > 
  at <NuxtLayout> 
  at <App key=4 > 
  at <NuxtRoot> @ http://localhost:3001/_nuxt/@fs/Users/andrejkoval/Dev/vivadzen/src/front/node_modules/@vue/runtime-core/dist/runtime-core.esm-bundler.js?v=52c0a703:49
[     582ms] [WARNING] [Vue warn]: Hydration style mismatch on JSHandle@node 
  - rendered on server: style="width:1em;height:1em;--c613ce94-iconUrl:url('https://api.iconify.design/ph/star-fill.svg');"
  - expected on client: style="width:1em;height:1em;"
  Note: this mismatch is check-only. The DOM will not be rectified in production due to performance overhead.
  You should fix the source of the mismatch. 
  at <IconCSS key=2 name="ph:star-fill" class="review-card__star filled" > 
  at <SnapSlide key=4 > 
  at <SnapCarousel items= [Object, Object, Object, Object, Object, Object, Object, Object, Object, Object, Object, Object, Object, Object, Object, Object, Object, Object, Object, Object] items-per-page= {mobile: 1, tablet: 2, desktop: 3, ld: 3, xld: 3} gap= {mobile: 16, tablet: 20, desktop: 24}  ... > 
  at <GoogleReviews> 
  at <Index onVnodeUnmounted=fn<onVnodeUnmounted> ref=Ref< undefined > > 
  at <RouteProvider key="/" vnode= {__v_isVNode: true, __v_skip: true, type: Object, props: Object, key: null} route= {fullPath: /, hash: , query: Object, name: index___cs, path: /}  ... > 
  at <RouterView name=undefined route=undefined > 
  at <NuxtPage> 
  at <Body> 
  at <Html lang="cs-CZ" dir="ltr" > 
  at <Landing ref=Ref< undefined > > 
  at <AsyncComponentWrapper ref=Ref< undefined > > 
  at <LayoutLoader key="landing" layoutProps= {ref: RefImpl} name="landing" > 
  at <NuxtLayoutProvider layoutProps= {ref: RefImpl} key="landing" name="landing"  ... > 
  at <NuxtLayout> 
  at <App key=4 > 
  at <NuxtRoot> @ http://localhost:3001/_nuxt/@fs/Users/andrejkoval/Dev/vivadzen/src/front/node_modules/@vue/runtime-core/dist/runtime-core.esm-bundler.js?v=52c0a703:49
[     583ms] [WARNING] [Vue warn]: Hydration style mismatch on JSHandle@node 
  - rendered on server: style="width:1em;height:1em;--c613ce94-iconUrl:url('https://api.iconify.design/ph/star-fill.svg');"
  - expected on client: style="width:1em;height:1em;"
  Note: this mismatch is check-only. The DOM will not be rectified in production due to performance overhead.
  You should fix the source of the mismatch. 
  at <IconCSS key=3 name="ph:star-fill" class="review-card__star filled" > 
  at <SnapSlide key=4 > 
  at <SnapCarousel items= [Object, Object, Object, Object, Object, Object, Object, Object, Object, Object, Object, Object, Object, Object, Object, Object, Object, Object, Object, Object] items-per-page= {mobile: 1, tablet: 2, desktop: 3, ld: 3, xld: 3} gap= {mobile: 16, tablet: 20, desktop: 24}  ... > 
  at <GoogleReviews> 
  at <Index onVnodeUnmounted=fn<onVnodeUnmounted> ref=Ref< undefined > > 
  at <RouteProvider key="/" vnode= {__v_isVNode: true, __v_skip: true, type: Object, props: Object, key: null} route= {fullPath: /, hash: , query: Object, name: index___cs, path: /}  ... > 
  at <RouterView name=undefined route=undefined > 
  at <NuxtPage> 
  at <Body> 
  at <Html lang="cs-CZ" dir="ltr" > 
  at <Landing ref=Ref< undefined > > 
  at <AsyncComponentWrapper ref=Ref< undefined > > 
  at <LayoutLoader key="landing" layoutProps= {ref: RefImpl} name="landing" > 
  at <NuxtLayoutProvider layoutProps= {ref: RefImpl} key="landing" name="landing"  ... > 
  at <NuxtLayout> 
  at <App key=4 > 
  at <NuxtRoot> @ http://localhost:3001/_nuxt/@fs/Users/andrejkoval/Dev/vivadzen/src/front/node_modules/@vue/runtime-core/dist/runtime-core.esm-bundler.js?v=52c0a703:49
[     583ms] [WARNING] [Vue warn]: Hydration style mismatch on JSHandle@node 
  - rendered on server: style="width:1em;height:1em;--c613ce94-iconUrl:url('https://api.iconify.design/ph/star-fill.svg');"
  - expected on client: style="width:1em;height:1em;"
  Note: this mismatch is check-only. The DOM will not be rectified in production due to performance overhead.
  You should fix the source of the mismatch. 
  at <IconCSS key=4 name="ph:star-fill" class="review-card__star filled" > 
  at <SnapSlide key=4 > 
  at <SnapCarousel items= [Object, Object, Object, Object, Object, Object, Object, Object, Object, Object, Object, Object, Object, Object, Object, Object, Object, Object, Object, Object] items-per-page= {mobile: 1, tablet: 2, desktop: 3, ld: 3, xld: 3} gap= {mobile: 16, tablet: 20, desktop: 24}  ... > 
  at <GoogleReviews> 
  at <Index onVnodeUnmounted=fn<onVnodeUnmounted> ref=Ref< undefined > > 
  at <RouteProvider key="/" vnode= {__v_isVNode: true, __v_skip: true, type: Object, props: Object, key: null} route= {fullPath: /, hash: , query: Object, name: index___cs, path: /}  ... > 
  at <RouterView name=undefined route=undefined > 
  at <NuxtPage> 
  at <Body> 
  at <Html lang="cs-CZ" dir="ltr" > 
  at <Landing ref=Ref< undefined > > 
  at <AsyncComponentWrapper ref=Ref< undefined > > 
  at <LayoutLoader key="landing" layoutProps= {ref: RefImpl} name="landing" > 
  at <NuxtLayoutProvider layoutProps= {ref: RefImpl} key="landing" name="landing"  ... > 
  at <NuxtLayout> 
  at <App key=4 > 
  at <NuxtRoot> @ http://localhost:3001/_nuxt/@fs/Users/andrejkoval/Dev/vivadzen/src/front/node_modules/@vue/runtime-core/dist/runtime-core.esm-bundler.js?v=52c0a703:49
[     583ms] [WARNING] [Vue warn]: Hydration style mismatch on JSHandle@node 
  - rendered on server: style="width:1em;height:1em;--c613ce94-iconUrl:url('https://api.iconify.design/ph/star-fill.svg');"
  - expected on client: style="width:1em;height:1em;"
  Note: this mismatch is check-only. The DOM will not be rectified in production due to performance overhead.
  You should fix the source of the mismatch. 
  at <IconCSS key=5 name="ph:star-fill" class="review-card__star filled" > 
  at <SnapSlide key=4 > 
  at <SnapCarousel items= [Object, Object, Object, Object, Object, Object, Object, Object, Object, Object, Object, Object, Object, Object, Object, Object, Object, Object, Object, Object] items-per-page= {mobile: 1, tablet: 2, desktop: 3, ld: 3, xld: 3} gap= {mobile: 16, tablet: 20, desktop: 24}  ... > 
  at <GoogleReviews> 
  at <Index onVnodeUnmounted=fn<onVnodeUnmounted> ref=Ref< undefined > > 
  at <RouteProvider key="/" vnode= {__v_isVNode: true, __v_skip: true, type: Object, props: Object, key: null} route= {fullPath: /, hash: , query: Object, name: index___cs, path: /}  ... > 
  at <RouterView name=undefined route=undefined > 
  at <NuxtPage> 
  at <Body> 
  at <Html lang="cs-CZ" dir="ltr" > 
  at <Landing ref=Ref< undefined > > 
  at <AsyncComponentWrapper ref=Ref< undefined > > 
  at <LayoutLoader key="landing" layoutProps= {ref: RefImpl} name="landing" > 
  at <NuxtLayoutProvider layoutProps= {ref: RefImpl} key="landing" name="landing"  ... > 
  at <NuxtLayout> 
  at <App key=4 > 
  at <NuxtRoot> @ http://localhost:3001/_nuxt/@fs/Users/andrejkoval/Dev/vivadzen/src/front/node_modules/@vue/runtime-core/dist/runtime-core.esm-bundler.js?v=52c0a703:49
[     584ms] [WARNING] [Vue warn]: Hydration style mismatch on JSHandle@node 
  - rendered on server: style="width:1em;height:1em;--c613ce94-iconUrl:url('https://api.iconify.design/logos/google-icon.svg');"
  - expected on client: style="width:1em;height:1em;"
  Note: this mismatch is check-only. The DOM will not be rectified in production due to performance overhead.
  You should fix the source of the mismatch. 
  at <IconCSS name="logos:google-icon" class="review-card__google-icon" > 
  at <SnapSlide key=5 > 
  at <SnapCarousel items= [Object, Object, Object, Object, Object, Object, Object, Object, Object, Object, Object, Object, Object, Object, Object, Object, Object, Object, Object, Object] items-per-page= {mobile: 1, tablet: 2, desktop: 3, ld: 3, xld: 3} gap= {mobile: 16, tablet: 20, desktop: 24}  ... > 
  at <GoogleReviews> 
  at <Index onVnodeUnmounted=fn<onVnodeUnmounted> ref=Ref< undefined > > 
  at <RouteProvider key="/" vnode= {__v_isVNode: true, __v_skip: true, type: Object, props: Object, key: null} route= {fullPath: /, hash: , query: Object, name: index___cs, path: /}  ... > 
  at <RouterView name=undefined route=undefined > 
  at <NuxtPage> 
  at <Body> 
  at <Html lang="cs-CZ" dir="ltr" > 
  at <Landing ref=Ref< undefined > > 
  at <AsyncComponentWrapper ref=Ref< undefined > > 
  at <LayoutLoader key="landing" layoutProps= {ref: RefImpl} name="landing" > 
  at <NuxtLayoutProvider layoutProps= {ref: RefImpl} key="landing" name="landing"  ... > 
  at <NuxtLayout> 
  at <App key=4 > 
  at <NuxtRoot> @ http://localhost:3001/_nuxt/@fs/Users/andrejkoval/Dev/vivadzen/src/front/node_modules/@vue/runtime-core/dist/runtime-core.esm-bundler.js?v=52c0a703:49
[     584ms] [WARNING] [Vue warn]: Hydration style mismatch on JSHandle@node 
  - rendered on server: style="width:1em;height:1em;--c613ce94-iconUrl:url('https://api.iconify.design/ph/star-fill.svg');"
  - expected on client: style="width:1em;height:1em;"
  Note: this mismatch is check-only. The DOM will not be rectified in production due to performance overhead.
  You should fix the source of the mismatch. 
  at <IconCSS key=1 name="ph:star-fill" class="review-card__star filled" > 
  at <SnapSlide key=5 > 
  at <SnapCarousel items= [Object, Object, Object, Object, Object, Object, Object, Object, Object, Object, Object, Object, Object, Object, Object, Object, Object, Object, Object, Object] items-per-page= {mobile: 1, tablet: 2, desktop: 3, ld: 3, xld: 3} gap= {mobile: 16, tablet: 20, desktop: 24}  ... > 
  at <GoogleReviews> 
  at <Index onVnodeUnmounted=fn<onVnodeUnmounted> ref=Ref< undefined > > 
  at <RouteProvider key="/" vnode= {__v_isVNode: true, __v_skip: true, type: Object, props: Object, key: null} route= {fullPath: /, hash: , query: Object, name: index___cs, path: /}  ... > 
  at <RouterView name=undefined route=undefined > 
  at <NuxtPage> 
  at <Body> 
  at <Html lang="cs-CZ" dir="ltr" > 
  at <Landing ref=Ref< undefined > > 
  at <AsyncComponentWrapper ref=Ref< undefined > > 
  at <LayoutLoader key="landing" layoutProps= {ref: RefImpl} name="landing" > 
  at <NuxtLayoutProvider layoutProps= {ref: RefImpl} key="landing" name="landing"  ... > 
  at <NuxtLayout> 
  at <App key=4 > 
  at <NuxtRoot> @ http://localhost:3001/_nuxt/@fs/Users/andrejkoval/Dev/vivadzen/src/front/node_modules/@vue/runtime-core/dist/runtime-core.esm-bundler.js?v=52c0a703:49
[     584ms] [WARNING] [Vue warn]: Hydration style mismatch on JSHandle@node 
  - rendered on server: style="width:1em;height:1em;--c613ce94-iconUrl:url('https://api.iconify.design/ph/star-fill.svg');"
  - expected on client: style="width:1em;height:1em;"
  Note: this mismatch is check-only. The DOM will not be rectified in production due to performance overhead.
  You should fix the source of the mismatch. 
  at <IconCSS key=2 name="ph:star-fill" class="review-card__star filled" > 
  at <SnapSlide key=5 > 
  at <SnapCarousel items= [Object, Object, Object, Object, Object, Object, Object, Object, Object, Object, Object, Object, Object, Object, Object, Object, Object, Object, Object, Object] items-per-page= {mobile: 1, tablet: 2, desktop: 3, ld: 3, xld: 3} gap= {mobile: 16, tablet: 20, desktop: 24}  ... > 
  at <GoogleReviews> 
  at <Index onVnodeUnmounted=fn<onVnodeUnmounted> ref=Ref< undefined > > 
  at <RouteProvider key="/" vnode= {__v_isVNode: true, __v_skip: true, type: Object, props: Object, key: null} route= {fullPath: /, hash: , query: Object, name: index___cs, path: /}  ... > 
  at <RouterView name=undefined route=undefined > 
  at <NuxtPage> 
  at <Body> 
  at <Html lang="cs-CZ" dir="ltr" > 
  at <Landing ref=Ref< undefined > > 
  at <AsyncComponentWrapper ref=Ref< undefined > > 
  at <LayoutLoader key="landing" layoutProps= {ref: RefImpl} name="landing" > 
  at <NuxtLayoutProvider layoutProps= {ref: RefImpl} key="landing" name="landing"  ... > 
  at <NuxtLayout> 
  at <App key=4 > 
  at <NuxtRoot> @ http://localhost:3001/_nuxt/@fs/Users/andrejkoval/Dev/vivadzen/src/front/node_modules/@vue/runtime-core/dist/runtime-core.esm-bundler.js?v=52c0a703:49
[     584ms] [WARNING] [Vue warn]: Hydration style mismatch on JSHandle@node 
  - rendered on server: style="width:1em;height:1em;--c613ce94-iconUrl:url('https://api.iconify.design/ph/star-fill.svg');"
  - expected on client: style="width:1em;height:1em;"
  Note: this mismatch is check-only. The DOM will not be rectified in production due to performance overhead.
  You should fix the source of the mismatch. 
  at <IconCSS key=3 name="ph:star-fill" class="review-card__star filled" > 
  at <SnapSlide key=5 > 
  at <SnapCarousel items= [Object, Object, Object, Object, Object, Object, Object, Object, Object, Object, Object, Object, Object, Object, Object, Object, Object, Object, Object, Object] items-per-page= {mobile: 1, tablet: 2, desktop: 3, ld: 3, xld: 3} gap= {mobile: 16, tablet: 20, desktop: 24}  ... > 
  at <GoogleReviews> 
  at <Index onVnodeUnmounted=fn<onVnodeUnmounted> ref=Ref< undefined > > 
  at <RouteProvider key="/" vnode= {__v_isVNode: true, __v_skip: true, type: Object, props: Object, key: null} route= {fullPath: /, hash: , query: Object, name: index___cs, path: /}  ... > 
  at <RouterView name=undefined route=undefined > 
  at <NuxtPage> 
  at <Body> 
  at <Html lang="cs-CZ" dir="ltr" > 
  at <Landing ref=Ref< undefined > > 
  at <AsyncComponentWrapper ref=Ref< undefined > > 
  at <LayoutLoader key="landing" layoutProps= {ref: RefImpl} name="landing" > 
  at <NuxtLayoutProvider layoutProps= {ref: RefImpl} key="landing" name="landing"  ... > 
  at <NuxtLayout> 
  at <App key=4 > 
  at <NuxtRoot> @ http://localhost:3001/_nuxt/@fs/Users/andrejkoval/Dev/vivadzen/src/front/node_modules/@vue/runtime-core/dist/runtime-core.esm-bundler.js?v=52c0a703:49
[     584ms] [WARNING] [Vue warn]: Hydration style mismatch on JSHandle@node 
  - rendered on server: style="width:1em;height:1em;--c613ce94-iconUrl:url('https://api.iconify.design/ph/star-fill.svg');"
  - expected on client: style="width:1em;height:1em;"
  Note: this mismatch is check-only. The DOM will not be rectified in production due to performance overhead.
  You should fix the source of the mismatch. 
  at <IconCSS key=4 name="ph:star-fill" class="review-card__star filled" > 
  at <SnapSlide key=5 > 
  at <SnapCarousel items= [Object, Object, Object, Object, Object, Object, Object, Object, Object, Object, Object, Object, Object, Object, Object, Object, Object, Object, Object, Object] items-per-page= {mobile: 1, tablet: 2, desktop: 3, ld: 3, xld: 3} gap= {mobile: 16, tablet: 20, desktop: 24}  ... > 
  at <GoogleReviews> 
  at <Index onVnodeUnmounted=fn<onVnodeUnmounted> ref=Ref< undefined > > 
  at <RouteProvider key="/" vnode= {__v_isVNode: true, __v_skip: true, type: Object, props: Object, key: null} route= {fullPath: /, hash: , query: Object, name: index___cs, path: /}  ... > 
  at <RouterView name=undefined route=undefined > 
  at <NuxtPage> 
  at <Body> 
  at <Html lang="cs-CZ" dir="ltr" > 
  at <Landing ref=Ref< undefined > > 
  at <AsyncComponentWrapper ref=Ref< undefined > > 
  at <LayoutLoader key="landing" layoutProps= {ref: RefImpl} name="landing" > 
  at <NuxtLayoutProvider layoutProps= {ref: RefImpl} key="landing" name="landing"  ... > 
  at <NuxtLayout> 
  at <App key=4 > 
  at <NuxtRoot> @ http://localhost:3001/_nuxt/@fs/Users/andrejkoval/Dev/vivadzen/src/front/node_modules/@vue/runtime-core/dist/runtime-core.esm-bundler.js?v=52c0a703:49
[     585ms] [WARNING] [Vue warn]: Hydration style mismatch on JSHandle@node 
  - rendered on server: style="width:1em;height:1em;--c613ce94-iconUrl:url('https://api.iconify.design/ph/star-fill.svg');"
  - expected on client: style="width:1em;height:1em;"
  Note: this mismatch is check-only. The DOM will not be rectified in production due to performance overhead.
  You should fix the source of the mismatch. 
  at <IconCSS key=5 name="ph:star-fill" class="review-card__star filled" > 
  at <SnapSlide key=5 > 
  at <SnapCarousel items= [Object, Object, Object, Object, Object, Object, Object, Object, Object, Object, Object, Object, Object, Object, Object, Object, Object, Object, Object, Object] items-per-page= {mobile: 1, tablet: 2, desktop: 3, ld: 3, xld: 3} gap= {mobile: 16, tablet: 20, desktop: 24}  ... > 
  at <GoogleReviews> 
  at <Index onVnodeUnmounted=fn<onVnodeUnmounted> ref=Ref< undefined > > 
  at <RouteProvider key="/" vnode= {__v_isVNode: true, __v_skip: true, type: Object, props: Object, key: null} route= {fullPath: /, hash: , query: Object, name: index___cs, path: /}  ... > 
  at <RouterView name=undefined route=undefined > 
  at <NuxtPage> 
  at <Body> 
  at <Html lang="cs-CZ" dir="ltr" > 
  at <Landing ref=Ref< undefined > > 
  at <AsyncComponentWrapper ref=Ref< undefined > > 
  at <LayoutLoader key="landing" layoutProps= {ref: RefImpl} name="landing" > 
  at <NuxtLayoutProvider layoutProps= {ref: RefImpl} key="landing" name="landing"  ... > 
  at <NuxtLayout> 
  at <App key=4 > 
  at <NuxtRoot> @ http://localhost:3001/_nuxt/@fs/Users/andrejkoval/Dev/vivadzen/src/front/node_modules/@vue/runtime-core/dist/runtime-core.esm-bundler.js?v=52c0a703:49
[     585ms] [WARNING] [Vue warn]: Hydration style mismatch on JSHandle@node 
  - rendered on server: style="width:1em;height:1em;--c613ce94-iconUrl:url('https://api.iconify.design/logos/google-icon.svg');"
  - expected on client: style="width:1em;height:1em;"
  Note: this mismatch is check-only. The DOM will not be rectified in production due to performance overhead.
  You should fix the source of the mismatch. 
  at <IconCSS name="logos:google-icon" class="review-card__google-icon" > 
  at <SnapSlide key=6 > 
  at <SnapCarousel items= [Object, Object, Object, Object, Object, Object, Object, Object, Object, Object, Object, Object, Object, Object, Object, Object, Object, Object, Object, Object] items-per-page= {mobile: 1, tablet: 2, desktop: 3, ld: 3, xld: 3} gap= {mobile: 16, tablet: 20, desktop: 24}  ... > 
  at <GoogleReviews> 
  at <Index onVnodeUnmounted=fn<onVnodeUnmounted> ref=Ref< undefined > > 
  at <RouteProvider key="/" vnode= {__v_isVNode: true, __v_skip: true, type: Object, props: Object, key: null} route= {fullPath: /, hash: , query: Object, name: index___cs, path: /}  ... > 
  at <RouterView name=undefined route=undefined > 
  at <NuxtPage> 
  at <Body> 
  at <Html lang="cs-CZ" dir="ltr" > 
  at <Landing ref=Ref< undefined > > 
  at <AsyncComponentWrapper ref=Ref< undefined > > 
  at <LayoutLoader key="landing" layoutProps= {ref: RefImpl} name="landing" > 
  at <NuxtLayoutProvider layoutProps= {ref: RefImpl} key="landing" name="landing"  ... > 
  at <NuxtLayout> 
  at <App key=4 > 
  at <NuxtRoot> @ http://localhost:3001/_nuxt/@fs/Users/andrejkoval/Dev/vivadzen/src/front/node_modules/@vue/runtime-core/dist/runtime-core.esm-bundler.js?v=52c0a703:49
[     585ms] [WARNING] [Vue warn]: Hydration style mismatch on JSHandle@node 
  - rendered on server: style="width:1em;height:1em;--c613ce94-iconUrl:url('https://api.iconify.design/ph/star-fill.svg');"
  - expected on client: style="width:1em;height:1em;"
  Note: this mismatch is check-only. The DOM will not be rectified in production due to performance overhead.
  You should fix the source of the mismatch. 
  at <IconCSS key=1 name="ph:star-fill" class="review-card__star filled" > 
  at <SnapSlide key=6 > 
  at <SnapCarousel items= [Object, Object, Object, Object, Object, Object, Object, Object, Object, Object, Object, Object, Object, Object, Object, Object, Object, Object, Object, Object] items-per-page= {mobile: 1, tablet: 2, desktop: 3, ld: 3, xld: 3} gap= {mobile: 16, tablet: 20, desktop: 24}  ... > 
  at <GoogleReviews> 
  at <Index onVnodeUnmounted=fn<onVnodeUnmounted> ref=Ref< undefined > > 
  at <RouteProvider key="/" vnode= {__v_isVNode: true, __v_skip: true, type: Object, props: Object, key: null} route= {fullPath: /, hash: , query: Object, name: index___cs, path: /}  ... > 
  at <RouterView name=undefined route=undefined > 
  at <NuxtPage> 
  at <Body> 
  at <Html lang="cs-CZ" dir="ltr" > 
  at <Landing ref=Ref< undefined > > 
  at <AsyncComponentWrapper ref=Ref< undefined > > 
  at <LayoutLoader key="landing" layoutProps= {ref: RefImpl} name="landing" > 
  at <NuxtLayoutProvider layoutProps= {ref: RefImpl} key="landing" name="landing"  ... > 
  at <NuxtLayout> 
  at <App key=4 > 
  at <NuxtRoot> @ http://localhost:3001/_nuxt/@fs/Users/andrejkoval/Dev/vivadzen/src/front/node_modules/@vue/runtime-core/dist/runtime-core.esm-bundler.js?v=52c0a703:49
[     586ms] [WARNING] [Vue warn]: Hydration style mismatch on JSHandle@node 
  - rendered on server: style="width:1em;height:1em;--c613ce94-iconUrl:url('https://api.iconify.design/ph/star-fill.svg');"
  - expected on client: style="width:1em;height:1em;"
  Note: this mismatch is check-only. The DOM will not be rectified in production due to performance overhead.
  You should fix the source of the mismatch. 
  at <IconCSS key=2 name="ph:star-fill" class="review-card__star filled" > 
  at <SnapSlide key=6 > 
  at <SnapCarousel items= [Object, Object, Object, Object, Object, Object, Object, Object, Object, Object, Object, Object, Object, Object, Object, Object, Object, Object, Object, Object] items-per-page= {mobile: 1, tablet: 2, desktop: 3, ld: 3, xld: 3} gap= {mobile: 16, tablet: 20, desktop: 24}  ... > 
  at <GoogleReviews> 
  at <Index onVnodeUnmounted=fn<onVnodeUnmounted> ref=Ref< undefined > > 
  at <RouteProvider key="/" vnode= {__v_isVNode: true, __v_skip: true, type: Object, props: Object, key: null} route= {fullPath: /, hash: , query: Object, name: index___cs, path: /}  ... > 
  at <RouterView name=undefined route=undefined > 
  at <NuxtPage> 
  at <Body> 
  at <Html lang="cs-CZ" dir="ltr" > 
  at <Landing ref=Ref< undefined > > 
  at <AsyncComponentWrapper ref=Ref< undefined > > 
  at <LayoutLoader key="landing" layoutProps= {ref: RefImpl} name="landing" > 
  at <NuxtLayoutProvider layoutProps= {ref: RefImpl} key="landing" name="landing"  ... > 
  at <NuxtLayout> 
  at <App key=4 > 
  at <NuxtRoot> @ http://localhost:3001/_nuxt/@fs/Users/andrejkoval/Dev/vivadzen/src/front/node_modules/@vue/runtime-core/dist/runtime-core.esm-bundler.js?v=52c0a703:49
[     586ms] [WARNING] [Vue warn]: Hydration style mismatch on JSHandle@node 
  - rendered on server: style="width:1em;height:1em;--c613ce94-iconUrl:url('https://api.iconify.design/ph/star-fill.svg');"
  - expected on client: style="width:1em;height:1em;"
  Note: this mismatch is check-only. The DOM will not be rectified in production due to performance overhead.
  You should fix the source of the mismatch. 
  at <IconCSS key=3 name="ph:star-fill" class="review-card__star filled" > 
  at <SnapSlide key=6 > 
  at <SnapCarousel items= [Object, Object, Object, Object, Object, Object, Object, Object, Object, Object, Object, Object, Object, Object, Object, Object, Object, Object, Object, Object] items-per-page= {mobile: 1, tablet: 2, desktop: 3, ld: 3, xld: 3} gap= {mobile: 16, tablet: 20, desktop: 24}  ... > 
  at <GoogleReviews> 
  at <Index onVnodeUnmounted=fn<onVnodeUnmounted> ref=Ref< undefined > > 
  at <RouteProvider key="/" vnode= {__v_isVNode: true, __v_skip: true, type: Object, props: Object, key: null} route= {fullPath: /, hash: , query: Object, name: index___cs, path: /}  ... > 
  at <RouterView name=undefined route=undefined > 
  at <NuxtPage> 
  at <Body> 
  at <Html lang="cs-CZ" dir="ltr" > 
  at <Landing ref=Ref< undefined > > 
  at <AsyncComponentWrapper ref=Ref< undefined > > 
  at <LayoutLoader key="landing" layoutProps= {ref: RefImpl} name="landing" > 
  at <NuxtLayoutProvider layoutProps= {ref: RefImpl} key="landing" name="landing"  ... > 
  at <NuxtLayout> 
  at <App key=4 > 
  at <NuxtRoot> @ http://localhost:3001/_nuxt/@fs/Users/andrejkoval/Dev/vivadzen/src/front/node_modules/@vue/runtime-core/dist/runtime-core.esm-bundler.js?v=52c0a703:49
[     586ms] [WARNING] [Vue warn]: Hydration style mismatch on JSHandle@node 
  - rendered on server: style="width:1em;height:1em;--c613ce94-iconUrl:url('https://api.iconify.design/ph/star-fill.svg');"
  - expected on client: style="width:1em;height:1em;"
  Note: this mismatch is check-only. The DOM will not be rectified in production due to performance overhead.
  You should fix the source of the mismatch. 
  at <IconCSS key=4 name="ph:star-fill" class="review-card__star filled" > 
  at <SnapSlide key=6 > 
  at <SnapCarousel items= [Object, Object, Object, Object, Object, Object, Object, Object, Object, Object, Object, Object, Object, Object, Object, Object, Object, Object, Object, Object] items-per-page= {mobile: 1, tablet: 2, desktop: 3, ld: 3, xld: 3} gap= {mobile: 16, tablet: 20, desktop: 24}  ... > 
  at <GoogleReviews> 
  at <Index onVnodeUnmounted=fn<onVnodeUnmounted> ref=Ref< undefined > > 
  at <RouteProvider key="/" vnode= {__v_isVNode: true, __v_skip: true, type: Object, props: Object, key: null} route= {fullPath: /, hash: , query: Object, name: index___cs, path: /}  ... > 
  at <RouterView name=undefined route=undefined > 
  at <NuxtPage> 
  at <Body> 
  at <Html lang="cs-CZ" dir="ltr" > 
  at <Landing ref=Ref< undefined > > 
  at <AsyncComponentWrapper ref=Ref< undefined > > 
  at <LayoutLoader key="landing" layoutProps= {ref: RefImpl} name="landing" > 
  at <NuxtLayoutProvider layoutProps= {ref: RefImpl} key="landing" name="landing"  ... > 
  at <NuxtLayout> 
  at <App key=4 > 
  at <NuxtRoot> @ http://localhost:3001/_nuxt/@fs/Users/andrejkoval/Dev/vivadzen/src/front/node_modules/@vue/runtime-core/dist/runtime-core.esm-bundler.js?v=52c0a703:49
[     586ms] [WARNING] [Vue warn]: Hydration style mismatch on JSHandle@node 
  - rendered on server: style="width:1em;height:1em;--c613ce94-iconUrl:url('https://api.iconify.design/ph/star-fill.svg');"
  - expected on client: style="width:1em;height:1em;"
  Note: this mismatch is check-only. The DOM will not be rectified in production due to performance overhead.
  You should fix the source of the mismatch. 
  at <IconCSS key=5 name="ph:star-fill" class="review-card__star filled" > 
  at <SnapSlide key=6 > 
  at <SnapCarousel items= [Object, Object, Object, Object, Object, Object, Object, Object, Object, Object, Object, Object, Object, Object, Object, Object, Object, Object, Object, Object] items-per-page= {mobile: 1, tablet: 2, desktop: 3, ld: 3, xld: 3} gap= {mobile: 16, tablet: 20, desktop: 24}  ... > 
  at <GoogleReviews> 
  at <Index onVnodeUnmounted=fn<onVnodeUnmounted> ref=Ref< undefined > > 
  at <RouteProvider key="/" vnode= {__v_isVNode: true, __v_skip: true, type: Object, props: Object, key: null} route= {fullPath: /, hash: , query: Object, name: index___cs, path: /}  ... > 
  at <RouterView name=undefined route=undefined > 
  at <NuxtPage> 
  at <Body> 
  at <Html lang="cs-CZ" dir="ltr" > 
  at <Landing ref=Ref< undefined > > 
  at <AsyncComponentWrapper ref=Ref< undefined > > 
  at <LayoutLoader key="landing" layoutProps= {ref: RefImpl} name="landing" > 
  at <NuxtLayoutProvider layoutProps= {ref: RefImpl} key="landing" name="landing"  ... > 
  at <NuxtLayout> 
  at <App key=4 > 
  at <NuxtRoot> @ http://localhost:3001/_nuxt/@fs/Users/andrejkoval/Dev/vivadzen/src/front/node_modules/@vue/runtime-core/dist/runtime-core.esm-bundler.js?v=52c0a703:49
[     586ms] [WARNING] [Vue warn]: Hydration style mismatch on JSHandle@node 
  - rendered on server: style="width:1em;height:1em;--c613ce94-iconUrl:url('https://api.iconify.design/logos/google-icon.svg');"
  - expected on client: style="width:1em;height:1em;"
  Note: this mismatch is check-only. The DOM will not be rectified in production due to performance overhead.
  You should fix the source of the mismatch. 
  at <IconCSS name="logos:google-icon" class="review-card__google-icon" > 
  at <SnapSlide key=7 > 
  at <SnapCarousel items= [Object, Object, Object, Object, Object, Object, Object, Object, Object, Object, Object, Object, Object, Object, Object, Object, Object, Object, Object, Object] items-per-page= {mobile: 1, tablet: 2, desktop: 3, ld: 3, xld: 3} gap= {mobile: 16, tablet: 20, desktop: 24}  ... > 
  at <GoogleReviews> 
  at <Index onVnodeUnmounted=fn<onVnodeUnmounted> ref=Ref< undefined > > 
  at <RouteProvider key="/" vnode= {__v_isVNode: true, __v_skip: true, type: Object, props: Object, key: null} route= {fullPath: /, hash: , query: Object, name: index___cs, path: /}  ... > 
  at <RouterView name=undefined route=undefined > 
  at <NuxtPage> 
  at <Body> 
  at <Html lang="cs-CZ" dir="ltr" > 
  at <Landing ref=Ref< undefined > > 
  at <AsyncComponentWrapper ref=Ref< undefined > > 
  at <LayoutLoader key="landing" layoutProps= {ref: RefImpl} name="landing" > 
  at <NuxtLayoutProvider layoutProps= {ref: RefImpl} key="landing" name="landing"  ... > 
  at <NuxtLayout> 
  at <App key=4 > 
  at <NuxtRoot> @ http://localhost:3001/_nuxt/@fs/Users/andrejkoval/Dev/vivadzen/src/front/node_modules/@vue/runtime-core/dist/runtime-core.esm-bundler.js?v=52c0a703:49
[     587ms] [WARNING] [Vue warn]: Hydration style mismatch on JSHandle@node 
  - rendered on server: style="width:1em;height:1em;--c613ce94-iconUrl:url('https://api.iconify.design/ph/star-fill.svg');"
  - expected on client: style="width:1em;height:1em;"
  Note: this mismatch is check-only. The DOM will not be rectified in production due to performance overhead.
  You should fix the source of the mismatch. 
  at <IconCSS key=1 name="ph:star-fill" class="review-card__star filled" > 
  at <SnapSlide key=7 > 
  at <SnapCarousel items= [Object, Object, Object, Object, Object, Object, Object, Object, Object, Object, Object, Object, Object, Object, Object, Object, Object, Object, Object, Object] items-per-page= {mobile: 1, tablet: 2, desktop: 3, ld: 3, xld: 3} gap= {mobile: 16, tablet: 20, desktop: 24}  ... > 
  at <GoogleReviews> 
  at <Index onVnodeUnmounted=fn<onVnodeUnmounted> ref=Ref< undefined > > 
  at <RouteProvider key="/" vnode= {__v_isVNode: true, __v_skip: true, type: Object, props: Object, key: null} route= {fullPath: /, hash: , query: Object, name: index___cs, path: /}  ... > 
  at <RouterView name=undefined route=undefined > 
  at <NuxtPage> 
  at <Body> 
  at <Html lang="cs-CZ" dir="ltr" > 
  at <Landing ref=Ref< undefined > > 
  at <AsyncComponentWrapper ref=Ref< undefined > > 
  at <LayoutLoader key="landing" layoutProps= {ref: RefImpl} name="landing" > 
  at <NuxtLayoutProvider layoutProps= {ref: RefImpl} key="landing" name="landing"  ... > 
  at <NuxtLayout> 
  at <App key=4 > 
  at <NuxtRoot> @ http://localhost:3001/_nuxt/@fs/Users/andrejkoval/Dev/vivadzen/src/front/node_modules/@vue/runtime-core/dist/runtime-core.esm-bundler.js?v=52c0a703:49
[     587ms] [WARNING] [Vue warn]: Hydration style mismatch on JSHandle@node 
  - rendered on server: style="width:1em;height:1em;--c613ce94-iconUrl:url('https://api.iconify.design/ph/star-fill.svg');"
  - expected on client: style="width:1em;height:1em;"
  Note: this mismatch is check-only. The DOM will not be rectified in production due to performance overhead.
  You should fix the source of the mismatch. 
  at <IconCSS key=2 name="ph:star-fill" class="review-card__star filled" > 
  at <SnapSlide key=7 > 
  at <SnapCarousel items= [Object, Object, Object, Object, Object, Object, Object, Object, Object, Object, Object, Object, Object, Object, Object, Object, Object, Object, Object, Object] items-per-page= {mobile: 1, tablet: 2, desktop: 3, ld: 3, xld: 3} gap= {mobile: 16, tablet: 20, desktop: 24}  ... > 
  at <GoogleReviews> 
  at <Index onVnodeUnmounted=fn<onVnodeUnmounted> ref=Ref< undefined > > 
  at <RouteProvider key="/" vnode= {__v_isVNode: true, __v_skip: true, type: Object, props: Object, key: null} route= {fullPath: /, hash: , query: Object, name: index___cs, path: /}  ... > 
  at <RouterView name=undefined route=undefined > 
  at <NuxtPage> 
  at <Body> 
  at <Html lang="cs-CZ" dir="ltr" > 
  at <Landing ref=Ref< undefined > > 
  at <AsyncComponentWrapper ref=Ref< undefined > > 
  at <LayoutLoader key="landing" layoutProps= {ref: RefImpl} name="landing" > 
  at <NuxtLayoutProvider layoutProps= {ref: RefImpl} key="landing" name="landing"  ... > 
  at <NuxtLayout> 
  at <App key=4 > 
  at <NuxtRoot> @ http://localhost:3001/_nuxt/@fs/Users/andrejkoval/Dev/vivadzen/src/front/node_modules/@vue/runtime-core/dist/runtime-core.esm-bundler.js?v=52c0a703:49
[     587ms] [WARNING] [Vue warn]: Hydration style mismatch on JSHandle@node 
  - rendered on server: style="width:1em;height:1em;--c613ce94-iconUrl:url('https://api.iconify.design/ph/star-fill.svg');"
  - expected on client: style="width:1em;height:1em;"
  Note: this mismatch is check-only. The DOM will not be rectified in production due to performance overhead.
  You should fix the source of the mismatch. 
  at <IconCSS key=3 name="ph:star-fill" class="review-card__star filled" > 
  at <SnapSlide key=7 > 
  at <SnapCarousel items= [Object, Object, Object, Object, Object, Object, Object, Object, Object, Object, Object, Object, Object, Object, Object, Object, Object, Object, Object, Object] items-per-page= {mobile: 1, tablet: 2, desktop: 3, ld: 3, xld: 3} gap= {mobile: 16, tablet: 20, desktop: 24}  ... > 
  at <GoogleReviews> 
  at <Index onVnodeUnmounted=fn<onVnodeUnmounted> ref=Ref< undefined > > 
  at <RouteProvider key="/" vnode= {__v_isVNode: true, __v_skip: true, type: Object, props: Object, key: null} route= {fullPath: /, hash: , query: Object, name: index___cs, path: /}  ... > 
  at <RouterView name=undefined route=undefined > 
  at <NuxtPage> 
  at <Body> 
  at <Html lang="cs-CZ" dir="ltr" > 
  at <Landing ref=Ref< undefined > > 
  at <AsyncComponentWrapper ref=Ref< undefined > > 
  at <LayoutLoader key="landing" layoutProps= {ref: RefImpl} name="landing" > 
  at <NuxtLayoutProvider layoutProps= {ref: RefImpl} key="landing" name="landing"  ... > 
  at <NuxtLayout> 
  at <App key=4 > 
  at <NuxtRoot> @ http://localhost:3001/_nuxt/@fs/Users/andrejkoval/Dev/vivadzen/src/front/node_modules/@vue/runtime-core/dist/runtime-core.esm-bundler.js?v=52c0a703:49
[     587ms] [WARNING] [Vue warn]: Hydration style mismatch on JSHandle@node 
  - rendered on server: style="width:1em;height:1em;--c613ce94-iconUrl:url('https://api.iconify.design/ph/star-fill.svg');"
  - expected on client: style="width:1em;height:1em;"
  Note: this mismatch is check-only. The DOM will not be rectified in production due to performance overhead.
  You should fix the source of the mismatch. 
  at <IconCSS key=4 name="ph:star-fill" class="review-card__star filled" > 
  at <SnapSlide key=7 > 
  at <SnapCarousel items= [Object, Object, Object, Object, Object, Object, Object, Object, Object, Object, Object, Object, Object, Object, Object, Object, Object, Object, Object, Object] items-per-page= {mobile: 1, tablet: 2, desktop: 3, ld: 3, xld: 3} gap= {mobile: 16, tablet: 20, desktop: 24}  ... > 
  at <GoogleReviews> 
  at <Index onVnodeUnmounted=fn<onVnodeUnmounted> ref=Ref< undefined > > 
  at <RouteProvider key="/" vnode= {__v_isVNode: true, __v_skip: true, type: Object, props: Object, key: null} route= {fullPath: /, hash: , query: Object, name: index___cs, path: /}  ... > 
  at <RouterView name=undefined route=undefined > 
  at <NuxtPage> 
  at <Body> 
  at <Html lang="cs-CZ" dir="ltr" > 
  at <Landing ref=Ref< undefined > > 
  at <AsyncComponentWrapper ref=Ref< undefined > > 
  at <LayoutLoader key="landing" layoutProps= {ref: RefImpl} name="landing" > 
  at <NuxtLayoutProvider layoutProps= {ref: RefImpl} key="landing" name="landing"  ... > 
  at <NuxtLayout> 
  at <App key=4 > 
  at <NuxtRoot> @ http://localhost:3001/_nuxt/@fs/Users/andrejkoval/Dev/vivadzen/src/front/node_modules/@vue/runtime-core/dist/runtime-core.esm-bundler.js?v=52c0a703:49
[     588ms] [WARNING] [Vue warn]: Hydration style mismatch on JSHandle@node 
  - rendered on server: style="width:1em;height:1em;--c613ce94-iconUrl:url('https://api.iconify.design/ph/star-fill.svg');"
  - expected on client: style="width:1em;height:1em;"
  Note: this mismatch is check-only. The DOM will not be rectified in production due to performance overhead.
  You should fix the source of the mismatch. 
  at <IconCSS key=5 name="ph:star-fill" class="review-card__star filled" > 
  at <SnapSlide key=7 > 
  at <SnapCarousel items= [Object, Object, Object, Object, Object, Object, Object, Object, Object, Object, Object, Object, Object, Object, Object, Object, Object, Object, Object, Object] items-per-page= {mobile: 1, tablet: 2, desktop: 3, ld: 3, xld: 3} gap= {mobile: 16, tablet: 20, desktop: 24}  ... > 
  at <GoogleReviews> 
  at <Index onVnodeUnmounted=fn<onVnodeUnmounted> ref=Ref< undefined > > 
  at <RouteProvider key="/" vnode= {__v_isVNode: true, __v_skip: true, type: Object, props: Object, key: null} route= {fullPath: /, hash: , query: Object, name: index___cs, path: /}  ... > 
  at <RouterView name=undefined route=undefined > 
  at <NuxtPage> 
  at <Body> 
  at <Html lang="cs-CZ" dir="ltr" > 
  at <Landing ref=Ref< undefined > > 
  at <AsyncComponentWrapper ref=Ref< undefined > > 
  at <LayoutLoader key="landing" layoutProps= {ref: RefImpl} name="landing" > 
  at <NuxtLayoutProvider layoutProps= {ref: RefImpl} key="landing" name="landing"  ... > 
  at <NuxtLayout> 
  at <App key=4 > 
  at <NuxtRoot> @ http://localhost:3001/_nuxt/@fs/Users/andrejkoval/Dev/vivadzen/src/front/node_modules/@vue/runtime-core/dist/runtime-core.esm-bundler.js?v=52c0a703:49
[     588ms] [WARNING] [Vue warn]: Hydration style mismatch on JSHandle@node 
  - rendered on server: style="width:1em;height:1em;--c613ce94-iconUrl:url('https://api.iconify.design/logos/google-icon.svg');"
  - expected on client: style="width:1em;height:1em;"
  Note: this mismatch is check-only. The DOM will not be rectified in production due to performance overhead.
  You should fix the source of the mismatch. 
  at <IconCSS name="logos:google-icon" class="review-card__google-icon" > 
  at <SnapSlide key=8 > 
  at <SnapCarousel items= [Object, Object, Object, Object, Object, Object, Object, Object, Object, Object, Object, Object, Object, Object, Object, Object, Object, Object, Object, Object] items-per-page= {mobile: 1, tablet: 2, desktop: 3, ld: 3, xld: 3} gap= {mobile: 16, tablet: 20, desktop: 24}  ... > 
  at <GoogleReviews> 
  at <Index onVnodeUnmounted=fn<onVnodeUnmounted> ref=Ref< undefined > > 
  at <RouteProvider key="/" vnode= {__v_isVNode: true, __v_skip: true, type: Object, props: Object, key: null} route= {fullPath: /, hash: , query: Object, name: index___cs, path: /}  ... > 
  at <RouterView name=undefined route=undefined > 
  at <NuxtPage> 
  at <Body> 
  at <Html lang="cs-CZ" dir="ltr" > 
  at <Landing ref=Ref< undefined > > 
  at <AsyncComponentWrapper ref=Ref< undefined > > 
  at <LayoutLoader key="landing" layoutProps= {ref: RefImpl} name="landing" > 
  at <NuxtLayoutProvider layoutProps= {ref: RefImpl} key="landing" name="landing"  ... > 
  at <NuxtLayout> 
  at <App key=4 > 
  at <NuxtRoot> @ http://localhost:3001/_nuxt/@fs/Users/andrejkoval/Dev/vivadzen/src/front/node_modules/@vue/runtime-core/dist/runtime-core.esm-bundler.js?v=52c0a703:49
[     588ms] [WARNING] [Vue warn]: Hydration style mismatch on JSHandle@node 
  - rendered on server: style="width:1em;height:1em;--c613ce94-iconUrl:url('https://api.iconify.design/ph/star-fill.svg');"
  - expected on client: style="width:1em;height:1em;"
  Note: this mismatch is check-only. The DOM will not be rectified in production due to performance overhead.
  You should fix the source of the mismatch. 
  at <IconCSS key=1 name="ph:star-fill" class="review-card__star filled" > 
  at <SnapSlide key=8 > 
  at <SnapCarousel items= [Object, Object, Object, Object, Object, Object, Object, Object, Object, Object, Object, Object, Object, Object, Object, Object, Object, Object, Object, Object] items-per-page= {mobile: 1, tablet: 2, desktop: 3, ld: 3, xld: 3} gap= {mobile: 16, tablet: 20, desktop: 24}  ... > 
  at <GoogleReviews> 
  at <Index onVnodeUnmounted=fn<onVnodeUnmounted> ref=Ref< undefined > > 
  at <RouteProvider key="/" vnode= {__v_isVNode: true, __v_skip: true, type: Object, props: Object, key: null} route= {fullPath: /, hash: , query: Object, name: index___cs, path: /}  ... > 
  at <RouterView name=undefined route=undefined > 
  at <NuxtPage> 
  at <Body> 
  at <Html lang="cs-CZ" dir="ltr" > 
  at <Landing ref=Ref< undefined > > 
  at <AsyncComponentWrapper ref=Ref< undefined > > 
  at <LayoutLoader key="landing" layoutProps= {ref: RefImpl} name="landing" > 
  at <NuxtLayoutProvider layoutProps= {ref: RefImpl} key="landing" name="landing"  ... > 
  at <NuxtLayout> 
  at <App key=4 > 
  at <NuxtRoot> @ http://localhost:3001/_nuxt/@fs/Users/andrejkoval/Dev/vivadzen/src/front/node_modules/@vue/runtime-core/dist/runtime-core.esm-bundler.js?v=52c0a703:49
[     589ms] [WARNING] [Vue warn]: Hydration style mismatch on JSHandle@node 
  - rendered on server: style="width:1em;height:1em;--c613ce94-iconUrl:url('https://api.iconify.design/ph/star-fill.svg');"
  - expected on client: style="width:1em;height:1em;"
  Note: this mismatch is check-only. The DOM will not be rectified in production due to performance overhead.
  You should fix the source of the mismatch. 
  at <IconCSS key=2 name="ph:star-fill" class="review-card__star filled" > 
  at <SnapSlide key=8 > 
  at <SnapCarousel items= [Object, Object, Object, Object, Object, Object, Object, Object, Object, Object, Object, Object, Object, Object, Object, Object, Object, Object, Object, Object] items-per-page= {mobile: 1, tablet: 2, desktop: 3, ld: 3, xld: 3} gap= {mobile: 16, tablet: 20, desktop: 24}  ... > 
  at <GoogleReviews> 
  at <Index onVnodeUnmounted=fn<onVnodeUnmounted> ref=Ref< undefined > > 
  at <RouteProvider key="/" vnode= {__v_isVNode: true, __v_skip: true, type: Object, props: Object, key: null} route= {fullPath: /, hash: , query: Object, name: index___cs, path: /}  ... > 
  at <RouterView name=undefined route=undefined > 
  at <NuxtPage> 
  at <Body> 
  at <Html lang="cs-CZ" dir="ltr" > 
  at <Landing ref=Ref< undefined > > 
  at <AsyncComponentWrapper ref=Ref< undefined > > 
  at <LayoutLoader key="landing" layoutProps= {ref: RefImpl} name="landing" > 
  at <NuxtLayoutProvider layoutProps= {ref: RefImpl} key="landing" name="landing"  ... > 
  at <NuxtLayout> 
  at <App key=4 > 
  at <NuxtRoot> @ http://localhost:3001/_nuxt/@fs/Users/andrejkoval/Dev/vivadzen/src/front/node_modules/@vue/runtime-core/dist/runtime-core.esm-bundler.js?v=52c0a703:49
[     589ms] [WARNING] [Vue warn]: Hydration style mismatch on JSHandle@node 
  - rendered on server: style="width:1em;height:1em;--c613ce94-iconUrl:url('https://api.iconify.design/ph/star-fill.svg');"
  - expected on client: style="width:1em;height:1em;"
  Note: this mismatch is check-only. The DOM will not be rectified in production due to performance overhead.
  You should fix the source of the mismatch. 
  at <IconCSS key=3 name="ph:star-fill" class="review-card__star filled" > 
  at <SnapSlide key=8 > 
  at <SnapCarousel items= [Object, Object, Object, Object, Object, Object, Object, Object, Object, Object, Object, Object, Object, Object, Object, Object, Object, Object, Object, Object] items-per-page= {mobile: 1, tablet: 2, desktop: 3, ld: 3, xld: 3} gap= {mobile: 16, tablet: 20, desktop: 24}  ... > 
  at <GoogleReviews> 
  at <Index onVnodeUnmounted=fn<onVnodeUnmounted> ref=Ref< undefined > > 
  at <RouteProvider key="/" vnode= {__v_isVNode: true, __v_skip: true, type: Object, props: Object, key: null} route= {fullPath: /, hash: , query: Object, name: index___cs, path: /}  ... > 
  at <RouterView name=undefined route=undefined > 
  at <NuxtPage> 
  at <Body> 
  at <Html lang="cs-CZ" dir="ltr" > 
  at <Landing ref=Ref< undefined > > 
  at <AsyncComponentWrapper ref=Ref< undefined > > 
  at <LayoutLoader key="landing" layoutProps= {ref: RefImpl} name="landing" > 
  at <NuxtLayoutProvider layoutProps= {ref: RefImpl} key="landing" name="landing"  ... > 
  at <NuxtLayout> 
  at <App key=4 > 
  at <NuxtRoot> @ http://localhost:3001/_nuxt/@fs/Users/andrejkoval/Dev/vivadzen/src/front/node_modules/@vue/runtime-core/dist/runtime-core.esm-bundler.js?v=52c0a703:49
[     589ms] [WARNING] [Vue warn]: Hydration style mismatch on JSHandle@node 
  - rendered on server: style="width:1em;height:1em;--c613ce94-iconUrl:url('https://api.iconify.design/ph/star-fill.svg');"
  - expected on client: style="width:1em;height:1em;"
  Note: this mismatch is check-only. The DOM will not be rectified in production due to performance overhead.
  You should fix the source of the mismatch. 
  at <IconCSS key=4 name="ph:star-fill" class="review-card__star filled" > 
  at <SnapSlide key=8 > 
  at <SnapCarousel items= [Object, Object, Object, Object, Object, Object, Object, Object, Object, Object, Object, Object, Object, Object, Object, Object, Object, Object, Object, Object] items-per-page= {mobile: 1, tablet: 2, desktop: 3, ld: 3, xld: 3} gap= {mobile: 16, tablet: 20, desktop: 24}  ... > 
  at <GoogleReviews> 
  at <Index onVnodeUnmounted=fn<onVnodeUnmounted> ref=Ref< undefined > > 
  at <RouteProvider key="/" vnode= {__v_isVNode: true, __v_skip: true, type: Object, props: Object, key: null} route= {fullPath: /, hash: , query: Object, name: index___cs, path: /}  ... > 
  at <RouterView name=undefined route=undefined > 
  at <NuxtPage> 
  at <Body> 
  at <Html lang="cs-CZ" dir="ltr" > 
  at <Landing ref=Ref< undefined > > 
  at <AsyncComponentWrapper ref=Ref< undefined > > 
  at <LayoutLoader key="landing" layoutProps= {ref: RefImpl} name="landing" > 
  at <NuxtLayoutProvider layoutProps= {ref: RefImpl} key="landing" name="landing"  ... > 
  at <NuxtLayout> 
  at <App key=4 > 
  at <NuxtRoot> @ http://localhost:3001/_nuxt/@fs/Users/andrejkoval/Dev/vivadzen/src/front/node_modules/@vue/runtime-core/dist/runtime-core.esm-bundler.js?v=52c0a703:49
[     589ms] [WARNING] [Vue warn]: Hydration style mismatch on JSHandle@node 
  - rendered on server: style="width:1em;height:1em;--c613ce94-iconUrl:url('https://api.iconify.design/ph/star-fill.svg');"
  - expected on client: style="width:1em;height:1em;"
  Note: this mismatch is check-only. The DOM will not be rectified in production due to performance overhead.
  You should fix the source of the mismatch. 
  at <IconCSS key=5 name="ph:star-fill" class="review-card__star filled" > 
  at <SnapSlide key=8 > 
  at <SnapCarousel items= [Object, Object, Object, Object, Object, Object, Object, Object, Object, Object, Object, Object, Object, Object, Object, Object, Object, Object, Object, Object] items-per-page= {mobile: 1, tablet: 2, desktop: 3, ld: 3, xld: 3} gap= {mobile: 16, tablet: 20, desktop: 24}  ... > 
  at <GoogleReviews> 
  at <Index onVnodeUnmounted=fn<onVnodeUnmounted> ref=Ref< undefined > > 
  at <RouteProvider key="/" vnode= {__v_isVNode: true, __v_skip: true, type: Object, props: Object, key: null} route= {fullPath: /, hash: , query: Object, name: index___cs, path: /}  ... > 
  at <RouterView name=undefined route=undefined > 
  at <NuxtPage> 
  at <Body> 
  at <Html lang="cs-CZ" dir="ltr" > 
  at <Landing ref=Ref< undefined > > 
  at <AsyncComponentWrapper ref=Ref< undefined > > 
  at <LayoutLoader key="landing" layoutProps= {ref: RefImpl} name="landing" > 
  at <NuxtLayoutProvider layoutProps= {ref: RefImpl} key="landing" name="landing"  ... > 
  at <NuxtLayout> 
  at <App key=4 > 
  at <NuxtRoot> @ http://localhost:3001/_nuxt/@fs/Users/andrejkoval/Dev/vivadzen/src/front/node_modules/@vue/runtime-core/dist/runtime-core.esm-bundler.js?v=52c0a703:49
[     590ms] [WARNING] [Vue warn]: Hydration style mismatch on JSHandle@node 
  - rendered on server: style="width:1em;height:1em;--c613ce94-iconUrl:url('https://api.iconify.design/logos/google-icon.svg');"
  - expected on client: style="width:1em;height:1em;"
  Note: this mismatch is check-only. The DOM will not be rectified in production due to performance overhead.
  You should fix the source of the mismatch. 
  at <IconCSS name="logos:google-icon" class="review-card__google-icon" > 
  at <SnapSlide key=9 > 
  at <SnapCarousel items= [Object, Object, Object, Object, Object, Object, Object, Object, Object, Object, Object, Object, Object, Object, Object, Object, Object, Object, Object, Object] items-per-page= {mobile: 1, tablet: 2, desktop: 3, ld: 3, xld: 3} gap= {mobile: 16, tablet: 20, desktop: 24}  ... > 
  at <GoogleReviews> 
  at <Index onVnodeUnmounted=fn<onVnodeUnmounted> ref=Ref< undefined > > 
  at <RouteProvider key="/" vnode= {__v_isVNode: true, __v_skip: true, type: Object, props: Object, key: null} route= {fullPath: /, hash: , query: Object, name: index___cs, path: /}  ... > 
  at <RouterView name=undefined route=undefined > 
  at <NuxtPage> 
  at <Body> 
  at <Html lang="cs-CZ" dir="ltr" > 
  at <Landing ref=Ref< undefined > > 
  at <AsyncComponentWrapper ref=Ref< undefined > > 
  at <LayoutLoader key="landing" layoutProps= {ref: RefImpl} name="landing" > 
  at <NuxtLayoutProvider layoutProps= {ref: RefImpl} key="landing" name="landing"  ... > 
  at <NuxtLayout> 
  at <App key=4 > 
  at <NuxtRoot> @ http://localhost:3001/_nuxt/@fs/Users/andrejkoval/Dev/vivadzen/src/front/node_modules/@vue/runtime-core/dist/runtime-core.esm-bundler.js?v=52c0a703:49
[     590ms] [WARNING] [Vue warn]: Hydration style mismatch on JSHandle@node 
  - rendered on server: style="width:1em;height:1em;--c613ce94-iconUrl:url('https://api.iconify.design/ph/star-fill.svg');"
  - expected on client: style="width:1em;height:1em;"
  Note: this mismatch is check-only. The DOM will not be rectified in production due to performance overhead.
  You should fix the source of the mismatch. 
  at <IconCSS key=1 name="ph:star-fill" class="review-card__star filled" > 
  at <SnapSlide key=9 > 
  at <SnapCarousel items= [Object, Object, Object, Object, Object, Object, Object, Object, Object, Object, Object, Object, Object, Object, Object, Object, Object, Object, Object, Object] items-per-page= {mobile: 1, tablet: 2, desktop: 3, ld: 3, xld: 3} gap= {mobile: 16, tablet: 20, desktop: 24}  ... > 
  at <GoogleReviews> 
  at <Index onVnodeUnmounted=fn<onVnodeUnmounted> ref=Ref< undefined > > 
  at <RouteProvider key="/" vnode= {__v_isVNode: true, __v_skip: true, type: Object, props: Object, key: null} route= {fullPath: /, hash: , query: Object, name: index___cs, path: /}  ... > 
  at <RouterView name=undefined route=undefined > 
  at <NuxtPage> 
  at <Body> 
  at <Html lang="cs-CZ" dir="ltr" > 
  at <Landing ref=Ref< undefined > > 
  at <AsyncComponentWrapper ref=Ref< undefined > > 
  at <LayoutLoader key="landing" layoutProps= {ref: RefImpl} name="landing" > 
  at <NuxtLayoutProvider layoutProps= {ref: RefImpl} key="landing" name="landing"  ... > 
  at <NuxtLayout> 
  at <App key=4 > 
  at <NuxtRoot> @ http://localhost:3001/_nuxt/@fs/Users/andrejkoval/Dev/vivadzen/src/front/node_modules/@vue/runtime-core/dist/runtime-core.esm-bundler.js?v=52c0a703:49
[     590ms] [WARNING] [Vue warn]: Hydration style mismatch on JSHandle@node 
  - rendered on server: style="width:1em;height:1em;--c613ce94-iconUrl:url('https://api.iconify.design/ph/star-fill.svg');"
  - expected on client: style="width:1em;height:1em;"
  Note: this mismatch is check-only. The DOM will not be rectified in production due to performance overhead.
  You should fix the source of the mismatch. 
  at <IconCSS key=2 name="ph:star-fill" class="review-card__star filled" > 
  at <SnapSlide key=9 > 
  at <SnapCarousel items= [Object, Object, Object, Object, Object, Object, Object, Object, Object, Object, Object, Object, Object, Object, Object, Object, Object, Object, Object, Object] items-per-page= {mobile: 1, tablet: 2, desktop: 3, ld: 3, xld: 3} gap= {mobile: 16, tablet: 20, desktop: 24}  ... > 
  at <GoogleReviews> 
  at <Index onVnodeUnmounted=fn<onVnodeUnmounted> ref=Ref< undefined > > 
  at <RouteProvider key="/" vnode= {__v_isVNode: true, __v_skip: true, type: Object, props: Object, key: null} route= {fullPath: /, hash: , query: Object, name: index___cs, path: /}  ... > 
  at <RouterView name=undefined route=undefined > 
  at <NuxtPage> 
  at <Body> 
  at <Html lang="cs-CZ" dir="ltr" > 
  at <Landing ref=Ref< undefined > > 
  at <AsyncComponentWrapper ref=Ref< undefined > > 
  at <LayoutLoader key="landing" layoutProps= {ref: RefImpl} name="landing" > 
  at <NuxtLayoutProvider layoutProps= {ref: RefImpl} key="landing" name="landing"  ... > 
  at <NuxtLayout> 
  at <App key=4 > 
  at <NuxtRoot> @ http://localhost:3001/_nuxt/@fs/Users/andrejkoval/Dev/vivadzen/src/front/node_modules/@vue/runtime-core/dist/runtime-core.esm-bundler.js?v=52c0a703:49
[     590ms] [WARNING] [Vue warn]: Hydration style mismatch on JSHandle@node 
  - rendered on server: style="width:1em;height:1em;--c613ce94-iconUrl:url('https://api.iconify.design/ph/star-fill.svg');"
  - expected on client: style="width:1em;height:1em;"
  Note: this mismatch is check-only. The DOM will not be rectified in production due to performance overhead.
  You should fix the source of the mismatch. 
  at <IconCSS key=3 name="ph:star-fill" class="review-card__star filled" > 
  at <SnapSlide key=9 > 
  at <SnapCarousel items= [Object, Object, Object, Object, Object, Object, Object, Object, Object, Object, Object, Object, Object, Object, Object, Object, Object, Object, Object, Object] items-per-page= {mobile: 1, tablet: 2, desktop: 3, ld: 3, xld: 3} gap= {mobile: 16, tablet: 20, desktop: 24}  ... > 
  at <GoogleReviews> 
  at <Index onVnodeUnmounted=fn<onVnodeUnmounted> ref=Ref< undefined > > 
  at <RouteProvider key="/" vnode= {__v_isVNode: true, __v_skip: true, type: Object, props: Object, key: null} route= {fullPath: /, hash: , query: Object, name: index___cs, path: /}  ... > 
  at <RouterView name=undefined route=undefined > 
  at <NuxtPage> 
  at <Body> 
  at <Html lang="cs-CZ" dir="ltr" > 
  at <Landing ref=Ref< undefined > > 
  at <AsyncComponentWrapper ref=Ref< undefined > > 
  at <LayoutLoader key="landing" layoutProps= {ref: RefImpl} name="landing" > 
  at <NuxtLayoutProvider layoutProps= {ref: RefImpl} key="landing" name="landing"  ... > 
  at <NuxtLayout> 
  at <App key=4 > 
  at <NuxtRoot> @ http://localhost:3001/_nuxt/@fs/Users/andrejkoval/Dev/vivadzen/src/front/node_modules/@vue/runtime-core/dist/runtime-core.esm-bundler.js?v=52c0a703:49
[     590ms] [WARNING] [Vue warn]: Hydration style mismatch on JSHandle@node 
  - rendered on server: style="width:1em;height:1em;--c613ce94-iconUrl:url('https://api.iconify.design/ph/star-fill.svg');"
  - expected on client: style="width:1em;height:1em;"
  Note: this mismatch is check-only. The DOM will not be rectified in production due to performance overhead.
  You should fix the source of the mismatch. 
  at <IconCSS key=4 name="ph:star-fill" class="review-card__star filled" > 
  at <SnapSlide key=9 > 
  at <SnapCarousel items= [Object, Object, Object, Object, Object, Object, Object, Object, Object, Object, Object, Object, Object, Object, Object, Object, Object, Object, Object, Object] items-per-page= {mobile: 1, tablet: 2, desktop: 3, ld: 3, xld: 3} gap= {mobile: 16, tablet: 20, desktop: 24}  ... > 
  at <GoogleReviews> 
  at <Index onVnodeUnmounted=fn<onVnodeUnmounted> ref=Ref< undefined > > 
  at <RouteProvider key="/" vnode= {__v_isVNode: true, __v_skip: true, type: Object, props: Object, key: null} route= {fullPath: /, hash: , query: Object, name: index___cs, path: /}  ... > 
  at <RouterView name=undefined route=undefined > 
  at <NuxtPage> 
  at <Body> 
  at <Html lang="cs-CZ" dir="ltr" > 
  at <Landing ref=Ref< undefined > > 
  at <AsyncComponentWrapper ref=Ref< undefined > > 
  at <LayoutLoader key="landing" layoutProps= {ref: RefImpl} name="landing" > 
  at <NuxtLayoutProvider layoutProps= {ref: RefImpl} key="landing" name="landing"  ... > 
  at <NuxtLayout> 
  at <App key=4 > 
  at <NuxtRoot> @ http://localhost:3001/_nuxt/@fs/Users/andrejkoval/Dev/vivadzen/src/front/node_modules/@vue/runtime-core/dist/runtime-core.esm-bundler.js?v=52c0a703:49
[     591ms] [WARNING] [Vue warn]: Hydration style mismatch on JSHandle@node 
  - rendered on server: style="width:1em;height:1em;--c613ce94-iconUrl:url('https://api.iconify.design/ph/star-fill.svg');"
  - expected on client: style="width:1em;height:1em;"
  Note: this mismatch is check-only. The DOM will not be rectified in production due to performance overhead.
  You should fix the source of the mismatch. 
  at <IconCSS key=5 name="ph:star-fill" class="review-card__star filled" > 
  at <SnapSlide key=9 > 
  at <SnapCarousel items= [Object, Object, Object, Object, Object, Object, Object, Object, Object, Object, Object, Object, Object, Object, Object, Object, Object, Object, Object, Object] items-per-page= {mobile: 1, tablet: 2, desktop: 3, ld: 3, xld: 3} gap= {mobile: 16, tablet: 20, desktop: 24}  ... > 
  at <GoogleReviews> 
  at <Index onVnodeUnmounted=fn<onVnodeUnmounted> ref=Ref< undefined > > 
  at <RouteProvider key="/" vnode= {__v_isVNode: true, __v_skip: true, type: Object, props: Object, key: null} route= {fullPath: /, hash: , query: Object, name: index___cs, path: /}  ... > 
  at <RouterView name=undefined route=undefined > 
  at <NuxtPage> 
  at <Body> 
  at <Html lang="cs-CZ" dir="ltr" > 
  at <Landing ref=Ref< undefined > > 
  at <AsyncComponentWrapper ref=Ref< undefined > > 
  at <LayoutLoader key="landing" layoutProps= {ref: RefImpl} name="landing" > 
  at <NuxtLayoutProvider layoutProps= {ref: RefImpl} key="landing" name="landing"  ... > 
  at <NuxtLayout> 
  at <App key=4 > 
  at <NuxtRoot> @ http://localhost:3001/_nuxt/@fs/Users/andrejkoval/Dev/vivadzen/src/front/node_modules/@vue/runtime-core/dist/runtime-core.esm-bundler.js?v=52c0a703:49
[     591ms] [WARNING] [Vue warn]: Hydration style mismatch on JSHandle@node 
  - rendered on server: style="width:1em;height:1em;--c613ce94-iconUrl:url('https://api.iconify.design/logos/google-icon.svg');"
  - expected on client: style="width:1em;height:1em;"
  Note: this mismatch is check-only. The DOM will not be rectified in production due to performance overhead.
  You should fix the source of the mismatch. 
  at <IconCSS name="logos:google-icon" class="review-card__google-icon" > 
  at <SnapSlide key=10 > 
  at <SnapCarousel items= [Object, Object, Object, Object, Object, Object, Object, Object, Object, Object, Object, Object, Object, Object, Object, Object, Object, Object, Object, Object] items-per-page= {mobile: 1, tablet: 2, desktop: 3, ld: 3, xld: 3} gap= {mobile: 16, tablet: 20, desktop: 24}  ... > 
  at <GoogleReviews> 
  at <Index onVnodeUnmounted=fn<onVnodeUnmounted> ref=Ref< undefined > > 
  at <RouteProvider key="/" vnode= {__v_isVNode: true, __v_skip: true, type: Object, props: Object, key: null} route= {fullPath: /, hash: , query: Object, name: index___cs, path: /}  ... > 
  at <RouterView name=undefined route=undefined > 
  at <NuxtPage> 
  at <Body> 
  at <Html lang="cs-CZ" dir="ltr" > 
  at <Landing ref=Ref< undefined > > 
  at <AsyncComponentWrapper ref=Ref< undefined > > 
  at <LayoutLoader key="landing" layoutProps= {ref: RefImpl} name="landing" > 
  at <NuxtLayoutProvider layoutProps= {ref: RefImpl} key="landing" name="landing"  ... > 
  at <NuxtLayout> 
  at <App key=4 > 
  at <NuxtRoot> @ http://localhost:3001/_nuxt/@fs/Users/andrejkoval/Dev/vivadzen/src/front/node_modules/@vue/runtime-core/dist/runtime-core.esm-bundler.js?v=52c0a703:49
[     591ms] [WARNING] [Vue warn]: Hydration style mismatch on JSHandle@node 
  - rendered on server: style="width:1em;height:1em;--c613ce94-iconUrl:url('https://api.iconify.design/ph/star-fill.svg');"
  - expected on client: style="width:1em;height:1em;"
  Note: this mismatch is check-only. The DOM will not be rectified in production due to performance overhead.
  You should fix the source of the mismatch. 
  at <IconCSS key=1 name="ph:star-fill" class="review-card__star filled" > 
  at <SnapSlide key=10 > 
  at <SnapCarousel items= [Object, Object, Object, Object, Object, Object, Object, Object, Object, Object, Object, Object, Object, Object, Object, Object, Object, Object, Object, Object] items-per-page= {mobile: 1, tablet: 2, desktop: 3, ld: 3, xld: 3} gap= {mobile: 16, tablet: 20, desktop: 24}  ... > 
  at <GoogleReviews> 
  at <Index onVnodeUnmounted=fn<onVnodeUnmounted> ref=Ref< undefined > > 
  at <RouteProvider key="/" vnode= {__v_isVNode: true, __v_skip: true, type: Object, props: Object, key: null} route= {fullPath: /, hash: , query: Object, name: index___cs, path: /}  ... > 
  at <RouterView name=undefined route=undefined > 
  at <NuxtPage> 
  at <Body> 
  at <Html lang="cs-CZ" dir="ltr" > 
  at <Landing ref=Ref< undefined > > 
  at <AsyncComponentWrapper ref=Ref< undefined > > 
  at <LayoutLoader key="landing" layoutProps= {ref: RefImpl} name="landing" > 
  at <NuxtLayoutProvider layoutProps= {ref: RefImpl} key="landing" name="landing"  ... > 
  at <NuxtLayout> 
  at <App key=4 > 
  at <NuxtRoot> @ http://localhost:3001/_nuxt/@fs/Users/andrejkoval/Dev/vivadzen/src/front/node_modules/@vue/runtime-core/dist/runtime-core.esm-bundler.js?v=52c0a703:49
[     591ms] [WARNING] [Vue warn]: Hydration style mismatch on JSHandle@node 
  - rendered on server: style="width:1em;height:1em;--c613ce94-iconUrl:url('https://api.iconify.design/ph/star-fill.svg');"
  - expected on client: style="width:1em;height:1em;"
  Note: this mismatch is check-only. The DOM will not be rectified in production due to performance overhead.
  You should fix the source of the mismatch. 
  at <IconCSS key=2 name="ph:star-fill" class="review-card__star filled" > 
  at <SnapSlide key=10 > 
  at <SnapCarousel items= [Object, Object, Object, Object, Object, Object, Object, Object, Object, Object, Object, Object, Object, Object, Object, Object, Object, Object, Object, Object] items-per-page= {mobile: 1, tablet: 2, desktop: 3, ld: 3, xld: 3} gap= {mobile: 16, tablet: 20, desktop: 24}  ... > 
  at <GoogleReviews> 
  at <Index onVnodeUnmounted=fn<onVnodeUnmounted> ref=Ref< undefined > > 
  at <RouteProvider key="/" vnode= {__v_isVNode: true, __v_skip: true, type: Object, props: Object, key: null} route= {fullPath: /, hash: , query: Object, name: index___cs, path: /}  ... > 
  at <RouterView name=undefined route=undefined > 
  at <NuxtPage> 
  at <Body> 
  at <Html lang="cs-CZ" dir="ltr" > 
  at <Landing ref=Ref< undefined > > 
  at <AsyncComponentWrapper ref=Ref< undefined > > 
  at <LayoutLoader key="landing" layoutProps= {ref: RefImpl} name="landing" > 
  at <NuxtLayoutProvider layoutProps= {ref: RefImpl} key="landing" name="landing"  ... > 
  at <NuxtLayout> 
  at <App key=4 > 
  at <NuxtRoot> @ http://localhost:3001/_nuxt/@fs/Users/andrejkoval/Dev/vivadzen/src/front/node_modules/@vue/runtime-core/dist/runtime-core.esm-bundler.js?v=52c0a703:49
[     592ms] [WARNING] [Vue warn]: Hydration style mismatch on JSHandle@node 
  - rendered on server: style="width:1em;height:1em;--c613ce94-iconUrl:url('https://api.iconify.design/ph/star-fill.svg');"
  - expected on client: style="width:1em;height:1em;"
  Note: this mismatch is check-only. The DOM will not be rectified in production due to performance overhead.
  You should fix the source of the mismatch. 
  at <IconCSS key=3 name="ph:star-fill" class="review-card__star filled" > 
  at <SnapSlide key=10 > 
  at <SnapCarousel items= [Object, Object, Object, Object, Object, Object, Object, Object, Object, Object, Object, Object, Object, Object, Object, Object, Object, Object, Object, Object] items-per-page= {mobile: 1, tablet: 2, desktop: 3, ld: 3, xld: 3} gap= {mobile: 16, tablet: 20, desktop: 24}  ... > 
  at <GoogleReviews> 
  at <Index onVnodeUnmounted=fn<onVnodeUnmounted> ref=Ref< undefined > > 
  at <RouteProvider key="/" vnode= {__v_isVNode: true, __v_skip: true, type: Object, props: Object, key: null} route= {fullPath: /, hash: , query: Object, name: index___cs, path: /}  ... > 
  at <RouterView name=undefined route=undefined > 
  at <NuxtPage> 
  at <Body> 
  at <Html lang="cs-CZ" dir="ltr" > 
  at <Landing ref=Ref< undefined > > 
  at <AsyncComponentWrapper ref=Ref< undefined > > 
  at <LayoutLoader key="landing" layoutProps= {ref: RefImpl} name="landing" > 
  at <NuxtLayoutProvider layoutProps= {ref: RefImpl} key="landing" name="landing"  ... > 
  at <NuxtLayout> 
  at <App key=4 > 
  at <NuxtRoot> @ http://localhost:3001/_nuxt/@fs/Users/andrejkoval/Dev/vivadzen/src/front/node_modules/@vue/runtime-core/dist/runtime-core.esm-bundler.js?v=52c0a703:49
[     592ms] [WARNING] [Vue warn]: Hydration style mismatch on JSHandle@node 
  - rendered on server: style="width:1em;height:1em;--c613ce94-iconUrl:url('https://api.iconify.design/ph/star-fill.svg');"
  - expected on client: style="width:1em;height:1em;"
  Note: this mismatch is check-only. The DOM will not be rectified in production due to performance overhead.
  You should fix the source of the mismatch. 
  at <IconCSS key=4 name="ph:star-fill" class="review-card__star filled" > 
  at <SnapSlide key=10 > 
  at <SnapCarousel items= [Object, Object, Object, Object, Object, Object, Object, Object, Object, Object, Object, Object, Object, Object, Object, Object, Object, Object, Object, Object] items-per-page= {mobile: 1, tablet: 2, desktop: 3, ld: 3, xld: 3} gap= {mobile: 16, tablet: 20, desktop: 24}  ... > 
  at <GoogleReviews> 
  at <Index onVnodeUnmounted=fn<onVnodeUnmounted> ref=Ref< undefined > > 
  at <RouteProvider key="/" vnode= {__v_isVNode: true, __v_skip: true, type: Object, props: Object, key: null} route= {fullPath: /, hash: , query: Object, name: index___cs, path: /}  ... > 
  at <RouterView name=undefined route=undefined > 
  at <NuxtPage> 
  at <Body> 
  at <Html lang="cs-CZ" dir="ltr" > 
  at <Landing ref=Ref< undefined > > 
  at <AsyncComponentWrapper ref=Ref< undefined > > 
  at <LayoutLoader key="landing" layoutProps= {ref: RefImpl} name="landing" > 
  at <NuxtLayoutProvider layoutProps= {ref: RefImpl} key="landing" name="landing"  ... > 
  at <NuxtLayout> 
  at <App key=4 > 
  at <NuxtRoot> @ http://localhost:3001/_nuxt/@fs/Users/andrejkoval/Dev/vivadzen/src/front/node_modules/@vue/runtime-core/dist/runtime-core.esm-bundler.js?v=52c0a703:49
[     592ms] [WARNING] [Vue warn]: Hydration style mismatch on JSHandle@node 
  - rendered on server: style="width:1em;height:1em;--c613ce94-iconUrl:url('https://api.iconify.design/ph/star-fill.svg');"
  - expected on client: style="width:1em;height:1em;"
  Note: this mismatch is check-only. The DOM will not be rectified in production due to performance overhead.
  You should fix the source of the mismatch. 
  at <IconCSS key=5 name="ph:star-fill" class="review-card__star filled" > 
  at <SnapSlide key=10 > 
  at <SnapCarousel items= [Object, Object, Object, Object, Object, Object, Object, Object, Object, Object, Object, Object, Object, Object, Object, Object, Object, Object, Object, Object] items-per-page= {mobile: 1, tablet: 2, desktop: 3, ld: 3, xld: 3} gap= {mobile: 16, tablet: 20, desktop: 24}  ... > 
  at <GoogleReviews> 
  at <Index onVnodeUnmounted=fn<onVnodeUnmounted> ref=Ref< undefined > > 
  at <RouteProvider key="/" vnode= {__v_isVNode: true, __v_skip: true, type: Object, props: Object, key: null} route= {fullPath: /, hash: , query: Object, name: index___cs, path: /}  ... > 
  at <RouterView name=undefined route=undefined > 
  at <NuxtPage> 
  at <Body> 
  at <Html lang="cs-CZ" dir="ltr" > 
  at <Landing ref=Ref< undefined > > 
  at <AsyncComponentWrapper ref=Ref< undefined > > 
  at <LayoutLoader key="landing" layoutProps= {ref: RefImpl} name="landing" > 
  at <NuxtLayoutProvider layoutProps= {ref: RefImpl} key="landing" name="landing"  ... > 
  at <NuxtLayout> 
  at <App key=4 > 
  at <NuxtRoot> @ http://localhost:3001/_nuxt/@fs/Users/andrejkoval/Dev/vivadzen/src/front/node_modules/@vue/runtime-core/dist/runtime-core.esm-bundler.js?v=52c0a703:49
[     593ms] [WARNING] [Vue warn]: Hydration style mismatch on JSHandle@node 
  - rendered on server: style="width:1em;height:1em;--c613ce94-iconUrl:url('https://api.iconify.design/logos/google-icon.svg');"
  - expected on client: style="width:1em;height:1em;"
  Note: this mismatch is check-only. The DOM will not be rectified in production due to performance overhead.
  You should fix the source of the mismatch. 
  at <IconCSS name="logos:google-icon" class="review-card__google-icon" > 
  at <SnapSlide key=11 > 
  at <SnapCarousel items= [Object, Object, Object, Object, Object, Object, Object, Object, Object, Object, Object, Object, Object, Object, Object, Object, Object, Object, Object, Object] items-per-page= {mobile: 1, tablet: 2, desktop: 3, ld: 3, xld: 3} gap= {mobile: 16, tablet: 20, desktop: 24}  ... > 
  at <GoogleReviews> 
  at <Index onVnodeUnmounted=fn<onVnodeUnmounted> ref=Ref< undefined > > 
  at <RouteProvider key="/" vnode= {__v_isVNode: true, __v_skip: true, type: Object, props: Object, key: null} route= {fullPath: /, hash: , query: Object, name: index___cs, path: /}  ... > 
  at <RouterView name=undefined route=undefined > 
  at <NuxtPage> 
  at <Body> 
  at <Html lang="cs-CZ" dir="ltr" > 
  at <Landing ref=Ref< undefined > > 
  at <AsyncComponentWrapper ref=Ref< undefined > > 
  at <LayoutLoader key="landing" layoutProps= {ref: RefImpl} name="landing" > 
  at <NuxtLayoutProvider layoutProps= {ref: RefImpl} key="landing" name="landing"  ... > 
  at <NuxtLayout> 
  at <App key=4 > 
  at <NuxtRoot> @ http://localhost:3001/_nuxt/@fs/Users/andrejkoval/Dev/vivadzen/src/front/node_modules/@vue/runtime-core/dist/runtime-core.esm-bundler.js?v=52c0a703:49
[     593ms] [WARNING] [Vue warn]: Hydration style mismatch on JSHandle@node 
  - rendered on server: style="width:1em;height:1em;--c613ce94-iconUrl:url('https://api.iconify.design/ph/star-fill.svg');"
  - expected on client: style="width:1em;height:1em;"
  Note: this mismatch is check-only. The DOM will not be rectified in production due to performance overhead.
  You should fix the source of the mismatch. 
  at <IconCSS key=1 name="ph:star-fill" class="review-card__star filled" > 
  at <SnapSlide key=11 > 
  at <SnapCarousel items= [Object, Object, Object, Object, Object, Object, Object, Object, Object, Object, Object, Object, Object, Object, Object, Object, Object, Object, Object, Object] items-per-page= {mobile: 1, tablet: 2, desktop: 3, ld: 3, xld: 3} gap= {mobile: 16, tablet: 20, desktop: 24}  ... > 
  at <GoogleReviews> 
  at <Index onVnodeUnmounted=fn<onVnodeUnmounted> ref=Ref< undefined > > 
  at <RouteProvider key="/" vnode= {__v_isVNode: true, __v_skip: true, type: Object, props: Object, key: null} route= {fullPath: /, hash: , query: Object, name: index___cs, path: /}  ... > 
  at <RouterView name=undefined route=undefined > 
  at <NuxtPage> 
  at <Body> 
  at <Html lang="cs-CZ" dir="ltr" > 
  at <Landing ref=Ref< undefined > > 
  at <AsyncComponentWrapper ref=Ref< undefined > > 
  at <LayoutLoader key="landing" layoutProps= {ref: RefImpl} name="landing" > 
  at <NuxtLayoutProvider layoutProps= {ref: RefImpl} key="landing" name="landing"  ... > 
  at <NuxtLayout> 
  at <App key=4 > 
  at <NuxtRoot> @ http://localhost:3001/_nuxt/@fs/Users/andrejkoval/Dev/vivadzen/src/front/node_modules/@vue/runtime-core/dist/runtime-core.esm-bundler.js?v=52c0a703:49
[     593ms] [WARNING] [Vue warn]: Hydration style mismatch on JSHandle@node 
  - rendered on server: style="width:1em;height:1em;--c613ce94-iconUrl:url('https://api.iconify.design/ph/star-fill.svg');"
  - expected on client: style="width:1em;height:1em;"
  Note: this mismatch is check-only. The DOM will not be rectified in production due to performance overhead.
  You should fix the source of the mismatch. 
  at <IconCSS key=2 name="ph:star-fill" class="review-card__star filled" > 
  at <SnapSlide key=11 > 
  at <SnapCarousel items= [Object, Object, Object, Object, Object, Object, Object, Object, Object, Object, Object, Object, Object, Object, Object, Object, Object, Object, Object, Object] items-per-page= {mobile: 1, tablet: 2, desktop: 3, ld: 3, xld: 3} gap= {mobile: 16, tablet: 20, desktop: 24}  ... > 
  at <GoogleReviews> 
  at <Index onVnodeUnmounted=fn<onVnodeUnmounted> ref=Ref< undefined > > 
  at <RouteProvider key="/" vnode= {__v_isVNode: true, __v_skip: true, type: Object, props: Object, key: null} route= {fullPath: /, hash: , query: Object, name: index___cs, path: /}  ... > 
  at <RouterView name=undefined route=undefined > 
  at <NuxtPage> 
  at <Body> 
  at <Html lang="cs-CZ" dir="ltr" > 
  at <Landing ref=Ref< undefined > > 
  at <AsyncComponentWrapper ref=Ref< undefined > > 
  at <LayoutLoader key="landing" layoutProps= {ref: RefImpl} name="landing" > 
  at <NuxtLayoutProvider layoutProps= {ref: RefImpl} key="landing" name="landing"  ... > 
  at <NuxtLayout> 
  at <App key=4 > 
  at <NuxtRoot> @ http://localhost:3001/_nuxt/@fs/Users/andrejkoval/Dev/vivadzen/src/front/node_modules/@vue/runtime-core/dist/runtime-core.esm-bundler.js?v=52c0a703:49
[     593ms] [WARNING] [Vue warn]: Hydration style mismatch on JSHandle@node 
  - rendered on server: style="width:1em;height:1em;--c613ce94-iconUrl:url('https://api.iconify.design/ph/star-fill.svg');"
  - expected on client: style="width:1em;height:1em;"
  Note: this mismatch is check-only. The DOM will not be rectified in production due to performance overhead.
  You should fix the source of the mismatch. 
  at <IconCSS key=3 name="ph:star-fill" class="review-card__star filled" > 
  at <SnapSlide key=11 > 
  at <SnapCarousel items= [Object, Object, Object, Object, Object, Object, Object, Object, Object, Object, Object, Object, Object, Object, Object, Object, Object, Object, Object, Object] items-per-page= {mobile: 1, tablet: 2, desktop: 3, ld: 3, xld: 3} gap= {mobile: 16, tablet: 20, desktop: 24}  ... > 
  at <GoogleReviews> 
  at <Index onVnodeUnmounted=fn<onVnodeUnmounted> ref=Ref< undefined > > 
  at <RouteProvider key="/" vnode= {__v_isVNode: true, __v_skip: true, type: Object, props: Object, key: null} route= {fullPath: /, hash: , query: Object, name: index___cs, path: /}  ... > 
  at <RouterView name=undefined route=undefined > 
  at <NuxtPage> 
  at <Body> 
  at <Html lang="cs-CZ" dir="ltr" > 
  at <Landing ref=Ref< undefined > > 
  at <AsyncComponentWrapper ref=Ref< undefined > > 
  at <LayoutLoader key="landing" layoutProps= {ref: RefImpl} name="landing" > 
  at <NuxtLayoutProvider layoutProps= {ref: RefImpl} key="landing" name="landing"  ... > 
  at <NuxtLayout> 
  at <App key=4 > 
  at <NuxtRoot> @ http://localhost:3001/_nuxt/@fs/Users/andrejkoval/Dev/vivadzen/src/front/node_modules/@vue/runtime-core/dist/runtime-core.esm-bundler.js?v=52c0a703:49
[     594ms] [WARNING] [Vue warn]: Hydration style mismatch on JSHandle@node 
  - rendered on server: style="width:1em;height:1em;--c613ce94-iconUrl:url('https://api.iconify.design/ph/star-fill.svg');"
  - expected on client: style="width:1em;height:1em;"
  Note: this mismatch is check-only. The DOM will not be rectified in production due to performance overhead.
  You should fix the source of the mismatch. 
  at <IconCSS key=4 name="ph:star-fill" class="review-card__star filled" > 
  at <SnapSlide key=11 > 
  at <SnapCarousel items= [Object, Object, Object, Object, Object, Object, Object, Object, Object, Object, Object, Object, Object, Object, Object, Object, Object, Object, Object, Object] items-per-page= {mobile: 1, tablet: 2, desktop: 3, ld: 3, xld: 3} gap= {mobile: 16, tablet: 20, desktop: 24}  ... > 
  at <GoogleReviews> 
  at <Index onVnodeUnmounted=fn<onVnodeUnmounted> ref=Ref< undefined > > 
  at <RouteProvider key="/" vnode= {__v_isVNode: true, __v_skip: true, type: Object, props: Object, key: null} route= {fullPath: /, hash: , query: Object, name: index___cs, path: /}  ... > 
  at <RouterView name=undefined route=undefined > 
  at <NuxtPage> 
  at <Body> 
  at <Html lang="cs-CZ" dir="ltr" > 
  at <Landing ref=Ref< undefined > > 
  at <AsyncComponentWrapper ref=Ref< undefined > > 
  at <LayoutLoader key="landing" layoutProps= {ref: RefImpl} name="landing" > 
  at <NuxtLayoutProvider layoutProps= {ref: RefImpl} key="landing" name="landing"  ... > 
  at <NuxtLayout> 
  at <App key=4 > 
  at <NuxtRoot> @ http://localhost:3001/_nuxt/@fs/Users/andrejkoval/Dev/vivadzen/src/front/node_modules/@vue/runtime-core/dist/runtime-core.esm-bundler.js?v=52c0a703:49
[     594ms] [WARNING] [Vue warn]: Hydration style mismatch on JSHandle@node 
  - rendered on server: style="width:1em;height:1em;--c613ce94-iconUrl:url('https://api.iconify.design/ph/star-fill.svg');"
  - expected on client: style="width:1em;height:1em;"
  Note: this mismatch is check-only. The DOM will not be rectified in production due to performance overhead.
  You should fix the source of the mismatch. 
  at <IconCSS key=5 name="ph:star-fill" class="review-card__star filled" > 
  at <SnapSlide key=11 > 
  at <SnapCarousel items= [Object, Object, Object, Object, Object, Object, Object, Object, Object, Object, Object, Object, Object, Object, Object, Object, Object, Object, Object, Object] items-per-page= {mobile: 1, tablet: 2, desktop: 3, ld: 3, xld: 3} gap= {mobile: 16, tablet: 20, desktop: 24}  ... > 
  at <GoogleReviews> 
  at <Index onVnodeUnmounted=fn<onVnodeUnmounted> ref=Ref< undefined > > 
  at <RouteProvider key="/" vnode= {__v_isVNode: true, __v_skip: true, type: Object, props: Object, key: null} route= {fullPath: /, hash: , query: Object, name: index___cs, path: /}  ... > 
  at <RouterView name=undefined route=undefined > 
  at <NuxtPage> 
  at <Body> 
  at <Html lang="cs-CZ" dir="ltr" > 
  at <Landing ref=Ref< undefined > > 
  at <AsyncComponentWrapper ref=Ref< undefined > > 
  at <LayoutLoader key="landing" layoutProps= {ref: RefImpl} name="landing" > 
  at <NuxtLayoutProvider layoutProps= {ref: RefImpl} key="landing" name="landing"  ... > 
  at <NuxtLayout> 
  at <App key=4 > 
  at <NuxtRoot> @ http://localhost:3001/_nuxt/@fs/Users/andrejkoval/Dev/vivadzen/src/front/node_modules/@vue/runtime-core/dist/runtime-core.esm-bundler.js?v=52c0a703:49
[     594ms] [WARNING] [Vue warn]: Hydration style mismatch on JSHandle@node 
  - rendered on server: style="width:1em;height:1em;--c613ce94-iconUrl:url('https://api.iconify.design/ph/arrow-bend-down-right.svg');"
  - expected on client: style="width:1em;height:1em;"
  Note: this mismatch is check-only. The DOM will not be rectified in production due to performance overhead.
  You should fix the source of the mismatch. 
  at <IconCSS name="ph:arrow-bend-down-right" > 
  at <SnapSlide key=11 > 
  at <SnapCarousel items= [Object, Object, Object, Object, Object, Object, Object, Object, Object, Object, Object, Object, Object, Object, Object, Object, Object, Object, Object, Object] items-per-page= {mobile: 1, tablet: 2, desktop: 3, ld: 3, xld: 3} gap= {mobile: 16, tablet: 20, desktop: 24}  ... > 
  at <GoogleReviews> 
  at <Index onVnodeUnmounted=fn<onVnodeUnmounted> ref=Ref< undefined > > 
  at <RouteProvider key="/" vnode= {__v_isVNode: true, __v_skip: true, type: Object, props: Object, key: null} route= {fullPath: /, hash: , query: Object, name: index___cs, path: /}  ... > 
  at <RouterView name=undefined route=undefined > 
  at <NuxtPage> 
  at <Body> 
  at <Html lang="cs-CZ" dir="ltr" > 
  at <Landing ref=Ref< undefined > > 
  at <AsyncComponentWrapper ref=Ref< undefined > > 
  at <LayoutLoader key="landing" layoutProps= {ref: RefImpl} name="landing" > 
  at <NuxtLayoutProvider layoutProps= {ref: RefImpl} key="landing" name="landing"  ... > 
  at <NuxtLayout> 
  at <App key=4 > 
  at <NuxtRoot> @ http://localhost:3001/_nuxt/@fs/Users/andrejkoval/Dev/vivadzen/src/front/node_modules/@vue/runtime-core/dist/runtime-core.esm-bundler.js?v=52c0a703:49
[     594ms] [WARNING] [Vue warn]: Hydration style mismatch on JSHandle@node 
  - rendered on server: style="width:1em;height:1em;--c613ce94-iconUrl:url('https://api.iconify.design/logos/google-icon.svg');"
  - expected on client: style="width:1em;height:1em;"
  Note: this mismatch is check-only. The DOM will not be rectified in production due to performance overhead.
  You should fix the source of the mismatch. 
  at <IconCSS name="logos:google-icon" class="review-card__google-icon" > 
  at <SnapSlide key=12 > 
  at <SnapCarousel items= [Object, Object, Object, Object, Object, Object, Object, Object, Object, Object, Object, Object, Object, Object, Object, Object, Object, Object, Object, Object] items-per-page= {mobile: 1, tablet: 2, desktop: 3, ld: 3, xld: 3} gap= {mobile: 16, tablet: 20, desktop: 24}  ... > 
  at <GoogleReviews> 
  at <Index onVnodeUnmounted=fn<onVnodeUnmounted> ref=Ref< undefined > > 
  at <RouteProvider key="/" vnode= {__v_isVNode: true, __v_skip: true, type: Object, props: Object, key: null} route= {fullPath: /, hash: , query: Object, name: index___cs, path: /}  ... > 
  at <RouterView name=undefined route=undefined > 
  at <NuxtPage> 
  at <Body> 
  at <Html lang="cs-CZ" dir="ltr" > 
  at <Landing ref=Ref< undefined > > 
  at <AsyncComponentWrapper ref=Ref< undefined > > 
  at <LayoutLoader key="landing" layoutProps= {ref: RefImpl} name="landing" > 
  at <NuxtLayoutProvider layoutProps= {ref: RefImpl} key="landing" name="landing"  ... > 
  at <NuxtLayout> 
  at <App key=4 > 
  at <NuxtRoot> @ http://localhost:3001/_nuxt/@fs/Users/andrejkoval/Dev/vivadzen/src/front/node_modules/@vue/runtime-core/dist/runtime-core.esm-bundler.js?v=52c0a703:49
[     595ms] [WARNING] [Vue warn]: Hydration style mismatch on JSHandle@node 
  - rendered on server: style="width:1em;height:1em;--c613ce94-iconUrl:url('https://api.iconify.design/ph/star-fill.svg');"
  - expected on client: style="width:1em;height:1em;"
  Note: this mismatch is check-only. The DOM will not be rectified in production due to performance overhead.
  You should fix the source of the mismatch. 
  at <IconCSS key=1 name="ph:star-fill" class="review-card__star filled" > 
  at <SnapSlide key=12 > 
  at <SnapCarousel items= [Object, Object, Object, Object, Object, Object, Object, Object, Object, Object, Object, Object, Object, Object, Object, Object, Object, Object, Object, Object] items-per-page= {mobile: 1, tablet: 2, desktop: 3, ld: 3, xld: 3} gap= {mobile: 16, tablet: 20, desktop: 24}  ... > 
  at <GoogleReviews> 
  at <Index onVnodeUnmounted=fn<onVnodeUnmounted> ref=Ref< undefined > > 
  at <RouteProvider key="/" vnode= {__v_isVNode: true, __v_skip: true, type: Object, props: Object, key: null} route= {fullPath: /, hash: , query: Object, name: index___cs, path: /}  ... > 
  at <RouterView name=undefined route=undefined > 
  at <NuxtPage> 
  at <Body> 
  at <Html lang="cs-CZ" dir="ltr" > 
  at <Landing ref=Ref< undefined > > 
  at <AsyncComponentWrapper ref=Ref< undefined > > 
  at <LayoutLoader key="landing" layoutProps= {ref: RefImpl} name="landing" > 
  at <NuxtLayoutProvider layoutProps= {ref: RefImpl} key="landing" name="landing"  ... > 
  at <NuxtLayout> 
  at <App key=4 > 
  at <NuxtRoot> @ http://localhost:3001/_nuxt/@fs/Users/andrejkoval/Dev/vivadzen/src/front/node_modules/@vue/runtime-core/dist/runtime-core.esm-bundler.js?v=52c0a703:49
[     595ms] [WARNING] [Vue warn]: Hydration style mismatch on JSHandle@node 
  - rendered on server: style="width:1em;height:1em;--c613ce94-iconUrl:url('https://api.iconify.design/ph/star-fill.svg');"
  - expected on client: style="width:1em;height:1em;"
  Note: this mismatch is check-only. The DOM will not be rectified in production due to performance overhead.
  You should fix the source of the mismatch. 
  at <IconCSS key=2 name="ph:star-fill" class="review-card__star filled" > 
  at <SnapSlide key=12 > 
  at <SnapCarousel items= [Object, Object, Object, Object, Object, Object, Object, Object, Object, Object, Object, Object, Object, Object, Object, Object, Object, Object, Object, Object] items-per-page= {mobile: 1, tablet: 2, desktop: 3, ld: 3, xld: 3} gap= {mobile: 16, tablet: 20, desktop: 24}  ... > 
  at <GoogleReviews> 
  at <Index onVnodeUnmounted=fn<onVnodeUnmounted> ref=Ref< undefined > > 
  at <RouteProvider key="/" vnode= {__v_isVNode: true, __v_skip: true, type: Object, props: Object, key: null} route= {fullPath: /, hash: , query: Object, name: index___cs, path: /}  ... > 
  at <RouterView name=undefined route=undefined > 
  at <NuxtPage> 
  at <Body> 
  at <Html lang="cs-CZ" dir="ltr" > 
  at <Landing ref=Ref< undefined > > 
  at <AsyncComponentWrapper ref=Ref< undefined > > 
  at <LayoutLoader key="landing" layoutProps= {ref: RefImpl} name="landing" > 
  at <NuxtLayoutProvider layoutProps= {ref: RefImpl} key="landing" name="landing"  ... > 
  at <NuxtLayout> 
  at <App key=4 > 
  at <NuxtRoot> @ http://localhost:3001/_nuxt/@fs/Users/andrejkoval/Dev/vivadzen/src/front/node_modules/@vue/runtime-core/dist/runtime-core.esm-bundler.js?v=52c0a703:49
[     595ms] [WARNING] [Vue warn]: Hydration style mismatch on JSHandle@node 
  - rendered on server: style="width:1em;height:1em;--c613ce94-iconUrl:url('https://api.iconify.design/ph/star-fill.svg');"
  - expected on client: style="width:1em;height:1em;"
  Note: this mismatch is check-only. The DOM will not be rectified in production due to performance overhead.
  You should fix the source of the mismatch. 
  at <IconCSS key=3 name="ph:star-fill" class="review-card__star filled" > 
  at <SnapSlide key=12 > 
  at <SnapCarousel items= [Object, Object, Object, Object, Object, Object, Object, Object, Object, Object, Object, Object, Object, Object, Object, Object, Object, Object, Object, Object] items-per-page= {mobile: 1, tablet: 2, desktop: 3, ld: 3, xld: 3} gap= {mobile: 16, tablet: 20, desktop: 24}  ... > 
  at <GoogleReviews> 
  at <Index onVnodeUnmounted=fn<onVnodeUnmounted> ref=Ref< undefined > > 
  at <RouteProvider key="/" vnode= {__v_isVNode: true, __v_skip: true, type: Object, props: Object, key: null} route= {fullPath: /, hash: , query: Object, name: index___cs, path: /}  ... > 
  at <RouterView name=undefined route=undefined > 
  at <NuxtPage> 
  at <Body> 
  at <Html lang="cs-CZ" dir="ltr" > 
  at <Landing ref=Ref< undefined > > 
  at <AsyncComponentWrapper ref=Ref< undefined > > 
  at <LayoutLoader key="landing" layoutProps= {ref: RefImpl} name="landing" > 
  at <NuxtLayoutProvider layoutProps= {ref: RefImpl} key="landing" name="landing"  ... > 
  at <NuxtLayout> 
  at <App key=4 > 
  at <NuxtRoot> @ http://localhost:3001/_nuxt/@fs/Users/andrejkoval/Dev/vivadzen/src/front/node_modules/@vue/runtime-core/dist/runtime-core.esm-bundler.js?v=52c0a703:49
[     595ms] [WARNING] [Vue warn]: Hydration style mismatch on JSHandle@node 
  - rendered on server: style="width:1em;height:1em;--c613ce94-iconUrl:url('https://api.iconify.design/ph/star-fill.svg');"
  - expected on client: style="width:1em;height:1em;"
  Note: this mismatch is check-only. The DOM will not be rectified in production due to performance overhead.
  You should fix the source of the mismatch. 
  at <IconCSS key=4 name="ph:star-fill" class="review-card__star filled" > 
  at <SnapSlide key=12 > 
  at <SnapCarousel items= [Object, Object, Object, Object, Object, Object, Object, Object, Object, Object, Object, Object, Object, Object, Object, Object, Object, Object, Object, Object] items-per-page= {mobile: 1, tablet: 2, desktop: 3, ld: 3, xld: 3} gap= {mobile: 16, tablet: 20, desktop: 24}  ... > 
  at <GoogleReviews> 
  at <Index onVnodeUnmounted=fn<onVnodeUnmounted> ref=Ref< undefined > > 
  at <RouteProvider key="/" vnode= {__v_isVNode: true, __v_skip: true, type: Object, props: Object, key: null} route= {fullPath: /, hash: , query: Object, name: index___cs, path: /}  ... > 
  at <RouterView name=undefined route=undefined > 
  at <NuxtPage> 
  at <Body> 
  at <Html lang="cs-CZ" dir="ltr" > 
  at <Landing ref=Ref< undefined > > 
  at <AsyncComponentWrapper ref=Ref< undefined > > 
  at <LayoutLoader key="landing" layoutProps= {ref: RefImpl} name="landing" > 
  at <NuxtLayoutProvider layoutProps= {ref: RefImpl} key="landing" name="landing"  ... > 
  at <NuxtLayout> 
  at <App key=4 > 
  at <NuxtRoot> @ http://localhost:3001/_nuxt/@fs/Users/andrejkoval/Dev/vivadzen/src/front/node_modules/@vue/runtime-core/dist/runtime-core.esm-bundler.js?v=52c0a703:49
[     595ms] [WARNING] [Vue warn]: Hydration style mismatch on JSHandle@node 
  - rendered on server: style="width:1em;height:1em;--c613ce94-iconUrl:url('https://api.iconify.design/ph/star-fill.svg');"
  - expected on client: style="width:1em;height:1em;"
  Note: this mismatch is check-only. The DOM will not be rectified in production due to performance overhead.
  You should fix the source of the mismatch. 
  at <IconCSS key=5 name="ph:star-fill" class="review-card__star filled" > 
  at <SnapSlide key=12 > 
  at <SnapCarousel items= [Object, Object, Object, Object, Object, Object, Object, Object, Object, Object, Object, Object, Object, Object, Object, Object, Object, Object, Object, Object] items-per-page= {mobile: 1, tablet: 2, desktop: 3, ld: 3, xld: 3} gap= {mobile: 16, tablet: 20, desktop: 24}  ... > 
  at <GoogleReviews> 
  at <Index onVnodeUnmounted=fn<onVnodeUnmounted> ref=Ref< undefined > > 
  at <RouteProvider key="/" vnode= {__v_isVNode: true, __v_skip: true, type: Object, props: Object, key: null} route= {fullPath: /, hash: , query: Object, name: index___cs, path: /}  ... > 
  at <RouterView name=undefined route=undefined > 
  at <NuxtPage> 
  at <Body> 
  at <Html lang="cs-CZ" dir="ltr" > 
  at <Landing ref=Ref< undefined > > 
  at <AsyncComponentWrapper ref=Ref< undefined > > 
  at <LayoutLoader key="landing" layoutProps= {ref: RefImpl} name="landing" > 
  at <NuxtLayoutProvider layoutProps= {ref: RefImpl} key="landing" name="landing"  ... > 
  at <NuxtLayout> 
  at <App key=4 > 
  at <NuxtRoot> @ http://localhost:3001/_nuxt/@fs/Users/andrejkoval/Dev/vivadzen/src/front/node_modules/@vue/runtime-core/dist/runtime-core.esm-bundler.js?v=52c0a703:49
[     596ms] [WARNING] [Vue warn]: Hydration style mismatch on JSHandle@node 
  - rendered on server: style="width:1em;height:1em;--c613ce94-iconUrl:url('https://api.iconify.design/ph/arrow-bend-down-right.svg');"
  - expected on client: style="width:1em;height:1em;"
  Note: this mismatch is check-only. The DOM will not be rectified in production due to performance overhead.
  You should fix the source of the mismatch. 
  at <IconCSS name="ph:arrow-bend-down-right" > 
  at <SnapSlide key=12 > 
  at <SnapCarousel items= [Object, Object, Object, Object, Object, Object, Object, Object, Object, Object, Object, Object, Object, Object, Object, Object, Object, Object, Object, Object] items-per-page= {mobile: 1, tablet: 2, desktop: 3, ld: 3, xld: 3} gap= {mobile: 16, tablet: 20, desktop: 24}  ... > 
  at <GoogleReviews> 
  at <Index onVnodeUnmounted=fn<onVnodeUnmounted> ref=Ref< undefined > > 
  at <RouteProvider key="/" vnode= {__v_isVNode: true, __v_skip: true, type: Object, props: Object, key: null} route= {fullPath: /, hash: , query: Object, name: index___cs, path: /}  ... > 
  at <RouterView name=undefined route=undefined > 
  at <NuxtPage> 
  at <Body> 
  at <Html lang="cs-CZ" dir="ltr" > 
  at <Landing ref=Ref< undefined > > 
  at <AsyncComponentWrapper ref=Ref< undefined > > 
  at <LayoutLoader key="landing" layoutProps= {ref: RefImpl} name="landing" > 
  at <NuxtLayoutProvider layoutProps= {ref: RefImpl} key="landing" name="landing"  ... > 
  at <NuxtLayout> 
  at <App key=4 > 
  at <NuxtRoot> @ http://localhost:3001/_nuxt/@fs/Users/andrejkoval/Dev/vivadzen/src/front/node_modules/@vue/runtime-core/dist/runtime-core.esm-bundler.js?v=52c0a703:49
[     596ms] [WARNING] [Vue warn]: Hydration style mismatch on JSHandle@node 
  - rendered on server: style="width:1em;height:1em;--c613ce94-iconUrl:url('https://api.iconify.design/logos/google-icon.svg');"
  - expected on client: style="width:1em;height:1em;"
  Note: this mismatch is check-only. The DOM will not be rectified in production due to performance overhead.
  You should fix the source of the mismatch. 
  at <IconCSS name="logos:google-icon" class="review-card__google-icon" > 
  at <SnapSlide key=13 > 
  at <SnapCarousel items= [Object, Object, Object, Object, Object, Object, Object, Object, Object, Object, Object, Object, Object, Object, Object, Object, Object, Object, Object, Object] items-per-page= {mobile: 1, tablet: 2, desktop: 3, ld: 3, xld: 3} gap= {mobile: 16, tablet: 20, desktop: 24}  ... > 
  at <GoogleReviews> 
  at <Index onVnodeUnmounted=fn<onVnodeUnmounted> ref=Ref< undefined > > 
  at <RouteProvider key="/" vnode= {__v_isVNode: true, __v_skip: true, type: Object, props: Object, key: null} route= {fullPath: /, hash: , query: Object, name: index___cs, path: /}  ... > 
  at <RouterView name=undefined route=undefined > 
  at <NuxtPage> 
  at <Body> 
  at <Html lang="cs-CZ" dir="ltr" > 
  at <Landing ref=Ref< undefined > > 
  at <AsyncComponentWrapper ref=Ref< undefined > > 
  at <LayoutLoader key="landing" layoutProps= {ref: RefImpl} name="landing" > 
  at <NuxtLayoutProvider layoutProps= {ref: RefImpl} key="landing" name="landing"  ... > 
  at <NuxtLayout> 
  at <App key=4 > 
  at <NuxtRoot> @ http://localhost:3001/_nuxt/@fs/Users/andrejkoval/Dev/vivadzen/src/front/node_modules/@vue/runtime-core/dist/runtime-core.esm-bundler.js?v=52c0a703:49
[     596ms] [WARNING] [Vue warn]: Hydration style mismatch on JSHandle@node 
  - rendered on server: style="width:1em;height:1em;--c613ce94-iconUrl:url('https://api.iconify.design/ph/star-fill.svg');"
  - expected on client: style="width:1em;height:1em;"
  Note: this mismatch is check-only. The DOM will not be rectified in production due to performance overhead.
  You should fix the source of the mismatch. 
  at <IconCSS key=1 name="ph:star-fill" class="review-card__star filled" > 
  at <SnapSlide key=13 > 
  at <SnapCarousel items= [Object, Object, Object, Object, Object, Object, Object, Object, Object, Object, Object, Object, Object, Object, Object, Object, Object, Object, Object, Object] items-per-page= {mobile: 1, tablet: 2, desktop: 3, ld: 3, xld: 3} gap= {mobile: 16, tablet: 20, desktop: 24}  ... > 
  at <GoogleReviews> 
  at <Index onVnodeUnmounted=fn<onVnodeUnmounted> ref=Ref< undefined > > 
  at <RouteProvider key="/" vnode= {__v_isVNode: true, __v_skip: true, type: Object, props: Object, key: null} route= {fullPath: /, hash: , query: Object, name: index___cs, path: /}  ... > 
  at <RouterView name=undefined route=undefined > 
  at <NuxtPage> 
  at <Body> 
  at <Html lang="cs-CZ" dir="ltr" > 
  at <Landing ref=Ref< undefined > > 
  at <AsyncComponentWrapper ref=Ref< undefined > > 
  at <LayoutLoader key="landing" layoutProps= {ref: RefImpl} name="landing" > 
  at <NuxtLayoutProvider layoutProps= {ref: RefImpl} key="landing" name="landing"  ... > 
  at <NuxtLayout> 
  at <App key=4 > 
  at <NuxtRoot> @ http://localhost:3001/_nuxt/@fs/Users/andrejkoval/Dev/vivadzen/src/front/node_modules/@vue/runtime-core/dist/runtime-core.esm-bundler.js?v=52c0a703:49
[     596ms] [WARNING] [Vue warn]: Hydration style mismatch on JSHandle@node 
  - rendered on server: style="width:1em;height:1em;--c613ce94-iconUrl:url('https://api.iconify.design/ph/star-fill.svg');"
  - expected on client: style="width:1em;height:1em;"
  Note: this mismatch is check-only. The DOM will not be rectified in production due to performance overhead.
  You should fix the source of the mismatch. 
  at <IconCSS key=2 name="ph:star-fill" class="review-card__star filled" > 
  at <SnapSlide key=13 > 
  at <SnapCarousel items= [Object, Object, Object, Object, Object, Object, Object, Object, Object, Object, Object, Object, Object, Object, Object, Object, Object, Object, Object, Object] items-per-page= {mobile: 1, tablet: 2, desktop: 3, ld: 3, xld: 3} gap= {mobile: 16, tablet: 20, desktop: 24}  ... > 
  at <GoogleReviews> 
  at <Index onVnodeUnmounted=fn<onVnodeUnmounted> ref=Ref< undefined > > 
  at <RouteProvider key="/" vnode= {__v_isVNode: true, __v_skip: true, type: Object, props: Object, key: null} route= {fullPath: /, hash: , query: Object, name: index___cs, path: /}  ... > 
  at <RouterView name=undefined route=undefined > 
  at <NuxtPage> 
  at <Body> 
  at <Html lang="cs-CZ" dir="ltr" > 
  at <Landing ref=Ref< undefined > > 
  at <AsyncComponentWrapper ref=Ref< undefined > > 
  at <LayoutLoader key="landing" layoutProps= {ref: RefImpl} name="landing" > 
  at <NuxtLayoutProvider layoutProps= {ref: RefImpl} key="landing" name="landing"  ... > 
  at <NuxtLayout> 
  at <App key=4 > 
  at <NuxtRoot> @ http://localhost:3001/_nuxt/@fs/Users/andrejkoval/Dev/vivadzen/src/front/node_modules/@vue/runtime-core/dist/runtime-core.esm-bundler.js?v=52c0a703:49
[     597ms] [WARNING] [Vue warn]: Hydration style mismatch on JSHandle@node 
  - rendered on server: style="width:1em;height:1em;--c613ce94-iconUrl:url('https://api.iconify.design/ph/star-fill.svg');"
  - expected on client: style="width:1em;height:1em;"
  Note: this mismatch is check-only. The DOM will not be rectified in production due to performance overhead.
  You should fix the source of the mismatch. 
  at <IconCSS key=3 name="ph:star-fill" class="review-card__star filled" > 
  at <SnapSlide key=13 > 
  at <SnapCarousel items= [Object, Object, Object, Object, Object, Object, Object, Object, Object, Object, Object, Object, Object, Object, Object, Object, Object, Object, Object, Object] items-per-page= {mobile: 1, tablet: 2, desktop: 3, ld: 3, xld: 3} gap= {mobile: 16, tablet: 20, desktop: 24}  ... > 
  at <GoogleReviews> 
  at <Index onVnodeUnmounted=fn<onVnodeUnmounted> ref=Ref< undefined > > 
  at <RouteProvider key="/" vnode= {__v_isVNode: true, __v_skip: true, type: Object, props: Object, key: null} route= {fullPath: /, hash: , query: Object, name: index___cs, path: /}  ... > 
  at <RouterView name=undefined route=undefined > 
  at <NuxtPage> 
  at <Body> 
  at <Html lang="cs-CZ" dir="ltr" > 
  at <Landing ref=Ref< undefined > > 
  at <AsyncComponentWrapper ref=Ref< undefined > > 
  at <LayoutLoader key="landing" layoutProps= {ref: RefImpl} name="landing" > 
  at <NuxtLayoutProvider layoutProps= {ref: RefImpl} key="landing" name="landing"  ... > 
  at <NuxtLayout> 
  at <App key=4 > 
  at <NuxtRoot> @ http://localhost:3001/_nuxt/@fs/Users/andrejkoval/Dev/vivadzen/src/front/node_modules/@vue/runtime-core/dist/runtime-core.esm-bundler.js?v=52c0a703:49
[     597ms] [WARNING] [Vue warn]: Hydration style mismatch on JSHandle@node 
  - rendered on server: style="width:1em;height:1em;--c613ce94-iconUrl:url('https://api.iconify.design/ph/star-fill.svg');"
  - expected on client: style="width:1em;height:1em;"
  Note: this mismatch is check-only. The DOM will not be rectified in production due to performance overhead.
  You should fix the source of the mismatch. 
  at <IconCSS key=4 name="ph:star-fill" class="review-card__star filled" > 
  at <SnapSlide key=13 > 
  at <SnapCarousel items= [Object, Object, Object, Object, Object, Object, Object, Object, Object, Object, Object, Object, Object, Object, Object, Object, Object, Object, Object, Object] items-per-page= {mobile: 1, tablet: 2, desktop: 3, ld: 3, xld: 3} gap= {mobile: 16, tablet: 20, desktop: 24}  ... > 
  at <GoogleReviews> 
  at <Index onVnodeUnmounted=fn<onVnodeUnmounted> ref=Ref< undefined > > 
  at <RouteProvider key="/" vnode= {__v_isVNode: true, __v_skip: true, type: Object, props: Object, key: null} route= {fullPath: /, hash: , query: Object, name: index___cs, path: /}  ... > 
  at <RouterView name=undefined route=undefined > 
  at <NuxtPage> 
  at <Body> 
  at <Html lang="cs-CZ" dir="ltr" > 
  at <Landing ref=Ref< undefined > > 
  at <AsyncComponentWrapper ref=Ref< undefined > > 
  at <LayoutLoader key="landing" layoutProps= {ref: RefImpl} name="landing" > 
  at <NuxtLayoutProvider layoutProps= {ref: RefImpl} key="landing" name="landing"  ... > 
  at <NuxtLayout> 
  at <App key=4 > 
  at <NuxtRoot> @ http://localhost:3001/_nuxt/@fs/Users/andrejkoval/Dev/vivadzen/src/front/node_modules/@vue/runtime-core/dist/runtime-core.esm-bundler.js?v=52c0a703:49
[     597ms] [WARNING] [Vue warn]: Hydration style mismatch on JSHandle@node 
  - rendered on server: style="width:1em;height:1em;--c613ce94-iconUrl:url('https://api.iconify.design/ph/star-fill.svg');"
  - expected on client: style="width:1em;height:1em;"
  Note: this mismatch is check-only. The DOM will not be rectified in production due to performance overhead.
  You should fix the source of the mismatch. 
  at <IconCSS key=5 name="ph:star-fill" class="review-card__star filled" > 
  at <SnapSlide key=13 > 
  at <SnapCarousel items= [Object, Object, Object, Object, Object, Object, Object, Object, Object, Object, Object, Object, Object, Object, Object, Object, Object, Object, Object, Object] items-per-page= {mobile: 1, tablet: 2, desktop: 3, ld: 3, xld: 3} gap= {mobile: 16, tablet: 20, desktop: 24}  ... > 
  at <GoogleReviews> 
  at <Index onVnodeUnmounted=fn<onVnodeUnmounted> ref=Ref< undefined > > 
  at <RouteProvider key="/" vnode= {__v_isVNode: true, __v_skip: true, type: Object, props: Object, key: null} route= {fullPath: /, hash: , query: Object, name: index___cs, path: /}  ... > 
  at <RouterView name=undefined route=undefined > 
  at <NuxtPage> 
  at <Body> 
  at <Html lang="cs-CZ" dir="ltr" > 
  at <Landing ref=Ref< undefined > > 
  at <AsyncComponentWrapper ref=Ref< undefined > > 
  at <LayoutLoader key="landing" layoutProps= {ref: RefImpl} name="landing" > 
  at <NuxtLayoutProvider layoutProps= {ref: RefImpl} key="landing" name="landing"  ... > 
  at <NuxtLayout> 
  at <App key=4 > 
  at <NuxtRoot> @ http://localhost:3001/_nuxt/@fs/Users/andrejkoval/Dev/vivadzen/src/front/node_modules/@vue/runtime-core/dist/runtime-core.esm-bundler.js?v=52c0a703:49
[     597ms] [WARNING] [Vue warn]: Hydration style mismatch on JSHandle@node 
  - rendered on server: style="width:1em;height:1em;--c613ce94-iconUrl:url('https://api.iconify.design/ph/arrow-bend-down-right.svg');"
  - expected on client: style="width:1em;height:1em;"
  Note: this mismatch is check-only. The DOM will not be rectified in production due to performance overhead.
  You should fix the source of the mismatch. 
  at <IconCSS name="ph:arrow-bend-down-right" > 
  at <SnapSlide key=13 > 
  at <SnapCarousel items= [Object, Object, Object, Object, Object, Object, Object, Object, Object, Object, Object, Object, Object, Object, Object, Object, Object, Object, Object, Object] items-per-page= {mobile: 1, tablet: 2, desktop: 3, ld: 3, xld: 3} gap= {mobile: 16, tablet: 20, desktop: 24}  ... > 
  at <GoogleReviews> 
  at <Index onVnodeUnmounted=fn<onVnodeUnmounted> ref=Ref< undefined > > 
  at <RouteProvider key="/" vnode= {__v_isVNode: true, __v_skip: true, type: Object, props: Object, key: null} route= {fullPath: /, hash: , query: Object, name: index___cs, path: /}  ... > 
  at <RouterView name=undefined route=undefined > 
  at <NuxtPage> 
  at <Body> 
  at <Html lang="cs-CZ" dir="ltr" > 
  at <Landing ref=Ref< undefined > > 
  at <AsyncComponentWrapper ref=Ref< undefined > > 
  at <LayoutLoader key="landing" layoutProps= {ref: RefImpl} name="landing" > 
  at <NuxtLayoutProvider layoutProps= {ref: RefImpl} key="landing" name="landing"  ... > 
  at <NuxtLayout> 
  at <App key=4 > 
  at <NuxtRoot> @ http://localhost:3001/_nuxt/@fs/Users/andrejkoval/Dev/vivadzen/src/front/node_modules/@vue/runtime-core/dist/runtime-core.esm-bundler.js?v=52c0a703:49
[     598ms] [WARNING] [Vue warn]: Hydration style mismatch on JSHandle@node 
  - rendered on server: style="width:1em;height:1em;--c613ce94-iconUrl:url('https://api.iconify.design/logos/google-icon.svg');"
  - expected on client: style="width:1em;height:1em;"
  Note: this mismatch is check-only. The DOM will not be rectified in production due to performance overhead.
  You should fix the source of the mismatch. 
  at <IconCSS name="logos:google-icon" class="review-card__google-icon" > 
  at <SnapSlide key=14 > 
  at <SnapCarousel items= [Object, Object, Object, Object, Object, Object, Object, Object, Object, Object, Object, Object, Object, Object, Object, Object, Object, Object, Object, Object] items-per-page= {mobile: 1, tablet: 2, desktop: 3, ld: 3, xld: 3} gap= {mobile: 16, tablet: 20, desktop: 24}  ... > 
  at <GoogleReviews> 
  at <Index onVnodeUnmounted=fn<onVnodeUnmounted> ref=Ref< undefined > > 
  at <RouteProvider key="/" vnode= {__v_isVNode: true, __v_skip: true, type: Object, props: Object, key: null} route= {fullPath: /, hash: , query: Object, name: index___cs, path: /}  ... > 
  at <RouterView name=undefined route=undefined > 
  at <NuxtPage> 
  at <Body> 
  at <Html lang="cs-CZ" dir="ltr" > 
  at <Landing ref=Ref< undefined > > 
  at <AsyncComponentWrapper ref=Ref< undefined > > 
  at <LayoutLoader key="landing" layoutProps= {ref: RefImpl} name="landing" > 
  at <NuxtLayoutProvider layoutProps= {ref: RefImpl} key="landing" name="landing"  ... > 
  at <NuxtLayout> 
  at <App key=4 > 
  at <NuxtRoot> @ http://localhost:3001/_nuxt/@fs/Users/andrejkoval/Dev/vivadzen/src/front/node_modules/@vue/runtime-core/dist/runtime-core.esm-bundler.js?v=52c0a703:49
[     598ms] [WARNING] [Vue warn]: Hydration style mismatch on JSHandle@node 
  - rendered on server: style="width:1em;height:1em;--c613ce94-iconUrl:url('https://api.iconify.design/ph/star-fill.svg');"
  - expected on client: style="width:1em;height:1em;"
  Note: this mismatch is check-only. The DOM will not be rectified in production due to performance overhead.
  You should fix the source of the mismatch. 
  at <IconCSS key=1 name="ph:star-fill" class="review-card__star filled" > 
  at <SnapSlide key=14 > 
  at <SnapCarousel items= [Object, Object, Object, Object, Object, Object, Object, Object, Object, Object, Object, Object, Object, Object, Object, Object, Object, Object, Object, Object] items-per-page= {mobile: 1, tablet: 2, desktop: 3, ld: 3, xld: 3} gap= {mobile: 16, tablet: 20, desktop: 24}  ... > 
  at <GoogleReviews> 
  at <Index onVnodeUnmounted=fn<onVnodeUnmounted> ref=Ref< undefined > > 
  at <RouteProvider key="/" vnode= {__v_isVNode: true, __v_skip: true, type: Object, props: Object, key: null} route= {fullPath: /, hash: , query: Object, name: index___cs, path: /}  ... > 
  at <RouterView name=undefined route=undefined > 
  at <NuxtPage> 
  at <Body> 
  at <Html lang="cs-CZ" dir="ltr" > 
  at <Landing ref=Ref< undefined > > 
  at <AsyncComponentWrapper ref=Ref< undefined > > 
  at <LayoutLoader key="landing" layoutProps= {ref: RefImpl} name="landing" > 
  at <NuxtLayoutProvider layoutProps= {ref: RefImpl} key="landing" name="landing"  ... > 
  at <NuxtLayout> 
  at <App key=4 > 
  at <NuxtRoot> @ http://localhost:3001/_nuxt/@fs/Users/andrejkoval/Dev/vivadzen/src/front/node_modules/@vue/runtime-core/dist/runtime-core.esm-bundler.js?v=52c0a703:49
[     598ms] [WARNING] [Vue warn]: Hydration style mismatch on JSHandle@node 
  - rendered on server: style="width:1em;height:1em;--c613ce94-iconUrl:url('https://api.iconify.design/ph/star-fill.svg');"
  - expected on client: style="width:1em;height:1em;"
  Note: this mismatch is check-only. The DOM will not be rectified in production due to performance overhead.
  You should fix the source of the mismatch. 
  at <IconCSS key=2 name="ph:star-fill" class="review-card__star filled" > 
  at <SnapSlide key=14 > 
  at <SnapCarousel items= [Object, Object, Object, Object, Object, Object, Object, Object, Object, Object, Object, Object, Object, Object, Object, Object, Object, Object, Object, Object] items-per-page= {mobile: 1, tablet: 2, desktop: 3, ld: 3, xld: 3} gap= {mobile: 16, tablet: 20, desktop: 24}  ... > 
  at <GoogleReviews> 
  at <Index onVnodeUnmounted=fn<onVnodeUnmounted> ref=Ref< undefined > > 
  at <RouteProvider key="/" vnode= {__v_isVNode: true, __v_skip: true, type: Object, props: Object, key: null} route= {fullPath: /, hash: , query: Object, name: index___cs, path: /}  ... > 
  at <RouterView name=undefined route=undefined > 
  at <NuxtPage> 
  at <Body> 
  at <Html lang="cs-CZ" dir="ltr" > 
  at <Landing ref=Ref< undefined > > 
  at <AsyncComponentWrapper ref=Ref< undefined > > 
  at <LayoutLoader key="landing" layoutProps= {ref: RefImpl} name="landing" > 
  at <NuxtLayoutProvider layoutProps= {ref: RefImpl} key="landing" name="landing"  ... > 
  at <NuxtLayout> 
  at <App key=4 > 
  at <NuxtRoot> @ http://localhost:3001/_nuxt/@fs/Users/andrejkoval/Dev/vivadzen/src/front/node_modules/@vue/runtime-core/dist/runtime-core.esm-bundler.js?v=52c0a703:49
[     598ms] [WARNING] [Vue warn]: Hydration style mismatch on JSHandle@node 
  - rendered on server: style="width:1em;height:1em;--c613ce94-iconUrl:url('https://api.iconify.design/ph/star-fill.svg');"
  - expected on client: style="width:1em;height:1em;"
  Note: this mismatch is check-only. The DOM will not be rectified in production due to performance overhead.
  You should fix the source of the mismatch. 
  at <IconCSS key=3 name="ph:star-fill" class="review-card__star filled" > 
  at <SnapSlide key=14 > 
  at <SnapCarousel items= [Object, Object, Object, Object, Object, Object, Object, Object, Object, Object, Object, Object, Object, Object, Object, Object, Object, Object, Object, Object] items-per-page= {mobile: 1, tablet: 2, desktop: 3, ld: 3, xld: 3} gap= {mobile: 16, tablet: 20, desktop: 24}  ... > 
  at <GoogleReviews> 
  at <Index onVnodeUnmounted=fn<onVnodeUnmounted> ref=Ref< undefined > > 
  at <RouteProvider key="/" vnode= {__v_isVNode: true, __v_skip: true, type: Object, props: Object, key: null} route= {fullPath: /, hash: , query: Object, name: index___cs, path: /}  ... > 
  at <RouterView name=undefined route=undefined > 
  at <NuxtPage> 
  at <Body> 
  at <Html lang="cs-CZ" dir="ltr" > 
  at <Landing ref=Ref< undefined > > 
  at <AsyncComponentWrapper ref=Ref< undefined > > 
  at <LayoutLoader key="landing" layoutProps= {ref: RefImpl} name="landing" > 
  at <NuxtLayoutProvider layoutProps= {ref: RefImpl} key="landing" name="landing"  ... > 
  at <NuxtLayout> 
  at <App key=4 > 
  at <NuxtRoot> @ http://localhost:3001/_nuxt/@fs/Users/andrejkoval/Dev/vivadzen/src/front/node_modules/@vue/runtime-core/dist/runtime-core.esm-bundler.js?v=52c0a703:49
[     598ms] [WARNING] [Vue warn]: Hydration style mismatch on JSHandle@node 
  - rendered on server: style="width:1em;height:1em;--c613ce94-iconUrl:url('https://api.iconify.design/ph/star-fill.svg');"
  - expected on client: style="width:1em;height:1em;"
  Note: this mismatch is check-only. The DOM will not be rectified in production due to performance overhead.
  You should fix the source of the mismatch. 
  at <IconCSS key=4 name="ph:star-fill" class="review-card__star filled" > 
  at <SnapSlide key=14 > 
  at <SnapCarousel items= [Object, Object, Object, Object, Object, Object, Object, Object, Object, Object, Object, Object, Object, Object, Object, Object, Object, Object, Object, Object] items-per-page= {mobile: 1, tablet: 2, desktop: 3, ld: 3, xld: 3} gap= {mobile: 16, tablet: 20, desktop: 24}  ... > 
  at <GoogleReviews> 
  at <Index onVnodeUnmounted=fn<onVnodeUnmounted> ref=Ref< undefined > > 
  at <RouteProvider key="/" vnode= {__v_isVNode: true, __v_skip: true, type: Object, props: Object, key: null} route= {fullPath: /, hash: , query: Object, name: index___cs, path: /}  ... > 
  at <RouterView name=undefined route=undefined > 
  at <NuxtPage> 
  at <Body> 
  at <Html lang="cs-CZ" dir="ltr" > 
  at <Landing ref=Ref< undefined > > 
  at <AsyncComponentWrapper ref=Ref< undefined > > 
  at <LayoutLoader key="landing" layoutProps= {ref: RefImpl} name="landing" > 
  at <NuxtLayoutProvider layoutProps= {ref: RefImpl} key="landing" name="landing"  ... > 
  at <NuxtLayout> 
  at <App key=4 > 
  at <NuxtRoot> @ http://localhost:3001/_nuxt/@fs/Users/andrejkoval/Dev/vivadzen/src/front/node_modules/@vue/runtime-core/dist/runtime-core.esm-bundler.js?v=52c0a703:49
[     599ms] [WARNING] [Vue warn]: Hydration style mismatch on JSHandle@node 
  - rendered on server: style="width:1em;height:1em;--c613ce94-iconUrl:url('https://api.iconify.design/ph/star-fill.svg');"
  - expected on client: style="width:1em;height:1em;"
  Note: this mismatch is check-only. The DOM will not be rectified in production due to performance overhead.
  You should fix the source of the mismatch. 
  at <IconCSS key=5 name="ph:star-fill" class="review-card__star filled" > 
  at <SnapSlide key=14 > 
  at <SnapCarousel items= [Object, Object, Object, Object, Object, Object, Object, Object, Object, Object, Object, Object, Object, Object, Object, Object, Object, Object, Object, Object] items-per-page= {mobile: 1, tablet: 2, desktop: 3, ld: 3, xld: 3} gap= {mobile: 16, tablet: 20, desktop: 24}  ... > 
  at <GoogleReviews> 
  at <Index onVnodeUnmounted=fn<onVnodeUnmounted> ref=Ref< undefined > > 
  at <RouteProvider key="/" vnode= {__v_isVNode: true, __v_skip: true, type: Object, props: Object, key: null} route= {fullPath: /, hash: , query: Object, name: index___cs, path: /}  ... > 
  at <RouterView name=undefined route=undefined > 
  at <NuxtPage> 
  at <Body> 
  at <Html lang="cs-CZ" dir="ltr" > 
  at <Landing ref=Ref< undefined > > 
  at <AsyncComponentWrapper ref=Ref< undefined > > 
  at <LayoutLoader key="landing" layoutProps= {ref: RefImpl} name="landing" > 
  at <NuxtLayoutProvider layoutProps= {ref: RefImpl} key="landing" name="landing"  ... > 
  at <NuxtLayout> 
  at <App key=4 > 
  at <NuxtRoot> @ http://localhost:3001/_nuxt/@fs/Users/andrejkoval/Dev/vivadzen/src/front/node_modules/@vue/runtime-core/dist/runtime-core.esm-bundler.js?v=52c0a703:49
[     599ms] [WARNING] [Vue warn]: Hydration style mismatch on JSHandle@node 
  - rendered on server: style="width:1em;height:1em;--c613ce94-iconUrl:url('https://api.iconify.design/ph/arrow-bend-down-right.svg');"
  - expected on client: style="width:1em;height:1em;"
  Note: this mismatch is check-only. The DOM will not be rectified in production due to performance overhead.
  You should fix the source of the mismatch. 
  at <IconCSS name="ph:arrow-bend-down-right" > 
  at <SnapSlide key=14 > 
  at <SnapCarousel items= [Object, Object, Object, Object, Object, Object, Object, Object, Object, Object, Object, Object, Object, Object, Object, Object, Object, Object, Object, Object] items-per-page= {mobile: 1, tablet: 2, desktop: 3, ld: 3, xld: 3} gap= {mobile: 16, tablet: 20, desktop: 24}  ... > 
  at <GoogleReviews> 
  at <Index onVnodeUnmounted=fn<onVnodeUnmounted> ref=Ref< undefined > > 
  at <RouteProvider key="/" vnode= {__v_isVNode: true, __v_skip: true, type: Object, props: Object, key: null} route= {fullPath: /, hash: , query: Object, name: index___cs, path: /}  ... > 
  at <RouterView name=undefined route=undefined > 
  at <NuxtPage> 
  at <Body> 
  at <Html lang="cs-CZ" dir="ltr" > 
  at <Landing ref=Ref< undefined > > 
  at <AsyncComponentWrapper ref=Ref< undefined > > 
  at <LayoutLoader key="landing" layoutProps= {ref: RefImpl} name="landing" > 
  at <NuxtLayoutProvider layoutProps= {ref: RefImpl} key="landing" name="landing"  ... > 
  at <NuxtLayout> 
  at <App key=4 > 
  at <NuxtRoot> @ http://localhost:3001/_nuxt/@fs/Users/andrejkoval/Dev/vivadzen/src/front/node_modules/@vue/runtime-core/dist/runtime-core.esm-bundler.js?v=52c0a703:49
[     599ms] [WARNING] [Vue warn]: Hydration style mismatch on JSHandle@node 
  - rendered on server: style="width:1em;height:1em;--c613ce94-iconUrl:url('https://api.iconify.design/logos/google-icon.svg');"
  - expected on client: style="width:1em;height:1em;"
  Note: this mismatch is check-only. The DOM will not be rectified in production due to performance overhead.
  You should fix the source of the mismatch. 
  at <IconCSS name="logos:google-icon" class="review-card__google-icon" > 
  at <SnapSlide key=15 > 
  at <SnapCarousel items= [Object, Object, Object, Object, Object, Object, Object, Object, Object, Object, Object, Object, Object, Object, Object, Object, Object, Object, Object, Object] items-per-page= {mobile: 1, tablet: 2, desktop: 3, ld: 3, xld: 3} gap= {mobile: 16, tablet: 20, desktop: 24}  ... > 
  at <GoogleReviews> 
  at <Index onVnodeUnmounted=fn<onVnodeUnmounted> ref=Ref< undefined > > 
  at <RouteProvider key="/" vnode= {__v_isVNode: true, __v_skip: true, type: Object, props: Object, key: null} route= {fullPath: /, hash: , query: Object, name: index___cs, path: /}  ... > 
  at <RouterView name=undefined route=undefined > 
  at <NuxtPage> 
  at <Body> 
  at <Html lang="cs-CZ" dir="ltr" > 
  at <Landing ref=Ref< undefined > > 
  at <AsyncComponentWrapper ref=Ref< undefined > > 
  at <LayoutLoader key="landing" layoutProps= {ref: RefImpl} name="landing" > 
  at <NuxtLayoutProvider layoutProps= {ref: RefImpl} key="landing" name="landing"  ... > 
  at <NuxtLayout> 
  at <App key=4 > 
  at <NuxtRoot> @ http://localhost:3001/_nuxt/@fs/Users/andrejkoval/Dev/vivadzen/src/front/node_modules/@vue/runtime-core/dist/runtime-core.esm-bundler.js?v=52c0a703:49
[     599ms] [WARNING] [Vue warn]: Hydration style mismatch on JSHandle@node 
  - rendered on server: style="width:1em;height:1em;--c613ce94-iconUrl:url('https://api.iconify.design/ph/star-fill.svg');"
  - expected on client: style="width:1em;height:1em;"
  Note: this mismatch is check-only. The DOM will not be rectified in production due to performance overhead.
  You should fix the source of the mismatch. 
  at <IconCSS key=1 name="ph:star-fill" class="review-card__star filled" > 
  at <SnapSlide key=15 > 
  at <SnapCarousel items= [Object, Object, Object, Object, Object, Object, Object, Object, Object, Object, Object, Object, Object, Object, Object, Object, Object, Object, Object, Object] items-per-page= {mobile: 1, tablet: 2, desktop: 3, ld: 3, xld: 3} gap= {mobile: 16, tablet: 20, desktop: 24}  ... > 
  at <GoogleReviews> 
  at <Index onVnodeUnmounted=fn<onVnodeUnmounted> ref=Ref< undefined > > 
  at <RouteProvider key="/" vnode= {__v_isVNode: true, __v_skip: true, type: Object, props: Object, key: null} route= {fullPath: /, hash: , query: Object, name: index___cs, path: /}  ... > 
  at <RouterView name=undefined route=undefined > 
  at <NuxtPage> 
  at <Body> 
  at <Html lang="cs-CZ" dir="ltr" > 
  at <Landing ref=Ref< undefined > > 
  at <AsyncComponentWrapper ref=Ref< undefined > > 
  at <LayoutLoader key="landing" layoutProps= {ref: RefImpl} name="landing" > 
  at <NuxtLayoutProvider layoutProps= {ref: RefImpl} key="landing" name="landing"  ... > 
  at <NuxtLayout> 
  at <App key=4 > 
  at <NuxtRoot> @ http://localhost:3001/_nuxt/@fs/Users/andrejkoval/Dev/vivadzen/src/front/node_modules/@vue/runtime-core/dist/runtime-core.esm-bundler.js?v=52c0a703:49
[     600ms] [WARNING] [Vue warn]: Hydration style mismatch on JSHandle@node 
  - rendered on server: style="width:1em;height:1em;--c613ce94-iconUrl:url('https://api.iconify.design/ph/star-fill.svg');"
  - expected on client: style="width:1em;height:1em;"
  Note: this mismatch is check-only. The DOM will not be rectified in production due to performance overhead.
  You should fix the source of the mismatch. 
  at <IconCSS key=2 name="ph:star-fill" class="review-card__star filled" > 
  at <SnapSlide key=15 > 
  at <SnapCarousel items= [Object, Object, Object, Object, Object, Object, Object, Object, Object, Object, Object, Object, Object, Object, Object, Object, Object, Object, Object, Object] items-per-page= {mobile: 1, tablet: 2, desktop: 3, ld: 3, xld: 3} gap= {mobile: 16, tablet: 20, desktop: 24}  ... > 
  at <GoogleReviews> 
  at <Index onVnodeUnmounted=fn<onVnodeUnmounted> ref=Ref< undefined > > 
  at <RouteProvider key="/" vnode= {__v_isVNode: true, __v_skip: true, type: Object, props: Object, key: null} route= {fullPath: /, hash: , query: Object, name: index___cs, path: /}  ... > 
  at <RouterView name=undefined route=undefined > 
  at <NuxtPage> 
  at <Body> 
  at <Html lang="cs-CZ" dir="ltr" > 
  at <Landing ref=Ref< undefined > > 
  at <AsyncComponentWrapper ref=Ref< undefined > > 
  at <LayoutLoader key="landing" layoutProps= {ref: RefImpl} name="landing" > 
  at <NuxtLayoutProvider layoutProps= {ref: RefImpl} key="landing" name="landing"  ... > 
  at <NuxtLayout> 
  at <App key=4 > 
  at <NuxtRoot> @ http://localhost:3001/_nuxt/@fs/Users/andrejkoval/Dev/vivadzen/src/front/node_modules/@vue/runtime-core/dist/runtime-core.esm-bundler.js?v=52c0a703:49
[     600ms] [WARNING] [Vue warn]: Hydration style mismatch on JSHandle@node 
  - rendered on server: style="width:1em;height:1em;--c613ce94-iconUrl:url('https://api.iconify.design/ph/star-fill.svg');"
  - expected on client: style="width:1em;height:1em;"
  Note: this mismatch is check-only. The DOM will not be rectified in production due to performance overhead.
  You should fix the source of the mismatch. 
  at <IconCSS key=3 name="ph:star-fill" class="review-card__star filled" > 
  at <SnapSlide key=15 > 
  at <SnapCarousel items= [Object, Object, Object, Object, Object, Object, Object, Object, Object, Object, Object, Object, Object, Object, Object, Object, Object, Object, Object, Object] items-per-page= {mobile: 1, tablet: 2, desktop: 3, ld: 3, xld: 3} gap= {mobile: 16, tablet: 20, desktop: 24}  ... > 
  at <GoogleReviews> 
  at <Index onVnodeUnmounted=fn<onVnodeUnmounted> ref=Ref< undefined > > 
  at <RouteProvider key="/" vnode= {__v_isVNode: true, __v_skip: true, type: Object, props: Object, key: null} route= {fullPath: /, hash: , query: Object, name: index___cs, path: /}  ... > 
  at <RouterView name=undefined route=undefined > 
  at <NuxtPage> 
  at <Body> 
  at <Html lang="cs-CZ" dir="ltr" > 
  at <Landing ref=Ref< undefined > > 
  at <AsyncComponentWrapper ref=Ref< undefined > > 
  at <LayoutLoader key="landing" layoutProps= {ref: RefImpl} name="landing" > 
  at <NuxtLayoutProvider layoutProps= {ref: RefImpl} key="landing" name="landing"  ... > 
  at <NuxtLayout> 
  at <App key=4 > 
  at <NuxtRoot> @ http://localhost:3001/_nuxt/@fs/Users/andrejkoval/Dev/vivadzen/src/front/node_modules/@vue/runtime-core/dist/runtime-core.esm-bundler.js?v=52c0a703:49
[     600ms] [WARNING] [Vue warn]: Hydration style mismatch on JSHandle@node 
  - rendered on server: style="width:1em;height:1em;--c613ce94-iconUrl:url('https://api.iconify.design/ph/star-fill.svg');"
  - expected on client: style="width:1em;height:1em;"
  Note: this mismatch is check-only. The DOM will not be rectified in production due to performance overhead.
  You should fix the source of the mismatch. 
  at <IconCSS key=4 name="ph:star-fill" class="review-card__star filled" > 
  at <SnapSlide key=15 > 
  at <SnapCarousel items= [Object, Object, Object, Object, Object, Object, Object, Object, Object, Object, Object, Object, Object, Object, Object, Object, Object, Object, Object, Object] items-per-page= {mobile: 1, tablet: 2, desktop: 3, ld: 3, xld: 3} gap= {mobile: 16, tablet: 20, desktop: 24}  ... > 
  at <GoogleReviews> 
  at <Index onVnodeUnmounted=fn<onVnodeUnmounted> ref=Ref< undefined > > 
  at <RouteProvider key="/" vnode= {__v_isVNode: true, __v_skip: true, type: Object, props: Object, key: null} route= {fullPath: /, hash: , query: Object, name: index___cs, path: /}  ... > 
  at <RouterView name=undefined route=undefined > 
  at <NuxtPage> 
  at <Body> 
  at <Html lang="cs-CZ" dir="ltr" > 
  at <Landing ref=Ref< undefined > > 
  at <AsyncComponentWrapper ref=Ref< undefined > > 
  at <LayoutLoader key="landing" layoutProps= {ref: RefImpl} name="landing" > 
  at <NuxtLayoutProvider layoutProps= {ref: RefImpl} key="landing" name="landing"  ... > 
  at <NuxtLayout> 
  at <App key=4 > 
  at <NuxtRoot> @ http://localhost:3001/_nuxt/@fs/Users/andrejkoval/Dev/vivadzen/src/front/node_modules/@vue/runtime-core/dist/runtime-core.esm-bundler.js?v=52c0a703:49
[     600ms] [WARNING] [Vue warn]: Hydration style mismatch on JSHandle@node 
  - rendered on server: style="width:1em;height:1em;--c613ce94-iconUrl:url('https://api.iconify.design/ph/star-fill.svg');"
  - expected on client: style="width:1em;height:1em;"
  Note: this mismatch is check-only. The DOM will not be rectified in production due to performance overhead.
  You should fix the source of the mismatch. 
  at <IconCSS key=5 name="ph:star-fill" class="review-card__star filled" > 
  at <SnapSlide key=15 > 
  at <SnapCarousel items= [Object, Object, Object, Object, Object, Object, Object, Object, Object, Object, Object, Object, Object, Object, Object, Object, Object, Object, Object, Object] items-per-page= {mobile: 1, tablet: 2, desktop: 3, ld: 3, xld: 3} gap= {mobile: 16, tablet: 20, desktop: 24}  ... > 
  at <GoogleReviews> 
  at <Index onVnodeUnmounted=fn<onVnodeUnmounted> ref=Ref< undefined > > 
  at <RouteProvider key="/" vnode= {__v_isVNode: true, __v_skip: true, type: Object, props: Object, key: null} route= {fullPath: /, hash: , query: Object, name: index___cs, path: /}  ... > 
  at <RouterView name=undefined route=undefined > 
  at <NuxtPage> 
  at <Body> 
  at <Html lang="cs-CZ" dir="ltr" > 
  at <Landing ref=Ref< undefined > > 
  at <AsyncComponentWrapper ref=Ref< undefined > > 
  at <LayoutLoader key="landing" layoutProps= {ref: RefImpl} name="landing" > 
  at <NuxtLayoutProvider layoutProps= {ref: RefImpl} key="landing" name="landing"  ... > 
  at <NuxtLayout> 
  at <App key=4 > 
  at <NuxtRoot> @ http://localhost:3001/_nuxt/@fs/Users/andrejkoval/Dev/vivadzen/src/front/node_modules/@vue/runtime-core/dist/runtime-core.esm-bundler.js?v=52c0a703:49
[     601ms] [WARNING] [Vue warn]: Hydration style mismatch on JSHandle@node 
  - rendered on server: style="width:1em;height:1em;--c613ce94-iconUrl:url('https://api.iconify.design/ph/arrow-bend-down-right.svg');"
  - expected on client: style="width:1em;height:1em;"
  Note: this mismatch is check-only. The DOM will not be rectified in production due to performance overhead.
  You should fix the source of the mismatch. 
  at <IconCSS name="ph:arrow-bend-down-right" > 
  at <SnapSlide key=15 > 
  at <SnapCarousel items= [Object, Object, Object, Object, Object, Object, Object, Object, Object, Object, Object, Object, Object, Object, Object, Object, Object, Object, Object, Object] items-per-page= {mobile: 1, tablet: 2, desktop: 3, ld: 3, xld: 3} gap= {mobile: 16, tablet: 20, desktop: 24}  ... > 
  at <GoogleReviews> 
  at <Index onVnodeUnmounted=fn<onVnodeUnmounted> ref=Ref< undefined > > 
  at <RouteProvider key="/" vnode= {__v_isVNode: true, __v_skip: true, type: Object, props: Object, key: null} route= {fullPath: /, hash: , query: Object, name: index___cs, path: /}  ... > 
  at <RouterView name=undefined route=undefined > 
  at <NuxtPage> 
  at <Body> 
  at <Html lang="cs-CZ" dir="ltr" > 
  at <Landing ref=Ref< undefined > > 
  at <AsyncComponentWrapper ref=Ref< undefined > > 
  at <LayoutLoader key="landing" layoutProps= {ref: RefImpl} name="landing" > 
  at <NuxtLayoutProvider layoutProps= {ref: RefImpl} key="landing" name="landing"  ... > 
  at <NuxtLayout> 
  at <App key=4 > 
  at <NuxtRoot> @ http://localhost:3001/_nuxt/@fs/Users/andrejkoval/Dev/vivadzen/src/front/node_modules/@vue/runtime-core/dist/runtime-core.esm-bundler.js?v=52c0a703:49
[     601ms] [WARNING] [Vue warn]: Hydration style mismatch on JSHandle@node 
  - rendered on server: style="width:1em;height:1em;--c613ce94-iconUrl:url('https://api.iconify.design/logos/google-icon.svg');"
  - expected on client: style="width:1em;height:1em;"
  Note: this mismatch is check-only. The DOM will not be rectified in production due to performance overhead.
  You should fix the source of the mismatch. 
  at <IconCSS name="logos:google-icon" class="review-card__google-icon" > 
  at <SnapSlide key=16 > 
  at <SnapCarousel items= [Object, Object, Object, Object, Object, Object, Object, Object, Object, Object, Object, Object, Object, Object, Object, Object, Object, Object, Object, Object] items-per-page= {mobile: 1, tablet: 2, desktop: 3, ld: 3, xld: 3} gap= {mobile: 16, tablet: 20, desktop: 24}  ... > 
  at <GoogleReviews> 
  at <Index onVnodeUnmounted=fn<onVnodeUnmounted> ref=Ref< undefined > > 
  at <RouteProvider key="/" vnode= {__v_isVNode: true, __v_skip: true, type: Object, props: Object, key: null} route= {fullPath: /, hash: , query: Object, name: index___cs, path: /}  ... > 
  at <RouterView name=undefined route=undefined > 
  at <NuxtPage> 
  at <Body> 
  at <Html lang="cs-CZ" dir="ltr" > 
  at <Landing ref=Ref< undefined > > 
  at <AsyncComponentWrapper ref=Ref< undefined > > 
  at <LayoutLoader key="landing" layoutProps= {ref: RefImpl} name="landing" > 
  at <NuxtLayoutProvider layoutProps= {ref: RefImpl} key="landing" name="landing"  ... > 
  at <NuxtLayout> 
  at <App key=4 > 
  at <NuxtRoot> @ http://localhost:3001/_nuxt/@fs/Users/andrejkoval/Dev/vivadzen/src/front/node_modules/@vue/runtime-core/dist/runtime-core.esm-bundler.js?v=52c0a703:49
[     601ms] [WARNING] [Vue warn]: Hydration style mismatch on JSHandle@node 
  - rendered on server: style="width:1em;height:1em;--c613ce94-iconUrl:url('https://api.iconify.design/ph/star-fill.svg');"
  - expected on client: style="width:1em;height:1em;"
  Note: this mismatch is check-only. The DOM will not be rectified in production due to performance overhead.
  You should fix the source of the mismatch. 
  at <IconCSS key=1 name="ph:star-fill" class="review-card__star filled" > 
  at <SnapSlide key=16 > 
  at <SnapCarousel items= [Object, Object, Object, Object, Object, Object, Object, Object, Object, Object, Object, Object, Object, Object, Object, Object, Object, Object, Object, Object] items-per-page= {mobile: 1, tablet: 2, desktop: 3, ld: 3, xld: 3} gap= {mobile: 16, tablet: 20, desktop: 24}  ... > 
  at <GoogleReviews> 
  at <Index onVnodeUnmounted=fn<onVnodeUnmounted> ref=Ref< undefined > > 
  at <RouteProvider key="/" vnode= {__v_isVNode: true, __v_skip: true, type: Object, props: Object, key: null} route= {fullPath: /, hash: , query: Object, name: index___cs, path: /}  ... > 
  at <RouterView name=undefined route=undefined > 
  at <NuxtPage> 
  at <Body> 
  at <Html lang="cs-CZ" dir="ltr" > 
  at <Landing ref=Ref< undefined > > 
  at <AsyncComponentWrapper ref=Ref< undefined > > 
  at <LayoutLoader key="landing" layoutProps= {ref: RefImpl} name="landing" > 
  at <NuxtLayoutProvider layoutProps= {ref: RefImpl} key="landing" name="landing"  ... > 
  at <NuxtLayout> 
  at <App key=4 > 
  at <NuxtRoot> @ http://localhost:3001/_nuxt/@fs/Users/andrejkoval/Dev/vivadzen/src/front/node_modules/@vue/runtime-core/dist/runtime-core.esm-bundler.js?v=52c0a703:49
[     601ms] [WARNING] [Vue warn]: Hydration style mismatch on JSHandle@node 
  - rendered on server: style="width:1em;height:1em;--c613ce94-iconUrl:url('https://api.iconify.design/ph/star-fill.svg');"
  - expected on client: style="width:1em;height:1em;"
  Note: this mismatch is check-only. The DOM will not be rectified in production due to performance overhead.
  You should fix the source of the mismatch. 
  at <IconCSS key=2 name="ph:star-fill" class="review-card__star filled" > 
  at <SnapSlide key=16 > 
  at <SnapCarousel items= [Object, Object, Object, Object, Object, Object, Object, Object, Object, Object, Object, Object, Object, Object, Object, Object, Object, Object, Object, Object] items-per-page= {mobile: 1, tablet: 2, desktop: 3, ld: 3, xld: 3} gap= {mobile: 16, tablet: 20, desktop: 24}  ... > 
  at <GoogleReviews> 
  at <Index onVnodeUnmounted=fn<onVnodeUnmounted> ref=Ref< undefined > > 
  at <RouteProvider key="/" vnode= {__v_isVNode: true, __v_skip: true, type: Object, props: Object, key: null} route= {fullPath: /, hash: , query: Object, name: index___cs, path: /}  ... > 
  at <RouterView name=undefined route=undefined > 
  at <NuxtPage> 
  at <Body> 
  at <Html lang="cs-CZ" dir="ltr" > 
  at <Landing ref=Ref< undefined > > 
  at <AsyncComponentWrapper ref=Ref< undefined > > 
  at <LayoutLoader key="landing" layoutProps= {ref: RefImpl} name="landing" > 
  at <NuxtLayoutProvider layoutProps= {ref: RefImpl} key="landing" name="landing"  ... > 
  at <NuxtLayout> 
  at <App key=4 > 
  at <NuxtRoot> @ http://localhost:3001/_nuxt/@fs/Users/andrejkoval/Dev/vivadzen/src/front/node_modules/@vue/runtime-core/dist/runtime-core.esm-bundler.js?v=52c0a703:49
[     601ms] [WARNING] [Vue warn]: Hydration style mismatch on JSHandle@node 
  - rendered on server: style="width:1em;height:1em;--c613ce94-iconUrl:url('https://api.iconify.design/ph/star-fill.svg');"
  - expected on client: style="width:1em;height:1em;"
  Note: this mismatch is check-only. The DOM will not be rectified in production due to performance overhead.
  You should fix the source of the mismatch. 
  at <IconCSS key=3 name="ph:star-fill" class="review-card__star filled" > 
  at <SnapSlide key=16 > 
  at <SnapCarousel items= [Object, Object, Object, Object, Object, Object, Object, Object, Object, Object, Object, Object, Object, Object, Object, Object, Object, Object, Object, Object] items-per-page= {mobile: 1, tablet: 2, desktop: 3, ld: 3, xld: 3} gap= {mobile: 16, tablet: 20, desktop: 24}  ... > 
  at <GoogleReviews> 
  at <Index onVnodeUnmounted=fn<onVnodeUnmounted> ref=Ref< undefined > > 
  at <RouteProvider key="/" vnode= {__v_isVNode: true, __v_skip: true, type: Object, props: Object, key: null} route= {fullPath: /, hash: , query: Object, name: index___cs, path: /}  ... > 
  at <RouterView name=undefined route=undefined > 
  at <NuxtPage> 
  at <Body> 
  at <Html lang="cs-CZ" dir="ltr" > 
  at <Landing ref=Ref< undefined > > 
  at <AsyncComponentWrapper ref=Ref< undefined > > 
  at <LayoutLoader key="landing" layoutProps= {ref: RefImpl} name="landing" > 
  at <NuxtLayoutProvider layoutProps= {ref: RefImpl} key="landing" name="landing"  ... > 
  at <NuxtLayout> 
  at <App key=4 > 
  at <NuxtRoot> @ http://localhost:3001/_nuxt/@fs/Users/andrejkoval/Dev/vivadzen/src/front/node_modules/@vue/runtime-core/dist/runtime-core.esm-bundler.js?v=52c0a703:49
[     602ms] [WARNING] [Vue warn]: Hydration style mismatch on JSHandle@node 
  - rendered on server: style="width:1em;height:1em;--c613ce94-iconUrl:url('https://api.iconify.design/ph/star-fill.svg');"
  - expected on client: style="width:1em;height:1em;"
  Note: this mismatch is check-only. The DOM will not be rectified in production due to performance overhead.
  You should fix the source of the mismatch. 
  at <IconCSS key=4 name="ph:star-fill" class="review-card__star filled" > 
  at <SnapSlide key=16 > 
  at <SnapCarousel items= [Object, Object, Object, Object, Object, Object, Object, Object, Object, Object, Object, Object, Object, Object, Object, Object, Object, Object, Object, Object] items-per-page= {mobile: 1, tablet: 2, desktop: 3, ld: 3, xld: 3} gap= {mobile: 16, tablet: 20, desktop: 24}  ... > 
  at <GoogleReviews> 
  at <Index onVnodeUnmounted=fn<onVnodeUnmounted> ref=Ref< undefined > > 
  at <RouteProvider key="/" vnode= {__v_isVNode: true, __v_skip: true, type: Object, props: Object, key: null} route= {fullPath: /, hash: , query: Object, name: index___cs, path: /}  ... > 
  at <RouterView name=undefined route=undefined > 
  at <NuxtPage> 
  at <Body> 
  at <Html lang="cs-CZ" dir="ltr" > 
  at <Landing ref=Ref< undefined > > 
  at <AsyncComponentWrapper ref=Ref< undefined > > 
  at <LayoutLoader key="landing" layoutProps= {ref: RefImpl} name="landing" > 
  at <NuxtLayoutProvider layoutProps= {ref: RefImpl} key="landing" name="landing"  ... > 
  at <NuxtLayout> 
  at <App key=4 > 
  at <NuxtRoot> @ http://localhost:3001/_nuxt/@fs/Users/andrejkoval/Dev/vivadzen/src/front/node_modules/@vue/runtime-core/dist/runtime-core.esm-bundler.js?v=52c0a703:49
[     602ms] [WARNING] [Vue warn]: Hydration style mismatch on JSHandle@node 
  - rendered on server: style="width:1em;height:1em;--c613ce94-iconUrl:url('https://api.iconify.design/ph/star-fill.svg');"
  - expected on client: style="width:1em;height:1em;"
  Note: this mismatch is check-only. The DOM will not be rectified in production due to performance overhead.
  You should fix the source of the mismatch. 
  at <IconCSS key=5 name="ph:star-fill" class="review-card__star filled" > 
  at <SnapSlide key=16 > 
  at <SnapCarousel items= [Object, Object, Object, Object, Object, Object, Object, Object, Object, Object, Object, Object, Object, Object, Object, Object, Object, Object, Object, Object] items-per-page= {mobile: 1, tablet: 2, desktop: 3, ld: 3, xld: 3} gap= {mobile: 16, tablet: 20, desktop: 24}  ... > 
  at <GoogleReviews> 
  at <Index onVnodeUnmounted=fn<onVnodeUnmounted> ref=Ref< undefined > > 
  at <RouteProvider key="/" vnode= {__v_isVNode: true, __v_skip: true, type: Object, props: Object, key: null} route= {fullPath: /, hash: , query: Object, name: index___cs, path: /}  ... > 
  at <RouterView name=undefined route=undefined > 
  at <NuxtPage> 
  at <Body> 
  at <Html lang="cs-CZ" dir="ltr" > 
  at <Landing ref=Ref< undefined > > 
  at <AsyncComponentWrapper ref=Ref< undefined > > 
  at <LayoutLoader key="landing" layoutProps= {ref: RefImpl} name="landing" > 
  at <NuxtLayoutProvider layoutProps= {ref: RefImpl} key="landing" name="landing"  ... > 
  at <NuxtLayout> 
  at <App key=4 > 
  at <NuxtRoot> @ http://localhost:3001/_nuxt/@fs/Users/andrejkoval/Dev/vivadzen/src/front/node_modules/@vue/runtime-core/dist/runtime-core.esm-bundler.js?v=52c0a703:49
[     602ms] [WARNING] [Vue warn]: Hydration style mismatch on JSHandle@node 
  - rendered on server: style="width:1em;height:1em;--c613ce94-iconUrl:url('https://api.iconify.design/ph/arrow-bend-down-right.svg');"
  - expected on client: style="width:1em;height:1em;"
  Note: this mismatch is check-only. The DOM will not be rectified in production due to performance overhead.
  You should fix the source of the mismatch. 
  at <IconCSS name="ph:arrow-bend-down-right" > 
  at <SnapSlide key=16 > 
  at <SnapCarousel items= [Object, Object, Object, Object, Object, Object, Object, Object, Object, Object, Object, Object, Object, Object, Object, Object, Object, Object, Object, Object] items-per-page= {mobile: 1, tablet: 2, desktop: 3, ld: 3, xld: 3} gap= {mobile: 16, tablet: 20, desktop: 24}  ... > 
  at <GoogleReviews> 
  at <Index onVnodeUnmounted=fn<onVnodeUnmounted> ref=Ref< undefined > > 
  at <RouteProvider key="/" vnode= {__v_isVNode: true, __v_skip: true, type: Object, props: Object, key: null} route= {fullPath: /, hash: , query: Object, name: index___cs, path: /}  ... > 
  at <RouterView name=undefined route=undefined > 
  at <NuxtPage> 
  at <Body> 
  at <Html lang="cs-CZ" dir="ltr" > 
  at <Landing ref=Ref< undefined > > 
  at <AsyncComponentWrapper ref=Ref< undefined > > 
  at <LayoutLoader key="landing" layoutProps= {ref: RefImpl} name="landing" > 
  at <NuxtLayoutProvider layoutProps= {ref: RefImpl} key="landing" name="landing"  ... > 
  at <NuxtLayout> 
  at <App key=4 > 
  at <NuxtRoot> @ http://localhost:3001/_nuxt/@fs/Users/andrejkoval/Dev/vivadzen/src/front/node_modules/@vue/runtime-core/dist/runtime-core.esm-bundler.js?v=52c0a703:49
[     602ms] [WARNING] [Vue warn]: Hydration style mismatch on JSHandle@node 
  - rendered on server: style="width:1em;height:1em;--c613ce94-iconUrl:url('https://api.iconify.design/logos/google-icon.svg');"
  - expected on client: style="width:1em;height:1em;"
  Note: this mismatch is check-only. The DOM will not be rectified in production due to performance overhead.
  You should fix the source of the mismatch. 
  at <IconCSS name="logos:google-icon" class="review-card__google-icon" > 
  at <SnapSlide key=17 > 
  at <SnapCarousel items= [Object, Object, Object, Object, Object, Object, Object, Object, Object, Object, Object, Object, Object, Object, Object, Object, Object, Object, Object, Object] items-per-page= {mobile: 1, tablet: 2, desktop: 3, ld: 3, xld: 3} gap= {mobile: 16, tablet: 20, desktop: 24}  ... > 
  at <GoogleReviews> 
  at <Index onVnodeUnmounted=fn<onVnodeUnmounted> ref=Ref< undefined > > 
  at <RouteProvider key="/" vnode= {__v_isVNode: true, __v_skip: true, type: Object, props: Object, key: null} route= {fullPath: /, hash: , query: Object, name: index___cs, path: /}  ... > 
  at <RouterView name=undefined route=undefined > 
  at <NuxtPage> 
  at <Body> 
  at <Html lang="cs-CZ" dir="ltr" > 
  at <Landing ref=Ref< undefined > > 
  at <AsyncComponentWrapper ref=Ref< undefined > > 
  at <LayoutLoader key="landing" layoutProps= {ref: RefImpl} name="landing" > 
  at <NuxtLayoutProvider layoutProps= {ref: RefImpl} key="landing" name="landing"  ... > 
  at <NuxtLayout> 
  at <App key=4 > 
  at <NuxtRoot> @ http://localhost:3001/_nuxt/@fs/Users/andrejkoval/Dev/vivadzen/src/front/node_modules/@vue/runtime-core/dist/runtime-core.esm-bundler.js?v=52c0a703:49
[     603ms] [WARNING] [Vue warn]: Hydration style mismatch on JSHandle@node 
  - rendered on server: style="width:1em;height:1em;--c613ce94-iconUrl:url('https://api.iconify.design/ph/star-fill.svg');"
  - expected on client: style="width:1em;height:1em;"
  Note: this mismatch is check-only. The DOM will not be rectified in production due to performance overhead.
  You should fix the source of the mismatch. 
  at <IconCSS key=1 name="ph:star-fill" class="review-card__star filled" > 
  at <SnapSlide key=17 > 
  at <SnapCarousel items= [Object, Object, Object, Object, Object, Object, Object, Object, Object, Object, Object, Object, Object, Object, Object, Object, Object, Object, Object, Object] items-per-page= {mobile: 1, tablet: 2, desktop: 3, ld: 3, xld: 3} gap= {mobile: 16, tablet: 20, desktop: 24}  ... > 
  at <GoogleReviews> 
  at <Index onVnodeUnmounted=fn<onVnodeUnmounted> ref=Ref< undefined > > 
  at <RouteProvider key="/" vnode= {__v_isVNode: true, __v_skip: true, type: Object, props: Object, key: null} route= {fullPath: /, hash: , query: Object, name: index___cs, path: /}  ... > 
  at <RouterView name=undefined route=undefined > 
  at <NuxtPage> 
  at <Body> 
  at <Html lang="cs-CZ" dir="ltr" > 
  at <Landing ref=Ref< undefined > > 
  at <AsyncComponentWrapper ref=Ref< undefined > > 
  at <LayoutLoader key="landing" layoutProps= {ref: RefImpl} name="landing" > 
  at <NuxtLayoutProvider layoutProps= {ref: RefImpl} key="landing" name="landing"  ... > 
  at <NuxtLayout> 
  at <App key=4 > 
  at <NuxtRoot> @ http://localhost:3001/_nuxt/@fs/Users/andrejkoval/Dev/vivadzen/src/front/node_modules/@vue/runtime-core/dist/runtime-core.esm-bundler.js?v=52c0a703:49
[     603ms] [WARNING] [Vue warn]: Hydration style mismatch on JSHandle@node 
  - rendered on server: style="width:1em;height:1em;--c613ce94-iconUrl:url('https://api.iconify.design/ph/star-fill.svg');"
  - expected on client: style="width:1em;height:1em;"
  Note: this mismatch is check-only. The DOM will not be rectified in production due to performance overhead.
  You should fix the source of the mismatch. 
  at <IconCSS key=2 name="ph:star-fill" class="review-card__star filled" > 
  at <SnapSlide key=17 > 
  at <SnapCarousel items= [Object, Object, Object, Object, Object, Object, Object, Object, Object, Object, Object, Object, Object, Object, Object, Object, Object, Object, Object, Object] items-per-page= {mobile: 1, tablet: 2, desktop: 3, ld: 3, xld: 3} gap= {mobile: 16, tablet: 20, desktop: 24}  ... > 
  at <GoogleReviews> 
  at <Index onVnodeUnmounted=fn<onVnodeUnmounted> ref=Ref< undefined > > 
  at <RouteProvider key="/" vnode= {__v_isVNode: true, __v_skip: true, type: Object, props: Object, key: null} route= {fullPath: /, hash: , query: Object, name: index___cs, path: /}  ... > 
  at <RouterView name=undefined route=undefined > 
  at <NuxtPage> 
  at <Body> 
  at <Html lang="cs-CZ" dir="ltr" > 
  at <Landing ref=Ref< undefined > > 
  at <AsyncComponentWrapper ref=Ref< undefined > > 
  at <LayoutLoader key="landing" layoutProps= {ref: RefImpl} name="landing" > 
  at <NuxtLayoutProvider layoutProps= {ref: RefImpl} key="landing" name="landing"  ... > 
  at <NuxtLayout> 
  at <App key=4 > 
  at <NuxtRoot> @ http://localhost:3001/_nuxt/@fs/Users/andrejkoval/Dev/vivadzen/src/front/node_modules/@vue/runtime-core/dist/runtime-core.esm-bundler.js?v=52c0a703:49
[     603ms] [WARNING] [Vue warn]: Hydration style mismatch on JSHandle@node 
  - rendered on server: style="width:1em;height:1em;--c613ce94-iconUrl:url('https://api.iconify.design/ph/star-fill.svg');"
  - expected on client: style="width:1em;height:1em;"
  Note: this mismatch is check-only. The DOM will not be rectified in production due to performance overhead.
  You should fix the source of the mismatch. 
  at <IconCSS key=3 name="ph:star-fill" class="review-card__star filled" > 
  at <SnapSlide key=17 > 
  at <SnapCarousel items= [Object, Object, Object, Object, Object, Object, Object, Object, Object, Object, Object, Object, Object, Object, Object, Object, Object, Object, Object, Object] items-per-page= {mobile: 1, tablet: 2, desktop: 3, ld: 3, xld: 3} gap= {mobile: 16, tablet: 20, desktop: 24}  ... > 
  at <GoogleReviews> 
  at <Index onVnodeUnmounted=fn<onVnodeUnmounted> ref=Ref< undefined > > 
  at <RouteProvider key="/" vnode= {__v_isVNode: true, __v_skip: true, type: Object, props: Object, key: null} route= {fullPath: /, hash: , query: Object, name: index___cs, path: /}  ... > 
  at <RouterView name=undefined route=undefined > 
  at <NuxtPage> 
  at <Body> 
  at <Html lang="cs-CZ" dir="ltr" > 
  at <Landing ref=Ref< undefined > > 
  at <AsyncComponentWrapper ref=Ref< undefined > > 
  at <LayoutLoader key="landing" layoutProps= {ref: RefImpl} name="landing" > 
  at <NuxtLayoutProvider layoutProps= {ref: RefImpl} key="landing" name="landing"  ... > 
  at <NuxtLayout> 
  at <App key=4 > 
  at <NuxtRoot> @ http://localhost:3001/_nuxt/@fs/Users/andrejkoval/Dev/vivadzen/src/front/node_modules/@vue/runtime-core/dist/runtime-core.esm-bundler.js?v=52c0a703:49
[     603ms] [WARNING] [Vue warn]: Hydration style mismatch on JSHandle@node 
  - rendered on server: style="width:1em;height:1em;--c613ce94-iconUrl:url('https://api.iconify.design/ph/star-fill.svg');"
  - expected on client: style="width:1em;height:1em;"
  Note: this mismatch is check-only. The DOM will not be rectified in production due to performance overhead.
  You should fix the source of the mismatch. 
  at <IconCSS key=4 name="ph:star-fill" class="review-card__star filled" > 
  at <SnapSlide key=17 > 
  at <SnapCarousel items= [Object, Object, Object, Object, Object, Object, Object, Object, Object, Object, Object, Object, Object, Object, Object, Object, Object, Object, Object, Object] items-per-page= {mobile: 1, tablet: 2, desktop: 3, ld: 3, xld: 3} gap= {mobile: 16, tablet: 20, desktop: 24}  ... > 
  at <GoogleReviews> 
  at <Index onVnodeUnmounted=fn<onVnodeUnmounted> ref=Ref< undefined > > 
  at <RouteProvider key="/" vnode= {__v_isVNode: true, __v_skip: true, type: Object, props: Object, key: null} route= {fullPath: /, hash: , query: Object, name: index___cs, path: /}  ... > 
  at <RouterView name=undefined route=undefined > 
  at <NuxtPage> 
  at <Body> 
  at <Html lang="cs-CZ" dir="ltr" > 
  at <Landing ref=Ref< undefined > > 
  at <AsyncComponentWrapper ref=Ref< undefined > > 
  at <LayoutLoader key="landing" layoutProps= {ref: RefImpl} name="landing" > 
  at <NuxtLayoutProvider layoutProps= {ref: RefImpl} key="landing" name="landing"  ... > 
  at <NuxtLayout> 
  at <App key=4 > 
  at <NuxtRoot> @ http://localhost:3001/_nuxt/@fs/Users/andrejkoval/Dev/vivadzen/src/front/node_modules/@vue/runtime-core/dist/runtime-core.esm-bundler.js?v=52c0a703:49
[     603ms] [WARNING] [Vue warn]: Hydration style mismatch on JSHandle@node 
  - rendered on server: style="width:1em;height:1em;--c613ce94-iconUrl:url('https://api.iconify.design/ph/star-fill.svg');"
  - expected on client: style="width:1em;height:1em;"
  Note: this mismatch is check-only. The DOM will not be rectified in production due to performance overhead.
  You should fix the source of the mismatch. 
  at <IconCSS key=5 name="ph:star-fill" class="review-card__star filled" > 
  at <SnapSlide key=17 > 
  at <SnapCarousel items= [Object, Object, Object, Object, Object, Object, Object, Object, Object, Object, Object, Object, Object, Object, Object, Object, Object, Object, Object, Object] items-per-page= {mobile: 1, tablet: 2, desktop: 3, ld: 3, xld: 3} gap= {mobile: 16, tablet: 20, desktop: 24}  ... > 
  at <GoogleReviews> 
  at <Index onVnodeUnmounted=fn<onVnodeUnmounted> ref=Ref< undefined > > 
  at <RouteProvider key="/" vnode= {__v_isVNode: true, __v_skip: true, type: Object, props: Object, key: null} route= {fullPath: /, hash: , query: Object, name: index___cs, path: /}  ... > 
  at <RouterView name=undefined route=undefined > 
  at <NuxtPage> 
  at <Body> 
  at <Html lang="cs-CZ" dir="ltr" > 
  at <Landing ref=Ref< undefined > > 
  at <AsyncComponentWrapper ref=Ref< undefined > > 
  at <LayoutLoader key="landing" layoutProps= {ref: RefImpl} name="landing" > 
  at <NuxtLayoutProvider layoutProps= {ref: RefImpl} key="landing" name="landing"  ... > 
  at <NuxtLayout> 
  at <App key=4 > 
  at <NuxtRoot> @ http://localhost:3001/_nuxt/@fs/Users/andrejkoval/Dev/vivadzen/src/front/node_modules/@vue/runtime-core/dist/runtime-core.esm-bundler.js?v=52c0a703:49
[     604ms] [WARNING] [Vue warn]: Hydration style mismatch on JSHandle@node 
  - rendered on server: style="width:1em;height:1em;--c613ce94-iconUrl:url('https://api.iconify.design/ph/arrow-bend-down-right.svg');"
  - expected on client: style="width:1em;height:1em;"
  Note: this mismatch is check-only. The DOM will not be rectified in production due to performance overhead.
  You should fix the source of the mismatch. 
  at <IconCSS name="ph:arrow-bend-down-right" > 
  at <SnapSlide key=17 > 
  at <SnapCarousel items= [Object, Object, Object, Object, Object, Object, Object, Object, Object, Object, Object, Object, Object, Object, Object, Object, Object, Object, Object, Object] items-per-page= {mobile: 1, tablet: 2, desktop: 3, ld: 3, xld: 3} gap= {mobile: 16, tablet: 20, desktop: 24}  ... > 
  at <GoogleReviews> 
  at <Index onVnodeUnmounted=fn<onVnodeUnmounted> ref=Ref< undefined > > 
  at <RouteProvider key="/" vnode= {__v_isVNode: true, __v_skip: true, type: Object, props: Object, key: null} route= {fullPath: /, hash: , query: Object, name: index___cs, path: /}  ... > 
  at <RouterView name=undefined route=undefined > 
  at <NuxtPage> 
  at <Body> 
  at <Html lang="cs-CZ" dir="ltr" > 
  at <Landing ref=Ref< undefined > > 
  at <AsyncComponentWrapper ref=Ref< undefined > > 
  at <LayoutLoader key="landing" layoutProps= {ref: RefImpl} name="landing" > 
  at <NuxtLayoutProvider layoutProps= {ref: RefImpl} key="landing" name="landing"  ... > 
  at <NuxtLayout> 
  at <App key=4 > 
  at <NuxtRoot> @ http://localhost:3001/_nuxt/@fs/Users/andrejkoval/Dev/vivadzen/src/front/node_modules/@vue/runtime-core/dist/runtime-core.esm-bundler.js?v=52c0a703:49
[     604ms] [WARNING] [Vue warn]: Hydration style mismatch on JSHandle@node 
  - rendered on server: style="width:1em;height:1em;--c613ce94-iconUrl:url('https://api.iconify.design/logos/google-icon.svg');"
  - expected on client: style="width:1em;height:1em;"
  Note: this mismatch is check-only. The DOM will not be rectified in production due to performance overhead.
  You should fix the source of the mismatch. 
  at <IconCSS name="logos:google-icon" class="review-card__google-icon" > 
  at <SnapSlide key=18 > 
  at <SnapCarousel items= [Object, Object, Object, Object, Object, Object, Object, Object, Object, Object, Object, Object, Object, Object, Object, Object, Object, Object, Object, Object] items-per-page= {mobile: 1, tablet: 2, desktop: 3, ld: 3, xld: 3} gap= {mobile: 16, tablet: 20, desktop: 24}  ... > 
  at <GoogleReviews> 
  at <Index onVnodeUnmounted=fn<onVnodeUnmounted> ref=Ref< undefined > > 
  at <RouteProvider key="/" vnode= {__v_isVNode: true, __v_skip: true, type: Object, props: Object, key: null} route= {fullPath: /, hash: , query: Object, name: index___cs, path: /}  ... > 
  at <RouterView name=undefined route=undefined > 
  at <NuxtPage> 
  at <Body> 
  at <Html lang="cs-CZ" dir="ltr" > 
  at <Landing ref=Ref< undefined > > 
  at <AsyncComponentWrapper ref=Ref< undefined > > 
  at <LayoutLoader key="landing" layoutProps= {ref: RefImpl} name="landing" > 
  at <NuxtLayoutProvider layoutProps= {ref: RefImpl} key="landing" name="landing"  ... > 
  at <NuxtLayout> 
  at <App key=4 > 
  at <NuxtRoot> @ http://localhost:3001/_nuxt/@fs/Users/andrejkoval/Dev/vivadzen/src/front/node_modules/@vue/runtime-core/dist/runtime-core.esm-bundler.js?v=52c0a703:49
[     604ms] [WARNING] [Vue warn]: Hydration style mismatch on JSHandle@node 
  - rendered on server: style="width:1em;height:1em;--c613ce94-iconUrl:url('https://api.iconify.design/ph/star-fill.svg');"
  - expected on client: style="width:1em;height:1em;"
  Note: this mismatch is check-only. The DOM will not be rectified in production due to performance overhead.
  You should fix the source of the mismatch. 
  at <IconCSS key=1 name="ph:star-fill" class="review-card__star filled" > 
  at <SnapSlide key=18 > 
  at <SnapCarousel items= [Object, Object, Object, Object, Object, Object, Object, Object, Object, Object, Object, Object, Object, Object, Object, Object, Object, Object, Object, Object] items-per-page= {mobile: 1, tablet: 2, desktop: 3, ld: 3, xld: 3} gap= {mobile: 16, tablet: 20, desktop: 24}  ... > 
  at <GoogleReviews> 
  at <Index onVnodeUnmounted=fn<onVnodeUnmounted> ref=Ref< undefined > > 
  at <RouteProvider key="/" vnode= {__v_isVNode: true, __v_skip: true, type: Object, props: Object, key: null} route= {fullPath: /, hash: , query: Object, name: index___cs, path: /}  ... > 
  at <RouterView name=undefined route=undefined > 
  at <NuxtPage> 
  at <Body> 
  at <Html lang="cs-CZ" dir="ltr" > 
  at <Landing ref=Ref< undefined > > 
  at <AsyncComponentWrapper ref=Ref< undefined > > 
  at <LayoutLoader key="landing" layoutProps= {ref: RefImpl} name="landing" > 
  at <NuxtLayoutProvider layoutProps= {ref: RefImpl} key="landing" name="landing"  ... > 
  at <NuxtLayout> 
  at <App key=4 > 
  at <NuxtRoot> @ http://localhost:3001/_nuxt/@fs/Users/andrejkoval/Dev/vivadzen/src/front/node_modules/@vue/runtime-core/dist/runtime-core.esm-bundler.js?v=52c0a703:49
[     604ms] [WARNING] [Vue warn]: Hydration style mismatch on JSHandle@node 
  - rendered on server: style="width:1em;height:1em;--c613ce94-iconUrl:url('https://api.iconify.design/ph/star-fill.svg');"
  - expected on client: style="width:1em;height:1em;"
  Note: this mismatch is check-only. The DOM will not be rectified in production due to performance overhead.
  You should fix the source of the mismatch. 
  at <IconCSS key=2 name="ph:star-fill" class="review-card__star filled" > 
  at <SnapSlide key=18 > 
  at <SnapCarousel items= [Object, Object, Object, Object, Object, Object, Object, Object, Object, Object, Object, Object, Object, Object, Object, Object, Object, Object, Object, Object] items-per-page= {mobile: 1, tablet: 2, desktop: 3, ld: 3, xld: 3} gap= {mobile: 16, tablet: 20, desktop: 24}  ... > 
  at <GoogleReviews> 
  at <Index onVnodeUnmounted=fn<onVnodeUnmounted> ref=Ref< undefined > > 
  at <RouteProvider key="/" vnode= {__v_isVNode: true, __v_skip: true, type: Object, props: Object, key: null} route= {fullPath: /, hash: , query: Object, name: index___cs, path: /}  ... > 
  at <RouterView name=undefined route=undefined > 
  at <NuxtPage> 
  at <Body> 
  at <Html lang="cs-CZ" dir="ltr" > 
  at <Landing ref=Ref< undefined > > 
  at <AsyncComponentWrapper ref=Ref< undefined > > 
  at <LayoutLoader key="landing" layoutProps= {ref: RefImpl} name="landing" > 
  at <NuxtLayoutProvider layoutProps= {ref: RefImpl} key="landing" name="landing"  ... > 
  at <NuxtLayout> 
  at <App key=4 > 
  at <NuxtRoot> @ http://localhost:3001/_nuxt/@fs/Users/andrejkoval/Dev/vivadzen/src/front/node_modules/@vue/runtime-core/dist/runtime-core.esm-bundler.js?v=52c0a703:49
[     605ms] [WARNING] [Vue warn]: Hydration style mismatch on JSHandle@node 
  - rendered on server: style="width:1em;height:1em;--c613ce94-iconUrl:url('https://api.iconify.design/ph/star-fill.svg');"
  - expected on client: style="width:1em;height:1em;"
  Note: this mismatch is check-only. The DOM will not be rectified in production due to performance overhead.
  You should fix the source of the mismatch. 
  at <IconCSS key=3 name="ph:star-fill" class="review-card__star filled" > 
  at <SnapSlide key=18 > 
  at <SnapCarousel items= [Object, Object, Object, Object, Object, Object, Object, Object, Object, Object, Object, Object, Object, Object, Object, Object, Object, Object, Object, Object] items-per-page= {mobile: 1, tablet: 2, desktop: 3, ld: 3, xld: 3} gap= {mobile: 16, tablet: 20, desktop: 24}  ... > 
  at <GoogleReviews> 
  at <Index onVnodeUnmounted=fn<onVnodeUnmounted> ref=Ref< undefined > > 
  at <RouteProvider key="/" vnode= {__v_isVNode: true, __v_skip: true, type: Object, props: Object, key: null} route= {fullPath: /, hash: , query: Object, name: index___cs, path: /}  ... > 
  at <RouterView name=undefined route=undefined > 
  at <NuxtPage> 
  at <Body> 
  at <Html lang="cs-CZ" dir="ltr" > 
  at <Landing ref=Ref< undefined > > 
  at <AsyncComponentWrapper ref=Ref< undefined > > 
  at <LayoutLoader key="landing" layoutProps= {ref: RefImpl} name="landing" > 
  at <NuxtLayoutProvider layoutProps= {ref: RefImpl} key="landing" name="landing"  ... > 
  at <NuxtLayout> 
  at <App key=4 > 
  at <NuxtRoot> @ http://localhost:3001/_nuxt/@fs/Users/andrejkoval/Dev/vivadzen/src/front/node_modules/@vue/runtime-core/dist/runtime-core.esm-bundler.js?v=52c0a703:49
[     605ms] [WARNING] [Vue warn]: Hydration style mismatch on JSHandle@node 
  - rendered on server: style="width:1em;height:1em;--c613ce94-iconUrl:url('https://api.iconify.design/ph/star-fill.svg');"
  - expected on client: style="width:1em;height:1em;"
  Note: this mismatch is check-only. The DOM will not be rectified in production due to performance overhead.
  You should fix the source of the mismatch. 
  at <IconCSS key=4 name="ph:star-fill" class="review-card__star filled" > 
  at <SnapSlide key=18 > 
  at <SnapCarousel items= [Object, Object, Object, Object, Object, Object, Object, Object, Object, Object, Object, Object, Object, Object, Object, Object, Object, Object, Object, Object] items-per-page= {mobile: 1, tablet: 2, desktop: 3, ld: 3, xld: 3} gap= {mobile: 16, tablet: 20, desktop: 24}  ... > 
  at <GoogleReviews> 
  at <Index onVnodeUnmounted=fn<onVnodeUnmounted> ref=Ref< undefined > > 
  at <RouteProvider key="/" vnode= {__v_isVNode: true, __v_skip: true, type: Object, props: Object, key: null} route= {fullPath: /, hash: , query: Object, name: index___cs, path: /}  ... > 
  at <RouterView name=undefined route=undefined > 
  at <NuxtPage> 
  at <Body> 
  at <Html lang="cs-CZ" dir="ltr" > 
  at <Landing ref=Ref< undefined > > 
  at <AsyncComponentWrapper ref=Ref< undefined > > 
  at <LayoutLoader key="landing" layoutProps= {ref: RefImpl} name="landing" > 
  at <NuxtLayoutProvider layoutProps= {ref: RefImpl} key="landing" name="landing"  ... > 
  at <NuxtLayout> 
  at <App key=4 > 
  at <NuxtRoot> @ http://localhost:3001/_nuxt/@fs/Users/andrejkoval/Dev/vivadzen/src/front/node_modules/@vue/runtime-core/dist/runtime-core.esm-bundler.js?v=52c0a703:49
[     605ms] [WARNING] [Vue warn]: Hydration style mismatch on JSHandle@node 
  - rendered on server: style="width:1em;height:1em;--c613ce94-iconUrl:url('https://api.iconify.design/ph/star-fill.svg');"
  - expected on client: style="width:1em;height:1em;"
  Note: this mismatch is check-only. The DOM will not be rectified in production due to performance overhead.
  You should fix the source of the mismatch. 
  at <IconCSS key=5 name="ph:star-fill" class="review-card__star filled" > 
  at <SnapSlide key=18 > 
  at <SnapCarousel items= [Object, Object, Object, Object, Object, Object, Object, Object, Object, Object, Object, Object, Object, Object, Object, Object, Object, Object, Object, Object] items-per-page= {mobile: 1, tablet: 2, desktop: 3, ld: 3, xld: 3} gap= {mobile: 16, tablet: 20, desktop: 24}  ... > 
  at <GoogleReviews> 
  at <Index onVnodeUnmounted=fn<onVnodeUnmounted> ref=Ref< undefined > > 
  at <RouteProvider key="/" vnode= {__v_isVNode: true, __v_skip: true, type: Object, props: Object, key: null} route= {fullPath: /, hash: , query: Object, name: index___cs, path: /}  ... > 
  at <RouterView name=undefined route=undefined > 
  at <NuxtPage> 
  at <Body> 
  at <Html lang="cs-CZ" dir="ltr" > 
  at <Landing ref=Ref< undefined > > 
  at <AsyncComponentWrapper ref=Ref< undefined > > 
  at <LayoutLoader key="landing" layoutProps= {ref: RefImpl} name="landing" > 
  at <NuxtLayoutProvider layoutProps= {ref: RefImpl} key="landing" name="landing"  ... > 
  at <NuxtLayout> 
  at <App key=4 > 
  at <NuxtRoot> @ http://localhost:3001/_nuxt/@fs/Users/andrejkoval/Dev/vivadzen/src/front/node_modules/@vue/runtime-core/dist/runtime-core.esm-bundler.js?v=52c0a703:49
[     605ms] [WARNING] [Vue warn]: Hydration style mismatch on JSHandle@node 
  - rendered on server: style="width:1em;height:1em;--c613ce94-iconUrl:url('https://api.iconify.design/ph/arrow-bend-down-right.svg');"
  - expected on client: style="width:1em;height:1em;"
  Note: this mismatch is check-only. The DOM will not be rectified in production due to performance overhead.
  You should fix the source of the mismatch. 
  at <IconCSS name="ph:arrow-bend-down-right" > 
  at <SnapSlide key=18 > 
  at <SnapCarousel items= [Object, Object, Object, Object, Object, Object, Object, Object, Object, Object, Object, Object, Object, Object, Object, Object, Object, Object, Object, Object] items-per-page= {mobile: 1, tablet: 2, desktop: 3, ld: 3, xld: 3} gap= {mobile: 16, tablet: 20, desktop: 24}  ... > 
  at <GoogleReviews> 
  at <Index onVnodeUnmounted=fn<onVnodeUnmounted> ref=Ref< undefined > > 
  at <RouteProvider key="/" vnode= {__v_isVNode: true, __v_skip: true, type: Object, props: Object, key: null} route= {fullPath: /, hash: , query: Object, name: index___cs, path: /}  ... > 
  at <RouterView name=undefined route=undefined > 
  at <NuxtPage> 
  at <Body> 
  at <Html lang="cs-CZ" dir="ltr" > 
  at <Landing ref=Ref< undefined > > 
  at <AsyncComponentWrapper ref=Ref< undefined > > 
  at <LayoutLoader key="landing" layoutProps= {ref: RefImpl} name="landing" > 
  at <NuxtLayoutProvider layoutProps= {ref: RefImpl} key="landing" name="landing"  ... > 
  at <NuxtLayout> 
  at <App key=4 > 
  at <NuxtRoot> @ http://localhost:3001/_nuxt/@fs/Users/andrejkoval/Dev/vivadzen/src/front/node_modules/@vue/runtime-core/dist/runtime-core.esm-bundler.js?v=52c0a703:49
[     606ms] [WARNING] [Vue warn]: Hydration style mismatch on JSHandle@node 
  - rendered on server: style="width:1em;height:1em;--c613ce94-iconUrl:url('https://api.iconify.design/logos/google-icon.svg');"
  - expected on client: style="width:1em;height:1em;"
  Note: this mismatch is check-only. The DOM will not be rectified in production due to performance overhead.
  You should fix the source of the mismatch. 
  at <IconCSS name="logos:google-icon" class="review-card__google-icon" > 
  at <SnapSlide key=19 > 
  at <SnapCarousel items= [Object, Object, Object, Object, Object, Object, Object, Object, Object, Object, Object, Object, Object, Object, Object, Object, Object, Object, Object, Object] items-per-page= {mobile: 1, tablet: 2, desktop: 3, ld: 3, xld: 3} gap= {mobile: 16, tablet: 20, desktop: 24}  ... > 
  at <GoogleReviews> 
  at <Index onVnodeUnmounted=fn<onVnodeUnmounted> ref=Ref< undefined > > 
  at <RouteProvider key="/" vnode= {__v_isVNode: true, __v_skip: true, type: Object, props: Object, key: null} route= {fullPath: /, hash: , query: Object, name: index___cs, path: /}  ... > 
  at <RouterView name=undefined route=undefined > 
  at <NuxtPage> 
  at <Body> 
  at <Html lang="cs-CZ" dir="ltr" > 
  at <Landing ref=Ref< undefined > > 
  at <AsyncComponentWrapper ref=Ref< undefined > > 
  at <LayoutLoader key="landing" layoutProps= {ref: RefImpl} name="landing" > 
  at <NuxtLayoutProvider layoutProps= {ref: RefImpl} key="landing" name="landing"  ... > 
  at <NuxtLayout> 
  at <App key=4 > 
  at <NuxtRoot> @ http://localhost:3001/_nuxt/@fs/Users/andrejkoval/Dev/vivadzen/src/front/node_modules/@vue/runtime-core/dist/runtime-core.esm-bundler.js?v=52c0a703:49
[     606ms] [WARNING] [Vue warn]: Hydration style mismatch on JSHandle@node 
  - rendered on server: style="width:1em;height:1em;--c613ce94-iconUrl:url('https://api.iconify.design/ph/star-fill.svg');"
  - expected on client: style="width:1em;height:1em;"
  Note: this mismatch is check-only. The DOM will not be rectified in production due to performance overhead.
  You should fix the source of the mismatch. 
  at <IconCSS key=1 name="ph:star-fill" class="review-card__star filled" > 
  at <SnapSlide key=19 > 
  at <SnapCarousel items= [Object, Object, Object, Object, Object, Object, Object, Object, Object, Object, Object, Object, Object, Object, Object, Object, Object, Object, Object, Object] items-per-page= {mobile: 1, tablet: 2, desktop: 3, ld: 3, xld: 3} gap= {mobile: 16, tablet: 20, desktop: 24}  ... > 
  at <GoogleReviews> 
  at <Index onVnodeUnmounted=fn<onVnodeUnmounted> ref=Ref< undefined > > 
  at <RouteProvider key="/" vnode= {__v_isVNode: true, __v_skip: true, type: Object, props: Object, key: null} route= {fullPath: /, hash: , query: Object, name: index___cs, path: /}  ... > 
  at <RouterView name=undefined route=undefined > 
  at <NuxtPage> 
  at <Body> 
  at <Html lang="cs-CZ" dir="ltr" > 
  at <Landing ref=Ref< undefined > > 
  at <AsyncComponentWrapper ref=Ref< undefined > > 
  at <LayoutLoader key="landing" layoutProps= {ref: RefImpl} name="landing" > 
  at <NuxtLayoutProvider layoutProps= {ref: RefImpl} key="landing" name="landing"  ... > 
  at <NuxtLayout> 
  at <App key=4 > 
  at <NuxtRoot> @ http://localhost:3001/_nuxt/@fs/Users/andrejkoval/Dev/vivadzen/src/front/node_modules/@vue/runtime-core/dist/runtime-core.esm-bundler.js?v=52c0a703:49
[     606ms] [WARNING] [Vue warn]: Hydration style mismatch on JSHandle@node 
  - rendered on server: style="width:1em;height:1em;--c613ce94-iconUrl:url('https://api.iconify.design/ph/star-fill.svg');"
  - expected on client: style="width:1em;height:1em;"
  Note: this mismatch is check-only. The DOM will not be rectified in production due to performance overhead.
  You should fix the source of the mismatch. 
  at <IconCSS key=2 name="ph:star-fill" class="review-card__star filled" > 
  at <SnapSlide key=19 > 
  at <SnapCarousel items= [Object, Object, Object, Object, Object, Object, Object, Object, Object, Object, Object, Object, Object, Object, Object, Object, Object, Object, Object, Object] items-per-page= {mobile: 1, tablet: 2, desktop: 3, ld: 3, xld: 3} gap= {mobile: 16, tablet: 20, desktop: 24}  ... > 
  at <GoogleReviews> 
  at <Index onVnodeUnmounted=fn<onVnodeUnmounted> ref=Ref< undefined > > 
  at <RouteProvider key="/" vnode= {__v_isVNode: true, __v_skip: true, type: Object, props: Object, key: null} route= {fullPath: /, hash: , query: Object, name: index___cs, path: /}  ... > 
  at <RouterView name=undefined route=undefined > 
  at <NuxtPage> 
  at <Body> 
  at <Html lang="cs-CZ" dir="ltr" > 
  at <Landing ref=Ref< undefined > > 
  at <AsyncComponentWrapper ref=Ref< undefined > > 
  at <LayoutLoader key="landing" layoutProps= {ref: RefImpl} name="landing" > 
  at <NuxtLayoutProvider layoutProps= {ref: RefImpl} key="landing" name="landing"  ... > 
  at <NuxtLayout> 
  at <App key=4 > 
  at <NuxtRoot> @ http://localhost:3001/_nuxt/@fs/Users/andrejkoval/Dev/vivadzen/src/front/node_modules/@vue/runtime-core/dist/runtime-core.esm-bundler.js?v=52c0a703:49
[     606ms] [WARNING] [Vue warn]: Hydration style mismatch on JSHandle@node 
  - rendered on server: style="width:1em;height:1em;--c613ce94-iconUrl:url('https://api.iconify.design/ph/star-fill.svg');"
  - expected on client: style="width:1em;height:1em;"
  Note: this mismatch is check-only. The DOM will not be rectified in production due to performance overhead.
  You should fix the source of the mismatch. 
  at <IconCSS key=3 name="ph:star-fill" class="review-card__star filled" > 
  at <SnapSlide key=19 > 
  at <SnapCarousel items= [Object, Object, Object, Object, Object, Object, Object, Object, Object, Object, Object, Object, Object, Object, Object, Object, Object, Object, Object, Object] items-per-page= {mobile: 1, tablet: 2, desktop: 3, ld: 3, xld: 3} gap= {mobile: 16, tablet: 20, desktop: 24}  ... > 
  at <GoogleReviews> 
  at <Index onVnodeUnmounted=fn<onVnodeUnmounted> ref=Ref< undefined > > 
  at <RouteProvider key="/" vnode= {__v_isVNode: true, __v_skip: true, type: Object, props: Object, key: null} route= {fullPath: /, hash: , query: Object, name: index___cs, path: /}  ... > 
  at <RouterView name=undefined route=undefined > 
  at <NuxtPage> 
  at <Body> 
  at <Html lang="cs-CZ" dir="ltr" > 
  at <Landing ref=Ref< undefined > > 
  at <AsyncComponentWrapper ref=Ref< undefined > > 
  at <LayoutLoader key="landing" layoutProps= {ref: RefImpl} name="landing" > 
  at <NuxtLayoutProvider layoutProps= {ref: RefImpl} key="landing" name="landing"  ... > 
  at <NuxtLayout> 
  at <App key=4 > 
  at <NuxtRoot> @ http://localhost:3001/_nuxt/@fs/Users/andrejkoval/Dev/vivadzen/src/front/node_modules/@vue/runtime-core/dist/runtime-core.esm-bundler.js?v=52c0a703:49
[     607ms] [WARNING] [Vue warn]: Hydration style mismatch on JSHandle@node 
  - rendered on server: style="width:1em;height:1em;--c613ce94-iconUrl:url('https://api.iconify.design/ph/star-fill.svg');"
  - expected on client: style="width:1em;height:1em;"
  Note: this mismatch is check-only. The DOM will not be rectified in production due to performance overhead.
  You should fix the source of the mismatch. 
  at <IconCSS key=4 name="ph:star-fill" class="review-card__star filled" > 
  at <SnapSlide key=19 > 
  at <SnapCarousel items= [Object, Object, Object, Object, Object, Object, Object, Object, Object, Object, Object, Object, Object, Object, Object, Object, Object, Object, Object, Object] items-per-page= {mobile: 1, tablet: 2, desktop: 3, ld: 3, xld: 3} gap= {mobile: 16, tablet: 20, desktop: 24}  ... > 
  at <GoogleReviews> 
  at <Index onVnodeUnmounted=fn<onVnodeUnmounted> ref=Ref< undefined > > 
  at <RouteProvider key="/" vnode= {__v_isVNode: true, __v_skip: true, type: Object, props: Object, key: null} route= {fullPath: /, hash: , query: Object, name: index___cs, path: /}  ... > 
  at <RouterView name=undefined route=undefined > 
  at <NuxtPage> 
  at <Body> 
  at <Html lang="cs-CZ" dir="ltr" > 
  at <Landing ref=Ref< undefined > > 
  at <AsyncComponentWrapper ref=Ref< undefined > > 
  at <LayoutLoader key="landing" layoutProps= {ref: RefImpl} name="landing" > 
  at <NuxtLayoutProvider layoutProps= {ref: RefImpl} key="landing" name="landing"  ... > 
  at <NuxtLayout> 
  at <App key=4 > 
  at <NuxtRoot> @ http://localhost:3001/_nuxt/@fs/Users/andrejkoval/Dev/vivadzen/src/front/node_modules/@vue/runtime-core/dist/runtime-core.esm-bundler.js?v=52c0a703:49
[     607ms] [WARNING] [Vue warn]: Hydration style mismatch on JSHandle@node 
  - rendered on server: style="width:1em;height:1em;--c613ce94-iconUrl:url('https://api.iconify.design/ph/star-fill.svg');"
  - expected on client: style="width:1em;height:1em;"
  Note: this mismatch is check-only. The DOM will not be rectified in production due to performance overhead.
  You should fix the source of the mismatch. 
  at <IconCSS key=5 name="ph:star-fill" class="review-card__star filled" > 
  at <SnapSlide key=19 > 
  at <SnapCarousel items= [Object, Object, Object, Object, Object, Object, Object, Object, Object, Object, Object, Object, Object, Object, Object, Object, Object, Object, Object, Object] items-per-page= {mobile: 1, tablet: 2, desktop: 3, ld: 3, xld: 3} gap= {mobile: 16, tablet: 20, desktop: 24}  ... > 
  at <GoogleReviews> 
  at <Index onVnodeUnmounted=fn<onVnodeUnmounted> ref=Ref< undefined > > 
  at <RouteProvider key="/" vnode= {__v_isVNode: true, __v_skip: true, type: Object, props: Object, key: null} route= {fullPath: /, hash: , query: Object, name: index___cs, path: /}  ... > 
  at <RouterView name=undefined route=undefined > 
  at <NuxtPage> 
  at <Body> 
  at <Html lang="cs-CZ" dir="ltr" > 
  at <Landing ref=Ref< undefined > > 
  at <AsyncComponentWrapper ref=Ref< undefined > > 
  at <LayoutLoader key="landing" layoutProps= {ref: RefImpl} name="landing" > 
  at <NuxtLayoutProvider layoutProps= {ref: RefImpl} key="landing" name="landing"  ... > 
  at <NuxtLayout> 
  at <App key=4 > 
  at <NuxtRoot> @ http://localhost:3001/_nuxt/@fs/Users/andrejkoval/Dev/vivadzen/src/front/node_modules/@vue/runtime-core/dist/runtime-core.esm-bundler.js?v=52c0a703:49
[     607ms] [WARNING] [Vue warn]: Hydration style mismatch on JSHandle@node 
  - rendered on server: style="width:1em;height:1em;--c613ce94-iconUrl:url('https://api.iconify.design/ph/arrow-bend-down-right.svg');"
  - expected on client: style="width:1em;height:1em;"
  Note: this mismatch is check-only. The DOM will not be rectified in production due to performance overhead.
  You should fix the source of the mismatch. 
  at <IconCSS name="ph:arrow-bend-down-right" > 
  at <SnapSlide key=19 > 
  at <SnapCarousel items= [Object, Object, Object, Object, Object, Object, Object, Object, Object, Object, Object, Object, Object, Object, Object, Object, Object, Object, Object, Object] items-per-page= {mobile: 1, tablet: 2, desktop: 3, ld: 3, xld: 3} gap= {mobile: 16, tablet: 20, desktop: 24}  ... > 
  at <GoogleReviews> 
  at <Index onVnodeUnmounted=fn<onVnodeUnmounted> ref=Ref< undefined > > 
  at <RouteProvider key="/" vnode= {__v_isVNode: true, __v_skip: true, type: Object, props: Object, key: null} route= {fullPath: /, hash: , query: Object, name: index___cs, path: /}  ... > 
  at <RouterView name=undefined route=undefined > 
  at <NuxtPage> 
  at <Body> 
  at <Html lang="cs-CZ" dir="ltr" > 
  at <Landing ref=Ref< undefined > > 
  at <AsyncComponentWrapper ref=Ref< undefined > > 
  at <LayoutLoader key="landing" layoutProps= {ref: RefImpl} name="landing" > 
  at <NuxtLayoutProvider layoutProps= {ref: RefImpl} key="landing" name="landing"  ... > 
  at <NuxtLayout> 
  at <App key=4 > 
  at <NuxtRoot> @ http://localhost:3001/_nuxt/@fs/Users/andrejkoval/Dev/vivadzen/src/front/node_modules/@vue/runtime-core/dist/runtime-core.esm-bundler.js?v=52c0a703:49
[     608ms] [LOG] [nuxt-app] page:finish: 1.136962890625 ms [Object] @ http://localhost:3001/_nuxt/@fs/Users/andrejkoval/Dev/vivadzen/src/front/node_modules/hookable/dist/index.mjs?v=52c0a703:271
[     609ms] [LOG] [nuxt-app] page:loading:end: 0.14599609375 ms [] @ http://localhost:3001/_nuxt/@fs/Users/andrejkoval/Dev/vivadzen/src/front/node_modules/hookable/dist/index.mjs?v=52c0a703:271
[     612ms] [LOG] [Content] WS connected! @ http://localhost:3001/_nuxt/@fs/Users/andrejkoval/Dev/vivadzen/src/front/node_modules/@nuxt/content/dist/runtime/composables/web-socket.js?v=52c0a703:4
[     618ms] [WARNING] [intlify] Not found 'title.cart' key in 'cs' locale messages. @ http://localhost:3001/_nuxt/node_modules/.cache/vite/client/deps/chunk-LY4OWT6B.js?v=52c0a703:3
[     618ms] [WARNING] [intlify] Fall back to translate 'title.cart' with root locale. @ http://localhost:3001/_nuxt/node_modules/.cache/vite/client/deps/chunk-LY4OWT6B.js?v=52c0a703:3
[     620ms] [WARNING] [intlify] Not found 'title.cart' key in 'cs' locale messages. @ http://localhost:3001/_nuxt/node_modules/.cache/vite/client/deps/chunk-LY4OWT6B.js?v=52c0a703:3
[     620ms] [WARNING] [intlify] Fall back to translate 'title.cart' with root locale. @ http://localhost:3001/_nuxt/node_modules/.cache/vite/client/deps/chunk-LY4OWT6B.js?v=52c0a703:3
[     622ms] [LOG] [nuxt-app] schema-org:meta: 0.033935546875 ms [Object] @ http://localhost:3001/_nuxt/@fs/Users/andrejkoval/Dev/vivadzen/src/front/node_modules/hookable/dist/index.mjs?v=52c0a703:271
[     623ms] [LOG] [nuxt-app] app:suspense:resolve: 3.506103515625 ms [] @ http://localhost:3001/_nuxt/@fs/Users/andrejkoval/Dev/vivadzen/src/front/node_modules/hookable/dist/index.mjs?v=52c0a703:271
[     656ms] [WARNING] [intlify] Not found 'logo_alt' key in 'cs' locale messages. @ http://localhost:3001/_nuxt/node_modules/.cache/vite/client/deps/chunk-LY4OWT6B.js?v=52c0a703:3
[     656ms] [WARNING] [intlify] Fall back to translate 'logo_alt' with root locale. @ http://localhost:3001/_nuxt/node_modules/.cache/vite/client/deps/chunk-LY4OWT6B.js?v=52c0a703:3
[     656ms] [WARNING] [intlify] Not found 'logo_alt' key in 'cs' locale messages. @ http://localhost:3001/_nuxt/node_modules/.cache/vite/client/deps/chunk-LY4OWT6B.js?v=52c0a703:3
[     657ms] [LOG] [nuxt-app] link:prefetch: 1.2060546875 ms [/] @ http://localhost:3001/_nuxt/@fs/Users/andrejkoval/Dev/vivadzen/src/front/node_modules/hookable/dist/index.mjs?v=52c0a703:271
[     657ms] [LOG] [nuxt-app] link:prefetch : 1.2080078125 ms [/catalog] @ http://localhost:3001/_nuxt/@fs/Users/andrejkoval/Dev/vivadzen/src/front/node_modules/hookable/dist/index.mjs?v=52c0a703:271
[     657ms] [LOG] [nuxt-app] link:prefetch  : 1.10302734375 ms [/catalog] @ http://localhost:3001/_nuxt/@fs/Users/andrejkoval/Dev/vivadzen/src/front/node_modules/hookable/dist/index.mjs?v=52c0a703:271
[     657ms] [LOG] [nuxt-app] link:prefetch   : 1.139892578125 ms [/delivery] @ http://localhost:3001/_nuxt/@fs/Users/andrejkoval/Dev/vivadzen/src/front/node_modules/hookable/dist/index.mjs?v=52c0a703:271
[     657ms] [LOG] [nuxt-app] link:prefetch    : 1.200927734375 ms [/payment] @ http://localhost:3001/_nuxt/@fs/Users/andrejkoval/Dev/vivadzen/src/front/node_modules/hookable/dist/index.mjs?v=52c0a703:271
[     657ms] [LOG] [nuxt-app] link:prefetch     : 1.216064453125 ms [/age-verification] @ http://localhost:3001/_nuxt/@fs/Users/andrejkoval/Dev/vivadzen/src/front/node_modules/hookable/dist/index.mjs?v=52c0a703:271
[     657ms] [LOG] [nuxt-app] link:prefetch      : 1.22998046875 ms [/reviews] @ http://localhost:3001/_nuxt/@fs/Users/andrejkoval/Dev/vivadzen/src/front/node_modules/hookable/dist/index.mjs?v=52c0a703:271
[     657ms] [LOG] [nuxt-app] link:prefetch       : 1.239990234375 ms [/about] @ http://localhost:3001/_nuxt/@fs/Users/andrejkoval/Dev/vivadzen/src/front/node_modules/hookable/dist/index.mjs?v=52c0a703:271
[     657ms] [LOG] [nuxt-app] link:prefetch        : 1.2861328125 ms [/contacts] @ http://localhost:3001/_nuxt/@fs/Users/andrejkoval/Dev/vivadzen/src/front/node_modules/hookable/dist/index.mjs?v=52c0a703:271
[     657ms] [LOG] [nuxt-app] link:prefetch         : 1.324951171875 ms [/auth/login] @ http://localhost:3001/_nuxt/@fs/Users/andrejkoval/Dev/vivadzen/src/front/node_modules/hookable/dist/index.mjs?v=52c0a703:271
[    4346ms] [LOG] [nuxt-delay-hydration] Hydration event timeout @ http://localhost:3001/:269
