[     271ms] [LOG] [nuxt-app] i18n:beforeLocaleSwitch: 0.10693359375 ms [Object] @ http://localhost:3001/_nuxt/@fs/Users/andrejkoval/Dev/vivadzen/src/front/node_modules/hookable/dist/index.mjs?v=52c0a703:271
[     273ms] [LOG] %cssr%c %s: %s 
      background: #7f8c8d;
      border-radius: 0.5em;
      color: white;
      font-weight: bold;
      padding: 2px 0.5em;
      [nitro-runtime] request 0.161ms 
  at timeLogImpl (node:internal/console/constructor)
  at node:internal/console/constructor
  at timeLogImpl (node:internal/util/debuglog)
 @ http://localhost:3001/_nuxt/@fs/Users/andrejkoval/Dev/vivadzen/src/front/node_modules/consola/dist/browser.mjs?v=52c0a703:47
[     273ms] [LOG] %cssr%c %s: %s 
      background: #7f8c8d;
      border-radius: 0.5em;
      color: white;
      font-weight: bold;
      padding: 2px 0.5em;
      [nitro-runtime] site-config:init 0.006ms 
  at timeLogImpl (node:internal/console/constructor)
  at node:internal/console/constructor
  at timeLogImpl (node:internal/util/debuglog)
 @ http://localhost:3001/_nuxt/@fs/Users/andrejkoval/Dev/vivadzen/src/front/node_modules/consola/dist/browser.mjs?v=52c0a703:47
[     273ms] [LOG] %cssr%c %s: %s 
      background: #7f8c8d;
      border-radius: 0.5em;
      color: white;
      font-weight: bold;
      padding: 2px 0.5em;
      [nitro-runtime] render:before 0.006ms 
  at timeLogImpl (node:internal/console/constructor)
  at node:internal/console/constructor
  at timeLogImpl (node:internal/util/debuglog)
 @ http://localhost:3001/_nuxt/@fs/Users/andrejkoval/Dev/vivadzen/src/front/node_modules/consola/dist/browser.mjs?v=52c0a703:47
[     273ms] [LOG] %cssr%c %s: %s 
      background: #7f8c8d;
      border-radius: 0.5em;
      color: white;
      font-weight: bold;
      padding: 2px 0.5em;
      [nuxt-app] i18n:beforeLocaleSwitch 0.006ms 
  at timeLogImpl (node:internal/console/constructor)
  at node:internal/console/constructor
  at timeLogImpl (node:internal/util/debuglog)
 @ http://localhost:3001/_nuxt/@fs/Users/andrejkoval/Dev/vivadzen/src/front/node_modules/consola/dist/browser.mjs?v=52c0a703:47
[     273ms] [LOG] %cssr%c %s: %s 
      background: #7f8c8d;
      border-radius: 0.5em;
      color: white;
      font-weight: bold;
      padding: 2px 0.5em;
      [nuxt-app] page:loading:start 0.004ms 
  at timeLogImpl (node:internal/console/constructor)
  at node:internal/console/constructor
  at timeLogImpl (node:internal/util/debuglog)
 @ http://localhost:3001/_nuxt/@fs/Users/andrejkoval/Dev/vivadzen/src/front/node_modules/consola/dist/browser.mjs?v=52c0a703:47
[     273ms] [LOG] %cssr%c %s: %s 
      background: #7f8c8d;
      border-radius: 0.5em;
      color: white;
      font-weight: bold;
      padding: 2px 0.5em;
      [nuxt-app] i18n:beforeLocaleSwitch 0.003ms 
  at timeLogImpl (node:internal/console/constructor)
  at node:internal/console/constructor
  at timeLogImpl (node:internal/util/debuglog)
 @ http://localhost:3001/_nuxt/@fs/Users/andrejkoval/Dev/vivadzen/src/front/node_modules/consola/dist/browser.mjs?v=52c0a703:47
[     273ms] [LOG] %cssr%c %s: %s 
      background: #7f8c8d;
      border-radius: 0.5em;
      color: white;
      font-weight: bold;
      padding: 2px 0.5em;
      [nuxt-app] app:created 5.647ms 
  at timeLogImpl (node:internal/console/constructor)
  at node:internal/console/constructor
  at timeLogImpl (node:internal/util/debuglog)
 @ http://localhost:3001/_nuxt/@fs/Users/andrejkoval/Dev/vivadzen/src/front/node_modules/consola/dist/browser.mjs?v=52c0a703:47
[     273ms] [LOG] %cssr%c %s: %s 
      background: #7f8c8d;
      border-radius: 0.5em;
      color: white;
      font-weight: bold;
      padding: 2px 0.5em;
      [nuxt-app] vue:setup 0.001ms 
  at timeLogImpl (node:internal/console/constructor)
  at node:internal/console/constructor
  at timeLogImpl (node:internal/util/debuglog)
 @ http://localhost:3001/_nuxt/@fs/Users/andrejkoval/Dev/vivadzen/src/front/node_modules/consola/dist/browser.mjs?v=52c0a703:47
[     273ms] [WARNING] %cssr:warn%c [intlify] Not found 'title.catalog' key in 'ru' locale messages. 
      background: #f39c12;
      border-radius: 0.5em;
      color: white;
      font-weight: bold;
      padding: 2px 0.5em;
      
  at warn (/Users/andrejkoval/Dev/vivadzen/src/front/node_modules/@intlify/shared/dist/shared.mjs)
  at handleMissing (/Users/andrejkoval/Dev/vivadzen/src/front/node_modules/@intlify/core-base/dist/core-base.mjs)
  at resolveMessageFormat (/Users/andrejkoval/Dev/vivadzen/src/front/node_modules/@intlify/core-base/dist/core-base.mjs)
 @ http://localhost:3001/_nuxt/@fs/Users/andrejkoval/Dev/vivadzen/src/front/node_modules/consola/dist/browser.mjs?v=52c0a703:47
[     273ms] [WARNING] %cssr:warn%c [intlify] Fall back to translate 'title.catalog' key with 'cs' locale. 
      background: #f39c12;
      border-radius: 0.5em;
      color: white;
      font-weight: bold;
      padding: 2px 0.5em;
      
  at warn (/Users/andrejkoval/Dev/vivadzen/src/front/node_modules/@intlify/shared/dist/shared.mjs)
  at resolveMessageFormat (/Users/andrejkoval/Dev/vivadzen/src/front/node_modules/@intlify/core-base/dist/core-base.mjs)
  at translate (/Users/andrejkoval/Dev/vivadzen/src/front/node_modules/@intlify/core-base/dist/core-base.mjs)
 @ http://localhost:3001/_nuxt/@fs/Users/andrejkoval/Dev/vivadzen/src/front/node_modules/consola/dist/browser.mjs?v=52c0a703:47
[     273ms] [WARNING] %cssr:warn%c [intlify] Not found 'title.catalog' key in 'cs' locale messages. 
      background: #f39c12;
      border-radius: 0.5em;
      color: white;
      font-weight: bold;
      padding: 2px 0.5em;
      
  at warn (/Users/andrejkoval/Dev/vivadzen/src/front/node_modules/@intlify/shared/dist/shared.mjs)
  at handleMissing (/Users/andrejkoval/Dev/vivadzen/src/front/node_modules/@intlify/core-base/dist/core-base.mjs)
  at resolveMessageFormat (/Users/andrejkoval/Dev/vivadzen/src/front/node_modules/@intlify/core-base/dist/core-base.mjs)
 @ http://localhost:3001/_nuxt/@fs/Users/andrejkoval/Dev/vivadzen/src/front/node_modules/consola/dist/browser.mjs?v=52c0a703:47
[     273ms] [WARNING] %cssr:warn%c [intlify] Fall back to translate 'title.catalog' with root locale. 
      background: #f39c12;
      border-radius: 0.5em;
      color: white;
      font-weight: bold;
      padding: 2px 0.5em;
      
  at warn (/Users/andrejkoval/Dev/vivadzen/src/front/node_modules/@intlify/shared/dist/shared.mjs)
  at wrapWithDeps (/Users/andrejkoval/Dev/vivadzen/src/front/node_modules/vue-i18n/dist/vue-i18n.mjs)
  at t (/Users/andrejkoval/Dev/vivadzen/src/front/node_modules/vue-i18n/dist/vue-i18n.mjs)
 @ http://localhost:3001/_nuxt/@fs/Users/andrejkoval/Dev/vivadzen/src/front/node_modules/consola/dist/browser.mjs?v=52c0a703:47
[     273ms] [WARNING] %cssr:warn%c [intlify] Not found 'title.delivery' key in 'ru' locale messages. 
      background: #f39c12;
      border-radius: 0.5em;
      color: white;
      font-weight: bold;
      padding: 2px 0.5em;
      
  at warn (/Users/andrejkoval/Dev/vivadzen/src/front/node_modules/@intlify/shared/dist/shared.mjs)
  at handleMissing (/Users/andrejkoval/Dev/vivadzen/src/front/node_modules/@intlify/core-base/dist/core-base.mjs)
  at resolveMessageFormat (/Users/andrejkoval/Dev/vivadzen/src/front/node_modules/@intlify/core-base/dist/core-base.mjs)
 @ http://localhost:3001/_nuxt/@fs/Users/andrejkoval/Dev/vivadzen/src/front/node_modules/consola/dist/browser.mjs?v=52c0a703:47
[     273ms] [WARNING] %cssr:warn%c [intlify] Fall back to translate 'title.delivery' key with 'cs' locale. 
      background: #f39c12;
      border-radius: 0.5em;
      color: white;
      font-weight: bold;
      padding: 2px 0.5em;
      
  at warn (/Users/andrejkoval/Dev/vivadzen/src/front/node_modules/@intlify/shared/dist/shared.mjs)
  at resolveMessageFormat (/Users/andrejkoval/Dev/vivadzen/src/front/node_modules/@intlify/core-base/dist/core-base.mjs)
  at translate (/Users/andrejkoval/Dev/vivadzen/src/front/node_modules/@intlify/core-base/dist/core-base.mjs)
 @ http://localhost:3001/_nuxt/@fs/Users/andrejkoval/Dev/vivadzen/src/front/node_modules/consola/dist/browser.mjs?v=52c0a703:47
[     273ms] [WARNING] %cssr:warn%c [intlify] Not found 'title.delivery' key in 'cs' locale messages. 
      background: #f39c12;
      border-radius: 0.5em;
      color: white;
      font-weight: bold;
      padding: 2px 0.5em;
      
  at warn (/Users/andrejkoval/Dev/vivadzen/src/front/node_modules/@intlify/shared/dist/shared.mjs)
  at handleMissing (/Users/andrejkoval/Dev/vivadzen/src/front/node_modules/@intlify/core-base/dist/core-base.mjs)
  at resolveMessageFormat (/Users/andrejkoval/Dev/vivadzen/src/front/node_modules/@intlify/core-base/dist/core-base.mjs)
 @ http://localhost:3001/_nuxt/@fs/Users/andrejkoval/Dev/vivadzen/src/front/node_modules/consola/dist/browser.mjs?v=52c0a703:47
[     273ms] [WARNING] %cssr:warn%c [intlify] Fall back to translate 'title.delivery' with root locale. 
      background: #f39c12;
      border-radius: 0.5em;
      color: white;
      font-weight: bold;
      padding: 2px 0.5em;
      
  at warn (/Users/andrejkoval/Dev/vivadzen/src/front/node_modules/@intlify/shared/dist/shared.mjs)
  at wrapWithDeps (/Users/andrejkoval/Dev/vivadzen/src/front/node_modules/vue-i18n/dist/vue-i18n.mjs)
  at t (/Users/andrejkoval/Dev/vivadzen/src/front/node_modules/vue-i18n/dist/vue-i18n.mjs)
 @ http://localhost:3001/_nuxt/@fs/Users/andrejkoval/Dev/vivadzen/src/front/node_modules/consola/dist/browser.mjs?v=52c0a703:47
[     273ms] [WARNING] %cssr:warn%c [intlify] Not found 'title.payment' key in 'ru' locale messages. 
      background: #f39c12;
      border-radius: 0.5em;
      color: white;
      font-weight: bold;
      padding: 2px 0.5em;
      
  at warn (/Users/andrejkoval/Dev/vivadzen/src/front/node_modules/@intlify/shared/dist/shared.mjs)
  at handleMissing (/Users/andrejkoval/Dev/vivadzen/src/front/node_modules/@intlify/core-base/dist/core-base.mjs)
  at resolveMessageFormat (/Users/andrejkoval/Dev/vivadzen/src/front/node_modules/@intlify/core-base/dist/core-base.mjs)
 @ http://localhost:3001/_nuxt/@fs/Users/andrejkoval/Dev/vivadzen/src/front/node_modules/consola/dist/browser.mjs?v=52c0a703:47
[     273ms] [WARNING] %cssr:warn%c [intlify] Fall back to translate 'title.payment' key with 'cs' locale. 
      background: #f39c12;
      border-radius: 0.5em;
      color: white;
      font-weight: bold;
      padding: 2px 0.5em;
      
  at warn (/Users/andrejkoval/Dev/vivadzen/src/front/node_modules/@intlify/shared/dist/shared.mjs)
  at resolveMessageFormat (/Users/andrejkoval/Dev/vivadzen/src/front/node_modules/@intlify/core-base/dist/core-base.mjs)
  at translate (/Users/andrejkoval/Dev/vivadzen/src/front/node_modules/@intlify/core-base/dist/core-base.mjs)
 @ http://localhost:3001/_nuxt/@fs/Users/andrejkoval/Dev/vivadzen/src/front/node_modules/consola/dist/browser.mjs?v=52c0a703:47
[     273ms] [WARNING] %cssr:warn%c [intlify] Not found 'title.payment' key in 'cs' locale messages. 
      background: #f39c12;
      border-radius: 0.5em;
      color: white;
      font-weight: bold;
      padding: 2px 0.5em;
      
  at warn (/Users/andrejkoval/Dev/vivadzen/src/front/node_modules/@intlify/shared/dist/shared.mjs)
  at handleMissing (/Users/andrejkoval/Dev/vivadzen/src/front/node_modules/@intlify/core-base/dist/core-base.mjs)
  at resolveMessageFormat (/Users/andrejkoval/Dev/vivadzen/src/front/node_modules/@intlify/core-base/dist/core-base.mjs)
 @ http://localhost:3001/_nuxt/@fs/Users/andrejkoval/Dev/vivadzen/src/front/node_modules/consola/dist/browser.mjs?v=52c0a703:47
[     273ms] [WARNING] %cssr:warn%c [intlify] Fall back to translate 'title.payment' with root locale. 
      background: #f39c12;
      border-radius: 0.5em;
      color: white;
      font-weight: bold;
      padding: 2px 0.5em;
      
  at warn (/Users/andrejkoval/Dev/vivadzen/src/front/node_modules/@intlify/shared/dist/shared.mjs)
  at wrapWithDeps (/Users/andrejkoval/Dev/vivadzen/src/front/node_modules/vue-i18n/dist/vue-i18n.mjs)
  at t (/Users/andrejkoval/Dev/vivadzen/src/front/node_modules/vue-i18n/dist/vue-i18n.mjs)
 @ http://localhost:3001/_nuxt/@fs/Users/andrejkoval/Dev/vivadzen/src/front/node_modules/consola/dist/browser.mjs?v=52c0a703:47
[     273ms] [WARNING] %cssr:warn%c [intlify] Not found 'title.age_verification' key in 'ru' locale messages. 
      background: #f39c12;
      border-radius: 0.5em;
      color: white;
      font-weight: bold;
      padding: 2px 0.5em;
      
  at warn (/Users/andrejkoval/Dev/vivadzen/src/front/node_modules/@intlify/shared/dist/shared.mjs)
  at handleMissing (/Users/andrejkoval/Dev/vivadzen/src/front/node_modules/@intlify/core-base/dist/core-base.mjs)
  at resolveMessageFormat (/Users/andrejkoval/Dev/vivadzen/src/front/node_modules/@intlify/core-base/dist/core-base.mjs)
 @ http://localhost:3001/_nuxt/@fs/Users/andrejkoval/Dev/vivadzen/src/front/node_modules/consola/dist/browser.mjs?v=52c0a703:47
[     273ms] [WARNING] %cssr:warn%c [intlify] Fall back to translate 'title.age_verification' key with 'cs' locale. 
      background: #f39c12;
      border-radius: 0.5em;
      color: white;
      font-weight: bold;
      padding: 2px 0.5em;
      
  at warn (/Users/andrejkoval/Dev/vivadzen/src/front/node_modules/@intlify/shared/dist/shared.mjs)
  at resolveMessageFormat (/Users/andrejkoval/Dev/vivadzen/src/front/node_modules/@intlify/core-base/dist/core-base.mjs)
  at translate (/Users/andrejkoval/Dev/vivadzen/src/front/node_modules/@intlify/core-base/dist/core-base.mjs)
 @ http://localhost:3001/_nuxt/@fs/Users/andrejkoval/Dev/vivadzen/src/front/node_modules/consola/dist/browser.mjs?v=52c0a703:47
[     273ms] [WARNING] %cssr:warn%c [intlify] Not found 'title.age_verification' key in 'cs' locale messages. 
      background: #f39c12;
      border-radius: 0.5em;
      color: white;
      font-weight: bold;
      padding: 2px 0.5em;
      
  at warn (/Users/andrejkoval/Dev/vivadzen/src/front/node_modules/@intlify/shared/dist/shared.mjs)
  at handleMissing (/Users/andrejkoval/Dev/vivadzen/src/front/node_modules/@intlify/core-base/dist/core-base.mjs)
  at resolveMessageFormat (/Users/andrejkoval/Dev/vivadzen/src/front/node_modules/@intlify/core-base/dist/core-base.mjs)
 @ http://localhost:3001/_nuxt/@fs/Users/andrejkoval/Dev/vivadzen/src/front/node_modules/consola/dist/browser.mjs?v=52c0a703:47
[     273ms] [WARNING] %cssr:warn%c [intlify] Fall back to translate 'title.age_verification' with root locale. 
      background: #f39c12;
      border-radius: 0.5em;
      color: white;
      font-weight: bold;
      padding: 2px 0.5em;
      
  at warn (/Users/andrejkoval/Dev/vivadzen/src/front/node_modules/@intlify/shared/dist/shared.mjs)
  at wrapWithDeps (/Users/andrejkoval/Dev/vivadzen/src/front/node_modules/vue-i18n/dist/vue-i18n.mjs)
  at t (/Users/andrejkoval/Dev/vivadzen/src/front/node_modules/vue-i18n/dist/vue-i18n.mjs)
 @ http://localhost:3001/_nuxt/@fs/Users/andrejkoval/Dev/vivadzen/src/front/node_modules/consola/dist/browser.mjs?v=52c0a703:47
[     273ms] [WARNING] %cssr:warn%c [intlify] Not found 'title.reviews' key in 'ru' locale messages. 
      background: #f39c12;
      border-radius: 0.5em;
      color: white;
      font-weight: bold;
      padding: 2px 0.5em;
      
  at warn (/Users/andrejkoval/Dev/vivadzen/src/front/node_modules/@intlify/shared/dist/shared.mjs)
  at handleMissing (/Users/andrejkoval/Dev/vivadzen/src/front/node_modules/@intlify/core-base/dist/core-base.mjs)
  at resolveMessageFormat (/Users/andrejkoval/Dev/vivadzen/src/front/node_modules/@intlify/core-base/dist/core-base.mjs)
 @ http://localhost:3001/_nuxt/@fs/Users/andrejkoval/Dev/vivadzen/src/front/node_modules/consola/dist/browser.mjs?v=52c0a703:47
[     273ms] [WARNING] %cssr:warn%c [intlify] Fall back to translate 'title.reviews' key with 'cs' locale. 
      background: #f39c12;
      border-radius: 0.5em;
      color: white;
      font-weight: bold;
      padding: 2px 0.5em;
      
  at warn (/Users/andrejkoval/Dev/vivadzen/src/front/node_modules/@intlify/shared/dist/shared.mjs)
  at resolveMessageFormat (/Users/andrejkoval/Dev/vivadzen/src/front/node_modules/@intlify/core-base/dist/core-base.mjs)
  at translate (/Users/andrejkoval/Dev/vivadzen/src/front/node_modules/@intlify/core-base/dist/core-base.mjs)
 @ http://localhost:3001/_nuxt/@fs/Users/andrejkoval/Dev/vivadzen/src/front/node_modules/consola/dist/browser.mjs?v=52c0a703:47
[     273ms] [WARNING] %cssr:warn%c [intlify] Not found 'title.reviews' key in 'cs' locale messages. 
      background: #f39c12;
      border-radius: 0.5em;
      color: white;
      font-weight: bold;
      padding: 2px 0.5em;
      
  at warn (/Users/andrejkoval/Dev/vivadzen/src/front/node_modules/@intlify/shared/dist/shared.mjs)
  at handleMissing (/Users/andrejkoval/Dev/vivadzen/src/front/node_modules/@intlify/core-base/dist/core-base.mjs)
  at resolveMessageFormat (/Users/andrejkoval/Dev/vivadzen/src/front/node_modules/@intlify/core-base/dist/core-base.mjs)
 @ http://localhost:3001/_nuxt/@fs/Users/andrejkoval/Dev/vivadzen/src/front/node_modules/consola/dist/browser.mjs?v=52c0a703:47
[     274ms] [WARNING] %cssr:warn%c [intlify] Fall back to translate 'title.reviews' with root locale. 
      background: #f39c12;
      border-radius: 0.5em;
      color: white;
      font-weight: bold;
      padding: 2px 0.5em;
      
  at warn (/Users/andrejkoval/Dev/vivadzen/src/front/node_modules/@intlify/shared/dist/shared.mjs)
  at wrapWithDeps (/Users/andrejkoval/Dev/vivadzen/src/front/node_modules/vue-i18n/dist/vue-i18n.mjs)
  at t (/Users/andrejkoval/Dev/vivadzen/src/front/node_modules/vue-i18n/dist/vue-i18n.mjs)
 @ http://localhost:3001/_nuxt/@fs/Users/andrejkoval/Dev/vivadzen/src/front/node_modules/consola/dist/browser.mjs?v=52c0a703:47
[     274ms] [WARNING] %cssr:warn%c [intlify] Not found 'title.about' key in 'ru' locale messages. 
      background: #f39c12;
      border-radius: 0.5em;
      color: white;
      font-weight: bold;
      padding: 2px 0.5em;
      
  at warn (/Users/andrejkoval/Dev/vivadzen/src/front/node_modules/@intlify/shared/dist/shared.mjs)
  at handleMissing (/Users/andrejkoval/Dev/vivadzen/src/front/node_modules/@intlify/core-base/dist/core-base.mjs)
  at resolveMessageFormat (/Users/andrejkoval/Dev/vivadzen/src/front/node_modules/@intlify/core-base/dist/core-base.mjs)
 @ http://localhost:3001/_nuxt/@fs/Users/andrejkoval/Dev/vivadzen/src/front/node_modules/consola/dist/browser.mjs?v=52c0a703:47
[     274ms] [WARNING] %cssr:warn%c [intlify] Fall back to translate 'title.about' key with 'cs' locale. 
      background: #f39c12;
      border-radius: 0.5em;
      color: white;
      font-weight: bold;
      padding: 2px 0.5em;
      
  at warn (/Users/andrejkoval/Dev/vivadzen/src/front/node_modules/@intlify/shared/dist/shared.mjs)
  at resolveMessageFormat (/Users/andrejkoval/Dev/vivadzen/src/front/node_modules/@intlify/core-base/dist/core-base.mjs)
  at translate (/Users/andrejkoval/Dev/vivadzen/src/front/node_modules/@intlify/core-base/dist/core-base.mjs)
 @ http://localhost:3001/_nuxt/@fs/Users/andrejkoval/Dev/vivadzen/src/front/node_modules/consola/dist/browser.mjs?v=52c0a703:47
[     274ms] [WARNING] %cssr:warn%c [intlify] Not found 'title.about' key in 'cs' locale messages. 
      background: #f39c12;
      border-radius: 0.5em;
      color: white;
      font-weight: bold;
      padding: 2px 0.5em;
      
  at warn (/Users/andrejkoval/Dev/vivadzen/src/front/node_modules/@intlify/shared/dist/shared.mjs)
  at handleMissing (/Users/andrejkoval/Dev/vivadzen/src/front/node_modules/@intlify/core-base/dist/core-base.mjs)
  at resolveMessageFormat (/Users/andrejkoval/Dev/vivadzen/src/front/node_modules/@intlify/core-base/dist/core-base.mjs)
 @ http://localhost:3001/_nuxt/@fs/Users/andrejkoval/Dev/vivadzen/src/front/node_modules/consola/dist/browser.mjs?v=52c0a703:47
[     274ms] [WARNING] %cssr:warn%c [intlify] Fall back to translate 'title.about' with root locale. 
      background: #f39c12;
      border-radius: 0.5em;
      color: white;
      font-weight: bold;
      padding: 2px 0.5em;
      
  at warn (/Users/andrejkoval/Dev/vivadzen/src/front/node_modules/@intlify/shared/dist/shared.mjs)
  at wrapWithDeps (/Users/andrejkoval/Dev/vivadzen/src/front/node_modules/vue-i18n/dist/vue-i18n.mjs)
  at t (/Users/andrejkoval/Dev/vivadzen/src/front/node_modules/vue-i18n/dist/vue-i18n.mjs)
 @ http://localhost:3001/_nuxt/@fs/Users/andrejkoval/Dev/vivadzen/src/front/node_modules/consola/dist/browser.mjs?v=52c0a703:47
[     274ms] [WARNING] %cssr:warn%c [intlify] Not found 'title.contacts' key in 'ru' locale messages. 
      background: #f39c12;
      border-radius: 0.5em;
      color: white;
      font-weight: bold;
      padding: 2px 0.5em;
      
  at warn (/Users/andrejkoval/Dev/vivadzen/src/front/node_modules/@intlify/shared/dist/shared.mjs)
  at handleMissing (/Users/andrejkoval/Dev/vivadzen/src/front/node_modules/@intlify/core-base/dist/core-base.mjs)
  at resolveMessageFormat (/Users/andrejkoval/Dev/vivadzen/src/front/node_modules/@intlify/core-base/dist/core-base.mjs)
 @ http://localhost:3001/_nuxt/@fs/Users/andrejkoval/Dev/vivadzen/src/front/node_modules/consola/dist/browser.mjs?v=52c0a703:47
[     274ms] [WARNING] %cssr:warn%c [intlify] Fall back to translate 'title.contacts' key with 'cs' locale. 
      background: #f39c12;
      border-radius: 0.5em;
      color: white;
      font-weight: bold;
      padding: 2px 0.5em;
      
  at warn (/Users/andrejkoval/Dev/vivadzen/src/front/node_modules/@intlify/shared/dist/shared.mjs)
  at resolveMessageFormat (/Users/andrejkoval/Dev/vivadzen/src/front/node_modules/@intlify/core-base/dist/core-base.mjs)
  at translate (/Users/andrejkoval/Dev/vivadzen/src/front/node_modules/@intlify/core-base/dist/core-base.mjs)
 @ http://localhost:3001/_nuxt/@fs/Users/andrejkoval/Dev/vivadzen/src/front/node_modules/consola/dist/browser.mjs?v=52c0a703:47
[     274ms] [WARNING] %cssr:warn%c [intlify] Not found 'title.contacts' key in 'cs' locale messages. 
      background: #f39c12;
      border-radius: 0.5em;
      color: white;
      font-weight: bold;
      padding: 2px 0.5em;
      
  at warn (/Users/andrejkoval/Dev/vivadzen/src/front/node_modules/@intlify/shared/dist/shared.mjs)
  at handleMissing (/Users/andrejkoval/Dev/vivadzen/src/front/node_modules/@intlify/core-base/dist/core-base.mjs)
  at resolveMessageFormat (/Users/andrejkoval/Dev/vivadzen/src/front/node_modules/@intlify/core-base/dist/core-base.mjs)
 @ http://localhost:3001/_nuxt/@fs/Users/andrejkoval/Dev/vivadzen/src/front/node_modules/consola/dist/browser.mjs?v=52c0a703:47
[     274ms] [WARNING] %cssr:warn%c [intlify] Fall back to translate 'title.contacts' with root locale. 
      background: #f39c12;
      border-radius: 0.5em;
      color: white;
      font-weight: bold;
      padding: 2px 0.5em;
      
  at warn (/Users/andrejkoval/Dev/vivadzen/src/front/node_modules/@intlify/shared/dist/shared.mjs)
  at wrapWithDeps (/Users/andrejkoval/Dev/vivadzen/src/front/node_modules/vue-i18n/dist/vue-i18n.mjs)
  at t (/Users/andrejkoval/Dev/vivadzen/src/front/node_modules/vue-i18n/dist/vue-i18n.mjs)
 @ http://localhost:3001/_nuxt/@fs/Users/andrejkoval/Dev/vivadzen/src/front/node_modules/consola/dist/browser.mjs?v=52c0a703:47
[     274ms] [WARNING] %cssr:warn%c [intlify] Not found 'logo_alt' key in 'ru' locale messages. 
      background: #f39c12;
      border-radius: 0.5em;
      color: white;
      font-weight: bold;
      padding: 2px 0.5em;
      
  at warn (/Users/andrejkoval/Dev/vivadzen/src/front/node_modules/@intlify/shared/dist/shared.mjs)
  at handleMissing (/Users/andrejkoval/Dev/vivadzen/src/front/node_modules/@intlify/core-base/dist/core-base.mjs)
  at resolveMessageFormat (/Users/andrejkoval/Dev/vivadzen/src/front/node_modules/@intlify/core-base/dist/core-base.mjs)
 @ http://localhost:3001/_nuxt/@fs/Users/andrejkoval/Dev/vivadzen/src/front/node_modules/consola/dist/browser.mjs?v=52c0a703:47
[     274ms] [WARNING] %cssr:warn%c [intlify] Fall back to translate 'logo_alt' key with 'cs' locale. 
      background: #f39c12;
      border-radius: 0.5em;
      color: white;
      font-weight: bold;
      padding: 2px 0.5em;
      
  at warn (/Users/andrejkoval/Dev/vivadzen/src/front/node_modules/@intlify/shared/dist/shared.mjs)
  at resolveMessageFormat (/Users/andrejkoval/Dev/vivadzen/src/front/node_modules/@intlify/core-base/dist/core-base.mjs)
  at translate (/Users/andrejkoval/Dev/vivadzen/src/front/node_modules/@intlify/core-base/dist/core-base.mjs)
 @ http://localhost:3001/_nuxt/@fs/Users/andrejkoval/Dev/vivadzen/src/front/node_modules/consola/dist/browser.mjs?v=52c0a703:47
[     274ms] [WARNING] %cssr:warn%c [intlify] Not found 'logo_alt' key in 'cs' locale messages. 
      background: #f39c12;
      border-radius: 0.5em;
      color: white;
      font-weight: bold;
      padding: 2px 0.5em;
      
  at warn (/Users/andrejkoval/Dev/vivadzen/src/front/node_modules/@intlify/shared/dist/shared.mjs)
  at handleMissing (/Users/andrejkoval/Dev/vivadzen/src/front/node_modules/@intlify/core-base/dist/core-base.mjs)
  at resolveMessageFormat (/Users/andrejkoval/Dev/vivadzen/src/front/node_modules/@intlify/core-base/dist/core-base.mjs)
 @ http://localhost:3001/_nuxt/@fs/Users/andrejkoval/Dev/vivadzen/src/front/node_modules/consola/dist/browser.mjs?v=52c0a703:47
[     274ms] [WARNING] %cssr:warn%c [intlify] Fall back to translate 'logo_alt' with root locale. 
      background: #f39c12;
      border-radius: 0.5em;
      color: white;
      font-weight: bold;
      padding: 2px 0.5em;
      
  at warn (/Users/andrejkoval/Dev/vivadzen/src/front/node_modules/@intlify/shared/dist/shared.mjs)
  at wrapWithDeps (/Users/andrejkoval/Dev/vivadzen/src/front/node_modules/vue-i18n/dist/vue-i18n.mjs)
  at Proxy.t (/Users/andrejkoval/Dev/vivadzen/src/front/node_modules/vue-i18n/dist/vue-i18n.mjs)
 @ http://localhost:3001/_nuxt/@fs/Users/andrejkoval/Dev/vivadzen/src/front/node_modules/consola/dist/browser.mjs?v=52c0a703:47
[     274ms] [WARNING] %cssr:warn%c [intlify] Not found 'logo_alt' key in 'ru' locale messages. 
      background: #f39c12;
      border-radius: 0.5em;
      color: white;
      font-weight: bold;
      padding: 2px 0.5em;
      
  at warn (/Users/andrejkoval/Dev/vivadzen/src/front/node_modules/@intlify/shared/dist/shared.mjs)
  at handleMissing (/Users/andrejkoval/Dev/vivadzen/src/front/node_modules/@intlify/core-base/dist/core-base.mjs)
  at resolveMessageFormat (/Users/andrejkoval/Dev/vivadzen/src/front/node_modules/@intlify/core-base/dist/core-base.mjs)
 @ http://localhost:3001/_nuxt/@fs/Users/andrejkoval/Dev/vivadzen/src/front/node_modules/consola/dist/browser.mjs?v=52c0a703:47
[     274ms] [WARNING] %cssr:warn%c [intlify] Fall back to translate 'logo_alt' key with 'cs' locale. 
      background: #f39c12;
      border-radius: 0.5em;
      color: white;
      font-weight: bold;
      padding: 2px 0.5em;
      
  at warn (/Users/andrejkoval/Dev/vivadzen/src/front/node_modules/@intlify/shared/dist/shared.mjs)
  at resolveMessageFormat (/Users/andrejkoval/Dev/vivadzen/src/front/node_modules/@intlify/core-base/dist/core-base.mjs)
  at translate (/Users/andrejkoval/Dev/vivadzen/src/front/node_modules/@intlify/core-base/dist/core-base.mjs)
 @ http://localhost:3001/_nuxt/@fs/Users/andrejkoval/Dev/vivadzen/src/front/node_modules/consola/dist/browser.mjs?v=52c0a703:47
[     274ms] [WARNING] %cssr:warn%c [intlify] Not found 'logo_alt' key in 'cs' locale messages. 
      background: #f39c12;
      border-radius: 0.5em;
      color: white;
      font-weight: bold;
      padding: 2px 0.5em;
      
  at warn (/Users/andrejkoval/Dev/vivadzen/src/front/node_modules/@intlify/shared/dist/shared.mjs)
  at handleMissing (/Users/andrejkoval/Dev/vivadzen/src/front/node_modules/@intlify/core-base/dist/core-base.mjs)
  at resolveMessageFormat (/Users/andrejkoval/Dev/vivadzen/src/front/node_modules/@intlify/core-base/dist/core-base.mjs)
 @ http://localhost:3001/_nuxt/@fs/Users/andrejkoval/Dev/vivadzen/src/front/node_modules/consola/dist/browser.mjs?v=52c0a703:47
[     274ms] [WARNING] %cssr:warn%c [intlify] Not found 'button.login' key in 'ru' locale messages. 
      background: #f39c12;
      border-radius: 0.5em;
      color: white;
      font-weight: bold;
      padding: 2px 0.5em;
      
  at warn (/Users/andrejkoval/Dev/vivadzen/src/front/node_modules/@intlify/shared/dist/shared.mjs)
  at handleMissing (/Users/andrejkoval/Dev/vivadzen/src/front/node_modules/@intlify/core-base/dist/core-base.mjs)
  at resolveMessageFormat (/Users/andrejkoval/Dev/vivadzen/src/front/node_modules/@intlify/core-base/dist/core-base.mjs)
 @ http://localhost:3001/_nuxt/@fs/Users/andrejkoval/Dev/vivadzen/src/front/node_modules/consola/dist/browser.mjs?v=52c0a703:47
[     274ms] [WARNING] %cssr:warn%c [intlify] Fall back to translate 'button.login' key with 'cs' locale. 
      background: #f39c12;
      border-radius: 0.5em;
      color: white;
      font-weight: bold;
      padding: 2px 0.5em;
      
  at warn (/Users/andrejkoval/Dev/vivadzen/src/front/node_modules/@intlify/shared/dist/shared.mjs)
  at resolveMessageFormat (/Users/andrejkoval/Dev/vivadzen/src/front/node_modules/@intlify/core-base/dist/core-base.mjs)
  at translate (/Users/andrejkoval/Dev/vivadzen/src/front/node_modules/@intlify/core-base/dist/core-base.mjs)
 @ http://localhost:3001/_nuxt/@fs/Users/andrejkoval/Dev/vivadzen/src/front/node_modules/consola/dist/browser.mjs?v=52c0a703:47
[     274ms] [WARNING] %cssr:warn%c [intlify] Not found 'button.login' key in 'cs' locale messages. 
      background: #f39c12;
      border-radius: 0.5em;
      color: white;
      font-weight: bold;
      padding: 2px 0.5em;
      
  at warn (/Users/andrejkoval/Dev/vivadzen/src/front/node_modules/@intlify/shared/dist/shared.mjs)
  at handleMissing (/Users/andrejkoval/Dev/vivadzen/src/front/node_modules/@intlify/core-base/dist/core-base.mjs)
  at resolveMessageFormat (/Users/andrejkoval/Dev/vivadzen/src/front/node_modules/@intlify/core-base/dist/core-base.mjs)
 @ http://localhost:3001/_nuxt/@fs/Users/andrejkoval/Dev/vivadzen/src/front/node_modules/consola/dist/browser.mjs?v=52c0a703:47
[     274ms] [WARNING] %cssr:warn%c [intlify] Fall back to translate 'button.login' with root locale. 
      background: #f39c12;
      border-radius: 0.5em;
      color: white;
      font-weight: bold;
      padding: 2px 0.5em;
      
  at warn (/Users/andrejkoval/Dev/vivadzen/src/front/node_modules/@intlify/shared/dist/shared.mjs)
  at wrapWithDeps (/Users/andrejkoval/Dev/vivadzen/src/front/node_modules/vue-i18n/dist/vue-i18n.mjs)
  at t (/Users/andrejkoval/Dev/vivadzen/src/front/node_modules/vue-i18n/dist/vue-i18n.mjs)
 @ http://localhost:3001/_nuxt/@fs/Users/andrejkoval/Dev/vivadzen/src/front/node_modules/consola/dist/browser.mjs?v=52c0a703:47
[     274ms] [WARNING] %cssr:warn%c [intlify] Not found 'button.login' key in 'ru' locale messages. 
      background: #f39c12;
      border-radius: 0.5em;
      color: white;
      font-weight: bold;
      padding: 2px 0.5em;
      
  at warn (/Users/andrejkoval/Dev/vivadzen/src/front/node_modules/@intlify/shared/dist/shared.mjs)
  at handleMissing (/Users/andrejkoval/Dev/vivadzen/src/front/node_modules/@intlify/core-base/dist/core-base.mjs)
  at resolveMessageFormat (/Users/andrejkoval/Dev/vivadzen/src/front/node_modules/@intlify/core-base/dist/core-base.mjs)
 @ http://localhost:3001/_nuxt/@fs/Users/andrejkoval/Dev/vivadzen/src/front/node_modules/consola/dist/browser.mjs?v=52c0a703:47
[     274ms] [WARNING] %cssr:warn%c [intlify] Fall back to translate 'button.login' key with 'cs' locale. 
      background: #f39c12;
      border-radius: 0.5em;
      color: white;
      font-weight: bold;
      padding: 2px 0.5em;
      
  at warn (/Users/andrejkoval/Dev/vivadzen/src/front/node_modules/@intlify/shared/dist/shared.mjs)
  at resolveMessageFormat (/Users/andrejkoval/Dev/vivadzen/src/front/node_modules/@intlify/core-base/dist/core-base.mjs)
  at translate (/Users/andrejkoval/Dev/vivadzen/src/front/node_modules/@intlify/core-base/dist/core-base.mjs)
 @ http://localhost:3001/_nuxt/@fs/Users/andrejkoval/Dev/vivadzen/src/front/node_modules/consola/dist/browser.mjs?v=52c0a703:47
[     274ms] [WARNING] %cssr:warn%c [intlify] Not found 'button.login' key in 'cs' locale messages. 
      background: #f39c12;
      border-radius: 0.5em;
      color: white;
      font-weight: bold;
      padding: 2px 0.5em;
      
  at warn (/Users/andrejkoval/Dev/vivadzen/src/front/node_modules/@intlify/shared/dist/shared.mjs)
  at handleMissing (/Users/andrejkoval/Dev/vivadzen/src/front/node_modules/@intlify/core-base/dist/core-base.mjs)
  at resolveMessageFormat (/Users/andrejkoval/Dev/vivadzen/src/front/node_modules/@intlify/core-base/dist/core-base.mjs)
 @ http://localhost:3001/_nuxt/@fs/Users/andrejkoval/Dev/vivadzen/src/front/node_modules/consola/dist/browser.mjs?v=52c0a703:47
[     274ms] [WARNING] %cssr:warn%c [intlify] Not found 'title.cart' key in 'ru' locale messages. 
      background: #f39c12;
      border-radius: 0.5em;
      color: white;
      font-weight: bold;
      padding: 2px 0.5em;
      
  at warn (/Users/andrejkoval/Dev/vivadzen/src/front/node_modules/@intlify/shared/dist/shared.mjs)
  at handleMissing (/Users/andrejkoval/Dev/vivadzen/src/front/node_modules/@intlify/core-base/dist/core-base.mjs)
  at resolveMessageFormat (/Users/andrejkoval/Dev/vivadzen/src/front/node_modules/@intlify/core-base/dist/core-base.mjs)
 @ http://localhost:3001/_nuxt/@fs/Users/andrejkoval/Dev/vivadzen/src/front/node_modules/consola/dist/browser.mjs?v=52c0a703:47
[     274ms] [WARNING] %cssr:warn%c [intlify] Fall back to translate 'title.cart' key with 'cs' locale. 
      background: #f39c12;
      border-radius: 0.5em;
      color: white;
      font-weight: bold;
      padding: 2px 0.5em;
      
  at warn (/Users/andrejkoval/Dev/vivadzen/src/front/node_modules/@intlify/shared/dist/shared.mjs)
  at resolveMessageFormat (/Users/andrejkoval/Dev/vivadzen/src/front/node_modules/@intlify/core-base/dist/core-base.mjs)
  at translate (/Users/andrejkoval/Dev/vivadzen/src/front/node_modules/@intlify/core-base/dist/core-base.mjs)
 @ http://localhost:3001/_nuxt/@fs/Users/andrejkoval/Dev/vivadzen/src/front/node_modules/consola/dist/browser.mjs?v=52c0a703:47
[     274ms] [WARNING] %cssr:warn%c [intlify] Not found 'title.cart' key in 'cs' locale messages. 
      background: #f39c12;
      border-radius: 0.5em;
      color: white;
      font-weight: bold;
      padding: 2px 0.5em;
      
  at warn (/Users/andrejkoval/Dev/vivadzen/src/front/node_modules/@intlify/shared/dist/shared.mjs)
  at handleMissing (/Users/andrejkoval/Dev/vivadzen/src/front/node_modules/@intlify/core-base/dist/core-base.mjs)
  at resolveMessageFormat (/Users/andrejkoval/Dev/vivadzen/src/front/node_modules/@intlify/core-base/dist/core-base.mjs)
 @ http://localhost:3001/_nuxt/@fs/Users/andrejkoval/Dev/vivadzen/src/front/node_modules/consola/dist/browser.mjs?v=52c0a703:47
[     274ms] [WARNING] %cssr:warn%c [intlify] Fall back to translate 'title.cart' with root locale. 
      background: #f39c12;
      border-radius: 0.5em;
      color: white;
      font-weight: bold;
      padding: 2px 0.5em;
      
  at warn (/Users/andrejkoval/Dev/vivadzen/src/front/node_modules/@intlify/shared/dist/shared.mjs)
  at wrapWithDeps (/Users/andrejkoval/Dev/vivadzen/src/front/node_modules/vue-i18n/dist/vue-i18n.mjs)
  at Proxy.t (/Users/andrejkoval/Dev/vivadzen/src/front/node_modules/vue-i18n/dist/vue-i18n.mjs)
 @ http://localhost:3001/_nuxt/@fs/Users/andrejkoval/Dev/vivadzen/src/front/node_modules/consola/dist/browser.mjs?v=52c0a703:47
[     274ms] [WARNING] %cssr:warn%c [intlify] Not found 'title.catalog' key in 'ru' locale messages. 
      background: #f39c12;
      border-radius: 0.5em;
      color: white;
      font-weight: bold;
      padding: 2px 0.5em;
      
  at warn (/Users/andrejkoval/Dev/vivadzen/src/front/node_modules/@intlify/shared/dist/shared.mjs)
  at handleMissing (/Users/andrejkoval/Dev/vivadzen/src/front/node_modules/@intlify/core-base/dist/core-base.mjs)
  at resolveMessageFormat (/Users/andrejkoval/Dev/vivadzen/src/front/node_modules/@intlify/core-base/dist/core-base.mjs)
 @ http://localhost:3001/_nuxt/@fs/Users/andrejkoval/Dev/vivadzen/src/front/node_modules/consola/dist/browser.mjs?v=52c0a703:47
[     274ms] [WARNING] %cssr:warn%c [intlify] Fall back to translate 'title.catalog' key with 'cs' locale. 
      background: #f39c12;
      border-radius: 0.5em;
      color: white;
      font-weight: bold;
      padding: 2px 0.5em;
      
  at warn (/Users/andrejkoval/Dev/vivadzen/src/front/node_modules/@intlify/shared/dist/shared.mjs)
  at resolveMessageFormat (/Users/andrejkoval/Dev/vivadzen/src/front/node_modules/@intlify/core-base/dist/core-base.mjs)
  at translate (/Users/andrejkoval/Dev/vivadzen/src/front/node_modules/@intlify/core-base/dist/core-base.mjs)
 @ http://localhost:3001/_nuxt/@fs/Users/andrejkoval/Dev/vivadzen/src/front/node_modules/consola/dist/browser.mjs?v=52c0a703:47
[     274ms] [WARNING] %cssr:warn%c [intlify] Not found 'title.catalog' key in 'cs' locale messages. 
      background: #f39c12;
      border-radius: 0.5em;
      color: white;
      font-weight: bold;
      padding: 2px 0.5em;
      
  at warn (/Users/andrejkoval/Dev/vivadzen/src/front/node_modules/@intlify/shared/dist/shared.mjs)
  at handleMissing (/Users/andrejkoval/Dev/vivadzen/src/front/node_modules/@intlify/core-base/dist/core-base.mjs)
  at resolveMessageFormat (/Users/andrejkoval/Dev/vivadzen/src/front/node_modules/@intlify/core-base/dist/core-base.mjs)
 @ http://localhost:3001/_nuxt/@fs/Users/andrejkoval/Dev/vivadzen/src/front/node_modules/consola/dist/browser.mjs?v=52c0a703:47
[     274ms] [WARNING] %cssr:warn%c [intlify] Fall back to translate 'title.catalog' with root locale. 
      background: #f39c12;
      border-radius: 0.5em;
      color: white;
      font-weight: bold;
      padding: 2px 0.5em;
      
  at warn (/Users/andrejkoval/Dev/vivadzen/src/front/node_modules/@intlify/shared/dist/shared.mjs)
  at wrapWithDeps (/Users/andrejkoval/Dev/vivadzen/src/front/node_modules/vue-i18n/dist/vue-i18n.mjs)
  at t (/Users/andrejkoval/Dev/vivadzen/src/front/node_modules/vue-i18n/dist/vue-i18n.mjs)
 @ http://localhost:3001/_nuxt/@fs/Users/andrejkoval/Dev/vivadzen/src/front/node_modules/consola/dist/browser.mjs?v=52c0a703:47
[     274ms] [WARNING] %cssr:warn%c [intlify] Not found 'title.delivery' key in 'ru' locale messages. 
      background: #f39c12;
      border-radius: 0.5em;
      color: white;
      font-weight: bold;
      padding: 2px 0.5em;
      
  at warn (/Users/andrejkoval/Dev/vivadzen/src/front/node_modules/@intlify/shared/dist/shared.mjs)
  at handleMissing (/Users/andrejkoval/Dev/vivadzen/src/front/node_modules/@intlify/core-base/dist/core-base.mjs)
  at resolveMessageFormat (/Users/andrejkoval/Dev/vivadzen/src/front/node_modules/@intlify/core-base/dist/core-base.mjs)
 @ http://localhost:3001/_nuxt/@fs/Users/andrejkoval/Dev/vivadzen/src/front/node_modules/consola/dist/browser.mjs?v=52c0a703:47
[     274ms] [WARNING] %cssr:warn%c [intlify] Fall back to translate 'title.delivery' key with 'cs' locale. 
      background: #f39c12;
      border-radius: 0.5em;
      color: white;
      font-weight: bold;
      padding: 2px 0.5em;
      
  at warn (/Users/andrejkoval/Dev/vivadzen/src/front/node_modules/@intlify/shared/dist/shared.mjs)
  at resolveMessageFormat (/Users/andrejkoval/Dev/vivadzen/src/front/node_modules/@intlify/core-base/dist/core-base.mjs)
  at translate (/Users/andrejkoval/Dev/vivadzen/src/front/node_modules/@intlify/core-base/dist/core-base.mjs)
 @ http://localhost:3001/_nuxt/@fs/Users/andrejkoval/Dev/vivadzen/src/front/node_modules/consola/dist/browser.mjs?v=52c0a703:47
[     274ms] [WARNING] %cssr:warn%c [intlify] Not found 'title.delivery' key in 'cs' locale messages. 
      background: #f39c12;
      border-radius: 0.5em;
      color: white;
      font-weight: bold;
      padding: 2px 0.5em;
      
  at warn (/Users/andrejkoval/Dev/vivadzen/src/front/node_modules/@intlify/shared/dist/shared.mjs)
  at handleMissing (/Users/andrejkoval/Dev/vivadzen/src/front/node_modules/@intlify/core-base/dist/core-base.mjs)
  at resolveMessageFormat (/Users/andrejkoval/Dev/vivadzen/src/front/node_modules/@intlify/core-base/dist/core-base.mjs)
 @ http://localhost:3001/_nuxt/@fs/Users/andrejkoval/Dev/vivadzen/src/front/node_modules/consola/dist/browser.mjs?v=52c0a703:47
[     274ms] [WARNING] %cssr:warn%c [intlify] Fall back to translate 'title.delivery' with root locale. 
      background: #f39c12;
      border-radius: 0.5em;
      color: white;
      font-weight: bold;
      padding: 2px 0.5em;
      
  at warn (/Users/andrejkoval/Dev/vivadzen/src/front/node_modules/@intlify/shared/dist/shared.mjs)
  at wrapWithDeps (/Users/andrejkoval/Dev/vivadzen/src/front/node_modules/vue-i18n/dist/vue-i18n.mjs)
  at t (/Users/andrejkoval/Dev/vivadzen/src/front/node_modules/vue-i18n/dist/vue-i18n.mjs)
 @ http://localhost:3001/_nuxt/@fs/Users/andrejkoval/Dev/vivadzen/src/front/node_modules/consola/dist/browser.mjs?v=52c0a703:47
[     274ms] [WARNING] %cssr:warn%c [intlify] Not found 'title.payment' key in 'ru' locale messages. 
      background: #f39c12;
      border-radius: 0.5em;
      color: white;
      font-weight: bold;
      padding: 2px 0.5em;
      
  at warn (/Users/andrejkoval/Dev/vivadzen/src/front/node_modules/@intlify/shared/dist/shared.mjs)
  at handleMissing (/Users/andrejkoval/Dev/vivadzen/src/front/node_modules/@intlify/core-base/dist/core-base.mjs)
  at resolveMessageFormat (/Users/andrejkoval/Dev/vivadzen/src/front/node_modules/@intlify/core-base/dist/core-base.mjs)
 @ http://localhost:3001/_nuxt/@fs/Users/andrejkoval/Dev/vivadzen/src/front/node_modules/consola/dist/browser.mjs?v=52c0a703:47
[     274ms] [WARNING] %cssr:warn%c [intlify] Fall back to translate 'title.payment' key with 'cs' locale. 
      background: #f39c12;
      border-radius: 0.5em;
      color: white;
      font-weight: bold;
      padding: 2px 0.5em;
      
  at warn (/Users/andrejkoval/Dev/vivadzen/src/front/node_modules/@intlify/shared/dist/shared.mjs)
  at resolveMessageFormat (/Users/andrejkoval/Dev/vivadzen/src/front/node_modules/@intlify/core-base/dist/core-base.mjs)
  at translate (/Users/andrejkoval/Dev/vivadzen/src/front/node_modules/@intlify/core-base/dist/core-base.mjs)
 @ http://localhost:3001/_nuxt/@fs/Users/andrejkoval/Dev/vivadzen/src/front/node_modules/consola/dist/browser.mjs?v=52c0a703:47
[     274ms] [WARNING] %cssr:warn%c [intlify] Not found 'title.payment' key in 'cs' locale messages. 
      background: #f39c12;
      border-radius: 0.5em;
      color: white;
      font-weight: bold;
      padding: 2px 0.5em;
      
  at warn (/Users/andrejkoval/Dev/vivadzen/src/front/node_modules/@intlify/shared/dist/shared.mjs)
  at handleMissing (/Users/andrejkoval/Dev/vivadzen/src/front/node_modules/@intlify/core-base/dist/core-base.mjs)
  at resolveMessageFormat (/Users/andrejkoval/Dev/vivadzen/src/front/node_modules/@intlify/core-base/dist/core-base.mjs)
 @ http://localhost:3001/_nuxt/@fs/Users/andrejkoval/Dev/vivadzen/src/front/node_modules/consola/dist/browser.mjs?v=52c0a703:47
[     274ms] [WARNING] %cssr:warn%c [intlify] Fall back to translate 'title.payment' with root locale. 
      background: #f39c12;
      border-radius: 0.5em;
      color: white;
      font-weight: bold;
      padding: 2px 0.5em;
      
  at warn (/Users/andrejkoval/Dev/vivadzen/src/front/node_modules/@intlify/shared/dist/shared.mjs)
  at wrapWithDeps (/Users/andrejkoval/Dev/vivadzen/src/front/node_modules/vue-i18n/dist/vue-i18n.mjs)
  at t (/Users/andrejkoval/Dev/vivadzen/src/front/node_modules/vue-i18n/dist/vue-i18n.mjs)
 @ http://localhost:3001/_nuxt/@fs/Users/andrejkoval/Dev/vivadzen/src/front/node_modules/consola/dist/browser.mjs?v=52c0a703:47
[     274ms] [WARNING] %cssr:warn%c [intlify] Not found 'title.age_verification' key in 'ru' locale messages. 
      background: #f39c12;
      border-radius: 0.5em;
      color: white;
      font-weight: bold;
      padding: 2px 0.5em;
      
  at warn (/Users/andrejkoval/Dev/vivadzen/src/front/node_modules/@intlify/shared/dist/shared.mjs)
  at handleMissing (/Users/andrejkoval/Dev/vivadzen/src/front/node_modules/@intlify/core-base/dist/core-base.mjs)
  at resolveMessageFormat (/Users/andrejkoval/Dev/vivadzen/src/front/node_modules/@intlify/core-base/dist/core-base.mjs)
 @ http://localhost:3001/_nuxt/@fs/Users/andrejkoval/Dev/vivadzen/src/front/node_modules/consola/dist/browser.mjs?v=52c0a703:47
[     274ms] [WARNING] %cssr:warn%c [intlify] Fall back to translate 'title.age_verification' key with 'cs' locale. 
      background: #f39c12;
      border-radius: 0.5em;
      color: white;
      font-weight: bold;
      padding: 2px 0.5em;
      
  at warn (/Users/andrejkoval/Dev/vivadzen/src/front/node_modules/@intlify/shared/dist/shared.mjs)
  at resolveMessageFormat (/Users/andrejkoval/Dev/vivadzen/src/front/node_modules/@intlify/core-base/dist/core-base.mjs)
  at translate (/Users/andrejkoval/Dev/vivadzen/src/front/node_modules/@intlify/core-base/dist/core-base.mjs)
 @ http://localhost:3001/_nuxt/@fs/Users/andrejkoval/Dev/vivadzen/src/front/node_modules/consola/dist/browser.mjs?v=52c0a703:47
[     274ms] [WARNING] %cssr:warn%c [intlify] Not found 'title.age_verification' key in 'cs' locale messages. 
      background: #f39c12;
      border-radius: 0.5em;
      color: white;
      font-weight: bold;
      padding: 2px 0.5em;
      
  at warn (/Users/andrejkoval/Dev/vivadzen/src/front/node_modules/@intlify/shared/dist/shared.mjs)
  at handleMissing (/Users/andrejkoval/Dev/vivadzen/src/front/node_modules/@intlify/core-base/dist/core-base.mjs)
  at resolveMessageFormat (/Users/andrejkoval/Dev/vivadzen/src/front/node_modules/@intlify/core-base/dist/core-base.mjs)
 @ http://localhost:3001/_nuxt/@fs/Users/andrejkoval/Dev/vivadzen/src/front/node_modules/consola/dist/browser.mjs?v=52c0a703:47
[     274ms] [WARNING] %cssr:warn%c [intlify] Fall back to translate 'title.age_verification' with root locale. 
      background: #f39c12;
      border-radius: 0.5em;
      color: white;
      font-weight: bold;
      padding: 2px 0.5em;
      
  at warn (/Users/andrejkoval/Dev/vivadzen/src/front/node_modules/@intlify/shared/dist/shared.mjs)
  at wrapWithDeps (/Users/andrejkoval/Dev/vivadzen/src/front/node_modules/vue-i18n/dist/vue-i18n.mjs)
  at t (/Users/andrejkoval/Dev/vivadzen/src/front/node_modules/vue-i18n/dist/vue-i18n.mjs)
 @ http://localhost:3001/_nuxt/@fs/Users/andrejkoval/Dev/vivadzen/src/front/node_modules/consola/dist/browser.mjs?v=52c0a703:47
[     274ms] [WARNING] %cssr:warn%c [intlify] Not found 'title.reviews' key in 'ru' locale messages. 
      background: #f39c12;
      border-radius: 0.5em;
      color: white;
      font-weight: bold;
      padding: 2px 0.5em;
      
  at warn (/Users/andrejkoval/Dev/vivadzen/src/front/node_modules/@intlify/shared/dist/shared.mjs)
  at handleMissing (/Users/andrejkoval/Dev/vivadzen/src/front/node_modules/@intlify/core-base/dist/core-base.mjs)
  at resolveMessageFormat (/Users/andrejkoval/Dev/vivadzen/src/front/node_modules/@intlify/core-base/dist/core-base.mjs)
 @ http://localhost:3001/_nuxt/@fs/Users/andrejkoval/Dev/vivadzen/src/front/node_modules/consola/dist/browser.mjs?v=52c0a703:47
[     274ms] [WARNING] %cssr:warn%c [intlify] Fall back to translate 'title.reviews' key with 'cs' locale. 
      background: #f39c12;
      border-radius: 0.5em;
      color: white;
      font-weight: bold;
      padding: 2px 0.5em;
      
  at warn (/Users/andrejkoval/Dev/vivadzen/src/front/node_modules/@intlify/shared/dist/shared.mjs)
  at resolveMessageFormat (/Users/andrejkoval/Dev/vivadzen/src/front/node_modules/@intlify/core-base/dist/core-base.mjs)
  at translate (/Users/andrejkoval/Dev/vivadzen/src/front/node_modules/@intlify/core-base/dist/core-base.mjs)
 @ http://localhost:3001/_nuxt/@fs/Users/andrejkoval/Dev/vivadzen/src/front/node_modules/consola/dist/browser.mjs?v=52c0a703:47
[     275ms] [WARNING] %cssr:warn%c [intlify] Not found 'title.reviews' key in 'cs' locale messages. 
      background: #f39c12;
      border-radius: 0.5em;
      color: white;
      font-weight: bold;
      padding: 2px 0.5em;
      
  at warn (/Users/andrejkoval/Dev/vivadzen/src/front/node_modules/@intlify/shared/dist/shared.mjs)
  at handleMissing (/Users/andrejkoval/Dev/vivadzen/src/front/node_modules/@intlify/core-base/dist/core-base.mjs)
  at resolveMessageFormat (/Users/andrejkoval/Dev/vivadzen/src/front/node_modules/@intlify/core-base/dist/core-base.mjs)
 @ http://localhost:3001/_nuxt/@fs/Users/andrejkoval/Dev/vivadzen/src/front/node_modules/consola/dist/browser.mjs?v=52c0a703:47
[     275ms] [WARNING] %cssr:warn%c [intlify] Fall back to translate 'title.reviews' with root locale. 
      background: #f39c12;
      border-radius: 0.5em;
      color: white;
      font-weight: bold;
      padding: 2px 0.5em;
      
  at warn (/Users/andrejkoval/Dev/vivadzen/src/front/node_modules/@intlify/shared/dist/shared.mjs)
  at wrapWithDeps (/Users/andrejkoval/Dev/vivadzen/src/front/node_modules/vue-i18n/dist/vue-i18n.mjs)
  at t (/Users/andrejkoval/Dev/vivadzen/src/front/node_modules/vue-i18n/dist/vue-i18n.mjs)
 @ http://localhost:3001/_nuxt/@fs/Users/andrejkoval/Dev/vivadzen/src/front/node_modules/consola/dist/browser.mjs?v=52c0a703:47
[     275ms] [WARNING] %cssr:warn%c [intlify] Not found 'title.about' key in 'ru' locale messages. 
      background: #f39c12;
      border-radius: 0.5em;
      color: white;
      font-weight: bold;
      padding: 2px 0.5em;
      
  at warn (/Users/andrejkoval/Dev/vivadzen/src/front/node_modules/@intlify/shared/dist/shared.mjs)
  at handleMissing (/Users/andrejkoval/Dev/vivadzen/src/front/node_modules/@intlify/core-base/dist/core-base.mjs)
  at resolveMessageFormat (/Users/andrejkoval/Dev/vivadzen/src/front/node_modules/@intlify/core-base/dist/core-base.mjs)
 @ http://localhost:3001/_nuxt/@fs/Users/andrejkoval/Dev/vivadzen/src/front/node_modules/consola/dist/browser.mjs?v=52c0a703:47
[     275ms] [WARNING] %cssr:warn%c [intlify] Fall back to translate 'title.about' key with 'cs' locale. 
      background: #f39c12;
      border-radius: 0.5em;
      color: white;
      font-weight: bold;
      padding: 2px 0.5em;
      
  at warn (/Users/andrejkoval/Dev/vivadzen/src/front/node_modules/@intlify/shared/dist/shared.mjs)
  at resolveMessageFormat (/Users/andrejkoval/Dev/vivadzen/src/front/node_modules/@intlify/core-base/dist/core-base.mjs)
  at translate (/Users/andrejkoval/Dev/vivadzen/src/front/node_modules/@intlify/core-base/dist/core-base.mjs)
 @ http://localhost:3001/_nuxt/@fs/Users/andrejkoval/Dev/vivadzen/src/front/node_modules/consola/dist/browser.mjs?v=52c0a703:47
[     275ms] [WARNING] %cssr:warn%c [intlify] Not found 'title.about' key in 'cs' locale messages. 
      background: #f39c12;
      border-radius: 0.5em;
      color: white;
      font-weight: bold;
      padding: 2px 0.5em;
      
  at warn (/Users/andrejkoval/Dev/vivadzen/src/front/node_modules/@intlify/shared/dist/shared.mjs)
  at handleMissing (/Users/andrejkoval/Dev/vivadzen/src/front/node_modules/@intlify/core-base/dist/core-base.mjs)
  at resolveMessageFormat (/Users/andrejkoval/Dev/vivadzen/src/front/node_modules/@intlify/core-base/dist/core-base.mjs)
 @ http://localhost:3001/_nuxt/@fs/Users/andrejkoval/Dev/vivadzen/src/front/node_modules/consola/dist/browser.mjs?v=52c0a703:47
[     275ms] [WARNING] %cssr:warn%c [intlify] Fall back to translate 'title.about' with root locale. 
      background: #f39c12;
      border-radius: 0.5em;
      color: white;
      font-weight: bold;
      padding: 2px 0.5em;
      
  at warn (/Users/andrejkoval/Dev/vivadzen/src/front/node_modules/@intlify/shared/dist/shared.mjs)
  at wrapWithDeps (/Users/andrejkoval/Dev/vivadzen/src/front/node_modules/vue-i18n/dist/vue-i18n.mjs)
  at t (/Users/andrejkoval/Dev/vivadzen/src/front/node_modules/vue-i18n/dist/vue-i18n.mjs)
 @ http://localhost:3001/_nuxt/@fs/Users/andrejkoval/Dev/vivadzen/src/front/node_modules/consola/dist/browser.mjs?v=52c0a703:47
[     275ms] [WARNING] %cssr:warn%c [intlify] Not found 'title.contacts' key in 'ru' locale messages. 
      background: #f39c12;
      border-radius: 0.5em;
      color: white;
      font-weight: bold;
      padding: 2px 0.5em;
      
  at warn (/Users/andrejkoval/Dev/vivadzen/src/front/node_modules/@intlify/shared/dist/shared.mjs)
  at handleMissing (/Users/andrejkoval/Dev/vivadzen/src/front/node_modules/@intlify/core-base/dist/core-base.mjs)
  at resolveMessageFormat (/Users/andrejkoval/Dev/vivadzen/src/front/node_modules/@intlify/core-base/dist/core-base.mjs)
 @ http://localhost:3001/_nuxt/@fs/Users/andrejkoval/Dev/vivadzen/src/front/node_modules/consola/dist/browser.mjs?v=52c0a703:47
[     275ms] [WARNING] %cssr:warn%c [intlify] Fall back to translate 'title.contacts' key with 'cs' locale. 
      background: #f39c12;
      border-radius: 0.5em;
      color: white;
      font-weight: bold;
      padding: 2px 0.5em;
      
  at warn (/Users/andrejkoval/Dev/vivadzen/src/front/node_modules/@intlify/shared/dist/shared.mjs)
  at resolveMessageFormat (/Users/andrejkoval/Dev/vivadzen/src/front/node_modules/@intlify/core-base/dist/core-base.mjs)
  at translate (/Users/andrejkoval/Dev/vivadzen/src/front/node_modules/@intlify/core-base/dist/core-base.mjs)
 @ http://localhost:3001/_nuxt/@fs/Users/andrejkoval/Dev/vivadzen/src/front/node_modules/consola/dist/browser.mjs?v=52c0a703:47
[     275ms] [WARNING] %cssr:warn%c [intlify] Not found 'title.contacts' key in 'cs' locale messages. 
      background: #f39c12;
      border-radius: 0.5em;
      color: white;
      font-weight: bold;
      padding: 2px 0.5em;
      
  at warn (/Users/andrejkoval/Dev/vivadzen/src/front/node_modules/@intlify/shared/dist/shared.mjs)
  at handleMissing (/Users/andrejkoval/Dev/vivadzen/src/front/node_modules/@intlify/core-base/dist/core-base.mjs)
  at resolveMessageFormat (/Users/andrejkoval/Dev/vivadzen/src/front/node_modules/@intlify/core-base/dist/core-base.mjs)
 @ http://localhost:3001/_nuxt/@fs/Users/andrejkoval/Dev/vivadzen/src/front/node_modules/consola/dist/browser.mjs?v=52c0a703:47
[     275ms] [WARNING] %cssr:warn%c [intlify] Fall back to translate 'title.contacts' with root locale. 
      background: #f39c12;
      border-radius: 0.5em;
      color: white;
      font-weight: bold;
      padding: 2px 0.5em;
      
  at warn (/Users/andrejkoval/Dev/vivadzen/src/front/node_modules/@intlify/shared/dist/shared.mjs)
  at wrapWithDeps (/Users/andrejkoval/Dev/vivadzen/src/front/node_modules/vue-i18n/dist/vue-i18n.mjs)
  at t (/Users/andrejkoval/Dev/vivadzen/src/front/node_modules/vue-i18n/dist/vue-i18n.mjs)
 @ http://localhost:3001/_nuxt/@fs/Users/andrejkoval/Dev/vivadzen/src/front/node_modules/consola/dist/browser.mjs?v=52c0a703:47
[     275ms] [WARNING] %cssr:warn%c [intlify] Not found 'delivery.default_address' key in 'ru' locale messages. 
      background: #f39c12;
      border-radius: 0.5em;
      color: white;
      font-weight: bold;
      padding: 2px 0.5em;
      
  at warn (/Users/andrejkoval/Dev/vivadzen/src/front/node_modules/@intlify/shared/dist/shared.mjs)
  at handleMissing (/Users/andrejkoval/Dev/vivadzen/src/front/node_modules/@intlify/core-base/dist/core-base.mjs)
  at resolveMessageFormat (/Users/andrejkoval/Dev/vivadzen/src/front/node_modules/@intlify/core-base/dist/core-base.mjs)
 @ http://localhost:3001/_nuxt/@fs/Users/andrejkoval/Dev/vivadzen/src/front/node_modules/consola/dist/browser.mjs?v=52c0a703:47
[     275ms] [WARNING] %cssr:warn%c [intlify] Fall back to translate 'delivery.default_address' key with 'cs' locale. 
      background: #f39c12;
      border-radius: 0.5em;
      color: white;
      font-weight: bold;
      padding: 2px 0.5em;
      
  at warn (/Users/andrejkoval/Dev/vivadzen/src/front/node_modules/@intlify/shared/dist/shared.mjs)
  at resolveMessageFormat (/Users/andrejkoval/Dev/vivadzen/src/front/node_modules/@intlify/core-base/dist/core-base.mjs)
  at translate (/Users/andrejkoval/Dev/vivadzen/src/front/node_modules/@intlify/core-base/dist/core-base.mjs)
 @ http://localhost:3001/_nuxt/@fs/Users/andrejkoval/Dev/vivadzen/src/front/node_modules/consola/dist/browser.mjs?v=52c0a703:47
[     275ms] [WARNING] %cssr:warn%c [intlify] Not found 'delivery.default_address' key in 'cs' locale messages. 
      background: #f39c12;
      border-radius: 0.5em;
      color: white;
      font-weight: bold;
      padding: 2px 0.5em;
      
  at warn (/Users/andrejkoval/Dev/vivadzen/src/front/node_modules/@intlify/shared/dist/shared.mjs)
  at handleMissing (/Users/andrejkoval/Dev/vivadzen/src/front/node_modules/@intlify/core-base/dist/core-base.mjs)
  at resolveMessageFormat (/Users/andrejkoval/Dev/vivadzen/src/front/node_modules/@intlify/core-base/dist/core-base.mjs)
 @ http://localhost:3001/_nuxt/@fs/Users/andrejkoval/Dev/vivadzen/src/front/node_modules/consola/dist/browser.mjs?v=52c0a703:47
[     275ms] [WARNING] %cssr:warn%c [intlify] Not found parent scope. use the global scope. 
      background: #f39c12;
      border-radius: 0.5em;
      color: white;
      font-weight: bold;
      padding: 2px 0.5em;
      
  at warn (/Users/andrejkoval/Dev/vivadzen/src/front/node_modules/@intlify/shared/dist/shared.mjs)
  at useI18n (/Users/andrejkoval/Dev/vivadzen/src/front/node_modules/vue-i18n/dist/vue-i18n.mjs)
  at setup (/Users/andrejkoval/Dev/vivadzen/src/front/node_modules/vue-i18n/dist/vue-i18n.mjs)
 @ http://localhost:3001/_nuxt/@fs/Users/andrejkoval/Dev/vivadzen/src/front/node_modules/consola/dist/browser.mjs?v=52c0a703:47
[     275ms] [LOG] %cssr%c %s: %s 
      background: #7f8c8d;
      border-radius: 0.5em;
      color: white;
      font-weight: bold;
      padding: 2px 0.5em;
      [nuxt-app] app:rendered 0.068ms 
  at timeLogImpl (node:internal/console/constructor)
  at node:internal/console/constructor
  at timeLogImpl (node:internal/util/debuglog)
 @ http://localhost:3001/_nuxt/@fs/Users/andrejkoval/Dev/vivadzen/src/front/node_modules/consola/dist/browser.mjs?v=52c0a703:47
[     275ms] [LOG] %cssr%c %s: %s 
      background: #7f8c8d;
      border-radius: 0.5em;
      color: white;
      font-weight: bold;
      padding: 2px 0.5em;
      [nuxt-app] schema-org:meta 0.004ms 
  at timeLogImpl (node:internal/console/constructor)
  at node:internal/console/constructor
  at timeLogImpl (node:internal/util/debuglog)
 @ http://localhost:3001/_nuxt/@fs/Users/andrejkoval/Dev/vivadzen/src/front/node_modules/consola/dist/browser.mjs?v=52c0a703:47
[     275ms] [LOG] [nuxt-app] dev:ssr-logs: 2.205810546875 ms [Array(88)] @ http://localhost:3001/_nuxt/@fs/Users/andrejkoval/Dev/vivadzen/src/front/node_modules/hookable/dist/index.mjs?v=52c0a703:271
[     276ms] [LOG] [nuxt-app] page:loading:start: 0.02880859375 ms [] @ http://localhost:3001/_nuxt/@fs/Users/andrejkoval/Dev/vivadzen/src/front/node_modules/hookable/dist/index.mjs?v=52c0a703:271
[     295ms] [WARNING] Timer '[nuxt-app] i18n:beforeLocaleSwitch' already exists @ http://localhost:3001/_nuxt/@fs/Users/andrejkoval/Dev/vivadzen/src/front/node_modules/hookable/dist/index.mjs?v=52c0a703:261
[     295ms] [LOG] [nuxt-app] i18n:beforeLocaleSwitch: 24.14404296875 ms [Object] @ http://localhost:3001/_nuxt/@fs/Users/andrejkoval/Dev/vivadzen/src/front/node_modules/hookable/dist/index.mjs?v=52c0a703:271
[     296ms] [LOG] [nuxt-app] app:created: 19.44091796875 ms [Object] @ http://localhost:3001/_nuxt/@fs/Users/andrejkoval/Dev/vivadzen/src/front/node_modules/hookable/dist/index.mjs?v=52c0a703:271
[     296ms] [LOG] [nuxt-app] app:beforeMount: 0.01513671875 ms [Object] @ http://localhost:3001/_nuxt/@fs/Users/andrejkoval/Dev/vivadzen/src/front/node_modules/hookable/dist/index.mjs?v=52c0a703:271
[     296ms] [LOG] [nuxt-app] vue:setup: 0.0439453125 ms [] @ http://localhost:3001/_nuxt/@fs/Users/andrejkoval/Dev/vivadzen/src/front/node_modules/hookable/dist/index.mjs?v=52c0a703:271
[     296ms] [INFO] <Suspense> is an experimental feature and its API will likely change. @ http://localhost:3001/_nuxt/@fs/Users/andrejkoval/Dev/vivadzen/src/front/node_modules/@vue/runtime-core/dist/runtime-core.esm-bundler.js?v=52c0a703:7155
[     297ms] [LOG] [nuxt-app] app:mounted: 0.041015625 ms [Object] @ http://localhost:3001/_nuxt/@fs/Users/andrejkoval/Dev/vivadzen/src/front/node_modules/hookable/dist/index.mjs?v=52c0a703:271
[     297ms] [LOG] [Content] WS connect to ws://localhost:4000/ws @ http://localhost:3001/_nuxt/@fs/Users/andrejkoval/Dev/vivadzen/src/front/node_modules/@nuxt/content/dist/runtime/composables/web-socket.js?v=52c0a703:4
[     326ms] [WARNING] [intlify] Not found 'title.catalog' key in 'ru' locale messages. @ http://localhost:3001/_nuxt/node_modules/.cache/vite/client/deps/chunk-LY4OWT6B.js?v=52c0a703:3
[     326ms] [WARNING] [intlify] Fall back to translate 'title.catalog' key with 'cs' locale. @ http://localhost:3001/_nuxt/node_modules/.cache/vite/client/deps/chunk-LY4OWT6B.js?v=52c0a703:3
[     326ms] [WARNING] [intlify] Not found 'title.catalog' key in 'cs' locale messages. @ http://localhost:3001/_nuxt/node_modules/.cache/vite/client/deps/chunk-LY4OWT6B.js?v=52c0a703:3
[     326ms] [WARNING] [intlify] Fall back to translate 'title.catalog' with root locale. @ http://localhost:3001/_nuxt/node_modules/.cache/vite/client/deps/chunk-LY4OWT6B.js?v=52c0a703:3
[     326ms] [WARNING] [intlify] Not found 'title.delivery' key in 'ru' locale messages. @ http://localhost:3001/_nuxt/node_modules/.cache/vite/client/deps/chunk-LY4OWT6B.js?v=52c0a703:3
[     326ms] [WARNING] [intlify] Fall back to translate 'title.delivery' key with 'cs' locale. @ http://localhost:3001/_nuxt/node_modules/.cache/vite/client/deps/chunk-LY4OWT6B.js?v=52c0a703:3
[     326ms] [WARNING] [intlify] Not found 'title.delivery' key in 'cs' locale messages. @ http://localhost:3001/_nuxt/node_modules/.cache/vite/client/deps/chunk-LY4OWT6B.js?v=52c0a703:3
[     326ms] [WARNING] [intlify] Fall back to translate 'title.delivery' with root locale. @ http://localhost:3001/_nuxt/node_modules/.cache/vite/client/deps/chunk-LY4OWT6B.js?v=52c0a703:3
[     326ms] [WARNING] [intlify] Not found 'title.payment' key in 'ru' locale messages. @ http://localhost:3001/_nuxt/node_modules/.cache/vite/client/deps/chunk-LY4OWT6B.js?v=52c0a703:3
[     326ms] [WARNING] [intlify] Fall back to translate 'title.payment' key with 'cs' locale. @ http://localhost:3001/_nuxt/node_modules/.cache/vite/client/deps/chunk-LY4OWT6B.js?v=52c0a703:3
[     327ms] [WARNING] [intlify] Not found 'title.payment' key in 'cs' locale messages. @ http://localhost:3001/_nuxt/node_modules/.cache/vite/client/deps/chunk-LY4OWT6B.js?v=52c0a703:3
[     327ms] [WARNING] [intlify] Fall back to translate 'title.payment' with root locale. @ http://localhost:3001/_nuxt/node_modules/.cache/vite/client/deps/chunk-LY4OWT6B.js?v=52c0a703:3
[     327ms] [WARNING] [intlify] Not found 'title.age_verification' key in 'ru' locale messages. @ http://localhost:3001/_nuxt/node_modules/.cache/vite/client/deps/chunk-LY4OWT6B.js?v=52c0a703:3
[     327ms] [WARNING] [intlify] Fall back to translate 'title.age_verification' key with 'cs' locale. @ http://localhost:3001/_nuxt/node_modules/.cache/vite/client/deps/chunk-LY4OWT6B.js?v=52c0a703:3
[     327ms] [WARNING] [intlify] Not found 'title.age_verification' key in 'cs' locale messages. @ http://localhost:3001/_nuxt/node_modules/.cache/vite/client/deps/chunk-LY4OWT6B.js?v=52c0a703:3
[     327ms] [WARNING] [intlify] Fall back to translate 'title.age_verification' with root locale. @ http://localhost:3001/_nuxt/node_modules/.cache/vite/client/deps/chunk-LY4OWT6B.js?v=52c0a703:3
[     327ms] [WARNING] [intlify] Not found 'title.reviews' key in 'ru' locale messages. @ http://localhost:3001/_nuxt/node_modules/.cache/vite/client/deps/chunk-LY4OWT6B.js?v=52c0a703:3
[     327ms] [WARNING] [intlify] Fall back to translate 'title.reviews' key with 'cs' locale. @ http://localhost:3001/_nuxt/node_modules/.cache/vite/client/deps/chunk-LY4OWT6B.js?v=52c0a703:3
[     327ms] [WARNING] [intlify] Not found 'title.reviews' key in 'cs' locale messages. @ http://localhost:3001/_nuxt/node_modules/.cache/vite/client/deps/chunk-LY4OWT6B.js?v=52c0a703:3
[     327ms] [WARNING] [intlify] Fall back to translate 'title.reviews' with root locale. @ http://localhost:3001/_nuxt/node_modules/.cache/vite/client/deps/chunk-LY4OWT6B.js?v=52c0a703:3
[     327ms] [WARNING] [intlify] Not found 'title.about' key in 'ru' locale messages. @ http://localhost:3001/_nuxt/node_modules/.cache/vite/client/deps/chunk-LY4OWT6B.js?v=52c0a703:3
[     327ms] [WARNING] [intlify] Fall back to translate 'title.about' key with 'cs' locale. @ http://localhost:3001/_nuxt/node_modules/.cache/vite/client/deps/chunk-LY4OWT6B.js?v=52c0a703:3
[     328ms] [WARNING] [intlify] Not found 'title.about' key in 'cs' locale messages. @ http://localhost:3001/_nuxt/node_modules/.cache/vite/client/deps/chunk-LY4OWT6B.js?v=52c0a703:3
[     328ms] [WARNING] [intlify] Fall back to translate 'title.about' with root locale. @ http://localhost:3001/_nuxt/node_modules/.cache/vite/client/deps/chunk-LY4OWT6B.js?v=52c0a703:3
[     328ms] [WARNING] [intlify] Not found 'title.contacts' key in 'ru' locale messages. @ http://localhost:3001/_nuxt/node_modules/.cache/vite/client/deps/chunk-LY4OWT6B.js?v=52c0a703:3
[     328ms] [WARNING] [intlify] Fall back to translate 'title.contacts' key with 'cs' locale. @ http://localhost:3001/_nuxt/node_modules/.cache/vite/client/deps/chunk-LY4OWT6B.js?v=52c0a703:3
[     328ms] [WARNING] [intlify] Not found 'title.contacts' key in 'cs' locale messages. @ http://localhost:3001/_nuxt/node_modules/.cache/vite/client/deps/chunk-LY4OWT6B.js?v=52c0a703:3
[     328ms] [WARNING] [intlify] Fall back to translate 'title.contacts' with root locale. @ http://localhost:3001/_nuxt/node_modules/.cache/vite/client/deps/chunk-LY4OWT6B.js?v=52c0a703:3
[     328ms] [WARNING] [intlify] Not found 'button.login' key in 'ru' locale messages. @ http://localhost:3001/_nuxt/node_modules/.cache/vite/client/deps/chunk-LY4OWT6B.js?v=52c0a703:3
[     329ms] [WARNING] [intlify] Fall back to translate 'button.login' key with 'cs' locale. @ http://localhost:3001/_nuxt/node_modules/.cache/vite/client/deps/chunk-LY4OWT6B.js?v=52c0a703:3
[     329ms] [WARNING] [intlify] Not found 'button.login' key in 'cs' locale messages. @ http://localhost:3001/_nuxt/node_modules/.cache/vite/client/deps/chunk-LY4OWT6B.js?v=52c0a703:3
[     329ms] [WARNING] [intlify] Fall back to translate 'button.login' with root locale. @ http://localhost:3001/_nuxt/node_modules/.cache/vite/client/deps/chunk-LY4OWT6B.js?v=52c0a703:3
[     329ms] [WARNING] [intlify] Not found 'button.login' key in 'ru' locale messages. @ http://localhost:3001/_nuxt/node_modules/.cache/vite/client/deps/chunk-LY4OWT6B.js?v=52c0a703:3
[     329ms] [WARNING] [intlify] Fall back to translate 'button.login' key with 'cs' locale. @ http://localhost:3001/_nuxt/node_modules/.cache/vite/client/deps/chunk-LY4OWT6B.js?v=52c0a703:3
[     329ms] [WARNING] [intlify] Not found 'button.login' key in 'cs' locale messages. @ http://localhost:3001/_nuxt/node_modules/.cache/vite/client/deps/chunk-LY4OWT6B.js?v=52c0a703:3
[     329ms] [WARNING] [intlify] Not found 'title.cart' key in 'ru' locale messages. @ http://localhost:3001/_nuxt/node_modules/.cache/vite/client/deps/chunk-LY4OWT6B.js?v=52c0a703:3
[     329ms] [WARNING] [intlify] Fall back to translate 'title.cart' key with 'cs' locale. @ http://localhost:3001/_nuxt/node_modules/.cache/vite/client/deps/chunk-LY4OWT6B.js?v=52c0a703:3
[     329ms] [WARNING] [intlify] Not found 'title.cart' key in 'cs' locale messages. @ http://localhost:3001/_nuxt/node_modules/.cache/vite/client/deps/chunk-LY4OWT6B.js?v=52c0a703:3
[     329ms] [WARNING] [intlify] Fall back to translate 'title.cart' with root locale. @ http://localhost:3001/_nuxt/node_modules/.cache/vite/client/deps/chunk-LY4OWT6B.js?v=52c0a703:3
[     330ms] [WARNING] [intlify] Not found 'logo_alt' key in 'ru' locale messages. @ http://localhost:3001/_nuxt/node_modules/.cache/vite/client/deps/chunk-LY4OWT6B.js?v=52c0a703:3
[     331ms] [WARNING] [intlify] Fall back to translate 'logo_alt' key with 'cs' locale. @ http://localhost:3001/_nuxt/node_modules/.cache/vite/client/deps/chunk-LY4OWT6B.js?v=52c0a703:3
[     331ms] [WARNING] [intlify] Not found 'logo_alt' key in 'cs' locale messages. @ http://localhost:3001/_nuxt/node_modules/.cache/vite/client/deps/chunk-LY4OWT6B.js?v=52c0a703:3
[     331ms] [WARNING] [intlify] Fall back to translate 'logo_alt' with root locale. @ http://localhost:3001/_nuxt/node_modules/.cache/vite/client/deps/chunk-LY4OWT6B.js?v=52c0a703:3
[     331ms] [WARNING] [intlify] Not found 'logo_alt' key in 'ru' locale messages. @ http://localhost:3001/_nuxt/node_modules/.cache/vite/client/deps/chunk-LY4OWT6B.js?v=52c0a703:3
[     331ms] [WARNING] [intlify] Fall back to translate 'logo_alt' key with 'cs' locale. @ http://localhost:3001/_nuxt/node_modules/.cache/vite/client/deps/chunk-LY4OWT6B.js?v=52c0a703:3
[     331ms] [WARNING] [intlify] Not found 'logo_alt' key in 'cs' locale messages. @ http://localhost:3001/_nuxt/node_modules/.cache/vite/client/deps/chunk-LY4OWT6B.js?v=52c0a703:3
[     332ms] [WARNING] [Vue warn]: Hydration style mismatch on JSHandle@node 
  - rendered on server: style="width:1em;height:1em;--c613ce94-iconUrl:url('https://api.iconify.design/iconoir/nav-arrow-down.svg');"
  - expected on client: style="width:1em;height:1em;"
  Note: this mismatch is check-only. The DOM will not be rectified in production due to performance overhead.
  You should fix the source of the mismatch. 
  at <IconCSS key=0 name="iconoir:nav-arrow-down" class="hero-header__nav-link-icon" > 
  at <RouterLink ref=fn to="/ru/catalog" activeClass=undefined  ... > 
  at <NuxtLink to="/ru/catalog" class="hero-header__nav-link hero-header__nav-link--catalog" onClick=fn > 
  at <Header> 
  at <Body style= {background: #f8f1e6, --kratom-page-theme: light, --kratom-page-background: #f8f1e6, --kratom-page-text: #1f2b1d, --kratom-page-muted: rgba(31, 43, 29, 0.68)} data-page-theme="light" > 
  at <Html lang="ru-RU" dir="ltr" > 
  at <Default ref=Ref< undefined > > 
  at <AsyncComponentWrapper ref=Ref< undefined > > 
  at <LayoutLoader key="default" layoutProps= {ref: RefImpl} name="default" > 
  at <NuxtLayoutProvider layoutProps= {ref: RefImpl} key="default" name="default"  ... > 
  at <NuxtLayout> 
  at <App key=4 > 
  at <NuxtRoot> @ http://localhost:3001/_nuxt/@fs/Users/andrejkoval/Dev/vivadzen/src/front/node_modules/@vue/runtime-core/dist/runtime-core.esm-bundler.js?v=52c0a703:49
[     332ms] [ERROR] Hydration completed but contains mismatches. @ http://localhost:3001/_nuxt/@fs/Users/andrejkoval/Dev/vivadzen/src/front/node_modules/@vue/runtime-core/dist/runtime-core.esm-bundler.js?v=52c0a703:1847
[     333ms] [WARNING] [Vue warn]: Hydration style mismatch on JSHandle@node 
  - rendered on server: style="width:1em;height:1em;--c613ce94-iconUrl:url('https://api.iconify.design/ph/caret-right-bold.svg');"
  - expected on client: style="width:1em;height:1em;"
  Note: this mismatch is check-only. The DOM will not be rectified in production due to performance overhead.
  You should fix the source of the mismatch. 
  at <IconCSS name="ph:caret-right-bold" class="catalog-dropdown__icon" > 
  at <RouterLink ref=fn to="/ru/catalog" activeClass=undefined  ... > 
  at <NuxtLink key="all" to="/ru/catalog" class="catalog-dropdown__item"  ... > 
  at <CatalogDropdown key=0 enabled=false onNavigate=fn<closeCatalogDropdown> > 
  at <Header> 
  at <Body style= {background: #f8f1e6, --kratom-page-theme: light, --kratom-page-background: #f8f1e6, --kratom-page-text: #1f2b1d, --kratom-page-muted: rgba(31, 43, 29, 0.68)} data-page-theme="light" > 
  at <Html lang="ru-RU" dir="ltr" > 
  at <Default ref=Ref< undefined > > 
  at <AsyncComponentWrapper ref=Ref< undefined > > 
  at <LayoutLoader key="default" layoutProps= {ref: RefImpl} name="default" > 
  at <NuxtLayoutProvider layoutProps= {ref: RefImpl} key="default" name="default"  ... > 
  at <NuxtLayout> 
  at <App key=4 > 
  at <NuxtRoot> @ http://localhost:3001/_nuxt/@fs/Users/andrejkoval/Dev/vivadzen/src/front/node_modules/@vue/runtime-core/dist/runtime-core.esm-bundler.js?v=52c0a703:49
[     333ms] [WARNING] [Vue warn]: Hydration style mismatch on JSHandle@node 
  - rendered on server: style="width:1em;height:1em;--c613ce94-iconUrl:url('https://api.iconify.design/fluent/flash-24-regular.svg');"
  - expected on client: style="width:1em;height:1em;"
  Note: this mismatch is check-only. The DOM will not be rectified in production due to performance overhead.
  You should fix the source of the mismatch. 
  at <IconCSS name="fluent:flash-24-regular" class="hero-header__promo-cta-icon" > 
  at <Header> 
  at <Body style= {background: #f8f1e6, --kratom-page-theme: light, --kratom-page-background: #f8f1e6, --kratom-page-text: #1f2b1d, --kratom-page-muted: rgba(31, 43, 29, 0.68)} data-page-theme="light" > 
  at <Html lang="ru-RU" dir="ltr" > 
  at <Default ref=Ref< undefined > > 
  at <AsyncComponentWrapper ref=Ref< undefined > > 
  at <LayoutLoader key="default" layoutProps= {ref: RefImpl} name="default" > 
  at <NuxtLayoutProvider layoutProps= {ref: RefImpl} key="default" name="default"  ... > 
  at <NuxtLayout> 
  at <App key=4 > 
  at <NuxtRoot> @ http://localhost:3001/_nuxt/@fs/Users/andrejkoval/Dev/vivadzen/src/front/node_modules/@vue/runtime-core/dist/runtime-core.esm-bundler.js?v=52c0a703:49
[     334ms] [WARNING] [Vue warn]: Hydration style mismatch on JSHandle@node 
  - rendered on server: style="width:1em;height:1em;--c613ce94-iconUrl:url('https://api.iconify.design/iconoir/nav-arrow-down.svg');"
  - expected on client: style="width:1em;height:1em;"
  Note: this mismatch is check-only. The DOM will not be rectified in production due to performance overhead.
  You should fix the source of the mismatch. 
  at <IconCSS name="iconoir:nav-arrow-down" class="lang-switcher__chevron" > 
  at <Header> 
  at <Body style= {background: #f8f1e6, --kratom-page-theme: light, --kratom-page-background: #f8f1e6, --kratom-page-text: #1f2b1d, --kratom-page-muted: rgba(31, 43, 29, 0.68)} data-page-theme="light" > 
  at <Html lang="ru-RU" dir="ltr" > 
  at <Default ref=Ref< undefined > > 
  at <AsyncComponentWrapper ref=Ref< undefined > > 
  at <LayoutLoader key="default" layoutProps= {ref: RefImpl} name="default" > 
  at <NuxtLayoutProvider layoutProps= {ref: RefImpl} key="default" name="default"  ... > 
  at <NuxtLayout> 
  at <App key=4 > 
  at <NuxtRoot> @ http://localhost:3001/_nuxt/@fs/Users/andrejkoval/Dev/vivadzen/src/front/node_modules/@vue/runtime-core/dist/runtime-core.esm-bundler.js?v=52c0a703:49
[     334ms] [WARNING] [Vue warn]: Hydration style mismatch on JSHandle@node 
  - rendered on server: style="width:1em;height:1em;--c613ce94-iconUrl:url('https://api.iconify.design/ph/user-circle-fill.svg');"
  - expected on client: style="width:1em;height:1em;"
  Note: this mismatch is check-only. The DOM will not be rectified in production due to performance overhead.
  You should fix the source of the mismatch. 
  at <IconCSS key=1 name="ph:user-circle-fill" class="hero-header__account-icon" > 
  at <RouterLink ref=fn to="/ru/auth/login" activeClass=undefined  ... > 
  at <NuxtLink to="/ru/auth/login" class="hero-header__account" aria-label="button.login"  ... > 
  at <Header> 
  at <Body style= {background: #f8f1e6, --kratom-page-theme: light, --kratom-page-background: #f8f1e6, --kratom-page-text: #1f2b1d, --kratom-page-muted: rgba(31, 43, 29, 0.68)} data-page-theme="light" > 
  at <Html lang="ru-RU" dir="ltr" > 
  at <Default ref=Ref< undefined > > 
  at <AsyncComponentWrapper ref=Ref< undefined > > 
  at <LayoutLoader key="default" layoutProps= {ref: RefImpl} name="default" > 
  at <NuxtLayoutProvider layoutProps= {ref: RefImpl} key="default" name="default"  ... > 
  at <NuxtLayout> 
  at <App key=4 > 
  at <NuxtRoot> @ http://localhost:3001/_nuxt/@fs/Users/andrejkoval/Dev/vivadzen/src/front/node_modules/@vue/runtime-core/dist/runtime-core.esm-bundler.js?v=52c0a703:49
[     334ms] [WARNING] [Vue warn]: Hydration style mismatch on JSHandle@node 
  - rendered on server: style="width:1em;height:1em;--c613ce94-iconUrl:url('https://api.iconify.design/ci/shopping-cart-01.svg');"
  - expected on client: style="width:1em;height:1em;"
  Note: this mismatch is check-only. The DOM will not be rectified in production due to performance overhead.
  You should fix the source of the mismatch. 
  at <IconCSS name="ci:shopping-cart-01" class="hero-header__cart-icon" > 
  at <Header> 
  at <Body style= {background: #f8f1e6, --kratom-page-theme: light, --kratom-page-background: #f8f1e6, --kratom-page-text: #1f2b1d, --kratom-page-muted: rgba(31, 43, 29, 0.68)} data-page-theme="light" > 
  at <Html lang="ru-RU" dir="ltr" > 
  at <Default ref=Ref< undefined > > 
  at <AsyncComponentWrapper ref=Ref< undefined > > 
  at <LayoutLoader key="default" layoutProps= {ref: RefImpl} name="default" > 
  at <NuxtLayoutProvider layoutProps= {ref: RefImpl} key="default" name="default"  ... > 
  at <NuxtLayout> 
  at <App key=4 > 
  at <NuxtRoot> @ http://localhost:3001/_nuxt/@fs/Users/andrejkoval/Dev/vivadzen/src/front/node_modules/@vue/runtime-core/dist/runtime-core.esm-bundler.js?v=52c0a703:49
[     335ms] [WARNING] [Vue warn]: Hydration style mismatch on JSHandle@node 
  - rendered on server: style="width:1em;height:1em;--c613ce94-iconUrl:url('https://api.iconify.design/mynaui/telephone-call.svg');"
  - expected on client: style="width:1em;height:1em;"
  Note: this mismatch is check-only. The DOM will not be rectified in production due to performance overhead.
  You should fix the source of the mismatch. 
  at <IconCSS name="mynaui:telephone-call" class="hero-mobile-menu__contact-icon" > 
  at <Header> 
  at <Body style= {background: #f8f1e6, --kratom-page-theme: light, --kratom-page-background: #f8f1e6, --kratom-page-text: #1f2b1d, --kratom-page-muted: rgba(31, 43, 29, 0.68)} data-page-theme="light" > 
  at <Html lang="ru-RU" dir="ltr" > 
  at <Default ref=Ref< undefined > > 
  at <AsyncComponentWrapper ref=Ref< undefined > > 
  at <LayoutLoader key="default" layoutProps= {ref: RefImpl} name="default" > 
  at <NuxtLayoutProvider layoutProps= {ref: RefImpl} key="default" name="default"  ... > 
  at <NuxtLayout> 
  at <App key=4 > 
  at <NuxtRoot> @ http://localhost:3001/_nuxt/@fs/Users/andrejkoval/Dev/vivadzen/src/front/node_modules/@vue/runtime-core/dist/runtime-core.esm-bundler.js?v=52c0a703:49
[     335ms] [WARNING] [Vue warn]: Hydration style mismatch on JSHandle@node 
  - rendered on server: style="width:1em;height:1em;--c613ce94-iconUrl:url('https://api.iconify.design/ic/round-alternate-email.svg');"
  - expected on client: style="width:1em;height:1em;"
  Note: this mismatch is check-only. The DOM will not be rectified in production due to performance overhead.
  You should fix the source of the mismatch. 
  at <IconCSS name="ic:round-alternate-email" class="hero-mobile-menu__contact-icon" > 
  at <Header> 
  at <Body style= {background: #f8f1e6, --kratom-page-theme: light, --kratom-page-background: #f8f1e6, --kratom-page-text: #1f2b1d, --kratom-page-muted: rgba(31, 43, 29, 0.68)} data-page-theme="light" > 
  at <Html lang="ru-RU" dir="ltr" > 
  at <Default ref=Ref< undefined > > 
  at <AsyncComponentWrapper ref=Ref< undefined > > 
  at <LayoutLoader key="default" layoutProps= {ref: RefImpl} name="default" > 
  at <NuxtLayoutProvider layoutProps= {ref: RefImpl} key="default" name="default"  ... > 
  at <NuxtLayout> 
  at <App key=4 > 
  at <NuxtRoot> @ http://localhost:3001/_nuxt/@fs/Users/andrejkoval/Dev/vivadzen/src/front/node_modules/@vue/runtime-core/dist/runtime-core.esm-bundler.js?v=52c0a703:49
[     336ms] [WARNING] [Vue warn]: Hydration style mismatch on JSHandle@node 
  - rendered on server: style="width:1em;height:1em;--c613ce94-iconUrl:url('https://api.iconify.design/mynaui/location.svg');"
  - expected on client: style="width:1em;height:1em;"
  Note: this mismatch is check-only. The DOM will not be rectified in production due to performance overhead.
  You should fix the source of the mismatch. 
  at <IconCSS name="mynaui:location" class="hero-mobile-menu__contact-icon" > 
  at <Header> 
  at <Body style= {background: #f8f1e6, --kratom-page-theme: light, --kratom-page-background: #f8f1e6, --kratom-page-text: #1f2b1d, --kratom-page-muted: rgba(31, 43, 29, 0.68)} data-page-theme="light" > 
  at <Html lang="ru-RU" dir="ltr" > 
  at <Default ref=Ref< undefined > > 
  at <AsyncComponentWrapper ref=Ref< undefined > > 
  at <LayoutLoader key="default" layoutProps= {ref: RefImpl} name="default" > 
  at <NuxtLayoutProvider layoutProps= {ref: RefImpl} key="default" name="default"  ... > 
  at <NuxtLayout> 
  at <App key=4 > 
  at <NuxtRoot> @ http://localhost:3001/_nuxt/@fs/Users/andrejkoval/Dev/vivadzen/src/front/node_modules/@vue/runtime-core/dist/runtime-core.esm-bundler.js?v=52c0a703:49
[     336ms] [WARNING] [Vue warn]: Hydration style mismatch on JSHandle@node 
  - rendered on server: style="width:1em;height:1em;--c613ce94-iconUrl:url('https://api.iconify.design/mynaui/clock-4.svg');"
  - expected on client: style="width:1em;height:1em;"
  Note: this mismatch is check-only. The DOM will not be rectified in production due to performance overhead.
  You should fix the source of the mismatch. 
  at <IconCSS name="mynaui:clock-4" class="hero-mobile-menu__contact-icon" > 
  at <Header> 
  at <Body style= {background: #f8f1e6, --kratom-page-theme: light, --kratom-page-background: #f8f1e6, --kratom-page-text: #1f2b1d, --kratom-page-muted: rgba(31, 43, 29, 0.68)} data-page-theme="light" > 
  at <Html lang="ru-RU" dir="ltr" > 
  at <Default ref=Ref< undefined > > 
  at <AsyncComponentWrapper ref=Ref< undefined > > 
  at <LayoutLoader key="default" layoutProps= {ref: RefImpl} name="default" > 
  at <NuxtLayoutProvider layoutProps= {ref: RefImpl} key="default" name="default"  ... > 
  at <NuxtLayout> 
  at <App key=4 > 
  at <NuxtRoot> @ http://localhost:3001/_nuxt/@fs/Users/andrejkoval/Dev/vivadzen/src/front/node_modules/@vue/runtime-core/dist/runtime-core.esm-bundler.js?v=52c0a703:49
[     336ms] [WARNING] [Vue warn]: Hydration style mismatch on JSHandle@node 
  - rendered on server: style="width:1em;height:1em;--c613ce94-iconUrl:url('https://api.iconify.design/fluent/flash-24-regular.svg');"
  - expected on client: style="width:1em;height:1em;"
  Note: this mismatch is check-only. The DOM will not be rectified in production due to performance overhead.
  You should fix the source of the mismatch. 
  at <IconCSS name="fluent:flash-24-regular" class="icon" > 
  at <Header> 
  at <Body style= {background: #f8f1e6, --kratom-page-theme: light, --kratom-page-background: #f8f1e6, --kratom-page-text: #1f2b1d, --kratom-page-muted: rgba(31, 43, 29, 0.68)} data-page-theme="light" > 
  at <Html lang="ru-RU" dir="ltr" > 
  at <Default ref=Ref< undefined > > 
  at <AsyncComponentWrapper ref=Ref< undefined > > 
  at <LayoutLoader key="default" layoutProps= {ref: RefImpl} name="default" > 
  at <NuxtLayoutProvider layoutProps= {ref: RefImpl} key="default" name="default"  ... > 
  at <NuxtLayout> 
  at <App key=4 > 
  at <NuxtRoot> @ http://localhost:3001/_nuxt/@fs/Users/andrejkoval/Dev/vivadzen/src/front/node_modules/@vue/runtime-core/dist/runtime-core.esm-bundler.js?v=52c0a703:49
[     338ms] [WARNING] [Vue warn]: Hydration style mismatch on JSHandle@node 
  - rendered on server: style="width:1em;height:1em;--c613ce94-iconUrl:url('https://api.iconify.design/ph/arrow-up-bold.svg');"
  - expected on client: style="width:1em;height:1em;"
  Note: this mismatch is check-only. The DOM will not be rectified in production due to performance overhead.
  You should fix the source of the mismatch. 
  at <IconCSS name="ph:arrow-up-bold" class="scroll-top-button__icon" > 
  at <ScrollToTopButton> 
  at <FloatingButtons> 
  at <Body style= {background: #f8f1e6, --kratom-page-theme: light, --kratom-page-background: #f8f1e6, --kratom-page-text: #1f2b1d, --kratom-page-muted: rgba(31, 43, 29, 0.68)} data-page-theme="light" > 
  at <Html lang="ru-RU" dir="ltr" > 
  at <Default ref=Ref< undefined > > 
  at <AsyncComponentWrapper ref=Ref< undefined > > 
  at <LayoutLoader key="default" layoutProps= {ref: RefImpl} name="default" > 
  at <NuxtLayoutProvider layoutProps= {ref: RefImpl} key="default" name="default"  ... > 
  at <NuxtLayout> 
  at <App key=4 > 
  at <NuxtRoot> @ http://localhost:3001/_nuxt/@fs/Users/andrejkoval/Dev/vivadzen/src/front/node_modules/@vue/runtime-core/dist/runtime-core.esm-bundler.js?v=52c0a703:49
[     339ms] [WARNING] [Vue warn]: Hydration style mismatch on JSHandle@node 
  - rendered on server: style="width:1em;height:1em;--c613ce94-iconUrl:url('https://api.iconify.design/ph/chat-circle-dots-fill.svg');"
  - expected on client: style="width:1em;height:1em;"
  Note: this mismatch is check-only. The DOM will not be rectified in production due to performance overhead.
  You should fix the source of the mismatch. 
  at <IconCSS name="ph:chat-circle-dots-fill" class="chat-support-button__icon" > 
  at <ChatSupportButton> 
  at <FloatingButtons> 
  at <Body style= {background: #f8f1e6, --kratom-page-theme: light, --kratom-page-background: #f8f1e6, --kratom-page-text: #1f2b1d, --kratom-page-muted: rgba(31, 43, 29, 0.68)} data-page-theme="light" > 
  at <Html lang="ru-RU" dir="ltr" > 
  at <Default ref=Ref< undefined > > 
  at <AsyncComponentWrapper ref=Ref< undefined > > 
  at <LayoutLoader key="default" layoutProps= {ref: RefImpl} name="default" > 
  at <NuxtLayoutProvider layoutProps= {ref: RefImpl} key="default" name="default"  ... > 
  at <NuxtLayout> 
  at <App key=4 > 
  at <NuxtRoot> @ http://localhost:3001/_nuxt/@fs/Users/andrejkoval/Dev/vivadzen/src/front/node_modules/@vue/runtime-core/dist/runtime-core.esm-bundler.js?v=52c0a703:49
[     341ms] [WARNING] [Vue warn]: Hydration style mismatch on JSHandle@node 
  - rendered on server: style="width:1em;height:1em;--c613ce94-iconUrl:url('https://api.iconify.design/ph/telegram-logo.svg');"
  - expected on client: style="width:1em;height:1em;"
  Note: this mismatch is check-only. The DOM will not be rectified in production due to performance overhead.
  You should fix the source of the mismatch. 
  at <IconCSS name="ph:telegram-logo" > 
  at <SiteFooter> 
  at <Body style= {background: #f8f1e6, --kratom-page-theme: light, --kratom-page-background: #f8f1e6, --kratom-page-text: #1f2b1d, --kratom-page-muted: rgba(31, 43, 29, 0.68)} data-page-theme="light" > 
  at <Html lang="ru-RU" dir="ltr" > 
  at <Default ref=Ref< undefined > > 
  at <AsyncComponentWrapper ref=Ref< undefined > > 
  at <LayoutLoader key="default" layoutProps= {ref: RefImpl} name="default" > 
  at <NuxtLayoutProvider layoutProps= {ref: RefImpl} key="default" name="default"  ... > 
  at <NuxtLayout> 
  at <App key=4 > 
  at <NuxtRoot> @ http://localhost:3001/_nuxt/@fs/Users/andrejkoval/Dev/vivadzen/src/front/node_modules/@vue/runtime-core/dist/runtime-core.esm-bundler.js?v=52c0a703:49
[     341ms] [WARNING] [Vue warn]: Hydration style mismatch on JSHandle@node 
  - rendered on server: style="width:1em;height:1em;--c613ce94-iconUrl:url('https://api.iconify.design/ph/whatsapp-logo.svg');"
  - expected on client: style="width:1em;height:1em;"
  Note: this mismatch is check-only. The DOM will not be rectified in production due to performance overhead.
  You should fix the source of the mismatch. 
  at <IconCSS name="ph:whatsapp-logo" > 
  at <SiteFooter> 
  at <Body style= {background: #f8f1e6, --kratom-page-theme: light, --kratom-page-background: #f8f1e6, --kratom-page-text: #1f2b1d, --kratom-page-muted: rgba(31, 43, 29, 0.68)} data-page-theme="light" > 
  at <Html lang="ru-RU" dir="ltr" > 
  at <Default ref=Ref< undefined > > 
  at <AsyncComponentWrapper ref=Ref< undefined > > 
  at <LayoutLoader key="default" layoutProps= {ref: RefImpl} name="default" > 
  at <NuxtLayoutProvider layoutProps= {ref: RefImpl} key="default" name="default"  ... > 
  at <NuxtLayout> 
  at <App key=4 > 
  at <NuxtRoot> @ http://localhost:3001/_nuxt/@fs/Users/andrejkoval/Dev/vivadzen/src/front/node_modules/@vue/runtime-core/dist/runtime-core.esm-bundler.js?v=52c0a703:49
[     342ms] [WARNING] [Vue warn]: Hydration style mismatch on JSHandle@node 
  - rendered on server: style="width:1em;height:1em;--c613ce94-iconUrl:url('https://api.iconify.design/iconoir/instagram.svg');"
  - expected on client: style="width:1em;height:1em;"
  Note: this mismatch is check-only. The DOM will not be rectified in production due to performance overhead.
  You should fix the source of the mismatch. 
  at <IconCSS name="iconoir:instagram" > 
  at <SiteFooter> 
  at <Body style= {background: #f8f1e6, --kratom-page-theme: light, --kratom-page-background: #f8f1e6, --kratom-page-text: #1f2b1d, --kratom-page-muted: rgba(31, 43, 29, 0.68)} data-page-theme="light" > 
  at <Html lang="ru-RU" dir="ltr" > 
  at <Default ref=Ref< undefined > > 
  at <AsyncComponentWrapper ref=Ref< undefined > > 
  at <LayoutLoader key="default" layoutProps= {ref: RefImpl} name="default" > 
  at <NuxtLayoutProvider layoutProps= {ref: RefImpl} key="default" name="default"  ... > 
  at <NuxtLayout> 
  at <App key=4 > 
  at <NuxtRoot> @ http://localhost:3001/_nuxt/@fs/Users/andrejkoval/Dev/vivadzen/src/front/node_modules/@vue/runtime-core/dist/runtime-core.esm-bundler.js?v=52c0a703:49
[     342ms] [WARNING] [Vue warn]: Hydration style mismatch on JSHandle@node 
  - rendered on server: style="width:1em;height:1em;--c613ce94-iconUrl:url('https://api.iconify.design/iconoir/facebook.svg');"
  - expected on client: style="width:1em;height:1em;"
  Note: this mismatch is check-only. The DOM will not be rectified in production due to performance overhead.
  You should fix the source of the mismatch. 
  at <IconCSS name="iconoir:facebook" > 
  at <SiteFooter> 
  at <Body style= {background: #f8f1e6, --kratom-page-theme: light, --kratom-page-background: #f8f1e6, --kratom-page-text: #1f2b1d, --kratom-page-muted: rgba(31, 43, 29, 0.68)} data-page-theme="light" > 
  at <Html lang="ru-RU" dir="ltr" > 
  at <Default ref=Ref< undefined > > 
  at <AsyncComponentWrapper ref=Ref< undefined > > 
  at <LayoutLoader key="default" layoutProps= {ref: RefImpl} name="default" > 
  at <NuxtLayoutProvider layoutProps= {ref: RefImpl} key="default" name="default"  ... > 
  at <NuxtLayout> 
  at <App key=4 > 
  at <NuxtRoot> @ http://localhost:3001/_nuxt/@fs/Users/andrejkoval/Dev/vivadzen/src/front/node_modules/@vue/runtime-core/dist/runtime-core.esm-bundler.js?v=52c0a703:49
[     342ms] [WARNING] [Vue warn]: Hydration style mismatch on JSHandle@node 
  - rendered on server: style="width:1em;height:1em;--c613ce94-iconUrl:url('https://api.iconify.design/iconoir/youtube.svg');"
  - expected on client: style="width:1em;height:1em;"
  Note: this mismatch is check-only. The DOM will not be rectified in production due to performance overhead.
  You should fix the source of the mismatch. 
  at <IconCSS name="iconoir:youtube" > 
  at <SiteFooter> 
  at <Body style= {background: #f8f1e6, --kratom-page-theme: light, --kratom-page-background: #f8f1e6, --kratom-page-text: #1f2b1d, --kratom-page-muted: rgba(31, 43, 29, 0.68)} data-page-theme="light" > 
  at <Html lang="ru-RU" dir="ltr" > 
  at <Default ref=Ref< undefined > > 
  at <AsyncComponentWrapper ref=Ref< undefined > > 
  at <LayoutLoader key="default" layoutProps= {ref: RefImpl} name="default" > 
  at <NuxtLayoutProvider layoutProps= {ref: RefImpl} key="default" name="default"  ... > 
  at <NuxtLayout> 
  at <App key=4 > 
  at <NuxtRoot> @ http://localhost:3001/_nuxt/@fs/Users/andrejkoval/Dev/vivadzen/src/front/node_modules/@vue/runtime-core/dist/runtime-core.esm-bundler.js?v=52c0a703:49
[     349ms] [LOG] [Content] WS connected! @ http://localhost:3001/_nuxt/@fs/Users/andrejkoval/Dev/vivadzen/src/front/node_modules/@nuxt/content/dist/runtime/composables/web-socket.js?v=52c0a703:4
[     350ms] [WARNING] [intlify] Not found 'delivery.default_address' key in 'ru' locale messages. @ http://localhost:3001/_nuxt/node_modules/.cache/vite/client/deps/chunk-LY4OWT6B.js?v=52c0a703:3
[     350ms] [WARNING] [intlify] Fall back to translate 'delivery.default_address' key with 'cs' locale. @ http://localhost:3001/_nuxt/node_modules/.cache/vite/client/deps/chunk-LY4OWT6B.js?v=52c0a703:3
[     350ms] [WARNING] [intlify] Not found 'delivery.default_address' key in 'cs' locale messages. @ http://localhost:3001/_nuxt/node_modules/.cache/vite/client/deps/chunk-LY4OWT6B.js?v=52c0a703:3
[     351ms] [WARNING] [Vue warn]: Hydration node mismatch:
- rendered on server: JSHandle@node  
- expected on client: Symbol(v-cmt) 
  at <MethodsDetails section="delivery" > 
  at <Index onVnodeUnmounted=fn<onVnodeUnmounted> ref=Ref< undefined > > 
  at <RouteProvider key="/ru/delivery" vnode= {__v_isVNode: true, __v_skip: true, type: Object, props: Object, key: null} route= {fullPath: /ru/delivery, hash: , query: Object, name: delivery___ru, path: /ru/delivery}  ... > 
  at <RouterView name=undefined route=undefined > 
  at <NuxtPage> 
  at <Body style= {background: #f8f1e6, --kratom-page-theme: light, --kratom-page-background: #f8f1e6, --kratom-page-text: #1f2b1d, --kratom-page-muted: rgba(31, 43, 29, 0.68)} data-page-theme="light" > 
  at <Html lang="ru-RU" dir="ltr" > 
  at <Default ref=Ref< undefined > > 
  at <AsyncComponentWrapper ref=Ref< undefined > > 
  at <LayoutLoader key="default" layoutProps= {ref: RefImpl} name="default" > 
  at <NuxtLayoutProvider layoutProps= {ref: RefImpl} key="default" name="default"  ... > 
  at <NuxtLayout> 
  at <App key=4 > 
  at <NuxtRoot> @ http://localhost:3001/_nuxt/@fs/Users/andrejkoval/Dev/vivadzen/src/front/node_modules/@vue/runtime-core/dist/runtime-core.esm-bundler.js?v=52c0a703:49
[     351ms] [WARNING] [Vue warn]: Hydration children mismatch on JSHandle@node 
Server rendered element contains more child nodes than client vdom. 
  at <MethodsDetails section="delivery" > 
  at <Index onVnodeUnmounted=fn<onVnodeUnmounted> ref=Ref< undefined > > 
  at <RouteProvider key="/ru/delivery" vnode= {__v_isVNode: true, __v_skip: true, type: Object, props: Object, key: null} route= {fullPath: /ru/delivery, hash: , query: Object, name: delivery___ru, path: /ru/delivery}  ... > 
  at <RouterView name=undefined route=undefined > 
  at <NuxtPage> 
  at <Body style= {background: #f8f1e6, --kratom-page-theme: light, --kratom-page-background: #f8f1e6, --kratom-page-text: #1f2b1d, --kratom-page-muted: rgba(31, 43, 29, 0.68)} data-page-theme="light" > 
  at <Html lang="ru-RU" dir="ltr" > 
  at <Default ref=Ref< undefined > > 
  at <AsyncComponentWrapper ref=Ref< undefined > > 
  at <LayoutLoader key="default" layoutProps= {ref: RefImpl} name="default" > 
  at <NuxtLayoutProvider layoutProps= {ref: RefImpl} key="default" name="default"  ... > 
  at <NuxtLayout> 
  at <App key=4 > 
  at <NuxtRoot> @ http://localhost:3001/_nuxt/@fs/Users/andrejkoval/Dev/vivadzen/src/front/node_modules/@vue/runtime-core/dist/runtime-core.esm-bundler.js?v=52c0a703:49
[     351ms] [WARNING] [intlify] Not found parent scope. use the global scope. @ http://localhost:3001/_nuxt/node_modules/.cache/vite/client/deps/chunk-LY4OWT6B.js?v=52c0a703:3
[     352ms] [LOG] [nuxt-app] page:finish: 0.225830078125 ms [Object] @ http://localhost:3001/_nuxt/@fs/Users/andrejkoval/Dev/vivadzen/src/front/node_modules/hookable/dist/index.mjs?v=52c0a703:271
[     352ms] [LOG] [nuxt-app] page:loading:end: 0.117919921875 ms [] @ http://localhost:3001/_nuxt/@fs/Users/andrejkoval/Dev/vivadzen/src/front/node_modules/hookable/dist/index.mjs?v=52c0a703:271
[     353ms] [WARNING] [intlify] Not found 'title.cart' key in 'ru' locale messages. @ http://localhost:3001/_nuxt/node_modules/.cache/vite/client/deps/chunk-LY4OWT6B.js?v=52c0a703:3
[     354ms] [WARNING] [intlify] Fall back to translate 'title.cart' key with 'cs' locale. @ http://localhost:3001/_nuxt/node_modules/.cache/vite/client/deps/chunk-LY4OWT6B.js?v=52c0a703:3
[     354ms] [WARNING] [intlify] Not found 'title.cart' key in 'cs' locale messages. @ http://localhost:3001/_nuxt/node_modules/.cache/vite/client/deps/chunk-LY4OWT6B.js?v=52c0a703:3
[     354ms] [WARNING] [intlify] Fall back to translate 'title.cart' with root locale. @ http://localhost:3001/_nuxt/node_modules/.cache/vite/client/deps/chunk-LY4OWT6B.js?v=52c0a703:3
[     355ms] [WARNING] [intlify] Not found 'title.cart' key in 'ru' locale messages. @ http://localhost:3001/_nuxt/node_modules/.cache/vite/client/deps/chunk-LY4OWT6B.js?v=52c0a703:3
[     355ms] [WARNING] [intlify] Fall back to translate 'title.cart' key with 'cs' locale. @ http://localhost:3001/_nuxt/node_modules/.cache/vite/client/deps/chunk-LY4OWT6B.js?v=52c0a703:3
[     355ms] [WARNING] [intlify] Not found 'title.cart' key in 'cs' locale messages. @ http://localhost:3001/_nuxt/node_modules/.cache/vite/client/deps/chunk-LY4OWT6B.js?v=52c0a703:3
[     355ms] [WARNING] [intlify] Fall back to translate 'title.cart' with root locale. @ http://localhost:3001/_nuxt/node_modules/.cache/vite/client/deps/chunk-LY4OWT6B.js?v=52c0a703:3
[     358ms] [LOG] [nuxt-app] schema-org:meta: 0.0439453125 ms [Object] @ http://localhost:3001/_nuxt/@fs/Users/andrejkoval/Dev/vivadzen/src/front/node_modules/hookable/dist/index.mjs?v=52c0a703:271
[     358ms] [LOG] [nuxt-app] app:suspense:resolve: 3.675048828125 ms [] @ http://localhost:3001/_nuxt/@fs/Users/andrejkoval/Dev/vivadzen/src/front/node_modules/hookable/dist/index.mjs?v=52c0a703:271
[     384ms] [WARNING] [intlify] Not found 'logo_alt' key in 'ru' locale messages. @ http://localhost:3001/_nuxt/node_modules/.cache/vite/client/deps/chunk-LY4OWT6B.js?v=52c0a703:3
[     384ms] [WARNING] [intlify] Fall back to translate 'logo_alt' key with 'cs' locale. @ http://localhost:3001/_nuxt/node_modules/.cache/vite/client/deps/chunk-LY4OWT6B.js?v=52c0a703:3
[     384ms] [WARNING] [intlify] Not found 'logo_alt' key in 'cs' locale messages. @ http://localhost:3001/_nuxt/node_modules/.cache/vite/client/deps/chunk-LY4OWT6B.js?v=52c0a703:3
[     384ms] [WARNING] [intlify] Fall back to translate 'logo_alt' with root locale. @ http://localhost:3001/_nuxt/node_modules/.cache/vite/client/deps/chunk-LY4OWT6B.js?v=52c0a703:3
[     384ms] [WARNING] [intlify] Not found 'logo_alt' key in 'ru' locale messages. @ http://localhost:3001/_nuxt/node_modules/.cache/vite/client/deps/chunk-LY4OWT6B.js?v=52c0a703:3
[     384ms] [WARNING] [intlify] Fall back to translate 'logo_alt' key with 'cs' locale. @ http://localhost:3001/_nuxt/node_modules/.cache/vite/client/deps/chunk-LY4OWT6B.js?v=52c0a703:3
[     384ms] [WARNING] [intlify] Not found 'logo_alt' key in 'cs' locale messages. @ http://localhost:3001/_nuxt/node_modules/.cache/vite/client/deps/chunk-LY4OWT6B.js?v=52c0a703:3
[     385ms] [LOG] [nuxt-app] link:prefetch: 1.64501953125 ms [/ru] @ http://localhost:3001/_nuxt/@fs/Users/andrejkoval/Dev/vivadzen/src/front/node_modules/hookable/dist/index.mjs?v=52c0a703:271
[     385ms] [LOG] [nuxt-app] link:prefetch : 1.494140625 ms [/ru/catalog] @ http://localhost:3001/_nuxt/@fs/Users/andrejkoval/Dev/vivadzen/src/front/node_modules/hookable/dist/index.mjs?v=52c0a703:271
[     385ms] [LOG] [nuxt-app] link:prefetch  : 1.473876953125 ms [/ru/catalog] @ http://localhost:3001/_nuxt/@fs/Users/andrejkoval/Dev/vivadzen/src/front/node_modules/hookable/dist/index.mjs?v=52c0a703:271
[     385ms] [LOG] [nuxt-app] link:prefetch   : 1.51708984375 ms [/ru/delivery] @ http://localhost:3001/_nuxt/@fs/Users/andrejkoval/Dev/vivadzen/src/front/node_modules/hookable/dist/index.mjs?v=52c0a703:271
[     385ms] [LOG] [nuxt-app] link:prefetch    : 1.559814453125 ms [/ru/payment] @ http://localhost:3001/_nuxt/@fs/Users/andrejkoval/Dev/vivadzen/src/front/node_modules/hookable/dist/index.mjs?v=52c0a703:271
[     385ms] [LOG] [nuxt-app] link:prefetch     : 1.56787109375 ms [/ru/age-verification] @ http://localhost:3001/_nuxt/@fs/Users/andrejkoval/Dev/vivadzen/src/front/node_modules/hookable/dist/index.mjs?v=52c0a703:271
[     385ms] [LOG] [nuxt-app] link:prefetch      : 1.572021484375 ms [/ru/reviews] @ http://localhost:3001/_nuxt/@fs/Users/andrejkoval/Dev/vivadzen/src/front/node_modules/hookable/dist/index.mjs?v=52c0a703:271
[     385ms] [LOG] [nuxt-app] link:prefetch       : 1.574951171875 ms [/ru/about] @ http://localhost:3001/_nuxt/@fs/Users/andrejkoval/Dev/vivadzen/src/front/node_modules/hookable/dist/index.mjs?v=52c0a703:271
[     385ms] [LOG] [nuxt-app] link:prefetch        : 1.618896484375 ms [/ru/contacts] @ http://localhost:3001/_nuxt/@fs/Users/andrejkoval/Dev/vivadzen/src/front/node_modules/hookable/dist/index.mjs?v=52c0a703:271
[     385ms] [LOG] [nuxt-app] link:prefetch         : 1.663818359375 ms [/ru/auth/login] @ http://localhost:3001/_nuxt/@fs/Users/andrejkoval/Dev/vivadzen/src/front/node_modules/hookable/dist/index.mjs?v=52c0a703:271
[    4195ms] [LOG] [nuxt-delay-hydration] Hydration event timeout @ http://localhost:3001/ru/delivery:160
[   99706ms] [LOG] [nuxt-app] i18n:beforeLocaleSwitch: 0.156005859375 ms [Object] @ http://localhost:3001/_nuxt/@fs/Users/andrejkoval/Dev/vivadzen/src/front/node_modules/hookable/dist/index.mjs?v=10181baa:271
[   99713ms] [LOG] %cssr%c %s: %s 
      background: #7f8c8d;
      border-radius: 0.5em;
      color: white;
      font-weight: bold;
      padding: 2px 0.5em;
      [nitro-runtime] request 0.019ms 
  at timeLogImpl (node:internal/console/constructor)
  at node:internal/console/constructor
  at timeLogImpl (node:internal/util/debuglog)
 @ http://localhost:3001/_nuxt/@fs/Users/andrejkoval/Dev/vivadzen/src/front/node_modules/consola/dist/browser.mjs?v=10181baa:47
[   99713ms] [LOG] %cssr%c %s: %s 
      background: #7f8c8d;
      border-radius: 0.5em;
      color: white;
      font-weight: bold;
      padding: 2px 0.5em;
      [nitro-runtime] site-config:init 0.011ms 
  at timeLogImpl (node:internal/console/constructor)
  at node:internal/console/constructor
  at timeLogImpl (node:internal/util/debuglog)
 @ http://localhost:3001/_nuxt/@fs/Users/andrejkoval/Dev/vivadzen/src/front/node_modules/consola/dist/browser.mjs?v=10181baa:47
[   99713ms] [LOG] %cssr%c %s: %s 
      background: #7f8c8d;
      border-radius: 0.5em;
      color: white;
      font-weight: bold;
      padding: 2px 0.5em;
      [nitro-runtime] render:before 0.004ms 
  at timeLogImpl (node:internal/console/constructor)
  at node:internal/console/constructor
  at timeLogImpl (node:internal/util/debuglog)
 @ http://localhost:3001/_nuxt/@fs/Users/andrejkoval/Dev/vivadzen/src/front/node_modules/consola/dist/browser.mjs?v=10181baa:47
[   99713ms] [LOG] %cssr%c %s: %s 
      background: #7f8c8d;
      border-radius: 0.5em;
      color: white;
      font-weight: bold;
      padding: 2px 0.5em;
      [nuxt-app] i18n:beforeLocaleSwitch 0.01ms 
  at timeLogImpl (node:internal/console/constructor)
  at node:internal/console/constructor
  at timeLogImpl (node:internal/util/debuglog)
 @ http://localhost:3001/_nuxt/@fs/Users/andrejkoval/Dev/vivadzen/src/front/node_modules/consola/dist/browser.mjs?v=10181baa:47
[   99713ms] [LOG] %cssr%c %s: %s 
      background: #7f8c8d;
      border-radius: 0.5em;
      color: white;
      font-weight: bold;
      padding: 2px 0.5em;
      [nuxt-app] page:loading:start 0.002ms 
  at timeLogImpl (node:internal/console/constructor)
  at node:internal/console/constructor
  at timeLogImpl (node:internal/util/debuglog)
 @ http://localhost:3001/_nuxt/@fs/Users/andrejkoval/Dev/vivadzen/src/front/node_modules/consola/dist/browser.mjs?v=10181baa:47
[   99713ms] [LOG] %cssr%c %s: %s 
      background: #7f8c8d;
      border-radius: 0.5em;
      color: white;
      font-weight: bold;
      padding: 2px 0.5em;
      [nuxt-app] i18n:beforeLocaleSwitch 0.005ms 
  at timeLogImpl (node:internal/console/constructor)
  at node:internal/console/constructor
  at timeLogImpl (node:internal/util/debuglog)
 @ http://localhost:3001/_nuxt/@fs/Users/andrejkoval/Dev/vivadzen/src/front/node_modules/consola/dist/browser.mjs?v=10181baa:47
[   99713ms] [LOG] %cssr%c %s: %s 
      background: #7f8c8d;
      border-radius: 0.5em;
      color: white;
      font-weight: bold;
      padding: 2px 0.5em;
      [nuxt-app] app:created 5.129ms 
  at timeLogImpl (node:internal/console/constructor)
  at node:internal/console/constructor
  at timeLogImpl (node:internal/util/debuglog)
 @ http://localhost:3001/_nuxt/@fs/Users/andrejkoval/Dev/vivadzen/src/front/node_modules/consola/dist/browser.mjs?v=10181baa:47
[   99713ms] [LOG] %cssr%c %s: %s 
      background: #7f8c8d;
      border-radius: 0.5em;
      color: white;
      font-weight: bold;
      padding: 2px 0.5em;
      [nuxt-app] vue:setup 0.002ms 
  at timeLogImpl (node:internal/console/constructor)
  at node:internal/console/constructor
  at timeLogImpl (node:internal/util/debuglog)
 @ http://localhost:3001/_nuxt/@fs/Users/andrejkoval/Dev/vivadzen/src/front/node_modules/consola/dist/browser.mjs?v=10181baa:47
[   99713ms] [WARNING] %cssr:warn%c [intlify] Not found 'title.catalog' key in 'ru' locale messages. 
      background: #f39c12;
      border-radius: 0.5em;
      color: white;
      font-weight: bold;
      padding: 2px 0.5em;
      
  at warn (/Users/andrejkoval/Dev/vivadzen/src/front/node_modules/@intlify/shared/dist/shared.mjs)
  at handleMissing (/Users/andrejkoval/Dev/vivadzen/src/front/node_modules/@intlify/core-base/dist/core-base.mjs)
  at resolveMessageFormat (/Users/andrejkoval/Dev/vivadzen/src/front/node_modules/@intlify/core-base/dist/core-base.mjs)
 @ http://localhost:3001/_nuxt/@fs/Users/andrejkoval/Dev/vivadzen/src/front/node_modules/consola/dist/browser.mjs?v=10181baa:47
[   99713ms] [WARNING] %cssr:warn%c [intlify] Fall back to translate 'title.catalog' key with 'cs' locale. 
      background: #f39c12;
      border-radius: 0.5em;
      color: white;
      font-weight: bold;
      padding: 2px 0.5em;
      
  at warn (/Users/andrejkoval/Dev/vivadzen/src/front/node_modules/@intlify/shared/dist/shared.mjs)
  at resolveMessageFormat (/Users/andrejkoval/Dev/vivadzen/src/front/node_modules/@intlify/core-base/dist/core-base.mjs)
  at translate (/Users/andrejkoval/Dev/vivadzen/src/front/node_modules/@intlify/core-base/dist/core-base.mjs)
 @ http://localhost:3001/_nuxt/@fs/Users/andrejkoval/Dev/vivadzen/src/front/node_modules/consola/dist/browser.mjs?v=10181baa:47
[   99713ms] [WARNING] %cssr:warn%c [intlify] Not found 'title.catalog' key in 'cs' locale messages. 
      background: #f39c12;
      border-radius: 0.5em;
      color: white;
      font-weight: bold;
      padding: 2px 0.5em;
      
  at warn (/Users/andrejkoval/Dev/vivadzen/src/front/node_modules/@intlify/shared/dist/shared.mjs)
  at handleMissing (/Users/andrejkoval/Dev/vivadzen/src/front/node_modules/@intlify/core-base/dist/core-base.mjs)
  at resolveMessageFormat (/Users/andrejkoval/Dev/vivadzen/src/front/node_modules/@intlify/core-base/dist/core-base.mjs)
 @ http://localhost:3001/_nuxt/@fs/Users/andrejkoval/Dev/vivadzen/src/front/node_modules/consola/dist/browser.mjs?v=10181baa:47
[   99713ms] [WARNING] %cssr:warn%c [intlify] Fall back to translate 'title.catalog' with root locale. 
      background: #f39c12;
      border-radius: 0.5em;
      color: white;
      font-weight: bold;
      padding: 2px 0.5em;
      
  at warn (/Users/andrejkoval/Dev/vivadzen/src/front/node_modules/@intlify/shared/dist/shared.mjs)
  at wrapWithDeps (/Users/andrejkoval/Dev/vivadzen/src/front/node_modules/vue-i18n/dist/vue-i18n.mjs)
  at t (/Users/andrejkoval/Dev/vivadzen/src/front/node_modules/vue-i18n/dist/vue-i18n.mjs)
 @ http://localhost:3001/_nuxt/@fs/Users/andrejkoval/Dev/vivadzen/src/front/node_modules/consola/dist/browser.mjs?v=10181baa:47
[   99713ms] [WARNING] %cssr:warn%c [intlify] Not found 'title.delivery' key in 'ru' locale messages. 
      background: #f39c12;
      border-radius: 0.5em;
      color: white;
      font-weight: bold;
      padding: 2px 0.5em;
      
  at warn (/Users/andrejkoval/Dev/vivadzen/src/front/node_modules/@intlify/shared/dist/shared.mjs)
  at handleMissing (/Users/andrejkoval/Dev/vivadzen/src/front/node_modules/@intlify/core-base/dist/core-base.mjs)
  at resolveMessageFormat (/Users/andrejkoval/Dev/vivadzen/src/front/node_modules/@intlify/core-base/dist/core-base.mjs)
 @ http://localhost:3001/_nuxt/@fs/Users/andrejkoval/Dev/vivadzen/src/front/node_modules/consola/dist/browser.mjs?v=10181baa:47
[   99713ms] [WARNING] %cssr:warn%c [intlify] Fall back to translate 'title.delivery' key with 'cs' locale. 
      background: #f39c12;
      border-radius: 0.5em;
      color: white;
      font-weight: bold;
      padding: 2px 0.5em;
      
  at warn (/Users/andrejkoval/Dev/vivadzen/src/front/node_modules/@intlify/shared/dist/shared.mjs)
  at resolveMessageFormat (/Users/andrejkoval/Dev/vivadzen/src/front/node_modules/@intlify/core-base/dist/core-base.mjs)
  at translate (/Users/andrejkoval/Dev/vivadzen/src/front/node_modules/@intlify/core-base/dist/core-base.mjs)
 @ http://localhost:3001/_nuxt/@fs/Users/andrejkoval/Dev/vivadzen/src/front/node_modules/consola/dist/browser.mjs?v=10181baa:47
[   99713ms] [WARNING] %cssr:warn%c [intlify] Not found 'title.delivery' key in 'cs' locale messages. 
      background: #f39c12;
      border-radius: 0.5em;
      color: white;
      font-weight: bold;
      padding: 2px 0.5em;
      
  at warn (/Users/andrejkoval/Dev/vivadzen/src/front/node_modules/@intlify/shared/dist/shared.mjs)
  at handleMissing (/Users/andrejkoval/Dev/vivadzen/src/front/node_modules/@intlify/core-base/dist/core-base.mjs)
  at resolveMessageFormat (/Users/andrejkoval/Dev/vivadzen/src/front/node_modules/@intlify/core-base/dist/core-base.mjs)
 @ http://localhost:3001/_nuxt/@fs/Users/andrejkoval/Dev/vivadzen/src/front/node_modules/consola/dist/browser.mjs?v=10181baa:47
[   99713ms] [WARNING] %cssr:warn%c [intlify] Fall back to translate 'title.delivery' with root locale. 
      background: #f39c12;
      border-radius: 0.5em;
      color: white;
      font-weight: bold;
      padding: 2px 0.5em;
      
  at warn (/Users/andrejkoval/Dev/vivadzen/src/front/node_modules/@intlify/shared/dist/shared.mjs)
  at wrapWithDeps (/Users/andrejkoval/Dev/vivadzen/src/front/node_modules/vue-i18n/dist/vue-i18n.mjs)
  at t (/Users/andrejkoval/Dev/vivadzen/src/front/node_modules/vue-i18n/dist/vue-i18n.mjs)
 @ http://localhost:3001/_nuxt/@fs/Users/andrejkoval/Dev/vivadzen/src/front/node_modules/consola/dist/browser.mjs?v=10181baa:47
[   99713ms] [WARNING] %cssr:warn%c [intlify] Not found 'title.payment' key in 'ru' locale messages. 
      background: #f39c12;
      border-radius: 0.5em;
      color: white;
      font-weight: bold;
      padding: 2px 0.5em;
      
  at warn (/Users/andrejkoval/Dev/vivadzen/src/front/node_modules/@intlify/shared/dist/shared.mjs)
  at handleMissing (/Users/andrejkoval/Dev/vivadzen/src/front/node_modules/@intlify/core-base/dist/core-base.mjs)
  at resolveMessageFormat (/Users/andrejkoval/Dev/vivadzen/src/front/node_modules/@intlify/core-base/dist/core-base.mjs)
 @ http://localhost:3001/_nuxt/@fs/Users/andrejkoval/Dev/vivadzen/src/front/node_modules/consola/dist/browser.mjs?v=10181baa:47
[   99713ms] [WARNING] %cssr:warn%c [intlify] Fall back to translate 'title.payment' key with 'cs' locale. 
      background: #f39c12;
      border-radius: 0.5em;
      color: white;
      font-weight: bold;
      padding: 2px 0.5em;
      
  at warn (/Users/andrejkoval/Dev/vivadzen/src/front/node_modules/@intlify/shared/dist/shared.mjs)
  at resolveMessageFormat (/Users/andrejkoval/Dev/vivadzen/src/front/node_modules/@intlify/core-base/dist/core-base.mjs)
  at translate (/Users/andrejkoval/Dev/vivadzen/src/front/node_modules/@intlify/core-base/dist/core-base.mjs)
 @ http://localhost:3001/_nuxt/@fs/Users/andrejkoval/Dev/vivadzen/src/front/node_modules/consola/dist/browser.mjs?v=10181baa:47
[   99713ms] [WARNING] %cssr:warn%c [intlify] Not found 'title.payment' key in 'cs' locale messages. 
      background: #f39c12;
      border-radius: 0.5em;
      color: white;
      font-weight: bold;
      padding: 2px 0.5em;
      
  at warn (/Users/andrejkoval/Dev/vivadzen/src/front/node_modules/@intlify/shared/dist/shared.mjs)
  at handleMissing (/Users/andrejkoval/Dev/vivadzen/src/front/node_modules/@intlify/core-base/dist/core-base.mjs)
  at resolveMessageFormat (/Users/andrejkoval/Dev/vivadzen/src/front/node_modules/@intlify/core-base/dist/core-base.mjs)
 @ http://localhost:3001/_nuxt/@fs/Users/andrejkoval/Dev/vivadzen/src/front/node_modules/consola/dist/browser.mjs?v=10181baa:47
[   99713ms] [WARNING] %cssr:warn%c [intlify] Fall back to translate 'title.payment' with root locale. 
      background: #f39c12;
      border-radius: 0.5em;
      color: white;
      font-weight: bold;
      padding: 2px 0.5em;
      
  at warn (/Users/andrejkoval/Dev/vivadzen/src/front/node_modules/@intlify/shared/dist/shared.mjs)
  at wrapWithDeps (/Users/andrejkoval/Dev/vivadzen/src/front/node_modules/vue-i18n/dist/vue-i18n.mjs)
  at t (/Users/andrejkoval/Dev/vivadzen/src/front/node_modules/vue-i18n/dist/vue-i18n.mjs)
 @ http://localhost:3001/_nuxt/@fs/Users/andrejkoval/Dev/vivadzen/src/front/node_modules/consola/dist/browser.mjs?v=10181baa:47
[   99713ms] [WARNING] %cssr:warn%c [intlify] Not found 'title.age_verification' key in 'ru' locale messages. 
      background: #f39c12;
      border-radius: 0.5em;
      color: white;
      font-weight: bold;
      padding: 2px 0.5em;
      
  at warn (/Users/andrejkoval/Dev/vivadzen/src/front/node_modules/@intlify/shared/dist/shared.mjs)
  at handleMissing (/Users/andrejkoval/Dev/vivadzen/src/front/node_modules/@intlify/core-base/dist/core-base.mjs)
  at resolveMessageFormat (/Users/andrejkoval/Dev/vivadzen/src/front/node_modules/@intlify/core-base/dist/core-base.mjs)
 @ http://localhost:3001/_nuxt/@fs/Users/andrejkoval/Dev/vivadzen/src/front/node_modules/consola/dist/browser.mjs?v=10181baa:47
[   99713ms] [WARNING] %cssr:warn%c [intlify] Fall back to translate 'title.age_verification' key with 'cs' locale. 
      background: #f39c12;
      border-radius: 0.5em;
      color: white;
      font-weight: bold;
      padding: 2px 0.5em;
      
  at warn (/Users/andrejkoval/Dev/vivadzen/src/front/node_modules/@intlify/shared/dist/shared.mjs)
  at resolveMessageFormat (/Users/andrejkoval/Dev/vivadzen/src/front/node_modules/@intlify/core-base/dist/core-base.mjs)
  at translate (/Users/andrejkoval/Dev/vivadzen/src/front/node_modules/@intlify/core-base/dist/core-base.mjs)
 @ http://localhost:3001/_nuxt/@fs/Users/andrejkoval/Dev/vivadzen/src/front/node_modules/consola/dist/browser.mjs?v=10181baa:47
[   99713ms] [WARNING] %cssr:warn%c [intlify] Not found 'title.age_verification' key in 'cs' locale messages. 
      background: #f39c12;
      border-radius: 0.5em;
      color: white;
      font-weight: bold;
      padding: 2px 0.5em;
      
  at warn (/Users/andrejkoval/Dev/vivadzen/src/front/node_modules/@intlify/shared/dist/shared.mjs)
  at handleMissing (/Users/andrejkoval/Dev/vivadzen/src/front/node_modules/@intlify/core-base/dist/core-base.mjs)
  at resolveMessageFormat (/Users/andrejkoval/Dev/vivadzen/src/front/node_modules/@intlify/core-base/dist/core-base.mjs)
 @ http://localhost:3001/_nuxt/@fs/Users/andrejkoval/Dev/vivadzen/src/front/node_modules/consola/dist/browser.mjs?v=10181baa:47
[   99713ms] [WARNING] %cssr:warn%c [intlify] Fall back to translate 'title.age_verification' with root locale. 
      background: #f39c12;
      border-radius: 0.5em;
      color: white;
      font-weight: bold;
      padding: 2px 0.5em;
      
  at warn (/Users/andrejkoval/Dev/vivadzen/src/front/node_modules/@intlify/shared/dist/shared.mjs)
  at wrapWithDeps (/Users/andrejkoval/Dev/vivadzen/src/front/node_modules/vue-i18n/dist/vue-i18n.mjs)
  at t (/Users/andrejkoval/Dev/vivadzen/src/front/node_modules/vue-i18n/dist/vue-i18n.mjs)
 @ http://localhost:3001/_nuxt/@fs/Users/andrejkoval/Dev/vivadzen/src/front/node_modules/consola/dist/browser.mjs?v=10181baa:47
[   99713ms] [WARNING] %cssr:warn%c [intlify] Not found 'title.reviews' key in 'ru' locale messages. 
      background: #f39c12;
      border-radius: 0.5em;
      color: white;
      font-weight: bold;
      padding: 2px 0.5em;
      
  at warn (/Users/andrejkoval/Dev/vivadzen/src/front/node_modules/@intlify/shared/dist/shared.mjs)
  at handleMissing (/Users/andrejkoval/Dev/vivadzen/src/front/node_modules/@intlify/core-base/dist/core-base.mjs)
  at resolveMessageFormat (/Users/andrejkoval/Dev/vivadzen/src/front/node_modules/@intlify/core-base/dist/core-base.mjs)
 @ http://localhost:3001/_nuxt/@fs/Users/andrejkoval/Dev/vivadzen/src/front/node_modules/consola/dist/browser.mjs?v=10181baa:47
[   99713ms] [WARNING] %cssr:warn%c [intlify] Fall back to translate 'title.reviews' key with 'cs' locale. 
      background: #f39c12;
      border-radius: 0.5em;
      color: white;
      font-weight: bold;
      padding: 2px 0.5em;
      
  at warn (/Users/andrejkoval/Dev/vivadzen/src/front/node_modules/@intlify/shared/dist/shared.mjs)
  at resolveMessageFormat (/Users/andrejkoval/Dev/vivadzen/src/front/node_modules/@intlify/core-base/dist/core-base.mjs)
  at translate (/Users/andrejkoval/Dev/vivadzen/src/front/node_modules/@intlify/core-base/dist/core-base.mjs)
 @ http://localhost:3001/_nuxt/@fs/Users/andrejkoval/Dev/vivadzen/src/front/node_modules/consola/dist/browser.mjs?v=10181baa:47
[   99713ms] [WARNING] %cssr:warn%c [intlify] Not found 'title.reviews' key in 'cs' locale messages. 
      background: #f39c12;
      border-radius: 0.5em;
      color: white;
      font-weight: bold;
      padding: 2px 0.5em;
      
  at warn (/Users/andrejkoval/Dev/vivadzen/src/front/node_modules/@intlify/shared/dist/shared.mjs)
  at handleMissing (/Users/andrejkoval/Dev/vivadzen/src/front/node_modules/@intlify/core-base/dist/core-base.mjs)
  at resolveMessageFormat (/Users/andrejkoval/Dev/vivadzen/src/front/node_modules/@intlify/core-base/dist/core-base.mjs)
 @ http://localhost:3001/_nuxt/@fs/Users/andrejkoval/Dev/vivadzen/src/front/node_modules/consola/dist/browser.mjs?v=10181baa:47
[   99713ms] [WARNING] %cssr:warn%c [intlify] Fall back to translate 'title.reviews' with root locale. 
      background: #f39c12;
      border-radius: 0.5em;
      color: white;
      font-weight: bold;
      padding: 2px 0.5em;
      
  at warn (/Users/andrejkoval/Dev/vivadzen/src/front/node_modules/@intlify/shared/dist/shared.mjs)
  at wrapWithDeps (/Users/andrejkoval/Dev/vivadzen/src/front/node_modules/vue-i18n/dist/vue-i18n.mjs)
  at t (/Users/andrejkoval/Dev/vivadzen/src/front/node_modules/vue-i18n/dist/vue-i18n.mjs)
 @ http://localhost:3001/_nuxt/@fs/Users/andrejkoval/Dev/vivadzen/src/front/node_modules/consola/dist/browser.mjs?v=10181baa:47
[   99713ms] [WARNING] %cssr:warn%c [intlify] Not found 'title.about' key in 'ru' locale messages. 
      background: #f39c12;
      border-radius: 0.5em;
      color: white;
      font-weight: bold;
      padding: 2px 0.5em;
      
  at warn (/Users/andrejkoval/Dev/vivadzen/src/front/node_modules/@intlify/shared/dist/shared.mjs)
  at handleMissing (/Users/andrejkoval/Dev/vivadzen/src/front/node_modules/@intlify/core-base/dist/core-base.mjs)
  at resolveMessageFormat (/Users/andrejkoval/Dev/vivadzen/src/front/node_modules/@intlify/core-base/dist/core-base.mjs)
 @ http://localhost:3001/_nuxt/@fs/Users/andrejkoval/Dev/vivadzen/src/front/node_modules/consola/dist/browser.mjs?v=10181baa:47
[   99713ms] [WARNING] %cssr:warn%c [intlify] Fall back to translate 'title.about' key with 'cs' locale. 
      background: #f39c12;
      border-radius: 0.5em;
      color: white;
      font-weight: bold;
      padding: 2px 0.5em;
      
  at warn (/Users/andrejkoval/Dev/vivadzen/src/front/node_modules/@intlify/shared/dist/shared.mjs)
  at resolveMessageFormat (/Users/andrejkoval/Dev/vivadzen/src/front/node_modules/@intlify/core-base/dist/core-base.mjs)
  at translate (/Users/andrejkoval/Dev/vivadzen/src/front/node_modules/@intlify/core-base/dist/core-base.mjs)
 @ http://localhost:3001/_nuxt/@fs/Users/andrejkoval/Dev/vivadzen/src/front/node_modules/consola/dist/browser.mjs?v=10181baa:47
[   99713ms] [WARNING] %cssr:warn%c [intlify] Not found 'title.about' key in 'cs' locale messages. 
      background: #f39c12;
      border-radius: 0.5em;
      color: white;
      font-weight: bold;
      padding: 2px 0.5em;
      
  at warn (/Users/andrejkoval/Dev/vivadzen/src/front/node_modules/@intlify/shared/dist/shared.mjs)
  at handleMissing (/Users/andrejkoval/Dev/vivadzen/src/front/node_modules/@intlify/core-base/dist/core-base.mjs)
  at resolveMessageFormat (/Users/andrejkoval/Dev/vivadzen/src/front/node_modules/@intlify/core-base/dist/core-base.mjs)
 @ http://localhost:3001/_nuxt/@fs/Users/andrejkoval/Dev/vivadzen/src/front/node_modules/consola/dist/browser.mjs?v=10181baa:47
[   99713ms] [WARNING] %cssr:warn%c [intlify] Fall back to translate 'title.about' with root locale. 
      background: #f39c12;
      border-radius: 0.5em;
      color: white;
      font-weight: bold;
      padding: 2px 0.5em;
      
  at warn (/Users/andrejkoval/Dev/vivadzen/src/front/node_modules/@intlify/shared/dist/shared.mjs)
  at wrapWithDeps (/Users/andrejkoval/Dev/vivadzen/src/front/node_modules/vue-i18n/dist/vue-i18n.mjs)
  at t (/Users/andrejkoval/Dev/vivadzen/src/front/node_modules/vue-i18n/dist/vue-i18n.mjs)
 @ http://localhost:3001/_nuxt/@fs/Users/andrejkoval/Dev/vivadzen/src/front/node_modules/consola/dist/browser.mjs?v=10181baa:47
[   99713ms] [WARNING] %cssr:warn%c [intlify] Not found 'title.contacts' key in 'ru' locale messages. 
      background: #f39c12;
      border-radius: 0.5em;
      color: white;
      font-weight: bold;
      padding: 2px 0.5em;
      
  at warn (/Users/andrejkoval/Dev/vivadzen/src/front/node_modules/@intlify/shared/dist/shared.mjs)
  at handleMissing (/Users/andrejkoval/Dev/vivadzen/src/front/node_modules/@intlify/core-base/dist/core-base.mjs)
  at resolveMessageFormat (/Users/andrejkoval/Dev/vivadzen/src/front/node_modules/@intlify/core-base/dist/core-base.mjs)
 @ http://localhost:3001/_nuxt/@fs/Users/andrejkoval/Dev/vivadzen/src/front/node_modules/consola/dist/browser.mjs?v=10181baa:47
[   99713ms] [WARNING] %cssr:warn%c [intlify] Fall back to translate 'title.contacts' key with 'cs' locale. 
      background: #f39c12;
      border-radius: 0.5em;
      color: white;
      font-weight: bold;
      padding: 2px 0.5em;
      
  at warn (/Users/andrejkoval/Dev/vivadzen/src/front/node_modules/@intlify/shared/dist/shared.mjs)
  at resolveMessageFormat (/Users/andrejkoval/Dev/vivadzen/src/front/node_modules/@intlify/core-base/dist/core-base.mjs)
  at translate (/Users/andrejkoval/Dev/vivadzen/src/front/node_modules/@intlify/core-base/dist/core-base.mjs)
 @ http://localhost:3001/_nuxt/@fs/Users/andrejkoval/Dev/vivadzen/src/front/node_modules/consola/dist/browser.mjs?v=10181baa:47
[   99713ms] [WARNING] %cssr:warn%c [intlify] Not found 'title.contacts' key in 'cs' locale messages. 
      background: #f39c12;
      border-radius: 0.5em;
      color: white;
      font-weight: bold;
      padding: 2px 0.5em;
      
  at warn (/Users/andrejkoval/Dev/vivadzen/src/front/node_modules/@intlify/shared/dist/shared.mjs)
  at handleMissing (/Users/andrejkoval/Dev/vivadzen/src/front/node_modules/@intlify/core-base/dist/core-base.mjs)
  at resolveMessageFormat (/Users/andrejkoval/Dev/vivadzen/src/front/node_modules/@intlify/core-base/dist/core-base.mjs)
 @ http://localhost:3001/_nuxt/@fs/Users/andrejkoval/Dev/vivadzen/src/front/node_modules/consola/dist/browser.mjs?v=10181baa:47
[   99714ms] [WARNING] %cssr:warn%c [intlify] Fall back to translate 'title.contacts' with root locale. 
      background: #f39c12;
      border-radius: 0.5em;
      color: white;
      font-weight: bold;
      padding: 2px 0.5em;
      
  at warn (/Users/andrejkoval/Dev/vivadzen/src/front/node_modules/@intlify/shared/dist/shared.mjs)
  at wrapWithDeps (/Users/andrejkoval/Dev/vivadzen/src/front/node_modules/vue-i18n/dist/vue-i18n.mjs)
  at t (/Users/andrejkoval/Dev/vivadzen/src/front/node_modules/vue-i18n/dist/vue-i18n.mjs)
 @ http://localhost:3001/_nuxt/@fs/Users/andrejkoval/Dev/vivadzen/src/front/node_modules/consola/dist/browser.mjs?v=10181baa:47
[   99714ms] [WARNING] %cssr:warn%c [intlify] Not found 'logo_alt' key in 'ru' locale messages. 
      background: #f39c12;
      border-radius: 0.5em;
      color: white;
      font-weight: bold;
      padding: 2px 0.5em;
      
  at warn (/Users/andrejkoval/Dev/vivadzen/src/front/node_modules/@intlify/shared/dist/shared.mjs)
  at handleMissing (/Users/andrejkoval/Dev/vivadzen/src/front/node_modules/@intlify/core-base/dist/core-base.mjs)
  at resolveMessageFormat (/Users/andrejkoval/Dev/vivadzen/src/front/node_modules/@intlify/core-base/dist/core-base.mjs)
 @ http://localhost:3001/_nuxt/@fs/Users/andrejkoval/Dev/vivadzen/src/front/node_modules/consola/dist/browser.mjs?v=10181baa:47
[   99714ms] [WARNING] %cssr:warn%c [intlify] Fall back to translate 'logo_alt' key with 'cs' locale. 
      background: #f39c12;
      border-radius: 0.5em;
      color: white;
      font-weight: bold;
      padding: 2px 0.5em;
      
  at warn (/Users/andrejkoval/Dev/vivadzen/src/front/node_modules/@intlify/shared/dist/shared.mjs)
  at resolveMessageFormat (/Users/andrejkoval/Dev/vivadzen/src/front/node_modules/@intlify/core-base/dist/core-base.mjs)
  at translate (/Users/andrejkoval/Dev/vivadzen/src/front/node_modules/@intlify/core-base/dist/core-base.mjs)
 @ http://localhost:3001/_nuxt/@fs/Users/andrejkoval/Dev/vivadzen/src/front/node_modules/consola/dist/browser.mjs?v=10181baa:47
[   99714ms] [WARNING] %cssr:warn%c [intlify] Not found 'logo_alt' key in 'cs' locale messages. 
      background: #f39c12;
      border-radius: 0.5em;
      color: white;
      font-weight: bold;
      padding: 2px 0.5em;
      
  at warn (/Users/andrejkoval/Dev/vivadzen/src/front/node_modules/@intlify/shared/dist/shared.mjs)
  at handleMissing (/Users/andrejkoval/Dev/vivadzen/src/front/node_modules/@intlify/core-base/dist/core-base.mjs)
  at resolveMessageFormat (/Users/andrejkoval/Dev/vivadzen/src/front/node_modules/@intlify/core-base/dist/core-base.mjs)
 @ http://localhost:3001/_nuxt/@fs/Users/andrejkoval/Dev/vivadzen/src/front/node_modules/consola/dist/browser.mjs?v=10181baa:47
[   99714ms] [WARNING] %cssr:warn%c [intlify] Fall back to translate 'logo_alt' with root locale. 
      background: #f39c12;
      border-radius: 0.5em;
      color: white;
      font-weight: bold;
      padding: 2px 0.5em;
      
  at warn (/Users/andrejkoval/Dev/vivadzen/src/front/node_modules/@intlify/shared/dist/shared.mjs)
  at wrapWithDeps (/Users/andrejkoval/Dev/vivadzen/src/front/node_modules/vue-i18n/dist/vue-i18n.mjs)
  at Proxy.t (/Users/andrejkoval/Dev/vivadzen/src/front/node_modules/vue-i18n/dist/vue-i18n.mjs)
 @ http://localhost:3001/_nuxt/@fs/Users/andrejkoval/Dev/vivadzen/src/front/node_modules/consola/dist/browser.mjs?v=10181baa:47
[   99714ms] [WARNING] %cssr:warn%c [intlify] Not found 'logo_alt' key in 'ru' locale messages. 
      background: #f39c12;
      border-radius: 0.5em;
      color: white;
      font-weight: bold;
      padding: 2px 0.5em;
      
  at warn (/Users/andrejkoval/Dev/vivadzen/src/front/node_modules/@intlify/shared/dist/shared.mjs)
  at handleMissing (/Users/andrejkoval/Dev/vivadzen/src/front/node_modules/@intlify/core-base/dist/core-base.mjs)
  at resolveMessageFormat (/Users/andrejkoval/Dev/vivadzen/src/front/node_modules/@intlify/core-base/dist/core-base.mjs)
 @ http://localhost:3001/_nuxt/@fs/Users/andrejkoval/Dev/vivadzen/src/front/node_modules/consola/dist/browser.mjs?v=10181baa:47
[   99714ms] [WARNING] %cssr:warn%c [intlify] Fall back to translate 'logo_alt' key with 'cs' locale. 
      background: #f39c12;
      border-radius: 0.5em;
      color: white;
      font-weight: bold;
      padding: 2px 0.5em;
      
  at warn (/Users/andrejkoval/Dev/vivadzen/src/front/node_modules/@intlify/shared/dist/shared.mjs)
  at resolveMessageFormat (/Users/andrejkoval/Dev/vivadzen/src/front/node_modules/@intlify/core-base/dist/core-base.mjs)
  at translate (/Users/andrejkoval/Dev/vivadzen/src/front/node_modules/@intlify/core-base/dist/core-base.mjs)
 @ http://localhost:3001/_nuxt/@fs/Users/andrejkoval/Dev/vivadzen/src/front/node_modules/consola/dist/browser.mjs?v=10181baa:47
[   99714ms] [WARNING] %cssr:warn%c [intlify] Not found 'logo_alt' key in 'cs' locale messages. 
      background: #f39c12;
      border-radius: 0.5em;
      color: white;
      font-weight: bold;
      padding: 2px 0.5em;
      
  at warn (/Users/andrejkoval/Dev/vivadzen/src/front/node_modules/@intlify/shared/dist/shared.mjs)
  at handleMissing (/Users/andrejkoval/Dev/vivadzen/src/front/node_modules/@intlify/core-base/dist/core-base.mjs)
  at resolveMessageFormat (/Users/andrejkoval/Dev/vivadzen/src/front/node_modules/@intlify/core-base/dist/core-base.mjs)
 @ http://localhost:3001/_nuxt/@fs/Users/andrejkoval/Dev/vivadzen/src/front/node_modules/consola/dist/browser.mjs?v=10181baa:47
[   99714ms] [WARNING] %cssr:warn%c [intlify] Not found 'button.login' key in 'ru' locale messages. 
      background: #f39c12;
      border-radius: 0.5em;
      color: white;
      font-weight: bold;
      padding: 2px 0.5em;
      
  at warn (/Users/andrejkoval/Dev/vivadzen/src/front/node_modules/@intlify/shared/dist/shared.mjs)
  at handleMissing (/Users/andrejkoval/Dev/vivadzen/src/front/node_modules/@intlify/core-base/dist/core-base.mjs)
  at resolveMessageFormat (/Users/andrejkoval/Dev/vivadzen/src/front/node_modules/@intlify/core-base/dist/core-base.mjs)
 @ http://localhost:3001/_nuxt/@fs/Users/andrejkoval/Dev/vivadzen/src/front/node_modules/consola/dist/browser.mjs?v=10181baa:47
[   99714ms] [WARNING] %cssr:warn%c [intlify] Fall back to translate 'button.login' key with 'cs' locale. 
      background: #f39c12;
      border-radius: 0.5em;
      color: white;
      font-weight: bold;
      padding: 2px 0.5em;
      
  at warn (/Users/andrejkoval/Dev/vivadzen/src/front/node_modules/@intlify/shared/dist/shared.mjs)
  at resolveMessageFormat (/Users/andrejkoval/Dev/vivadzen/src/front/node_modules/@intlify/core-base/dist/core-base.mjs)
  at translate (/Users/andrejkoval/Dev/vivadzen/src/front/node_modules/@intlify/core-base/dist/core-base.mjs)
 @ http://localhost:3001/_nuxt/@fs/Users/andrejkoval/Dev/vivadzen/src/front/node_modules/consola/dist/browser.mjs?v=10181baa:47
[   99714ms] [WARNING] %cssr:warn%c [intlify] Not found 'button.login' key in 'cs' locale messages. 
      background: #f39c12;
      border-radius: 0.5em;
      color: white;
      font-weight: bold;
      padding: 2px 0.5em;
      
  at warn (/Users/andrejkoval/Dev/vivadzen/src/front/node_modules/@intlify/shared/dist/shared.mjs)
  at handleMissing (/Users/andrejkoval/Dev/vivadzen/src/front/node_modules/@intlify/core-base/dist/core-base.mjs)
  at resolveMessageFormat (/Users/andrejkoval/Dev/vivadzen/src/front/node_modules/@intlify/core-base/dist/core-base.mjs)
 @ http://localhost:3001/_nuxt/@fs/Users/andrejkoval/Dev/vivadzen/src/front/node_modules/consola/dist/browser.mjs?v=10181baa:47
[   99714ms] [WARNING] %cssr:warn%c [intlify] Fall back to translate 'button.login' with root locale. 
      background: #f39c12;
      border-radius: 0.5em;
      color: white;
      font-weight: bold;
      padding: 2px 0.5em;
      
  at warn (/Users/andrejkoval/Dev/vivadzen/src/front/node_modules/@intlify/shared/dist/shared.mjs)
  at wrapWithDeps (/Users/andrejkoval/Dev/vivadzen/src/front/node_modules/vue-i18n/dist/vue-i18n.mjs)
  at t (/Users/andrejkoval/Dev/vivadzen/src/front/node_modules/vue-i18n/dist/vue-i18n.mjs)
 @ http://localhost:3001/_nuxt/@fs/Users/andrejkoval/Dev/vivadzen/src/front/node_modules/consola/dist/browser.mjs?v=10181baa:47
[   99714ms] [WARNING] %cssr:warn%c [intlify] Not found 'button.login' key in 'ru' locale messages. 
      background: #f39c12;
      border-radius: 0.5em;
      color: white;
      font-weight: bold;
      padding: 2px 0.5em;
      
  at warn (/Users/andrejkoval/Dev/vivadzen/src/front/node_modules/@intlify/shared/dist/shared.mjs)
  at handleMissing (/Users/andrejkoval/Dev/vivadzen/src/front/node_modules/@intlify/core-base/dist/core-base.mjs)
  at resolveMessageFormat (/Users/andrejkoval/Dev/vivadzen/src/front/node_modules/@intlify/core-base/dist/core-base.mjs)
 @ http://localhost:3001/_nuxt/@fs/Users/andrejkoval/Dev/vivadzen/src/front/node_modules/consola/dist/browser.mjs?v=10181baa:47
[   99714ms] [WARNING] %cssr:warn%c [intlify] Fall back to translate 'button.login' key with 'cs' locale. 
      background: #f39c12;
      border-radius: 0.5em;
      color: white;
      font-weight: bold;
      padding: 2px 0.5em;
      
  at warn (/Users/andrejkoval/Dev/vivadzen/src/front/node_modules/@intlify/shared/dist/shared.mjs)
  at resolveMessageFormat (/Users/andrejkoval/Dev/vivadzen/src/front/node_modules/@intlify/core-base/dist/core-base.mjs)
  at translate (/Users/andrejkoval/Dev/vivadzen/src/front/node_modules/@intlify/core-base/dist/core-base.mjs)
 @ http://localhost:3001/_nuxt/@fs/Users/andrejkoval/Dev/vivadzen/src/front/node_modules/consola/dist/browser.mjs?v=10181baa:47
[   99714ms] [WARNING] %cssr:warn%c [intlify] Not found 'button.login' key in 'cs' locale messages. 
      background: #f39c12;
      border-radius: 0.5em;
      color: white;
      font-weight: bold;
      padding: 2px 0.5em;
      
  at warn (/Users/andrejkoval/Dev/vivadzen/src/front/node_modules/@intlify/shared/dist/shared.mjs)
  at handleMissing (/Users/andrejkoval/Dev/vivadzen/src/front/node_modules/@intlify/core-base/dist/core-base.mjs)
  at resolveMessageFormat (/Users/andrejkoval/Dev/vivadzen/src/front/node_modules/@intlify/core-base/dist/core-base.mjs)
 @ http://localhost:3001/_nuxt/@fs/Users/andrejkoval/Dev/vivadzen/src/front/node_modules/consola/dist/browser.mjs?v=10181baa:47
[   99714ms] [WARNING] %cssr:warn%c [intlify] Not found 'title.cart' key in 'ru' locale messages. 
      background: #f39c12;
      border-radius: 0.5em;
      color: white;
      font-weight: bold;
      padding: 2px 0.5em;
      
  at warn (/Users/andrejkoval/Dev/vivadzen/src/front/node_modules/@intlify/shared/dist/shared.mjs)
  at handleMissing (/Users/andrejkoval/Dev/vivadzen/src/front/node_modules/@intlify/core-base/dist/core-base.mjs)
  at resolveMessageFormat (/Users/andrejkoval/Dev/vivadzen/src/front/node_modules/@intlify/core-base/dist/core-base.mjs)
 @ http://localhost:3001/_nuxt/@fs/Users/andrejkoval/Dev/vivadzen/src/front/node_modules/consola/dist/browser.mjs?v=10181baa:47
[   99714ms] [WARNING] %cssr:warn%c [intlify] Fall back to translate 'title.cart' key with 'cs' locale. 
      background: #f39c12;
      border-radius: 0.5em;
      color: white;
      font-weight: bold;
      padding: 2px 0.5em;
      
  at warn (/Users/andrejkoval/Dev/vivadzen/src/front/node_modules/@intlify/shared/dist/shared.mjs)
  at resolveMessageFormat (/Users/andrejkoval/Dev/vivadzen/src/front/node_modules/@intlify/core-base/dist/core-base.mjs)
  at translate (/Users/andrejkoval/Dev/vivadzen/src/front/node_modules/@intlify/core-base/dist/core-base.mjs)
 @ http://localhost:3001/_nuxt/@fs/Users/andrejkoval/Dev/vivadzen/src/front/node_modules/consola/dist/browser.mjs?v=10181baa:47
[   99714ms] [WARNING] %cssr:warn%c [intlify] Not found 'title.cart' key in 'cs' locale messages. 
      background: #f39c12;
      border-radius: 0.5em;
      color: white;
      font-weight: bold;
      padding: 2px 0.5em;
      
  at warn (/Users/andrejkoval/Dev/vivadzen/src/front/node_modules/@intlify/shared/dist/shared.mjs)
  at handleMissing (/Users/andrejkoval/Dev/vivadzen/src/front/node_modules/@intlify/core-base/dist/core-base.mjs)
  at resolveMessageFormat (/Users/andrejkoval/Dev/vivadzen/src/front/node_modules/@intlify/core-base/dist/core-base.mjs)
 @ http://localhost:3001/_nuxt/@fs/Users/andrejkoval/Dev/vivadzen/src/front/node_modules/consola/dist/browser.mjs?v=10181baa:47
[   99714ms] [WARNING] %cssr:warn%c [intlify] Fall back to translate 'title.cart' with root locale. 
      background: #f39c12;
      border-radius: 0.5em;
      color: white;
      font-weight: bold;
      padding: 2px 0.5em;
      
  at warn (/Users/andrejkoval/Dev/vivadzen/src/front/node_modules/@intlify/shared/dist/shared.mjs)
  at wrapWithDeps (/Users/andrejkoval/Dev/vivadzen/src/front/node_modules/vue-i18n/dist/vue-i18n.mjs)
  at Proxy.t (/Users/andrejkoval/Dev/vivadzen/src/front/node_modules/vue-i18n/dist/vue-i18n.mjs)
 @ http://localhost:3001/_nuxt/@fs/Users/andrejkoval/Dev/vivadzen/src/front/node_modules/consola/dist/browser.mjs?v=10181baa:47
[   99714ms] [WARNING] %cssr:warn%c [intlify] Not found 'title.catalog' key in 'ru' locale messages. 
      background: #f39c12;
      border-radius: 0.5em;
      color: white;
      font-weight: bold;
      padding: 2px 0.5em;
      
  at warn (/Users/andrejkoval/Dev/vivadzen/src/front/node_modules/@intlify/shared/dist/shared.mjs)
  at handleMissing (/Users/andrejkoval/Dev/vivadzen/src/front/node_modules/@intlify/core-base/dist/core-base.mjs)
  at resolveMessageFormat (/Users/andrejkoval/Dev/vivadzen/src/front/node_modules/@intlify/core-base/dist/core-base.mjs)
 @ http://localhost:3001/_nuxt/@fs/Users/andrejkoval/Dev/vivadzen/src/front/node_modules/consola/dist/browser.mjs?v=10181baa:47
[   99714ms] [WARNING] %cssr:warn%c [intlify] Fall back to translate 'title.catalog' key with 'cs' locale. 
      background: #f39c12;
      border-radius: 0.5em;
      color: white;
      font-weight: bold;
      padding: 2px 0.5em;
      
  at warn (/Users/andrejkoval/Dev/vivadzen/src/front/node_modules/@intlify/shared/dist/shared.mjs)
  at resolveMessageFormat (/Users/andrejkoval/Dev/vivadzen/src/front/node_modules/@intlify/core-base/dist/core-base.mjs)
  at translate (/Users/andrejkoval/Dev/vivadzen/src/front/node_modules/@intlify/core-base/dist/core-base.mjs)
 @ http://localhost:3001/_nuxt/@fs/Users/andrejkoval/Dev/vivadzen/src/front/node_modules/consola/dist/browser.mjs?v=10181baa:47
[   99714ms] [WARNING] %cssr:warn%c [intlify] Not found 'title.catalog' key in 'cs' locale messages. 
      background: #f39c12;
      border-radius: 0.5em;
      color: white;
      font-weight: bold;
      padding: 2px 0.5em;
      
  at warn (/Users/andrejkoval/Dev/vivadzen/src/front/node_modules/@intlify/shared/dist/shared.mjs)
  at handleMissing (/Users/andrejkoval/Dev/vivadzen/src/front/node_modules/@intlify/core-base/dist/core-base.mjs)
  at resolveMessageFormat (/Users/andrejkoval/Dev/vivadzen/src/front/node_modules/@intlify/core-base/dist/core-base.mjs)
 @ http://localhost:3001/_nuxt/@fs/Users/andrejkoval/Dev/vivadzen/src/front/node_modules/consola/dist/browser.mjs?v=10181baa:47
[   99714ms] [WARNING] %cssr:warn%c [intlify] Fall back to translate 'title.catalog' with root locale. 
      background: #f39c12;
      border-radius: 0.5em;
      color: white;
      font-weight: bold;
      padding: 2px 0.5em;
      
  at warn (/Users/andrejkoval/Dev/vivadzen/src/front/node_modules/@intlify/shared/dist/shared.mjs)
  at wrapWithDeps (/Users/andrejkoval/Dev/vivadzen/src/front/node_modules/vue-i18n/dist/vue-i18n.mjs)
  at t (/Users/andrejkoval/Dev/vivadzen/src/front/node_modules/vue-i18n/dist/vue-i18n.mjs)
 @ http://localhost:3001/_nuxt/@fs/Users/andrejkoval/Dev/vivadzen/src/front/node_modules/consola/dist/browser.mjs?v=10181baa:47
[   99714ms] [WARNING] %cssr:warn%c [intlify] Not found 'title.delivery' key in 'ru' locale messages. 
      background: #f39c12;
      border-radius: 0.5em;
      color: white;
      font-weight: bold;
      padding: 2px 0.5em;
      
  at warn (/Users/andrejkoval/Dev/vivadzen/src/front/node_modules/@intlify/shared/dist/shared.mjs)
  at handleMissing (/Users/andrejkoval/Dev/vivadzen/src/front/node_modules/@intlify/core-base/dist/core-base.mjs)
  at resolveMessageFormat (/Users/andrejkoval/Dev/vivadzen/src/front/node_modules/@intlify/core-base/dist/core-base.mjs)
 @ http://localhost:3001/_nuxt/@fs/Users/andrejkoval/Dev/vivadzen/src/front/node_modules/consola/dist/browser.mjs?v=10181baa:47
[   99714ms] [WARNING] %cssr:warn%c [intlify] Fall back to translate 'title.delivery' key with 'cs' locale. 
      background: #f39c12;
      border-radius: 0.5em;
      color: white;
      font-weight: bold;
      padding: 2px 0.5em;
      
  at warn (/Users/andrejkoval/Dev/vivadzen/src/front/node_modules/@intlify/shared/dist/shared.mjs)
  at resolveMessageFormat (/Users/andrejkoval/Dev/vivadzen/src/front/node_modules/@intlify/core-base/dist/core-base.mjs)
  at translate (/Users/andrejkoval/Dev/vivadzen/src/front/node_modules/@intlify/core-base/dist/core-base.mjs)
 @ http://localhost:3001/_nuxt/@fs/Users/andrejkoval/Dev/vivadzen/src/front/node_modules/consola/dist/browser.mjs?v=10181baa:47
[   99714ms] [WARNING] %cssr:warn%c [intlify] Not found 'title.delivery' key in 'cs' locale messages. 
      background: #f39c12;
      border-radius: 0.5em;
      color: white;
      font-weight: bold;
      padding: 2px 0.5em;
      
  at warn (/Users/andrejkoval/Dev/vivadzen/src/front/node_modules/@intlify/shared/dist/shared.mjs)
  at handleMissing (/Users/andrejkoval/Dev/vivadzen/src/front/node_modules/@intlify/core-base/dist/core-base.mjs)
  at resolveMessageFormat (/Users/andrejkoval/Dev/vivadzen/src/front/node_modules/@intlify/core-base/dist/core-base.mjs)
 @ http://localhost:3001/_nuxt/@fs/Users/andrejkoval/Dev/vivadzen/src/front/node_modules/consola/dist/browser.mjs?v=10181baa:47
[   99714ms] [WARNING] %cssr:warn%c [intlify] Fall back to translate 'title.delivery' with root locale. 
      background: #f39c12;
      border-radius: 0.5em;
      color: white;
      font-weight: bold;
      padding: 2px 0.5em;
      
  at warn (/Users/andrejkoval/Dev/vivadzen/src/front/node_modules/@intlify/shared/dist/shared.mjs)
  at wrapWithDeps (/Users/andrejkoval/Dev/vivadzen/src/front/node_modules/vue-i18n/dist/vue-i18n.mjs)
  at t (/Users/andrejkoval/Dev/vivadzen/src/front/node_modules/vue-i18n/dist/vue-i18n.mjs)
 @ http://localhost:3001/_nuxt/@fs/Users/andrejkoval/Dev/vivadzen/src/front/node_modules/consola/dist/browser.mjs?v=10181baa:47
[   99714ms] [WARNING] %cssr:warn%c [intlify] Not found 'title.payment' key in 'ru' locale messages. 
      background: #f39c12;
      border-radius: 0.5em;
      color: white;
      font-weight: bold;
      padding: 2px 0.5em;
      
  at warn (/Users/andrejkoval/Dev/vivadzen/src/front/node_modules/@intlify/shared/dist/shared.mjs)
  at handleMissing (/Users/andrejkoval/Dev/vivadzen/src/front/node_modules/@intlify/core-base/dist/core-base.mjs)
  at resolveMessageFormat (/Users/andrejkoval/Dev/vivadzen/src/front/node_modules/@intlify/core-base/dist/core-base.mjs)
 @ http://localhost:3001/_nuxt/@fs/Users/andrejkoval/Dev/vivadzen/src/front/node_modules/consola/dist/browser.mjs?v=10181baa:47
[   99714ms] [WARNING] %cssr:warn%c [intlify] Fall back to translate 'title.payment' key with 'cs' locale. 
      background: #f39c12;
      border-radius: 0.5em;
      color: white;
      font-weight: bold;
      padding: 2px 0.5em;
      
  at warn (/Users/andrejkoval/Dev/vivadzen/src/front/node_modules/@intlify/shared/dist/shared.mjs)
  at resolveMessageFormat (/Users/andrejkoval/Dev/vivadzen/src/front/node_modules/@intlify/core-base/dist/core-base.mjs)
  at translate (/Users/andrejkoval/Dev/vivadzen/src/front/node_modules/@intlify/core-base/dist/core-base.mjs)
 @ http://localhost:3001/_nuxt/@fs/Users/andrejkoval/Dev/vivadzen/src/front/node_modules/consola/dist/browser.mjs?v=10181baa:47
[   99714ms] [WARNING] %cssr:warn%c [intlify] Not found 'title.payment' key in 'cs' locale messages. 
      background: #f39c12;
      border-radius: 0.5em;
      color: white;
      font-weight: bold;
      padding: 2px 0.5em;
      
  at warn (/Users/andrejkoval/Dev/vivadzen/src/front/node_modules/@intlify/shared/dist/shared.mjs)
  at handleMissing (/Users/andrejkoval/Dev/vivadzen/src/front/node_modules/@intlify/core-base/dist/core-base.mjs)
  at resolveMessageFormat (/Users/andrejkoval/Dev/vivadzen/src/front/node_modules/@intlify/core-base/dist/core-base.mjs)
 @ http://localhost:3001/_nuxt/@fs/Users/andrejkoval/Dev/vivadzen/src/front/node_modules/consola/dist/browser.mjs?v=10181baa:47
[   99714ms] [WARNING] %cssr:warn%c [intlify] Fall back to translate 'title.payment' with root locale. 
      background: #f39c12;
      border-radius: 0.5em;
      color: white;
      font-weight: bold;
      padding: 2px 0.5em;
      
  at warn (/Users/andrejkoval/Dev/vivadzen/src/front/node_modules/@intlify/shared/dist/shared.mjs)
  at wrapWithDeps (/Users/andrejkoval/Dev/vivadzen/src/front/node_modules/vue-i18n/dist/vue-i18n.mjs)
  at t (/Users/andrejkoval/Dev/vivadzen/src/front/node_modules/vue-i18n/dist/vue-i18n.mjs)
 @ http://localhost:3001/_nuxt/@fs/Users/andrejkoval/Dev/vivadzen/src/front/node_modules/consola/dist/browser.mjs?v=10181baa:47
[   99714ms] [WARNING] %cssr:warn%c [intlify] Not found 'title.age_verification' key in 'ru' locale messages. 
      background: #f39c12;
      border-radius: 0.5em;
      color: white;
      font-weight: bold;
      padding: 2px 0.5em;
      
  at warn (/Users/andrejkoval/Dev/vivadzen/src/front/node_modules/@intlify/shared/dist/shared.mjs)
  at handleMissing (/Users/andrejkoval/Dev/vivadzen/src/front/node_modules/@intlify/core-base/dist/core-base.mjs)
  at resolveMessageFormat (/Users/andrejkoval/Dev/vivadzen/src/front/node_modules/@intlify/core-base/dist/core-base.mjs)
 @ http://localhost:3001/_nuxt/@fs/Users/andrejkoval/Dev/vivadzen/src/front/node_modules/consola/dist/browser.mjs?v=10181baa:47
[   99714ms] [WARNING] %cssr:warn%c [intlify] Fall back to translate 'title.age_verification' key with 'cs' locale. 
      background: #f39c12;
      border-radius: 0.5em;
      color: white;
      font-weight: bold;
      padding: 2px 0.5em;
      
  at warn (/Users/andrejkoval/Dev/vivadzen/src/front/node_modules/@intlify/shared/dist/shared.mjs)
  at resolveMessageFormat (/Users/andrejkoval/Dev/vivadzen/src/front/node_modules/@intlify/core-base/dist/core-base.mjs)
  at translate (/Users/andrejkoval/Dev/vivadzen/src/front/node_modules/@intlify/core-base/dist/core-base.mjs)
 @ http://localhost:3001/_nuxt/@fs/Users/andrejkoval/Dev/vivadzen/src/front/node_modules/consola/dist/browser.mjs?v=10181baa:47
[   99714ms] [WARNING] %cssr:warn%c [intlify] Not found 'title.age_verification' key in 'cs' locale messages. 
      background: #f39c12;
      border-radius: 0.5em;
      color: white;
      font-weight: bold;
      padding: 2px 0.5em;
      
  at warn (/Users/andrejkoval/Dev/vivadzen/src/front/node_modules/@intlify/shared/dist/shared.mjs)
  at handleMissing (/Users/andrejkoval/Dev/vivadzen/src/front/node_modules/@intlify/core-base/dist/core-base.mjs)
  at resolveMessageFormat (/Users/andrejkoval/Dev/vivadzen/src/front/node_modules/@intlify/core-base/dist/core-base.mjs)
 @ http://localhost:3001/_nuxt/@fs/Users/andrejkoval/Dev/vivadzen/src/front/node_modules/consola/dist/browser.mjs?v=10181baa:47
[   99714ms] [WARNING] %cssr:warn%c [intlify] Fall back to translate 'title.age_verification' with root locale. 
      background: #f39c12;
      border-radius: 0.5em;
      color: white;
      font-weight: bold;
      padding: 2px 0.5em;
      
  at warn (/Users/andrejkoval/Dev/vivadzen/src/front/node_modules/@intlify/shared/dist/shared.mjs)
  at wrapWithDeps (/Users/andrejkoval/Dev/vivadzen/src/front/node_modules/vue-i18n/dist/vue-i18n.mjs)
  at t (/Users/andrejkoval/Dev/vivadzen/src/front/node_modules/vue-i18n/dist/vue-i18n.mjs)
 @ http://localhost:3001/_nuxt/@fs/Users/andrejkoval/Dev/vivadzen/src/front/node_modules/consola/dist/browser.mjs?v=10181baa:47
[   99714ms] [WARNING] %cssr:warn%c [intlify] Not found 'title.reviews' key in 'ru' locale messages. 
      background: #f39c12;
      border-radius: 0.5em;
      color: white;
      font-weight: bold;
      padding: 2px 0.5em;
      
  at warn (/Users/andrejkoval/Dev/vivadzen/src/front/node_modules/@intlify/shared/dist/shared.mjs)
  at handleMissing (/Users/andrejkoval/Dev/vivadzen/src/front/node_modules/@intlify/core-base/dist/core-base.mjs)
  at resolveMessageFormat (/Users/andrejkoval/Dev/vivadzen/src/front/node_modules/@intlify/core-base/dist/core-base.mjs)
 @ http://localhost:3001/_nuxt/@fs/Users/andrejkoval/Dev/vivadzen/src/front/node_modules/consola/dist/browser.mjs?v=10181baa:47
[   99714ms] [WARNING] %cssr:warn%c [intlify] Fall back to translate 'title.reviews' key with 'cs' locale. 
      background: #f39c12;
      border-radius: 0.5em;
      color: white;
      font-weight: bold;
      padding: 2px 0.5em;
      
  at warn (/Users/andrejkoval/Dev/vivadzen/src/front/node_modules/@intlify/shared/dist/shared.mjs)
  at resolveMessageFormat (/Users/andrejkoval/Dev/vivadzen/src/front/node_modules/@intlify/core-base/dist/core-base.mjs)
  at translate (/Users/andrejkoval/Dev/vivadzen/src/front/node_modules/@intlify/core-base/dist/core-base.mjs)
 @ http://localhost:3001/_nuxt/@fs/Users/andrejkoval/Dev/vivadzen/src/front/node_modules/consola/dist/browser.mjs?v=10181baa:47
[   99714ms] [WARNING] %cssr:warn%c [intlify] Not found 'title.reviews' key in 'cs' locale messages. 
      background: #f39c12;
      border-radius: 0.5em;
      color: white;
      font-weight: bold;
      padding: 2px 0.5em;
      
  at warn (/Users/andrejkoval/Dev/vivadzen/src/front/node_modules/@intlify/shared/dist/shared.mjs)
  at handleMissing (/Users/andrejkoval/Dev/vivadzen/src/front/node_modules/@intlify/core-base/dist/core-base.mjs)
  at resolveMessageFormat (/Users/andrejkoval/Dev/vivadzen/src/front/node_modules/@intlify/core-base/dist/core-base.mjs)
 @ http://localhost:3001/_nuxt/@fs/Users/andrejkoval/Dev/vivadzen/src/front/node_modules/consola/dist/browser.mjs?v=10181baa:47
[   99714ms] [WARNING] %cssr:warn%c [intlify] Fall back to translate 'title.reviews' with root locale. 
      background: #f39c12;
      border-radius: 0.5em;
      color: white;
      font-weight: bold;
      padding: 2px 0.5em;
      
  at warn (/Users/andrejkoval/Dev/vivadzen/src/front/node_modules/@intlify/shared/dist/shared.mjs)
  at wrapWithDeps (/Users/andrejkoval/Dev/vivadzen/src/front/node_modules/vue-i18n/dist/vue-i18n.mjs)
  at t (/Users/andrejkoval/Dev/vivadzen/src/front/node_modules/vue-i18n/dist/vue-i18n.mjs)
 @ http://localhost:3001/_nuxt/@fs/Users/andrejkoval/Dev/vivadzen/src/front/node_modules/consola/dist/browser.mjs?v=10181baa:47
[   99714ms] [WARNING] %cssr:warn%c [intlify] Not found 'title.about' key in 'ru' locale messages. 
      background: #f39c12;
      border-radius: 0.5em;
      color: white;
      font-weight: bold;
      padding: 2px 0.5em;
      
  at warn (/Users/andrejkoval/Dev/vivadzen/src/front/node_modules/@intlify/shared/dist/shared.mjs)
  at handleMissing (/Users/andrejkoval/Dev/vivadzen/src/front/node_modules/@intlify/core-base/dist/core-base.mjs)
  at resolveMessageFormat (/Users/andrejkoval/Dev/vivadzen/src/front/node_modules/@intlify/core-base/dist/core-base.mjs)
 @ http://localhost:3001/_nuxt/@fs/Users/andrejkoval/Dev/vivadzen/src/front/node_modules/consola/dist/browser.mjs?v=10181baa:47
[   99714ms] [WARNING] %cssr:warn%c [intlify] Fall back to translate 'title.about' key with 'cs' locale. 
      background: #f39c12;
      border-radius: 0.5em;
      color: white;
      font-weight: bold;
      padding: 2px 0.5em;
      
  at warn (/Users/andrejkoval/Dev/vivadzen/src/front/node_modules/@intlify/shared/dist/shared.mjs)
  at resolveMessageFormat (/Users/andrejkoval/Dev/vivadzen/src/front/node_modules/@intlify/core-base/dist/core-base.mjs)
  at translate (/Users/andrejkoval/Dev/vivadzen/src/front/node_modules/@intlify/core-base/dist/core-base.mjs)
 @ http://localhost:3001/_nuxt/@fs/Users/andrejkoval/Dev/vivadzen/src/front/node_modules/consola/dist/browser.mjs?v=10181baa:47
[   99714ms] [WARNING] %cssr:warn%c [intlify] Not found 'title.about' key in 'cs' locale messages. 
      background: #f39c12;
      border-radius: 0.5em;
      color: white;
      font-weight: bold;
      padding: 2px 0.5em;
      
  at warn (/Users/andrejkoval/Dev/vivadzen/src/front/node_modules/@intlify/shared/dist/shared.mjs)
  at handleMissing (/Users/andrejkoval/Dev/vivadzen/src/front/node_modules/@intlify/core-base/dist/core-base.mjs)
  at resolveMessageFormat (/Users/andrejkoval/Dev/vivadzen/src/front/node_modules/@intlify/core-base/dist/core-base.mjs)
 @ http://localhost:3001/_nuxt/@fs/Users/andrejkoval/Dev/vivadzen/src/front/node_modules/consola/dist/browser.mjs?v=10181baa:47
[   99714ms] [WARNING] %cssr:warn%c [intlify] Fall back to translate 'title.about' with root locale. 
      background: #f39c12;
      border-radius: 0.5em;
      color: white;
      font-weight: bold;
      padding: 2px 0.5em;
      
  at warn (/Users/andrejkoval/Dev/vivadzen/src/front/node_modules/@intlify/shared/dist/shared.mjs)
  at wrapWithDeps (/Users/andrejkoval/Dev/vivadzen/src/front/node_modules/vue-i18n/dist/vue-i18n.mjs)
  at t (/Users/andrejkoval/Dev/vivadzen/src/front/node_modules/vue-i18n/dist/vue-i18n.mjs)
 @ http://localhost:3001/_nuxt/@fs/Users/andrejkoval/Dev/vivadzen/src/front/node_modules/consola/dist/browser.mjs?v=10181baa:47
[   99714ms] [WARNING] %cssr:warn%c [intlify] Not found 'title.contacts' key in 'ru' locale messages. 
      background: #f39c12;
      border-radius: 0.5em;
      color: white;
      font-weight: bold;
      padding: 2px 0.5em;
      
  at warn (/Users/andrejkoval/Dev/vivadzen/src/front/node_modules/@intlify/shared/dist/shared.mjs)
  at handleMissing (/Users/andrejkoval/Dev/vivadzen/src/front/node_modules/@intlify/core-base/dist/core-base.mjs)
  at resolveMessageFormat (/Users/andrejkoval/Dev/vivadzen/src/front/node_modules/@intlify/core-base/dist/core-base.mjs)
 @ http://localhost:3001/_nuxt/@fs/Users/andrejkoval/Dev/vivadzen/src/front/node_modules/consola/dist/browser.mjs?v=10181baa:47
[   99714ms] [WARNING] %cssr:warn%c [intlify] Fall back to translate 'title.contacts' key with 'cs' locale. 
      background: #f39c12;
      border-radius: 0.5em;
      color: white;
      font-weight: bold;
      padding: 2px 0.5em;
      
  at warn (/Users/andrejkoval/Dev/vivadzen/src/front/node_modules/@intlify/shared/dist/shared.mjs)
  at resolveMessageFormat (/Users/andrejkoval/Dev/vivadzen/src/front/node_modules/@intlify/core-base/dist/core-base.mjs)
  at translate (/Users/andrejkoval/Dev/vivadzen/src/front/node_modules/@intlify/core-base/dist/core-base.mjs)
 @ http://localhost:3001/_nuxt/@fs/Users/andrejkoval/Dev/vivadzen/src/front/node_modules/consola/dist/browser.mjs?v=10181baa:47
[   99714ms] [WARNING] %cssr:warn%c [intlify] Not found 'title.contacts' key in 'cs' locale messages. 
      background: #f39c12;
      border-radius: 0.5em;
      color: white;
      font-weight: bold;
      padding: 2px 0.5em;
      
  at warn (/Users/andrejkoval/Dev/vivadzen/src/front/node_modules/@intlify/shared/dist/shared.mjs)
  at handleMissing (/Users/andrejkoval/Dev/vivadzen/src/front/node_modules/@intlify/core-base/dist/core-base.mjs)
  at resolveMessageFormat (/Users/andrejkoval/Dev/vivadzen/src/front/node_modules/@intlify/core-base/dist/core-base.mjs)
 @ http://localhost:3001/_nuxt/@fs/Users/andrejkoval/Dev/vivadzen/src/front/node_modules/consola/dist/browser.mjs?v=10181baa:47
[   99715ms] [WARNING] %cssr:warn%c [intlify] Fall back to translate 'title.contacts' with root locale. 
      background: #f39c12;
      border-radius: 0.5em;
      color: white;
      font-weight: bold;
      padding: 2px 0.5em;
      
  at warn (/Users/andrejkoval/Dev/vivadzen/src/front/node_modules/@intlify/shared/dist/shared.mjs)
  at wrapWithDeps (/Users/andrejkoval/Dev/vivadzen/src/front/node_modules/vue-i18n/dist/vue-i18n.mjs)
  at t (/Users/andrejkoval/Dev/vivadzen/src/front/node_modules/vue-i18n/dist/vue-i18n.mjs)
 @ http://localhost:3001/_nuxt/@fs/Users/andrejkoval/Dev/vivadzen/src/front/node_modules/consola/dist/browser.mjs?v=10181baa:47
[   99715ms] [WARNING] %cssr:warn%c [intlify] Not found 'delivery.default_address' key in 'ru' locale messages. 
      background: #f39c12;
      border-radius: 0.5em;
      color: white;
      font-weight: bold;
      padding: 2px 0.5em;
      
  at warn (/Users/andrejkoval/Dev/vivadzen/src/front/node_modules/@intlify/shared/dist/shared.mjs)
  at handleMissing (/Users/andrejkoval/Dev/vivadzen/src/front/node_modules/@intlify/core-base/dist/core-base.mjs)
  at resolveMessageFormat (/Users/andrejkoval/Dev/vivadzen/src/front/node_modules/@intlify/core-base/dist/core-base.mjs)
 @ http://localhost:3001/_nuxt/@fs/Users/andrejkoval/Dev/vivadzen/src/front/node_modules/consola/dist/browser.mjs?v=10181baa:47
[   99715ms] [WARNING] %cssr:warn%c [intlify] Fall back to translate 'delivery.default_address' key with 'cs' locale. 
      background: #f39c12;
      border-radius: 0.5em;
      color: white;
      font-weight: bold;
      padding: 2px 0.5em;
      
  at warn (/Users/andrejkoval/Dev/vivadzen/src/front/node_modules/@intlify/shared/dist/shared.mjs)
  at resolveMessageFormat (/Users/andrejkoval/Dev/vivadzen/src/front/node_modules/@intlify/core-base/dist/core-base.mjs)
  at translate (/Users/andrejkoval/Dev/vivadzen/src/front/node_modules/@intlify/core-base/dist/core-base.mjs)
 @ http://localhost:3001/_nuxt/@fs/Users/andrejkoval/Dev/vivadzen/src/front/node_modules/consola/dist/browser.mjs?v=10181baa:47
[   99715ms] [WARNING] %cssr:warn%c [intlify] Not found 'delivery.default_address' key in 'cs' locale messages. 
      background: #f39c12;
      border-radius: 0.5em;
      color: white;
      font-weight: bold;
      padding: 2px 0.5em;
      
  at warn (/Users/andrejkoval/Dev/vivadzen/src/front/node_modules/@intlify/shared/dist/shared.mjs)
  at handleMissing (/Users/andrejkoval/Dev/vivadzen/src/front/node_modules/@intlify/core-base/dist/core-base.mjs)
  at resolveMessageFormat (/Users/andrejkoval/Dev/vivadzen/src/front/node_modules/@intlify/core-base/dist/core-base.mjs)
 @ http://localhost:3001/_nuxt/@fs/Users/andrejkoval/Dev/vivadzen/src/front/node_modules/consola/dist/browser.mjs?v=10181baa:47
[   99715ms] [WARNING] %cssr:warn%c [intlify] Not found parent scope. use the global scope. 
      background: #f39c12;
      border-radius: 0.5em;
      color: white;
      font-weight: bold;
      padding: 2px 0.5em;
      
  at warn (/Users/andrejkoval/Dev/vivadzen/src/front/node_modules/@intlify/shared/dist/shared.mjs)
  at useI18n (/Users/andrejkoval/Dev/vivadzen/src/front/node_modules/vue-i18n/dist/vue-i18n.mjs)
  at setup (/Users/andrejkoval/Dev/vivadzen/src/front/node_modules/vue-i18n/dist/vue-i18n.mjs)
 @ http://localhost:3001/_nuxt/@fs/Users/andrejkoval/Dev/vivadzen/src/front/node_modules/consola/dist/browser.mjs?v=10181baa:47
[   99715ms] [LOG] %cssr%c %s: %s 
      background: #7f8c8d;
      border-radius: 0.5em;
      color: white;
      font-weight: bold;
      padding: 2px 0.5em;
      [nuxt-app] app:rendered 0.106ms 
  at timeLogImpl (node:internal/console/constructor)
  at node:internal/console/constructor
  at timeLogImpl (node:internal/util/debuglog)
 @ http://localhost:3001/_nuxt/@fs/Users/andrejkoval/Dev/vivadzen/src/front/node_modules/consola/dist/browser.mjs?v=10181baa:47
[   99715ms] [LOG] %cssr%c %s: %s 
      background: #7f8c8d;
      border-radius: 0.5em;
      color: white;
      font-weight: bold;
      padding: 2px 0.5em;
      [nuxt-app] schema-org:meta 0.004ms 
  at timeLogImpl (node:internal/console/constructor)
  at node:internal/console/constructor
  at timeLogImpl (node:internal/util/debuglog)
 @ http://localhost:3001/_nuxt/@fs/Users/andrejkoval/Dev/vivadzen/src/front/node_modules/consola/dist/browser.mjs?v=10181baa:47
[   99715ms] [LOG] [nuxt-app] dev:ssr-logs: 2.45703125 ms [Array(88)] @ http://localhost:3001/_nuxt/@fs/Users/andrejkoval/Dev/vivadzen/src/front/node_modules/hookable/dist/index.mjs?v=10181baa:271
[   99721ms] [LOG] [nuxt-app] page:loading:start: 0.075927734375 ms [] @ http://localhost:3001/_nuxt/@fs/Users/andrejkoval/Dev/vivadzen/src/front/node_modules/hookable/dist/index.mjs?v=10181baa:271
[   99745ms] [WARNING] Timer '[nuxt-app] i18n:beforeLocaleSwitch' already exists @ http://localhost:3001/_nuxt/@fs/Users/andrejkoval/Dev/vivadzen/src/front/node_modules/hookable/dist/index.mjs?v=10181baa:261
[   99745ms] [LOG] [nuxt-app] i18n:beforeLocaleSwitch: 39.666015625 ms [Object] @ http://localhost:3001/_nuxt/@fs/Users/andrejkoval/Dev/vivadzen/src/front/node_modules/hookable/dist/index.mjs?v=10181baa:271
[   99746ms] [LOG] [nuxt-app] app:created: 26.47314453125 ms [Object] @ http://localhost:3001/_nuxt/@fs/Users/andrejkoval/Dev/vivadzen/src/front/node_modules/hookable/dist/index.mjs?v=10181baa:271
[   99746ms] [LOG] [nuxt-app] app:beforeMount: 0.01904296875 ms [Object] @ http://localhost:3001/_nuxt/@fs/Users/andrejkoval/Dev/vivadzen/src/front/node_modules/hookable/dist/index.mjs?v=10181baa:271
[   99748ms] [LOG] [nuxt-app] vue:setup: 0.281982421875 ms [] @ http://localhost:3001/_nuxt/@fs/Users/andrejkoval/Dev/vivadzen/src/front/node_modules/hookable/dist/index.mjs?v=10181baa:271
[   99749ms] [INFO] <Suspense> is an experimental feature and its API will likely change. @ http://localhost:3001/_nuxt/@fs/Users/andrejkoval/Dev/vivadzen/src/front/node_modules/@vue/runtime-core/dist/runtime-core.esm-bundler.js?v=10181baa:7155
[   99750ms] [LOG] [nuxt-app] app:mounted: 0.0810546875 ms [Object] @ http://localhost:3001/_nuxt/@fs/Users/andrejkoval/Dev/vivadzen/src/front/node_modules/hookable/dist/index.mjs?v=10181baa:271
[   99775ms] [LOG] [Content] WS connect to ws://localhost:4000/ws @ http://localhost:3001/_nuxt/@fs/Users/andrejkoval/Dev/vivadzen/src/front/node_modules/@nuxt/content/dist/runtime/composables/web-socket.js?v=10181baa:4
[   99821ms] [LOG] [Content] WS connected! @ http://localhost:3001/_nuxt/@fs/Users/andrejkoval/Dev/vivadzen/src/front/node_modules/@nuxt/content/dist/runtime/composables/web-socket.js?v=10181baa:4
[   99957ms] [WARNING] [intlify] Not found 'title.catalog' key in 'ru' locale messages. @ http://localhost:3001/_nuxt/node_modules/.cache/vite/client/deps/chunk-LY4OWT6B.js?v=10181baa:3
[   99957ms] [WARNING] [intlify] Fall back to translate 'title.catalog' key with 'cs' locale. @ http://localhost:3001/_nuxt/node_modules/.cache/vite/client/deps/chunk-LY4OWT6B.js?v=10181baa:3
[   99957ms] [WARNING] [intlify] Not found 'title.catalog' key in 'cs' locale messages. @ http://localhost:3001/_nuxt/node_modules/.cache/vite/client/deps/chunk-LY4OWT6B.js?v=10181baa:3
[   99957ms] [WARNING] [intlify] Fall back to translate 'title.catalog' with root locale. @ http://localhost:3001/_nuxt/node_modules/.cache/vite/client/deps/chunk-LY4OWT6B.js?v=10181baa:3
[   99957ms] [WARNING] [intlify] Not found 'title.delivery' key in 'ru' locale messages. @ http://localhost:3001/_nuxt/node_modules/.cache/vite/client/deps/chunk-LY4OWT6B.js?v=10181baa:3
[   99958ms] [WARNING] [intlify] Fall back to translate 'title.delivery' key with 'cs' locale. @ http://localhost:3001/_nuxt/node_modules/.cache/vite/client/deps/chunk-LY4OWT6B.js?v=10181baa:3
[   99958ms] [WARNING] [intlify] Not found 'title.delivery' key in 'cs' locale messages. @ http://localhost:3001/_nuxt/node_modules/.cache/vite/client/deps/chunk-LY4OWT6B.js?v=10181baa:3
[   99958ms] [WARNING] [intlify] Fall back to translate 'title.delivery' with root locale. @ http://localhost:3001/_nuxt/node_modules/.cache/vite/client/deps/chunk-LY4OWT6B.js?v=10181baa:3
[   99958ms] [WARNING] [intlify] Not found 'title.payment' key in 'ru' locale messages. @ http://localhost:3001/_nuxt/node_modules/.cache/vite/client/deps/chunk-LY4OWT6B.js?v=10181baa:3
[   99958ms] [WARNING] [intlify] Fall back to translate 'title.payment' key with 'cs' locale. @ http://localhost:3001/_nuxt/node_modules/.cache/vite/client/deps/chunk-LY4OWT6B.js?v=10181baa:3
[   99958ms] [WARNING] [intlify] Not found 'title.payment' key in 'cs' locale messages. @ http://localhost:3001/_nuxt/node_modules/.cache/vite/client/deps/chunk-LY4OWT6B.js?v=10181baa:3
[   99958ms] [WARNING] [intlify] Fall back to translate 'title.payment' with root locale. @ http://localhost:3001/_nuxt/node_modules/.cache/vite/client/deps/chunk-LY4OWT6B.js?v=10181baa:3
[   99958ms] [WARNING] [intlify] Not found 'title.age_verification' key in 'ru' locale messages. @ http://localhost:3001/_nuxt/node_modules/.cache/vite/client/deps/chunk-LY4OWT6B.js?v=10181baa:3
[   99958ms] [WARNING] [intlify] Fall back to translate 'title.age_verification' key with 'cs' locale. @ http://localhost:3001/_nuxt/node_modules/.cache/vite/client/deps/chunk-LY4OWT6B.js?v=10181baa:3
[   99958ms] [WARNING] [intlify] Not found 'title.age_verification' key in 'cs' locale messages. @ http://localhost:3001/_nuxt/node_modules/.cache/vite/client/deps/chunk-LY4OWT6B.js?v=10181baa:3
[   99958ms] [WARNING] [intlify] Fall back to translate 'title.age_verification' with root locale. @ http://localhost:3001/_nuxt/node_modules/.cache/vite/client/deps/chunk-LY4OWT6B.js?v=10181baa:3
[   99958ms] [WARNING] [intlify] Not found 'title.reviews' key in 'ru' locale messages. @ http://localhost:3001/_nuxt/node_modules/.cache/vite/client/deps/chunk-LY4OWT6B.js?v=10181baa:3
[   99958ms] [WARNING] [intlify] Fall back to translate 'title.reviews' key with 'cs' locale. @ http://localhost:3001/_nuxt/node_modules/.cache/vite/client/deps/chunk-LY4OWT6B.js?v=10181baa:3
[   99958ms] [WARNING] [intlify] Not found 'title.reviews' key in 'cs' locale messages. @ http://localhost:3001/_nuxt/node_modules/.cache/vite/client/deps/chunk-LY4OWT6B.js?v=10181baa:3
[   99959ms] [WARNING] [intlify] Fall back to translate 'title.reviews' with root locale. @ http://localhost:3001/_nuxt/node_modules/.cache/vite/client/deps/chunk-LY4OWT6B.js?v=10181baa:3
[   99959ms] [WARNING] [intlify] Not found 'title.about' key in 'ru' locale messages. @ http://localhost:3001/_nuxt/node_modules/.cache/vite/client/deps/chunk-LY4OWT6B.js?v=10181baa:3
[   99959ms] [WARNING] [intlify] Fall back to translate 'title.about' key with 'cs' locale. @ http://localhost:3001/_nuxt/node_modules/.cache/vite/client/deps/chunk-LY4OWT6B.js?v=10181baa:3
[   99959ms] [WARNING] [intlify] Not found 'title.about' key in 'cs' locale messages. @ http://localhost:3001/_nuxt/node_modules/.cache/vite/client/deps/chunk-LY4OWT6B.js?v=10181baa:3
[   99959ms] [WARNING] [intlify] Fall back to translate 'title.about' with root locale. @ http://localhost:3001/_nuxt/node_modules/.cache/vite/client/deps/chunk-LY4OWT6B.js?v=10181baa:3
[   99959ms] [WARNING] [intlify] Not found 'title.contacts' key in 'ru' locale messages. @ http://localhost:3001/_nuxt/node_modules/.cache/vite/client/deps/chunk-LY4OWT6B.js?v=10181baa:3
[   99959ms] [WARNING] [intlify] Fall back to translate 'title.contacts' key with 'cs' locale. @ http://localhost:3001/_nuxt/node_modules/.cache/vite/client/deps/chunk-LY4OWT6B.js?v=10181baa:3
[   99959ms] [WARNING] [intlify] Not found 'title.contacts' key in 'cs' locale messages. @ http://localhost:3001/_nuxt/node_modules/.cache/vite/client/deps/chunk-LY4OWT6B.js?v=10181baa:3
[   99959ms] [WARNING] [intlify] Fall back to translate 'title.contacts' with root locale. @ http://localhost:3001/_nuxt/node_modules/.cache/vite/client/deps/chunk-LY4OWT6B.js?v=10181baa:3
[   99961ms] [WARNING] [intlify] Not found 'button.login' key in 'ru' locale messages. @ http://localhost:3001/_nuxt/node_modules/.cache/vite/client/deps/chunk-LY4OWT6B.js?v=10181baa:3
[   99961ms] [WARNING] [intlify] Fall back to translate 'button.login' key with 'cs' locale. @ http://localhost:3001/_nuxt/node_modules/.cache/vite/client/deps/chunk-LY4OWT6B.js?v=10181baa:3
[   99961ms] [WARNING] [intlify] Not found 'button.login' key in 'cs' locale messages. @ http://localhost:3001/_nuxt/node_modules/.cache/vite/client/deps/chunk-LY4OWT6B.js?v=10181baa:3
[   99961ms] [WARNING] [intlify] Fall back to translate 'button.login' with root locale. @ http://localhost:3001/_nuxt/node_modules/.cache/vite/client/deps/chunk-LY4OWT6B.js?v=10181baa:3
[   99961ms] [WARNING] [intlify] Not found 'button.login' key in 'ru' locale messages. @ http://localhost:3001/_nuxt/node_modules/.cache/vite/client/deps/chunk-LY4OWT6B.js?v=10181baa:3
[   99961ms] [WARNING] [intlify] Fall back to translate 'button.login' key with 'cs' locale. @ http://localhost:3001/_nuxt/node_modules/.cache/vite/client/deps/chunk-LY4OWT6B.js?v=10181baa:3
[   99961ms] [WARNING] [intlify] Not found 'button.login' key in 'cs' locale messages. @ http://localhost:3001/_nuxt/node_modules/.cache/vite/client/deps/chunk-LY4OWT6B.js?v=10181baa:3
[   99961ms] [WARNING] [intlify] Not found 'title.cart' key in 'ru' locale messages. @ http://localhost:3001/_nuxt/node_modules/.cache/vite/client/deps/chunk-LY4OWT6B.js?v=10181baa:3
[   99961ms] [WARNING] [intlify] Fall back to translate 'title.cart' key with 'cs' locale. @ http://localhost:3001/_nuxt/node_modules/.cache/vite/client/deps/chunk-LY4OWT6B.js?v=10181baa:3
[   99961ms] [WARNING] [intlify] Not found 'title.cart' key in 'cs' locale messages. @ http://localhost:3001/_nuxt/node_modules/.cache/vite/client/deps/chunk-LY4OWT6B.js?v=10181baa:3
[   99961ms] [WARNING] [intlify] Fall back to translate 'title.cart' with root locale. @ http://localhost:3001/_nuxt/node_modules/.cache/vite/client/deps/chunk-LY4OWT6B.js?v=10181baa:3
[   99964ms] [WARNING] [intlify] Not found 'logo_alt' key in 'ru' locale messages. @ http://localhost:3001/_nuxt/node_modules/.cache/vite/client/deps/chunk-LY4OWT6B.js?v=10181baa:3
[   99964ms] [WARNING] [intlify] Fall back to translate 'logo_alt' key with 'cs' locale. @ http://localhost:3001/_nuxt/node_modules/.cache/vite/client/deps/chunk-LY4OWT6B.js?v=10181baa:3
[   99964ms] [WARNING] [intlify] Not found 'logo_alt' key in 'cs' locale messages. @ http://localhost:3001/_nuxt/node_modules/.cache/vite/client/deps/chunk-LY4OWT6B.js?v=10181baa:3
[   99964ms] [WARNING] [intlify] Fall back to translate 'logo_alt' with root locale. @ http://localhost:3001/_nuxt/node_modules/.cache/vite/client/deps/chunk-LY4OWT6B.js?v=10181baa:3
[   99964ms] [WARNING] [intlify] Not found 'logo_alt' key in 'ru' locale messages. @ http://localhost:3001/_nuxt/node_modules/.cache/vite/client/deps/chunk-LY4OWT6B.js?v=10181baa:3
[   99964ms] [WARNING] [intlify] Fall back to translate 'logo_alt' key with 'cs' locale. @ http://localhost:3001/_nuxt/node_modules/.cache/vite/client/deps/chunk-LY4OWT6B.js?v=10181baa:3
[   99964ms] [WARNING] [intlify] Not found 'logo_alt' key in 'cs' locale messages. @ http://localhost:3001/_nuxt/node_modules/.cache/vite/client/deps/chunk-LY4OWT6B.js?v=10181baa:3
[   99966ms] [WARNING] [Vue warn]: Hydration style mismatch on JSHandle@node 
  - rendered on server: style="width:1em;height:1em;--c613ce94-iconUrl:url('https://api.iconify.design/iconoir/nav-arrow-down.svg');"
  - expected on client: style="width:1em;height:1em;"
  Note: this mismatch is check-only. The DOM will not be rectified in production due to performance overhead.
  You should fix the source of the mismatch. 
  at <IconCSS key=0 name="iconoir:nav-arrow-down" class="hero-header__nav-link-icon" > 
  at <RouterLink ref=fn to="/ru/catalog" activeClass=undefined  ... > 
  at <NuxtLink to="/ru/catalog" class="hero-header__nav-link hero-header__nav-link--catalog" onClick=fn > 
  at <Header> 
  at <Body style= {background: #f8f1e6, --kratom-page-theme: light, --kratom-page-background: #f8f1e6, --kratom-page-text: #1f2b1d, --kratom-page-muted: rgba(31, 43, 29, 0.68)} data-page-theme="light" > 
  at <Html lang="ru-RU" dir="ltr" > 
  at <Default ref=Ref< undefined > > 
  at <AsyncComponentWrapper ref=Ref< undefined > > 
  at <LayoutLoader key="default" layoutProps= {ref: RefImpl} name="default" > 
  at <NuxtLayoutProvider layoutProps= {ref: RefImpl} key="default" name="default"  ... > 
  at <NuxtLayout> 
  at <App key=4 > 
  at <NuxtRoot> @ http://localhost:3001/_nuxt/@fs/Users/andrejkoval/Dev/vivadzen/src/front/node_modules/@vue/runtime-core/dist/runtime-core.esm-bundler.js?v=10181baa:49
[   99966ms] [ERROR] Hydration completed but contains mismatches. @ http://localhost:3001/_nuxt/@fs/Users/andrejkoval/Dev/vivadzen/src/front/node_modules/@vue/runtime-core/dist/runtime-core.esm-bundler.js?v=10181baa:1847
[   99967ms] [WARNING] [Vue warn]: Hydration style mismatch on JSHandle@node 
  - rendered on server: style="width:1em;height:1em;--c613ce94-iconUrl:url('https://api.iconify.design/ph/caret-right-bold.svg');"
  - expected on client: style="width:1em;height:1em;"
  Note: this mismatch is check-only. The DOM will not be rectified in production due to performance overhead.
  You should fix the source of the mismatch. 
  at <IconCSS name="ph:caret-right-bold" class="catalog-dropdown__icon" > 
  at <RouterLink ref=fn to="/ru/catalog" activeClass=undefined  ... > 
  at <NuxtLink key="all" to="/ru/catalog" class="catalog-dropdown__item"  ... > 
  at <CatalogDropdown key=0 enabled=false onNavigate=fn<closeCatalogDropdown> > 
  at <Header> 
  at <Body style= {background: #f8f1e6, --kratom-page-theme: light, --kratom-page-background: #f8f1e6, --kratom-page-text: #1f2b1d, --kratom-page-muted: rgba(31, 43, 29, 0.68)} data-page-theme="light" > 
  at <Html lang="ru-RU" dir="ltr" > 
  at <Default ref=Ref< undefined > > 
  at <AsyncComponentWrapper ref=Ref< undefined > > 
  at <LayoutLoader key="default" layoutProps= {ref: RefImpl} name="default" > 
  at <NuxtLayoutProvider layoutProps= {ref: RefImpl} key="default" name="default"  ... > 
  at <NuxtLayout> 
  at <App key=4 > 
  at <NuxtRoot> @ http://localhost:3001/_nuxt/@fs/Users/andrejkoval/Dev/vivadzen/src/front/node_modules/@vue/runtime-core/dist/runtime-core.esm-bundler.js?v=10181baa:49
[   99969ms] [WARNING] [Vue warn]: Hydration style mismatch on JSHandle@node 
  - rendered on server: style="width:1em;height:1em;--c613ce94-iconUrl:url('https://api.iconify.design/fluent/flash-24-regular.svg');"
  - expected on client: style="width:1em;height:1em;"
  Note: this mismatch is check-only. The DOM will not be rectified in production due to performance overhead.
  You should fix the source of the mismatch. 
  at <IconCSS name="fluent:flash-24-regular" class="hero-header__promo-cta-icon" > 
  at <Header> 
  at <Body style= {background: #f8f1e6, --kratom-page-theme: light, --kratom-page-background: #f8f1e6, --kratom-page-text: #1f2b1d, --kratom-page-muted: rgba(31, 43, 29, 0.68)} data-page-theme="light" > 
  at <Html lang="ru-RU" dir="ltr" > 
  at <Default ref=Ref< undefined > > 
  at <AsyncComponentWrapper ref=Ref< undefined > > 
  at <LayoutLoader key="default" layoutProps= {ref: RefImpl} name="default" > 
  at <NuxtLayoutProvider layoutProps= {ref: RefImpl} key="default" name="default"  ... > 
  at <NuxtLayout> 
  at <App key=4 > 
  at <NuxtRoot> @ http://localhost:3001/_nuxt/@fs/Users/andrejkoval/Dev/vivadzen/src/front/node_modules/@vue/runtime-core/dist/runtime-core.esm-bundler.js?v=10181baa:49
[   99969ms] [WARNING] [Vue warn]: Hydration style mismatch on JSHandle@node 
  - rendered on server: style="width:1em;height:1em;--c613ce94-iconUrl:url('https://api.iconify.design/iconoir/nav-arrow-down.svg');"
  - expected on client: style="width:1em;height:1em;"
  Note: this mismatch is check-only. The DOM will not be rectified in production due to performance overhead.
  You should fix the source of the mismatch. 
  at <IconCSS name="iconoir:nav-arrow-down" class="lang-switcher__chevron" > 
  at <Header> 
  at <Body style= {background: #f8f1e6, --kratom-page-theme: light, --kratom-page-background: #f8f1e6, --kratom-page-text: #1f2b1d, --kratom-page-muted: rgba(31, 43, 29, 0.68)} data-page-theme="light" > 
  at <Html lang="ru-RU" dir="ltr" > 
  at <Default ref=Ref< undefined > > 
  at <AsyncComponentWrapper ref=Ref< undefined > > 
  at <LayoutLoader key="default" layoutProps= {ref: RefImpl} name="default" > 
  at <NuxtLayoutProvider layoutProps= {ref: RefImpl} key="default" name="default"  ... > 
  at <NuxtLayout> 
  at <App key=4 > 
  at <NuxtRoot> @ http://localhost:3001/_nuxt/@fs/Users/andrejkoval/Dev/vivadzen/src/front/node_modules/@vue/runtime-core/dist/runtime-core.esm-bundler.js?v=10181baa:49
[   99969ms] [WARNING] [Vue warn]: Hydration style mismatch on JSHandle@node 
  - rendered on server: style="width:1em;height:1em;--c613ce94-iconUrl:url('https://api.iconify.design/ph/user-circle-fill.svg');"
  - expected on client: style="width:1em;height:1em;"
  Note: this mismatch is check-only. The DOM will not be rectified in production due to performance overhead.
  You should fix the source of the mismatch. 
  at <IconCSS key=1 name="ph:user-circle-fill" class="hero-header__account-icon" > 
  at <RouterLink ref=fn to="/ru/auth/login" activeClass=undefined  ... > 
  at <NuxtLink to="/ru/auth/login" class="hero-header__account" aria-label="button.login"  ... > 
  at <Header> 
  at <Body style= {background: #f8f1e6, --kratom-page-theme: light, --kratom-page-background: #f8f1e6, --kratom-page-text: #1f2b1d, --kratom-page-muted: rgba(31, 43, 29, 0.68)} data-page-theme="light" > 
  at <Html lang="ru-RU" dir="ltr" > 
  at <Default ref=Ref< undefined > > 
  at <AsyncComponentWrapper ref=Ref< undefined > > 
  at <LayoutLoader key="default" layoutProps= {ref: RefImpl} name="default" > 
  at <NuxtLayoutProvider layoutProps= {ref: RefImpl} key="default" name="default"  ... > 
  at <NuxtLayout> 
  at <App key=4 > 
  at <NuxtRoot> @ http://localhost:3001/_nuxt/@fs/Users/andrejkoval/Dev/vivadzen/src/front/node_modules/@vue/runtime-core/dist/runtime-core.esm-bundler.js?v=10181baa:49
[   99970ms] [WARNING] [Vue warn]: Hydration style mismatch on JSHandle@node 
  - rendered on server: style="width:1em;height:1em;--c613ce94-iconUrl:url('https://api.iconify.design/ci/shopping-cart-01.svg');"
  - expected on client: style="width:1em;height:1em;"
  Note: this mismatch is check-only. The DOM will not be rectified in production due to performance overhead.
  You should fix the source of the mismatch. 
  at <IconCSS name="ci:shopping-cart-01" class="hero-header__cart-icon" > 
  at <Header> 
  at <Body style= {background: #f8f1e6, --kratom-page-theme: light, --kratom-page-background: #f8f1e6, --kratom-page-text: #1f2b1d, --kratom-page-muted: rgba(31, 43, 29, 0.68)} data-page-theme="light" > 
  at <Html lang="ru-RU" dir="ltr" > 
  at <Default ref=Ref< undefined > > 
  at <AsyncComponentWrapper ref=Ref< undefined > > 
  at <LayoutLoader key="default" layoutProps= {ref: RefImpl} name="default" > 
  at <NuxtLayoutProvider layoutProps= {ref: RefImpl} key="default" name="default"  ... > 
  at <NuxtLayout> 
  at <App key=4 > 
  at <NuxtRoot> @ http://localhost:3001/_nuxt/@fs/Users/andrejkoval/Dev/vivadzen/src/front/node_modules/@vue/runtime-core/dist/runtime-core.esm-bundler.js?v=10181baa:49
[   99971ms] [WARNING] [Vue warn]: Hydration style mismatch on JSHandle@node 
  - rendered on server: style="width:1em;height:1em;--c613ce94-iconUrl:url('https://api.iconify.design/mynaui/telephone-call.svg');"
  - expected on client: style="width:1em;height:1em;"
  Note: this mismatch is check-only. The DOM will not be rectified in production due to performance overhead.
  You should fix the source of the mismatch. 
  at <IconCSS name="mynaui:telephone-call" class="hero-mobile-menu__contact-icon" > 
  at <Header> 
  at <Body style= {background: #f8f1e6, --kratom-page-theme: light, --kratom-page-background: #f8f1e6, --kratom-page-text: #1f2b1d, --kratom-page-muted: rgba(31, 43, 29, 0.68)} data-page-theme="light" > 
  at <Html lang="ru-RU" dir="ltr" > 
  at <Default ref=Ref< undefined > > 
  at <AsyncComponentWrapper ref=Ref< undefined > > 
  at <LayoutLoader key="default" layoutProps= {ref: RefImpl} name="default" > 
  at <NuxtLayoutProvider layoutProps= {ref: RefImpl} key="default" name="default"  ... > 
  at <NuxtLayout> 
  at <App key=4 > 
  at <NuxtRoot> @ http://localhost:3001/_nuxt/@fs/Users/andrejkoval/Dev/vivadzen/src/front/node_modules/@vue/runtime-core/dist/runtime-core.esm-bundler.js?v=10181baa:49
[   99971ms] [WARNING] [Vue warn]: Hydration style mismatch on JSHandle@node 
  - rendered on server: style="width:1em;height:1em;--c613ce94-iconUrl:url('https://api.iconify.design/ic/round-alternate-email.svg');"
  - expected on client: style="width:1em;height:1em;"
  Note: this mismatch is check-only. The DOM will not be rectified in production due to performance overhead.
  You should fix the source of the mismatch. 
  at <IconCSS name="ic:round-alternate-email" class="hero-mobile-menu__contact-icon" > 
  at <Header> 
  at <Body style= {background: #f8f1e6, --kratom-page-theme: light, --kratom-page-background: #f8f1e6, --kratom-page-text: #1f2b1d, --kratom-page-muted: rgba(31, 43, 29, 0.68)} data-page-theme="light" > 
  at <Html lang="ru-RU" dir="ltr" > 
  at <Default ref=Ref< undefined > > 
  at <AsyncComponentWrapper ref=Ref< undefined > > 
  at <LayoutLoader key="default" layoutProps= {ref: RefImpl} name="default" > 
  at <NuxtLayoutProvider layoutProps= {ref: RefImpl} key="default" name="default"  ... > 
  at <NuxtLayout> 
  at <App key=4 > 
  at <NuxtRoot> @ http://localhost:3001/_nuxt/@fs/Users/andrejkoval/Dev/vivadzen/src/front/node_modules/@vue/runtime-core/dist/runtime-core.esm-bundler.js?v=10181baa:49
[   99971ms] [WARNING] [Vue warn]: Hydration style mismatch on JSHandle@node 
  - rendered on server: style="width:1em;height:1em;--c613ce94-iconUrl:url('https://api.iconify.design/mynaui/location.svg');"
  - expected on client: style="width:1em;height:1em;"
  Note: this mismatch is check-only. The DOM will not be rectified in production due to performance overhead.
  You should fix the source of the mismatch. 
  at <IconCSS name="mynaui:location" class="hero-mobile-menu__contact-icon" > 
  at <Header> 
  at <Body style= {background: #f8f1e6, --kratom-page-theme: light, --kratom-page-background: #f8f1e6, --kratom-page-text: #1f2b1d, --kratom-page-muted: rgba(31, 43, 29, 0.68)} data-page-theme="light" > 
  at <Html lang="ru-RU" dir="ltr" > 
  at <Default ref=Ref< undefined > > 
  at <AsyncComponentWrapper ref=Ref< undefined > > 
  at <LayoutLoader key="default" layoutProps= {ref: RefImpl} name="default" > 
  at <NuxtLayoutProvider layoutProps= {ref: RefImpl} key="default" name="default"  ... > 
  at <NuxtLayout> 
  at <App key=4 > 
  at <NuxtRoot> @ http://localhost:3001/_nuxt/@fs/Users/andrejkoval/Dev/vivadzen/src/front/node_modules/@vue/runtime-core/dist/runtime-core.esm-bundler.js?v=10181baa:49
[   99971ms] [WARNING] [Vue warn]: Hydration style mismatch on JSHandle@node 
  - rendered on server: style="width:1em;height:1em;--c613ce94-iconUrl:url('https://api.iconify.design/mynaui/clock-4.svg');"
  - expected on client: style="width:1em;height:1em;"
  Note: this mismatch is check-only. The DOM will not be rectified in production due to performance overhead.
  You should fix the source of the mismatch. 
  at <IconCSS name="mynaui:clock-4" class="hero-mobile-menu__contact-icon" > 
  at <Header> 
  at <Body style= {background: #f8f1e6, --kratom-page-theme: light, --kratom-page-background: #f8f1e6, --kratom-page-text: #1f2b1d, --kratom-page-muted: rgba(31, 43, 29, 0.68)} data-page-theme="light" > 
  at <Html lang="ru-RU" dir="ltr" > 
  at <Default ref=Ref< undefined > > 
  at <AsyncComponentWrapper ref=Ref< undefined > > 
  at <LayoutLoader key="default" layoutProps= {ref: RefImpl} name="default" > 
  at <NuxtLayoutProvider layoutProps= {ref: RefImpl} key="default" name="default"  ... > 
  at <NuxtLayout> 
  at <App key=4 > 
  at <NuxtRoot> @ http://localhost:3001/_nuxt/@fs/Users/andrejkoval/Dev/vivadzen/src/front/node_modules/@vue/runtime-core/dist/runtime-core.esm-bundler.js?v=10181baa:49
[   99971ms] [WARNING] [Vue warn]: Hydration style mismatch on JSHandle@node 
  - rendered on server: style="width:1em;height:1em;--c613ce94-iconUrl:url('https://api.iconify.design/fluent/flash-24-regular.svg');"
  - expected on client: style="width:1em;height:1em;"
  Note: this mismatch is check-only. The DOM will not be rectified in production due to performance overhead.
  You should fix the source of the mismatch. 
  at <IconCSS name="fluent:flash-24-regular" class="icon" > 
  at <Header> 
  at <Body style= {background: #f8f1e6, --kratom-page-theme: light, --kratom-page-background: #f8f1e6, --kratom-page-text: #1f2b1d, --kratom-page-muted: rgba(31, 43, 29, 0.68)} data-page-theme="light" > 
  at <Html lang="ru-RU" dir="ltr" > 
  at <Default ref=Ref< undefined > > 
  at <AsyncComponentWrapper ref=Ref< undefined > > 
  at <LayoutLoader key="default" layoutProps= {ref: RefImpl} name="default" > 
  at <NuxtLayoutProvider layoutProps= {ref: RefImpl} key="default" name="default"  ... > 
  at <NuxtLayout> 
  at <App key=4 > 
  at <NuxtRoot> @ http://localhost:3001/_nuxt/@fs/Users/andrejkoval/Dev/vivadzen/src/front/node_modules/@vue/runtime-core/dist/runtime-core.esm-bundler.js?v=10181baa:49
[   99976ms] [WARNING] [Vue warn]: Hydration style mismatch on JSHandle@node 
  - rendered on server: style="width:1em;height:1em;--c613ce94-iconUrl:url('https://api.iconify.design/ph/arrow-up-bold.svg');"
  - expected on client: style="width:1em;height:1em;"
  Note: this mismatch is check-only. The DOM will not be rectified in production due to performance overhead.
  You should fix the source of the mismatch. 
  at <IconCSS name="ph:arrow-up-bold" class="scroll-top-button__icon" > 
  at <ScrollToTopButton> 
  at <FloatingButtons> 
  at <Body style= {background: #f8f1e6, --kratom-page-theme: light, --kratom-page-background: #f8f1e6, --kratom-page-text: #1f2b1d, --kratom-page-muted: rgba(31, 43, 29, 0.68)} data-page-theme="light" > 
  at <Html lang="ru-RU" dir="ltr" > 
  at <Default ref=Ref< undefined > > 
  at <AsyncComponentWrapper ref=Ref< undefined > > 
  at <LayoutLoader key="default" layoutProps= {ref: RefImpl} name="default" > 
  at <NuxtLayoutProvider layoutProps= {ref: RefImpl} key="default" name="default"  ... > 
  at <NuxtLayout> 
  at <App key=4 > 
  at <NuxtRoot> @ http://localhost:3001/_nuxt/@fs/Users/andrejkoval/Dev/vivadzen/src/front/node_modules/@vue/runtime-core/dist/runtime-core.esm-bundler.js?v=10181baa:49
[   99976ms] [WARNING] [Vue warn]: Hydration style mismatch on JSHandle@node 
  - rendered on server: style="width:1em;height:1em;--c613ce94-iconUrl:url('https://api.iconify.design/ph/chat-circle-dots-fill.svg');"
  - expected on client: style="width:1em;height:1em;"
  Note: this mismatch is check-only. The DOM will not be rectified in production due to performance overhead.
  You should fix the source of the mismatch. 
  at <IconCSS name="ph:chat-circle-dots-fill" class="chat-support-button__icon" > 
  at <ChatSupportButton> 
  at <FloatingButtons> 
  at <Body style= {background: #f8f1e6, --kratom-page-theme: light, --kratom-page-background: #f8f1e6, --kratom-page-text: #1f2b1d, --kratom-page-muted: rgba(31, 43, 29, 0.68)} data-page-theme="light" > 
  at <Html lang="ru-RU" dir="ltr" > 
  at <Default ref=Ref< undefined > > 
  at <AsyncComponentWrapper ref=Ref< undefined > > 
  at <LayoutLoader key="default" layoutProps= {ref: RefImpl} name="default" > 
  at <NuxtLayoutProvider layoutProps= {ref: RefImpl} key="default" name="default"  ... > 
  at <NuxtLayout> 
  at <App key=4 > 
  at <NuxtRoot> @ http://localhost:3001/_nuxt/@fs/Users/andrejkoval/Dev/vivadzen/src/front/node_modules/@vue/runtime-core/dist/runtime-core.esm-bundler.js?v=10181baa:49
[   99980ms] [WARNING] [Vue warn]: Hydration style mismatch on JSHandle@node 
  - rendered on server: style="width:1em;height:1em;--c613ce94-iconUrl:url('https://api.iconify.design/ph/telegram-logo.svg');"
  - expected on client: style="width:1em;height:1em;"
  Note: this mismatch is check-only. The DOM will not be rectified in production due to performance overhead.
  You should fix the source of the mismatch. 
  at <IconCSS name="ph:telegram-logo" > 
  at <SiteFooter> 
  at <Body style= {background: #f8f1e6, --kratom-page-theme: light, --kratom-page-background: #f8f1e6, --kratom-page-text: #1f2b1d, --kratom-page-muted: rgba(31, 43, 29, 0.68)} data-page-theme="light" > 
  at <Html lang="ru-RU" dir="ltr" > 
  at <Default ref=Ref< undefined > > 
  at <AsyncComponentWrapper ref=Ref< undefined > > 
  at <LayoutLoader key="default" layoutProps= {ref: RefImpl} name="default" > 
  at <NuxtLayoutProvider layoutProps= {ref: RefImpl} key="default" name="default"  ... > 
  at <NuxtLayout> 
  at <App key=4 > 
  at <NuxtRoot> @ http://localhost:3001/_nuxt/@fs/Users/andrejkoval/Dev/vivadzen/src/front/node_modules/@vue/runtime-core/dist/runtime-core.esm-bundler.js?v=10181baa:49
[   99981ms] [WARNING] [Vue warn]: Hydration style mismatch on JSHandle@node 
  - rendered on server: style="width:1em;height:1em;--c613ce94-iconUrl:url('https://api.iconify.design/ph/whatsapp-logo.svg');"
  - expected on client: style="width:1em;height:1em;"
  Note: this mismatch is check-only. The DOM will not be rectified in production due to performance overhead.
  You should fix the source of the mismatch. 
  at <IconCSS name="ph:whatsapp-logo" > 
  at <SiteFooter> 
  at <Body style= {background: #f8f1e6, --kratom-page-theme: light, --kratom-page-background: #f8f1e6, --kratom-page-text: #1f2b1d, --kratom-page-muted: rgba(31, 43, 29, 0.68)} data-page-theme="light" > 
  at <Html lang="ru-RU" dir="ltr" > 
  at <Default ref=Ref< undefined > > 
  at <AsyncComponentWrapper ref=Ref< undefined > > 
  at <LayoutLoader key="default" layoutProps= {ref: RefImpl} name="default" > 
  at <NuxtLayoutProvider layoutProps= {ref: RefImpl} key="default" name="default"  ... > 
  at <NuxtLayout> 
  at <App key=4 > 
  at <NuxtRoot> @ http://localhost:3001/_nuxt/@fs/Users/andrejkoval/Dev/vivadzen/src/front/node_modules/@vue/runtime-core/dist/runtime-core.esm-bundler.js?v=10181baa:49
[   99981ms] [WARNING] [Vue warn]: Hydration style mismatch on JSHandle@node 
  - rendered on server: style="width:1em;height:1em;--c613ce94-iconUrl:url('https://api.iconify.design/iconoir/instagram.svg');"
  - expected on client: style="width:1em;height:1em;"
  Note: this mismatch is check-only. The DOM will not be rectified in production due to performance overhead.
  You should fix the source of the mismatch. 
  at <IconCSS name="iconoir:instagram" > 
  at <SiteFooter> 
  at <Body style= {background: #f8f1e6, --kratom-page-theme: light, --kratom-page-background: #f8f1e6, --kratom-page-text: #1f2b1d, --kratom-page-muted: rgba(31, 43, 29, 0.68)} data-page-theme="light" > 
  at <Html lang="ru-RU" dir="ltr" > 
  at <Default ref=Ref< undefined > > 
  at <AsyncComponentWrapper ref=Ref< undefined > > 
  at <LayoutLoader key="default" layoutProps= {ref: RefImpl} name="default" > 
  at <NuxtLayoutProvider layoutProps= {ref: RefImpl} key="default" name="default"  ... > 
  at <NuxtLayout> 
  at <App key=4 > 
  at <NuxtRoot> @ http://localhost:3001/_nuxt/@fs/Users/andrejkoval/Dev/vivadzen/src/front/node_modules/@vue/runtime-core/dist/runtime-core.esm-bundler.js?v=10181baa:49
[   99981ms] [WARNING] [Vue warn]: Hydration style mismatch on JSHandle@node 
  - rendered on server: style="width:1em;height:1em;--c613ce94-iconUrl:url('https://api.iconify.design/iconoir/facebook.svg');"
  - expected on client: style="width:1em;height:1em;"
  Note: this mismatch is check-only. The DOM will not be rectified in production due to performance overhead.
  You should fix the source of the mismatch. 
  at <IconCSS name="iconoir:facebook" > 
  at <SiteFooter> 
  at <Body style= {background: #f8f1e6, --kratom-page-theme: light, --kratom-page-background: #f8f1e6, --kratom-page-text: #1f2b1d, --kratom-page-muted: rgba(31, 43, 29, 0.68)} data-page-theme="light" > 
  at <Html lang="ru-RU" dir="ltr" > 
  at <Default ref=Ref< undefined > > 
  at <AsyncComponentWrapper ref=Ref< undefined > > 
  at <LayoutLoader key="default" layoutProps= {ref: RefImpl} name="default" > 
  at <NuxtLayoutProvider layoutProps= {ref: RefImpl} key="default" name="default"  ... > 
  at <NuxtLayout> 
  at <App key=4 > 
  at <NuxtRoot> @ http://localhost:3001/_nuxt/@fs/Users/andrejkoval/Dev/vivadzen/src/front/node_modules/@vue/runtime-core/dist/runtime-core.esm-bundler.js?v=10181baa:49
[   99981ms] [WARNING] [Vue warn]: Hydration style mismatch on JSHandle@node 
  - rendered on server: style="width:1em;height:1em;--c613ce94-iconUrl:url('https://api.iconify.design/iconoir/youtube.svg');"
  - expected on client: style="width:1em;height:1em;"
  Note: this mismatch is check-only. The DOM will not be rectified in production due to performance overhead.
  You should fix the source of the mismatch. 
  at <IconCSS name="iconoir:youtube" > 
  at <SiteFooter> 
  at <Body style= {background: #f8f1e6, --kratom-page-theme: light, --kratom-page-background: #f8f1e6, --kratom-page-text: #1f2b1d, --kratom-page-muted: rgba(31, 43, 29, 0.68)} data-page-theme="light" > 
  at <Html lang="ru-RU" dir="ltr" > 
  at <Default ref=Ref< undefined > > 
  at <AsyncComponentWrapper ref=Ref< undefined > > 
  at <LayoutLoader key="default" layoutProps= {ref: RefImpl} name="default" > 
  at <NuxtLayoutProvider layoutProps= {ref: RefImpl} key="default" name="default"  ... > 
  at <NuxtLayout> 
  at <App key=4 > 
  at <NuxtRoot> @ http://localhost:3001/_nuxt/@fs/Users/andrejkoval/Dev/vivadzen/src/front/node_modules/@vue/runtime-core/dist/runtime-core.esm-bundler.js?v=10181baa:49
[  100033ms] [WARNING] [intlify] Not found 'delivery.default_address' key in 'ru' locale messages. @ http://localhost:3001/_nuxt/node_modules/.cache/vite/client/deps/chunk-LY4OWT6B.js?v=10181baa:3
[  100033ms] [WARNING] [intlify] Fall back to translate 'delivery.default_address' key with 'cs' locale. @ http://localhost:3001/_nuxt/node_modules/.cache/vite/client/deps/chunk-LY4OWT6B.js?v=10181baa:3
[  100033ms] [WARNING] [intlify] Not found 'delivery.default_address' key in 'cs' locale messages. @ http://localhost:3001/_nuxt/node_modules/.cache/vite/client/deps/chunk-LY4OWT6B.js?v=10181baa:3
[  100034ms] [WARNING] [Vue warn]: Hydration node mismatch:
- rendered on server: JSHandle@node  
- expected on client: Symbol(v-cmt) 
  at <MethodsDetails section="delivery" > 
  at <Index onVnodeUnmounted=fn<onVnodeUnmounted> ref=Ref< undefined > > 
  at <RouteProvider key="/ru/delivery" vnode= {__v_isVNode: true, __v_skip: true, type: Object, props: Object, key: null} route= {fullPath: /ru/delivery, hash: , query: Object, name: delivery___ru, path: /ru/delivery}  ... > 
  at <RouterView name=undefined route=undefined > 
  at <NuxtPage> 
  at <Body style= {background: #f8f1e6, --kratom-page-theme: light, --kratom-page-background: #f8f1e6, --kratom-page-text: #1f2b1d, --kratom-page-muted: rgba(31, 43, 29, 0.68)} data-page-theme="light" > 
  at <Html lang="ru-RU" dir="ltr" > 
  at <Default ref=Ref< undefined > > 
  at <AsyncComponentWrapper ref=Ref< undefined > > 
  at <LayoutLoader key="default" layoutProps= {ref: RefImpl} name="default" > 
  at <NuxtLayoutProvider layoutProps= {ref: RefImpl} key="default" name="default"  ... > 
  at <NuxtLayout> 
  at <App key=4 > 
  at <NuxtRoot> @ http://localhost:3001/_nuxt/@fs/Users/andrejkoval/Dev/vivadzen/src/front/node_modules/@vue/runtime-core/dist/runtime-core.esm-bundler.js?v=10181baa:49
[  100034ms] [WARNING] [Vue warn]: Hydration children mismatch on JSHandle@node 
Server rendered element contains more child nodes than client vdom. 
  at <MethodsDetails section="delivery" > 
  at <Index onVnodeUnmounted=fn<onVnodeUnmounted> ref=Ref< undefined > > 
  at <RouteProvider key="/ru/delivery" vnode= {__v_isVNode: true, __v_skip: true, type: Object, props: Object, key: null} route= {fullPath: /ru/delivery, hash: , query: Object, name: delivery___ru, path: /ru/delivery}  ... > 
  at <RouterView name=undefined route=undefined > 
  at <NuxtPage> 
  at <Body style= {background: #f8f1e6, --kratom-page-theme: light, --kratom-page-background: #f8f1e6, --kratom-page-text: #1f2b1d, --kratom-page-muted: rgba(31, 43, 29, 0.68)} data-page-theme="light" > 
  at <Html lang="ru-RU" dir="ltr" > 
  at <Default ref=Ref< undefined > > 
  at <AsyncComponentWrapper ref=Ref< undefined > > 
  at <LayoutLoader key="default" layoutProps= {ref: RefImpl} name="default" > 
  at <NuxtLayoutProvider layoutProps= {ref: RefImpl} key="default" name="default"  ... > 
  at <NuxtLayout> 
  at <App key=4 > 
  at <NuxtRoot> @ http://localhost:3001/_nuxt/@fs/Users/andrejkoval/Dev/vivadzen/src/front/node_modules/@vue/runtime-core/dist/runtime-core.esm-bundler.js?v=10181baa:49
[  100034ms] [WARNING] [intlify] Not found parent scope. use the global scope. @ http://localhost:3001/_nuxt/node_modules/.cache/vite/client/deps/chunk-LY4OWT6B.js?v=10181baa:3
[  100036ms] [LOG] [nuxt-app] page:finish: 0.5029296875 ms [Object] @ http://localhost:3001/_nuxt/@fs/Users/andrejkoval/Dev/vivadzen/src/front/node_modules/hookable/dist/index.mjs?v=10181baa:271
[  100036ms] [LOG] [nuxt-app] page:loading:end: 0.430908203125 ms [] @ http://localhost:3001/_nuxt/@fs/Users/andrejkoval/Dev/vivadzen/src/front/node_modules/hookable/dist/index.mjs?v=10181baa:271
[  100060ms] [WARNING] [intlify] Not found 'title.cart' key in 'ru' locale messages. @ http://localhost:3001/_nuxt/node_modules/.cache/vite/client/deps/chunk-LY4OWT6B.js?v=10181baa:3
[  100060ms] [WARNING] [intlify] Fall back to translate 'title.cart' key with 'cs' locale. @ http://localhost:3001/_nuxt/node_modules/.cache/vite/client/deps/chunk-LY4OWT6B.js?v=10181baa:3
[  100060ms] [WARNING] [intlify] Not found 'title.cart' key in 'cs' locale messages. @ http://localhost:3001/_nuxt/node_modules/.cache/vite/client/deps/chunk-LY4OWT6B.js?v=10181baa:3
[  100060ms] [WARNING] [intlify] Fall back to translate 'title.cart' with root locale. @ http://localhost:3001/_nuxt/node_modules/.cache/vite/client/deps/chunk-LY4OWT6B.js?v=10181baa:3
[  100063ms] [WARNING] [intlify] Not found 'title.cart' key in 'ru' locale messages. @ http://localhost:3001/_nuxt/node_modules/.cache/vite/client/deps/chunk-LY4OWT6B.js?v=10181baa:3
[  100063ms] [WARNING] [intlify] Fall back to translate 'title.cart' key with 'cs' locale. @ http://localhost:3001/_nuxt/node_modules/.cache/vite/client/deps/chunk-LY4OWT6B.js?v=10181baa:3
[  100063ms] [WARNING] [intlify] Not found 'title.cart' key in 'cs' locale messages. @ http://localhost:3001/_nuxt/node_modules/.cache/vite/client/deps/chunk-LY4OWT6B.js?v=10181baa:3
[  100063ms] [WARNING] [intlify] Fall back to translate 'title.cart' with root locale. @ http://localhost:3001/_nuxt/node_modules/.cache/vite/client/deps/chunk-LY4OWT6B.js?v=10181baa:3
[  100071ms] [LOG] [nuxt-app] schema-org:meta: 0.06201171875 ms [Object] @ http://localhost:3001/_nuxt/@fs/Users/andrejkoval/Dev/vivadzen/src/front/node_modules/hookable/dist/index.mjs?v=10181baa:271
[  100072ms] [LOG] [nuxt-app] app:suspense:resolve: 9.73388671875 ms [] @ http://localhost:3001/_nuxt/@fs/Users/andrejkoval/Dev/vivadzen/src/front/node_modules/hookable/dist/index.mjs?v=10181baa:271
[  100109ms] [WARNING] [intlify] Not found 'logo_alt' key in 'ru' locale messages. @ http://localhost:3001/_nuxt/node_modules/.cache/vite/client/deps/chunk-LY4OWT6B.js?v=10181baa:3
[  100109ms] [WARNING] [intlify] Fall back to translate 'logo_alt' key with 'cs' locale. @ http://localhost:3001/_nuxt/node_modules/.cache/vite/client/deps/chunk-LY4OWT6B.js?v=10181baa:3
[  100109ms] [WARNING] [intlify] Not found 'logo_alt' key in 'cs' locale messages. @ http://localhost:3001/_nuxt/node_modules/.cache/vite/client/deps/chunk-LY4OWT6B.js?v=10181baa:3
[  100109ms] [WARNING] [intlify] Fall back to translate 'logo_alt' with root locale. @ http://localhost:3001/_nuxt/node_modules/.cache/vite/client/deps/chunk-LY4OWT6B.js?v=10181baa:3
[  100109ms] [WARNING] [intlify] Not found 'logo_alt' key in 'ru' locale messages. @ http://localhost:3001/_nuxt/node_modules/.cache/vite/client/deps/chunk-LY4OWT6B.js?v=10181baa:3
[  100109ms] [WARNING] [intlify] Fall back to translate 'logo_alt' key with 'cs' locale. @ http://localhost:3001/_nuxt/node_modules/.cache/vite/client/deps/chunk-LY4OWT6B.js?v=10181baa:3
[  100109ms] [WARNING] [intlify] Not found 'logo_alt' key in 'cs' locale messages. @ http://localhost:3001/_nuxt/node_modules/.cache/vite/client/deps/chunk-LY4OWT6B.js?v=10181baa:3
[  100110ms] [LOG] [nuxt-app] link:prefetch: 3.23095703125 ms [/ru] @ http://localhost:3001/_nuxt/@fs/Users/andrejkoval/Dev/vivadzen/src/front/node_modules/hookable/dist/index.mjs?v=10181baa:271
[  100110ms] [LOG] [nuxt-app] link:prefetch : 2.77001953125 ms [/ru/catalog] @ http://localhost:3001/_nuxt/@fs/Users/andrejkoval/Dev/vivadzen/src/front/node_modules/hookable/dist/index.mjs?v=10181baa:271
[  100110ms] [LOG] [nuxt-app] link:prefetch  : 2.599853515625 ms [/ru/catalog] @ http://localhost:3001/_nuxt/@fs/Users/andrejkoval/Dev/vivadzen/src/front/node_modules/hookable/dist/index.mjs?v=10181baa:271
[  100110ms] [LOG] [nuxt-app] link:prefetch   : 2.614990234375 ms [/ru/delivery] @ http://localhost:3001/_nuxt/@fs/Users/andrejkoval/Dev/vivadzen/src/front/node_modules/hookable/dist/index.mjs?v=10181baa:271
[  100110ms] [LOG] [nuxt-app] link:prefetch    : 2.6240234375 ms [/ru/payment] @ http://localhost:3001/_nuxt/@fs/Users/andrejkoval/Dev/vivadzen/src/front/node_modules/hookable/dist/index.mjs?v=10181baa:271
[  100110ms] [LOG] [nuxt-app] link:prefetch     : 2.423095703125 ms [/ru/age-verification] @ http://localhost:3001/_nuxt/@fs/Users/andrejkoval/Dev/vivadzen/src/front/node_modules/hookable/dist/index.mjs?v=10181baa:271
[  100110ms] [LOG] [nuxt-app] link:prefetch      : 2.115966796875 ms [/ru/reviews] @ http://localhost:3001/_nuxt/@fs/Users/andrejkoval/Dev/vivadzen/src/front/node_modules/hookable/dist/index.mjs?v=10181baa:271
[  100110ms] [LOG] [nuxt-app] link:prefetch       : 1.927978515625 ms [/ru/about] @ http://localhost:3001/_nuxt/@fs/Users/andrejkoval/Dev/vivadzen/src/front/node_modules/hookable/dist/index.mjs?v=10181baa:271
[  100110ms] [LOG] [nuxt-app] link:prefetch        : 1.953857421875 ms [/ru/contacts] @ http://localhost:3001/_nuxt/@fs/Users/andrejkoval/Dev/vivadzen/src/front/node_modules/hookable/dist/index.mjs?v=10181baa:271
[  100110ms] [LOG] [nuxt-app] link:prefetch         : 1.97705078125 ms [/ru/auth/login] @ http://localhost:3001/_nuxt/@fs/Users/andrejkoval/Dev/vivadzen/src/front/node_modules/hookable/dist/index.mjs?v=10181baa:271
[  102728ms] [LOG] [nuxt-delay-hydration] Hydration event timeout @ http://localhost:3001/ru/delivery:160
[ 1505982ms] [WARNING] [intlify] Not found 'kratom.footer.quality_marks.vscht.title' key in 'ru' locale messages. @ http://localhost:3001/_nuxt/node_modules/.cache/vite/client/deps/chunk-LY4OWT6B.js?v=10181baa:3
[ 1505982ms] [WARNING] [intlify] Fall back to translate 'kratom.footer.quality_marks.vscht.title' key with 'cs' locale. @ http://localhost:3001/_nuxt/node_modules/.cache/vite/client/deps/chunk-LY4OWT6B.js?v=10181baa:3
[ 1505982ms] [WARNING] [intlify] Not found 'kratom.footer.quality_marks.vscht.title' key in 'cs' locale messages. @ http://localhost:3001/_nuxt/node_modules/.cache/vite/client/deps/chunk-LY4OWT6B.js?v=10181baa:3
[ 1505982ms] [WARNING] [intlify] Not found 'kratom.footer.quality_marks.vscht.description' key in 'ru' locale messages. @ http://localhost:3001/_nuxt/node_modules/.cache/vite/client/deps/chunk-LY4OWT6B.js?v=10181baa:3
[ 1505983ms] [WARNING] [intlify] Fall back to translate 'kratom.footer.quality_marks.vscht.description' key with 'cs' locale. @ http://localhost:3001/_nuxt/node_modules/.cache/vite/client/deps/chunk-LY4OWT6B.js?v=10181baa:3
[ 1505983ms] [WARNING] [intlify] Not found 'kratom.footer.quality_marks.vscht.description' key in 'cs' locale messages. @ http://localhost:3001/_nuxt/node_modules/.cache/vite/client/deps/chunk-LY4OWT6B.js?v=10181baa:3
[ 1505983ms] [WARNING] [intlify] Not found 'kratom.footer.quality_marks.mzcz.title' key in 'ru' locale messages. @ http://localhost:3001/_nuxt/node_modules/.cache/vite/client/deps/chunk-LY4OWT6B.js?v=10181baa:3
[ 1505983ms] [WARNING] [intlify] Fall back to translate 'kratom.footer.quality_marks.mzcz.title' key with 'cs' locale. @ http://localhost:3001/_nuxt/node_modules/.cache/vite/client/deps/chunk-LY4OWT6B.js?v=10181baa:3
[ 1505983ms] [WARNING] [intlify] Not found 'kratom.footer.quality_marks.mzcz.title' key in 'cs' locale messages. @ http://localhost:3001/_nuxt/node_modules/.cache/vite/client/deps/chunk-LY4OWT6B.js?v=10181baa:3
[ 1505983ms] [WARNING] [intlify] Not found 'kratom.footer.quality_marks.mzcz.description' key in 'ru' locale messages. @ http://localhost:3001/_nuxt/node_modules/.cache/vite/client/deps/chunk-LY4OWT6B.js?v=10181baa:3
[ 1505983ms] [WARNING] [intlify] Fall back to translate 'kratom.footer.quality_marks.mzcz.description' key with 'cs' locale. @ http://localhost:3001/_nuxt/node_modules/.cache/vite/client/deps/chunk-LY4OWT6B.js?v=10181baa:3
[ 1505983ms] [WARNING] [intlify] Not found 'kratom.footer.quality_marks.mzcz.description' key in 'cs' locale messages. @ http://localhost:3001/_nuxt/node_modules/.cache/vite/client/deps/chunk-LY4OWT6B.js?v=10181baa:3
[ 1506025ms] [WARNING] Timer '[nuxt-app] schema-org:meta' already exists @ http://localhost:3001/_nuxt/@fs/Users/andrejkoval/Dev/vivadzen/src/front/node_modules/hookable/dist/index.mjs?v=10181baa:261
[ 1506027ms] [LOG] [nuxt-app] schema-org:meta: 1405955.5849609375 ms [Object] @ http://localhost:3001/_nuxt/@fs/Users/andrejkoval/Dev/vivadzen/src/front/node_modules/hookable/dist/index.mjs?v=10181baa:271
[ 1506100ms] [ERROR] Failed to load resource: the server responded with a status of 404 (IPX_FILE_NOT_FOUND) @ http://localhost:3001/_ipx/q_60&fit_contain&s_112x112/image/vscht.jpeg:0
[ 1506102ms] [ERROR] Failed to load resource: the server responded with a status of 404 (IPX_FILE_NOT_FOUND) @ http://localhost:3001/_ipx/q_60&fit_contain&s_112x112/image/mzcz.png:0
[ 1506902ms] [ERROR] Failed to load resource: the server responded with a status of 404 (IPX_FILE_NOT_FOUND) @ http://localhost:3001/_ipx/q_60&fit_contain&s_112x112/image/vscht.jpeg:0
[ 1506904ms] [ERROR] Failed to load resource: the server responded with a status of 404 (IPX_FILE_NOT_FOUND) @ http://localhost:3001/_ipx/q_60&fit_contain&s_112x112/image/mzcz.png:0
[ 1507135ms] [LOG] [nuxt-app] i18n:beforeLocaleSwitch: 0.35107421875 ms [Object] @ http://localhost:3001/_nuxt/@fs/Users/andrejkoval/Dev/vivadzen/src/front/node_modules/hookable/dist/index.mjs?v=10181baa:271
[ 1507142ms] [LOG] %cssr%c %s: %s 
      background: #7f8c8d;
      border-radius: 0.5em;
      color: white;
      font-weight: bold;
      padding: 2px 0.5em;
      [nitro-runtime] request 0.025ms 
  at timeLogImpl (node:internal/console/constructor)
  at node:internal/console/constructor
  at timeLogImpl (node:internal/util/debuglog)
 @ http://localhost:3001/_nuxt/@fs/Users/andrejkoval/Dev/vivadzen/src/front/node_modules/consola/dist/browser.mjs?v=10181baa:47
[ 1507142ms] [LOG] %cssr%c %s: %s 
      background: #7f8c8d;
      border-radius: 0.5em;
      color: white;
      font-weight: bold;
      padding: 2px 0.5em;
      [nitro-runtime] site-config:init 0.011ms 
  at timeLogImpl (node:internal/console/constructor)
  at node:internal/console/constructor
  at timeLogImpl (node:internal/util/debuglog)
 @ http://localhost:3001/_nuxt/@fs/Users/andrejkoval/Dev/vivadzen/src/front/node_modules/consola/dist/browser.mjs?v=10181baa:47
[ 1507142ms] [LOG] %cssr%c %s: %s 
      background: #7f8c8d;
      border-radius: 0.5em;
      color: white;
      font-weight: bold;
      padding: 2px 0.5em;
      [nitro-runtime] render:before 0.007ms 
  at timeLogImpl (node:internal/console/constructor)
  at node:internal/console/constructor
  at timeLogImpl (node:internal/util/debuglog)
 @ http://localhost:3001/_nuxt/@fs/Users/andrejkoval/Dev/vivadzen/src/front/node_modules/consola/dist/browser.mjs?v=10181baa:47
[ 1507143ms] [ERROR] %cssr:error%c (node:96696) Warning: Label '[nuxt-app] i18n:beforeLocaleSwitch' already exists for console.time()
(Use `node --trace-warnings ...` to show where the warning was created) 
      background: #c0392b;
      border-radius: 0.5em;
      color: white;
      font-weight: bold;
      padding: 2px 0.5em;
      
  at writeOut (node:internal/process/warning)
  at process.onWarning (node:internal/process/warning)
  at process.emit (node:events)
 @ http://localhost:3001/_nuxt/@fs/Users/andrejkoval/Dev/vivadzen/src/front/node_modules/consola/dist/browser.mjs?v=10181baa:47
[ 1507143ms] [ERROR] %cssr:error%c (node:96696) Warning: No such label '[nuxt-app] i18n:beforeLocaleSwitch' for console.timeEnd() 
      background: #c0392b;
      border-radius: 0.5em;
      color: white;
      font-weight: bold;
      padding: 2px 0.5em;
      
  at writeOut (node:internal/process/warning)
  at process.onWarning (node:internal/process/warning)
  at process.emit (node:events)
 @ http://localhost:3001/_nuxt/@fs/Users/andrejkoval/Dev/vivadzen/src/front/node_modules/consola/dist/browser.mjs?v=10181baa:47
[ 1507143ms] [LOG] %cssr%c %s: %s 
      background: #7f8c8d;
      border-radius: 0.5em;
      color: white;
      font-weight: bold;
      padding: 2px 0.5em;
      [nuxt-app] page:loading:start 0.007ms 
  at timeLogImpl (node:internal/console/constructor)
  at node:internal/console/constructor
  at timeLogImpl (node:internal/util/debuglog)
 @ http://localhost:3001/_nuxt/@fs/Users/andrejkoval/Dev/vivadzen/src/front/node_modules/consola/dist/browser.mjs?v=10181baa:47
[ 1507143ms] [LOG] %cssr%c %s: %s 
      background: #7f8c8d;
      border-radius: 0.5em;
      color: white;
      font-weight: bold;
      padding: 2px 0.5em;
      [nuxt-app] i18n:beforeLocaleSwitch 0.015ms 
  at timeLogImpl (node:internal/console/constructor)
  at node:internal/console/constructor
  at timeLogImpl (node:internal/util/debuglog)
 @ http://localhost:3001/_nuxt/@fs/Users/andrejkoval/Dev/vivadzen/src/front/node_modules/consola/dist/browser.mjs?v=10181baa:47
[ 1507143ms] [LOG] %cssr%c %s: %s 
      background: #7f8c8d;
      border-radius: 0.5em;
      color: white;
      font-weight: bold;
      padding: 2px 0.5em;
      [nuxt-app] app:created 7.437ms 
  at timeLogImpl (node:internal/console/constructor)
  at node:internal/console/constructor
  at timeLogImpl (node:internal/util/debuglog)
 @ http://localhost:3001/_nuxt/@fs/Users/andrejkoval/Dev/vivadzen/src/front/node_modules/consola/dist/browser.mjs?v=10181baa:47
[ 1507143ms] [LOG] %cssr%c %s: %s 
      background: #7f8c8d;
      border-radius: 0.5em;
      color: white;
      font-weight: bold;
      padding: 2px 0.5em;
      [nuxt-app] vue:setup 0.003ms 
  at timeLogImpl (node:internal/console/constructor)
  at node:internal/console/constructor
  at timeLogImpl (node:internal/util/debuglog)
 @ http://localhost:3001/_nuxt/@fs/Users/andrejkoval/Dev/vivadzen/src/front/node_modules/consola/dist/browser.mjs?v=10181baa:47
[ 1507143ms] [WARNING] %cssr:warn%c [intlify] Not found 'title.catalog' key in 'ru' locale messages. 
      background: #f39c12;
      border-radius: 0.5em;
      color: white;
      font-weight: bold;
      padding: 2px 0.5em;
      
  at warn (/Users/andrejkoval/Dev/vivadzen/src/front/node_modules/@intlify/shared/dist/shared.mjs)
  at handleMissing (/Users/andrejkoval/Dev/vivadzen/src/front/node_modules/@intlify/core-base/dist/core-base.mjs)
  at resolveMessageFormat (/Users/andrejkoval/Dev/vivadzen/src/front/node_modules/@intlify/core-base/dist/core-base.mjs)
 @ http://localhost:3001/_nuxt/@fs/Users/andrejkoval/Dev/vivadzen/src/front/node_modules/consola/dist/browser.mjs?v=10181baa:47
[ 1507143ms] [WARNING] %cssr:warn%c [intlify] Fall back to translate 'title.catalog' key with 'cs' locale. 
      background: #f39c12;
      border-radius: 0.5em;
      color: white;
      font-weight: bold;
      padding: 2px 0.5em;
      
  at warn (/Users/andrejkoval/Dev/vivadzen/src/front/node_modules/@intlify/shared/dist/shared.mjs)
  at resolveMessageFormat (/Users/andrejkoval/Dev/vivadzen/src/front/node_modules/@intlify/core-base/dist/core-base.mjs)
  at translate (/Users/andrejkoval/Dev/vivadzen/src/front/node_modules/@intlify/core-base/dist/core-base.mjs)
 @ http://localhost:3001/_nuxt/@fs/Users/andrejkoval/Dev/vivadzen/src/front/node_modules/consola/dist/browser.mjs?v=10181baa:47
[ 1507143ms] [WARNING] %cssr:warn%c [intlify] Not found 'title.catalog' key in 'cs' locale messages. 
      background: #f39c12;
      border-radius: 0.5em;
      color: white;
      font-weight: bold;
      padding: 2px 0.5em;
      
  at warn (/Users/andrejkoval/Dev/vivadzen/src/front/node_modules/@intlify/shared/dist/shared.mjs)
  at handleMissing (/Users/andrejkoval/Dev/vivadzen/src/front/node_modules/@intlify/core-base/dist/core-base.mjs)
  at resolveMessageFormat (/Users/andrejkoval/Dev/vivadzen/src/front/node_modules/@intlify/core-base/dist/core-base.mjs)
 @ http://localhost:3001/_nuxt/@fs/Users/andrejkoval/Dev/vivadzen/src/front/node_modules/consola/dist/browser.mjs?v=10181baa:47
[ 1507143ms] [WARNING] %cssr:warn%c [intlify] Fall back to translate 'title.catalog' with root locale. 
      background: #f39c12;
      border-radius: 0.5em;
      color: white;
      font-weight: bold;
      padding: 2px 0.5em;
      
  at warn (/Users/andrejkoval/Dev/vivadzen/src/front/node_modules/@intlify/shared/dist/shared.mjs)
  at wrapWithDeps (/Users/andrejkoval/Dev/vivadzen/src/front/node_modules/vue-i18n/dist/vue-i18n.mjs)
  at t (/Users/andrejkoval/Dev/vivadzen/src/front/node_modules/vue-i18n/dist/vue-i18n.mjs)
 @ http://localhost:3001/_nuxt/@fs/Users/andrejkoval/Dev/vivadzen/src/front/node_modules/consola/dist/browser.mjs?v=10181baa:47
[ 1507143ms] [WARNING] %cssr:warn%c [intlify] Not found 'title.delivery' key in 'ru' locale messages. 
      background: #f39c12;
      border-radius: 0.5em;
      color: white;
      font-weight: bold;
      padding: 2px 0.5em;
      
  at warn (/Users/andrejkoval/Dev/vivadzen/src/front/node_modules/@intlify/shared/dist/shared.mjs)
  at handleMissing (/Users/andrejkoval/Dev/vivadzen/src/front/node_modules/@intlify/core-base/dist/core-base.mjs)
  at resolveMessageFormat (/Users/andrejkoval/Dev/vivadzen/src/front/node_modules/@intlify/core-base/dist/core-base.mjs)
 @ http://localhost:3001/_nuxt/@fs/Users/andrejkoval/Dev/vivadzen/src/front/node_modules/consola/dist/browser.mjs?v=10181baa:47
[ 1507143ms] [WARNING] %cssr:warn%c [intlify] Fall back to translate 'title.delivery' key with 'cs' locale. 
      background: #f39c12;
      border-radius: 0.5em;
      color: white;
      font-weight: bold;
      padding: 2px 0.5em;
      
  at warn (/Users/andrejkoval/Dev/vivadzen/src/front/node_modules/@intlify/shared/dist/shared.mjs)
  at resolveMessageFormat (/Users/andrejkoval/Dev/vivadzen/src/front/node_modules/@intlify/core-base/dist/core-base.mjs)
  at translate (/Users/andrejkoval/Dev/vivadzen/src/front/node_modules/@intlify/core-base/dist/core-base.mjs)
 @ http://localhost:3001/_nuxt/@fs/Users/andrejkoval/Dev/vivadzen/src/front/node_modules/consola/dist/browser.mjs?v=10181baa:47
[ 1507143ms] [WARNING] %cssr:warn%c [intlify] Not found 'title.delivery' key in 'cs' locale messages. 
      background: #f39c12;
      border-radius: 0.5em;
      color: white;
      font-weight: bold;
      padding: 2px 0.5em;
      
  at warn (/Users/andrejkoval/Dev/vivadzen/src/front/node_modules/@intlify/shared/dist/shared.mjs)
  at handleMissing (/Users/andrejkoval/Dev/vivadzen/src/front/node_modules/@intlify/core-base/dist/core-base.mjs)
  at resolveMessageFormat (/Users/andrejkoval/Dev/vivadzen/src/front/node_modules/@intlify/core-base/dist/core-base.mjs)
 @ http://localhost:3001/_nuxt/@fs/Users/andrejkoval/Dev/vivadzen/src/front/node_modules/consola/dist/browser.mjs?v=10181baa:47
[ 1507143ms] [WARNING] %cssr:warn%c [intlify] Fall back to translate 'title.delivery' with root locale. 
      background: #f39c12;
      border-radius: 0.5em;
      color: white;
      font-weight: bold;
      padding: 2px 0.5em;
      
  at warn (/Users/andrejkoval/Dev/vivadzen/src/front/node_modules/@intlify/shared/dist/shared.mjs)
  at wrapWithDeps (/Users/andrejkoval/Dev/vivadzen/src/front/node_modules/vue-i18n/dist/vue-i18n.mjs)
  at t (/Users/andrejkoval/Dev/vivadzen/src/front/node_modules/vue-i18n/dist/vue-i18n.mjs)
 @ http://localhost:3001/_nuxt/@fs/Users/andrejkoval/Dev/vivadzen/src/front/node_modules/consola/dist/browser.mjs?v=10181baa:47
[ 1507143ms] [WARNING] %cssr:warn%c [intlify] Not found 'title.payment' key in 'ru' locale messages. 
      background: #f39c12;
      border-radius: 0.5em;
      color: white;
      font-weight: bold;
      padding: 2px 0.5em;
      
  at warn (/Users/andrejkoval/Dev/vivadzen/src/front/node_modules/@intlify/shared/dist/shared.mjs)
  at handleMissing (/Users/andrejkoval/Dev/vivadzen/src/front/node_modules/@intlify/core-base/dist/core-base.mjs)
  at resolveMessageFormat (/Users/andrejkoval/Dev/vivadzen/src/front/node_modules/@intlify/core-base/dist/core-base.mjs)
 @ http://localhost:3001/_nuxt/@fs/Users/andrejkoval/Dev/vivadzen/src/front/node_modules/consola/dist/browser.mjs?v=10181baa:47
[ 1507143ms] [WARNING] %cssr:warn%c [intlify] Fall back to translate 'title.payment' key with 'cs' locale. 
      background: #f39c12;
      border-radius: 0.5em;
      color: white;
      font-weight: bold;
      padding: 2px 0.5em;
      
  at warn (/Users/andrejkoval/Dev/vivadzen/src/front/node_modules/@intlify/shared/dist/shared.mjs)
  at resolveMessageFormat (/Users/andrejkoval/Dev/vivadzen/src/front/node_modules/@intlify/core-base/dist/core-base.mjs)
  at translate (/Users/andrejkoval/Dev/vivadzen/src/front/node_modules/@intlify/core-base/dist/core-base.mjs)
 @ http://localhost:3001/_nuxt/@fs/Users/andrejkoval/Dev/vivadzen/src/front/node_modules/consola/dist/browser.mjs?v=10181baa:47
[ 1507143ms] [WARNING] %cssr:warn%c [intlify] Not found 'title.payment' key in 'cs' locale messages. 
      background: #f39c12;
      border-radius: 0.5em;
      color: white;
      font-weight: bold;
      padding: 2px 0.5em;
      
  at warn (/Users/andrejkoval/Dev/vivadzen/src/front/node_modules/@intlify/shared/dist/shared.mjs)
  at handleMissing (/Users/andrejkoval/Dev/vivadzen/src/front/node_modules/@intlify/core-base/dist/core-base.mjs)
  at resolveMessageFormat (/Users/andrejkoval/Dev/vivadzen/src/front/node_modules/@intlify/core-base/dist/core-base.mjs)
 @ http://localhost:3001/_nuxt/@fs/Users/andrejkoval/Dev/vivadzen/src/front/node_modules/consola/dist/browser.mjs?v=10181baa:47
[ 1507143ms] [WARNING] %cssr:warn%c [intlify] Fall back to translate 'title.payment' with root locale. 
      background: #f39c12;
      border-radius: 0.5em;
      color: white;
      font-weight: bold;
      padding: 2px 0.5em;
      
  at warn (/Users/andrejkoval/Dev/vivadzen/src/front/node_modules/@intlify/shared/dist/shared.mjs)
  at wrapWithDeps (/Users/andrejkoval/Dev/vivadzen/src/front/node_modules/vue-i18n/dist/vue-i18n.mjs)
  at t (/Users/andrejkoval/Dev/vivadzen/src/front/node_modules/vue-i18n/dist/vue-i18n.mjs)
 @ http://localhost:3001/_nuxt/@fs/Users/andrejkoval/Dev/vivadzen/src/front/node_modules/consola/dist/browser.mjs?v=10181baa:47
[ 1507143ms] [WARNING] %cssr:warn%c [intlify] Not found 'title.age_verification' key in 'ru' locale messages. 
      background: #f39c12;
      border-radius: 0.5em;
      color: white;
      font-weight: bold;
      padding: 2px 0.5em;
      
  at warn (/Users/andrejkoval/Dev/vivadzen/src/front/node_modules/@intlify/shared/dist/shared.mjs)
  at handleMissing (/Users/andrejkoval/Dev/vivadzen/src/front/node_modules/@intlify/core-base/dist/core-base.mjs)
  at resolveMessageFormat (/Users/andrejkoval/Dev/vivadzen/src/front/node_modules/@intlify/core-base/dist/core-base.mjs)
 @ http://localhost:3001/_nuxt/@fs/Users/andrejkoval/Dev/vivadzen/src/front/node_modules/consola/dist/browser.mjs?v=10181baa:47
[ 1507143ms] [WARNING] %cssr:warn%c [intlify] Fall back to translate 'title.age_verification' key with 'cs' locale. 
      background: #f39c12;
      border-radius: 0.5em;
      color: white;
      font-weight: bold;
      padding: 2px 0.5em;
      
  at warn (/Users/andrejkoval/Dev/vivadzen/src/front/node_modules/@intlify/shared/dist/shared.mjs)
  at resolveMessageFormat (/Users/andrejkoval/Dev/vivadzen/src/front/node_modules/@intlify/core-base/dist/core-base.mjs)
  at translate (/Users/andrejkoval/Dev/vivadzen/src/front/node_modules/@intlify/core-base/dist/core-base.mjs)
 @ http://localhost:3001/_nuxt/@fs/Users/andrejkoval/Dev/vivadzen/src/front/node_modules/consola/dist/browser.mjs?v=10181baa:47
[ 1507143ms] [WARNING] %cssr:warn%c [intlify] Not found 'title.age_verification' key in 'cs' locale messages. 
      background: #f39c12;
      border-radius: 0.5em;
      color: white;
      font-weight: bold;
      padding: 2px 0.5em;
      
  at warn (/Users/andrejkoval/Dev/vivadzen/src/front/node_modules/@intlify/shared/dist/shared.mjs)
  at handleMissing (/Users/andrejkoval/Dev/vivadzen/src/front/node_modules/@intlify/core-base/dist/core-base.mjs)
  at resolveMessageFormat (/Users/andrejkoval/Dev/vivadzen/src/front/node_modules/@intlify/core-base/dist/core-base.mjs)
 @ http://localhost:3001/_nuxt/@fs/Users/andrejkoval/Dev/vivadzen/src/front/node_modules/consola/dist/browser.mjs?v=10181baa:47
[ 1507143ms] [WARNING] %cssr:warn%c [intlify] Fall back to translate 'title.age_verification' with root locale. 
      background: #f39c12;
      border-radius: 0.5em;
      color: white;
      font-weight: bold;
      padding: 2px 0.5em;
      
  at warn (/Users/andrejkoval/Dev/vivadzen/src/front/node_modules/@intlify/shared/dist/shared.mjs)
  at wrapWithDeps (/Users/andrejkoval/Dev/vivadzen/src/front/node_modules/vue-i18n/dist/vue-i18n.mjs)
  at t (/Users/andrejkoval/Dev/vivadzen/src/front/node_modules/vue-i18n/dist/vue-i18n.mjs)
 @ http://localhost:3001/_nuxt/@fs/Users/andrejkoval/Dev/vivadzen/src/front/node_modules/consola/dist/browser.mjs?v=10181baa:47
[ 1507143ms] [WARNING] %cssr:warn%c [intlify] Not found 'title.reviews' key in 'ru' locale messages. 
      background: #f39c12;
      border-radius: 0.5em;
      color: white;
      font-weight: bold;
      padding: 2px 0.5em;
      
  at warn (/Users/andrejkoval/Dev/vivadzen/src/front/node_modules/@intlify/shared/dist/shared.mjs)
  at handleMissing (/Users/andrejkoval/Dev/vivadzen/src/front/node_modules/@intlify/core-base/dist/core-base.mjs)
  at resolveMessageFormat (/Users/andrejkoval/Dev/vivadzen/src/front/node_modules/@intlify/core-base/dist/core-base.mjs)
 @ http://localhost:3001/_nuxt/@fs/Users/andrejkoval/Dev/vivadzen/src/front/node_modules/consola/dist/browser.mjs?v=10181baa:47
[ 1507143ms] [WARNING] %cssr:warn%c [intlify] Fall back to translate 'title.reviews' key with 'cs' locale. 
      background: #f39c12;
      border-radius: 0.5em;
      color: white;
      font-weight: bold;
      padding: 2px 0.5em;
      
  at warn (/Users/andrejkoval/Dev/vivadzen/src/front/node_modules/@intlify/shared/dist/shared.mjs)
  at resolveMessageFormat (/Users/andrejkoval/Dev/vivadzen/src/front/node_modules/@intlify/core-base/dist/core-base.mjs)
  at translate (/Users/andrejkoval/Dev/vivadzen/src/front/node_modules/@intlify/core-base/dist/core-base.mjs)
 @ http://localhost:3001/_nuxt/@fs/Users/andrejkoval/Dev/vivadzen/src/front/node_modules/consola/dist/browser.mjs?v=10181baa:47
[ 1507143ms] [WARNING] %cssr:warn%c [intlify] Not found 'title.reviews' key in 'cs' locale messages. 
      background: #f39c12;
      border-radius: 0.5em;
      color: white;
      font-weight: bold;
      padding: 2px 0.5em;
      
  at warn (/Users/andrejkoval/Dev/vivadzen/src/front/node_modules/@intlify/shared/dist/shared.mjs)
  at handleMissing (/Users/andrejkoval/Dev/vivadzen/src/front/node_modules/@intlify/core-base/dist/core-base.mjs)
  at resolveMessageFormat (/Users/andrejkoval/Dev/vivadzen/src/front/node_modules/@intlify/core-base/dist/core-base.mjs)
 @ http://localhost:3001/_nuxt/@fs/Users/andrejkoval/Dev/vivadzen/src/front/node_modules/consola/dist/browser.mjs?v=10181baa:47
[ 1507143ms] [WARNING] %cssr:warn%c [intlify] Fall back to translate 'title.reviews' with root locale. 
      background: #f39c12;
      border-radius: 0.5em;
      color: white;
      font-weight: bold;
      padding: 2px 0.5em;
      
  at warn (/Users/andrejkoval/Dev/vivadzen/src/front/node_modules/@intlify/shared/dist/shared.mjs)
  at wrapWithDeps (/Users/andrejkoval/Dev/vivadzen/src/front/node_modules/vue-i18n/dist/vue-i18n.mjs)
  at t (/Users/andrejkoval/Dev/vivadzen/src/front/node_modules/vue-i18n/dist/vue-i18n.mjs)
 @ http://localhost:3001/_nuxt/@fs/Users/andrejkoval/Dev/vivadzen/src/front/node_modules/consola/dist/browser.mjs?v=10181baa:47
[ 1507144ms] [WARNING] %cssr:warn%c [intlify] Not found 'title.about' key in 'ru' locale messages. 
      background: #f39c12;
      border-radius: 0.5em;
      color: white;
      font-weight: bold;
      padding: 2px 0.5em;
      
  at warn (/Users/andrejkoval/Dev/vivadzen/src/front/node_modules/@intlify/shared/dist/shared.mjs)
  at handleMissing (/Users/andrejkoval/Dev/vivadzen/src/front/node_modules/@intlify/core-base/dist/core-base.mjs)
  at resolveMessageFormat (/Users/andrejkoval/Dev/vivadzen/src/front/node_modules/@intlify/core-base/dist/core-base.mjs)
 @ http://localhost:3001/_nuxt/@fs/Users/andrejkoval/Dev/vivadzen/src/front/node_modules/consola/dist/browser.mjs?v=10181baa:47
[ 1507144ms] [WARNING] %cssr:warn%c [intlify] Fall back to translate 'title.about' key with 'cs' locale. 
      background: #f39c12;
      border-radius: 0.5em;
      color: white;
      font-weight: bold;
      padding: 2px 0.5em;
      
  at warn (/Users/andrejkoval/Dev/vivadzen/src/front/node_modules/@intlify/shared/dist/shared.mjs)
  at resolveMessageFormat (/Users/andrejkoval/Dev/vivadzen/src/front/node_modules/@intlify/core-base/dist/core-base.mjs)
  at translate (/Users/andrejkoval/Dev/vivadzen/src/front/node_modules/@intlify/core-base/dist/core-base.mjs)
 @ http://localhost:3001/_nuxt/@fs/Users/andrejkoval/Dev/vivadzen/src/front/node_modules/consola/dist/browser.mjs?v=10181baa:47
[ 1507144ms] [WARNING] %cssr:warn%c [intlify] Not found 'title.about' key in 'cs' locale messages. 
      background: #f39c12;
      border-radius: 0.5em;
      color: white;
      font-weight: bold;
      padding: 2px 0.5em;
      
  at warn (/Users/andrejkoval/Dev/vivadzen/src/front/node_modules/@intlify/shared/dist/shared.mjs)
  at handleMissing (/Users/andrejkoval/Dev/vivadzen/src/front/node_modules/@intlify/core-base/dist/core-base.mjs)
  at resolveMessageFormat (/Users/andrejkoval/Dev/vivadzen/src/front/node_modules/@intlify/core-base/dist/core-base.mjs)
 @ http://localhost:3001/_nuxt/@fs/Users/andrejkoval/Dev/vivadzen/src/front/node_modules/consola/dist/browser.mjs?v=10181baa:47
[ 1507144ms] [WARNING] %cssr:warn%c [intlify] Fall back to translate 'title.about' with root locale. 
      background: #f39c12;
      border-radius: 0.5em;
      color: white;
      font-weight: bold;
      padding: 2px 0.5em;
      
  at warn (/Users/andrejkoval/Dev/vivadzen/src/front/node_modules/@intlify/shared/dist/shared.mjs)
  at wrapWithDeps (/Users/andrejkoval/Dev/vivadzen/src/front/node_modules/vue-i18n/dist/vue-i18n.mjs)
  at t (/Users/andrejkoval/Dev/vivadzen/src/front/node_modules/vue-i18n/dist/vue-i18n.mjs)
 @ http://localhost:3001/_nuxt/@fs/Users/andrejkoval/Dev/vivadzen/src/front/node_modules/consola/dist/browser.mjs?v=10181baa:47
[ 1507144ms] [WARNING] %cssr:warn%c [intlify] Not found 'title.contacts' key in 'ru' locale messages. 
      background: #f39c12;
      border-radius: 0.5em;
      color: white;
      font-weight: bold;
      padding: 2px 0.5em;
      
  at warn (/Users/andrejkoval/Dev/vivadzen/src/front/node_modules/@intlify/shared/dist/shared.mjs)
  at handleMissing (/Users/andrejkoval/Dev/vivadzen/src/front/node_modules/@intlify/core-base/dist/core-base.mjs)
  at resolveMessageFormat (/Users/andrejkoval/Dev/vivadzen/src/front/node_modules/@intlify/core-base/dist/core-base.mjs)
 @ http://localhost:3001/_nuxt/@fs/Users/andrejkoval/Dev/vivadzen/src/front/node_modules/consola/dist/browser.mjs?v=10181baa:47
[ 1507144ms] [WARNING] %cssr:warn%c [intlify] Fall back to translate 'title.contacts' key with 'cs' locale. 
      background: #f39c12;
      border-radius: 0.5em;
      color: white;
      font-weight: bold;
      padding: 2px 0.5em;
      
  at warn (/Users/andrejkoval/Dev/vivadzen/src/front/node_modules/@intlify/shared/dist/shared.mjs)
  at resolveMessageFormat (/Users/andrejkoval/Dev/vivadzen/src/front/node_modules/@intlify/core-base/dist/core-base.mjs)
  at translate (/Users/andrejkoval/Dev/vivadzen/src/front/node_modules/@intlify/core-base/dist/core-base.mjs)
 @ http://localhost:3001/_nuxt/@fs/Users/andrejkoval/Dev/vivadzen/src/front/node_modules/consola/dist/browser.mjs?v=10181baa:47
[ 1507144ms] [WARNING] %cssr:warn%c [intlify] Not found 'title.contacts' key in 'cs' locale messages. 
      background: #f39c12;
      border-radius: 0.5em;
      color: white;
      font-weight: bold;
      padding: 2px 0.5em;
      
  at warn (/Users/andrejkoval/Dev/vivadzen/src/front/node_modules/@intlify/shared/dist/shared.mjs)
  at handleMissing (/Users/andrejkoval/Dev/vivadzen/src/front/node_modules/@intlify/core-base/dist/core-base.mjs)
  at resolveMessageFormat (/Users/andrejkoval/Dev/vivadzen/src/front/node_modules/@intlify/core-base/dist/core-base.mjs)
 @ http://localhost:3001/_nuxt/@fs/Users/andrejkoval/Dev/vivadzen/src/front/node_modules/consola/dist/browser.mjs?v=10181baa:47
[ 1507144ms] [WARNING] %cssr:warn%c [intlify] Fall back to translate 'title.contacts' with root locale. 
      background: #f39c12;
      border-radius: 0.5em;
      color: white;
      font-weight: bold;
      padding: 2px 0.5em;
      
  at warn (/Users/andrejkoval/Dev/vivadzen/src/front/node_modules/@intlify/shared/dist/shared.mjs)
  at wrapWithDeps (/Users/andrejkoval/Dev/vivadzen/src/front/node_modules/vue-i18n/dist/vue-i18n.mjs)
  at t (/Users/andrejkoval/Dev/vivadzen/src/front/node_modules/vue-i18n/dist/vue-i18n.mjs)
 @ http://localhost:3001/_nuxt/@fs/Users/andrejkoval/Dev/vivadzen/src/front/node_modules/consola/dist/browser.mjs?v=10181baa:47
[ 1507144ms] [WARNING] %cssr:warn%c [intlify] Not found 'logo_alt' key in 'ru' locale messages. 
      background: #f39c12;
      border-radius: 0.5em;
      color: white;
      font-weight: bold;
      padding: 2px 0.5em;
      
  at warn (/Users/andrejkoval/Dev/vivadzen/src/front/node_modules/@intlify/shared/dist/shared.mjs)
  at handleMissing (/Users/andrejkoval/Dev/vivadzen/src/front/node_modules/@intlify/core-base/dist/core-base.mjs)
  at resolveMessageFormat (/Users/andrejkoval/Dev/vivadzen/src/front/node_modules/@intlify/core-base/dist/core-base.mjs)
 @ http://localhost:3001/_nuxt/@fs/Users/andrejkoval/Dev/vivadzen/src/front/node_modules/consola/dist/browser.mjs?v=10181baa:47
[ 1507144ms] [WARNING] %cssr:warn%c [intlify] Fall back to translate 'logo_alt' key with 'cs' locale. 
      background: #f39c12;
      border-radius: 0.5em;
      color: white;
      font-weight: bold;
      padding: 2px 0.5em;
      
  at warn (/Users/andrejkoval/Dev/vivadzen/src/front/node_modules/@intlify/shared/dist/shared.mjs)
  at resolveMessageFormat (/Users/andrejkoval/Dev/vivadzen/src/front/node_modules/@intlify/core-base/dist/core-base.mjs)
  at translate (/Users/andrejkoval/Dev/vivadzen/src/front/node_modules/@intlify/core-base/dist/core-base.mjs)
 @ http://localhost:3001/_nuxt/@fs/Users/andrejkoval/Dev/vivadzen/src/front/node_modules/consola/dist/browser.mjs?v=10181baa:47
[ 1507144ms] [WARNING] %cssr:warn%c [intlify] Not found 'logo_alt' key in 'cs' locale messages. 
      background: #f39c12;
      border-radius: 0.5em;
      color: white;
      font-weight: bold;
      padding: 2px 0.5em;
      
  at warn (/Users/andrejkoval/Dev/vivadzen/src/front/node_modules/@intlify/shared/dist/shared.mjs)
  at handleMissing (/Users/andrejkoval/Dev/vivadzen/src/front/node_modules/@intlify/core-base/dist/core-base.mjs)
  at resolveMessageFormat (/Users/andrejkoval/Dev/vivadzen/src/front/node_modules/@intlify/core-base/dist/core-base.mjs)
 @ http://localhost:3001/_nuxt/@fs/Users/andrejkoval/Dev/vivadzen/src/front/node_modules/consola/dist/browser.mjs?v=10181baa:47
[ 1507144ms] [WARNING] %cssr:warn%c [intlify] Fall back to translate 'logo_alt' with root locale. 
      background: #f39c12;
      border-radius: 0.5em;
      color: white;
      font-weight: bold;
      padding: 2px 0.5em;
      
  at warn (/Users/andrejkoval/Dev/vivadzen/src/front/node_modules/@intlify/shared/dist/shared.mjs)
  at wrapWithDeps (/Users/andrejkoval/Dev/vivadzen/src/front/node_modules/vue-i18n/dist/vue-i18n.mjs)
  at Proxy.t (/Users/andrejkoval/Dev/vivadzen/src/front/node_modules/vue-i18n/dist/vue-i18n.mjs)
 @ http://localhost:3001/_nuxt/@fs/Users/andrejkoval/Dev/vivadzen/src/front/node_modules/consola/dist/browser.mjs?v=10181baa:47
[ 1507144ms] [WARNING] %cssr:warn%c [intlify] Not found 'logo_alt' key in 'ru' locale messages. 
      background: #f39c12;
      border-radius: 0.5em;
      color: white;
      font-weight: bold;
      padding: 2px 0.5em;
      
  at warn (/Users/andrejkoval/Dev/vivadzen/src/front/node_modules/@intlify/shared/dist/shared.mjs)
  at handleMissing (/Users/andrejkoval/Dev/vivadzen/src/front/node_modules/@intlify/core-base/dist/core-base.mjs)
  at resolveMessageFormat (/Users/andrejkoval/Dev/vivadzen/src/front/node_modules/@intlify/core-base/dist/core-base.mjs)
 @ http://localhost:3001/_nuxt/@fs/Users/andrejkoval/Dev/vivadzen/src/front/node_modules/consola/dist/browser.mjs?v=10181baa:47
[ 1507144ms] [WARNING] %cssr:warn%c [intlify] Fall back to translate 'logo_alt' key with 'cs' locale. 
      background: #f39c12;
      border-radius: 0.5em;
      color: white;
      font-weight: bold;
      padding: 2px 0.5em;
      
  at warn (/Users/andrejkoval/Dev/vivadzen/src/front/node_modules/@intlify/shared/dist/shared.mjs)
  at resolveMessageFormat (/Users/andrejkoval/Dev/vivadzen/src/front/node_modules/@intlify/core-base/dist/core-base.mjs)
  at translate (/Users/andrejkoval/Dev/vivadzen/src/front/node_modules/@intlify/core-base/dist/core-base.mjs)
 @ http://localhost:3001/_nuxt/@fs/Users/andrejkoval/Dev/vivadzen/src/front/node_modules/consola/dist/browser.mjs?v=10181baa:47
[ 1507144ms] [WARNING] %cssr:warn%c [intlify] Not found 'logo_alt' key in 'cs' locale messages. 
      background: #f39c12;
      border-radius: 0.5em;
      color: white;
      font-weight: bold;
      padding: 2px 0.5em;
      
  at warn (/Users/andrejkoval/Dev/vivadzen/src/front/node_modules/@intlify/shared/dist/shared.mjs)
  at handleMissing (/Users/andrejkoval/Dev/vivadzen/src/front/node_modules/@intlify/core-base/dist/core-base.mjs)
  at resolveMessageFormat (/Users/andrejkoval/Dev/vivadzen/src/front/node_modules/@intlify/core-base/dist/core-base.mjs)
 @ http://localhost:3001/_nuxt/@fs/Users/andrejkoval/Dev/vivadzen/src/front/node_modules/consola/dist/browser.mjs?v=10181baa:47
[ 1507144ms] [WARNING] %cssr:warn%c [intlify] Not found 'button.login' key in 'ru' locale messages. 
      background: #f39c12;
      border-radius: 0.5em;
      color: white;
      font-weight: bold;
      padding: 2px 0.5em;
      
  at warn (/Users/andrejkoval/Dev/vivadzen/src/front/node_modules/@intlify/shared/dist/shared.mjs)
  at handleMissing (/Users/andrejkoval/Dev/vivadzen/src/front/node_modules/@intlify/core-base/dist/core-base.mjs)
  at resolveMessageFormat (/Users/andrejkoval/Dev/vivadzen/src/front/node_modules/@intlify/core-base/dist/core-base.mjs)
 @ http://localhost:3001/_nuxt/@fs/Users/andrejkoval/Dev/vivadzen/src/front/node_modules/consola/dist/browser.mjs?v=10181baa:47
[ 1507144ms] [WARNING] %cssr:warn%c [intlify] Fall back to translate 'button.login' key with 'cs' locale. 
      background: #f39c12;
      border-radius: 0.5em;
      color: white;
      font-weight: bold;
      padding: 2px 0.5em;
      
  at warn (/Users/andrejkoval/Dev/vivadzen/src/front/node_modules/@intlify/shared/dist/shared.mjs)
  at resolveMessageFormat (/Users/andrejkoval/Dev/vivadzen/src/front/node_modules/@intlify/core-base/dist/core-base.mjs)
  at translate (/Users/andrejkoval/Dev/vivadzen/src/front/node_modules/@intlify/core-base/dist/core-base.mjs)
 @ http://localhost:3001/_nuxt/@fs/Users/andrejkoval/Dev/vivadzen/src/front/node_modules/consola/dist/browser.mjs?v=10181baa:47
[ 1507144ms] [WARNING] %cssr:warn%c [intlify] Not found 'button.login' key in 'cs' locale messages. 
      background: #f39c12;
      border-radius: 0.5em;
      color: white;
      font-weight: bold;
      padding: 2px 0.5em;
      
  at warn (/Users/andrejkoval/Dev/vivadzen/src/front/node_modules/@intlify/shared/dist/shared.mjs)
  at handleMissing (/Users/andrejkoval/Dev/vivadzen/src/front/node_modules/@intlify/core-base/dist/core-base.mjs)
  at resolveMessageFormat (/Users/andrejkoval/Dev/vivadzen/src/front/node_modules/@intlify/core-base/dist/core-base.mjs)
 @ http://localhost:3001/_nuxt/@fs/Users/andrejkoval/Dev/vivadzen/src/front/node_modules/consola/dist/browser.mjs?v=10181baa:47
[ 1507144ms] [WARNING] %cssr:warn%c [intlify] Fall back to translate 'button.login' with root locale. 
      background: #f39c12;
      border-radius: 0.5em;
      color: white;
      font-weight: bold;
      padding: 2px 0.5em;
      
  at warn (/Users/andrejkoval/Dev/vivadzen/src/front/node_modules/@intlify/shared/dist/shared.mjs)
  at wrapWithDeps (/Users/andrejkoval/Dev/vivadzen/src/front/node_modules/vue-i18n/dist/vue-i18n.mjs)
  at t (/Users/andrejkoval/Dev/vivadzen/src/front/node_modules/vue-i18n/dist/vue-i18n.mjs)
 @ http://localhost:3001/_nuxt/@fs/Users/andrejkoval/Dev/vivadzen/src/front/node_modules/consola/dist/browser.mjs?v=10181baa:47
[ 1507144ms] [WARNING] %cssr:warn%c [intlify] Not found 'button.login' key in 'ru' locale messages. 
      background: #f39c12;
      border-radius: 0.5em;
      color: white;
      font-weight: bold;
      padding: 2px 0.5em;
      
  at warn (/Users/andrejkoval/Dev/vivadzen/src/front/node_modules/@intlify/shared/dist/shared.mjs)
  at handleMissing (/Users/andrejkoval/Dev/vivadzen/src/front/node_modules/@intlify/core-base/dist/core-base.mjs)
  at resolveMessageFormat (/Users/andrejkoval/Dev/vivadzen/src/front/node_modules/@intlify/core-base/dist/core-base.mjs)
 @ http://localhost:3001/_nuxt/@fs/Users/andrejkoval/Dev/vivadzen/src/front/node_modules/consola/dist/browser.mjs?v=10181baa:47
[ 1507144ms] [WARNING] %cssr:warn%c [intlify] Fall back to translate 'button.login' key with 'cs' locale. 
      background: #f39c12;
      border-radius: 0.5em;
      color: white;
      font-weight: bold;
      padding: 2px 0.5em;
      
  at warn (/Users/andrejkoval/Dev/vivadzen/src/front/node_modules/@intlify/shared/dist/shared.mjs)
  at resolveMessageFormat (/Users/andrejkoval/Dev/vivadzen/src/front/node_modules/@intlify/core-base/dist/core-base.mjs)
  at translate (/Users/andrejkoval/Dev/vivadzen/src/front/node_modules/@intlify/core-base/dist/core-base.mjs)
 @ http://localhost:3001/_nuxt/@fs/Users/andrejkoval/Dev/vivadzen/src/front/node_modules/consola/dist/browser.mjs?v=10181baa:47
[ 1507144ms] [WARNING] %cssr:warn%c [intlify] Not found 'button.login' key in 'cs' locale messages. 
      background: #f39c12;
      border-radius: 0.5em;
      color: white;
      font-weight: bold;
      padding: 2px 0.5em;
      
  at warn (/Users/andrejkoval/Dev/vivadzen/src/front/node_modules/@intlify/shared/dist/shared.mjs)
  at handleMissing (/Users/andrejkoval/Dev/vivadzen/src/front/node_modules/@intlify/core-base/dist/core-base.mjs)
  at resolveMessageFormat (/Users/andrejkoval/Dev/vivadzen/src/front/node_modules/@intlify/core-base/dist/core-base.mjs)
 @ http://localhost:3001/_nuxt/@fs/Users/andrejkoval/Dev/vivadzen/src/front/node_modules/consola/dist/browser.mjs?v=10181baa:47
[ 1507144ms] [WARNING] %cssr:warn%c [intlify] Not found 'title.cart' key in 'ru' locale messages. 
      background: #f39c12;
      border-radius: 0.5em;
      color: white;
      font-weight: bold;
      padding: 2px 0.5em;
      
  at warn (/Users/andrejkoval/Dev/vivadzen/src/front/node_modules/@intlify/shared/dist/shared.mjs)
  at handleMissing (/Users/andrejkoval/Dev/vivadzen/src/front/node_modules/@intlify/core-base/dist/core-base.mjs)
  at resolveMessageFormat (/Users/andrejkoval/Dev/vivadzen/src/front/node_modules/@intlify/core-base/dist/core-base.mjs)
 @ http://localhost:3001/_nuxt/@fs/Users/andrejkoval/Dev/vivadzen/src/front/node_modules/consola/dist/browser.mjs?v=10181baa:47
[ 1507144ms] [WARNING] %cssr:warn%c [intlify] Fall back to translate 'title.cart' key with 'cs' locale. 
      background: #f39c12;
      border-radius: 0.5em;
      color: white;
      font-weight: bold;
      padding: 2px 0.5em;
      
  at warn (/Users/andrejkoval/Dev/vivadzen/src/front/node_modules/@intlify/shared/dist/shared.mjs)
  at resolveMessageFormat (/Users/andrejkoval/Dev/vivadzen/src/front/node_modules/@intlify/core-base/dist/core-base.mjs)
  at translate (/Users/andrejkoval/Dev/vivadzen/src/front/node_modules/@intlify/core-base/dist/core-base.mjs)
 @ http://localhost:3001/_nuxt/@fs/Users/andrejkoval/Dev/vivadzen/src/front/node_modules/consola/dist/browser.mjs?v=10181baa:47
[ 1507144ms] [WARNING] %cssr:warn%c [intlify] Not found 'title.cart' key in 'cs' locale messages. 
      background: #f39c12;
      border-radius: 0.5em;
      color: white;
      font-weight: bold;
      padding: 2px 0.5em;
      
  at warn (/Users/andrejkoval/Dev/vivadzen/src/front/node_modules/@intlify/shared/dist/shared.mjs)
  at handleMissing (/Users/andrejkoval/Dev/vivadzen/src/front/node_modules/@intlify/core-base/dist/core-base.mjs)
  at resolveMessageFormat (/Users/andrejkoval/Dev/vivadzen/src/front/node_modules/@intlify/core-base/dist/core-base.mjs)
 @ http://localhost:3001/_nuxt/@fs/Users/andrejkoval/Dev/vivadzen/src/front/node_modules/consola/dist/browser.mjs?v=10181baa:47
[ 1507144ms] [WARNING] %cssr:warn%c [intlify] Fall back to translate 'title.cart' with root locale. 
      background: #f39c12;
      border-radius: 0.5em;
      color: white;
      font-weight: bold;
      padding: 2px 0.5em;
      
  at warn (/Users/andrejkoval/Dev/vivadzen/src/front/node_modules/@intlify/shared/dist/shared.mjs)
  at wrapWithDeps (/Users/andrejkoval/Dev/vivadzen/src/front/node_modules/vue-i18n/dist/vue-i18n.mjs)
  at Proxy.t (/Users/andrejkoval/Dev/vivadzen/src/front/node_modules/vue-i18n/dist/vue-i18n.mjs)
 @ http://localhost:3001/_nuxt/@fs/Users/andrejkoval/Dev/vivadzen/src/front/node_modules/consola/dist/browser.mjs?v=10181baa:47
[ 1507144ms] [WARNING] %cssr:warn%c [intlify] Not found 'title.catalog' key in 'ru' locale messages. 
      background: #f39c12;
      border-radius: 0.5em;
      color: white;
      font-weight: bold;
      padding: 2px 0.5em;
      
  at warn (/Users/andrejkoval/Dev/vivadzen/src/front/node_modules/@intlify/shared/dist/shared.mjs)
  at handleMissing (/Users/andrejkoval/Dev/vivadzen/src/front/node_modules/@intlify/core-base/dist/core-base.mjs)
  at resolveMessageFormat (/Users/andrejkoval/Dev/vivadzen/src/front/node_modules/@intlify/core-base/dist/core-base.mjs)
 @ http://localhost:3001/_nuxt/@fs/Users/andrejkoval/Dev/vivadzen/src/front/node_modules/consola/dist/browser.mjs?v=10181baa:47
[ 1507144ms] [WARNING] %cssr:warn%c [intlify] Fall back to translate 'title.catalog' key with 'cs' locale. 
      background: #f39c12;
      border-radius: 0.5em;
      color: white;
      font-weight: bold;
      padding: 2px 0.5em;
      
  at warn (/Users/andrejkoval/Dev/vivadzen/src/front/node_modules/@intlify/shared/dist/shared.mjs)
  at resolveMessageFormat (/Users/andrejkoval/Dev/vivadzen/src/front/node_modules/@intlify/core-base/dist/core-base.mjs)
  at translate (/Users/andrejkoval/Dev/vivadzen/src/front/node_modules/@intlify/core-base/dist/core-base.mjs)
 @ http://localhost:3001/_nuxt/@fs/Users/andrejkoval/Dev/vivadzen/src/front/node_modules/consola/dist/browser.mjs?v=10181baa:47
[ 1507144ms] [WARNING] %cssr:warn%c [intlify] Not found 'title.catalog' key in 'cs' locale messages. 
      background: #f39c12;
      border-radius: 0.5em;
      color: white;
      font-weight: bold;
      padding: 2px 0.5em;
      
  at warn (/Users/andrejkoval/Dev/vivadzen/src/front/node_modules/@intlify/shared/dist/shared.mjs)
  at handleMissing (/Users/andrejkoval/Dev/vivadzen/src/front/node_modules/@intlify/core-base/dist/core-base.mjs)
  at resolveMessageFormat (/Users/andrejkoval/Dev/vivadzen/src/front/node_modules/@intlify/core-base/dist/core-base.mjs)
 @ http://localhost:3001/_nuxt/@fs/Users/andrejkoval/Dev/vivadzen/src/front/node_modules/consola/dist/browser.mjs?v=10181baa:47
[ 1507144ms] [WARNING] %cssr:warn%c [intlify] Fall back to translate 'title.catalog' with root locale. 
      background: #f39c12;
      border-radius: 0.5em;
      color: white;
      font-weight: bold;
      padding: 2px 0.5em;
      
  at warn (/Users/andrejkoval/Dev/vivadzen/src/front/node_modules/@intlify/shared/dist/shared.mjs)
  at wrapWithDeps (/Users/andrejkoval/Dev/vivadzen/src/front/node_modules/vue-i18n/dist/vue-i18n.mjs)
  at t (/Users/andrejkoval/Dev/vivadzen/src/front/node_modules/vue-i18n/dist/vue-i18n.mjs)
 @ http://localhost:3001/_nuxt/@fs/Users/andrejkoval/Dev/vivadzen/src/front/node_modules/consola/dist/browser.mjs?v=10181baa:47
[ 1507144ms] [WARNING] %cssr:warn%c [intlify] Not found 'title.delivery' key in 'ru' locale messages. 
      background: #f39c12;
      border-radius: 0.5em;
      color: white;
      font-weight: bold;
      padding: 2px 0.5em;
      
  at warn (/Users/andrejkoval/Dev/vivadzen/src/front/node_modules/@intlify/shared/dist/shared.mjs)
  at handleMissing (/Users/andrejkoval/Dev/vivadzen/src/front/node_modules/@intlify/core-base/dist/core-base.mjs)
  at resolveMessageFormat (/Users/andrejkoval/Dev/vivadzen/src/front/node_modules/@intlify/core-base/dist/core-base.mjs)
 @ http://localhost:3001/_nuxt/@fs/Users/andrejkoval/Dev/vivadzen/src/front/node_modules/consola/dist/browser.mjs?v=10181baa:47
[ 1507144ms] [WARNING] %cssr:warn%c [intlify] Fall back to translate 'title.delivery' key with 'cs' locale. 
      background: #f39c12;
      border-radius: 0.5em;
      color: white;
      font-weight: bold;
      padding: 2px 0.5em;
      
  at warn (/Users/andrejkoval/Dev/vivadzen/src/front/node_modules/@intlify/shared/dist/shared.mjs)
  at resolveMessageFormat (/Users/andrejkoval/Dev/vivadzen/src/front/node_modules/@intlify/core-base/dist/core-base.mjs)
  at translate (/Users/andrejkoval/Dev/vivadzen/src/front/node_modules/@intlify/core-base/dist/core-base.mjs)
 @ http://localhost:3001/_nuxt/@fs/Users/andrejkoval/Dev/vivadzen/src/front/node_modules/consola/dist/browser.mjs?v=10181baa:47
[ 1507144ms] [WARNING] %cssr:warn%c [intlify] Not found 'title.delivery' key in 'cs' locale messages. 
      background: #f39c12;
      border-radius: 0.5em;
      color: white;
      font-weight: bold;
      padding: 2px 0.5em;
      
  at warn (/Users/andrejkoval/Dev/vivadzen/src/front/node_modules/@intlify/shared/dist/shared.mjs)
  at handleMissing (/Users/andrejkoval/Dev/vivadzen/src/front/node_modules/@intlify/core-base/dist/core-base.mjs)
  at resolveMessageFormat (/Users/andrejkoval/Dev/vivadzen/src/front/node_modules/@intlify/core-base/dist/core-base.mjs)
 @ http://localhost:3001/_nuxt/@fs/Users/andrejkoval/Dev/vivadzen/src/front/node_modules/consola/dist/browser.mjs?v=10181baa:47
[ 1507144ms] [WARNING] %cssr:warn%c [intlify] Fall back to translate 'title.delivery' with root locale. 
      background: #f39c12;
      border-radius: 0.5em;
      color: white;
      font-weight: bold;
      padding: 2px 0.5em;
      
  at warn (/Users/andrejkoval/Dev/vivadzen/src/front/node_modules/@intlify/shared/dist/shared.mjs)
  at wrapWithDeps (/Users/andrejkoval/Dev/vivadzen/src/front/node_modules/vue-i18n/dist/vue-i18n.mjs)
  at t (/Users/andrejkoval/Dev/vivadzen/src/front/node_modules/vue-i18n/dist/vue-i18n.mjs)
 @ http://localhost:3001/_nuxt/@fs/Users/andrejkoval/Dev/vivadzen/src/front/node_modules/consola/dist/browser.mjs?v=10181baa:47
[ 1507144ms] [WARNING] %cssr:warn%c [intlify] Not found 'title.payment' key in 'ru' locale messages. 
      background: #f39c12;
      border-radius: 0.5em;
      color: white;
      font-weight: bold;
      padding: 2px 0.5em;
      
  at warn (/Users/andrejkoval/Dev/vivadzen/src/front/node_modules/@intlify/shared/dist/shared.mjs)
  at handleMissing (/Users/andrejkoval/Dev/vivadzen/src/front/node_modules/@intlify/core-base/dist/core-base.mjs)
  at resolveMessageFormat (/Users/andrejkoval/Dev/vivadzen/src/front/node_modules/@intlify/core-base/dist/core-base.mjs)
 @ http://localhost:3001/_nuxt/@fs/Users/andrejkoval/Dev/vivadzen/src/front/node_modules/consola/dist/browser.mjs?v=10181baa:47
[ 1507145ms] [WARNING] %cssr:warn%c [intlify] Fall back to translate 'title.payment' key with 'cs' locale. 
      background: #f39c12;
      border-radius: 0.5em;
      color: white;
      font-weight: bold;
      padding: 2px 0.5em;
      
  at warn (/Users/andrejkoval/Dev/vivadzen/src/front/node_modules/@intlify/shared/dist/shared.mjs)
  at resolveMessageFormat (/Users/andrejkoval/Dev/vivadzen/src/front/node_modules/@intlify/core-base/dist/core-base.mjs)
  at translate (/Users/andrejkoval/Dev/vivadzen/src/front/node_modules/@intlify/core-base/dist/core-base.mjs)
 @ http://localhost:3001/_nuxt/@fs/Users/andrejkoval/Dev/vivadzen/src/front/node_modules/consola/dist/browser.mjs?v=10181baa:47
[ 1507145ms] [WARNING] %cssr:warn%c [intlify] Not found 'title.payment' key in 'cs' locale messages. 
      background: #f39c12;
      border-radius: 0.5em;
      color: white;
      font-weight: bold;
      padding: 2px 0.5em;
      
  at warn (/Users/andrejkoval/Dev/vivadzen/src/front/node_modules/@intlify/shared/dist/shared.mjs)
  at handleMissing (/Users/andrejkoval/Dev/vivadzen/src/front/node_modules/@intlify/core-base/dist/core-base.mjs)
  at resolveMessageFormat (/Users/andrejkoval/Dev/vivadzen/src/front/node_modules/@intlify/core-base/dist/core-base.mjs)
 @ http://localhost:3001/_nuxt/@fs/Users/andrejkoval/Dev/vivadzen/src/front/node_modules/consola/dist/browser.mjs?v=10181baa:47
[ 1507145ms] [WARNING] %cssr:warn%c [intlify] Fall back to translate 'title.payment' with root locale. 
      background: #f39c12;
      border-radius: 0.5em;
      color: white;
      font-weight: bold;
      padding: 2px 0.5em;
      
  at warn (/Users/andrejkoval/Dev/vivadzen/src/front/node_modules/@intlify/shared/dist/shared.mjs)
  at wrapWithDeps (/Users/andrejkoval/Dev/vivadzen/src/front/node_modules/vue-i18n/dist/vue-i18n.mjs)
  at t (/Users/andrejkoval/Dev/vivadzen/src/front/node_modules/vue-i18n/dist/vue-i18n.mjs)
 @ http://localhost:3001/_nuxt/@fs/Users/andrejkoval/Dev/vivadzen/src/front/node_modules/consola/dist/browser.mjs?v=10181baa:47
[ 1507145ms] [WARNING] %cssr:warn%c [intlify] Not found 'title.age_verification' key in 'ru' locale messages. 
      background: #f39c12;
      border-radius: 0.5em;
      color: white;
      font-weight: bold;
      padding: 2px 0.5em;
      
  at warn (/Users/andrejkoval/Dev/vivadzen/src/front/node_modules/@intlify/shared/dist/shared.mjs)
  at handleMissing (/Users/andrejkoval/Dev/vivadzen/src/front/node_modules/@intlify/core-base/dist/core-base.mjs)
  at resolveMessageFormat (/Users/andrejkoval/Dev/vivadzen/src/front/node_modules/@intlify/core-base/dist/core-base.mjs)
 @ http://localhost:3001/_nuxt/@fs/Users/andrejkoval/Dev/vivadzen/src/front/node_modules/consola/dist/browser.mjs?v=10181baa:47
[ 1507145ms] [WARNING] %cssr:warn%c [intlify] Fall back to translate 'title.age_verification' key with 'cs' locale. 
      background: #f39c12;
      border-radius: 0.5em;
      color: white;
      font-weight: bold;
      padding: 2px 0.5em;
      
  at warn (/Users/andrejkoval/Dev/vivadzen/src/front/node_modules/@intlify/shared/dist/shared.mjs)
  at resolveMessageFormat (/Users/andrejkoval/Dev/vivadzen/src/front/node_modules/@intlify/core-base/dist/core-base.mjs)
  at translate (/Users/andrejkoval/Dev/vivadzen/src/front/node_modules/@intlify/core-base/dist/core-base.mjs)
 @ http://localhost:3001/_nuxt/@fs/Users/andrejkoval/Dev/vivadzen/src/front/node_modules/consola/dist/browser.mjs?v=10181baa:47
[ 1507145ms] [WARNING] %cssr:warn%c [intlify] Not found 'title.age_verification' key in 'cs' locale messages. 
      background: #f39c12;
      border-radius: 0.5em;
      color: white;
      font-weight: bold;
      padding: 2px 0.5em;
      
  at warn (/Users/andrejkoval/Dev/vivadzen/src/front/node_modules/@intlify/shared/dist/shared.mjs)
  at handleMissing (/Users/andrejkoval/Dev/vivadzen/src/front/node_modules/@intlify/core-base/dist/core-base.mjs)
  at resolveMessageFormat (/Users/andrejkoval/Dev/vivadzen/src/front/node_modules/@intlify/core-base/dist/core-base.mjs)
 @ http://localhost:3001/_nuxt/@fs/Users/andrejkoval/Dev/vivadzen/src/front/node_modules/consola/dist/browser.mjs?v=10181baa:47
[ 1507145ms] [WARNING] %cssr:warn%c [intlify] Fall back to translate 'title.age_verification' with root locale. 
      background: #f39c12;
      border-radius: 0.5em;
      color: white;
      font-weight: bold;
      padding: 2px 0.5em;
      
  at warn (/Users/andrejkoval/Dev/vivadzen/src/front/node_modules/@intlify/shared/dist/shared.mjs)
  at wrapWithDeps (/Users/andrejkoval/Dev/vivadzen/src/front/node_modules/vue-i18n/dist/vue-i18n.mjs)
  at t (/Users/andrejkoval/Dev/vivadzen/src/front/node_modules/vue-i18n/dist/vue-i18n.mjs)
 @ http://localhost:3001/_nuxt/@fs/Users/andrejkoval/Dev/vivadzen/src/front/node_modules/consola/dist/browser.mjs?v=10181baa:47
[ 1507145ms] [WARNING] %cssr:warn%c [intlify] Not found 'title.reviews' key in 'ru' locale messages. 
      background: #f39c12;
      border-radius: 0.5em;
      color: white;
      font-weight: bold;
      padding: 2px 0.5em;
      
  at warn (/Users/andrejkoval/Dev/vivadzen/src/front/node_modules/@intlify/shared/dist/shared.mjs)
  at handleMissing (/Users/andrejkoval/Dev/vivadzen/src/front/node_modules/@intlify/core-base/dist/core-base.mjs)
  at resolveMessageFormat (/Users/andrejkoval/Dev/vivadzen/src/front/node_modules/@intlify/core-base/dist/core-base.mjs)
 @ http://localhost:3001/_nuxt/@fs/Users/andrejkoval/Dev/vivadzen/src/front/node_modules/consola/dist/browser.mjs?v=10181baa:47
[ 1507145ms] [WARNING] %cssr:warn%c [intlify] Fall back to translate 'title.reviews' key with 'cs' locale. 
      background: #f39c12;
      border-radius: 0.5em;
      color: white;
      font-weight: bold;
      padding: 2px 0.5em;
      
  at warn (/Users/andrejkoval/Dev/vivadzen/src/front/node_modules/@intlify/shared/dist/shared.mjs)
  at resolveMessageFormat (/Users/andrejkoval/Dev/vivadzen/src/front/node_modules/@intlify/core-base/dist/core-base.mjs)
  at translate (/Users/andrejkoval/Dev/vivadzen/src/front/node_modules/@intlify/core-base/dist/core-base.mjs)
 @ http://localhost:3001/_nuxt/@fs/Users/andrejkoval/Dev/vivadzen/src/front/node_modules/consola/dist/browser.mjs?v=10181baa:47
[ 1507145ms] [WARNING] %cssr:warn%c [intlify] Not found 'title.reviews' key in 'cs' locale messages. 
      background: #f39c12;
      border-radius: 0.5em;
      color: white;
      font-weight: bold;
      padding: 2px 0.5em;
      
  at warn (/Users/andrejkoval/Dev/vivadzen/src/front/node_modules/@intlify/shared/dist/shared.mjs)
  at handleMissing (/Users/andrejkoval/Dev/vivadzen/src/front/node_modules/@intlify/core-base/dist/core-base.mjs)
  at resolveMessageFormat (/Users/andrejkoval/Dev/vivadzen/src/front/node_modules/@intlify/core-base/dist/core-base.mjs)
 @ http://localhost:3001/_nuxt/@fs/Users/andrejkoval/Dev/vivadzen/src/front/node_modules/consola/dist/browser.mjs?v=10181baa:47
[ 1507145ms] [WARNING] %cssr:warn%c [intlify] Fall back to translate 'title.reviews' with root locale. 
      background: #f39c12;
      border-radius: 0.5em;
      color: white;
      font-weight: bold;
      padding: 2px 0.5em;
      
  at warn (/Users/andrejkoval/Dev/vivadzen/src/front/node_modules/@intlify/shared/dist/shared.mjs)
  at wrapWithDeps (/Users/andrejkoval/Dev/vivadzen/src/front/node_modules/vue-i18n/dist/vue-i18n.mjs)
  at t (/Users/andrejkoval/Dev/vivadzen/src/front/node_modules/vue-i18n/dist/vue-i18n.mjs)
 @ http://localhost:3001/_nuxt/@fs/Users/andrejkoval/Dev/vivadzen/src/front/node_modules/consola/dist/browser.mjs?v=10181baa:47
[ 1507145ms] [WARNING] %cssr:warn%c [intlify] Not found 'title.about' key in 'ru' locale messages. 
      background: #f39c12;
      border-radius: 0.5em;
      color: white;
      font-weight: bold;
      padding: 2px 0.5em;
      
  at warn (/Users/andrejkoval/Dev/vivadzen/src/front/node_modules/@intlify/shared/dist/shared.mjs)
  at handleMissing (/Users/andrejkoval/Dev/vivadzen/src/front/node_modules/@intlify/core-base/dist/core-base.mjs)
  at resolveMessageFormat (/Users/andrejkoval/Dev/vivadzen/src/front/node_modules/@intlify/core-base/dist/core-base.mjs)
 @ http://localhost:3001/_nuxt/@fs/Users/andrejkoval/Dev/vivadzen/src/front/node_modules/consola/dist/browser.mjs?v=10181baa:47
[ 1507145ms] [WARNING] %cssr:warn%c [intlify] Fall back to translate 'title.about' key with 'cs' locale. 
      background: #f39c12;
      border-radius: 0.5em;
      color: white;
      font-weight: bold;
      padding: 2px 0.5em;
      
  at warn (/Users/andrejkoval/Dev/vivadzen/src/front/node_modules/@intlify/shared/dist/shared.mjs)
  at resolveMessageFormat (/Users/andrejkoval/Dev/vivadzen/src/front/node_modules/@intlify/core-base/dist/core-base.mjs)
  at translate (/Users/andrejkoval/Dev/vivadzen/src/front/node_modules/@intlify/core-base/dist/core-base.mjs)
 @ http://localhost:3001/_nuxt/@fs/Users/andrejkoval/Dev/vivadzen/src/front/node_modules/consola/dist/browser.mjs?v=10181baa:47
[ 1507145ms] [WARNING] %cssr:warn%c [intlify] Not found 'title.about' key in 'cs' locale messages. 
      background: #f39c12;
      border-radius: 0.5em;
      color: white;
      font-weight: bold;
      padding: 2px 0.5em;
      
  at warn (/Users/andrejkoval/Dev/vivadzen/src/front/node_modules/@intlify/shared/dist/shared.mjs)
  at handleMissing (/Users/andrejkoval/Dev/vivadzen/src/front/node_modules/@intlify/core-base/dist/core-base.mjs)
  at resolveMessageFormat (/Users/andrejkoval/Dev/vivadzen/src/front/node_modules/@intlify/core-base/dist/core-base.mjs)
 @ http://localhost:3001/_nuxt/@fs/Users/andrejkoval/Dev/vivadzen/src/front/node_modules/consola/dist/browser.mjs?v=10181baa:47
[ 1507145ms] [WARNING] %cssr:warn%c [intlify] Fall back to translate 'title.about' with root locale. 
      background: #f39c12;
      border-radius: 0.5em;
      color: white;
      font-weight: bold;
      padding: 2px 0.5em;
      
  at warn (/Users/andrejkoval/Dev/vivadzen/src/front/node_modules/@intlify/shared/dist/shared.mjs)
  at wrapWithDeps (/Users/andrejkoval/Dev/vivadzen/src/front/node_modules/vue-i18n/dist/vue-i18n.mjs)
  at t (/Users/andrejkoval/Dev/vivadzen/src/front/node_modules/vue-i18n/dist/vue-i18n.mjs)
 @ http://localhost:3001/_nuxt/@fs/Users/andrejkoval/Dev/vivadzen/src/front/node_modules/consola/dist/browser.mjs?v=10181baa:47
[ 1507145ms] [WARNING] %cssr:warn%c [intlify] Not found 'title.contacts' key in 'ru' locale messages. 
      background: #f39c12;
      border-radius: 0.5em;
      color: white;
      font-weight: bold;
      padding: 2px 0.5em;
      
  at warn (/Users/andrejkoval/Dev/vivadzen/src/front/node_modules/@intlify/shared/dist/shared.mjs)
  at handleMissing (/Users/andrejkoval/Dev/vivadzen/src/front/node_modules/@intlify/core-base/dist/core-base.mjs)
  at resolveMessageFormat (/Users/andrejkoval/Dev/vivadzen/src/front/node_modules/@intlify/core-base/dist/core-base.mjs)
 @ http://localhost:3001/_nuxt/@fs/Users/andrejkoval/Dev/vivadzen/src/front/node_modules/consola/dist/browser.mjs?v=10181baa:47
[ 1507145ms] [WARNING] %cssr:warn%c [intlify] Fall back to translate 'title.contacts' key with 'cs' locale. 
      background: #f39c12;
      border-radius: 0.5em;
      color: white;
      font-weight: bold;
      padding: 2px 0.5em;
      
  at warn (/Users/andrejkoval/Dev/vivadzen/src/front/node_modules/@intlify/shared/dist/shared.mjs)
  at resolveMessageFormat (/Users/andrejkoval/Dev/vivadzen/src/front/node_modules/@intlify/core-base/dist/core-base.mjs)
  at translate (/Users/andrejkoval/Dev/vivadzen/src/front/node_modules/@intlify/core-base/dist/core-base.mjs)
 @ http://localhost:3001/_nuxt/@fs/Users/andrejkoval/Dev/vivadzen/src/front/node_modules/consola/dist/browser.mjs?v=10181baa:47
[ 1507145ms] [WARNING] %cssr:warn%c [intlify] Not found 'title.contacts' key in 'cs' locale messages. 
      background: #f39c12;
      border-radius: 0.5em;
      color: white;
      font-weight: bold;
      padding: 2px 0.5em;
      
  at warn (/Users/andrejkoval/Dev/vivadzen/src/front/node_modules/@intlify/shared/dist/shared.mjs)
  at handleMissing (/Users/andrejkoval/Dev/vivadzen/src/front/node_modules/@intlify/core-base/dist/core-base.mjs)
  at resolveMessageFormat (/Users/andrejkoval/Dev/vivadzen/src/front/node_modules/@intlify/core-base/dist/core-base.mjs)
 @ http://localhost:3001/_nuxt/@fs/Users/andrejkoval/Dev/vivadzen/src/front/node_modules/consola/dist/browser.mjs?v=10181baa:47
[ 1507145ms] [WARNING] %cssr:warn%c [intlify] Fall back to translate 'title.contacts' with root locale. 
      background: #f39c12;
      border-radius: 0.5em;
      color: white;
      font-weight: bold;
      padding: 2px 0.5em;
      
  at warn (/Users/andrejkoval/Dev/vivadzen/src/front/node_modules/@intlify/shared/dist/shared.mjs)
  at wrapWithDeps (/Users/andrejkoval/Dev/vivadzen/src/front/node_modules/vue-i18n/dist/vue-i18n.mjs)
  at t (/Users/andrejkoval/Dev/vivadzen/src/front/node_modules/vue-i18n/dist/vue-i18n.mjs)
 @ http://localhost:3001/_nuxt/@fs/Users/andrejkoval/Dev/vivadzen/src/front/node_modules/consola/dist/browser.mjs?v=10181baa:47
[ 1507145ms] [WARNING] %cssr:warn%c [intlify] Not found 'delivery.default_address' key in 'ru' locale messages. 
      background: #f39c12;
      border-radius: 0.5em;
      color: white;
      font-weight: bold;
      padding: 2px 0.5em;
      
  at warn (/Users/andrejkoval/Dev/vivadzen/src/front/node_modules/@intlify/shared/dist/shared.mjs)
  at handleMissing (/Users/andrejkoval/Dev/vivadzen/src/front/node_modules/@intlify/core-base/dist/core-base.mjs)
  at resolveMessageFormat (/Users/andrejkoval/Dev/vivadzen/src/front/node_modules/@intlify/core-base/dist/core-base.mjs)
 @ http://localhost:3001/_nuxt/@fs/Users/andrejkoval/Dev/vivadzen/src/front/node_modules/consola/dist/browser.mjs?v=10181baa:47
[ 1507145ms] [WARNING] %cssr:warn%c [intlify] Fall back to translate 'delivery.default_address' key with 'cs' locale. 
      background: #f39c12;
      border-radius: 0.5em;
      color: white;
      font-weight: bold;
      padding: 2px 0.5em;
      
  at warn (/Users/andrejkoval/Dev/vivadzen/src/front/node_modules/@intlify/shared/dist/shared.mjs)
  at resolveMessageFormat (/Users/andrejkoval/Dev/vivadzen/src/front/node_modules/@intlify/core-base/dist/core-base.mjs)
  at translate (/Users/andrejkoval/Dev/vivadzen/src/front/node_modules/@intlify/core-base/dist/core-base.mjs)
 @ http://localhost:3001/_nuxt/@fs/Users/andrejkoval/Dev/vivadzen/src/front/node_modules/consola/dist/browser.mjs?v=10181baa:47
[ 1507145ms] [WARNING] %cssr:warn%c [intlify] Not found 'delivery.default_address' key in 'cs' locale messages. 
      background: #f39c12;
      border-radius: 0.5em;
      color: white;
      font-weight: bold;
      padding: 2px 0.5em;
      
  at warn (/Users/andrejkoval/Dev/vivadzen/src/front/node_modules/@intlify/shared/dist/shared.mjs)
  at handleMissing (/Users/andrejkoval/Dev/vivadzen/src/front/node_modules/@intlify/core-base/dist/core-base.mjs)
  at resolveMessageFormat (/Users/andrejkoval/Dev/vivadzen/src/front/node_modules/@intlify/core-base/dist/core-base.mjs)
 @ http://localhost:3001/_nuxt/@fs/Users/andrejkoval/Dev/vivadzen/src/front/node_modules/consola/dist/browser.mjs?v=10181baa:47
[ 1507145ms] [WARNING] %cssr:warn%c [intlify] Not found parent scope. use the global scope. 
      background: #f39c12;
      border-radius: 0.5em;
      color: white;
      font-weight: bold;
      padding: 2px 0.5em;
      
  at warn (/Users/andrejkoval/Dev/vivadzen/src/front/node_modules/@intlify/shared/dist/shared.mjs)
  at useI18n (/Users/andrejkoval/Dev/vivadzen/src/front/node_modules/vue-i18n/dist/vue-i18n.mjs)
  at setup (/Users/andrejkoval/Dev/vivadzen/src/front/node_modules/vue-i18n/dist/vue-i18n.mjs)
 @ http://localhost:3001/_nuxt/@fs/Users/andrejkoval/Dev/vivadzen/src/front/node_modules/consola/dist/browser.mjs?v=10181baa:47
[ 1507145ms] [LOG] %cssr%c %s: %s 
      background: #7f8c8d;
      border-radius: 0.5em;
      color: white;
      font-weight: bold;
      padding: 2px 0.5em;
      [nuxt-app] app:rendered 0.077ms 
  at timeLogImpl (node:internal/console/constructor)
  at node:internal/console/constructor
  at timeLogImpl (node:internal/util/debuglog)
 @ http://localhost:3001/_nuxt/@fs/Users/andrejkoval/Dev/vivadzen/src/front/node_modules/consola/dist/browser.mjs?v=10181baa:47
[ 1507145ms] [LOG] %cssr%c %s: %s 
      background: #7f8c8d;
      border-radius: 0.5em;
      color: white;
      font-weight: bold;
      padding: 2px 0.5em;
      [nuxt-app] schema-org:meta 0.004ms 
  at timeLogImpl (node:internal/console/constructor)
  at node:internal/console/constructor
  at timeLogImpl (node:internal/util/debuglog)
 @ http://localhost:3001/_nuxt/@fs/Users/andrejkoval/Dev/vivadzen/src/front/node_modules/consola/dist/browser.mjs?v=10181baa:47
[ 1507145ms] [LOG] [nuxt-app] dev:ssr-logs: 3.10009765625 ms [Array(89)] @ http://localhost:3001/_nuxt/@fs/Users/andrejkoval/Dev/vivadzen/src/front/node_modules/hookable/dist/index.mjs?v=10181baa:271
[ 1507151ms] [LOG] [nuxt-app] page:loading:start: 0.08984375 ms [] @ http://localhost:3001/_nuxt/@fs/Users/andrejkoval/Dev/vivadzen/src/front/node_modules/hookable/dist/index.mjs?v=10181baa:271
[ 1507169ms] [WARNING] Timer '[nuxt-app] i18n:beforeLocaleSwitch' already exists @ http://localhost:3001/_nuxt/@fs/Users/andrejkoval/Dev/vivadzen/src/front/node_modules/hookable/dist/index.mjs?v=10181baa:261
[ 1507170ms] [LOG] [nuxt-app] i18n:beforeLocaleSwitch: 34.677978515625 ms [Object] @ http://localhost:3001/_nuxt/@fs/Users/andrejkoval/Dev/vivadzen/src/front/node_modules/hookable/dist/index.mjs?v=10181baa:271
[ 1507170ms] [LOG] [nuxt-app] app:created: 19.829833984375 ms [Object] @ http://localhost:3001/_nuxt/@fs/Users/andrejkoval/Dev/vivadzen/src/front/node_modules/hookable/dist/index.mjs?v=10181baa:271
[ 1507170ms] [LOG] [nuxt-app] app:beforeMount: 0.01708984375 ms [Object] @ http://localhost:3001/_nuxt/@fs/Users/andrejkoval/Dev/vivadzen/src/front/node_modules/hookable/dist/index.mjs?v=10181baa:271
[ 1507177ms] [LOG] [nuxt-app] vue:setup: 0.43994140625 ms [] @ http://localhost:3001/_nuxt/@fs/Users/andrejkoval/Dev/vivadzen/src/front/node_modules/hookable/dist/index.mjs?v=10181baa:271
[ 1507177ms] [INFO] <Suspense> is an experimental feature and its API will likely change. @ http://localhost:3001/_nuxt/@fs/Users/andrejkoval/Dev/vivadzen/src/front/node_modules/@vue/runtime-core/dist/runtime-core.esm-bundler.js?v=10181baa:7155
[ 1507179ms] [LOG] [nuxt-app] app:mounted: 0.106201171875 ms [Object] @ http://localhost:3001/_nuxt/@fs/Users/andrejkoval/Dev/vivadzen/src/front/node_modules/hookable/dist/index.mjs?v=10181baa:271
[ 1507179ms] [LOG] [Content] WS connect to ws://localhost:4000/ws @ http://localhost:3001/_nuxt/@fs/Users/andrejkoval/Dev/vivadzen/src/front/node_modules/@nuxt/content/dist/runtime/composables/web-socket.js?v=10181baa:4
[ 1507271ms] [WARNING] [intlify] Not found 'title.catalog' key in 'ru' locale messages. @ http://localhost:3001/_nuxt/node_modules/.cache/vite/client/deps/chunk-LY4OWT6B.js?v=10181baa:3
[ 1507271ms] [WARNING] [intlify] Fall back to translate 'title.catalog' key with 'cs' locale. @ http://localhost:3001/_nuxt/node_modules/.cache/vite/client/deps/chunk-LY4OWT6B.js?v=10181baa:3
[ 1507271ms] [WARNING] [intlify] Not found 'title.catalog' key in 'cs' locale messages. @ http://localhost:3001/_nuxt/node_modules/.cache/vite/client/deps/chunk-LY4OWT6B.js?v=10181baa:3
[ 1507271ms] [WARNING] [intlify] Fall back to translate 'title.catalog' with root locale. @ http://localhost:3001/_nuxt/node_modules/.cache/vite/client/deps/chunk-LY4OWT6B.js?v=10181baa:3
[ 1507271ms] [WARNING] [intlify] Not found 'title.delivery' key in 'ru' locale messages. @ http://localhost:3001/_nuxt/node_modules/.cache/vite/client/deps/chunk-LY4OWT6B.js?v=10181baa:3
[ 1507271ms] [WARNING] [intlify] Fall back to translate 'title.delivery' key with 'cs' locale. @ http://localhost:3001/_nuxt/node_modules/.cache/vite/client/deps/chunk-LY4OWT6B.js?v=10181baa:3
[ 1507271ms] [WARNING] [intlify] Not found 'title.delivery' key in 'cs' locale messages. @ http://localhost:3001/_nuxt/node_modules/.cache/vite/client/deps/chunk-LY4OWT6B.js?v=10181baa:3
[ 1507271ms] [WARNING] [intlify] Fall back to translate 'title.delivery' with root locale. @ http://localhost:3001/_nuxt/node_modules/.cache/vite/client/deps/chunk-LY4OWT6B.js?v=10181baa:3
[ 1507272ms] [WARNING] [intlify] Not found 'title.payment' key in 'ru' locale messages. @ http://localhost:3001/_nuxt/node_modules/.cache/vite/client/deps/chunk-LY4OWT6B.js?v=10181baa:3
[ 1507272ms] [WARNING] [intlify] Fall back to translate 'title.payment' key with 'cs' locale. @ http://localhost:3001/_nuxt/node_modules/.cache/vite/client/deps/chunk-LY4OWT6B.js?v=10181baa:3
[ 1507272ms] [WARNING] [intlify] Not found 'title.payment' key in 'cs' locale messages. @ http://localhost:3001/_nuxt/node_modules/.cache/vite/client/deps/chunk-LY4OWT6B.js?v=10181baa:3
[ 1507272ms] [WARNING] [intlify] Fall back to translate 'title.payment' with root locale. @ http://localhost:3001/_nuxt/node_modules/.cache/vite/client/deps/chunk-LY4OWT6B.js?v=10181baa:3
[ 1507272ms] [WARNING] [intlify] Not found 'title.age_verification' key in 'ru' locale messages. @ http://localhost:3001/_nuxt/node_modules/.cache/vite/client/deps/chunk-LY4OWT6B.js?v=10181baa:3
[ 1507272ms] [WARNING] [intlify] Fall back to translate 'title.age_verification' key with 'cs' locale. @ http://localhost:3001/_nuxt/node_modules/.cache/vite/client/deps/chunk-LY4OWT6B.js?v=10181baa:3
[ 1507272ms] [WARNING] [intlify] Not found 'title.age_verification' key in 'cs' locale messages. @ http://localhost:3001/_nuxt/node_modules/.cache/vite/client/deps/chunk-LY4OWT6B.js?v=10181baa:3
[ 1507272ms] [WARNING] [intlify] Fall back to translate 'title.age_verification' with root locale. @ http://localhost:3001/_nuxt/node_modules/.cache/vite/client/deps/chunk-LY4OWT6B.js?v=10181baa:3
[ 1507272ms] [WARNING] [intlify] Not found 'title.reviews' key in 'ru' locale messages. @ http://localhost:3001/_nuxt/node_modules/.cache/vite/client/deps/chunk-LY4OWT6B.js?v=10181baa:3
[ 1507272ms] [WARNING] [intlify] Fall back to translate 'title.reviews' key with 'cs' locale. @ http://localhost:3001/_nuxt/node_modules/.cache/vite/client/deps/chunk-LY4OWT6B.js?v=10181baa:3
[ 1507272ms] [WARNING] [intlify] Not found 'title.reviews' key in 'cs' locale messages. @ http://localhost:3001/_nuxt/node_modules/.cache/vite/client/deps/chunk-LY4OWT6B.js?v=10181baa:3
[ 1507272ms] [WARNING] [intlify] Fall back to translate 'title.reviews' with root locale. @ http://localhost:3001/_nuxt/node_modules/.cache/vite/client/deps/chunk-LY4OWT6B.js?v=10181baa:3
[ 1507273ms] [WARNING] [intlify] Not found 'title.about' key in 'ru' locale messages. @ http://localhost:3001/_nuxt/node_modules/.cache/vite/client/deps/chunk-LY4OWT6B.js?v=10181baa:3
[ 1507273ms] [WARNING] [intlify] Fall back to translate 'title.about' key with 'cs' locale. @ http://localhost:3001/_nuxt/node_modules/.cache/vite/client/deps/chunk-LY4OWT6B.js?v=10181baa:3
[ 1507273ms] [WARNING] [intlify] Not found 'title.about' key in 'cs' locale messages. @ http://localhost:3001/_nuxt/node_modules/.cache/vite/client/deps/chunk-LY4OWT6B.js?v=10181baa:3
[ 1507273ms] [WARNING] [intlify] Fall back to translate 'title.about' with root locale. @ http://localhost:3001/_nuxt/node_modules/.cache/vite/client/deps/chunk-LY4OWT6B.js?v=10181baa:3
[ 1507273ms] [WARNING] [intlify] Not found 'title.contacts' key in 'ru' locale messages. @ http://localhost:3001/_nuxt/node_modules/.cache/vite/client/deps/chunk-LY4OWT6B.js?v=10181baa:3
[ 1507273ms] [WARNING] [intlify] Fall back to translate 'title.contacts' key with 'cs' locale. @ http://localhost:3001/_nuxt/node_modules/.cache/vite/client/deps/chunk-LY4OWT6B.js?v=10181baa:3
[ 1507273ms] [WARNING] [intlify] Not found 'title.contacts' key in 'cs' locale messages. @ http://localhost:3001/_nuxt/node_modules/.cache/vite/client/deps/chunk-LY4OWT6B.js?v=10181baa:3
[ 1507273ms] [WARNING] [intlify] Fall back to translate 'title.contacts' with root locale. @ http://localhost:3001/_nuxt/node_modules/.cache/vite/client/deps/chunk-LY4OWT6B.js?v=10181baa:3
[ 1507274ms] [WARNING] [intlify] Not found 'button.login' key in 'ru' locale messages. @ http://localhost:3001/_nuxt/node_modules/.cache/vite/client/deps/chunk-LY4OWT6B.js?v=10181baa:3
[ 1507274ms] [WARNING] [intlify] Fall back to translate 'button.login' key with 'cs' locale. @ http://localhost:3001/_nuxt/node_modules/.cache/vite/client/deps/chunk-LY4OWT6B.js?v=10181baa:3
[ 1507274ms] [WARNING] [intlify] Not found 'button.login' key in 'cs' locale messages. @ http://localhost:3001/_nuxt/node_modules/.cache/vite/client/deps/chunk-LY4OWT6B.js?v=10181baa:3
[ 1507274ms] [WARNING] [intlify] Fall back to translate 'button.login' with root locale. @ http://localhost:3001/_nuxt/node_modules/.cache/vite/client/deps/chunk-LY4OWT6B.js?v=10181baa:3
[ 1507274ms] [WARNING] [intlify] Not found 'button.login' key in 'ru' locale messages. @ http://localhost:3001/_nuxt/node_modules/.cache/vite/client/deps/chunk-LY4OWT6B.js?v=10181baa:3
[ 1507275ms] [WARNING] [intlify] Fall back to translate 'button.login' key with 'cs' locale. @ http://localhost:3001/_nuxt/node_modules/.cache/vite/client/deps/chunk-LY4OWT6B.js?v=10181baa:3
[ 1507275ms] [WARNING] [intlify] Not found 'button.login' key in 'cs' locale messages. @ http://localhost:3001/_nuxt/node_modules/.cache/vite/client/deps/chunk-LY4OWT6B.js?v=10181baa:3
[ 1507275ms] [WARNING] [intlify] Not found 'title.cart' key in 'ru' locale messages. @ http://localhost:3001/_nuxt/node_modules/.cache/vite/client/deps/chunk-LY4OWT6B.js?v=10181baa:3
[ 1507275ms] [WARNING] [intlify] Fall back to translate 'title.cart' key with 'cs' locale. @ http://localhost:3001/_nuxt/node_modules/.cache/vite/client/deps/chunk-LY4OWT6B.js?v=10181baa:3
[ 1507275ms] [WARNING] [intlify] Not found 'title.cart' key in 'cs' locale messages. @ http://localhost:3001/_nuxt/node_modules/.cache/vite/client/deps/chunk-LY4OWT6B.js?v=10181baa:3
[ 1507275ms] [WARNING] [intlify] Fall back to translate 'title.cart' with root locale. @ http://localhost:3001/_nuxt/node_modules/.cache/vite/client/deps/chunk-LY4OWT6B.js?v=10181baa:3
[ 1507277ms] [WARNING] [intlify] Not found 'logo_alt' key in 'ru' locale messages. @ http://localhost:3001/_nuxt/node_modules/.cache/vite/client/deps/chunk-LY4OWT6B.js?v=10181baa:3
[ 1507277ms] [WARNING] [intlify] Fall back to translate 'logo_alt' key with 'cs' locale. @ http://localhost:3001/_nuxt/node_modules/.cache/vite/client/deps/chunk-LY4OWT6B.js?v=10181baa:3
[ 1507278ms] [WARNING] [intlify] Not found 'logo_alt' key in 'cs' locale messages. @ http://localhost:3001/_nuxt/node_modules/.cache/vite/client/deps/chunk-LY4OWT6B.js?v=10181baa:3
[ 1507278ms] [WARNING] [intlify] Fall back to translate 'logo_alt' with root locale. @ http://localhost:3001/_nuxt/node_modules/.cache/vite/client/deps/chunk-LY4OWT6B.js?v=10181baa:3
[ 1507278ms] [WARNING] [intlify] Not found 'logo_alt' key in 'ru' locale messages. @ http://localhost:3001/_nuxt/node_modules/.cache/vite/client/deps/chunk-LY4OWT6B.js?v=10181baa:3
[ 1507278ms] [WARNING] [intlify] Fall back to translate 'logo_alt' key with 'cs' locale. @ http://localhost:3001/_nuxt/node_modules/.cache/vite/client/deps/chunk-LY4OWT6B.js?v=10181baa:3
[ 1507278ms] [WARNING] [intlify] Not found 'logo_alt' key in 'cs' locale messages. @ http://localhost:3001/_nuxt/node_modules/.cache/vite/client/deps/chunk-LY4OWT6B.js?v=10181baa:3
[ 1507281ms] [WARNING] [Vue warn]: Hydration style mismatch on JSHandle@node 
  - rendered on server: style="width:1em;height:1em;--c613ce94-iconUrl:url('https://api.iconify.design/iconoir/nav-arrow-down.svg');"
  - expected on client: style="width:1em;height:1em;"
  Note: this mismatch is check-only. The DOM will not be rectified in production due to performance overhead.
  You should fix the source of the mismatch. 
  at <IconCSS key=0 name="iconoir:nav-arrow-down" class="hero-header__nav-link-icon" > 
  at <RouterLink ref=fn to="/ru/catalog" activeClass=undefined  ... > 
  at <NuxtLink to="/ru/catalog" class="hero-header__nav-link hero-header__nav-link--catalog" onClick=fn > 
  at <Header> 
  at <Body style= {background: #f8f1e6, --kratom-page-theme: light, --kratom-page-background: #f8f1e6, --kratom-page-text: #1f2b1d, --kratom-page-muted: rgba(31, 43, 29, 0.68)} data-page-theme="light" > 
  at <Html lang="ru-RU" dir="ltr" > 
  at <Default ref=Ref< undefined > > 
  at <AsyncComponentWrapper ref=Ref< undefined > > 
  at <LayoutLoader key="default" layoutProps= {ref: RefImpl} name="default" > 
  at <NuxtLayoutProvider layoutProps= {ref: RefImpl} key="default" name="default"  ... > 
  at <NuxtLayout> 
  at <App key=4 > 
  at <NuxtRoot> @ http://localhost:3001/_nuxt/@fs/Users/andrejkoval/Dev/vivadzen/src/front/node_modules/@vue/runtime-core/dist/runtime-core.esm-bundler.js?v=10181baa:49
[ 1507282ms] [ERROR] Hydration completed but contains mismatches. @ http://localhost:3001/_nuxt/@fs/Users/andrejkoval/Dev/vivadzen/src/front/node_modules/@vue/runtime-core/dist/runtime-core.esm-bundler.js?v=10181baa:1847
[ 1507283ms] [WARNING] [Vue warn]: Hydration style mismatch on JSHandle@node 
  - rendered on server: style="width:1em;height:1em;--c613ce94-iconUrl:url('https://api.iconify.design/ph/caret-right-bold.svg');"
  - expected on client: style="width:1em;height:1em;"
  Note: this mismatch is check-only. The DOM will not be rectified in production due to performance overhead.
  You should fix the source of the mismatch. 
  at <IconCSS name="ph:caret-right-bold" class="catalog-dropdown__icon" > 
  at <RouterLink ref=fn to="/ru/catalog" activeClass=undefined  ... > 
  at <NuxtLink key="all" to="/ru/catalog" class="catalog-dropdown__item"  ... > 
  at <CatalogDropdown key=0 enabled=false onNavigate=fn<closeCatalogDropdown> > 
  at <Header> 
  at <Body style= {background: #f8f1e6, --kratom-page-theme: light, --kratom-page-background: #f8f1e6, --kratom-page-text: #1f2b1d, --kratom-page-muted: rgba(31, 43, 29, 0.68)} data-page-theme="light" > 
  at <Html lang="ru-RU" dir="ltr" > 
  at <Default ref=Ref< undefined > > 
  at <AsyncComponentWrapper ref=Ref< undefined > > 
  at <LayoutLoader key="default" layoutProps= {ref: RefImpl} name="default" > 
  at <NuxtLayoutProvider layoutProps= {ref: RefImpl} key="default" name="default"  ... > 
  at <NuxtLayout> 
  at <App key=4 > 
  at <NuxtRoot> @ http://localhost:3001/_nuxt/@fs/Users/andrejkoval/Dev/vivadzen/src/front/node_modules/@vue/runtime-core/dist/runtime-core.esm-bundler.js?v=10181baa:49
[ 1507285ms] [WARNING] [Vue warn]: Hydration style mismatch on JSHandle@node 
  - rendered on server: style="width:1em;height:1em;--c613ce94-iconUrl:url('https://api.iconify.design/fluent/flash-24-regular.svg');"
  - expected on client: style="width:1em;height:1em;"
  Note: this mismatch is check-only. The DOM will not be rectified in production due to performance overhead.
  You should fix the source of the mismatch. 
  at <IconCSS name="fluent:flash-24-regular" class="hero-header__promo-cta-icon" > 
  at <Header> 
  at <Body style= {background: #f8f1e6, --kratom-page-theme: light, --kratom-page-background: #f8f1e6, --kratom-page-text: #1f2b1d, --kratom-page-muted: rgba(31, 43, 29, 0.68)} data-page-theme="light" > 
  at <Html lang="ru-RU" dir="ltr" > 
  at <Default ref=Ref< undefined > > 
  at <AsyncComponentWrapper ref=Ref< undefined > > 
  at <LayoutLoader key="default" layoutProps= {ref: RefImpl} name="default" > 
  at <NuxtLayoutProvider layoutProps= {ref: RefImpl} key="default" name="default"  ... > 
  at <NuxtLayout> 
  at <App key=4 > 
  at <NuxtRoot> @ http://localhost:3001/_nuxt/@fs/Users/andrejkoval/Dev/vivadzen/src/front/node_modules/@vue/runtime-core/dist/runtime-core.esm-bundler.js?v=10181baa:49
[ 1507285ms] [WARNING] [Vue warn]: Hydration style mismatch on JSHandle@node 
  - rendered on server: style="width:1em;height:1em;--c613ce94-iconUrl:url('https://api.iconify.design/iconoir/nav-arrow-down.svg');"
  - expected on client: style="width:1em;height:1em;"
  Note: this mismatch is check-only. The DOM will not be rectified in production due to performance overhead.
  You should fix the source of the mismatch. 
  at <IconCSS name="iconoir:nav-arrow-down" class="lang-switcher__chevron" > 
  at <Header> 
  at <Body style= {background: #f8f1e6, --kratom-page-theme: light, --kratom-page-background: #f8f1e6, --kratom-page-text: #1f2b1d, --kratom-page-muted: rgba(31, 43, 29, 0.68)} data-page-theme="light" > 
  at <Html lang="ru-RU" dir="ltr" > 
  at <Default ref=Ref< undefined > > 
  at <AsyncComponentWrapper ref=Ref< undefined > > 
  at <LayoutLoader key="default" layoutProps= {ref: RefImpl} name="default" > 
  at <NuxtLayoutProvider layoutProps= {ref: RefImpl} key="default" name="default"  ... > 
  at <NuxtLayout> 
  at <App key=4 > 
  at <NuxtRoot> @ http://localhost:3001/_nuxt/@fs/Users/andrejkoval/Dev/vivadzen/src/front/node_modules/@vue/runtime-core/dist/runtime-core.esm-bundler.js?v=10181baa:49
[ 1507286ms] [WARNING] [Vue warn]: Hydration style mismatch on JSHandle@node 
  - rendered on server: style="width:1em;height:1em;--c613ce94-iconUrl:url('https://api.iconify.design/ph/user-circle-fill.svg');"
  - expected on client: style="width:1em;height:1em;"
  Note: this mismatch is check-only. The DOM will not be rectified in production due to performance overhead.
  You should fix the source of the mismatch. 
  at <IconCSS key=1 name="ph:user-circle-fill" class="hero-header__account-icon" > 
  at <RouterLink ref=fn to="/ru/auth/login" activeClass=undefined  ... > 
  at <NuxtLink to="/ru/auth/login" class="hero-header__account" aria-label="button.login"  ... > 
  at <Header> 
  at <Body style= {background: #f8f1e6, --kratom-page-theme: light, --kratom-page-background: #f8f1e6, --kratom-page-text: #1f2b1d, --kratom-page-muted: rgba(31, 43, 29, 0.68)} data-page-theme="light" > 
  at <Html lang="ru-RU" dir="ltr" > 
  at <Default ref=Ref< undefined > > 
  at <AsyncComponentWrapper ref=Ref< undefined > > 
  at <LayoutLoader key="default" layoutProps= {ref: RefImpl} name="default" > 
  at <NuxtLayoutProvider layoutProps= {ref: RefImpl} key="default" name="default"  ... > 
  at <NuxtLayout> 
  at <App key=4 > 
  at <NuxtRoot> @ http://localhost:3001/_nuxt/@fs/Users/andrejkoval/Dev/vivadzen/src/front/node_modules/@vue/runtime-core/dist/runtime-core.esm-bundler.js?v=10181baa:49
[ 1507286ms] [WARNING] [Vue warn]: Hydration style mismatch on JSHandle@node 
  - rendered on server: style="width:1em;height:1em;--c613ce94-iconUrl:url('https://api.iconify.design/ci/shopping-cart-01.svg');"
  - expected on client: style="width:1em;height:1em;"
  Note: this mismatch is check-only. The DOM will not be rectified in production due to performance overhead.
  You should fix the source of the mismatch. 
  at <IconCSS name="ci:shopping-cart-01" class="hero-header__cart-icon" > 
  at <Header> 
  at <Body style= {background: #f8f1e6, --kratom-page-theme: light, --kratom-page-background: #f8f1e6, --kratom-page-text: #1f2b1d, --kratom-page-muted: rgba(31, 43, 29, 0.68)} data-page-theme="light" > 
  at <Html lang="ru-RU" dir="ltr" > 
  at <Default ref=Ref< undefined > > 
  at <AsyncComponentWrapper ref=Ref< undefined > > 
  at <LayoutLoader key="default" layoutProps= {ref: RefImpl} name="default" > 
  at <NuxtLayoutProvider layoutProps= {ref: RefImpl} key="default" name="default"  ... > 
  at <NuxtLayout> 
  at <App key=4 > 
  at <NuxtRoot> @ http://localhost:3001/_nuxt/@fs/Users/andrejkoval/Dev/vivadzen/src/front/node_modules/@vue/runtime-core/dist/runtime-core.esm-bundler.js?v=10181baa:49
[ 1507287ms] [WARNING] [Vue warn]: Hydration style mismatch on JSHandle@node 
  - rendered on server: style="width:1em;height:1em;--c613ce94-iconUrl:url('https://api.iconify.design/mynaui/telephone-call.svg');"
  - expected on client: style="width:1em;height:1em;"
  Note: this mismatch is check-only. The DOM will not be rectified in production due to performance overhead.
  You should fix the source of the mismatch. 
  at <IconCSS name="mynaui:telephone-call" class="hero-mobile-menu__contact-icon" > 
  at <Header> 
  at <Body style= {background: #f8f1e6, --kratom-page-theme: light, --kratom-page-background: #f8f1e6, --kratom-page-text: #1f2b1d, --kratom-page-muted: rgba(31, 43, 29, 0.68)} data-page-theme="light" > 
  at <Html lang="ru-RU" dir="ltr" > 
  at <Default ref=Ref< undefined > > 
  at <AsyncComponentWrapper ref=Ref< undefined > > 
  at <LayoutLoader key="default" layoutProps= {ref: RefImpl} name="default" > 
  at <NuxtLayoutProvider layoutProps= {ref: RefImpl} key="default" name="default"  ... > 
  at <NuxtLayout> 
  at <App key=4 > 
  at <NuxtRoot> @ http://localhost:3001/_nuxt/@fs/Users/andrejkoval/Dev/vivadzen/src/front/node_modules/@vue/runtime-core/dist/runtime-core.esm-bundler.js?v=10181baa:49
[ 1507287ms] [WARNING] [Vue warn]: Hydration style mismatch on JSHandle@node 
  - rendered on server: style="width:1em;height:1em;--c613ce94-iconUrl:url('https://api.iconify.design/ic/round-alternate-email.svg');"
  - expected on client: style="width:1em;height:1em;"
  Note: this mismatch is check-only. The DOM will not be rectified in production due to performance overhead.
  You should fix the source of the mismatch. 
  at <IconCSS name="ic:round-alternate-email" class="hero-mobile-menu__contact-icon" > 
  at <Header> 
  at <Body style= {background: #f8f1e6, --kratom-page-theme: light, --kratom-page-background: #f8f1e6, --kratom-page-text: #1f2b1d, --kratom-page-muted: rgba(31, 43, 29, 0.68)} data-page-theme="light" > 
  at <Html lang="ru-RU" dir="ltr" > 
  at <Default ref=Ref< undefined > > 
  at <AsyncComponentWrapper ref=Ref< undefined > > 
  at <LayoutLoader key="default" layoutProps= {ref: RefImpl} name="default" > 
  at <NuxtLayoutProvider layoutProps= {ref: RefImpl} key="default" name="default"  ... > 
  at <NuxtLayout> 
  at <App key=4 > 
  at <NuxtRoot> @ http://localhost:3001/_nuxt/@fs/Users/andrejkoval/Dev/vivadzen/src/front/node_modules/@vue/runtime-core/dist/runtime-core.esm-bundler.js?v=10181baa:49
[ 1507287ms] [WARNING] [Vue warn]: Hydration style mismatch on JSHandle@node 
  - rendered on server: style="width:1em;height:1em;--c613ce94-iconUrl:url('https://api.iconify.design/mynaui/location.svg');"
  - expected on client: style="width:1em;height:1em;"
  Note: this mismatch is check-only. The DOM will not be rectified in production due to performance overhead.
  You should fix the source of the mismatch. 
  at <IconCSS name="mynaui:location" class="hero-mobile-menu__contact-icon" > 
  at <Header> 
  at <Body style= {background: #f8f1e6, --kratom-page-theme: light, --kratom-page-background: #f8f1e6, --kratom-page-text: #1f2b1d, --kratom-page-muted: rgba(31, 43, 29, 0.68)} data-page-theme="light" > 
  at <Html lang="ru-RU" dir="ltr" > 
  at <Default ref=Ref< undefined > > 
  at <AsyncComponentWrapper ref=Ref< undefined > > 
  at <LayoutLoader key="default" layoutProps= {ref: RefImpl} name="default" > 
  at <NuxtLayoutProvider layoutProps= {ref: RefImpl} key="default" name="default"  ... > 
  at <NuxtLayout> 
  at <App key=4 > 
  at <NuxtRoot> @ http://localhost:3001/_nuxt/@fs/Users/andrejkoval/Dev/vivadzen/src/front/node_modules/@vue/runtime-core/dist/runtime-core.esm-bundler.js?v=10181baa:49
[ 1507287ms] [WARNING] [Vue warn]: Hydration style mismatch on JSHandle@node 
  - rendered on server: style="width:1em;height:1em;--c613ce94-iconUrl:url('https://api.iconify.design/mynaui/clock-4.svg');"
  - expected on client: style="width:1em;height:1em;"
  Note: this mismatch is check-only. The DOM will not be rectified in production due to performance overhead.
  You should fix the source of the mismatch. 
  at <IconCSS name="mynaui:clock-4" class="hero-mobile-menu__contact-icon" > 
  at <Header> 
  at <Body style= {background: #f8f1e6, --kratom-page-theme: light, --kratom-page-background: #f8f1e6, --kratom-page-text: #1f2b1d, --kratom-page-muted: rgba(31, 43, 29, 0.68)} data-page-theme="light" > 
  at <Html lang="ru-RU" dir="ltr" > 
  at <Default ref=Ref< undefined > > 
  at <AsyncComponentWrapper ref=Ref< undefined > > 
  at <LayoutLoader key="default" layoutProps= {ref: RefImpl} name="default" > 
  at <NuxtLayoutProvider layoutProps= {ref: RefImpl} key="default" name="default"  ... > 
  at <NuxtLayout> 
  at <App key=4 > 
  at <NuxtRoot> @ http://localhost:3001/_nuxt/@fs/Users/andrejkoval/Dev/vivadzen/src/front/node_modules/@vue/runtime-core/dist/runtime-core.esm-bundler.js?v=10181baa:49
[ 1507288ms] [WARNING] [Vue warn]: Hydration style mismatch on JSHandle@node 
  - rendered on server: style="width:1em;height:1em;--c613ce94-iconUrl:url('https://api.iconify.design/fluent/flash-24-regular.svg');"
  - expected on client: style="width:1em;height:1em;"
  Note: this mismatch is check-only. The DOM will not be rectified in production due to performance overhead.
  You should fix the source of the mismatch. 
  at <IconCSS name="fluent:flash-24-regular" class="icon" > 
  at <Header> 
  at <Body style= {background: #f8f1e6, --kratom-page-theme: light, --kratom-page-background: #f8f1e6, --kratom-page-text: #1f2b1d, --kratom-page-muted: rgba(31, 43, 29, 0.68)} data-page-theme="light" > 
  at <Html lang="ru-RU" dir="ltr" > 
  at <Default ref=Ref< undefined > > 
  at <AsyncComponentWrapper ref=Ref< undefined > > 
  at <LayoutLoader key="default" layoutProps= {ref: RefImpl} name="default" > 
  at <NuxtLayoutProvider layoutProps= {ref: RefImpl} key="default" name="default"  ... > 
  at <NuxtLayout> 
  at <App key=4 > 
  at <NuxtRoot> @ http://localhost:3001/_nuxt/@fs/Users/andrejkoval/Dev/vivadzen/src/front/node_modules/@vue/runtime-core/dist/runtime-core.esm-bundler.js?v=10181baa:49
[ 1507292ms] [WARNING] [Vue warn]: Hydration style mismatch on JSHandle@node 
  - rendered on server: style="width:1em;height:1em;--c613ce94-iconUrl:url('https://api.iconify.design/ph/arrow-up-bold.svg');"
  - expected on client: style="width:1em;height:1em;"
  Note: this mismatch is check-only. The DOM will not be rectified in production due to performance overhead.
  You should fix the source of the mismatch. 
  at <IconCSS name="ph:arrow-up-bold" class="scroll-top-button__icon" > 
  at <ScrollToTopButton> 
  at <FloatingButtons> 
  at <Body style= {background: #f8f1e6, --kratom-page-theme: light, --kratom-page-background: #f8f1e6, --kratom-page-text: #1f2b1d, --kratom-page-muted: rgba(31, 43, 29, 0.68)} data-page-theme="light" > 
  at <Html lang="ru-RU" dir="ltr" > 
  at <Default ref=Ref< undefined > > 
  at <AsyncComponentWrapper ref=Ref< undefined > > 
  at <LayoutLoader key="default" layoutProps= {ref: RefImpl} name="default" > 
  at <NuxtLayoutProvider layoutProps= {ref: RefImpl} key="default" name="default"  ... > 
  at <NuxtLayout> 
  at <App key=4 > 
  at <NuxtRoot> @ http://localhost:3001/_nuxt/@fs/Users/andrejkoval/Dev/vivadzen/src/front/node_modules/@vue/runtime-core/dist/runtime-core.esm-bundler.js?v=10181baa:49
[ 1507293ms] [WARNING] [Vue warn]: Hydration style mismatch on JSHandle@node 
  - rendered on server: style="width:1em;height:1em;--c613ce94-iconUrl:url('https://api.iconify.design/ph/chat-circle-dots-fill.svg');"
  - expected on client: style="width:1em;height:1em;"
  Note: this mismatch is check-only. The DOM will not be rectified in production due to performance overhead.
  You should fix the source of the mismatch. 
  at <IconCSS name="ph:chat-circle-dots-fill" class="chat-support-button__icon" > 
  at <ChatSupportButton> 
  at <FloatingButtons> 
  at <Body style= {background: #f8f1e6, --kratom-page-theme: light, --kratom-page-background: #f8f1e6, --kratom-page-text: #1f2b1d, --kratom-page-muted: rgba(31, 43, 29, 0.68)} data-page-theme="light" > 
  at <Html lang="ru-RU" dir="ltr" > 
  at <Default ref=Ref< undefined > > 
  at <AsyncComponentWrapper ref=Ref< undefined > > 
  at <LayoutLoader key="default" layoutProps= {ref: RefImpl} name="default" > 
  at <NuxtLayoutProvider layoutProps= {ref: RefImpl} key="default" name="default"  ... > 
  at <NuxtLayout> 
  at <App key=4 > 
  at <NuxtRoot> @ http://localhost:3001/_nuxt/@fs/Users/andrejkoval/Dev/vivadzen/src/front/node_modules/@vue/runtime-core/dist/runtime-core.esm-bundler.js?v=10181baa:49
[ 1507296ms] [WARNING] [Vue warn]: Hydration style mismatch on JSHandle@node 
  - rendered on server: style="width:1em;height:1em;--c613ce94-iconUrl:url('https://api.iconify.design/ph/telegram-logo.svg');"
  - expected on client: style="width:1em;height:1em;"
  Note: this mismatch is check-only. The DOM will not be rectified in production due to performance overhead.
  You should fix the source of the mismatch. 
  at <IconCSS name="ph:telegram-logo" > 
  at <SiteFooter> 
  at <Body style= {background: #f8f1e6, --kratom-page-theme: light, --kratom-page-background: #f8f1e6, --kratom-page-text: #1f2b1d, --kratom-page-muted: rgba(31, 43, 29, 0.68)} data-page-theme="light" > 
  at <Html lang="ru-RU" dir="ltr" > 
  at <Default ref=Ref< undefined > > 
  at <AsyncComponentWrapper ref=Ref< undefined > > 
  at <LayoutLoader key="default" layoutProps= {ref: RefImpl} name="default" > 
  at <NuxtLayoutProvider layoutProps= {ref: RefImpl} key="default" name="default"  ... > 
  at <NuxtLayout> 
  at <App key=4 > 
  at <NuxtRoot> @ http://localhost:3001/_nuxt/@fs/Users/andrejkoval/Dev/vivadzen/src/front/node_modules/@vue/runtime-core/dist/runtime-core.esm-bundler.js?v=10181baa:49
[ 1507296ms] [WARNING] [Vue warn]: Hydration style mismatch on JSHandle@node 
  - rendered on server: style="width:1em;height:1em;--c613ce94-iconUrl:url('https://api.iconify.design/ph/whatsapp-logo.svg');"
  - expected on client: style="width:1em;height:1em;"
  Note: this mismatch is check-only. The DOM will not be rectified in production due to performance overhead.
  You should fix the source of the mismatch. 
  at <IconCSS name="ph:whatsapp-logo" > 
  at <SiteFooter> 
  at <Body style= {background: #f8f1e6, --kratom-page-theme: light, --kratom-page-background: #f8f1e6, --kratom-page-text: #1f2b1d, --kratom-page-muted: rgba(31, 43, 29, 0.68)} data-page-theme="light" > 
  at <Html lang="ru-RU" dir="ltr" > 
  at <Default ref=Ref< undefined > > 
  at <AsyncComponentWrapper ref=Ref< undefined > > 
  at <LayoutLoader key="default" layoutProps= {ref: RefImpl} name="default" > 
  at <NuxtLayoutProvider layoutProps= {ref: RefImpl} key="default" name="default"  ... > 
  at <NuxtLayout> 
  at <App key=4 > 
  at <NuxtRoot> @ http://localhost:3001/_nuxt/@fs/Users/andrejkoval/Dev/vivadzen/src/front/node_modules/@vue/runtime-core/dist/runtime-core.esm-bundler.js?v=10181baa:49
[ 1507296ms] [WARNING] [Vue warn]: Hydration style mismatch on JSHandle@node 
  - rendered on server: style="width:1em;height:1em;--c613ce94-iconUrl:url('https://api.iconify.design/iconoir/instagram.svg');"
  - expected on client: style="width:1em;height:1em;"
  Note: this mismatch is check-only. The DOM will not be rectified in production due to performance overhead.
  You should fix the source of the mismatch. 
  at <IconCSS name="iconoir:instagram" > 
  at <SiteFooter> 
  at <Body style= {background: #f8f1e6, --kratom-page-theme: light, --kratom-page-background: #f8f1e6, --kratom-page-text: #1f2b1d, --kratom-page-muted: rgba(31, 43, 29, 0.68)} data-page-theme="light" > 
  at <Html lang="ru-RU" dir="ltr" > 
  at <Default ref=Ref< undefined > > 
  at <AsyncComponentWrapper ref=Ref< undefined > > 
  at <LayoutLoader key="default" layoutProps= {ref: RefImpl} name="default" > 
  at <NuxtLayoutProvider layoutProps= {ref: RefImpl} key="default" name="default"  ... > 
  at <NuxtLayout> 
  at <App key=4 > 
  at <NuxtRoot> @ http://localhost:3001/_nuxt/@fs/Users/andrejkoval/Dev/vivadzen/src/front/node_modules/@vue/runtime-core/dist/runtime-core.esm-bundler.js?v=10181baa:49
[ 1507297ms] [WARNING] [Vue warn]: Hydration style mismatch on JSHandle@node 
  - rendered on server: style="width:1em;height:1em;--c613ce94-iconUrl:url('https://api.iconify.design/iconoir/facebook.svg');"
  - expected on client: style="width:1em;height:1em;"
  Note: this mismatch is check-only. The DOM will not be rectified in production due to performance overhead.
  You should fix the source of the mismatch. 
  at <IconCSS name="iconoir:facebook" > 
  at <SiteFooter> 
  at <Body style= {background: #f8f1e6, --kratom-page-theme: light, --kratom-page-background: #f8f1e6, --kratom-page-text: #1f2b1d, --kratom-page-muted: rgba(31, 43, 29, 0.68)} data-page-theme="light" > 
  at <Html lang="ru-RU" dir="ltr" > 
  at <Default ref=Ref< undefined > > 
  at <AsyncComponentWrapper ref=Ref< undefined > > 
  at <LayoutLoader key="default" layoutProps= {ref: RefImpl} name="default" > 
  at <NuxtLayoutProvider layoutProps= {ref: RefImpl} key="default" name="default"  ... > 
  at <NuxtLayout> 
  at <App key=4 > 
  at <NuxtRoot> @ http://localhost:3001/_nuxt/@fs/Users/andrejkoval/Dev/vivadzen/src/front/node_modules/@vue/runtime-core/dist/runtime-core.esm-bundler.js?v=10181baa:49
[ 1507297ms] [WARNING] [Vue warn]: Hydration style mismatch on JSHandle@node 
  - rendered on server: style="width:1em;height:1em;--c613ce94-iconUrl:url('https://api.iconify.design/iconoir/youtube.svg');"
  - expected on client: style="width:1em;height:1em;"
  Note: this mismatch is check-only. The DOM will not be rectified in production due to performance overhead.
  You should fix the source of the mismatch. 
  at <IconCSS name="iconoir:youtube" > 
  at <SiteFooter> 
  at <Body style= {background: #f8f1e6, --kratom-page-theme: light, --kratom-page-background: #f8f1e6, --kratom-page-text: #1f2b1d, --kratom-page-muted: rgba(31, 43, 29, 0.68)} data-page-theme="light" > 
  at <Html lang="ru-RU" dir="ltr" > 
  at <Default ref=Ref< undefined > > 
  at <AsyncComponentWrapper ref=Ref< undefined > > 
  at <LayoutLoader key="default" layoutProps= {ref: RefImpl} name="default" > 
  at <NuxtLayoutProvider layoutProps= {ref: RefImpl} key="default" name="default"  ... > 
  at <NuxtLayout> 
  at <App key=4 > 
  at <NuxtRoot> @ http://localhost:3001/_nuxt/@fs/Users/andrejkoval/Dev/vivadzen/src/front/node_modules/@vue/runtime-core/dist/runtime-core.esm-bundler.js?v=10181baa:49
[ 1507298ms] [LOG] [Content] WS connected! @ http://localhost:3001/_nuxt/@fs/Users/andrejkoval/Dev/vivadzen/src/front/node_modules/@nuxt/content/dist/runtime/composables/web-socket.js?v=10181baa:4
[ 1507385ms] [WARNING] [intlify] Not found 'delivery.default_address' key in 'ru' locale messages. @ http://localhost:3001/_nuxt/node_modules/.cache/vite/client/deps/chunk-LY4OWT6B.js?v=10181baa:3
[ 1507385ms] [WARNING] [intlify] Fall back to translate 'delivery.default_address' key with 'cs' locale. @ http://localhost:3001/_nuxt/node_modules/.cache/vite/client/deps/chunk-LY4OWT6B.js?v=10181baa:3
[ 1507385ms] [WARNING] [intlify] Not found 'delivery.default_address' key in 'cs' locale messages. @ http://localhost:3001/_nuxt/node_modules/.cache/vite/client/deps/chunk-LY4OWT6B.js?v=10181baa:3
[ 1507386ms] [WARNING] [Vue warn]: Hydration node mismatch:
- rendered on server: JSHandle@node  
- expected on client: Symbol(v-cmt) 
  at <MethodsDetails section="delivery" > 
  at <Index onVnodeUnmounted=fn<onVnodeUnmounted> ref=Ref< undefined > > 
  at <RouteProvider key="/ru/delivery" vnode= {__v_isVNode: true, __v_skip: true, type: Object, props: Object, key: null} route= {fullPath: /ru/delivery, hash: , query: Object, name: delivery___ru, path: /ru/delivery}  ... > 
  at <RouterView name=undefined route=undefined > 
  at <NuxtPage> 
  at <Body style= {background: #f8f1e6, --kratom-page-theme: light, --kratom-page-background: #f8f1e6, --kratom-page-text: #1f2b1d, --kratom-page-muted: rgba(31, 43, 29, 0.68)} data-page-theme="light" > 
  at <Html lang="ru-RU" dir="ltr" > 
  at <Default ref=Ref< undefined > > 
  at <AsyncComponentWrapper ref=Ref< undefined > > 
  at <LayoutLoader key="default" layoutProps= {ref: RefImpl} name="default" > 
  at <NuxtLayoutProvider layoutProps= {ref: RefImpl} key="default" name="default"  ... > 
  at <NuxtLayout> 
  at <App key=4 > 
  at <NuxtRoot> @ http://localhost:3001/_nuxt/@fs/Users/andrejkoval/Dev/vivadzen/src/front/node_modules/@vue/runtime-core/dist/runtime-core.esm-bundler.js?v=10181baa:49
[ 1507386ms] [WARNING] [Vue warn]: Hydration children mismatch on JSHandle@node 
Server rendered element contains more child nodes than client vdom. 
  at <MethodsDetails section="delivery" > 
  at <Index onVnodeUnmounted=fn<onVnodeUnmounted> ref=Ref< undefined > > 
  at <RouteProvider key="/ru/delivery" vnode= {__v_isVNode: true, __v_skip: true, type: Object, props: Object, key: null} route= {fullPath: /ru/delivery, hash: , query: Object, name: delivery___ru, path: /ru/delivery}  ... > 
  at <RouterView name=undefined route=undefined > 
  at <NuxtPage> 
  at <Body style= {background: #f8f1e6, --kratom-page-theme: light, --kratom-page-background: #f8f1e6, --kratom-page-text: #1f2b1d, --kratom-page-muted: rgba(31, 43, 29, 0.68)} data-page-theme="light" > 
  at <Html lang="ru-RU" dir="ltr" > 
  at <Default ref=Ref< undefined > > 
  at <AsyncComponentWrapper ref=Ref< undefined > > 
  at <LayoutLoader key="default" layoutProps= {ref: RefImpl} name="default" > 
  at <NuxtLayoutProvider layoutProps= {ref: RefImpl} key="default" name="default"  ... > 
  at <NuxtLayout> 
  at <App key=4 > 
  at <NuxtRoot> @ http://localhost:3001/_nuxt/@fs/Users/andrejkoval/Dev/vivadzen/src/front/node_modules/@vue/runtime-core/dist/runtime-core.esm-bundler.js?v=10181baa:49
[ 1507392ms] [WARNING] [intlify] Not found parent scope. use the global scope. @ http://localhost:3001/_nuxt/node_modules/.cache/vite/client/deps/chunk-LY4OWT6B.js?v=10181baa:3
[ 1507395ms] [WARNING] [intlify] Not found 'title.cart' key in 'ru' locale messages. @ http://localhost:3001/_nuxt/node_modules/.cache/vite/client/deps/chunk-LY4OWT6B.js?v=10181baa:3
[ 1507395ms] [WARNING] [intlify] Fall back to translate 'title.cart' key with 'cs' locale. @ http://localhost:3001/_nuxt/node_modules/.cache/vite/client/deps/chunk-LY4OWT6B.js?v=10181baa:3
[ 1507395ms] [WARNING] [intlify] Not found 'title.cart' key in 'cs' locale messages. @ http://localhost:3001/_nuxt/node_modules/.cache/vite/client/deps/chunk-LY4OWT6B.js?v=10181baa:3
[ 1507395ms] [WARNING] [intlify] Fall back to translate 'title.cart' with root locale. @ http://localhost:3001/_nuxt/node_modules/.cache/vite/client/deps/chunk-LY4OWT6B.js?v=10181baa:3
[ 1507398ms] [WARNING] [intlify] Not found 'title.cart' key in 'ru' locale messages. @ http://localhost:3001/_nuxt/node_modules/.cache/vite/client/deps/chunk-LY4OWT6B.js?v=10181baa:3
[ 1507398ms] [WARNING] [intlify] Fall back to translate 'title.cart' key with 'cs' locale. @ http://localhost:3001/_nuxt/node_modules/.cache/vite/client/deps/chunk-LY4OWT6B.js?v=10181baa:3
[ 1507398ms] [WARNING] [intlify] Not found 'title.cart' key in 'cs' locale messages. @ http://localhost:3001/_nuxt/node_modules/.cache/vite/client/deps/chunk-LY4OWT6B.js?v=10181baa:3
[ 1507398ms] [WARNING] [intlify] Fall back to translate 'title.cart' with root locale. @ http://localhost:3001/_nuxt/node_modules/.cache/vite/client/deps/chunk-LY4OWT6B.js?v=10181baa:3
[ 1507399ms] [LOG] [nuxt-app] page:finish: 2.826904296875 ms [Object] @ http://localhost:3001/_nuxt/@fs/Users/andrejkoval/Dev/vivadzen/src/front/node_modules/hookable/dist/index.mjs?v=10181baa:271
[ 1507400ms] [LOG] [nuxt-app] page:loading:end: 0.421875 ms [] @ http://localhost:3001/_nuxt/@fs/Users/andrejkoval/Dev/vivadzen/src/front/node_modules/hookable/dist/index.mjs?v=10181baa:271
[ 1507404ms] [LOG] [nuxt-app] schema-org:meta: 0.056884765625 ms [Object] @ http://localhost:3001/_nuxt/@fs/Users/andrejkoval/Dev/vivadzen/src/front/node_modules/hookable/dist/index.mjs?v=10181baa:271
[ 1507405ms] [LOG] [nuxt-app] app:suspense:resolve: 4.535888671875 ms [] @ http://localhost:3001/_nuxt/@fs/Users/andrejkoval/Dev/vivadzen/src/front/node_modules/hookable/dist/index.mjs?v=10181baa:271
[ 1507500ms] [WARNING] [intlify] Not found 'logo_alt' key in 'ru' locale messages. @ http://localhost:3001/_nuxt/node_modules/.cache/vite/client/deps/chunk-LY4OWT6B.js?v=10181baa:3
[ 1507500ms] [WARNING] [intlify] Fall back to translate 'logo_alt' key with 'cs' locale. @ http://localhost:3001/_nuxt/node_modules/.cache/vite/client/deps/chunk-LY4OWT6B.js?v=10181baa:3
[ 1507500ms] [WARNING] [intlify] Not found 'logo_alt' key in 'cs' locale messages. @ http://localhost:3001/_nuxt/node_modules/.cache/vite/client/deps/chunk-LY4OWT6B.js?v=10181baa:3
[ 1507500ms] [WARNING] [intlify] Fall back to translate 'logo_alt' with root locale. @ http://localhost:3001/_nuxt/node_modules/.cache/vite/client/deps/chunk-LY4OWT6B.js?v=10181baa:3
[ 1507500ms] [WARNING] [intlify] Not found 'logo_alt' key in 'ru' locale messages. @ http://localhost:3001/_nuxt/node_modules/.cache/vite/client/deps/chunk-LY4OWT6B.js?v=10181baa:3
[ 1507500ms] [WARNING] [intlify] Fall back to translate 'logo_alt' key with 'cs' locale. @ http://localhost:3001/_nuxt/node_modules/.cache/vite/client/deps/chunk-LY4OWT6B.js?v=10181baa:3
[ 1507500ms] [WARNING] [intlify] Not found 'logo_alt' key in 'cs' locale messages. @ http://localhost:3001/_nuxt/node_modules/.cache/vite/client/deps/chunk-LY4OWT6B.js?v=10181baa:3
[ 1507502ms] [LOG] [nuxt-app] link:prefetch: 3.221923828125 ms [/ru] @ http://localhost:3001/_nuxt/@fs/Users/andrejkoval/Dev/vivadzen/src/front/node_modules/hookable/dist/index.mjs?v=10181baa:271
[ 1507502ms] [LOG] [nuxt-app] link:prefetch : 3.0439453125 ms [/ru/catalog] @ http://localhost:3001/_nuxt/@fs/Users/andrejkoval/Dev/vivadzen/src/front/node_modules/hookable/dist/index.mjs?v=10181baa:271
[ 1507502ms] [LOG] [nuxt-app] link:prefetch  : 3.0009765625 ms [/ru/catalog] @ http://localhost:3001/_nuxt/@fs/Users/andrejkoval/Dev/vivadzen/src/front/node_modules/hookable/dist/index.mjs?v=10181baa:271
[ 1507502ms] [LOG] [nuxt-app] link:prefetch   : 3.072998046875 ms [/ru/delivery] @ http://localhost:3001/_nuxt/@fs/Users/andrejkoval/Dev/vivadzen/src/front/node_modules/hookable/dist/index.mjs?v=10181baa:271
[ 1507502ms] [LOG] [nuxt-app] link:prefetch    : 3.120849609375 ms [/ru/payment] @ http://localhost:3001/_nuxt/@fs/Users/andrejkoval/Dev/vivadzen/src/front/node_modules/hookable/dist/index.mjs?v=10181baa:271
[ 1507503ms] [LOG] [nuxt-app] link:prefetch     : 3.776123046875 ms [/ru/age-verification] @ http://localhost:3001/_nuxt/@fs/Users/andrejkoval/Dev/vivadzen/src/front/node_modules/hookable/dist/index.mjs?v=10181baa:271
[ 1507503ms] [LOG] [nuxt-app] link:prefetch      : 3.802978515625 ms [/ru/reviews] @ http://localhost:3001/_nuxt/@fs/Users/andrejkoval/Dev/vivadzen/src/front/node_modules/hookable/dist/index.mjs?v=10181baa:271
[ 1507503ms] [LOG] [nuxt-app] link:prefetch       : 3.796875 ms [/ru/about] @ http://localhost:3001/_nuxt/@fs/Users/andrejkoval/Dev/vivadzen/src/front/node_modules/hookable/dist/index.mjs?v=10181baa:271
[ 1507503ms] [LOG] [nuxt-app] link:prefetch        : 3.8388671875 ms [/ru/contacts] @ http://localhost:3001/_nuxt/@fs/Users/andrejkoval/Dev/vivadzen/src/front/node_modules/hookable/dist/index.mjs?v=10181baa:271
[ 1507503ms] [LOG] [nuxt-app] link:prefetch         : 3.787109375 ms [/ru/auth/login] @ http://localhost:3001/_nuxt/@fs/Users/andrejkoval/Dev/vivadzen/src/front/node_modules/hookable/dist/index.mjs?v=10181baa:271
[ 1510870ms] [LOG] [nuxt-delay-hydration] Hydration event timeout @ http://localhost:3001/ru/delivery:160
[ 1522863ms] [WARNING] Timer '[nuxt-app] schema-org:meta' already exists @ http://localhost:3001/_nuxt/@fs/Users/andrejkoval/Dev/vivadzen/src/front/node_modules/hookable/dist/index.mjs?v=10181baa:261
[ 1522863ms] [LOG] [nuxt-app] schema-org:meta: 15458.8720703125 ms [Object] @ http://localhost:3001/_nuxt/@fs/Users/andrejkoval/Dev/vivadzen/src/front/node_modules/hookable/dist/index.mjs?v=10181baa:271
[ 1932715ms] [WARNING] Timer '[nuxt-app] schema-org:meta' already exists @ http://localhost:3001/_nuxt/@fs/Users/andrejkoval/Dev/vivadzen/src/front/node_modules/hookable/dist/index.mjs?v=10181baa:261
[ 1932715ms] [LOG] [nuxt-app] schema-org:meta: 425311.56298828125 ms [Object] @ http://localhost:3001/_nuxt/@fs/Users/andrejkoval/Dev/vivadzen/src/front/node_modules/hookable/dist/index.mjs?v=10181baa:271
[ 2197552ms] [WARNING] Timer '[nuxt-app] schema-org:meta' already exists @ http://localhost:3001/_nuxt/@fs/Users/andrejkoval/Dev/vivadzen/src/front/node_modules/hookable/dist/index.mjs?v=10181baa:261
[ 2197552ms] [LOG] [nuxt-app] schema-org:meta: 690148.3010253906 ms [Object] @ http://localhost:3001/_nuxt/@fs/Users/andrejkoval/Dev/vivadzen/src/front/node_modules/hookable/dist/index.mjs?v=10181baa:271
[ 2345615ms] [WARNING] [intlify] Not found 'title.cart' key in 'ru' locale messages. @ http://localhost:3001/_nuxt/node_modules/.cache/vite/client/deps/chunk-LY4OWT6B.js?v=10181baa:3
[ 2345615ms] [WARNING] [intlify] Fall back to translate 'title.cart' key with 'cs' locale. @ http://localhost:3001/_nuxt/node_modules/.cache/vite/client/deps/chunk-LY4OWT6B.js?v=10181baa:3
[ 2345615ms] [WARNING] [intlify] Not found 'title.cart' key in 'cs' locale messages. @ http://localhost:3001/_nuxt/node_modules/.cache/vite/client/deps/chunk-LY4OWT6B.js?v=10181baa:3
[ 2345615ms] [WARNING] [intlify] Fall back to translate 'title.cart' with root locale. @ http://localhost:3001/_nuxt/node_modules/.cache/vite/client/deps/chunk-LY4OWT6B.js?v=10181baa:3
[ 2345634ms] [WARNING] [intlify] Not found 'title.cart' key in 'ru' locale messages. @ http://localhost:3001/_nuxt/node_modules/.cache/vite/client/deps/chunk-LY4OWT6B.js?v=10181baa:3
[ 2345634ms] [WARNING] [intlify] Fall back to translate 'title.cart' key with 'cs' locale. @ http://localhost:3001/_nuxt/node_modules/.cache/vite/client/deps/chunk-LY4OWT6B.js?v=10181baa:3
[ 2345634ms] [WARNING] [intlify] Not found 'title.cart' key in 'cs' locale messages. @ http://localhost:3001/_nuxt/node_modules/.cache/vite/client/deps/chunk-LY4OWT6B.js?v=10181baa:3
[ 2345634ms] [WARNING] [intlify] Fall back to translate 'title.cart' with root locale. @ http://localhost:3001/_nuxt/node_modules/.cache/vite/client/deps/chunk-LY4OWT6B.js?v=10181baa:3
[ 2345679ms] [WARNING] Timer '[nuxt-app] link:prefetch' already exists @ http://localhost:3001/_nuxt/@fs/Users/andrejkoval/Dev/vivadzen/src/front/node_modules/hookable/dist/index.mjs?v=10181baa:261
[ 2345679ms] [WARNING] Timer '[nuxt-app] link:prefetch ' already exists @ http://localhost:3001/_nuxt/@fs/Users/andrejkoval/Dev/vivadzen/src/front/node_modules/hookable/dist/index.mjs?v=10181baa:261
[ 2345679ms] [WARNING] Timer '[nuxt-app] link:prefetch  ' already exists @ http://localhost:3001/_nuxt/@fs/Users/andrejkoval/Dev/vivadzen/src/front/node_modules/hookable/dist/index.mjs?v=10181baa:261
[ 2345679ms] [WARNING] Timer '[nuxt-app] link:prefetch   ' already exists @ http://localhost:3001/_nuxt/@fs/Users/andrejkoval/Dev/vivadzen/src/front/node_modules/hookable/dist/index.mjs?v=10181baa:261
[ 2345680ms] [LOG] [nuxt-app] link:prefetch: 838181.3308105469 ms [/ru/catalog] @ http://localhost:3001/_nuxt/@fs/Users/andrejkoval/Dev/vivadzen/src/front/node_modules/hookable/dist/index.mjs?v=10181baa:271
[ 2345680ms] [LOG] [nuxt-app] link:prefetch : 838181.1970214844 ms [/ru/catalog/zelenyy-kratom] @ http://localhost:3001/_nuxt/@fs/Users/andrejkoval/Dev/vivadzen/src/front/node_modules/hookable/dist/index.mjs?v=10181baa:271
[ 2345680ms] [LOG] [nuxt-app] link:prefetch  : 838181.1530761719 ms [/ru/catalog/belyy-kratom] @ http://localhost:3001/_nuxt/@fs/Users/andrejkoval/Dev/vivadzen/src/front/node_modules/hookable/dist/index.mjs?v=10181baa:271
[ 2345680ms] [LOG] [nuxt-app] link:prefetch   : 838181.2099609375 ms [/ru/catalog/krasnyy-kratom] @ http://localhost:3001/_nuxt/@fs/Users/andrejkoval/Dev/vivadzen/src/front/node_modules/hookable/dist/index.mjs?v=10181baa:271
