[     402ms] [LOG] [nuxt-app] i18n:beforeLocaleSwitch: 0.094970703125 ms [Object] @ http://localhost:3001/_nuxt/@fs/Users/andrejkoval/Dev/vivadzen/src/front/node_modules/hookable/dist/index.mjs?v=10181baa:271
[     407ms] [LOG] %cssr%c %s: %s 
      background: #7f8c8d;
      border-radius: 0.5em;
      color: white;
      font-weight: bold;
      padding: 2px 0.5em;
      [nitro-runtime] request 0.597ms 
  at timeLogImpl (node:internal/console/constructor)
  at node:internal/console/constructor
  at timeLogImpl (node:internal/util/debuglog)
 @ http://localhost:3001/_nuxt/@fs/Users/andrejkoval/Dev/vivadzen/src/front/node_modules/consola/dist/browser.mjs?v=10181baa:47
[     407ms] [LOG] %cssr%c %s: %s 
      background: #7f8c8d;
      border-radius: 0.5em;
      color: white;
      font-weight: bold;
      padding: 2px 0.5em;
      [nitro-runtime] site-config:init 0.011ms 
  at timeLogImpl (node:internal/console/constructor)
  at node:internal/console/constructor
  at timeLogImpl (node:internal/util/debuglog)
 @ http://localhost:3001/_nuxt/@fs/Users/andrejkoval/Dev/vivadzen/src/front/node_modules/consola/dist/browser.mjs?v=10181baa:47
[     407ms] [LOG] %cssr%c %s: %s 
      background: #7f8c8d;
      border-radius: 0.5em;
      color: white;
      font-weight: bold;
      padding: 2px 0.5em;
      [nitro-runtime] render:before 0.004ms 
  at timeLogImpl (node:internal/console/constructor)
  at node:internal/console/constructor
  at timeLogImpl (node:internal/util/debuglog)
 @ http://localhost:3001/_nuxt/@fs/Users/andrejkoval/Dev/vivadzen/src/front/node_modules/consola/dist/browser.mjs?v=10181baa:47
[     407ms] [LOG] %cssr%c %s: %s 
      background: #7f8c8d;
      border-radius: 0.5em;
      color: white;
      font-weight: bold;
      padding: 2px 0.5em;
      [nuxt-app] i18n:beforeLocaleSwitch 0.028ms 
  at timeLogImpl (node:internal/console/constructor)
  at node:internal/console/constructor
  at timeLogImpl (node:internal/util/debuglog)
 @ http://localhost:3001/_nuxt/@fs/Users/andrejkoval/Dev/vivadzen/src/front/node_modules/consola/dist/browser.mjs?v=10181baa:47
[     407ms] [LOG] %cssr%c %s: %s 
      background: #7f8c8d;
      border-radius: 0.5em;
      color: white;
      font-weight: bold;
      padding: 2px 0.5em;
      [nuxt-app] page:loading:start 0.004ms 
  at timeLogImpl (node:internal/console/constructor)
  at node:internal/console/constructor
  at timeLogImpl (node:internal/util/debuglog)
 @ http://localhost:3001/_nuxt/@fs/Users/andrejkoval/Dev/vivadzen/src/front/node_modules/consola/dist/browser.mjs?v=10181baa:47
[     407ms] [LOG] %cssr%c %s: %s 
      background: #7f8c8d;
      border-radius: 0.5em;
      color: white;
      font-weight: bold;
      padding: 2px 0.5em;
      [nuxt-app] i18n:beforeLocaleSwitch 0.003ms 
  at timeLogImpl (node:internal/console/constructor)
  at node:internal/console/constructor
  at timeLogImpl (node:internal/util/debuglog)
 @ http://localhost:3001/_nuxt/@fs/Users/andrejkoval/Dev/vivadzen/src/front/node_modules/consola/dist/browser.mjs?v=10181baa:47
[     407ms] [LOG] %cssr%c %s: %s 
      background: #7f8c8d;
      border-radius: 0.5em;
      color: white;
      font-weight: bold;
      padding: 2px 0.5em;
      [nuxt-app] app:created 5.59ms 
  at timeLogImpl (node:internal/console/constructor)
  at node:internal/console/constructor
  at timeLogImpl (node:internal/util/debuglog)
 @ http://localhost:3001/_nuxt/@fs/Users/andrejkoval/Dev/vivadzen/src/front/node_modules/consola/dist/browser.mjs?v=10181baa:47
[     407ms] [LOG] %cssr%c %s: %s 
      background: #7f8c8d;
      border-radius: 0.5em;
      color: white;
      font-weight: bold;
      padding: 2px 0.5em;
      [nuxt-app] vue:setup 0.002ms 
  at timeLogImpl (node:internal/console/constructor)
  at node:internal/console/constructor
  at timeLogImpl (node:internal/util/debuglog)
 @ http://localhost:3001/_nuxt/@fs/Users/andrejkoval/Dev/vivadzen/src/front/node_modules/consola/dist/browser.mjs?v=10181baa:47
[     407ms] [WARNING] %cssr:warn%c [intlify] Not found 'title.catalog' key in 'ru' locale messages. 
      background: #f39c12;
      border-radius: 0.5em;
      color: white;
      font-weight: bold;
      padding: 2px 0.5em;
      
  at warn (/Users/andrejkoval/Dev/vivadzen/src/front/node_modules/@intlify/shared/dist/shared.mjs)
  at handleMissing (/Users/andrejkoval/Dev/vivadzen/src/front/node_modules/@intlify/core-base/dist/core-base.mjs)
  at resolveMessageFormat (/Users/andrejkoval/Dev/vivadzen/src/front/node_modules/@intlify/core-base/dist/core-base.mjs)
 @ http://localhost:3001/_nuxt/@fs/Users/andrejkoval/Dev/vivadzen/src/front/node_modules/consola/dist/browser.mjs?v=10181baa:47
[     407ms] [WARNING] %cssr:warn%c [intlify] Fall back to translate 'title.catalog' key with 'cs' locale. 
      background: #f39c12;
      border-radius: 0.5em;
      color: white;
      font-weight: bold;
      padding: 2px 0.5em;
      
  at warn (/Users/andrejkoval/Dev/vivadzen/src/front/node_modules/@intlify/shared/dist/shared.mjs)
  at resolveMessageFormat (/Users/andrejkoval/Dev/vivadzen/src/front/node_modules/@intlify/core-base/dist/core-base.mjs)
  at translate (/Users/andrejkoval/Dev/vivadzen/src/front/node_modules/@intlify/core-base/dist/core-base.mjs)
 @ http://localhost:3001/_nuxt/@fs/Users/andrejkoval/Dev/vivadzen/src/front/node_modules/consola/dist/browser.mjs?v=10181baa:47
[     407ms] [WARNING] %cssr:warn%c [intlify] Not found 'title.catalog' key in 'cs' locale messages. 
      background: #f39c12;
      border-radius: 0.5em;
      color: white;
      font-weight: bold;
      padding: 2px 0.5em;
      
  at warn (/Users/andrejkoval/Dev/vivadzen/src/front/node_modules/@intlify/shared/dist/shared.mjs)
  at handleMissing (/Users/andrejkoval/Dev/vivadzen/src/front/node_modules/@intlify/core-base/dist/core-base.mjs)
  at resolveMessageFormat (/Users/andrejkoval/Dev/vivadzen/src/front/node_modules/@intlify/core-base/dist/core-base.mjs)
 @ http://localhost:3001/_nuxt/@fs/Users/andrejkoval/Dev/vivadzen/src/front/node_modules/consola/dist/browser.mjs?v=10181baa:47
[     407ms] [WARNING] %cssr:warn%c [intlify] Fall back to translate 'title.catalog' with root locale. 
      background: #f39c12;
      border-radius: 0.5em;
      color: white;
      font-weight: bold;
      padding: 2px 0.5em;
      
  at warn (/Users/andrejkoval/Dev/vivadzen/src/front/node_modules/@intlify/shared/dist/shared.mjs)
  at wrapWithDeps (/Users/andrejkoval/Dev/vivadzen/src/front/node_modules/vue-i18n/dist/vue-i18n.mjs)
  at t (/Users/andrejkoval/Dev/vivadzen/src/front/node_modules/vue-i18n/dist/vue-i18n.mjs)
 @ http://localhost:3001/_nuxt/@fs/Users/andrejkoval/Dev/vivadzen/src/front/node_modules/consola/dist/browser.mjs?v=10181baa:47
[     407ms] [WARNING] %cssr:warn%c [intlify] Not found 'title.delivery' key in 'ru' locale messages. 
      background: #f39c12;
      border-radius: 0.5em;
      color: white;
      font-weight: bold;
      padding: 2px 0.5em;
      
  at warn (/Users/andrejkoval/Dev/vivadzen/src/front/node_modules/@intlify/shared/dist/shared.mjs)
  at handleMissing (/Users/andrejkoval/Dev/vivadzen/src/front/node_modules/@intlify/core-base/dist/core-base.mjs)
  at resolveMessageFormat (/Users/andrejkoval/Dev/vivadzen/src/front/node_modules/@intlify/core-base/dist/core-base.mjs)
 @ http://localhost:3001/_nuxt/@fs/Users/andrejkoval/Dev/vivadzen/src/front/node_modules/consola/dist/browser.mjs?v=10181baa:47
[     407ms] [WARNING] %cssr:warn%c [intlify] Fall back to translate 'title.delivery' key with 'cs' locale. 
      background: #f39c12;
      border-radius: 0.5em;
      color: white;
      font-weight: bold;
      padding: 2px 0.5em;
      
  at warn (/Users/andrejkoval/Dev/vivadzen/src/front/node_modules/@intlify/shared/dist/shared.mjs)
  at resolveMessageFormat (/Users/andrejkoval/Dev/vivadzen/src/front/node_modules/@intlify/core-base/dist/core-base.mjs)
  at translate (/Users/andrejkoval/Dev/vivadzen/src/front/node_modules/@intlify/core-base/dist/core-base.mjs)
 @ http://localhost:3001/_nuxt/@fs/Users/andrejkoval/Dev/vivadzen/src/front/node_modules/consola/dist/browser.mjs?v=10181baa:47
[     407ms] [WARNING] %cssr:warn%c [intlify] Not found 'title.delivery' key in 'cs' locale messages. 
      background: #f39c12;
      border-radius: 0.5em;
      color: white;
      font-weight: bold;
      padding: 2px 0.5em;
      
  at warn (/Users/andrejkoval/Dev/vivadzen/src/front/node_modules/@intlify/shared/dist/shared.mjs)
  at handleMissing (/Users/andrejkoval/Dev/vivadzen/src/front/node_modules/@intlify/core-base/dist/core-base.mjs)
  at resolveMessageFormat (/Users/andrejkoval/Dev/vivadzen/src/front/node_modules/@intlify/core-base/dist/core-base.mjs)
 @ http://localhost:3001/_nuxt/@fs/Users/andrejkoval/Dev/vivadzen/src/front/node_modules/consola/dist/browser.mjs?v=10181baa:47
[     407ms] [WARNING] %cssr:warn%c [intlify] Fall back to translate 'title.delivery' with root locale. 
      background: #f39c12;
      border-radius: 0.5em;
      color: white;
      font-weight: bold;
      padding: 2px 0.5em;
      
  at warn (/Users/andrejkoval/Dev/vivadzen/src/front/node_modules/@intlify/shared/dist/shared.mjs)
  at wrapWithDeps (/Users/andrejkoval/Dev/vivadzen/src/front/node_modules/vue-i18n/dist/vue-i18n.mjs)
  at t (/Users/andrejkoval/Dev/vivadzen/src/front/node_modules/vue-i18n/dist/vue-i18n.mjs)
 @ http://localhost:3001/_nuxt/@fs/Users/andrejkoval/Dev/vivadzen/src/front/node_modules/consola/dist/browser.mjs?v=10181baa:47
[     407ms] [WARNING] %cssr:warn%c [intlify] Not found 'title.payment' key in 'ru' locale messages. 
      background: #f39c12;
      border-radius: 0.5em;
      color: white;
      font-weight: bold;
      padding: 2px 0.5em;
      
  at warn (/Users/andrejkoval/Dev/vivadzen/src/front/node_modules/@intlify/shared/dist/shared.mjs)
  at handleMissing (/Users/andrejkoval/Dev/vivadzen/src/front/node_modules/@intlify/core-base/dist/core-base.mjs)
  at resolveMessageFormat (/Users/andrejkoval/Dev/vivadzen/src/front/node_modules/@intlify/core-base/dist/core-base.mjs)
 @ http://localhost:3001/_nuxt/@fs/Users/andrejkoval/Dev/vivadzen/src/front/node_modules/consola/dist/browser.mjs?v=10181baa:47
[     407ms] [WARNING] %cssr:warn%c [intlify] Fall back to translate 'title.payment' key with 'cs' locale. 
      background: #f39c12;
      border-radius: 0.5em;
      color: white;
      font-weight: bold;
      padding: 2px 0.5em;
      
  at warn (/Users/andrejkoval/Dev/vivadzen/src/front/node_modules/@intlify/shared/dist/shared.mjs)
  at resolveMessageFormat (/Users/andrejkoval/Dev/vivadzen/src/front/node_modules/@intlify/core-base/dist/core-base.mjs)
  at translate (/Users/andrejkoval/Dev/vivadzen/src/front/node_modules/@intlify/core-base/dist/core-base.mjs)
 @ http://localhost:3001/_nuxt/@fs/Users/andrejkoval/Dev/vivadzen/src/front/node_modules/consola/dist/browser.mjs?v=10181baa:47
[     407ms] [WARNING] %cssr:warn%c [intlify] Not found 'title.payment' key in 'cs' locale messages. 
      background: #f39c12;
      border-radius: 0.5em;
      color: white;
      font-weight: bold;
      padding: 2px 0.5em;
      
  at warn (/Users/andrejkoval/Dev/vivadzen/src/front/node_modules/@intlify/shared/dist/shared.mjs)
  at handleMissing (/Users/andrejkoval/Dev/vivadzen/src/front/node_modules/@intlify/core-base/dist/core-base.mjs)
  at resolveMessageFormat (/Users/andrejkoval/Dev/vivadzen/src/front/node_modules/@intlify/core-base/dist/core-base.mjs)
 @ http://localhost:3001/_nuxt/@fs/Users/andrejkoval/Dev/vivadzen/src/front/node_modules/consola/dist/browser.mjs?v=10181baa:47
[     407ms] [WARNING] %cssr:warn%c [intlify] Fall back to translate 'title.payment' with root locale. 
      background: #f39c12;
      border-radius: 0.5em;
      color: white;
      font-weight: bold;
      padding: 2px 0.5em;
      
  at warn (/Users/andrejkoval/Dev/vivadzen/src/front/node_modules/@intlify/shared/dist/shared.mjs)
  at wrapWithDeps (/Users/andrejkoval/Dev/vivadzen/src/front/node_modules/vue-i18n/dist/vue-i18n.mjs)
  at t (/Users/andrejkoval/Dev/vivadzen/src/front/node_modules/vue-i18n/dist/vue-i18n.mjs)
 @ http://localhost:3001/_nuxt/@fs/Users/andrejkoval/Dev/vivadzen/src/front/node_modules/consola/dist/browser.mjs?v=10181baa:47
[     408ms] [WARNING] %cssr:warn%c [intlify] Not found 'title.age_verification' key in 'ru' locale messages. 
      background: #f39c12;
      border-radius: 0.5em;
      color: white;
      font-weight: bold;
      padding: 2px 0.5em;
      
  at warn (/Users/andrejkoval/Dev/vivadzen/src/front/node_modules/@intlify/shared/dist/shared.mjs)
  at handleMissing (/Users/andrejkoval/Dev/vivadzen/src/front/node_modules/@intlify/core-base/dist/core-base.mjs)
  at resolveMessageFormat (/Users/andrejkoval/Dev/vivadzen/src/front/node_modules/@intlify/core-base/dist/core-base.mjs)
 @ http://localhost:3001/_nuxt/@fs/Users/andrejkoval/Dev/vivadzen/src/front/node_modules/consola/dist/browser.mjs?v=10181baa:47
[     408ms] [WARNING] %cssr:warn%c [intlify] Fall back to translate 'title.age_verification' key with 'cs' locale. 
      background: #f39c12;
      border-radius: 0.5em;
      color: white;
      font-weight: bold;
      padding: 2px 0.5em;
      
  at warn (/Users/andrejkoval/Dev/vivadzen/src/front/node_modules/@intlify/shared/dist/shared.mjs)
  at resolveMessageFormat (/Users/andrejkoval/Dev/vivadzen/src/front/node_modules/@intlify/core-base/dist/core-base.mjs)
  at translate (/Users/andrejkoval/Dev/vivadzen/src/front/node_modules/@intlify/core-base/dist/core-base.mjs)
 @ http://localhost:3001/_nuxt/@fs/Users/andrejkoval/Dev/vivadzen/src/front/node_modules/consola/dist/browser.mjs?v=10181baa:47
[     408ms] [WARNING] %cssr:warn%c [intlify] Not found 'title.age_verification' key in 'cs' locale messages. 
      background: #f39c12;
      border-radius: 0.5em;
      color: white;
      font-weight: bold;
      padding: 2px 0.5em;
      
  at warn (/Users/andrejkoval/Dev/vivadzen/src/front/node_modules/@intlify/shared/dist/shared.mjs)
  at handleMissing (/Users/andrejkoval/Dev/vivadzen/src/front/node_modules/@intlify/core-base/dist/core-base.mjs)
  at resolveMessageFormat (/Users/andrejkoval/Dev/vivadzen/src/front/node_modules/@intlify/core-base/dist/core-base.mjs)
 @ http://localhost:3001/_nuxt/@fs/Users/andrejkoval/Dev/vivadzen/src/front/node_modules/consola/dist/browser.mjs?v=10181baa:47
[     408ms] [WARNING] %cssr:warn%c [intlify] Fall back to translate 'title.age_verification' with root locale. 
      background: #f39c12;
      border-radius: 0.5em;
      color: white;
      font-weight: bold;
      padding: 2px 0.5em;
      
  at warn (/Users/andrejkoval/Dev/vivadzen/src/front/node_modules/@intlify/shared/dist/shared.mjs)
  at wrapWithDeps (/Users/andrejkoval/Dev/vivadzen/src/front/node_modules/vue-i18n/dist/vue-i18n.mjs)
  at t (/Users/andrejkoval/Dev/vivadzen/src/front/node_modules/vue-i18n/dist/vue-i18n.mjs)
 @ http://localhost:3001/_nuxt/@fs/Users/andrejkoval/Dev/vivadzen/src/front/node_modules/consola/dist/browser.mjs?v=10181baa:47
[     408ms] [WARNING] %cssr:warn%c [intlify] Not found 'title.reviews' key in 'ru' locale messages. 
      background: #f39c12;
      border-radius: 0.5em;
      color: white;
      font-weight: bold;
      padding: 2px 0.5em;
      
  at warn (/Users/andrejkoval/Dev/vivadzen/src/front/node_modules/@intlify/shared/dist/shared.mjs)
  at handleMissing (/Users/andrejkoval/Dev/vivadzen/src/front/node_modules/@intlify/core-base/dist/core-base.mjs)
  at resolveMessageFormat (/Users/andrejkoval/Dev/vivadzen/src/front/node_modules/@intlify/core-base/dist/core-base.mjs)
 @ http://localhost:3001/_nuxt/@fs/Users/andrejkoval/Dev/vivadzen/src/front/node_modules/consola/dist/browser.mjs?v=10181baa:47
[     409ms] [WARNING] %cssr:warn%c [intlify] Fall back to translate 'title.reviews' key with 'cs' locale. 
      background: #f39c12;
      border-radius: 0.5em;
      color: white;
      font-weight: bold;
      padding: 2px 0.5em;
      
  at warn (/Users/andrejkoval/Dev/vivadzen/src/front/node_modules/@intlify/shared/dist/shared.mjs)
  at resolveMessageFormat (/Users/andrejkoval/Dev/vivadzen/src/front/node_modules/@intlify/core-base/dist/core-base.mjs)
  at translate (/Users/andrejkoval/Dev/vivadzen/src/front/node_modules/@intlify/core-base/dist/core-base.mjs)
 @ http://localhost:3001/_nuxt/@fs/Users/andrejkoval/Dev/vivadzen/src/front/node_modules/consola/dist/browser.mjs?v=10181baa:47
[     409ms] [WARNING] %cssr:warn%c [intlify] Not found 'title.reviews' key in 'cs' locale messages. 
      background: #f39c12;
      border-radius: 0.5em;
      color: white;
      font-weight: bold;
      padding: 2px 0.5em;
      
  at warn (/Users/andrejkoval/Dev/vivadzen/src/front/node_modules/@intlify/shared/dist/shared.mjs)
  at handleMissing (/Users/andrejkoval/Dev/vivadzen/src/front/node_modules/@intlify/core-base/dist/core-base.mjs)
  at resolveMessageFormat (/Users/andrejkoval/Dev/vivadzen/src/front/node_modules/@intlify/core-base/dist/core-base.mjs)
 @ http://localhost:3001/_nuxt/@fs/Users/andrejkoval/Dev/vivadzen/src/front/node_modules/consola/dist/browser.mjs?v=10181baa:47
[     409ms] [WARNING] %cssr:warn%c [intlify] Fall back to translate 'title.reviews' with root locale. 
      background: #f39c12;
      border-radius: 0.5em;
      color: white;
      font-weight: bold;
      padding: 2px 0.5em;
      
  at warn (/Users/andrejkoval/Dev/vivadzen/src/front/node_modules/@intlify/shared/dist/shared.mjs)
  at wrapWithDeps (/Users/andrejkoval/Dev/vivadzen/src/front/node_modules/vue-i18n/dist/vue-i18n.mjs)
  at t (/Users/andrejkoval/Dev/vivadzen/src/front/node_modules/vue-i18n/dist/vue-i18n.mjs)
 @ http://localhost:3001/_nuxt/@fs/Users/andrejkoval/Dev/vivadzen/src/front/node_modules/consola/dist/browser.mjs?v=10181baa:47
[     409ms] [WARNING] %cssr:warn%c [intlify] Not found 'title.about' key in 'ru' locale messages. 
      background: #f39c12;
      border-radius: 0.5em;
      color: white;
      font-weight: bold;
      padding: 2px 0.5em;
      
  at warn (/Users/andrejkoval/Dev/vivadzen/src/front/node_modules/@intlify/shared/dist/shared.mjs)
  at handleMissing (/Users/andrejkoval/Dev/vivadzen/src/front/node_modules/@intlify/core-base/dist/core-base.mjs)
  at resolveMessageFormat (/Users/andrejkoval/Dev/vivadzen/src/front/node_modules/@intlify/core-base/dist/core-base.mjs)
 @ http://localhost:3001/_nuxt/@fs/Users/andrejkoval/Dev/vivadzen/src/front/node_modules/consola/dist/browser.mjs?v=10181baa:47
[     409ms] [WARNING] %cssr:warn%c [intlify] Fall back to translate 'title.about' key with 'cs' locale. 
      background: #f39c12;
      border-radius: 0.5em;
      color: white;
      font-weight: bold;
      padding: 2px 0.5em;
      
  at warn (/Users/andrejkoval/Dev/vivadzen/src/front/node_modules/@intlify/shared/dist/shared.mjs)
  at resolveMessageFormat (/Users/andrejkoval/Dev/vivadzen/src/front/node_modules/@intlify/core-base/dist/core-base.mjs)
  at translate (/Users/andrejkoval/Dev/vivadzen/src/front/node_modules/@intlify/core-base/dist/core-base.mjs)
 @ http://localhost:3001/_nuxt/@fs/Users/andrejkoval/Dev/vivadzen/src/front/node_modules/consola/dist/browser.mjs?v=10181baa:47
[     409ms] [WARNING] %cssr:warn%c [intlify] Not found 'title.about' key in 'cs' locale messages. 
      background: #f39c12;
      border-radius: 0.5em;
      color: white;
      font-weight: bold;
      padding: 2px 0.5em;
      
  at warn (/Users/andrejkoval/Dev/vivadzen/src/front/node_modules/@intlify/shared/dist/shared.mjs)
  at handleMissing (/Users/andrejkoval/Dev/vivadzen/src/front/node_modules/@intlify/core-base/dist/core-base.mjs)
  at resolveMessageFormat (/Users/andrejkoval/Dev/vivadzen/src/front/node_modules/@intlify/core-base/dist/core-base.mjs)
 @ http://localhost:3001/_nuxt/@fs/Users/andrejkoval/Dev/vivadzen/src/front/node_modules/consola/dist/browser.mjs?v=10181baa:47
[     409ms] [WARNING] %cssr:warn%c [intlify] Fall back to translate 'title.about' with root locale. 
      background: #f39c12;
      border-radius: 0.5em;
      color: white;
      font-weight: bold;
      padding: 2px 0.5em;
      
  at warn (/Users/andrejkoval/Dev/vivadzen/src/front/node_modules/@intlify/shared/dist/shared.mjs)
  at wrapWithDeps (/Users/andrejkoval/Dev/vivadzen/src/front/node_modules/vue-i18n/dist/vue-i18n.mjs)
  at t (/Users/andrejkoval/Dev/vivadzen/src/front/node_modules/vue-i18n/dist/vue-i18n.mjs)
 @ http://localhost:3001/_nuxt/@fs/Users/andrejkoval/Dev/vivadzen/src/front/node_modules/consola/dist/browser.mjs?v=10181baa:47
[     409ms] [WARNING] %cssr:warn%c [intlify] Not found 'title.contacts' key in 'ru' locale messages. 
      background: #f39c12;
      border-radius: 0.5em;
      color: white;
      font-weight: bold;
      padding: 2px 0.5em;
      
  at warn (/Users/andrejkoval/Dev/vivadzen/src/front/node_modules/@intlify/shared/dist/shared.mjs)
  at handleMissing (/Users/andrejkoval/Dev/vivadzen/src/front/node_modules/@intlify/core-base/dist/core-base.mjs)
  at resolveMessageFormat (/Users/andrejkoval/Dev/vivadzen/src/front/node_modules/@intlify/core-base/dist/core-base.mjs)
 @ http://localhost:3001/_nuxt/@fs/Users/andrejkoval/Dev/vivadzen/src/front/node_modules/consola/dist/browser.mjs?v=10181baa:47
[     409ms] [WARNING] %cssr:warn%c [intlify] Fall back to translate 'title.contacts' key with 'cs' locale. 
      background: #f39c12;
      border-radius: 0.5em;
      color: white;
      font-weight: bold;
      padding: 2px 0.5em;
      
  at warn (/Users/andrejkoval/Dev/vivadzen/src/front/node_modules/@intlify/shared/dist/shared.mjs)
  at resolveMessageFormat (/Users/andrejkoval/Dev/vivadzen/src/front/node_modules/@intlify/core-base/dist/core-base.mjs)
  at translate (/Users/andrejkoval/Dev/vivadzen/src/front/node_modules/@intlify/core-base/dist/core-base.mjs)
 @ http://localhost:3001/_nuxt/@fs/Users/andrejkoval/Dev/vivadzen/src/front/node_modules/consola/dist/browser.mjs?v=10181baa:47
[     409ms] [WARNING] %cssr:warn%c [intlify] Not found 'title.contacts' key in 'cs' locale messages. 
      background: #f39c12;
      border-radius: 0.5em;
      color: white;
      font-weight: bold;
      padding: 2px 0.5em;
      
  at warn (/Users/andrejkoval/Dev/vivadzen/src/front/node_modules/@intlify/shared/dist/shared.mjs)
  at handleMissing (/Users/andrejkoval/Dev/vivadzen/src/front/node_modules/@intlify/core-base/dist/core-base.mjs)
  at resolveMessageFormat (/Users/andrejkoval/Dev/vivadzen/src/front/node_modules/@intlify/core-base/dist/core-base.mjs)
 @ http://localhost:3001/_nuxt/@fs/Users/andrejkoval/Dev/vivadzen/src/front/node_modules/consola/dist/browser.mjs?v=10181baa:47
[     409ms] [WARNING] %cssr:warn%c [intlify] Fall back to translate 'title.contacts' with root locale. 
      background: #f39c12;
      border-radius: 0.5em;
      color: white;
      font-weight: bold;
      padding: 2px 0.5em;
      
  at warn (/Users/andrejkoval/Dev/vivadzen/src/front/node_modules/@intlify/shared/dist/shared.mjs)
  at wrapWithDeps (/Users/andrejkoval/Dev/vivadzen/src/front/node_modules/vue-i18n/dist/vue-i18n.mjs)
  at t (/Users/andrejkoval/Dev/vivadzen/src/front/node_modules/vue-i18n/dist/vue-i18n.mjs)
 @ http://localhost:3001/_nuxt/@fs/Users/andrejkoval/Dev/vivadzen/src/front/node_modules/consola/dist/browser.mjs?v=10181baa:47
[     409ms] [WARNING] %cssr:warn%c [intlify] Not found 'logo_alt' key in 'ru' locale messages. 
      background: #f39c12;
      border-radius: 0.5em;
      color: white;
      font-weight: bold;
      padding: 2px 0.5em;
      
  at warn (/Users/andrejkoval/Dev/vivadzen/src/front/node_modules/@intlify/shared/dist/shared.mjs)
  at handleMissing (/Users/andrejkoval/Dev/vivadzen/src/front/node_modules/@intlify/core-base/dist/core-base.mjs)
  at resolveMessageFormat (/Users/andrejkoval/Dev/vivadzen/src/front/node_modules/@intlify/core-base/dist/core-base.mjs)
 @ http://localhost:3001/_nuxt/@fs/Users/andrejkoval/Dev/vivadzen/src/front/node_modules/consola/dist/browser.mjs?v=10181baa:47
[     409ms] [WARNING] %cssr:warn%c [intlify] Fall back to translate 'logo_alt' key with 'cs' locale. 
      background: #f39c12;
      border-radius: 0.5em;
      color: white;
      font-weight: bold;
      padding: 2px 0.5em;
      
  at warn (/Users/andrejkoval/Dev/vivadzen/src/front/node_modules/@intlify/shared/dist/shared.mjs)
  at resolveMessageFormat (/Users/andrejkoval/Dev/vivadzen/src/front/node_modules/@intlify/core-base/dist/core-base.mjs)
  at translate (/Users/andrejkoval/Dev/vivadzen/src/front/node_modules/@intlify/core-base/dist/core-base.mjs)
 @ http://localhost:3001/_nuxt/@fs/Users/andrejkoval/Dev/vivadzen/src/front/node_modules/consola/dist/browser.mjs?v=10181baa:47
[     409ms] [WARNING] %cssr:warn%c [intlify] Not found 'logo_alt' key in 'cs' locale messages. 
      background: #f39c12;
      border-radius: 0.5em;
      color: white;
      font-weight: bold;
      padding: 2px 0.5em;
      
  at warn (/Users/andrejkoval/Dev/vivadzen/src/front/node_modules/@intlify/shared/dist/shared.mjs)
  at handleMissing (/Users/andrejkoval/Dev/vivadzen/src/front/node_modules/@intlify/core-base/dist/core-base.mjs)
  at resolveMessageFormat (/Users/andrejkoval/Dev/vivadzen/src/front/node_modules/@intlify/core-base/dist/core-base.mjs)
 @ http://localhost:3001/_nuxt/@fs/Users/andrejkoval/Dev/vivadzen/src/front/node_modules/consola/dist/browser.mjs?v=10181baa:47
[     409ms] [WARNING] %cssr:warn%c [intlify] Fall back to translate 'logo_alt' with root locale. 
      background: #f39c12;
      border-radius: 0.5em;
      color: white;
      font-weight: bold;
      padding: 2px 0.5em;
      
  at warn (/Users/andrejkoval/Dev/vivadzen/src/front/node_modules/@intlify/shared/dist/shared.mjs)
  at wrapWithDeps (/Users/andrejkoval/Dev/vivadzen/src/front/node_modules/vue-i18n/dist/vue-i18n.mjs)
  at Proxy.t (/Users/andrejkoval/Dev/vivadzen/src/front/node_modules/vue-i18n/dist/vue-i18n.mjs)
 @ http://localhost:3001/_nuxt/@fs/Users/andrejkoval/Dev/vivadzen/src/front/node_modules/consola/dist/browser.mjs?v=10181baa:47
[     409ms] [WARNING] %cssr:warn%c [intlify] Not found 'logo_alt' key in 'ru' locale messages. 
      background: #f39c12;
      border-radius: 0.5em;
      color: white;
      font-weight: bold;
      padding: 2px 0.5em;
      
  at warn (/Users/andrejkoval/Dev/vivadzen/src/front/node_modules/@intlify/shared/dist/shared.mjs)
  at handleMissing (/Users/andrejkoval/Dev/vivadzen/src/front/node_modules/@intlify/core-base/dist/core-base.mjs)
  at resolveMessageFormat (/Users/andrejkoval/Dev/vivadzen/src/front/node_modules/@intlify/core-base/dist/core-base.mjs)
 @ http://localhost:3001/_nuxt/@fs/Users/andrejkoval/Dev/vivadzen/src/front/node_modules/consola/dist/browser.mjs?v=10181baa:47
[     409ms] [WARNING] %cssr:warn%c [intlify] Fall back to translate 'logo_alt' key with 'cs' locale. 
      background: #f39c12;
      border-radius: 0.5em;
      color: white;
      font-weight: bold;
      padding: 2px 0.5em;
      
  at warn (/Users/andrejkoval/Dev/vivadzen/src/front/node_modules/@intlify/shared/dist/shared.mjs)
  at resolveMessageFormat (/Users/andrejkoval/Dev/vivadzen/src/front/node_modules/@intlify/core-base/dist/core-base.mjs)
  at translate (/Users/andrejkoval/Dev/vivadzen/src/front/node_modules/@intlify/core-base/dist/core-base.mjs)
 @ http://localhost:3001/_nuxt/@fs/Users/andrejkoval/Dev/vivadzen/src/front/node_modules/consola/dist/browser.mjs?v=10181baa:47
[     409ms] [WARNING] %cssr:warn%c [intlify] Not found 'logo_alt' key in 'cs' locale messages. 
      background: #f39c12;
      border-radius: 0.5em;
      color: white;
      font-weight: bold;
      padding: 2px 0.5em;
      
  at warn (/Users/andrejkoval/Dev/vivadzen/src/front/node_modules/@intlify/shared/dist/shared.mjs)
  at handleMissing (/Users/andrejkoval/Dev/vivadzen/src/front/node_modules/@intlify/core-base/dist/core-base.mjs)
  at resolveMessageFormat (/Users/andrejkoval/Dev/vivadzen/src/front/node_modules/@intlify/core-base/dist/core-base.mjs)
 @ http://localhost:3001/_nuxt/@fs/Users/andrejkoval/Dev/vivadzen/src/front/node_modules/consola/dist/browser.mjs?v=10181baa:47
[     409ms] [WARNING] %cssr:warn%c [intlify] Not found 'button.login' key in 'ru' locale messages. 
      background: #f39c12;
      border-radius: 0.5em;
      color: white;
      font-weight: bold;
      padding: 2px 0.5em;
      
  at warn (/Users/andrejkoval/Dev/vivadzen/src/front/node_modules/@intlify/shared/dist/shared.mjs)
  at handleMissing (/Users/andrejkoval/Dev/vivadzen/src/front/node_modules/@intlify/core-base/dist/core-base.mjs)
  at resolveMessageFormat (/Users/andrejkoval/Dev/vivadzen/src/front/node_modules/@intlify/core-base/dist/core-base.mjs)
 @ http://localhost:3001/_nuxt/@fs/Users/andrejkoval/Dev/vivadzen/src/front/node_modules/consola/dist/browser.mjs?v=10181baa:47
[     409ms] [WARNING] %cssr:warn%c [intlify] Fall back to translate 'button.login' key with 'cs' locale. 
      background: #f39c12;
      border-radius: 0.5em;
      color: white;
      font-weight: bold;
      padding: 2px 0.5em;
      
  at warn (/Users/andrejkoval/Dev/vivadzen/src/front/node_modules/@intlify/shared/dist/shared.mjs)
  at resolveMessageFormat (/Users/andrejkoval/Dev/vivadzen/src/front/node_modules/@intlify/core-base/dist/core-base.mjs)
  at translate (/Users/andrejkoval/Dev/vivadzen/src/front/node_modules/@intlify/core-base/dist/core-base.mjs)
 @ http://localhost:3001/_nuxt/@fs/Users/andrejkoval/Dev/vivadzen/src/front/node_modules/consola/dist/browser.mjs?v=10181baa:47
[     409ms] [WARNING] %cssr:warn%c [intlify] Not found 'button.login' key in 'cs' locale messages. 
      background: #f39c12;
      border-radius: 0.5em;
      color: white;
      font-weight: bold;
      padding: 2px 0.5em;
      
  at warn (/Users/andrejkoval/Dev/vivadzen/src/front/node_modules/@intlify/shared/dist/shared.mjs)
  at handleMissing (/Users/andrejkoval/Dev/vivadzen/src/front/node_modules/@intlify/core-base/dist/core-base.mjs)
  at resolveMessageFormat (/Users/andrejkoval/Dev/vivadzen/src/front/node_modules/@intlify/core-base/dist/core-base.mjs)
 @ http://localhost:3001/_nuxt/@fs/Users/andrejkoval/Dev/vivadzen/src/front/node_modules/consola/dist/browser.mjs?v=10181baa:47
[     409ms] [WARNING] %cssr:warn%c [intlify] Fall back to translate 'button.login' with root locale. 
      background: #f39c12;
      border-radius: 0.5em;
      color: white;
      font-weight: bold;
      padding: 2px 0.5em;
      
  at warn (/Users/andrejkoval/Dev/vivadzen/src/front/node_modules/@intlify/shared/dist/shared.mjs)
  at wrapWithDeps (/Users/andrejkoval/Dev/vivadzen/src/front/node_modules/vue-i18n/dist/vue-i18n.mjs)
  at t (/Users/andrejkoval/Dev/vivadzen/src/front/node_modules/vue-i18n/dist/vue-i18n.mjs)
 @ http://localhost:3001/_nuxt/@fs/Users/andrejkoval/Dev/vivadzen/src/front/node_modules/consola/dist/browser.mjs?v=10181baa:47
[     409ms] [WARNING] %cssr:warn%c [intlify] Not found 'button.login' key in 'ru' locale messages. 
      background: #f39c12;
      border-radius: 0.5em;
      color: white;
      font-weight: bold;
      padding: 2px 0.5em;
      
  at warn (/Users/andrejkoval/Dev/vivadzen/src/front/node_modules/@intlify/shared/dist/shared.mjs)
  at handleMissing (/Users/andrejkoval/Dev/vivadzen/src/front/node_modules/@intlify/core-base/dist/core-base.mjs)
  at resolveMessageFormat (/Users/andrejkoval/Dev/vivadzen/src/front/node_modules/@intlify/core-base/dist/core-base.mjs)
 @ http://localhost:3001/_nuxt/@fs/Users/andrejkoval/Dev/vivadzen/src/front/node_modules/consola/dist/browser.mjs?v=10181baa:47
[     409ms] [WARNING] %cssr:warn%c [intlify] Fall back to translate 'button.login' key with 'cs' locale. 
      background: #f39c12;
      border-radius: 0.5em;
      color: white;
      font-weight: bold;
      padding: 2px 0.5em;
      
  at warn (/Users/andrejkoval/Dev/vivadzen/src/front/node_modules/@intlify/shared/dist/shared.mjs)
  at resolveMessageFormat (/Users/andrejkoval/Dev/vivadzen/src/front/node_modules/@intlify/core-base/dist/core-base.mjs)
  at translate (/Users/andrejkoval/Dev/vivadzen/src/front/node_modules/@intlify/core-base/dist/core-base.mjs)
 @ http://localhost:3001/_nuxt/@fs/Users/andrejkoval/Dev/vivadzen/src/front/node_modules/consola/dist/browser.mjs?v=10181baa:47
[     409ms] [WARNING] %cssr:warn%c [intlify] Not found 'button.login' key in 'cs' locale messages. 
      background: #f39c12;
      border-radius: 0.5em;
      color: white;
      font-weight: bold;
      padding: 2px 0.5em;
      
  at warn (/Users/andrejkoval/Dev/vivadzen/src/front/node_modules/@intlify/shared/dist/shared.mjs)
  at handleMissing (/Users/andrejkoval/Dev/vivadzen/src/front/node_modules/@intlify/core-base/dist/core-base.mjs)
  at resolveMessageFormat (/Users/andrejkoval/Dev/vivadzen/src/front/node_modules/@intlify/core-base/dist/core-base.mjs)
 @ http://localhost:3001/_nuxt/@fs/Users/andrejkoval/Dev/vivadzen/src/front/node_modules/consola/dist/browser.mjs?v=10181baa:47
[     409ms] [WARNING] %cssr:warn%c [intlify] Not found 'title.cart' key in 'ru' locale messages. 
      background: #f39c12;
      border-radius: 0.5em;
      color: white;
      font-weight: bold;
      padding: 2px 0.5em;
      
  at warn (/Users/andrejkoval/Dev/vivadzen/src/front/node_modules/@intlify/shared/dist/shared.mjs)
  at handleMissing (/Users/andrejkoval/Dev/vivadzen/src/front/node_modules/@intlify/core-base/dist/core-base.mjs)
  at resolveMessageFormat (/Users/andrejkoval/Dev/vivadzen/src/front/node_modules/@intlify/core-base/dist/core-base.mjs)
 @ http://localhost:3001/_nuxt/@fs/Users/andrejkoval/Dev/vivadzen/src/front/node_modules/consola/dist/browser.mjs?v=10181baa:47
[     409ms] [WARNING] %cssr:warn%c [intlify] Fall back to translate 'title.cart' key with 'cs' locale. 
      background: #f39c12;
      border-radius: 0.5em;
      color: white;
      font-weight: bold;
      padding: 2px 0.5em;
      
  at warn (/Users/andrejkoval/Dev/vivadzen/src/front/node_modules/@intlify/shared/dist/shared.mjs)
  at resolveMessageFormat (/Users/andrejkoval/Dev/vivadzen/src/front/node_modules/@intlify/core-base/dist/core-base.mjs)
  at translate (/Users/andrejkoval/Dev/vivadzen/src/front/node_modules/@intlify/core-base/dist/core-base.mjs)
 @ http://localhost:3001/_nuxt/@fs/Users/andrejkoval/Dev/vivadzen/src/front/node_modules/consola/dist/browser.mjs?v=10181baa:47
[     409ms] [WARNING] %cssr:warn%c [intlify] Not found 'title.cart' key in 'cs' locale messages. 
      background: #f39c12;
      border-radius: 0.5em;
      color: white;
      font-weight: bold;
      padding: 2px 0.5em;
      
  at warn (/Users/andrejkoval/Dev/vivadzen/src/front/node_modules/@intlify/shared/dist/shared.mjs)
  at handleMissing (/Users/andrejkoval/Dev/vivadzen/src/front/node_modules/@intlify/core-base/dist/core-base.mjs)
  at resolveMessageFormat (/Users/andrejkoval/Dev/vivadzen/src/front/node_modules/@intlify/core-base/dist/core-base.mjs)
 @ http://localhost:3001/_nuxt/@fs/Users/andrejkoval/Dev/vivadzen/src/front/node_modules/consola/dist/browser.mjs?v=10181baa:47
[     409ms] [WARNING] %cssr:warn%c [intlify] Fall back to translate 'title.cart' with root locale. 
      background: #f39c12;
      border-radius: 0.5em;
      color: white;
      font-weight: bold;
      padding: 2px 0.5em;
      
  at warn (/Users/andrejkoval/Dev/vivadzen/src/front/node_modules/@intlify/shared/dist/shared.mjs)
  at wrapWithDeps (/Users/andrejkoval/Dev/vivadzen/src/front/node_modules/vue-i18n/dist/vue-i18n.mjs)
  at Proxy.t (/Users/andrejkoval/Dev/vivadzen/src/front/node_modules/vue-i18n/dist/vue-i18n.mjs)
 @ http://localhost:3001/_nuxt/@fs/Users/andrejkoval/Dev/vivadzen/src/front/node_modules/consola/dist/browser.mjs?v=10181baa:47
[     409ms] [WARNING] %cssr:warn%c [intlify] Not found 'title.catalog' key in 'ru' locale messages. 
      background: #f39c12;
      border-radius: 0.5em;
      color: white;
      font-weight: bold;
      padding: 2px 0.5em;
      
  at warn (/Users/andrejkoval/Dev/vivadzen/src/front/node_modules/@intlify/shared/dist/shared.mjs)
  at handleMissing (/Users/andrejkoval/Dev/vivadzen/src/front/node_modules/@intlify/core-base/dist/core-base.mjs)
  at resolveMessageFormat (/Users/andrejkoval/Dev/vivadzen/src/front/node_modules/@intlify/core-base/dist/core-base.mjs)
 @ http://localhost:3001/_nuxt/@fs/Users/andrejkoval/Dev/vivadzen/src/front/node_modules/consola/dist/browser.mjs?v=10181baa:47
[     409ms] [WARNING] %cssr:warn%c [intlify] Fall back to translate 'title.catalog' key with 'cs' locale. 
      background: #f39c12;
      border-radius: 0.5em;
      color: white;
      font-weight: bold;
      padding: 2px 0.5em;
      
  at warn (/Users/andrejkoval/Dev/vivadzen/src/front/node_modules/@intlify/shared/dist/shared.mjs)
  at resolveMessageFormat (/Users/andrejkoval/Dev/vivadzen/src/front/node_modules/@intlify/core-base/dist/core-base.mjs)
  at translate (/Users/andrejkoval/Dev/vivadzen/src/front/node_modules/@intlify/core-base/dist/core-base.mjs)
 @ http://localhost:3001/_nuxt/@fs/Users/andrejkoval/Dev/vivadzen/src/front/node_modules/consola/dist/browser.mjs?v=10181baa:47
[     409ms] [WARNING] %cssr:warn%c [intlify] Not found 'title.catalog' key in 'cs' locale messages. 
      background: #f39c12;
      border-radius: 0.5em;
      color: white;
      font-weight: bold;
      padding: 2px 0.5em;
      
  at warn (/Users/andrejkoval/Dev/vivadzen/src/front/node_modules/@intlify/shared/dist/shared.mjs)
  at handleMissing (/Users/andrejkoval/Dev/vivadzen/src/front/node_modules/@intlify/core-base/dist/core-base.mjs)
  at resolveMessageFormat (/Users/andrejkoval/Dev/vivadzen/src/front/node_modules/@intlify/core-base/dist/core-base.mjs)
 @ http://localhost:3001/_nuxt/@fs/Users/andrejkoval/Dev/vivadzen/src/front/node_modules/consola/dist/browser.mjs?v=10181baa:47
[     409ms] [WARNING] %cssr:warn%c [intlify] Fall back to translate 'title.catalog' with root locale. 
      background: #f39c12;
      border-radius: 0.5em;
      color: white;
      font-weight: bold;
      padding: 2px 0.5em;
      
  at warn (/Users/andrejkoval/Dev/vivadzen/src/front/node_modules/@intlify/shared/dist/shared.mjs)
  at wrapWithDeps (/Users/andrejkoval/Dev/vivadzen/src/front/node_modules/vue-i18n/dist/vue-i18n.mjs)
  at t (/Users/andrejkoval/Dev/vivadzen/src/front/node_modules/vue-i18n/dist/vue-i18n.mjs)
 @ http://localhost:3001/_nuxt/@fs/Users/andrejkoval/Dev/vivadzen/src/front/node_modules/consola/dist/browser.mjs?v=10181baa:47
[     409ms] [WARNING] %cssr:warn%c [intlify] Not found 'title.delivery' key in 'ru' locale messages. 
      background: #f39c12;
      border-radius: 0.5em;
      color: white;
      font-weight: bold;
      padding: 2px 0.5em;
      
  at warn (/Users/andrejkoval/Dev/vivadzen/src/front/node_modules/@intlify/shared/dist/shared.mjs)
  at handleMissing (/Users/andrejkoval/Dev/vivadzen/src/front/node_modules/@intlify/core-base/dist/core-base.mjs)
  at resolveMessageFormat (/Users/andrejkoval/Dev/vivadzen/src/front/node_modules/@intlify/core-base/dist/core-base.mjs)
 @ http://localhost:3001/_nuxt/@fs/Users/andrejkoval/Dev/vivadzen/src/front/node_modules/consola/dist/browser.mjs?v=10181baa:47
[     409ms] [WARNING] %cssr:warn%c [intlify] Fall back to translate 'title.delivery' key with 'cs' locale. 
      background: #f39c12;
      border-radius: 0.5em;
      color: white;
      font-weight: bold;
      padding: 2px 0.5em;
      
  at warn (/Users/andrejkoval/Dev/vivadzen/src/front/node_modules/@intlify/shared/dist/shared.mjs)
  at resolveMessageFormat (/Users/andrejkoval/Dev/vivadzen/src/front/node_modules/@intlify/core-base/dist/core-base.mjs)
  at translate (/Users/andrejkoval/Dev/vivadzen/src/front/node_modules/@intlify/core-base/dist/core-base.mjs)
 @ http://localhost:3001/_nuxt/@fs/Users/andrejkoval/Dev/vivadzen/src/front/node_modules/consola/dist/browser.mjs?v=10181baa:47
[     410ms] [WARNING] %cssr:warn%c [intlify] Not found 'title.delivery' key in 'cs' locale messages. 
      background: #f39c12;
      border-radius: 0.5em;
      color: white;
      font-weight: bold;
      padding: 2px 0.5em;
      
  at warn (/Users/andrejkoval/Dev/vivadzen/src/front/node_modules/@intlify/shared/dist/shared.mjs)
  at handleMissing (/Users/andrejkoval/Dev/vivadzen/src/front/node_modules/@intlify/core-base/dist/core-base.mjs)
  at resolveMessageFormat (/Users/andrejkoval/Dev/vivadzen/src/front/node_modules/@intlify/core-base/dist/core-base.mjs)
 @ http://localhost:3001/_nuxt/@fs/Users/andrejkoval/Dev/vivadzen/src/front/node_modules/consola/dist/browser.mjs?v=10181baa:47
[     410ms] [WARNING] %cssr:warn%c [intlify] Fall back to translate 'title.delivery' with root locale. 
      background: #f39c12;
      border-radius: 0.5em;
      color: white;
      font-weight: bold;
      padding: 2px 0.5em;
      
  at warn (/Users/andrejkoval/Dev/vivadzen/src/front/node_modules/@intlify/shared/dist/shared.mjs)
  at wrapWithDeps (/Users/andrejkoval/Dev/vivadzen/src/front/node_modules/vue-i18n/dist/vue-i18n.mjs)
  at t (/Users/andrejkoval/Dev/vivadzen/src/front/node_modules/vue-i18n/dist/vue-i18n.mjs)
 @ http://localhost:3001/_nuxt/@fs/Users/andrejkoval/Dev/vivadzen/src/front/node_modules/consola/dist/browser.mjs?v=10181baa:47
[     410ms] [WARNING] %cssr:warn%c [intlify] Not found 'title.payment' key in 'ru' locale messages. 
      background: #f39c12;
      border-radius: 0.5em;
      color: white;
      font-weight: bold;
      padding: 2px 0.5em;
      
  at warn (/Users/andrejkoval/Dev/vivadzen/src/front/node_modules/@intlify/shared/dist/shared.mjs)
  at handleMissing (/Users/andrejkoval/Dev/vivadzen/src/front/node_modules/@intlify/core-base/dist/core-base.mjs)
  at resolveMessageFormat (/Users/andrejkoval/Dev/vivadzen/src/front/node_modules/@intlify/core-base/dist/core-base.mjs)
 @ http://localhost:3001/_nuxt/@fs/Users/andrejkoval/Dev/vivadzen/src/front/node_modules/consola/dist/browser.mjs?v=10181baa:47
[     410ms] [WARNING] %cssr:warn%c [intlify] Fall back to translate 'title.payment' key with 'cs' locale. 
      background: #f39c12;
      border-radius: 0.5em;
      color: white;
      font-weight: bold;
      padding: 2px 0.5em;
      
  at warn (/Users/andrejkoval/Dev/vivadzen/src/front/node_modules/@intlify/shared/dist/shared.mjs)
  at resolveMessageFormat (/Users/andrejkoval/Dev/vivadzen/src/front/node_modules/@intlify/core-base/dist/core-base.mjs)
  at translate (/Users/andrejkoval/Dev/vivadzen/src/front/node_modules/@intlify/core-base/dist/core-base.mjs)
 @ http://localhost:3001/_nuxt/@fs/Users/andrejkoval/Dev/vivadzen/src/front/node_modules/consola/dist/browser.mjs?v=10181baa:47
[     410ms] [WARNING] %cssr:warn%c [intlify] Not found 'title.payment' key in 'cs' locale messages. 
      background: #f39c12;
      border-radius: 0.5em;
      color: white;
      font-weight: bold;
      padding: 2px 0.5em;
      
  at warn (/Users/andrejkoval/Dev/vivadzen/src/front/node_modules/@intlify/shared/dist/shared.mjs)
  at handleMissing (/Users/andrejkoval/Dev/vivadzen/src/front/node_modules/@intlify/core-base/dist/core-base.mjs)
  at resolveMessageFormat (/Users/andrejkoval/Dev/vivadzen/src/front/node_modules/@intlify/core-base/dist/core-base.mjs)
 @ http://localhost:3001/_nuxt/@fs/Users/andrejkoval/Dev/vivadzen/src/front/node_modules/consola/dist/browser.mjs?v=10181baa:47
[     410ms] [WARNING] %cssr:warn%c [intlify] Fall back to translate 'title.payment' with root locale. 
      background: #f39c12;
      border-radius: 0.5em;
      color: white;
      font-weight: bold;
      padding: 2px 0.5em;
      
  at warn (/Users/andrejkoval/Dev/vivadzen/src/front/node_modules/@intlify/shared/dist/shared.mjs)
  at wrapWithDeps (/Users/andrejkoval/Dev/vivadzen/src/front/node_modules/vue-i18n/dist/vue-i18n.mjs)
  at t (/Users/andrejkoval/Dev/vivadzen/src/front/node_modules/vue-i18n/dist/vue-i18n.mjs)
 @ http://localhost:3001/_nuxt/@fs/Users/andrejkoval/Dev/vivadzen/src/front/node_modules/consola/dist/browser.mjs?v=10181baa:47
[     410ms] [WARNING] %cssr:warn%c [intlify] Not found 'title.age_verification' key in 'ru' locale messages. 
      background: #f39c12;
      border-radius: 0.5em;
      color: white;
      font-weight: bold;
      padding: 2px 0.5em;
      
  at warn (/Users/andrejkoval/Dev/vivadzen/src/front/node_modules/@intlify/shared/dist/shared.mjs)
  at handleMissing (/Users/andrejkoval/Dev/vivadzen/src/front/node_modules/@intlify/core-base/dist/core-base.mjs)
  at resolveMessageFormat (/Users/andrejkoval/Dev/vivadzen/src/front/node_modules/@intlify/core-base/dist/core-base.mjs)
 @ http://localhost:3001/_nuxt/@fs/Users/andrejkoval/Dev/vivadzen/src/front/node_modules/consola/dist/browser.mjs?v=10181baa:47
[     410ms] [WARNING] %cssr:warn%c [intlify] Fall back to translate 'title.age_verification' key with 'cs' locale. 
      background: #f39c12;
      border-radius: 0.5em;
      color: white;
      font-weight: bold;
      padding: 2px 0.5em;
      
  at warn (/Users/andrejkoval/Dev/vivadzen/src/front/node_modules/@intlify/shared/dist/shared.mjs)
  at resolveMessageFormat (/Users/andrejkoval/Dev/vivadzen/src/front/node_modules/@intlify/core-base/dist/core-base.mjs)
  at translate (/Users/andrejkoval/Dev/vivadzen/src/front/node_modules/@intlify/core-base/dist/core-base.mjs)
 @ http://localhost:3001/_nuxt/@fs/Users/andrejkoval/Dev/vivadzen/src/front/node_modules/consola/dist/browser.mjs?v=10181baa:47
[     410ms] [WARNING] %cssr:warn%c [intlify] Not found 'title.age_verification' key in 'cs' locale messages. 
      background: #f39c12;
      border-radius: 0.5em;
      color: white;
      font-weight: bold;
      padding: 2px 0.5em;
      
  at warn (/Users/andrejkoval/Dev/vivadzen/src/front/node_modules/@intlify/shared/dist/shared.mjs)
  at handleMissing (/Users/andrejkoval/Dev/vivadzen/src/front/node_modules/@intlify/core-base/dist/core-base.mjs)
  at resolveMessageFormat (/Users/andrejkoval/Dev/vivadzen/src/front/node_modules/@intlify/core-base/dist/core-base.mjs)
 @ http://localhost:3001/_nuxt/@fs/Users/andrejkoval/Dev/vivadzen/src/front/node_modules/consola/dist/browser.mjs?v=10181baa:47
[     410ms] [WARNING] %cssr:warn%c [intlify] Fall back to translate 'title.age_verification' with root locale. 
      background: #f39c12;
      border-radius: 0.5em;
      color: white;
      font-weight: bold;
      padding: 2px 0.5em;
      
  at warn (/Users/andrejkoval/Dev/vivadzen/src/front/node_modules/@intlify/shared/dist/shared.mjs)
  at wrapWithDeps (/Users/andrejkoval/Dev/vivadzen/src/front/node_modules/vue-i18n/dist/vue-i18n.mjs)
  at t (/Users/andrejkoval/Dev/vivadzen/src/front/node_modules/vue-i18n/dist/vue-i18n.mjs)
 @ http://localhost:3001/_nuxt/@fs/Users/andrejkoval/Dev/vivadzen/src/front/node_modules/consola/dist/browser.mjs?v=10181baa:47
[     410ms] [WARNING] %cssr:warn%c [intlify] Not found 'title.reviews' key in 'ru' locale messages. 
      background: #f39c12;
      border-radius: 0.5em;
      color: white;
      font-weight: bold;
      padding: 2px 0.5em;
      
  at warn (/Users/andrejkoval/Dev/vivadzen/src/front/node_modules/@intlify/shared/dist/shared.mjs)
  at handleMissing (/Users/andrejkoval/Dev/vivadzen/src/front/node_modules/@intlify/core-base/dist/core-base.mjs)
  at resolveMessageFormat (/Users/andrejkoval/Dev/vivadzen/src/front/node_modules/@intlify/core-base/dist/core-base.mjs)
 @ http://localhost:3001/_nuxt/@fs/Users/andrejkoval/Dev/vivadzen/src/front/node_modules/consola/dist/browser.mjs?v=10181baa:47
[     410ms] [WARNING] %cssr:warn%c [intlify] Fall back to translate 'title.reviews' key with 'cs' locale. 
      background: #f39c12;
      border-radius: 0.5em;
      color: white;
      font-weight: bold;
      padding: 2px 0.5em;
      
  at warn (/Users/andrejkoval/Dev/vivadzen/src/front/node_modules/@intlify/shared/dist/shared.mjs)
  at resolveMessageFormat (/Users/andrejkoval/Dev/vivadzen/src/front/node_modules/@intlify/core-base/dist/core-base.mjs)
  at translate (/Users/andrejkoval/Dev/vivadzen/src/front/node_modules/@intlify/core-base/dist/core-base.mjs)
 @ http://localhost:3001/_nuxt/@fs/Users/andrejkoval/Dev/vivadzen/src/front/node_modules/consola/dist/browser.mjs?v=10181baa:47
[     410ms] [WARNING] %cssr:warn%c [intlify] Not found 'title.reviews' key in 'cs' locale messages. 
      background: #f39c12;
      border-radius: 0.5em;
      color: white;
      font-weight: bold;
      padding: 2px 0.5em;
      
  at warn (/Users/andrejkoval/Dev/vivadzen/src/front/node_modules/@intlify/shared/dist/shared.mjs)
  at handleMissing (/Users/andrejkoval/Dev/vivadzen/src/front/node_modules/@intlify/core-base/dist/core-base.mjs)
  at resolveMessageFormat (/Users/andrejkoval/Dev/vivadzen/src/front/node_modules/@intlify/core-base/dist/core-base.mjs)
 @ http://localhost:3001/_nuxt/@fs/Users/andrejkoval/Dev/vivadzen/src/front/node_modules/consola/dist/browser.mjs?v=10181baa:47
[     410ms] [WARNING] %cssr:warn%c [intlify] Fall back to translate 'title.reviews' with root locale. 
      background: #f39c12;
      border-radius: 0.5em;
      color: white;
      font-weight: bold;
      padding: 2px 0.5em;
      
  at warn (/Users/andrejkoval/Dev/vivadzen/src/front/node_modules/@intlify/shared/dist/shared.mjs)
  at wrapWithDeps (/Users/andrejkoval/Dev/vivadzen/src/front/node_modules/vue-i18n/dist/vue-i18n.mjs)
  at t (/Users/andrejkoval/Dev/vivadzen/src/front/node_modules/vue-i18n/dist/vue-i18n.mjs)
 @ http://localhost:3001/_nuxt/@fs/Users/andrejkoval/Dev/vivadzen/src/front/node_modules/consola/dist/browser.mjs?v=10181baa:47
[     410ms] [WARNING] %cssr:warn%c [intlify] Not found 'title.about' key in 'ru' locale messages. 
      background: #f39c12;
      border-radius: 0.5em;
      color: white;
      font-weight: bold;
      padding: 2px 0.5em;
      
  at warn (/Users/andrejkoval/Dev/vivadzen/src/front/node_modules/@intlify/shared/dist/shared.mjs)
  at handleMissing (/Users/andrejkoval/Dev/vivadzen/src/front/node_modules/@intlify/core-base/dist/core-base.mjs)
  at resolveMessageFormat (/Users/andrejkoval/Dev/vivadzen/src/front/node_modules/@intlify/core-base/dist/core-base.mjs)
 @ http://localhost:3001/_nuxt/@fs/Users/andrejkoval/Dev/vivadzen/src/front/node_modules/consola/dist/browser.mjs?v=10181baa:47
[     410ms] [WARNING] %cssr:warn%c [intlify] Fall back to translate 'title.about' key with 'cs' locale. 
      background: #f39c12;
      border-radius: 0.5em;
      color: white;
      font-weight: bold;
      padding: 2px 0.5em;
      
  at warn (/Users/andrejkoval/Dev/vivadzen/src/front/node_modules/@intlify/shared/dist/shared.mjs)
  at resolveMessageFormat (/Users/andrejkoval/Dev/vivadzen/src/front/node_modules/@intlify/core-base/dist/core-base.mjs)
  at translate (/Users/andrejkoval/Dev/vivadzen/src/front/node_modules/@intlify/core-base/dist/core-base.mjs)
 @ http://localhost:3001/_nuxt/@fs/Users/andrejkoval/Dev/vivadzen/src/front/node_modules/consola/dist/browser.mjs?v=10181baa:47
[     410ms] [WARNING] %cssr:warn%c [intlify] Not found 'title.about' key in 'cs' locale messages. 
      background: #f39c12;
      border-radius: 0.5em;
      color: white;
      font-weight: bold;
      padding: 2px 0.5em;
      
  at warn (/Users/andrejkoval/Dev/vivadzen/src/front/node_modules/@intlify/shared/dist/shared.mjs)
  at handleMissing (/Users/andrejkoval/Dev/vivadzen/src/front/node_modules/@intlify/core-base/dist/core-base.mjs)
  at resolveMessageFormat (/Users/andrejkoval/Dev/vivadzen/src/front/node_modules/@intlify/core-base/dist/core-base.mjs)
 @ http://localhost:3001/_nuxt/@fs/Users/andrejkoval/Dev/vivadzen/src/front/node_modules/consola/dist/browser.mjs?v=10181baa:47
[     410ms] [WARNING] %cssr:warn%c [intlify] Fall back to translate 'title.about' with root locale. 
      background: #f39c12;
      border-radius: 0.5em;
      color: white;
      font-weight: bold;
      padding: 2px 0.5em;
      
  at warn (/Users/andrejkoval/Dev/vivadzen/src/front/node_modules/@intlify/shared/dist/shared.mjs)
  at wrapWithDeps (/Users/andrejkoval/Dev/vivadzen/src/front/node_modules/vue-i18n/dist/vue-i18n.mjs)
  at t (/Users/andrejkoval/Dev/vivadzen/src/front/node_modules/vue-i18n/dist/vue-i18n.mjs)
 @ http://localhost:3001/_nuxt/@fs/Users/andrejkoval/Dev/vivadzen/src/front/node_modules/consola/dist/browser.mjs?v=10181baa:47
[     410ms] [WARNING] %cssr:warn%c [intlify] Not found 'title.contacts' key in 'ru' locale messages. 
      background: #f39c12;
      border-radius: 0.5em;
      color: white;
      font-weight: bold;
      padding: 2px 0.5em;
      
  at warn (/Users/andrejkoval/Dev/vivadzen/src/front/node_modules/@intlify/shared/dist/shared.mjs)
  at handleMissing (/Users/andrejkoval/Dev/vivadzen/src/front/node_modules/@intlify/core-base/dist/core-base.mjs)
  at resolveMessageFormat (/Users/andrejkoval/Dev/vivadzen/src/front/node_modules/@intlify/core-base/dist/core-base.mjs)
 @ http://localhost:3001/_nuxt/@fs/Users/andrejkoval/Dev/vivadzen/src/front/node_modules/consola/dist/browser.mjs?v=10181baa:47
[     410ms] [WARNING] %cssr:warn%c [intlify] Fall back to translate 'title.contacts' key with 'cs' locale. 
      background: #f39c12;
      border-radius: 0.5em;
      color: white;
      font-weight: bold;
      padding: 2px 0.5em;
      
  at warn (/Users/andrejkoval/Dev/vivadzen/src/front/node_modules/@intlify/shared/dist/shared.mjs)
  at resolveMessageFormat (/Users/andrejkoval/Dev/vivadzen/src/front/node_modules/@intlify/core-base/dist/core-base.mjs)
  at translate (/Users/andrejkoval/Dev/vivadzen/src/front/node_modules/@intlify/core-base/dist/core-base.mjs)
 @ http://localhost:3001/_nuxt/@fs/Users/andrejkoval/Dev/vivadzen/src/front/node_modules/consola/dist/browser.mjs?v=10181baa:47
[     410ms] [WARNING] %cssr:warn%c [intlify] Not found 'title.contacts' key in 'cs' locale messages. 
      background: #f39c12;
      border-radius: 0.5em;
      color: white;
      font-weight: bold;
      padding: 2px 0.5em;
      
  at warn (/Users/andrejkoval/Dev/vivadzen/src/front/node_modules/@intlify/shared/dist/shared.mjs)
  at handleMissing (/Users/andrejkoval/Dev/vivadzen/src/front/node_modules/@intlify/core-base/dist/core-base.mjs)
  at resolveMessageFormat (/Users/andrejkoval/Dev/vivadzen/src/front/node_modules/@intlify/core-base/dist/core-base.mjs)
 @ http://localhost:3001/_nuxt/@fs/Users/andrejkoval/Dev/vivadzen/src/front/node_modules/consola/dist/browser.mjs?v=10181baa:47
[     410ms] [WARNING] %cssr:warn%c [intlify] Fall back to translate 'title.contacts' with root locale. 
      background: #f39c12;
      border-radius: 0.5em;
      color: white;
      font-weight: bold;
      padding: 2px 0.5em;
      
  at warn (/Users/andrejkoval/Dev/vivadzen/src/front/node_modules/@intlify/shared/dist/shared.mjs)
  at wrapWithDeps (/Users/andrejkoval/Dev/vivadzen/src/front/node_modules/vue-i18n/dist/vue-i18n.mjs)
  at t (/Users/andrejkoval/Dev/vivadzen/src/front/node_modules/vue-i18n/dist/vue-i18n.mjs)
 @ http://localhost:3001/_nuxt/@fs/Users/andrejkoval/Dev/vivadzen/src/front/node_modules/consola/dist/browser.mjs?v=10181baa:47
[     410ms] [WARNING] %cssr:warn%c [intlify] Fall back to translate exists 'sections.0.lead' with root locale. 
      background: #f39c12;
      border-radius: 0.5em;
      color: white;
      font-weight: bold;
      padding: 2px 0.5em;
      
  at warn (/Users/andrejkoval/Dev/vivadzen/src/front/node_modules/@intlify/shared/dist/shared.mjs)
  at wrapWithDeps (/Users/andrejkoval/Dev/vivadzen/src/front/node_modules/vue-i18n/dist/vue-i18n.mjs)
  at te (/Users/andrejkoval/Dev/vivadzen/src/front/node_modules/vue-i18n/dist/vue-i18n.mjs)
 @ http://localhost:3001/_nuxt/@fs/Users/andrejkoval/Dev/vivadzen/src/front/node_modules/consola/dist/browser.mjs?v=10181baa:47
[     410ms] [WARNING] %cssr:warn%c [intlify] Fall back to translate exists 'sections.0.note' with root locale. 
      background: #f39c12;
      border-radius: 0.5em;
      color: white;
      font-weight: bold;
      padding: 2px 0.5em;
      
  at warn (/Users/andrejkoval/Dev/vivadzen/src/front/node_modules/@intlify/shared/dist/shared.mjs)
  at wrapWithDeps (/Users/andrejkoval/Dev/vivadzen/src/front/node_modules/vue-i18n/dist/vue-i18n.mjs)
  at te (/Users/andrejkoval/Dev/vivadzen/src/front/node_modules/vue-i18n/dist/vue-i18n.mjs)
 @ http://localhost:3001/_nuxt/@fs/Users/andrejkoval/Dev/vivadzen/src/front/node_modules/consola/dist/browser.mjs?v=10181baa:47
[     410ms] [WARNING] %cssr:warn%c [intlify] Fall back to translate exists 'sections.1.lead' with root locale. 
      background: #f39c12;
      border-radius: 0.5em;
      color: white;
      font-weight: bold;
      padding: 2px 0.5em;
      
  at warn (/Users/andrejkoval/Dev/vivadzen/src/front/node_modules/@intlify/shared/dist/shared.mjs)
  at wrapWithDeps (/Users/andrejkoval/Dev/vivadzen/src/front/node_modules/vue-i18n/dist/vue-i18n.mjs)
  at te (/Users/andrejkoval/Dev/vivadzen/src/front/node_modules/vue-i18n/dist/vue-i18n.mjs)
 @ http://localhost:3001/_nuxt/@fs/Users/andrejkoval/Dev/vivadzen/src/front/node_modules/consola/dist/browser.mjs?v=10181baa:47
[     410ms] [WARNING] %cssr:warn%c [intlify] Fall back to translate exists 'sections.3.lead' with root locale. 
      background: #f39c12;
      border-radius: 0.5em;
      color: white;
      font-weight: bold;
      padding: 2px 0.5em;
      
  at warn (/Users/andrejkoval/Dev/vivadzen/src/front/node_modules/@intlify/shared/dist/shared.mjs)
  at wrapWithDeps (/Users/andrejkoval/Dev/vivadzen/src/front/node_modules/vue-i18n/dist/vue-i18n.mjs)
  at te (/Users/andrejkoval/Dev/vivadzen/src/front/node_modules/vue-i18n/dist/vue-i18n.mjs)
 @ http://localhost:3001/_nuxt/@fs/Users/andrejkoval/Dev/vivadzen/src/front/node_modules/consola/dist/browser.mjs?v=10181baa:47
[     410ms] [WARNING] %cssr:warn%c [intlify] Fall back to translate exists 'sections.3.note' with root locale. 
      background: #f39c12;
      border-radius: 0.5em;
      color: white;
      font-weight: bold;
      padding: 2px 0.5em;
      
  at warn (/Users/andrejkoval/Dev/vivadzen/src/front/node_modules/@intlify/shared/dist/shared.mjs)
  at wrapWithDeps (/Users/andrejkoval/Dev/vivadzen/src/front/node_modules/vue-i18n/dist/vue-i18n.mjs)
  at te (/Users/andrejkoval/Dev/vivadzen/src/front/node_modules/vue-i18n/dist/vue-i18n.mjs)
 @ http://localhost:3001/_nuxt/@fs/Users/andrejkoval/Dev/vivadzen/src/front/node_modules/consola/dist/browser.mjs?v=10181baa:47
[     410ms] [WARNING] %cssr:warn%c [intlify] Fall back to translate exists 'sections.4.note' with root locale. 
      background: #f39c12;
      border-radius: 0.5em;
      color: white;
      font-weight: bold;
      padding: 2px 0.5em;
      
  at warn (/Users/andrejkoval/Dev/vivadzen/src/front/node_modules/@intlify/shared/dist/shared.mjs)
  at wrapWithDeps (/Users/andrejkoval/Dev/vivadzen/src/front/node_modules/vue-i18n/dist/vue-i18n.mjs)
  at te (/Users/andrejkoval/Dev/vivadzen/src/front/node_modules/vue-i18n/dist/vue-i18n.mjs)
 @ http://localhost:3001/_nuxt/@fs/Users/andrejkoval/Dev/vivadzen/src/front/node_modules/consola/dist/browser.mjs?v=10181baa:47
[     410ms] [LOG] %cssr%c %s: %s 
      background: #7f8c8d;
      border-radius: 0.5em;
      color: white;
      font-weight: bold;
      padding: 2px 0.5em;
      [nuxt-app] app:rendered 0.16ms 
  at timeLogImpl (node:internal/console/constructor)
  at node:internal/console/constructor
  at timeLogImpl (node:internal/util/debuglog)
 @ http://localhost:3001/_nuxt/@fs/Users/andrejkoval/Dev/vivadzen/src/front/node_modules/consola/dist/browser.mjs?v=10181baa:47
[     410ms] [LOG] %cssr%c %s: %s 
      background: #7f8c8d;
      border-radius: 0.5em;
      color: white;
      font-weight: bold;
      padding: 2px 0.5em;
      [nuxt-app] schema-org:meta 0.005ms 
  at timeLogImpl (node:internal/console/constructor)
  at node:internal/console/constructor
  at timeLogImpl (node:internal/util/debuglog)
 @ http://localhost:3001/_nuxt/@fs/Users/andrejkoval/Dev/vivadzen/src/front/node_modules/consola/dist/browser.mjs?v=10181baa:47
[     410ms] [LOG] [nuxt-app] dev:ssr-logs: 3.35009765625 ms [Array(90)] @ http://localhost:3001/_nuxt/@fs/Users/andrejkoval/Dev/vivadzen/src/front/node_modules/hookable/dist/index.mjs?v=10181baa:271
[     412ms] [LOG] [nuxt-app] page:loading:start: 0.037841796875 ms [] @ http://localhost:3001/_nuxt/@fs/Users/andrejkoval/Dev/vivadzen/src/front/node_modules/hookable/dist/index.mjs?v=10181baa:271
[     432ms] [WARNING] Timer '[nuxt-app] i18n:beforeLocaleSwitch' already exists @ http://localhost:3001/_nuxt/@fs/Users/andrejkoval/Dev/vivadzen/src/front/node_modules/hookable/dist/index.mjs?v=10181baa:261
[     432ms] [LOG] [nuxt-app] i18n:beforeLocaleSwitch: 30.10302734375 ms [Object] @ http://localhost:3001/_nuxt/@fs/Users/andrejkoval/Dev/vivadzen/src/front/node_modules/hookable/dist/index.mjs?v=10181baa:271
[     433ms] [LOG] [nuxt-app] app:created: 20.8779296875 ms [Object] @ http://localhost:3001/_nuxt/@fs/Users/andrejkoval/Dev/vivadzen/src/front/node_modules/hookable/dist/index.mjs?v=10181baa:271
[     433ms] [LOG] [nuxt-app] app:beforeMount: 0.01806640625 ms [Object] @ http://localhost:3001/_nuxt/@fs/Users/andrejkoval/Dev/vivadzen/src/front/node_modules/hookable/dist/index.mjs?v=10181baa:271
[     433ms] [LOG] [nuxt-app] vue:setup: 0.1259765625 ms [] @ http://localhost:3001/_nuxt/@fs/Users/andrejkoval/Dev/vivadzen/src/front/node_modules/hookable/dist/index.mjs?v=10181baa:271
[     434ms] [INFO] <Suspense> is an experimental feature and its API will likely change. @ http://localhost:3001/_nuxt/@fs/Users/andrejkoval/Dev/vivadzen/src/front/node_modules/@vue/runtime-core/dist/runtime-core.esm-bundler.js?v=10181baa:7155
[     434ms] [LOG] [nuxt-app] app:mounted: 0.048095703125 ms [Object] @ http://localhost:3001/_nuxt/@fs/Users/andrejkoval/Dev/vivadzen/src/front/node_modules/hookable/dist/index.mjs?v=10181baa:271
[     441ms] [LOG] [Content] WS connect to ws://localhost:4000/ws @ http://localhost:3001/_nuxt/@fs/Users/andrejkoval/Dev/vivadzen/src/front/node_modules/@nuxt/content/dist/runtime/composables/web-socket.js?v=10181baa:4
[     471ms] [WARNING] [intlify] Not found 'title.catalog' key in 'ru' locale messages. @ http://localhost:3001/_nuxt/node_modules/.cache/vite/client/deps/chunk-LY4OWT6B.js?v=10181baa:3
[     471ms] [WARNING] [intlify] Fall back to translate 'title.catalog' key with 'cs' locale. @ http://localhost:3001/_nuxt/node_modules/.cache/vite/client/deps/chunk-LY4OWT6B.js?v=10181baa:3
[     471ms] [WARNING] [intlify] Not found 'title.catalog' key in 'cs' locale messages. @ http://localhost:3001/_nuxt/node_modules/.cache/vite/client/deps/chunk-LY4OWT6B.js?v=10181baa:3
[     471ms] [WARNING] [intlify] Fall back to translate 'title.catalog' with root locale. @ http://localhost:3001/_nuxt/node_modules/.cache/vite/client/deps/chunk-LY4OWT6B.js?v=10181baa:3
[     472ms] [WARNING] [intlify] Not found 'title.delivery' key in 'ru' locale messages. @ http://localhost:3001/_nuxt/node_modules/.cache/vite/client/deps/chunk-LY4OWT6B.js?v=10181baa:3
[     472ms] [WARNING] [intlify] Fall back to translate 'title.delivery' key with 'cs' locale. @ http://localhost:3001/_nuxt/node_modules/.cache/vite/client/deps/chunk-LY4OWT6B.js?v=10181baa:3
[     472ms] [WARNING] [intlify] Not found 'title.delivery' key in 'cs' locale messages. @ http://localhost:3001/_nuxt/node_modules/.cache/vite/client/deps/chunk-LY4OWT6B.js?v=10181baa:3
[     472ms] [WARNING] [intlify] Fall back to translate 'title.delivery' with root locale. @ http://localhost:3001/_nuxt/node_modules/.cache/vite/client/deps/chunk-LY4OWT6B.js?v=10181baa:3
[     472ms] [WARNING] [intlify] Not found 'title.payment' key in 'ru' locale messages. @ http://localhost:3001/_nuxt/node_modules/.cache/vite/client/deps/chunk-LY4OWT6B.js?v=10181baa:3
[     472ms] [WARNING] [intlify] Fall back to translate 'title.payment' key with 'cs' locale. @ http://localhost:3001/_nuxt/node_modules/.cache/vite/client/deps/chunk-LY4OWT6B.js?v=10181baa:3
[     472ms] [WARNING] [intlify] Not found 'title.payment' key in 'cs' locale messages. @ http://localhost:3001/_nuxt/node_modules/.cache/vite/client/deps/chunk-LY4OWT6B.js?v=10181baa:3
[     472ms] [WARNING] [intlify] Fall back to translate 'title.payment' with root locale. @ http://localhost:3001/_nuxt/node_modules/.cache/vite/client/deps/chunk-LY4OWT6B.js?v=10181baa:3
[     472ms] [WARNING] [intlify] Not found 'title.age_verification' key in 'ru' locale messages. @ http://localhost:3001/_nuxt/node_modules/.cache/vite/client/deps/chunk-LY4OWT6B.js?v=10181baa:3
[     472ms] [WARNING] [intlify] Fall back to translate 'title.age_verification' key with 'cs' locale. @ http://localhost:3001/_nuxt/node_modules/.cache/vite/client/deps/chunk-LY4OWT6B.js?v=10181baa:3
[     472ms] [WARNING] [intlify] Not found 'title.age_verification' key in 'cs' locale messages. @ http://localhost:3001/_nuxt/node_modules/.cache/vite/client/deps/chunk-LY4OWT6B.js?v=10181baa:3
[     472ms] [WARNING] [intlify] Fall back to translate 'title.age_verification' with root locale. @ http://localhost:3001/_nuxt/node_modules/.cache/vite/client/deps/chunk-LY4OWT6B.js?v=10181baa:3
[     473ms] [WARNING] [intlify] Not found 'title.reviews' key in 'ru' locale messages. @ http://localhost:3001/_nuxt/node_modules/.cache/vite/client/deps/chunk-LY4OWT6B.js?v=10181baa:3
[     473ms] [WARNING] [intlify] Fall back to translate 'title.reviews' key with 'cs' locale. @ http://localhost:3001/_nuxt/node_modules/.cache/vite/client/deps/chunk-LY4OWT6B.js?v=10181baa:3
[     473ms] [WARNING] [intlify] Not found 'title.reviews' key in 'cs' locale messages. @ http://localhost:3001/_nuxt/node_modules/.cache/vite/client/deps/chunk-LY4OWT6B.js?v=10181baa:3
[     473ms] [WARNING] [intlify] Fall back to translate 'title.reviews' with root locale. @ http://localhost:3001/_nuxt/node_modules/.cache/vite/client/deps/chunk-LY4OWT6B.js?v=10181baa:3
[     473ms] [WARNING] [intlify] Not found 'title.about' key in 'ru' locale messages. @ http://localhost:3001/_nuxt/node_modules/.cache/vite/client/deps/chunk-LY4OWT6B.js?v=10181baa:3
[     473ms] [WARNING] [intlify] Fall back to translate 'title.about' key with 'cs' locale. @ http://localhost:3001/_nuxt/node_modules/.cache/vite/client/deps/chunk-LY4OWT6B.js?v=10181baa:3
[     473ms] [WARNING] [intlify] Not found 'title.about' key in 'cs' locale messages. @ http://localhost:3001/_nuxt/node_modules/.cache/vite/client/deps/chunk-LY4OWT6B.js?v=10181baa:3
[     473ms] [WARNING] [intlify] Fall back to translate 'title.about' with root locale. @ http://localhost:3001/_nuxt/node_modules/.cache/vite/client/deps/chunk-LY4OWT6B.js?v=10181baa:3
[     473ms] [WARNING] [intlify] Not found 'title.contacts' key in 'ru' locale messages. @ http://localhost:3001/_nuxt/node_modules/.cache/vite/client/deps/chunk-LY4OWT6B.js?v=10181baa:3
[     473ms] [WARNING] [intlify] Fall back to translate 'title.contacts' key with 'cs' locale. @ http://localhost:3001/_nuxt/node_modules/.cache/vite/client/deps/chunk-LY4OWT6B.js?v=10181baa:3
[     473ms] [WARNING] [intlify] Not found 'title.contacts' key in 'cs' locale messages. @ http://localhost:3001/_nuxt/node_modules/.cache/vite/client/deps/chunk-LY4OWT6B.js?v=10181baa:3
[     473ms] [WARNING] [intlify] Fall back to translate 'title.contacts' with root locale. @ http://localhost:3001/_nuxt/node_modules/.cache/vite/client/deps/chunk-LY4OWT6B.js?v=10181baa:3
[     474ms] [WARNING] [intlify] Not found 'button.login' key in 'ru' locale messages. @ http://localhost:3001/_nuxt/node_modules/.cache/vite/client/deps/chunk-LY4OWT6B.js?v=10181baa:3
[     474ms] [WARNING] [intlify] Fall back to translate 'button.login' key with 'cs' locale. @ http://localhost:3001/_nuxt/node_modules/.cache/vite/client/deps/chunk-LY4OWT6B.js?v=10181baa:3
[     474ms] [WARNING] [intlify] Not found 'button.login' key in 'cs' locale messages. @ http://localhost:3001/_nuxt/node_modules/.cache/vite/client/deps/chunk-LY4OWT6B.js?v=10181baa:3
[     474ms] [WARNING] [intlify] Fall back to translate 'button.login' with root locale. @ http://localhost:3001/_nuxt/node_modules/.cache/vite/client/deps/chunk-LY4OWT6B.js?v=10181baa:3
[     474ms] [WARNING] [intlify] Not found 'button.login' key in 'ru' locale messages. @ http://localhost:3001/_nuxt/node_modules/.cache/vite/client/deps/chunk-LY4OWT6B.js?v=10181baa:3
[     474ms] [WARNING] [intlify] Fall back to translate 'button.login' key with 'cs' locale. @ http://localhost:3001/_nuxt/node_modules/.cache/vite/client/deps/chunk-LY4OWT6B.js?v=10181baa:3
[     475ms] [WARNING] [intlify] Not found 'button.login' key in 'cs' locale messages. @ http://localhost:3001/_nuxt/node_modules/.cache/vite/client/deps/chunk-LY4OWT6B.js?v=10181baa:3
[     475ms] [WARNING] [intlify] Not found 'title.cart' key in 'ru' locale messages. @ http://localhost:3001/_nuxt/node_modules/.cache/vite/client/deps/chunk-LY4OWT6B.js?v=10181baa:3
[     475ms] [WARNING] [intlify] Fall back to translate 'title.cart' key with 'cs' locale. @ http://localhost:3001/_nuxt/node_modules/.cache/vite/client/deps/chunk-LY4OWT6B.js?v=10181baa:3
[     475ms] [WARNING] [intlify] Not found 'title.cart' key in 'cs' locale messages. @ http://localhost:3001/_nuxt/node_modules/.cache/vite/client/deps/chunk-LY4OWT6B.js?v=10181baa:3
[     475ms] [WARNING] [intlify] Fall back to translate 'title.cart' with root locale. @ http://localhost:3001/_nuxt/node_modules/.cache/vite/client/deps/chunk-LY4OWT6B.js?v=10181baa:3
[     476ms] [WARNING] [intlify] Not found 'logo_alt' key in 'ru' locale messages. @ http://localhost:3001/_nuxt/node_modules/.cache/vite/client/deps/chunk-LY4OWT6B.js?v=10181baa:3
[     476ms] [WARNING] [intlify] Fall back to translate 'logo_alt' key with 'cs' locale. @ http://localhost:3001/_nuxt/node_modules/.cache/vite/client/deps/chunk-LY4OWT6B.js?v=10181baa:3
[     476ms] [WARNING] [intlify] Not found 'logo_alt' key in 'cs' locale messages. @ http://localhost:3001/_nuxt/node_modules/.cache/vite/client/deps/chunk-LY4OWT6B.js?v=10181baa:3
[     477ms] [WARNING] [intlify] Fall back to translate 'logo_alt' with root locale. @ http://localhost:3001/_nuxt/node_modules/.cache/vite/client/deps/chunk-LY4OWT6B.js?v=10181baa:3
[     477ms] [WARNING] [intlify] Not found 'logo_alt' key in 'ru' locale messages. @ http://localhost:3001/_nuxt/node_modules/.cache/vite/client/deps/chunk-LY4OWT6B.js?v=10181baa:3
[     477ms] [WARNING] [intlify] Fall back to translate 'logo_alt' key with 'cs' locale. @ http://localhost:3001/_nuxt/node_modules/.cache/vite/client/deps/chunk-LY4OWT6B.js?v=10181baa:3
[     477ms] [WARNING] [intlify] Not found 'logo_alt' key in 'cs' locale messages. @ http://localhost:3001/_nuxt/node_modules/.cache/vite/client/deps/chunk-LY4OWT6B.js?v=10181baa:3
[     478ms] [WARNING] [Vue warn]: Hydration style mismatch on JSHandle@node 
  - rendered on server: style="width:1em;height:1em;--c613ce94-iconUrl:url('https://api.iconify.design/iconoir/nav-arrow-down.svg');"
  - expected on client: style="width:1em;height:1em;"
  Note: this mismatch is check-only. The DOM will not be rectified in production due to performance overhead.
  You should fix the source of the mismatch. 
  at <IconCSS key=0 name="iconoir:nav-arrow-down" class="hero-header__nav-link-icon" > 
  at <RouterLink ref=fn to="/ru/catalog" activeClass=undefined  ... > 
  at <NuxtLink to="/ru/catalog" class="hero-header__nav-link hero-header__nav-link--catalog" onClick=fn > 
  at <Header> 
  at <Body style= {background: #f8f1e6, --kratom-page-theme: light, --kratom-page-background: #f8f1e6, --kratom-page-text: #1f2b1d, --kratom-page-muted: rgba(31, 43, 29, 0.68)} data-page-theme="light" > 
  at <Html lang="ru-RU" dir="ltr" > 
  at <Default ref=Ref< undefined > > 
  at <AsyncComponentWrapper ref=Ref< undefined > > 
  at <LayoutLoader key="default" layoutProps= {ref: RefImpl} name="default" > 
  at <NuxtLayoutProvider layoutProps= {ref: RefImpl} key="default" name="default"  ... > 
  at <NuxtLayout> 
  at <App key=4 > 
  at <NuxtRoot> @ http://localhost:3001/_nuxt/@fs/Users/andrejkoval/Dev/vivadzen/src/front/node_modules/@vue/runtime-core/dist/runtime-core.esm-bundler.js?v=10181baa:49
[     478ms] [ERROR] Hydration completed but contains mismatches. @ http://localhost:3001/_nuxt/@fs/Users/andrejkoval/Dev/vivadzen/src/front/node_modules/@vue/runtime-core/dist/runtime-core.esm-bundler.js?v=10181baa:1847
[     479ms] [WARNING] [Vue warn]: Hydration style mismatch on JSHandle@node 
  - rendered on server: style="width:1em;height:1em;--c613ce94-iconUrl:url('https://api.iconify.design/fluent/flash-24-regular.svg');"
  - expected on client: style="width:1em;height:1em;"
  Note: this mismatch is check-only. The DOM will not be rectified in production due to performance overhead.
  You should fix the source of the mismatch. 
  at <IconCSS name="fluent:flash-24-regular" class="hero-header__promo-cta-icon" > 
  at <Header> 
  at <Body style= {background: #f8f1e6, --kratom-page-theme: light, --kratom-page-background: #f8f1e6, --kratom-page-text: #1f2b1d, --kratom-page-muted: rgba(31, 43, 29, 0.68)} data-page-theme="light" > 
  at <Html lang="ru-RU" dir="ltr" > 
  at <Default ref=Ref< undefined > > 
  at <AsyncComponentWrapper ref=Ref< undefined > > 
  at <LayoutLoader key="default" layoutProps= {ref: RefImpl} name="default" > 
  at <NuxtLayoutProvider layoutProps= {ref: RefImpl} key="default" name="default"  ... > 
  at <NuxtLayout> 
  at <App key=4 > 
  at <NuxtRoot> @ http://localhost:3001/_nuxt/@fs/Users/andrejkoval/Dev/vivadzen/src/front/node_modules/@vue/runtime-core/dist/runtime-core.esm-bundler.js?v=10181baa:49
[     480ms] [WARNING] [Vue warn]: Hydration style mismatch on JSHandle@node 
  - rendered on server: style="width:1em;height:1em;--c613ce94-iconUrl:url('https://api.iconify.design/iconoir/nav-arrow-down.svg');"
  - expected on client: style="width:1em;height:1em;"
  Note: this mismatch is check-only. The DOM will not be rectified in production due to performance overhead.
  You should fix the source of the mismatch. 
  at <IconCSS name="iconoir:nav-arrow-down" class="lang-switcher__chevron" > 
  at <Header> 
  at <Body style= {background: #f8f1e6, --kratom-page-theme: light, --kratom-page-background: #f8f1e6, --kratom-page-text: #1f2b1d, --kratom-page-muted: rgba(31, 43, 29, 0.68)} data-page-theme="light" > 
  at <Html lang="ru-RU" dir="ltr" > 
  at <Default ref=Ref< undefined > > 
  at <AsyncComponentWrapper ref=Ref< undefined > > 
  at <LayoutLoader key="default" layoutProps= {ref: RefImpl} name="default" > 
  at <NuxtLayoutProvider layoutProps= {ref: RefImpl} key="default" name="default"  ... > 
  at <NuxtLayout> 
  at <App key=4 > 
  at <NuxtRoot> @ http://localhost:3001/_nuxt/@fs/Users/andrejkoval/Dev/vivadzen/src/front/node_modules/@vue/runtime-core/dist/runtime-core.esm-bundler.js?v=10181baa:49
[     480ms] [WARNING] [Vue warn]: Hydration style mismatch on JSHandle@node 
  - rendered on server: style="width:1em;height:1em;--c613ce94-iconUrl:url('https://api.iconify.design/ph/user-circle-fill.svg');"
  - expected on client: style="width:1em;height:1em;"
  Note: this mismatch is check-only. The DOM will not be rectified in production due to performance overhead.
  You should fix the source of the mismatch. 
  at <IconCSS key=1 name="ph:user-circle-fill" class="hero-header__account-icon" > 
  at <RouterLink ref=fn to="/ru/auth/login" activeClass=undefined  ... > 
  at <NuxtLink to="/ru/auth/login" class="hero-header__account" aria-label="button.login"  ... > 
  at <Header> 
  at <Body style= {background: #f8f1e6, --kratom-page-theme: light, --kratom-page-background: #f8f1e6, --kratom-page-text: #1f2b1d, --kratom-page-muted: rgba(31, 43, 29, 0.68)} data-page-theme="light" > 
  at <Html lang="ru-RU" dir="ltr" > 
  at <Default ref=Ref< undefined > > 
  at <AsyncComponentWrapper ref=Ref< undefined > > 
  at <LayoutLoader key="default" layoutProps= {ref: RefImpl} name="default" > 
  at <NuxtLayoutProvider layoutProps= {ref: RefImpl} key="default" name="default"  ... > 
  at <NuxtLayout> 
  at <App key=4 > 
  at <NuxtRoot> @ http://localhost:3001/_nuxt/@fs/Users/andrejkoval/Dev/vivadzen/src/front/node_modules/@vue/runtime-core/dist/runtime-core.esm-bundler.js?v=10181baa:49
[     480ms] [WARNING] [Vue warn]: Hydration style mismatch on JSHandle@node 
  - rendered on server: style="width:1em;height:1em;--c613ce94-iconUrl:url('https://api.iconify.design/ci/shopping-cart-01.svg');"
  - expected on client: style="width:1em;height:1em;"
  Note: this mismatch is check-only. The DOM will not be rectified in production due to performance overhead.
  You should fix the source of the mismatch. 
  at <IconCSS name="ci:shopping-cart-01" class="hero-header__cart-icon" > 
  at <Header> 
  at <Body style= {background: #f8f1e6, --kratom-page-theme: light, --kratom-page-background: #f8f1e6, --kratom-page-text: #1f2b1d, --kratom-page-muted: rgba(31, 43, 29, 0.68)} data-page-theme="light" > 
  at <Html lang="ru-RU" dir="ltr" > 
  at <Default ref=Ref< undefined > > 
  at <AsyncComponentWrapper ref=Ref< undefined > > 
  at <LayoutLoader key="default" layoutProps= {ref: RefImpl} name="default" > 
  at <NuxtLayoutProvider layoutProps= {ref: RefImpl} key="default" name="default"  ... > 
  at <NuxtLayout> 
  at <App key=4 > 
  at <NuxtRoot> @ http://localhost:3001/_nuxt/@fs/Users/andrejkoval/Dev/vivadzen/src/front/node_modules/@vue/runtime-core/dist/runtime-core.esm-bundler.js?v=10181baa:49
[     481ms] [WARNING] [Vue warn]: Hydration style mismatch on JSHandle@node 
  - rendered on server: style="width:1em;height:1em;--c613ce94-iconUrl:url('https://api.iconify.design/mynaui/telephone-call.svg');"
  - expected on client: style="width:1em;height:1em;"
  Note: this mismatch is check-only. The DOM will not be rectified in production due to performance overhead.
  You should fix the source of the mismatch. 
  at <IconCSS name="mynaui:telephone-call" class="hero-mobile-menu__contact-icon" > 
  at <Header> 
  at <Body style= {background: #f8f1e6, --kratom-page-theme: light, --kratom-page-background: #f8f1e6, --kratom-page-text: #1f2b1d, --kratom-page-muted: rgba(31, 43, 29, 0.68)} data-page-theme="light" > 
  at <Html lang="ru-RU" dir="ltr" > 
  at <Default ref=Ref< undefined > > 
  at <AsyncComponentWrapper ref=Ref< undefined > > 
  at <LayoutLoader key="default" layoutProps= {ref: RefImpl} name="default" > 
  at <NuxtLayoutProvider layoutProps= {ref: RefImpl} key="default" name="default"  ... > 
  at <NuxtLayout> 
  at <App key=4 > 
  at <NuxtRoot> @ http://localhost:3001/_nuxt/@fs/Users/andrejkoval/Dev/vivadzen/src/front/node_modules/@vue/runtime-core/dist/runtime-core.esm-bundler.js?v=10181baa:49
[     481ms] [WARNING] [Vue warn]: Hydration style mismatch on JSHandle@node 
  - rendered on server: style="width:1em;height:1em;--c613ce94-iconUrl:url('https://api.iconify.design/ic/round-alternate-email.svg');"
  - expected on client: style="width:1em;height:1em;"
  Note: this mismatch is check-only. The DOM will not be rectified in production due to performance overhead.
  You should fix the source of the mismatch. 
  at <IconCSS name="ic:round-alternate-email" class="hero-mobile-menu__contact-icon" > 
  at <Header> 
  at <Body style= {background: #f8f1e6, --kratom-page-theme: light, --kratom-page-background: #f8f1e6, --kratom-page-text: #1f2b1d, --kratom-page-muted: rgba(31, 43, 29, 0.68)} data-page-theme="light" > 
  at <Html lang="ru-RU" dir="ltr" > 
  at <Default ref=Ref< undefined > > 
  at <AsyncComponentWrapper ref=Ref< undefined > > 
  at <LayoutLoader key="default" layoutProps= {ref: RefImpl} name="default" > 
  at <NuxtLayoutProvider layoutProps= {ref: RefImpl} key="default" name="default"  ... > 
  at <NuxtLayout> 
  at <App key=4 > 
  at <NuxtRoot> @ http://localhost:3001/_nuxt/@fs/Users/andrejkoval/Dev/vivadzen/src/front/node_modules/@vue/runtime-core/dist/runtime-core.esm-bundler.js?v=10181baa:49
[     482ms] [WARNING] [Vue warn]: Hydration style mismatch on JSHandle@node 
  - rendered on server: style="width:1em;height:1em;--c613ce94-iconUrl:url('https://api.iconify.design/mynaui/location.svg');"
  - expected on client: style="width:1em;height:1em;"
  Note: this mismatch is check-only. The DOM will not be rectified in production due to performance overhead.
  You should fix the source of the mismatch. 
  at <IconCSS name="mynaui:location" class="hero-mobile-menu__contact-icon" > 
  at <Header> 
  at <Body style= {background: #f8f1e6, --kratom-page-theme: light, --kratom-page-background: #f8f1e6, --kratom-page-text: #1f2b1d, --kratom-page-muted: rgba(31, 43, 29, 0.68)} data-page-theme="light" > 
  at <Html lang="ru-RU" dir="ltr" > 
  at <Default ref=Ref< undefined > > 
  at <AsyncComponentWrapper ref=Ref< undefined > > 
  at <LayoutLoader key="default" layoutProps= {ref: RefImpl} name="default" > 
  at <NuxtLayoutProvider layoutProps= {ref: RefImpl} key="default" name="default"  ... > 
  at <NuxtLayout> 
  at <App key=4 > 
  at <NuxtRoot> @ http://localhost:3001/_nuxt/@fs/Users/andrejkoval/Dev/vivadzen/src/front/node_modules/@vue/runtime-core/dist/runtime-core.esm-bundler.js?v=10181baa:49
[     482ms] [WARNING] [Vue warn]: Hydration style mismatch on JSHandle@node 
  - rendered on server: style="width:1em;height:1em;--c613ce94-iconUrl:url('https://api.iconify.design/mynaui/clock-4.svg');"
  - expected on client: style="width:1em;height:1em;"
  Note: this mismatch is check-only. The DOM will not be rectified in production due to performance overhead.
  You should fix the source of the mismatch. 
  at <IconCSS name="mynaui:clock-4" class="hero-mobile-menu__contact-icon" > 
  at <Header> 
  at <Body style= {background: #f8f1e6, --kratom-page-theme: light, --kratom-page-background: #f8f1e6, --kratom-page-text: #1f2b1d, --kratom-page-muted: rgba(31, 43, 29, 0.68)} data-page-theme="light" > 
  at <Html lang="ru-RU" dir="ltr" > 
  at <Default ref=Ref< undefined > > 
  at <AsyncComponentWrapper ref=Ref< undefined > > 
  at <LayoutLoader key="default" layoutProps= {ref: RefImpl} name="default" > 
  at <NuxtLayoutProvider layoutProps= {ref: RefImpl} key="default" name="default"  ... > 
  at <NuxtLayout> 
  at <App key=4 > 
  at <NuxtRoot> @ http://localhost:3001/_nuxt/@fs/Users/andrejkoval/Dev/vivadzen/src/front/node_modules/@vue/runtime-core/dist/runtime-core.esm-bundler.js?v=10181baa:49
[     482ms] [WARNING] [Vue warn]: Hydration style mismatch on JSHandle@node 
  - rendered on server: style="width:1em;height:1em;--c613ce94-iconUrl:url('https://api.iconify.design/fluent/flash-24-regular.svg');"
  - expected on client: style="width:1em;height:1em;"
  Note: this mismatch is check-only. The DOM will not be rectified in production due to performance overhead.
  You should fix the source of the mismatch. 
  at <IconCSS name="fluent:flash-24-regular" class="icon" > 
  at <Header> 
  at <Body style= {background: #f8f1e6, --kratom-page-theme: light, --kratom-page-background: #f8f1e6, --kratom-page-text: #1f2b1d, --kratom-page-muted: rgba(31, 43, 29, 0.68)} data-page-theme="light" > 
  at <Html lang="ru-RU" dir="ltr" > 
  at <Default ref=Ref< undefined > > 
  at <AsyncComponentWrapper ref=Ref< undefined > > 
  at <LayoutLoader key="default" layoutProps= {ref: RefImpl} name="default" > 
  at <NuxtLayoutProvider layoutProps= {ref: RefImpl} key="default" name="default"  ... > 
  at <NuxtLayout> 
  at <App key=4 > 
  at <NuxtRoot> @ http://localhost:3001/_nuxt/@fs/Users/andrejkoval/Dev/vivadzen/src/front/node_modules/@vue/runtime-core/dist/runtime-core.esm-bundler.js?v=10181baa:49
[     484ms] [WARNING] [intlify] Fall back to translate exists 'sections.0.lead' with root locale. @ http://localhost:3001/_nuxt/node_modules/.cache/vite/client/deps/chunk-LY4OWT6B.js?v=10181baa:3
[     484ms] [WARNING] [intlify] Fall back to translate exists 'sections.0.note' with root locale. @ http://localhost:3001/_nuxt/node_modules/.cache/vite/client/deps/chunk-LY4OWT6B.js?v=10181baa:3
[     484ms] [WARNING] [intlify] Fall back to translate exists 'sections.1.lead' with root locale. @ http://localhost:3001/_nuxt/node_modules/.cache/vite/client/deps/chunk-LY4OWT6B.js?v=10181baa:3
[     485ms] [WARNING] [intlify] Fall back to translate exists 'sections.3.lead' with root locale. @ http://localhost:3001/_nuxt/node_modules/.cache/vite/client/deps/chunk-LY4OWT6B.js?v=10181baa:3
[     485ms] [WARNING] [intlify] Fall back to translate exists 'sections.3.note' with root locale. @ http://localhost:3001/_nuxt/node_modules/.cache/vite/client/deps/chunk-LY4OWT6B.js?v=10181baa:3
[     485ms] [WARNING] [intlify] Fall back to translate exists 'sections.4.note' with root locale. @ http://localhost:3001/_nuxt/node_modules/.cache/vite/client/deps/chunk-LY4OWT6B.js?v=10181baa:3
[     487ms] [WARNING] [Vue warn]: Hydration style mismatch on JSHandle@node 
  - rendered on server: style="width:1em;height:1em;--c613ce94-iconUrl:url('https://api.iconify.design/ph/arrow-up-bold.svg');"
  - expected on client: style="width:1em;height:1em;"
  Note: this mismatch is check-only. The DOM will not be rectified in production due to performance overhead.
  You should fix the source of the mismatch. 
  at <IconCSS name="ph:arrow-up-bold" class="scroll-top-button__icon" > 
  at <ScrollToTopButton> 
  at <FloatingButtons> 
  at <Body style= {background: #f8f1e6, --kratom-page-theme: light, --kratom-page-background: #f8f1e6, --kratom-page-text: #1f2b1d, --kratom-page-muted: rgba(31, 43, 29, 0.68)} data-page-theme="light" > 
  at <Html lang="ru-RU" dir="ltr" > 
  at <Default ref=Ref< undefined > > 
  at <AsyncComponentWrapper ref=Ref< undefined > > 
  at <LayoutLoader key="default" layoutProps= {ref: RefImpl} name="default" > 
  at <NuxtLayoutProvider layoutProps= {ref: RefImpl} key="default" name="default"  ... > 
  at <NuxtLayout> 
  at <App key=4 > 
  at <NuxtRoot> @ http://localhost:3001/_nuxt/@fs/Users/andrejkoval/Dev/vivadzen/src/front/node_modules/@vue/runtime-core/dist/runtime-core.esm-bundler.js?v=10181baa:49
[     487ms] [WARNING] [Vue warn]: Hydration style mismatch on JSHandle@node 
  - rendered on server: style="width:1em;height:1em;--c613ce94-iconUrl:url('https://api.iconify.design/ph/chat-circle-dots-fill.svg');"
  - expected on client: style="width:1em;height:1em;"
  Note: this mismatch is check-only. The DOM will not be rectified in production due to performance overhead.
  You should fix the source of the mismatch. 
  at <IconCSS name="ph:chat-circle-dots-fill" class="chat-support-button__icon" > 
  at <ChatSupportButton> 
  at <FloatingButtons> 
  at <Body style= {background: #f8f1e6, --kratom-page-theme: light, --kratom-page-background: #f8f1e6, --kratom-page-text: #1f2b1d, --kratom-page-muted: rgba(31, 43, 29, 0.68)} data-page-theme="light" > 
  at <Html lang="ru-RU" dir="ltr" > 
  at <Default ref=Ref< undefined > > 
  at <AsyncComponentWrapper ref=Ref< undefined > > 
  at <LayoutLoader key="default" layoutProps= {ref: RefImpl} name="default" > 
  at <NuxtLayoutProvider layoutProps= {ref: RefImpl} key="default" name="default"  ... > 
  at <NuxtLayout> 
  at <App key=4 > 
  at <NuxtRoot> @ http://localhost:3001/_nuxt/@fs/Users/andrejkoval/Dev/vivadzen/src/front/node_modules/@vue/runtime-core/dist/runtime-core.esm-bundler.js?v=10181baa:49
[     490ms] [WARNING] [Vue warn]: Hydration style mismatch on JSHandle@node 
  - rendered on server: style="width:1em;height:1em;--c613ce94-iconUrl:url('https://api.iconify.design/ph/telegram-logo.svg');"
  - expected on client: style="width:1em;height:1em;"
  Note: this mismatch is check-only. The DOM will not be rectified in production due to performance overhead.
  You should fix the source of the mismatch. 
  at <IconCSS name="ph:telegram-logo" > 
  at <SiteFooter> 
  at <Body style= {background: #f8f1e6, --kratom-page-theme: light, --kratom-page-background: #f8f1e6, --kratom-page-text: #1f2b1d, --kratom-page-muted: rgba(31, 43, 29, 0.68)} data-page-theme="light" > 
  at <Html lang="ru-RU" dir="ltr" > 
  at <Default ref=Ref< undefined > > 
  at <AsyncComponentWrapper ref=Ref< undefined > > 
  at <LayoutLoader key="default" layoutProps= {ref: RefImpl} name="default" > 
  at <NuxtLayoutProvider layoutProps= {ref: RefImpl} key="default" name="default"  ... > 
  at <NuxtLayout> 
  at <App key=4 > 
  at <NuxtRoot> @ http://localhost:3001/_nuxt/@fs/Users/andrejkoval/Dev/vivadzen/src/front/node_modules/@vue/runtime-core/dist/runtime-core.esm-bundler.js?v=10181baa:49
[     490ms] [WARNING] [Vue warn]: Hydration style mismatch on JSHandle@node 
  - rendered on server: style="width:1em;height:1em;--c613ce94-iconUrl:url('https://api.iconify.design/ph/whatsapp-logo.svg');"
  - expected on client: style="width:1em;height:1em;"
  Note: this mismatch is check-only. The DOM will not be rectified in production due to performance overhead.
  You should fix the source of the mismatch. 
  at <IconCSS name="ph:whatsapp-logo" > 
  at <SiteFooter> 
  at <Body style= {background: #f8f1e6, --kratom-page-theme: light, --kratom-page-background: #f8f1e6, --kratom-page-text: #1f2b1d, --kratom-page-muted: rgba(31, 43, 29, 0.68)} data-page-theme="light" > 
  at <Html lang="ru-RU" dir="ltr" > 
  at <Default ref=Ref< undefined > > 
  at <AsyncComponentWrapper ref=Ref< undefined > > 
  at <LayoutLoader key="default" layoutProps= {ref: RefImpl} name="default" > 
  at <NuxtLayoutProvider layoutProps= {ref: RefImpl} key="default" name="default"  ... > 
  at <NuxtLayout> 
  at <App key=4 > 
  at <NuxtRoot> @ http://localhost:3001/_nuxt/@fs/Users/andrejkoval/Dev/vivadzen/src/front/node_modules/@vue/runtime-core/dist/runtime-core.esm-bundler.js?v=10181baa:49
[     490ms] [WARNING] [Vue warn]: Hydration style mismatch on JSHandle@node 
  - rendered on server: style="width:1em;height:1em;--c613ce94-iconUrl:url('https://api.iconify.design/iconoir/instagram.svg');"
  - expected on client: style="width:1em;height:1em;"
  Note: this mismatch is check-only. The DOM will not be rectified in production due to performance overhead.
  You should fix the source of the mismatch. 
  at <IconCSS name="iconoir:instagram" > 
  at <SiteFooter> 
  at <Body style= {background: #f8f1e6, --kratom-page-theme: light, --kratom-page-background: #f8f1e6, --kratom-page-text: #1f2b1d, --kratom-page-muted: rgba(31, 43, 29, 0.68)} data-page-theme="light" > 
  at <Html lang="ru-RU" dir="ltr" > 
  at <Default ref=Ref< undefined > > 
  at <AsyncComponentWrapper ref=Ref< undefined > > 
  at <LayoutLoader key="default" layoutProps= {ref: RefImpl} name="default" > 
  at <NuxtLayoutProvider layoutProps= {ref: RefImpl} key="default" name="default"  ... > 
  at <NuxtLayout> 
  at <App key=4 > 
  at <NuxtRoot> @ http://localhost:3001/_nuxt/@fs/Users/andrejkoval/Dev/vivadzen/src/front/node_modules/@vue/runtime-core/dist/runtime-core.esm-bundler.js?v=10181baa:49
[     490ms] [WARNING] [Vue warn]: Hydration style mismatch on JSHandle@node 
  - rendered on server: style="width:1em;height:1em;--c613ce94-iconUrl:url('https://api.iconify.design/iconoir/facebook.svg');"
  - expected on client: style="width:1em;height:1em;"
  Note: this mismatch is check-only. The DOM will not be rectified in production due to performance overhead.
  You should fix the source of the mismatch. 
  at <IconCSS name="iconoir:facebook" > 
  at <SiteFooter> 
  at <Body style= {background: #f8f1e6, --kratom-page-theme: light, --kratom-page-background: #f8f1e6, --kratom-page-text: #1f2b1d, --kratom-page-muted: rgba(31, 43, 29, 0.68)} data-page-theme="light" > 
  at <Html lang="ru-RU" dir="ltr" > 
  at <Default ref=Ref< undefined > > 
  at <AsyncComponentWrapper ref=Ref< undefined > > 
  at <LayoutLoader key="default" layoutProps= {ref: RefImpl} name="default" > 
  at <NuxtLayoutProvider layoutProps= {ref: RefImpl} key="default" name="default"  ... > 
  at <NuxtLayout> 
  at <App key=4 > 
  at <NuxtRoot> @ http://localhost:3001/_nuxt/@fs/Users/andrejkoval/Dev/vivadzen/src/front/node_modules/@vue/runtime-core/dist/runtime-core.esm-bundler.js?v=10181baa:49
[     490ms] [WARNING] [Vue warn]: Hydration style mismatch on JSHandle@node 
  - rendered on server: style="width:1em;height:1em;--c613ce94-iconUrl:url('https://api.iconify.design/iconoir/youtube.svg');"
  - expected on client: style="width:1em;height:1em;"
  Note: this mismatch is check-only. The DOM will not be rectified in production due to performance overhead.
  You should fix the source of the mismatch. 
  at <IconCSS name="iconoir:youtube" > 
  at <SiteFooter> 
  at <Body style= {background: #f8f1e6, --kratom-page-theme: light, --kratom-page-background: #f8f1e6, --kratom-page-text: #1f2b1d, --kratom-page-muted: rgba(31, 43, 29, 0.68)} data-page-theme="light" > 
  at <Html lang="ru-RU" dir="ltr" > 
  at <Default ref=Ref< undefined > > 
  at <AsyncComponentWrapper ref=Ref< undefined > > 
  at <LayoutLoader key="default" layoutProps= {ref: RefImpl} name="default" > 
  at <NuxtLayoutProvider layoutProps= {ref: RefImpl} key="default" name="default"  ... > 
  at <NuxtLayout> 
  at <App key=4 > 
  at <NuxtRoot> @ http://localhost:3001/_nuxt/@fs/Users/andrejkoval/Dev/vivadzen/src/front/node_modules/@vue/runtime-core/dist/runtime-core.esm-bundler.js?v=10181baa:49
[     493ms] [LOG] [nuxt-app] page:finish: 1.016845703125 ms [Object] @ http://localhost:3001/_nuxt/@fs/Users/andrejkoval/Dev/vivadzen/src/front/node_modules/hookable/dist/index.mjs?v=10181baa:271
[     493ms] [LOG] [nuxt-app] page:loading:end: 0.197998046875 ms [] @ http://localhost:3001/_nuxt/@fs/Users/andrejkoval/Dev/vivadzen/src/front/node_modules/hookable/dist/index.mjs?v=10181baa:271
[     496ms] [LOG] [Content] WS connected! @ http://localhost:3001/_nuxt/@fs/Users/andrejkoval/Dev/vivadzen/src/front/node_modules/@nuxt/content/dist/runtime/composables/web-socket.js?v=10181baa:4
[     500ms] [WARNING] [intlify] Not found 'title.cart' key in 'ru' locale messages. @ http://localhost:3001/_nuxt/node_modules/.cache/vite/client/deps/chunk-LY4OWT6B.js?v=10181baa:3
[     500ms] [WARNING] [intlify] Fall back to translate 'title.cart' key with 'cs' locale. @ http://localhost:3001/_nuxt/node_modules/.cache/vite/client/deps/chunk-LY4OWT6B.js?v=10181baa:3
[     500ms] [WARNING] [intlify] Not found 'title.cart' key in 'cs' locale messages. @ http://localhost:3001/_nuxt/node_modules/.cache/vite/client/deps/chunk-LY4OWT6B.js?v=10181baa:3
[     500ms] [WARNING] [intlify] Fall back to translate 'title.cart' with root locale. @ http://localhost:3001/_nuxt/node_modules/.cache/vite/client/deps/chunk-LY4OWT6B.js?v=10181baa:3
[     501ms] [WARNING] [intlify] Not found 'title.cart' key in 'ru' locale messages. @ http://localhost:3001/_nuxt/node_modules/.cache/vite/client/deps/chunk-LY4OWT6B.js?v=10181baa:3
[     501ms] [WARNING] [intlify] Fall back to translate 'title.cart' key with 'cs' locale. @ http://localhost:3001/_nuxt/node_modules/.cache/vite/client/deps/chunk-LY4OWT6B.js?v=10181baa:3
[     501ms] [WARNING] [intlify] Not found 'title.cart' key in 'cs' locale messages. @ http://localhost:3001/_nuxt/node_modules/.cache/vite/client/deps/chunk-LY4OWT6B.js?v=10181baa:3
[     501ms] [WARNING] [intlify] Fall back to translate 'title.cart' with root locale. @ http://localhost:3001/_nuxt/node_modules/.cache/vite/client/deps/chunk-LY4OWT6B.js?v=10181baa:3
[     504ms] [LOG] [nuxt-app] schema-org:meta: 0.0380859375 ms [Object] @ http://localhost:3001/_nuxt/@fs/Users/andrejkoval/Dev/vivadzen/src/front/node_modules/hookable/dist/index.mjs?v=10181baa:271
[     504ms] [LOG] [nuxt-app] app:suspense:resolve: 3.47119140625 ms [] @ http://localhost:3001/_nuxt/@fs/Users/andrejkoval/Dev/vivadzen/src/front/node_modules/hookable/dist/index.mjs?v=10181baa:271
[     567ms] [WARNING] [intlify] Not found 'logo_alt' key in 'ru' locale messages. @ http://localhost:3001/_nuxt/node_modules/.cache/vite/client/deps/chunk-LY4OWT6B.js?v=10181baa:3
[     568ms] [WARNING] [intlify] Fall back to translate 'logo_alt' key with 'cs' locale. @ http://localhost:3001/_nuxt/node_modules/.cache/vite/client/deps/chunk-LY4OWT6B.js?v=10181baa:3
[     568ms] [WARNING] [intlify] Not found 'logo_alt' key in 'cs' locale messages. @ http://localhost:3001/_nuxt/node_modules/.cache/vite/client/deps/chunk-LY4OWT6B.js?v=10181baa:3
[     568ms] [WARNING] [intlify] Fall back to translate 'logo_alt' with root locale. @ http://localhost:3001/_nuxt/node_modules/.cache/vite/client/deps/chunk-LY4OWT6B.js?v=10181baa:3
[     568ms] [WARNING] [intlify] Not found 'logo_alt' key in 'ru' locale messages. @ http://localhost:3001/_nuxt/node_modules/.cache/vite/client/deps/chunk-LY4OWT6B.js?v=10181baa:3
[     568ms] [WARNING] [intlify] Fall back to translate 'logo_alt' key with 'cs' locale. @ http://localhost:3001/_nuxt/node_modules/.cache/vite/client/deps/chunk-LY4OWT6B.js?v=10181baa:3
[     568ms] [WARNING] [intlify] Not found 'logo_alt' key in 'cs' locale messages. @ http://localhost:3001/_nuxt/node_modules/.cache/vite/client/deps/chunk-LY4OWT6B.js?v=10181baa:3
[     568ms] [LOG] [nuxt-app] link:prefetch: 1.47998046875 ms [/ru] @ http://localhost:3001/_nuxt/@fs/Users/andrejkoval/Dev/vivadzen/src/front/node_modules/hookable/dist/index.mjs?v=10181baa:271
[     568ms] [LOG] [nuxt-app] link:prefetch : 1.337890625 ms [/ru/catalog] @ http://localhost:3001/_nuxt/@fs/Users/andrejkoval/Dev/vivadzen/src/front/node_modules/hookable/dist/index.mjs?v=10181baa:271
[     568ms] [LOG] [nuxt-app] link:prefetch  : 1.32421875 ms [/ru/catalog] @ http://localhost:3001/_nuxt/@fs/Users/andrejkoval/Dev/vivadzen/src/front/node_modules/hookable/dist/index.mjs?v=10181baa:271
[     568ms] [LOG] [nuxt-app] link:prefetch   : 1.363037109375 ms [/ru/delivery] @ http://localhost:3001/_nuxt/@fs/Users/andrejkoval/Dev/vivadzen/src/front/node_modules/hookable/dist/index.mjs?v=10181baa:271
[     569ms] [LOG] [nuxt-app] link:prefetch    : 1.368896484375 ms [/ru/payment] @ http://localhost:3001/_nuxt/@fs/Users/andrejkoval/Dev/vivadzen/src/front/node_modules/hookable/dist/index.mjs?v=10181baa:271
[     569ms] [LOG] [nuxt-app] link:prefetch     : 1.376953125 ms [/ru/age-verification] @ http://localhost:3001/_nuxt/@fs/Users/andrejkoval/Dev/vivadzen/src/front/node_modules/hookable/dist/index.mjs?v=10181baa:271
[     569ms] [LOG] [nuxt-app] link:prefetch      : 1.4130859375 ms [/ru/reviews] @ http://localhost:3001/_nuxt/@fs/Users/andrejkoval/Dev/vivadzen/src/front/node_modules/hookable/dist/index.mjs?v=10181baa:271
[     569ms] [LOG] [nuxt-app] link:prefetch       : 1.422119140625 ms [/ru/about] @ http://localhost:3001/_nuxt/@fs/Users/andrejkoval/Dev/vivadzen/src/front/node_modules/hookable/dist/index.mjs?v=10181baa:271
[     569ms] [LOG] [nuxt-app] link:prefetch        : 1.4580078125 ms [/ru/contacts] @ http://localhost:3001/_nuxt/@fs/Users/andrejkoval/Dev/vivadzen/src/front/node_modules/hookable/dist/index.mjs?v=10181baa:271
[     569ms] [LOG] [nuxt-app] link:prefetch         : 1.48779296875 ms [/ru/auth/login] @ http://localhost:3001/_nuxt/@fs/Users/andrejkoval/Dev/vivadzen/src/front/node_modules/hookable/dist/index.mjs?v=10181baa:271
[     590ms] [ERROR] Failed to load resource: the server responded with a status of 504 (Outdated Optimize Dep) @ http://localhost:3001/_nuxt/node_modules/.cache/vite/client/deps/vivus.js?v=10181baa:0
[    4309ms] [LOG] [nuxt-delay-hydration] Hydration event timeout @ http://localhost:3001/ru/age-verification:127
[   13163ms] [WARNING] Timer '[nuxt-app] page:loading:start' already exists @ http://localhost:3001/_nuxt/@fs/Users/andrejkoval/Dev/vivadzen/src/front/node_modules/hookable/dist/index.mjs?v=10181baa:261
[   13164ms] [LOG] [nuxt-app] page:loading:start: 12751.23095703125 ms [] @ http://localhost:3001/_nuxt/@fs/Users/andrejkoval/Dev/vivadzen/src/front/node_modules/hookable/dist/index.mjs?v=10181baa:271
[   13164ms] [WARNING] Timer '[nuxt-app] i18n:beforeLocaleSwitch' already exists @ http://localhost:3001/_nuxt/@fs/Users/andrejkoval/Dev/vivadzen/src/front/node_modules/hookable/dist/index.mjs?v=10181baa:261
[   13164ms] [LOG] [nuxt-app] i18n:beforeLocaleSwitch: 12761.678955078125 ms [Object] @ http://localhost:3001/_nuxt/@fs/Users/andrejkoval/Dev/vivadzen/src/front/node_modules/hookable/dist/index.mjs?v=10181baa:271
[   13165ms] [WARNING] Timer '[nuxt-app] page:loading:end' already exists @ http://localhost:3001/_nuxt/@fs/Users/andrejkoval/Dev/vivadzen/src/front/node_modules/hookable/dist/index.mjs?v=10181baa:261
[   13165ms] [LOG] [nuxt-app] page:loading:end: 12672.003173828125 ms [] @ http://localhost:3001/_nuxt/@fs/Users/andrejkoval/Dev/vivadzen/src/front/node_modules/hookable/dist/index.mjs?v=10181baa:271
[   13726ms] [ERROR] Failed to load resource: the server responded with a status of 504 (Outdated Optimize Dep) @ http://localhost:3001/_nuxt/node_modules/.cache/vite/client/deps/vivus.js?v=10181baa:0
[   13726ms] [WARNING] [Vue Router warn]: uncaught error during route navigation: @ http://localhost:3001/_nuxt/@fs/Users/andrejkoval/Dev/vivadzen/src/front/node_modules/vue-router/dist/devtools-EWN81iOl.mjs?v=10181baa:34
[   13726ms] [ERROR] TypeError: Failed to fetch dynamically imported module: http://localhost:3001/_nuxt/pages/index.vue?t=1778667123328 @ http://localhost:3001/_nuxt/@fs/Users/andrejkoval/Dev/vivadzen/src/front/node_modules/vue-router/dist/vue-router.mjs?v=10181baa:1239
[   13727ms] [ERROR] [nuxt] error caught during app initialization H3Error: Failed to fetch dynamically imported module: http://localhost:3001/_nuxt/pages/index.vue?t=1778667123328 @ http://localhost:3001/_nuxt/@fs/Users/andrejkoval/Dev/vivadzen/src/front/node_modules/nuxt/dist/app/nuxt.js?v=10181baa:123
[   13727ms] [WARNING] [Vue Router warn]: Unexpected error when starting the router: TypeError: Failed to fetch dynamically imported module: http://localhost:3001/_nuxt/pages/index.vue?t=1778667123328 @ http://localhost:3001/_nuxt/@fs/Users/andrejkoval/Dev/vivadzen/src/front/node_modules/vue-router/dist/devtools-EWN81iOl.mjs?v=10181baa:34
[   13760ms] [LOG] [nuxt-app] i18n:beforeLocaleSwitch: 0.10009765625 ms [Object] @ http://localhost:3001/_nuxt/@fs/Users/andrejkoval/Dev/vivadzen/src/front/node_modules/hookable/dist/index.mjs?v=10181baa:271
[   13765ms] [LOG] %cssr%c %s: %s 
      background: #7f8c8d;
      border-radius: 0.5em;
      color: white;
      font-weight: bold;
      padding: 2px 0.5em;
      [nitro-runtime] request 0.035ms 
  at timeLogImpl (node:internal/console/constructor)
  at node:internal/console/constructor
  at timeLogImpl (node:internal/util/debuglog)
 @ http://localhost:3001/_nuxt/@fs/Users/andrejkoval/Dev/vivadzen/src/front/node_modules/consola/dist/browser.mjs?v=10181baa:47
[   13765ms] [LOG] %cssr%c %s: %s 
      background: #7f8c8d;
      border-radius: 0.5em;
      color: white;
      font-weight: bold;
      padding: 2px 0.5em;
      [nitro-runtime] site-config:init 0.008ms 
  at timeLogImpl (node:internal/console/constructor)
  at node:internal/console/constructor
  at timeLogImpl (node:internal/util/debuglog)
 @ http://localhost:3001/_nuxt/@fs/Users/andrejkoval/Dev/vivadzen/src/front/node_modules/consola/dist/browser.mjs?v=10181baa:47
[   13765ms] [LOG] %cssr%c %s: %s 
      background: #7f8c8d;
      border-radius: 0.5em;
      color: white;
      font-weight: bold;
      padding: 2px 0.5em;
      [nitro-runtime] render:before 0.003ms 
  at timeLogImpl (node:internal/console/constructor)
  at node:internal/console/constructor
  at timeLogImpl (node:internal/util/debuglog)
 @ http://localhost:3001/_nuxt/@fs/Users/andrejkoval/Dev/vivadzen/src/front/node_modules/consola/dist/browser.mjs?v=10181baa:47
[   13765ms] [LOG] %cssr%c %s: %s 
      background: #7f8c8d;
      border-radius: 0.5em;
      color: white;
      font-weight: bold;
      padding: 2px 0.5em;
      [nuxt-app] i18n:beforeLocaleSwitch 0.005ms 
  at timeLogImpl (node:internal/console/constructor)
  at node:internal/console/constructor
  at timeLogImpl (node:internal/util/debuglog)
 @ http://localhost:3001/_nuxt/@fs/Users/andrejkoval/Dev/vivadzen/src/front/node_modules/consola/dist/browser.mjs?v=10181baa:47
[   13765ms] [LOG] %cssr%c %s: %s 
      background: #7f8c8d;
      border-radius: 0.5em;
      color: white;
      font-weight: bold;
      padding: 2px 0.5em;
      [nuxt-app] page:loading:start 0.002ms 
  at timeLogImpl (node:internal/console/constructor)
  at node:internal/console/constructor
  at timeLogImpl (node:internal/util/debuglog)
 @ http://localhost:3001/_nuxt/@fs/Users/andrejkoval/Dev/vivadzen/src/front/node_modules/consola/dist/browser.mjs?v=10181baa:47
[   13765ms] [LOG] %cssr%c %s: %s 
      background: #7f8c8d;
      border-radius: 0.5em;
      color: white;
      font-weight: bold;
      padding: 2px 0.5em;
      [nuxt-app] i18n:beforeLocaleSwitch 0.001ms 
  at timeLogImpl (node:internal/console/constructor)
  at node:internal/console/constructor
  at timeLogImpl (node:internal/util/debuglog)
 @ http://localhost:3001/_nuxt/@fs/Users/andrejkoval/Dev/vivadzen/src/front/node_modules/consola/dist/browser.mjs?v=10181baa:47
[   13765ms] [LOG] %cssr%c %s: %s 
      background: #7f8c8d;
      border-radius: 0.5em;
      color: white;
      font-weight: bold;
      padding: 2px 0.5em;
      [nuxt-app] app:created 3.01ms 
  at timeLogImpl (node:internal/console/constructor)
  at node:internal/console/constructor
  at timeLogImpl (node:internal/util/debuglog)
 @ http://localhost:3001/_nuxt/@fs/Users/andrejkoval/Dev/vivadzen/src/front/node_modules/consola/dist/browser.mjs?v=10181baa:47
[   13765ms] [LOG] %cssr%c %s: %s 
      background: #7f8c8d;
      border-radius: 0.5em;
      color: white;
      font-weight: bold;
      padding: 2px 0.5em;
      [nuxt-app] vue:setup 0.001ms 
  at timeLogImpl (node:internal/console/constructor)
  at node:internal/console/constructor
  at timeLogImpl (node:internal/util/debuglog)
 @ http://localhost:3001/_nuxt/@fs/Users/andrejkoval/Dev/vivadzen/src/front/node_modules/consola/dist/browser.mjs?v=10181baa:47
[   13765ms] [WARNING] %cssr:warn%c [intlify] Not found 'title.catalog' key in 'ru' locale messages. 
      background: #f39c12;
      border-radius: 0.5em;
      color: white;
      font-weight: bold;
      padding: 2px 0.5em;
      
  at warn (/Users/andrejkoval/Dev/vivadzen/src/front/node_modules/@intlify/shared/dist/shared.mjs)
  at handleMissing (/Users/andrejkoval/Dev/vivadzen/src/front/node_modules/@intlify/core-base/dist/core-base.mjs)
  at resolveMessageFormat (/Users/andrejkoval/Dev/vivadzen/src/front/node_modules/@intlify/core-base/dist/core-base.mjs)
 @ http://localhost:3001/_nuxt/@fs/Users/andrejkoval/Dev/vivadzen/src/front/node_modules/consola/dist/browser.mjs?v=10181baa:47
[   13765ms] [WARNING] %cssr:warn%c [intlify] Fall back to translate 'title.catalog' key with 'cs' locale. 
      background: #f39c12;
      border-radius: 0.5em;
      color: white;
      font-weight: bold;
      padding: 2px 0.5em;
      
  at warn (/Users/andrejkoval/Dev/vivadzen/src/front/node_modules/@intlify/shared/dist/shared.mjs)
  at resolveMessageFormat (/Users/andrejkoval/Dev/vivadzen/src/front/node_modules/@intlify/core-base/dist/core-base.mjs)
  at translate (/Users/andrejkoval/Dev/vivadzen/src/front/node_modules/@intlify/core-base/dist/core-base.mjs)
 @ http://localhost:3001/_nuxt/@fs/Users/andrejkoval/Dev/vivadzen/src/front/node_modules/consola/dist/browser.mjs?v=10181baa:47
[   13765ms] [WARNING] %cssr:warn%c [intlify] Not found 'title.catalog' key in 'cs' locale messages. 
      background: #f39c12;
      border-radius: 0.5em;
      color: white;
      font-weight: bold;
      padding: 2px 0.5em;
      
  at warn (/Users/andrejkoval/Dev/vivadzen/src/front/node_modules/@intlify/shared/dist/shared.mjs)
  at handleMissing (/Users/andrejkoval/Dev/vivadzen/src/front/node_modules/@intlify/core-base/dist/core-base.mjs)
  at resolveMessageFormat (/Users/andrejkoval/Dev/vivadzen/src/front/node_modules/@intlify/core-base/dist/core-base.mjs)
 @ http://localhost:3001/_nuxt/@fs/Users/andrejkoval/Dev/vivadzen/src/front/node_modules/consola/dist/browser.mjs?v=10181baa:47
[   13765ms] [WARNING] %cssr:warn%c [intlify] Fall back to translate 'title.catalog' with root locale. 
      background: #f39c12;
      border-radius: 0.5em;
      color: white;
      font-weight: bold;
      padding: 2px 0.5em;
      
  at warn (/Users/andrejkoval/Dev/vivadzen/src/front/node_modules/@intlify/shared/dist/shared.mjs)
  at wrapWithDeps (/Users/andrejkoval/Dev/vivadzen/src/front/node_modules/vue-i18n/dist/vue-i18n.mjs)
  at t (/Users/andrejkoval/Dev/vivadzen/src/front/node_modules/vue-i18n/dist/vue-i18n.mjs)
 @ http://localhost:3001/_nuxt/@fs/Users/andrejkoval/Dev/vivadzen/src/front/node_modules/consola/dist/browser.mjs?v=10181baa:47
[   13765ms] [WARNING] %cssr:warn%c [intlify] Not found 'title.delivery' key in 'ru' locale messages. 
      background: #f39c12;
      border-radius: 0.5em;
      color: white;
      font-weight: bold;
      padding: 2px 0.5em;
      
  at warn (/Users/andrejkoval/Dev/vivadzen/src/front/node_modules/@intlify/shared/dist/shared.mjs)
  at handleMissing (/Users/andrejkoval/Dev/vivadzen/src/front/node_modules/@intlify/core-base/dist/core-base.mjs)
  at resolveMessageFormat (/Users/andrejkoval/Dev/vivadzen/src/front/node_modules/@intlify/core-base/dist/core-base.mjs)
 @ http://localhost:3001/_nuxt/@fs/Users/andrejkoval/Dev/vivadzen/src/front/node_modules/consola/dist/browser.mjs?v=10181baa:47
[   13765ms] [WARNING] %cssr:warn%c [intlify] Fall back to translate 'title.delivery' key with 'cs' locale. 
      background: #f39c12;
      border-radius: 0.5em;
      color: white;
      font-weight: bold;
      padding: 2px 0.5em;
      
  at warn (/Users/andrejkoval/Dev/vivadzen/src/front/node_modules/@intlify/shared/dist/shared.mjs)
  at resolveMessageFormat (/Users/andrejkoval/Dev/vivadzen/src/front/node_modules/@intlify/core-base/dist/core-base.mjs)
  at translate (/Users/andrejkoval/Dev/vivadzen/src/front/node_modules/@intlify/core-base/dist/core-base.mjs)
 @ http://localhost:3001/_nuxt/@fs/Users/andrejkoval/Dev/vivadzen/src/front/node_modules/consola/dist/browser.mjs?v=10181baa:47
[   13766ms] [WARNING] %cssr:warn%c [intlify] Not found 'title.delivery' key in 'cs' locale messages. 
      background: #f39c12;
      border-radius: 0.5em;
      color: white;
      font-weight: bold;
      padding: 2px 0.5em;
      
  at warn (/Users/andrejkoval/Dev/vivadzen/src/front/node_modules/@intlify/shared/dist/shared.mjs)
  at handleMissing (/Users/andrejkoval/Dev/vivadzen/src/front/node_modules/@intlify/core-base/dist/core-base.mjs)
  at resolveMessageFormat (/Users/andrejkoval/Dev/vivadzen/src/front/node_modules/@intlify/core-base/dist/core-base.mjs)
 @ http://localhost:3001/_nuxt/@fs/Users/andrejkoval/Dev/vivadzen/src/front/node_modules/consola/dist/browser.mjs?v=10181baa:47
[   13766ms] [WARNING] %cssr:warn%c [intlify] Fall back to translate 'title.delivery' with root locale. 
      background: #f39c12;
      border-radius: 0.5em;
      color: white;
      font-weight: bold;
      padding: 2px 0.5em;
      
  at warn (/Users/andrejkoval/Dev/vivadzen/src/front/node_modules/@intlify/shared/dist/shared.mjs)
  at wrapWithDeps (/Users/andrejkoval/Dev/vivadzen/src/front/node_modules/vue-i18n/dist/vue-i18n.mjs)
  at t (/Users/andrejkoval/Dev/vivadzen/src/front/node_modules/vue-i18n/dist/vue-i18n.mjs)
 @ http://localhost:3001/_nuxt/@fs/Users/andrejkoval/Dev/vivadzen/src/front/node_modules/consola/dist/browser.mjs?v=10181baa:47
[   13766ms] [WARNING] %cssr:warn%c [intlify] Not found 'title.payment' key in 'ru' locale messages. 
      background: #f39c12;
      border-radius: 0.5em;
      color: white;
      font-weight: bold;
      padding: 2px 0.5em;
      
  at warn (/Users/andrejkoval/Dev/vivadzen/src/front/node_modules/@intlify/shared/dist/shared.mjs)
  at handleMissing (/Users/andrejkoval/Dev/vivadzen/src/front/node_modules/@intlify/core-base/dist/core-base.mjs)
  at resolveMessageFormat (/Users/andrejkoval/Dev/vivadzen/src/front/node_modules/@intlify/core-base/dist/core-base.mjs)
 @ http://localhost:3001/_nuxt/@fs/Users/andrejkoval/Dev/vivadzen/src/front/node_modules/consola/dist/browser.mjs?v=10181baa:47
[   13766ms] [WARNING] %cssr:warn%c [intlify] Fall back to translate 'title.payment' key with 'cs' locale. 
      background: #f39c12;
      border-radius: 0.5em;
      color: white;
      font-weight: bold;
      padding: 2px 0.5em;
      
  at warn (/Users/andrejkoval/Dev/vivadzen/src/front/node_modules/@intlify/shared/dist/shared.mjs)
  at resolveMessageFormat (/Users/andrejkoval/Dev/vivadzen/src/front/node_modules/@intlify/core-base/dist/core-base.mjs)
  at translate (/Users/andrejkoval/Dev/vivadzen/src/front/node_modules/@intlify/core-base/dist/core-base.mjs)
 @ http://localhost:3001/_nuxt/@fs/Users/andrejkoval/Dev/vivadzen/src/front/node_modules/consola/dist/browser.mjs?v=10181baa:47
[   13766ms] [WARNING] %cssr:warn%c [intlify] Not found 'title.payment' key in 'cs' locale messages. 
      background: #f39c12;
      border-radius: 0.5em;
      color: white;
      font-weight: bold;
      padding: 2px 0.5em;
      
  at warn (/Users/andrejkoval/Dev/vivadzen/src/front/node_modules/@intlify/shared/dist/shared.mjs)
  at handleMissing (/Users/andrejkoval/Dev/vivadzen/src/front/node_modules/@intlify/core-base/dist/core-base.mjs)
  at resolveMessageFormat (/Users/andrejkoval/Dev/vivadzen/src/front/node_modules/@intlify/core-base/dist/core-base.mjs)
 @ http://localhost:3001/_nuxt/@fs/Users/andrejkoval/Dev/vivadzen/src/front/node_modules/consola/dist/browser.mjs?v=10181baa:47
[   13766ms] [WARNING] %cssr:warn%c [intlify] Fall back to translate 'title.payment' with root locale. 
      background: #f39c12;
      border-radius: 0.5em;
      color: white;
      font-weight: bold;
      padding: 2px 0.5em;
      
  at warn (/Users/andrejkoval/Dev/vivadzen/src/front/node_modules/@intlify/shared/dist/shared.mjs)
  at wrapWithDeps (/Users/andrejkoval/Dev/vivadzen/src/front/node_modules/vue-i18n/dist/vue-i18n.mjs)
  at t (/Users/andrejkoval/Dev/vivadzen/src/front/node_modules/vue-i18n/dist/vue-i18n.mjs)
 @ http://localhost:3001/_nuxt/@fs/Users/andrejkoval/Dev/vivadzen/src/front/node_modules/consola/dist/browser.mjs?v=10181baa:47
[   13766ms] [WARNING] %cssr:warn%c [intlify] Not found 'title.age_verification' key in 'ru' locale messages. 
      background: #f39c12;
      border-radius: 0.5em;
      color: white;
      font-weight: bold;
      padding: 2px 0.5em;
      
  at warn (/Users/andrejkoval/Dev/vivadzen/src/front/node_modules/@intlify/shared/dist/shared.mjs)
  at handleMissing (/Users/andrejkoval/Dev/vivadzen/src/front/node_modules/@intlify/core-base/dist/core-base.mjs)
  at resolveMessageFormat (/Users/andrejkoval/Dev/vivadzen/src/front/node_modules/@intlify/core-base/dist/core-base.mjs)
 @ http://localhost:3001/_nuxt/@fs/Users/andrejkoval/Dev/vivadzen/src/front/node_modules/consola/dist/browser.mjs?v=10181baa:47
[   13766ms] [WARNING] %cssr:warn%c [intlify] Fall back to translate 'title.age_verification' key with 'cs' locale. 
      background: #f39c12;
      border-radius: 0.5em;
      color: white;
      font-weight: bold;
      padding: 2px 0.5em;
      
  at warn (/Users/andrejkoval/Dev/vivadzen/src/front/node_modules/@intlify/shared/dist/shared.mjs)
  at resolveMessageFormat (/Users/andrejkoval/Dev/vivadzen/src/front/node_modules/@intlify/core-base/dist/core-base.mjs)
  at translate (/Users/andrejkoval/Dev/vivadzen/src/front/node_modules/@intlify/core-base/dist/core-base.mjs)
 @ http://localhost:3001/_nuxt/@fs/Users/andrejkoval/Dev/vivadzen/src/front/node_modules/consola/dist/browser.mjs?v=10181baa:47
[   13766ms] [WARNING] %cssr:warn%c [intlify] Not found 'title.age_verification' key in 'cs' locale messages. 
      background: #f39c12;
      border-radius: 0.5em;
      color: white;
      font-weight: bold;
      padding: 2px 0.5em;
      
  at warn (/Users/andrejkoval/Dev/vivadzen/src/front/node_modules/@intlify/shared/dist/shared.mjs)
  at handleMissing (/Users/andrejkoval/Dev/vivadzen/src/front/node_modules/@intlify/core-base/dist/core-base.mjs)
  at resolveMessageFormat (/Users/andrejkoval/Dev/vivadzen/src/front/node_modules/@intlify/core-base/dist/core-base.mjs)
 @ http://localhost:3001/_nuxt/@fs/Users/andrejkoval/Dev/vivadzen/src/front/node_modules/consola/dist/browser.mjs?v=10181baa:47
[   13766ms] [WARNING] %cssr:warn%c [intlify] Fall back to translate 'title.age_verification' with root locale. 
      background: #f39c12;
      border-radius: 0.5em;
      color: white;
      font-weight: bold;
      padding: 2px 0.5em;
      
  at warn (/Users/andrejkoval/Dev/vivadzen/src/front/node_modules/@intlify/shared/dist/shared.mjs)
  at wrapWithDeps (/Users/andrejkoval/Dev/vivadzen/src/front/node_modules/vue-i18n/dist/vue-i18n.mjs)
  at t (/Users/andrejkoval/Dev/vivadzen/src/front/node_modules/vue-i18n/dist/vue-i18n.mjs)
 @ http://localhost:3001/_nuxt/@fs/Users/andrejkoval/Dev/vivadzen/src/front/node_modules/consola/dist/browser.mjs?v=10181baa:47
[   13766ms] [WARNING] %cssr:warn%c [intlify] Not found 'title.reviews' key in 'ru' locale messages. 
      background: #f39c12;
      border-radius: 0.5em;
      color: white;
      font-weight: bold;
      padding: 2px 0.5em;
      
  at warn (/Users/andrejkoval/Dev/vivadzen/src/front/node_modules/@intlify/shared/dist/shared.mjs)
  at handleMissing (/Users/andrejkoval/Dev/vivadzen/src/front/node_modules/@intlify/core-base/dist/core-base.mjs)
  at resolveMessageFormat (/Users/andrejkoval/Dev/vivadzen/src/front/node_modules/@intlify/core-base/dist/core-base.mjs)
 @ http://localhost:3001/_nuxt/@fs/Users/andrejkoval/Dev/vivadzen/src/front/node_modules/consola/dist/browser.mjs?v=10181baa:47
[   13766ms] [WARNING] %cssr:warn%c [intlify] Fall back to translate 'title.reviews' key with 'cs' locale. 
      background: #f39c12;
      border-radius: 0.5em;
      color: white;
      font-weight: bold;
      padding: 2px 0.5em;
      
  at warn (/Users/andrejkoval/Dev/vivadzen/src/front/node_modules/@intlify/shared/dist/shared.mjs)
  at resolveMessageFormat (/Users/andrejkoval/Dev/vivadzen/src/front/node_modules/@intlify/core-base/dist/core-base.mjs)
  at translate (/Users/andrejkoval/Dev/vivadzen/src/front/node_modules/@intlify/core-base/dist/core-base.mjs)
 @ http://localhost:3001/_nuxt/@fs/Users/andrejkoval/Dev/vivadzen/src/front/node_modules/consola/dist/browser.mjs?v=10181baa:47
[   13766ms] [WARNING] %cssr:warn%c [intlify] Not found 'title.reviews' key in 'cs' locale messages. 
      background: #f39c12;
      border-radius: 0.5em;
      color: white;
      font-weight: bold;
      padding: 2px 0.5em;
      
  at warn (/Users/andrejkoval/Dev/vivadzen/src/front/node_modules/@intlify/shared/dist/shared.mjs)
  at handleMissing (/Users/andrejkoval/Dev/vivadzen/src/front/node_modules/@intlify/core-base/dist/core-base.mjs)
  at resolveMessageFormat (/Users/andrejkoval/Dev/vivadzen/src/front/node_modules/@intlify/core-base/dist/core-base.mjs)
 @ http://localhost:3001/_nuxt/@fs/Users/andrejkoval/Dev/vivadzen/src/front/node_modules/consola/dist/browser.mjs?v=10181baa:47
[   13766ms] [WARNING] %cssr:warn%c [intlify] Fall back to translate 'title.reviews' with root locale. 
      background: #f39c12;
      border-radius: 0.5em;
      color: white;
      font-weight: bold;
      padding: 2px 0.5em;
      
  at warn (/Users/andrejkoval/Dev/vivadzen/src/front/node_modules/@intlify/shared/dist/shared.mjs)
  at wrapWithDeps (/Users/andrejkoval/Dev/vivadzen/src/front/node_modules/vue-i18n/dist/vue-i18n.mjs)
  at t (/Users/andrejkoval/Dev/vivadzen/src/front/node_modules/vue-i18n/dist/vue-i18n.mjs)
 @ http://localhost:3001/_nuxt/@fs/Users/andrejkoval/Dev/vivadzen/src/front/node_modules/consola/dist/browser.mjs?v=10181baa:47
[   13766ms] [WARNING] %cssr:warn%c [intlify] Not found 'title.about' key in 'ru' locale messages. 
      background: #f39c12;
      border-radius: 0.5em;
      color: white;
      font-weight: bold;
      padding: 2px 0.5em;
      
  at warn (/Users/andrejkoval/Dev/vivadzen/src/front/node_modules/@intlify/shared/dist/shared.mjs)
  at handleMissing (/Users/andrejkoval/Dev/vivadzen/src/front/node_modules/@intlify/core-base/dist/core-base.mjs)
  at resolveMessageFormat (/Users/andrejkoval/Dev/vivadzen/src/front/node_modules/@intlify/core-base/dist/core-base.mjs)
 @ http://localhost:3001/_nuxt/@fs/Users/andrejkoval/Dev/vivadzen/src/front/node_modules/consola/dist/browser.mjs?v=10181baa:47
[   13766ms] [WARNING] %cssr:warn%c [intlify] Fall back to translate 'title.about' key with 'cs' locale. 
      background: #f39c12;
      border-radius: 0.5em;
      color: white;
      font-weight: bold;
      padding: 2px 0.5em;
      
  at warn (/Users/andrejkoval/Dev/vivadzen/src/front/node_modules/@intlify/shared/dist/shared.mjs)
  at resolveMessageFormat (/Users/andrejkoval/Dev/vivadzen/src/front/node_modules/@intlify/core-base/dist/core-base.mjs)
  at translate (/Users/andrejkoval/Dev/vivadzen/src/front/node_modules/@intlify/core-base/dist/core-base.mjs)
 @ http://localhost:3001/_nuxt/@fs/Users/andrejkoval/Dev/vivadzen/src/front/node_modules/consola/dist/browser.mjs?v=10181baa:47
[   13766ms] [WARNING] %cssr:warn%c [intlify] Not found 'title.about' key in 'cs' locale messages. 
      background: #f39c12;
      border-radius: 0.5em;
      color: white;
      font-weight: bold;
      padding: 2px 0.5em;
      
  at warn (/Users/andrejkoval/Dev/vivadzen/src/front/node_modules/@intlify/shared/dist/shared.mjs)
  at handleMissing (/Users/andrejkoval/Dev/vivadzen/src/front/node_modules/@intlify/core-base/dist/core-base.mjs)
  at resolveMessageFormat (/Users/andrejkoval/Dev/vivadzen/src/front/node_modules/@intlify/core-base/dist/core-base.mjs)
 @ http://localhost:3001/_nuxt/@fs/Users/andrejkoval/Dev/vivadzen/src/front/node_modules/consola/dist/browser.mjs?v=10181baa:47
[   13766ms] [WARNING] %cssr:warn%c [intlify] Fall back to translate 'title.about' with root locale. 
      background: #f39c12;
      border-radius: 0.5em;
      color: white;
      font-weight: bold;
      padding: 2px 0.5em;
      
  at warn (/Users/andrejkoval/Dev/vivadzen/src/front/node_modules/@intlify/shared/dist/shared.mjs)
  at wrapWithDeps (/Users/andrejkoval/Dev/vivadzen/src/front/node_modules/vue-i18n/dist/vue-i18n.mjs)
  at t (/Users/andrejkoval/Dev/vivadzen/src/front/node_modules/vue-i18n/dist/vue-i18n.mjs)
 @ http://localhost:3001/_nuxt/@fs/Users/andrejkoval/Dev/vivadzen/src/front/node_modules/consola/dist/browser.mjs?v=10181baa:47
[   13766ms] [WARNING] %cssr:warn%c [intlify] Not found 'title.contacts' key in 'ru' locale messages. 
      background: #f39c12;
      border-radius: 0.5em;
      color: white;
      font-weight: bold;
      padding: 2px 0.5em;
      
  at warn (/Users/andrejkoval/Dev/vivadzen/src/front/node_modules/@intlify/shared/dist/shared.mjs)
  at handleMissing (/Users/andrejkoval/Dev/vivadzen/src/front/node_modules/@intlify/core-base/dist/core-base.mjs)
  at resolveMessageFormat (/Users/andrejkoval/Dev/vivadzen/src/front/node_modules/@intlify/core-base/dist/core-base.mjs)
 @ http://localhost:3001/_nuxt/@fs/Users/andrejkoval/Dev/vivadzen/src/front/node_modules/consola/dist/browser.mjs?v=10181baa:47
[   13766ms] [WARNING] %cssr:warn%c [intlify] Fall back to translate 'title.contacts' key with 'cs' locale. 
      background: #f39c12;
      border-radius: 0.5em;
      color: white;
      font-weight: bold;
      padding: 2px 0.5em;
      
  at warn (/Users/andrejkoval/Dev/vivadzen/src/front/node_modules/@intlify/shared/dist/shared.mjs)
  at resolveMessageFormat (/Users/andrejkoval/Dev/vivadzen/src/front/node_modules/@intlify/core-base/dist/core-base.mjs)
  at translate (/Users/andrejkoval/Dev/vivadzen/src/front/node_modules/@intlify/core-base/dist/core-base.mjs)
 @ http://localhost:3001/_nuxt/@fs/Users/andrejkoval/Dev/vivadzen/src/front/node_modules/consola/dist/browser.mjs?v=10181baa:47
[   13766ms] [WARNING] %cssr:warn%c [intlify] Not found 'title.contacts' key in 'cs' locale messages. 
      background: #f39c12;
      border-radius: 0.5em;
      color: white;
      font-weight: bold;
      padding: 2px 0.5em;
      
  at warn (/Users/andrejkoval/Dev/vivadzen/src/front/node_modules/@intlify/shared/dist/shared.mjs)
  at handleMissing (/Users/andrejkoval/Dev/vivadzen/src/front/node_modules/@intlify/core-base/dist/core-base.mjs)
  at resolveMessageFormat (/Users/andrejkoval/Dev/vivadzen/src/front/node_modules/@intlify/core-base/dist/core-base.mjs)
 @ http://localhost:3001/_nuxt/@fs/Users/andrejkoval/Dev/vivadzen/src/front/node_modules/consola/dist/browser.mjs?v=10181baa:47
[   13766ms] [WARNING] %cssr:warn%c [intlify] Fall back to translate 'title.contacts' with root locale. 
      background: #f39c12;
      border-radius: 0.5em;
      color: white;
      font-weight: bold;
      padding: 2px 0.5em;
      
  at warn (/Users/andrejkoval/Dev/vivadzen/src/front/node_modules/@intlify/shared/dist/shared.mjs)
  at wrapWithDeps (/Users/andrejkoval/Dev/vivadzen/src/front/node_modules/vue-i18n/dist/vue-i18n.mjs)
  at t (/Users/andrejkoval/Dev/vivadzen/src/front/node_modules/vue-i18n/dist/vue-i18n.mjs)
 @ http://localhost:3001/_nuxt/@fs/Users/andrejkoval/Dev/vivadzen/src/front/node_modules/consola/dist/browser.mjs?v=10181baa:47
[   13766ms] [WARNING] %cssr:warn%c [intlify] Not found 'logo_alt' key in 'ru' locale messages. 
      background: #f39c12;
      border-radius: 0.5em;
      color: white;
      font-weight: bold;
      padding: 2px 0.5em;
      
  at warn (/Users/andrejkoval/Dev/vivadzen/src/front/node_modules/@intlify/shared/dist/shared.mjs)
  at handleMissing (/Users/andrejkoval/Dev/vivadzen/src/front/node_modules/@intlify/core-base/dist/core-base.mjs)
  at resolveMessageFormat (/Users/andrejkoval/Dev/vivadzen/src/front/node_modules/@intlify/core-base/dist/core-base.mjs)
 @ http://localhost:3001/_nuxt/@fs/Users/andrejkoval/Dev/vivadzen/src/front/node_modules/consola/dist/browser.mjs?v=10181baa:47
[   13766ms] [WARNING] %cssr:warn%c [intlify] Fall back to translate 'logo_alt' key with 'cs' locale. 
      background: #f39c12;
      border-radius: 0.5em;
      color: white;
      font-weight: bold;
      padding: 2px 0.5em;
      
  at warn (/Users/andrejkoval/Dev/vivadzen/src/front/node_modules/@intlify/shared/dist/shared.mjs)
  at resolveMessageFormat (/Users/andrejkoval/Dev/vivadzen/src/front/node_modules/@intlify/core-base/dist/core-base.mjs)
  at translate (/Users/andrejkoval/Dev/vivadzen/src/front/node_modules/@intlify/core-base/dist/core-base.mjs)
 @ http://localhost:3001/_nuxt/@fs/Users/andrejkoval/Dev/vivadzen/src/front/node_modules/consola/dist/browser.mjs?v=10181baa:47
[   13766ms] [WARNING] %cssr:warn%c [intlify] Not found 'logo_alt' key in 'cs' locale messages. 
      background: #f39c12;
      border-radius: 0.5em;
      color: white;
      font-weight: bold;
      padding: 2px 0.5em;
      
  at warn (/Users/andrejkoval/Dev/vivadzen/src/front/node_modules/@intlify/shared/dist/shared.mjs)
  at handleMissing (/Users/andrejkoval/Dev/vivadzen/src/front/node_modules/@intlify/core-base/dist/core-base.mjs)
  at resolveMessageFormat (/Users/andrejkoval/Dev/vivadzen/src/front/node_modules/@intlify/core-base/dist/core-base.mjs)
 @ http://localhost:3001/_nuxt/@fs/Users/andrejkoval/Dev/vivadzen/src/front/node_modules/consola/dist/browser.mjs?v=10181baa:47
[   13766ms] [WARNING] %cssr:warn%c [intlify] Fall back to translate 'logo_alt' with root locale. 
      background: #f39c12;
      border-radius: 0.5em;
      color: white;
      font-weight: bold;
      padding: 2px 0.5em;
      
  at warn (/Users/andrejkoval/Dev/vivadzen/src/front/node_modules/@intlify/shared/dist/shared.mjs)
  at wrapWithDeps (/Users/andrejkoval/Dev/vivadzen/src/front/node_modules/vue-i18n/dist/vue-i18n.mjs)
  at Proxy.t (/Users/andrejkoval/Dev/vivadzen/src/front/node_modules/vue-i18n/dist/vue-i18n.mjs)
 @ http://localhost:3001/_nuxt/@fs/Users/andrejkoval/Dev/vivadzen/src/front/node_modules/consola/dist/browser.mjs?v=10181baa:47
[   13766ms] [WARNING] %cssr:warn%c [intlify] Not found 'logo_alt' key in 'ru' locale messages. 
      background: #f39c12;
      border-radius: 0.5em;
      color: white;
      font-weight: bold;
      padding: 2px 0.5em;
      
  at warn (/Users/andrejkoval/Dev/vivadzen/src/front/node_modules/@intlify/shared/dist/shared.mjs)
  at handleMissing (/Users/andrejkoval/Dev/vivadzen/src/front/node_modules/@intlify/core-base/dist/core-base.mjs)
  at resolveMessageFormat (/Users/andrejkoval/Dev/vivadzen/src/front/node_modules/@intlify/core-base/dist/core-base.mjs)
 @ http://localhost:3001/_nuxt/@fs/Users/andrejkoval/Dev/vivadzen/src/front/node_modules/consola/dist/browser.mjs?v=10181baa:47
[   13766ms] [WARNING] %cssr:warn%c [intlify] Fall back to translate 'logo_alt' key with 'cs' locale. 
      background: #f39c12;
      border-radius: 0.5em;
      color: white;
      font-weight: bold;
      padding: 2px 0.5em;
      
  at warn (/Users/andrejkoval/Dev/vivadzen/src/front/node_modules/@intlify/shared/dist/shared.mjs)
  at resolveMessageFormat (/Users/andrejkoval/Dev/vivadzen/src/front/node_modules/@intlify/core-base/dist/core-base.mjs)
  at translate (/Users/andrejkoval/Dev/vivadzen/src/front/node_modules/@intlify/core-base/dist/core-base.mjs)
 @ http://localhost:3001/_nuxt/@fs/Users/andrejkoval/Dev/vivadzen/src/front/node_modules/consola/dist/browser.mjs?v=10181baa:47
[   13766ms] [WARNING] %cssr:warn%c [intlify] Not found 'logo_alt' key in 'cs' locale messages. 
      background: #f39c12;
      border-radius: 0.5em;
      color: white;
      font-weight: bold;
      padding: 2px 0.5em;
      
  at warn (/Users/andrejkoval/Dev/vivadzen/src/front/node_modules/@intlify/shared/dist/shared.mjs)
  at handleMissing (/Users/andrejkoval/Dev/vivadzen/src/front/node_modules/@intlify/core-base/dist/core-base.mjs)
  at resolveMessageFormat (/Users/andrejkoval/Dev/vivadzen/src/front/node_modules/@intlify/core-base/dist/core-base.mjs)
 @ http://localhost:3001/_nuxt/@fs/Users/andrejkoval/Dev/vivadzen/src/front/node_modules/consola/dist/browser.mjs?v=10181baa:47
[   13766ms] [WARNING] %cssr:warn%c [intlify] Not found 'button.login' key in 'ru' locale messages. 
      background: #f39c12;
      border-radius: 0.5em;
      color: white;
      font-weight: bold;
      padding: 2px 0.5em;
      
  at warn (/Users/andrejkoval/Dev/vivadzen/src/front/node_modules/@intlify/shared/dist/shared.mjs)
  at handleMissing (/Users/andrejkoval/Dev/vivadzen/src/front/node_modules/@intlify/core-base/dist/core-base.mjs)
  at resolveMessageFormat (/Users/andrejkoval/Dev/vivadzen/src/front/node_modules/@intlify/core-base/dist/core-base.mjs)
 @ http://localhost:3001/_nuxt/@fs/Users/andrejkoval/Dev/vivadzen/src/front/node_modules/consola/dist/browser.mjs?v=10181baa:47
[   13766ms] [WARNING] %cssr:warn%c [intlify] Fall back to translate 'button.login' key with 'cs' locale. 
      background: #f39c12;
      border-radius: 0.5em;
      color: white;
      font-weight: bold;
      padding: 2px 0.5em;
      
  at warn (/Users/andrejkoval/Dev/vivadzen/src/front/node_modules/@intlify/shared/dist/shared.mjs)
  at resolveMessageFormat (/Users/andrejkoval/Dev/vivadzen/src/front/node_modules/@intlify/core-base/dist/core-base.mjs)
  at translate (/Users/andrejkoval/Dev/vivadzen/src/front/node_modules/@intlify/core-base/dist/core-base.mjs)
 @ http://localhost:3001/_nuxt/@fs/Users/andrejkoval/Dev/vivadzen/src/front/node_modules/consola/dist/browser.mjs?v=10181baa:47
[   13766ms] [WARNING] %cssr:warn%c [intlify] Not found 'button.login' key in 'cs' locale messages. 
      background: #f39c12;
      border-radius: 0.5em;
      color: white;
      font-weight: bold;
      padding: 2px 0.5em;
      
  at warn (/Users/andrejkoval/Dev/vivadzen/src/front/node_modules/@intlify/shared/dist/shared.mjs)
  at handleMissing (/Users/andrejkoval/Dev/vivadzen/src/front/node_modules/@intlify/core-base/dist/core-base.mjs)
  at resolveMessageFormat (/Users/andrejkoval/Dev/vivadzen/src/front/node_modules/@intlify/core-base/dist/core-base.mjs)
 @ http://localhost:3001/_nuxt/@fs/Users/andrejkoval/Dev/vivadzen/src/front/node_modules/consola/dist/browser.mjs?v=10181baa:47
[   13766ms] [WARNING] %cssr:warn%c [intlify] Fall back to translate 'button.login' with root locale. 
      background: #f39c12;
      border-radius: 0.5em;
      color: white;
      font-weight: bold;
      padding: 2px 0.5em;
      
  at warn (/Users/andrejkoval/Dev/vivadzen/src/front/node_modules/@intlify/shared/dist/shared.mjs)
  at wrapWithDeps (/Users/andrejkoval/Dev/vivadzen/src/front/node_modules/vue-i18n/dist/vue-i18n.mjs)
  at t (/Users/andrejkoval/Dev/vivadzen/src/front/node_modules/vue-i18n/dist/vue-i18n.mjs)
 @ http://localhost:3001/_nuxt/@fs/Users/andrejkoval/Dev/vivadzen/src/front/node_modules/consola/dist/browser.mjs?v=10181baa:47
[   13766ms] [WARNING] %cssr:warn%c [intlify] Not found 'button.login' key in 'ru' locale messages. 
      background: #f39c12;
      border-radius: 0.5em;
      color: white;
      font-weight: bold;
      padding: 2px 0.5em;
      
  at warn (/Users/andrejkoval/Dev/vivadzen/src/front/node_modules/@intlify/shared/dist/shared.mjs)
  at handleMissing (/Users/andrejkoval/Dev/vivadzen/src/front/node_modules/@intlify/core-base/dist/core-base.mjs)
  at resolveMessageFormat (/Users/andrejkoval/Dev/vivadzen/src/front/node_modules/@intlify/core-base/dist/core-base.mjs)
 @ http://localhost:3001/_nuxt/@fs/Users/andrejkoval/Dev/vivadzen/src/front/node_modules/consola/dist/browser.mjs?v=10181baa:47
[   13766ms] [WARNING] %cssr:warn%c [intlify] Fall back to translate 'button.login' key with 'cs' locale. 
      background: #f39c12;
      border-radius: 0.5em;
      color: white;
      font-weight: bold;
      padding: 2px 0.5em;
      
  at warn (/Users/andrejkoval/Dev/vivadzen/src/front/node_modules/@intlify/shared/dist/shared.mjs)
  at resolveMessageFormat (/Users/andrejkoval/Dev/vivadzen/src/front/node_modules/@intlify/core-base/dist/core-base.mjs)
  at translate (/Users/andrejkoval/Dev/vivadzen/src/front/node_modules/@intlify/core-base/dist/core-base.mjs)
 @ http://localhost:3001/_nuxt/@fs/Users/andrejkoval/Dev/vivadzen/src/front/node_modules/consola/dist/browser.mjs?v=10181baa:47
[   13766ms] [WARNING] %cssr:warn%c [intlify] Not found 'button.login' key in 'cs' locale messages. 
      background: #f39c12;
      border-radius: 0.5em;
      color: white;
      font-weight: bold;
      padding: 2px 0.5em;
      
  at warn (/Users/andrejkoval/Dev/vivadzen/src/front/node_modules/@intlify/shared/dist/shared.mjs)
  at handleMissing (/Users/andrejkoval/Dev/vivadzen/src/front/node_modules/@intlify/core-base/dist/core-base.mjs)
  at resolveMessageFormat (/Users/andrejkoval/Dev/vivadzen/src/front/node_modules/@intlify/core-base/dist/core-base.mjs)
 @ http://localhost:3001/_nuxt/@fs/Users/andrejkoval/Dev/vivadzen/src/front/node_modules/consola/dist/browser.mjs?v=10181baa:47
[   13766ms] [WARNING] %cssr:warn%c [intlify] Not found 'title.cart' key in 'ru' locale messages. 
      background: #f39c12;
      border-radius: 0.5em;
      color: white;
      font-weight: bold;
      padding: 2px 0.5em;
      
  at warn (/Users/andrejkoval/Dev/vivadzen/src/front/node_modules/@intlify/shared/dist/shared.mjs)
  at handleMissing (/Users/andrejkoval/Dev/vivadzen/src/front/node_modules/@intlify/core-base/dist/core-base.mjs)
  at resolveMessageFormat (/Users/andrejkoval/Dev/vivadzen/src/front/node_modules/@intlify/core-base/dist/core-base.mjs)
 @ http://localhost:3001/_nuxt/@fs/Users/andrejkoval/Dev/vivadzen/src/front/node_modules/consola/dist/browser.mjs?v=10181baa:47
[   13766ms] [WARNING] %cssr:warn%c [intlify] Fall back to translate 'title.cart' key with 'cs' locale. 
      background: #f39c12;
      border-radius: 0.5em;
      color: white;
      font-weight: bold;
      padding: 2px 0.5em;
      
  at warn (/Users/andrejkoval/Dev/vivadzen/src/front/node_modules/@intlify/shared/dist/shared.mjs)
  at resolveMessageFormat (/Users/andrejkoval/Dev/vivadzen/src/front/node_modules/@intlify/core-base/dist/core-base.mjs)
  at translate (/Users/andrejkoval/Dev/vivadzen/src/front/node_modules/@intlify/core-base/dist/core-base.mjs)
 @ http://localhost:3001/_nuxt/@fs/Users/andrejkoval/Dev/vivadzen/src/front/node_modules/consola/dist/browser.mjs?v=10181baa:47
[   13766ms] [WARNING] %cssr:warn%c [intlify] Not found 'title.cart' key in 'cs' locale messages. 
      background: #f39c12;
      border-radius: 0.5em;
      color: white;
      font-weight: bold;
      padding: 2px 0.5em;
      
  at warn (/Users/andrejkoval/Dev/vivadzen/src/front/node_modules/@intlify/shared/dist/shared.mjs)
  at handleMissing (/Users/andrejkoval/Dev/vivadzen/src/front/node_modules/@intlify/core-base/dist/core-base.mjs)
  at resolveMessageFormat (/Users/andrejkoval/Dev/vivadzen/src/front/node_modules/@intlify/core-base/dist/core-base.mjs)
 @ http://localhost:3001/_nuxt/@fs/Users/andrejkoval/Dev/vivadzen/src/front/node_modules/consola/dist/browser.mjs?v=10181baa:47
[   13766ms] [WARNING] %cssr:warn%c [intlify] Fall back to translate 'title.cart' with root locale. 
      background: #f39c12;
      border-radius: 0.5em;
      color: white;
      font-weight: bold;
      padding: 2px 0.5em;
      
  at warn (/Users/andrejkoval/Dev/vivadzen/src/front/node_modules/@intlify/shared/dist/shared.mjs)
  at wrapWithDeps (/Users/andrejkoval/Dev/vivadzen/src/front/node_modules/vue-i18n/dist/vue-i18n.mjs)
  at Proxy.t (/Users/andrejkoval/Dev/vivadzen/src/front/node_modules/vue-i18n/dist/vue-i18n.mjs)
 @ http://localhost:3001/_nuxt/@fs/Users/andrejkoval/Dev/vivadzen/src/front/node_modules/consola/dist/browser.mjs?v=10181baa:47
[   13766ms] [WARNING] %cssr:warn%c [intlify] Not found 'title.catalog' key in 'ru' locale messages. 
      background: #f39c12;
      border-radius: 0.5em;
      color: white;
      font-weight: bold;
      padding: 2px 0.5em;
      
  at warn (/Users/andrejkoval/Dev/vivadzen/src/front/node_modules/@intlify/shared/dist/shared.mjs)
  at handleMissing (/Users/andrejkoval/Dev/vivadzen/src/front/node_modules/@intlify/core-base/dist/core-base.mjs)
  at resolveMessageFormat (/Users/andrejkoval/Dev/vivadzen/src/front/node_modules/@intlify/core-base/dist/core-base.mjs)
 @ http://localhost:3001/_nuxt/@fs/Users/andrejkoval/Dev/vivadzen/src/front/node_modules/consola/dist/browser.mjs?v=10181baa:47
[   13766ms] [WARNING] %cssr:warn%c [intlify] Fall back to translate 'title.catalog' key with 'cs' locale. 
      background: #f39c12;
      border-radius: 0.5em;
      color: white;
      font-weight: bold;
      padding: 2px 0.5em;
      
  at warn (/Users/andrejkoval/Dev/vivadzen/src/front/node_modules/@intlify/shared/dist/shared.mjs)
  at resolveMessageFormat (/Users/andrejkoval/Dev/vivadzen/src/front/node_modules/@intlify/core-base/dist/core-base.mjs)
  at translate (/Users/andrejkoval/Dev/vivadzen/src/front/node_modules/@intlify/core-base/dist/core-base.mjs)
 @ http://localhost:3001/_nuxt/@fs/Users/andrejkoval/Dev/vivadzen/src/front/node_modules/consola/dist/browser.mjs?v=10181baa:47
[   13767ms] [WARNING] %cssr:warn%c [intlify] Not found 'title.catalog' key in 'cs' locale messages. 
      background: #f39c12;
      border-radius: 0.5em;
      color: white;
      font-weight: bold;
      padding: 2px 0.5em;
      
  at warn (/Users/andrejkoval/Dev/vivadzen/src/front/node_modules/@intlify/shared/dist/shared.mjs)
  at handleMissing (/Users/andrejkoval/Dev/vivadzen/src/front/node_modules/@intlify/core-base/dist/core-base.mjs)
  at resolveMessageFormat (/Users/andrejkoval/Dev/vivadzen/src/front/node_modules/@intlify/core-base/dist/core-base.mjs)
 @ http://localhost:3001/_nuxt/@fs/Users/andrejkoval/Dev/vivadzen/src/front/node_modules/consola/dist/browser.mjs?v=10181baa:47
[   13767ms] [WARNING] %cssr:warn%c [intlify] Fall back to translate 'title.catalog' with root locale. 
      background: #f39c12;
      border-radius: 0.5em;
      color: white;
      font-weight: bold;
      padding: 2px 0.5em;
      
  at warn (/Users/andrejkoval/Dev/vivadzen/src/front/node_modules/@intlify/shared/dist/shared.mjs)
  at wrapWithDeps (/Users/andrejkoval/Dev/vivadzen/src/front/node_modules/vue-i18n/dist/vue-i18n.mjs)
  at t (/Users/andrejkoval/Dev/vivadzen/src/front/node_modules/vue-i18n/dist/vue-i18n.mjs)
 @ http://localhost:3001/_nuxt/@fs/Users/andrejkoval/Dev/vivadzen/src/front/node_modules/consola/dist/browser.mjs?v=10181baa:47
[   13767ms] [WARNING] %cssr:warn%c [intlify] Not found 'title.delivery' key in 'ru' locale messages. 
      background: #f39c12;
      border-radius: 0.5em;
      color: white;
      font-weight: bold;
      padding: 2px 0.5em;
      
  at warn (/Users/andrejkoval/Dev/vivadzen/src/front/node_modules/@intlify/shared/dist/shared.mjs)
  at handleMissing (/Users/andrejkoval/Dev/vivadzen/src/front/node_modules/@intlify/core-base/dist/core-base.mjs)
  at resolveMessageFormat (/Users/andrejkoval/Dev/vivadzen/src/front/node_modules/@intlify/core-base/dist/core-base.mjs)
 @ http://localhost:3001/_nuxt/@fs/Users/andrejkoval/Dev/vivadzen/src/front/node_modules/consola/dist/browser.mjs?v=10181baa:47
[   13767ms] [WARNING] %cssr:warn%c [intlify] Fall back to translate 'title.delivery' key with 'cs' locale. 
      background: #f39c12;
      border-radius: 0.5em;
      color: white;
      font-weight: bold;
      padding: 2px 0.5em;
      
  at warn (/Users/andrejkoval/Dev/vivadzen/src/front/node_modules/@intlify/shared/dist/shared.mjs)
  at resolveMessageFormat (/Users/andrejkoval/Dev/vivadzen/src/front/node_modules/@intlify/core-base/dist/core-base.mjs)
  at translate (/Users/andrejkoval/Dev/vivadzen/src/front/node_modules/@intlify/core-base/dist/core-base.mjs)
 @ http://localhost:3001/_nuxt/@fs/Users/andrejkoval/Dev/vivadzen/src/front/node_modules/consola/dist/browser.mjs?v=10181baa:47
[   13767ms] [WARNING] %cssr:warn%c [intlify] Not found 'title.delivery' key in 'cs' locale messages. 
      background: #f39c12;
      border-radius: 0.5em;
      color: white;
      font-weight: bold;
      padding: 2px 0.5em;
      
  at warn (/Users/andrejkoval/Dev/vivadzen/src/front/node_modules/@intlify/shared/dist/shared.mjs)
  at handleMissing (/Users/andrejkoval/Dev/vivadzen/src/front/node_modules/@intlify/core-base/dist/core-base.mjs)
  at resolveMessageFormat (/Users/andrejkoval/Dev/vivadzen/src/front/node_modules/@intlify/core-base/dist/core-base.mjs)
 @ http://localhost:3001/_nuxt/@fs/Users/andrejkoval/Dev/vivadzen/src/front/node_modules/consola/dist/browser.mjs?v=10181baa:47
[   13767ms] [WARNING] %cssr:warn%c [intlify] Fall back to translate 'title.delivery' with root locale. 
      background: #f39c12;
      border-radius: 0.5em;
      color: white;
      font-weight: bold;
      padding: 2px 0.5em;
      
  at warn (/Users/andrejkoval/Dev/vivadzen/src/front/node_modules/@intlify/shared/dist/shared.mjs)
  at wrapWithDeps (/Users/andrejkoval/Dev/vivadzen/src/front/node_modules/vue-i18n/dist/vue-i18n.mjs)
  at t (/Users/andrejkoval/Dev/vivadzen/src/front/node_modules/vue-i18n/dist/vue-i18n.mjs)
 @ http://localhost:3001/_nuxt/@fs/Users/andrejkoval/Dev/vivadzen/src/front/node_modules/consola/dist/browser.mjs?v=10181baa:47
[   13767ms] [WARNING] %cssr:warn%c [intlify] Not found 'title.payment' key in 'ru' locale messages. 
      background: #f39c12;
      border-radius: 0.5em;
      color: white;
      font-weight: bold;
      padding: 2px 0.5em;
      
  at warn (/Users/andrejkoval/Dev/vivadzen/src/front/node_modules/@intlify/shared/dist/shared.mjs)
  at handleMissing (/Users/andrejkoval/Dev/vivadzen/src/front/node_modules/@intlify/core-base/dist/core-base.mjs)
  at resolveMessageFormat (/Users/andrejkoval/Dev/vivadzen/src/front/node_modules/@intlify/core-base/dist/core-base.mjs)
 @ http://localhost:3001/_nuxt/@fs/Users/andrejkoval/Dev/vivadzen/src/front/node_modules/consola/dist/browser.mjs?v=10181baa:47
[   13767ms] [WARNING] %cssr:warn%c [intlify] Fall back to translate 'title.payment' key with 'cs' locale. 
      background: #f39c12;
      border-radius: 0.5em;
      color: white;
      font-weight: bold;
      padding: 2px 0.5em;
      
  at warn (/Users/andrejkoval/Dev/vivadzen/src/front/node_modules/@intlify/shared/dist/shared.mjs)
  at resolveMessageFormat (/Users/andrejkoval/Dev/vivadzen/src/front/node_modules/@intlify/core-base/dist/core-base.mjs)
  at translate (/Users/andrejkoval/Dev/vivadzen/src/front/node_modules/@intlify/core-base/dist/core-base.mjs)
 @ http://localhost:3001/_nuxt/@fs/Users/andrejkoval/Dev/vivadzen/src/front/node_modules/consola/dist/browser.mjs?v=10181baa:47
[   13767ms] [WARNING] %cssr:warn%c [intlify] Not found 'title.payment' key in 'cs' locale messages. 
      background: #f39c12;
      border-radius: 0.5em;
      color: white;
      font-weight: bold;
      padding: 2px 0.5em;
      
  at warn (/Users/andrejkoval/Dev/vivadzen/src/front/node_modules/@intlify/shared/dist/shared.mjs)
  at handleMissing (/Users/andrejkoval/Dev/vivadzen/src/front/node_modules/@intlify/core-base/dist/core-base.mjs)
  at resolveMessageFormat (/Users/andrejkoval/Dev/vivadzen/src/front/node_modules/@intlify/core-base/dist/core-base.mjs)
 @ http://localhost:3001/_nuxt/@fs/Users/andrejkoval/Dev/vivadzen/src/front/node_modules/consola/dist/browser.mjs?v=10181baa:47
[   13767ms] [WARNING] %cssr:warn%c [intlify] Fall back to translate 'title.payment' with root locale. 
      background: #f39c12;
      border-radius: 0.5em;
      color: white;
      font-weight: bold;
      padding: 2px 0.5em;
      
  at warn (/Users/andrejkoval/Dev/vivadzen/src/front/node_modules/@intlify/shared/dist/shared.mjs)
  at wrapWithDeps (/Users/andrejkoval/Dev/vivadzen/src/front/node_modules/vue-i18n/dist/vue-i18n.mjs)
  at t (/Users/andrejkoval/Dev/vivadzen/src/front/node_modules/vue-i18n/dist/vue-i18n.mjs)
 @ http://localhost:3001/_nuxt/@fs/Users/andrejkoval/Dev/vivadzen/src/front/node_modules/consola/dist/browser.mjs?v=10181baa:47
[   13767ms] [WARNING] %cssr:warn%c [intlify] Not found 'title.age_verification' key in 'ru' locale messages. 
      background: #f39c12;
      border-radius: 0.5em;
      color: white;
      font-weight: bold;
      padding: 2px 0.5em;
      
  at warn (/Users/andrejkoval/Dev/vivadzen/src/front/node_modules/@intlify/shared/dist/shared.mjs)
  at handleMissing (/Users/andrejkoval/Dev/vivadzen/src/front/node_modules/@intlify/core-base/dist/core-base.mjs)
  at resolveMessageFormat (/Users/andrejkoval/Dev/vivadzen/src/front/node_modules/@intlify/core-base/dist/core-base.mjs)
 @ http://localhost:3001/_nuxt/@fs/Users/andrejkoval/Dev/vivadzen/src/front/node_modules/consola/dist/browser.mjs?v=10181baa:47
[   13767ms] [WARNING] %cssr:warn%c [intlify] Fall back to translate 'title.age_verification' key with 'cs' locale. 
      background: #f39c12;
      border-radius: 0.5em;
      color: white;
      font-weight: bold;
      padding: 2px 0.5em;
      
  at warn (/Users/andrejkoval/Dev/vivadzen/src/front/node_modules/@intlify/shared/dist/shared.mjs)
  at resolveMessageFormat (/Users/andrejkoval/Dev/vivadzen/src/front/node_modules/@intlify/core-base/dist/core-base.mjs)
  at translate (/Users/andrejkoval/Dev/vivadzen/src/front/node_modules/@intlify/core-base/dist/core-base.mjs)
 @ http://localhost:3001/_nuxt/@fs/Users/andrejkoval/Dev/vivadzen/src/front/node_modules/consola/dist/browser.mjs?v=10181baa:47
[   13767ms] [WARNING] %cssr:warn%c [intlify] Not found 'title.age_verification' key in 'cs' locale messages. 
      background: #f39c12;
      border-radius: 0.5em;
      color: white;
      font-weight: bold;
      padding: 2px 0.5em;
      
  at warn (/Users/andrejkoval/Dev/vivadzen/src/front/node_modules/@intlify/shared/dist/shared.mjs)
  at handleMissing (/Users/andrejkoval/Dev/vivadzen/src/front/node_modules/@intlify/core-base/dist/core-base.mjs)
  at resolveMessageFormat (/Users/andrejkoval/Dev/vivadzen/src/front/node_modules/@intlify/core-base/dist/core-base.mjs)
 @ http://localhost:3001/_nuxt/@fs/Users/andrejkoval/Dev/vivadzen/src/front/node_modules/consola/dist/browser.mjs?v=10181baa:47
[   13767ms] [WARNING] %cssr:warn%c [intlify] Fall back to translate 'title.age_verification' with root locale. 
      background: #f39c12;
      border-radius: 0.5em;
      color: white;
      font-weight: bold;
      padding: 2px 0.5em;
      
  at warn (/Users/andrejkoval/Dev/vivadzen/src/front/node_modules/@intlify/shared/dist/shared.mjs)
  at wrapWithDeps (/Users/andrejkoval/Dev/vivadzen/src/front/node_modules/vue-i18n/dist/vue-i18n.mjs)
  at t (/Users/andrejkoval/Dev/vivadzen/src/front/node_modules/vue-i18n/dist/vue-i18n.mjs)
 @ http://localhost:3001/_nuxt/@fs/Users/andrejkoval/Dev/vivadzen/src/front/node_modules/consola/dist/browser.mjs?v=10181baa:47
[   13767ms] [WARNING] %cssr:warn%c [intlify] Not found 'title.reviews' key in 'ru' locale messages. 
      background: #f39c12;
      border-radius: 0.5em;
      color: white;
      font-weight: bold;
      padding: 2px 0.5em;
      
  at warn (/Users/andrejkoval/Dev/vivadzen/src/front/node_modules/@intlify/shared/dist/shared.mjs)
  at handleMissing (/Users/andrejkoval/Dev/vivadzen/src/front/node_modules/@intlify/core-base/dist/core-base.mjs)
  at resolveMessageFormat (/Users/andrejkoval/Dev/vivadzen/src/front/node_modules/@intlify/core-base/dist/core-base.mjs)
 @ http://localhost:3001/_nuxt/@fs/Users/andrejkoval/Dev/vivadzen/src/front/node_modules/consola/dist/browser.mjs?v=10181baa:47
[   13767ms] [WARNING] %cssr:warn%c [intlify] Fall back to translate 'title.reviews' key with 'cs' locale. 
      background: #f39c12;
      border-radius: 0.5em;
      color: white;
      font-weight: bold;
      padding: 2px 0.5em;
      
  at warn (/Users/andrejkoval/Dev/vivadzen/src/front/node_modules/@intlify/shared/dist/shared.mjs)
  at resolveMessageFormat (/Users/andrejkoval/Dev/vivadzen/src/front/node_modules/@intlify/core-base/dist/core-base.mjs)
  at translate (/Users/andrejkoval/Dev/vivadzen/src/front/node_modules/@intlify/core-base/dist/core-base.mjs)
 @ http://localhost:3001/_nuxt/@fs/Users/andrejkoval/Dev/vivadzen/src/front/node_modules/consola/dist/browser.mjs?v=10181baa:47
[   13767ms] [WARNING] %cssr:warn%c [intlify] Not found 'title.reviews' key in 'cs' locale messages. 
      background: #f39c12;
      border-radius: 0.5em;
      color: white;
      font-weight: bold;
      padding: 2px 0.5em;
      
  at warn (/Users/andrejkoval/Dev/vivadzen/src/front/node_modules/@intlify/shared/dist/shared.mjs)
  at handleMissing (/Users/andrejkoval/Dev/vivadzen/src/front/node_modules/@intlify/core-base/dist/core-base.mjs)
  at resolveMessageFormat (/Users/andrejkoval/Dev/vivadzen/src/front/node_modules/@intlify/core-base/dist/core-base.mjs)
 @ http://localhost:3001/_nuxt/@fs/Users/andrejkoval/Dev/vivadzen/src/front/node_modules/consola/dist/browser.mjs?v=10181baa:47
[   13767ms] [WARNING] %cssr:warn%c [intlify] Fall back to translate 'title.reviews' with root locale. 
      background: #f39c12;
      border-radius: 0.5em;
      color: white;
      font-weight: bold;
      padding: 2px 0.5em;
      
  at warn (/Users/andrejkoval/Dev/vivadzen/src/front/node_modules/@intlify/shared/dist/shared.mjs)
  at wrapWithDeps (/Users/andrejkoval/Dev/vivadzen/src/front/node_modules/vue-i18n/dist/vue-i18n.mjs)
  at t (/Users/andrejkoval/Dev/vivadzen/src/front/node_modules/vue-i18n/dist/vue-i18n.mjs)
 @ http://localhost:3001/_nuxt/@fs/Users/andrejkoval/Dev/vivadzen/src/front/node_modules/consola/dist/browser.mjs?v=10181baa:47
[   13767ms] [WARNING] %cssr:warn%c [intlify] Not found 'title.about' key in 'ru' locale messages. 
      background: #f39c12;
      border-radius: 0.5em;
      color: white;
      font-weight: bold;
      padding: 2px 0.5em;
      
  at warn (/Users/andrejkoval/Dev/vivadzen/src/front/node_modules/@intlify/shared/dist/shared.mjs)
  at handleMissing (/Users/andrejkoval/Dev/vivadzen/src/front/node_modules/@intlify/core-base/dist/core-base.mjs)
  at resolveMessageFormat (/Users/andrejkoval/Dev/vivadzen/src/front/node_modules/@intlify/core-base/dist/core-base.mjs)
 @ http://localhost:3001/_nuxt/@fs/Users/andrejkoval/Dev/vivadzen/src/front/node_modules/consola/dist/browser.mjs?v=10181baa:47
[   13767ms] [WARNING] %cssr:warn%c [intlify] Fall back to translate 'title.about' key with 'cs' locale. 
      background: #f39c12;
      border-radius: 0.5em;
      color: white;
      font-weight: bold;
      padding: 2px 0.5em;
      
  at warn (/Users/andrejkoval/Dev/vivadzen/src/front/node_modules/@intlify/shared/dist/shared.mjs)
  at resolveMessageFormat (/Users/andrejkoval/Dev/vivadzen/src/front/node_modules/@intlify/core-base/dist/core-base.mjs)
  at translate (/Users/andrejkoval/Dev/vivadzen/src/front/node_modules/@intlify/core-base/dist/core-base.mjs)
 @ http://localhost:3001/_nuxt/@fs/Users/andrejkoval/Dev/vivadzen/src/front/node_modules/consola/dist/browser.mjs?v=10181baa:47
[   13767ms] [WARNING] %cssr:warn%c [intlify] Not found 'title.about' key in 'cs' locale messages. 
      background: #f39c12;
      border-radius: 0.5em;
      color: white;
      font-weight: bold;
      padding: 2px 0.5em;
      
  at warn (/Users/andrejkoval/Dev/vivadzen/src/front/node_modules/@intlify/shared/dist/shared.mjs)
  at handleMissing (/Users/andrejkoval/Dev/vivadzen/src/front/node_modules/@intlify/core-base/dist/core-base.mjs)
  at resolveMessageFormat (/Users/andrejkoval/Dev/vivadzen/src/front/node_modules/@intlify/core-base/dist/core-base.mjs)
 @ http://localhost:3001/_nuxt/@fs/Users/andrejkoval/Dev/vivadzen/src/front/node_modules/consola/dist/browser.mjs?v=10181baa:47
[   13767ms] [WARNING] %cssr:warn%c [intlify] Fall back to translate 'title.about' with root locale. 
      background: #f39c12;
      border-radius: 0.5em;
      color: white;
      font-weight: bold;
      padding: 2px 0.5em;
      
  at warn (/Users/andrejkoval/Dev/vivadzen/src/front/node_modules/@intlify/shared/dist/shared.mjs)
  at wrapWithDeps (/Users/andrejkoval/Dev/vivadzen/src/front/node_modules/vue-i18n/dist/vue-i18n.mjs)
  at t (/Users/andrejkoval/Dev/vivadzen/src/front/node_modules/vue-i18n/dist/vue-i18n.mjs)
 @ http://localhost:3001/_nuxt/@fs/Users/andrejkoval/Dev/vivadzen/src/front/node_modules/consola/dist/browser.mjs?v=10181baa:47
[   13767ms] [WARNING] %cssr:warn%c [intlify] Not found 'title.contacts' key in 'ru' locale messages. 
      background: #f39c12;
      border-radius: 0.5em;
      color: white;
      font-weight: bold;
      padding: 2px 0.5em;
      
  at warn (/Users/andrejkoval/Dev/vivadzen/src/front/node_modules/@intlify/shared/dist/shared.mjs)
  at handleMissing (/Users/andrejkoval/Dev/vivadzen/src/front/node_modules/@intlify/core-base/dist/core-base.mjs)
  at resolveMessageFormat (/Users/andrejkoval/Dev/vivadzen/src/front/node_modules/@intlify/core-base/dist/core-base.mjs)
 @ http://localhost:3001/_nuxt/@fs/Users/andrejkoval/Dev/vivadzen/src/front/node_modules/consola/dist/browser.mjs?v=10181baa:47
[   13767ms] [WARNING] %cssr:warn%c [intlify] Fall back to translate 'title.contacts' key with 'cs' locale. 
      background: #f39c12;
      border-radius: 0.5em;
      color: white;
      font-weight: bold;
      padding: 2px 0.5em;
      
  at warn (/Users/andrejkoval/Dev/vivadzen/src/front/node_modules/@intlify/shared/dist/shared.mjs)
  at resolveMessageFormat (/Users/andrejkoval/Dev/vivadzen/src/front/node_modules/@intlify/core-base/dist/core-base.mjs)
  at translate (/Users/andrejkoval/Dev/vivadzen/src/front/node_modules/@intlify/core-base/dist/core-base.mjs)
 @ http://localhost:3001/_nuxt/@fs/Users/andrejkoval/Dev/vivadzen/src/front/node_modules/consola/dist/browser.mjs?v=10181baa:47
[   13767ms] [WARNING] %cssr:warn%c [intlify] Not found 'title.contacts' key in 'cs' locale messages. 
      background: #f39c12;
      border-radius: 0.5em;
      color: white;
      font-weight: bold;
      padding: 2px 0.5em;
      
  at warn (/Users/andrejkoval/Dev/vivadzen/src/front/node_modules/@intlify/shared/dist/shared.mjs)
  at handleMissing (/Users/andrejkoval/Dev/vivadzen/src/front/node_modules/@intlify/core-base/dist/core-base.mjs)
  at resolveMessageFormat (/Users/andrejkoval/Dev/vivadzen/src/front/node_modules/@intlify/core-base/dist/core-base.mjs)
 @ http://localhost:3001/_nuxt/@fs/Users/andrejkoval/Dev/vivadzen/src/front/node_modules/consola/dist/browser.mjs?v=10181baa:47
[   13767ms] [WARNING] %cssr:warn%c [intlify] Fall back to translate 'title.contacts' with root locale. 
      background: #f39c12;
      border-radius: 0.5em;
      color: white;
      font-weight: bold;
      padding: 2px 0.5em;
      
  at warn (/Users/andrejkoval/Dev/vivadzen/src/front/node_modules/@intlify/shared/dist/shared.mjs)
  at wrapWithDeps (/Users/andrejkoval/Dev/vivadzen/src/front/node_modules/vue-i18n/dist/vue-i18n.mjs)
  at t (/Users/andrejkoval/Dev/vivadzen/src/front/node_modules/vue-i18n/dist/vue-i18n.mjs)
 @ http://localhost:3001/_nuxt/@fs/Users/andrejkoval/Dev/vivadzen/src/front/node_modules/consola/dist/browser.mjs?v=10181baa:47
[   13767ms] [WARNING] %cssr:warn%c [intlify] Fall back to translate exists 'colors.white.effects_name' with root locale. 
      background: #f39c12;
      border-radius: 0.5em;
      color: white;
      font-weight: bold;
      padding: 2px 0.5em;
      
  at warn (/Users/andrejkoval/Dev/vivadzen/src/front/node_modules/@intlify/shared/dist/shared.mjs)
  at wrapWithDeps (/Users/andrejkoval/Dev/vivadzen/src/front/node_modules/vue-i18n/dist/vue-i18n.mjs)
  at te (/Users/andrejkoval/Dev/vivadzen/src/front/node_modules/vue-i18n/dist/vue-i18n.mjs)
 @ http://localhost:3001/_nuxt/@fs/Users/andrejkoval/Dev/vivadzen/src/front/node_modules/consola/dist/browser.mjs?v=10181baa:47
[   13767ms] [WARNING] %cssr:warn%c [intlify] Fall back to translate exists 'colors.green.effects_name' with root locale. 
      background: #f39c12;
      border-radius: 0.5em;
      color: white;
      font-weight: bold;
      padding: 2px 0.5em;
      
  at warn (/Users/andrejkoval/Dev/vivadzen/src/front/node_modules/@intlify/shared/dist/shared.mjs)
  at wrapWithDeps (/Users/andrejkoval/Dev/vivadzen/src/front/node_modules/vue-i18n/dist/vue-i18n.mjs)
  at te (/Users/andrejkoval/Dev/vivadzen/src/front/node_modules/vue-i18n/dist/vue-i18n.mjs)
 @ http://localhost:3001/_nuxt/@fs/Users/andrejkoval/Dev/vivadzen/src/front/node_modules/consola/dist/browser.mjs?v=10181baa:47
[   13767ms] [WARNING] %cssr:warn%c [intlify] Fall back to translate exists 'colors.red.effects_name' with root locale. 
      background: #f39c12;
      border-radius: 0.5em;
      color: white;
      font-weight: bold;
      padding: 2px 0.5em;
      
  at warn (/Users/andrejkoval/Dev/vivadzen/src/front/node_modules/@intlify/shared/dist/shared.mjs)
  at wrapWithDeps (/Users/andrejkoval/Dev/vivadzen/src/front/node_modules/vue-i18n/dist/vue-i18n.mjs)
  at te (/Users/andrejkoval/Dev/vivadzen/src/front/node_modules/vue-i18n/dist/vue-i18n.mjs)
 @ http://localhost:3001/_nuxt/@fs/Users/andrejkoval/Dev/vivadzen/src/front/node_modules/consola/dist/browser.mjs?v=10181baa:47
[   13767ms] [WARNING] %cssr:warn%c [intlify] Fall back to translate exists 'colors.gold.effects_name' with root locale. 
      background: #f39c12;
      border-radius: 0.5em;
      color: white;
      font-weight: bold;
      padding: 2px 0.5em;
      
  at warn (/Users/andrejkoval/Dev/vivadzen/src/front/node_modules/@intlify/shared/dist/shared.mjs)
  at wrapWithDeps (/Users/andrejkoval/Dev/vivadzen/src/front/node_modules/vue-i18n/dist/vue-i18n.mjs)
  at te (/Users/andrejkoval/Dev/vivadzen/src/front/node_modules/vue-i18n/dist/vue-i18n.mjs)
 @ http://localhost:3001/_nuxt/@fs/Users/andrejkoval/Dev/vivadzen/src/front/node_modules/consola/dist/browser.mjs?v=10181baa:47
[   13767ms] [WARNING] %cssr:warn%c [intlify] Fall back to translate exists 'effects_product' with root locale. 
      background: #f39c12;
      border-radius: 0.5em;
      color: white;
      font-weight: bold;
      padding: 2px 0.5em;
      
  at warn (/Users/andrejkoval/Dev/vivadzen/src/front/node_modules/@intlify/shared/dist/shared.mjs)
  at wrapWithDeps (/Users/andrejkoval/Dev/vivadzen/src/front/node_modules/vue-i18n/dist/vue-i18n.mjs)
  at te (/Users/andrejkoval/Dev/vivadzen/src/front/node_modules/vue-i18n/dist/vue-i18n.mjs)
 @ http://localhost:3001/_nuxt/@fs/Users/andrejkoval/Dev/vivadzen/src/front/node_modules/consola/dist/browser.mjs?v=10181baa:47
[   13767ms] [WARNING] %cssr:warn%c [intlify] Not found 'label.messengers' key in 'ru' locale messages. 
      background: #f39c12;
      border-radius: 0.5em;
      color: white;
      font-weight: bold;
      padding: 2px 0.5em;
      
  at warn (/Users/andrejkoval/Dev/vivadzen/src/front/node_modules/@intlify/shared/dist/shared.mjs)
  at handleMissing (/Users/andrejkoval/Dev/vivadzen/src/front/node_modules/@intlify/core-base/dist/core-base.mjs)
  at resolveMessageFormat (/Users/andrejkoval/Dev/vivadzen/src/front/node_modules/@intlify/core-base/dist/core-base.mjs)
 @ http://localhost:3001/_nuxt/@fs/Users/andrejkoval/Dev/vivadzen/src/front/node_modules/consola/dist/browser.mjs?v=10181baa:47
[   13767ms] [WARNING] %cssr:warn%c [intlify] Fall back to translate 'label.messengers' key with 'cs' locale. 
      background: #f39c12;
      border-radius: 0.5em;
      color: white;
      font-weight: bold;
      padding: 2px 0.5em;
      
  at warn (/Users/andrejkoval/Dev/vivadzen/src/front/node_modules/@intlify/shared/dist/shared.mjs)
  at resolveMessageFormat (/Users/andrejkoval/Dev/vivadzen/src/front/node_modules/@intlify/core-base/dist/core-base.mjs)
  at translate (/Users/andrejkoval/Dev/vivadzen/src/front/node_modules/@intlify/core-base/dist/core-base.mjs)
 @ http://localhost:3001/_nuxt/@fs/Users/andrejkoval/Dev/vivadzen/src/front/node_modules/consola/dist/browser.mjs?v=10181baa:47
[   13767ms] [WARNING] %cssr:warn%c [intlify] Not found 'label.messengers' key in 'cs' locale messages. 
      background: #f39c12;
      border-radius: 0.5em;
      color: white;
      font-weight: bold;
      padding: 2px 0.5em;
      
  at warn (/Users/andrejkoval/Dev/vivadzen/src/front/node_modules/@intlify/shared/dist/shared.mjs)
  at handleMissing (/Users/andrejkoval/Dev/vivadzen/src/front/node_modules/@intlify/core-base/dist/core-base.mjs)
  at resolveMessageFormat (/Users/andrejkoval/Dev/vivadzen/src/front/node_modules/@intlify/core-base/dist/core-base.mjs)
 @ http://localhost:3001/_nuxt/@fs/Users/andrejkoval/Dev/vivadzen/src/front/node_modules/consola/dist/browser.mjs?v=10181baa:47
[   13767ms] [WARNING] %cssr:warn%c [intlify] Fall back to translate 'label.messengers' with root locale. 
      background: #f39c12;
      border-radius: 0.5em;
      color: white;
      font-weight: bold;
      padding: 2px 0.5em;
      
  at warn (/Users/andrejkoval/Dev/vivadzen/src/front/node_modules/@intlify/shared/dist/shared.mjs)
  at wrapWithDeps (/Users/andrejkoval/Dev/vivadzen/src/front/node_modules/vue-i18n/dist/vue-i18n.mjs)
  at Proxy.t (/Users/andrejkoval/Dev/vivadzen/src/front/node_modules/vue-i18n/dist/vue-i18n.mjs)
 @ http://localhost:3001/_nuxt/@fs/Users/andrejkoval/Dev/vivadzen/src/front/node_modules/consola/dist/browser.mjs?v=10181baa:47
[   13767ms] [WARNING] %cssr:warn%c [intlify] Not found 'label.social_networks' key in 'ru' locale messages. 
      background: #f39c12;
      border-radius: 0.5em;
      color: white;
      font-weight: bold;
      padding: 2px 0.5em;
      
  at warn (/Users/andrejkoval/Dev/vivadzen/src/front/node_modules/@intlify/shared/dist/shared.mjs)
  at handleMissing (/Users/andrejkoval/Dev/vivadzen/src/front/node_modules/@intlify/core-base/dist/core-base.mjs)
  at resolveMessageFormat (/Users/andrejkoval/Dev/vivadzen/src/front/node_modules/@intlify/core-base/dist/core-base.mjs)
 @ http://localhost:3001/_nuxt/@fs/Users/andrejkoval/Dev/vivadzen/src/front/node_modules/consola/dist/browser.mjs?v=10181baa:47
[   13767ms] [WARNING] %cssr:warn%c [intlify] Fall back to translate 'label.social_networks' key with 'cs' locale. 
      background: #f39c12;
      border-radius: 0.5em;
      color: white;
      font-weight: bold;
      padding: 2px 0.5em;
      
  at warn (/Users/andrejkoval/Dev/vivadzen/src/front/node_modules/@intlify/shared/dist/shared.mjs)
  at resolveMessageFormat (/Users/andrejkoval/Dev/vivadzen/src/front/node_modules/@intlify/core-base/dist/core-base.mjs)
  at translate (/Users/andrejkoval/Dev/vivadzen/src/front/node_modules/@intlify/core-base/dist/core-base.mjs)
 @ http://localhost:3001/_nuxt/@fs/Users/andrejkoval/Dev/vivadzen/src/front/node_modules/consola/dist/browser.mjs?v=10181baa:47
[   13767ms] [WARNING] %cssr:warn%c [intlify] Not found 'label.social_networks' key in 'cs' locale messages. 
      background: #f39c12;
      border-radius: 0.5em;
      color: white;
      font-weight: bold;
      padding: 2px 0.5em;
      
  at warn (/Users/andrejkoval/Dev/vivadzen/src/front/node_modules/@intlify/shared/dist/shared.mjs)
  at handleMissing (/Users/andrejkoval/Dev/vivadzen/src/front/node_modules/@intlify/core-base/dist/core-base.mjs)
  at resolveMessageFormat (/Users/andrejkoval/Dev/vivadzen/src/front/node_modules/@intlify/core-base/dist/core-base.mjs)
 @ http://localhost:3001/_nuxt/@fs/Users/andrejkoval/Dev/vivadzen/src/front/node_modules/consola/dist/browser.mjs?v=10181baa:47
[   13767ms] [WARNING] %cssr:warn%c [intlify] Fall back to translate 'label.social_networks' with root locale. 
      background: #f39c12;
      border-radius: 0.5em;
      color: white;
      font-weight: bold;
      padding: 2px 0.5em;
      
  at warn (/Users/andrejkoval/Dev/vivadzen/src/front/node_modules/@intlify/shared/dist/shared.mjs)
  at wrapWithDeps (/Users/andrejkoval/Dev/vivadzen/src/front/node_modules/vue-i18n/dist/vue-i18n.mjs)
  at Proxy.t (/Users/andrejkoval/Dev/vivadzen/src/front/node_modules/vue-i18n/dist/vue-i18n.mjs)
 @ http://localhost:3001/_nuxt/@fs/Users/andrejkoval/Dev/vivadzen/src/front/node_modules/consola/dist/browser.mjs?v=10181baa:47
[   13767ms] [WARNING] %cssr:warn%c [intlify] Not found 'title.age_verification' key in 'ru' locale messages. 
      background: #f39c12;
      border-radius: 0.5em;
      color: white;
      font-weight: bold;
      padding: 2px 0.5em;
      
  at warn (/Users/andrejkoval/Dev/vivadzen/src/front/node_modules/@intlify/shared/dist/shared.mjs)
  at handleMissing (/Users/andrejkoval/Dev/vivadzen/src/front/node_modules/@intlify/core-base/dist/core-base.mjs)
  at resolveMessageFormat (/Users/andrejkoval/Dev/vivadzen/src/front/node_modules/@intlify/core-base/dist/core-base.mjs)
 @ http://localhost:3001/_nuxt/@fs/Users/andrejkoval/Dev/vivadzen/src/front/node_modules/consola/dist/browser.mjs?v=10181baa:47
[   13767ms] [WARNING] %cssr:warn%c [intlify] Fall back to translate 'title.age_verification' key with 'cs' locale. 
      background: #f39c12;
      border-radius: 0.5em;
      color: white;
      font-weight: bold;
      padding: 2px 0.5em;
      
  at warn (/Users/andrejkoval/Dev/vivadzen/src/front/node_modules/@intlify/shared/dist/shared.mjs)
  at resolveMessageFormat (/Users/andrejkoval/Dev/vivadzen/src/front/node_modules/@intlify/core-base/dist/core-base.mjs)
  at translate (/Users/andrejkoval/Dev/vivadzen/src/front/node_modules/@intlify/core-base/dist/core-base.mjs)
 @ http://localhost:3001/_nuxt/@fs/Users/andrejkoval/Dev/vivadzen/src/front/node_modules/consola/dist/browser.mjs?v=10181baa:47
[   13767ms] [WARNING] %cssr:warn%c [intlify] Not found 'title.age_verification' key in 'cs' locale messages. 
      background: #f39c12;
      border-radius: 0.5em;
      color: white;
      font-weight: bold;
      padding: 2px 0.5em;
      
  at warn (/Users/andrejkoval/Dev/vivadzen/src/front/node_modules/@intlify/shared/dist/shared.mjs)
  at handleMissing (/Users/andrejkoval/Dev/vivadzen/src/front/node_modules/@intlify/core-base/dist/core-base.mjs)
  at resolveMessageFormat (/Users/andrejkoval/Dev/vivadzen/src/front/node_modules/@intlify/core-base/dist/core-base.mjs)
 @ http://localhost:3001/_nuxt/@fs/Users/andrejkoval/Dev/vivadzen/src/front/node_modules/consola/dist/browser.mjs?v=10181baa:47
[   13767ms] [WARNING] %cssr:warn%c [intlify] Fall back to translate 'title.age_verification' with root locale. 
      background: #f39c12;
      border-radius: 0.5em;
      color: white;
      font-weight: bold;
      padding: 2px 0.5em;
      
  at warn (/Users/andrejkoval/Dev/vivadzen/src/front/node_modules/@intlify/shared/dist/shared.mjs)
  at wrapWithDeps (/Users/andrejkoval/Dev/vivadzen/src/front/node_modules/vue-i18n/dist/vue-i18n.mjs)
  at t (/Users/andrejkoval/Dev/vivadzen/src/front/node_modules/vue-i18n/dist/vue-i18n.mjs)
 @ http://localhost:3001/_nuxt/@fs/Users/andrejkoval/Dev/vivadzen/src/front/node_modules/consola/dist/browser.mjs?v=10181baa:47
[   13769ms] [WARNING] %cssr:warn%c [intlify] Not found 'title.reviews' key in 'ru' locale messages. 
      background: #f39c12;
      border-radius: 0.5em;
      color: white;
      font-weight: bold;
      padding: 2px 0.5em;
      
  at warn (/Users/andrejkoval/Dev/vivadzen/src/front/node_modules/@intlify/shared/dist/shared.mjs)
  at handleMissing (/Users/andrejkoval/Dev/vivadzen/src/front/node_modules/@intlify/core-base/dist/core-base.mjs)
  at resolveMessageFormat (/Users/andrejkoval/Dev/vivadzen/src/front/node_modules/@intlify/core-base/dist/core-base.mjs)
 @ http://localhost:3001/_nuxt/@fs/Users/andrejkoval/Dev/vivadzen/src/front/node_modules/consola/dist/browser.mjs?v=10181baa:47
[   13769ms] [WARNING] %cssr:warn%c [intlify] Fall back to translate 'title.reviews' key with 'cs' locale. 
      background: #f39c12;
      border-radius: 0.5em;
      color: white;
      font-weight: bold;
      padding: 2px 0.5em;
      
  at warn (/Users/andrejkoval/Dev/vivadzen/src/front/node_modules/@intlify/shared/dist/shared.mjs)
  at resolveMessageFormat (/Users/andrejkoval/Dev/vivadzen/src/front/node_modules/@intlify/core-base/dist/core-base.mjs)
  at translate (/Users/andrejkoval/Dev/vivadzen/src/front/node_modules/@intlify/core-base/dist/core-base.mjs)
 @ http://localhost:3001/_nuxt/@fs/Users/andrejkoval/Dev/vivadzen/src/front/node_modules/consola/dist/browser.mjs?v=10181baa:47
[   13769ms] [WARNING] %cssr:warn%c [intlify] Not found 'title.reviews' key in 'cs' locale messages. 
      background: #f39c12;
      border-radius: 0.5em;
      color: white;
      font-weight: bold;
      padding: 2px 0.5em;
      
  at warn (/Users/andrejkoval/Dev/vivadzen/src/front/node_modules/@intlify/shared/dist/shared.mjs)
  at handleMissing (/Users/andrejkoval/Dev/vivadzen/src/front/node_modules/@intlify/core-base/dist/core-base.mjs)
  at resolveMessageFormat (/Users/andrejkoval/Dev/vivadzen/src/front/node_modules/@intlify/core-base/dist/core-base.mjs)
 @ http://localhost:3001/_nuxt/@fs/Users/andrejkoval/Dev/vivadzen/src/front/node_modules/consola/dist/browser.mjs?v=10181baa:47
[   13769ms] [WARNING] %cssr:warn%c [intlify] Fall back to translate 'title.reviews' with root locale. 
      background: #f39c12;
      border-radius: 0.5em;
      color: white;
      font-weight: bold;
      padding: 2px 0.5em;
      
  at warn (/Users/andrejkoval/Dev/vivadzen/src/front/node_modules/@intlify/shared/dist/shared.mjs)
  at wrapWithDeps (/Users/andrejkoval/Dev/vivadzen/src/front/node_modules/vue-i18n/dist/vue-i18n.mjs)
  at t (/Users/andrejkoval/Dev/vivadzen/src/front/node_modules/vue-i18n/dist/vue-i18n.mjs)
 @ http://localhost:3001/_nuxt/@fs/Users/andrejkoval/Dev/vivadzen/src/front/node_modules/consola/dist/browser.mjs?v=10181baa:47
[   13769ms] [WARNING] %cssr:warn%c [intlify] Not found 'currency' key in 'ru' locale messages. 
      background: #f39c12;
      border-radius: 0.5em;
      color: white;
      font-weight: bold;
      padding: 2px 0.5em;
      
  at warn (/Users/andrejkoval/Dev/vivadzen/src/front/node_modules/@intlify/shared/dist/shared.mjs)
  at handleMissing (/Users/andrejkoval/Dev/vivadzen/src/front/node_modules/@intlify/core-base/dist/core-base.mjs)
  at number (/Users/andrejkoval/Dev/vivadzen/src/front/node_modules/@intlify/core-base/dist/core-base.mjs)
 @ http://localhost:3001/_nuxt/@fs/Users/andrejkoval/Dev/vivadzen/src/front/node_modules/consola/dist/browser.mjs?v=10181baa:47
[   13769ms] [WARNING] %cssr:warn%c [intlify] Fall back to number format 'currency' key with 'cs' locale. 
      background: #f39c12;
      border-radius: 0.5em;
      color: white;
      font-weight: bold;
      padding: 2px 0.5em;
      
  at warn (/Users/andrejkoval/Dev/vivadzen/src/front/node_modules/@intlify/shared/dist/shared.mjs)
  at number (/Users/andrejkoval/Dev/vivadzen/src/front/node_modules/@intlify/core-base/dist/core-base.mjs)
  at /Users/andrejkoval/Dev/vivadzen/src/front/node_modules/vue-i18n/dist/vue-i18n.mjs
 @ http://localhost:3001/_nuxt/@fs/Users/andrejkoval/Dev/vivadzen/src/front/node_modules/consola/dist/browser.mjs?v=10181baa:47
[   13769ms] [WARNING] %cssr:warn%c [intlify] Not found 'currency' key in 'cs' locale messages. 
      background: #f39c12;
      border-radius: 0.5em;
      color: white;
      font-weight: bold;
      padding: 2px 0.5em;
      
  at warn (/Users/andrejkoval/Dev/vivadzen/src/front/node_modules/@intlify/shared/dist/shared.mjs)
  at handleMissing (/Users/andrejkoval/Dev/vivadzen/src/front/node_modules/@intlify/core-base/dist/core-base.mjs)
  at number (/Users/andrejkoval/Dev/vivadzen/src/front/node_modules/@intlify/core-base/dist/core-base.mjs)
 @ http://localhost:3001/_nuxt/@fs/Users/andrejkoval/Dev/vivadzen/src/front/node_modules/consola/dist/browser.mjs?v=10181baa:47
[   13769ms] [WARNING] %cssr:warn%c [intlify] Fall back to number format 'currency' with root locale. 
      background: #f39c12;
      border-radius: 0.5em;
      color: white;
      font-weight: bold;
      padding: 2px 0.5em;
      
  at warn (/Users/andrejkoval/Dev/vivadzen/src/front/node_modules/@intlify/shared/dist/shared.mjs)
  at wrapWithDeps (/Users/andrejkoval/Dev/vivadzen/src/front/node_modules/vue-i18n/dist/vue-i18n.mjs)
  at Object.numberParts (/Users/andrejkoval/Dev/vivadzen/src/front/node_modules/vue-i18n/dist/vue-i18n.mjs)
 @ http://localhost:3001/_nuxt/@fs/Users/andrejkoval/Dev/vivadzen/src/front/node_modules/consola/dist/browser.mjs?v=10181baa:47
[   13769ms] [WARNING] %cssr:warn%c [intlify] Not found 'currency' key in 'ru' locale messages. 
      background: #f39c12;
      border-radius: 0.5em;
      color: white;
      font-weight: bold;
      padding: 2px 0.5em;
      
  at warn (/Users/andrejkoval/Dev/vivadzen/src/front/node_modules/@intlify/shared/dist/shared.mjs)
  at handleMissing (/Users/andrejkoval/Dev/vivadzen/src/front/node_modules/@intlify/core-base/dist/core-base.mjs)
  at number (/Users/andrejkoval/Dev/vivadzen/src/front/node_modules/@intlify/core-base/dist/core-base.mjs)
 @ http://localhost:3001/_nuxt/@fs/Users/andrejkoval/Dev/vivadzen/src/front/node_modules/consola/dist/browser.mjs?v=10181baa:47
[   13769ms] [WARNING] %cssr:warn%c [intlify] Fall back to number format 'currency' key with 'cs' locale. 
      background: #f39c12;
      border-radius: 0.5em;
      color: white;
      font-weight: bold;
      padding: 2px 0.5em;
      
  at warn (/Users/andrejkoval/Dev/vivadzen/src/front/node_modules/@intlify/shared/dist/shared.mjs)
  at number (/Users/andrejkoval/Dev/vivadzen/src/front/node_modules/@intlify/core-base/dist/core-base.mjs)
  at /Users/andrejkoval/Dev/vivadzen/src/front/node_modules/vue-i18n/dist/vue-i18n.mjs
 @ http://localhost:3001/_nuxt/@fs/Users/andrejkoval/Dev/vivadzen/src/front/node_modules/consola/dist/browser.mjs?v=10181baa:47
[   13769ms] [WARNING] %cssr:warn%c [intlify] Not found 'currency' key in 'cs' locale messages. 
      background: #f39c12;
      border-radius: 0.5em;
      color: white;
      font-weight: bold;
      padding: 2px 0.5em;
      
  at warn (/Users/andrejkoval/Dev/vivadzen/src/front/node_modules/@intlify/shared/dist/shared.mjs)
  at handleMissing (/Users/andrejkoval/Dev/vivadzen/src/front/node_modules/@intlify/core-base/dist/core-base.mjs)
  at number (/Users/andrejkoval/Dev/vivadzen/src/front/node_modules/@intlify/core-base/dist/core-base.mjs)
 @ http://localhost:3001/_nuxt/@fs/Users/andrejkoval/Dev/vivadzen/src/front/node_modules/consola/dist/browser.mjs?v=10181baa:47
[   13769ms] [WARNING] %cssr:warn%c [intlify] Fall back to number format 'currency' with root locale. 
      background: #f39c12;
      border-radius: 0.5em;
      color: white;
      font-weight: bold;
      padding: 2px 0.5em;
      
  at warn (/Users/andrejkoval/Dev/vivadzen/src/front/node_modules/@intlify/shared/dist/shared.mjs)
  at wrapWithDeps (/Users/andrejkoval/Dev/vivadzen/src/front/node_modules/vue-i18n/dist/vue-i18n.mjs)
  at Object.numberParts (/Users/andrejkoval/Dev/vivadzen/src/front/node_modules/vue-i18n/dist/vue-i18n.mjs)
 @ http://localhost:3001/_nuxt/@fs/Users/andrejkoval/Dev/vivadzen/src/front/node_modules/consola/dist/browser.mjs?v=10181baa:47
[   13769ms] [WARNING] %cssr:warn%c [intlify] Not found 'currency' key in 'ru' locale messages. 
      background: #f39c12;
      border-radius: 0.5em;
      color: white;
      font-weight: bold;
      padding: 2px 0.5em;
      
  at warn (/Users/andrejkoval/Dev/vivadzen/src/front/node_modules/@intlify/shared/dist/shared.mjs)
  at handleMissing (/Users/andrejkoval/Dev/vivadzen/src/front/node_modules/@intlify/core-base/dist/core-base.mjs)
  at number (/Users/andrejkoval/Dev/vivadzen/src/front/node_modules/@intlify/core-base/dist/core-base.mjs)
 @ http://localhost:3001/_nuxt/@fs/Users/andrejkoval/Dev/vivadzen/src/front/node_modules/consola/dist/browser.mjs?v=10181baa:47
[   13769ms] [WARNING] %cssr:warn%c [intlify] Fall back to number format 'currency' key with 'cs' locale. 
      background: #f39c12;
      border-radius: 0.5em;
      color: white;
      font-weight: bold;
      padding: 2px 0.5em;
      
  at warn (/Users/andrejkoval/Dev/vivadzen/src/front/node_modules/@intlify/shared/dist/shared.mjs)
  at number (/Users/andrejkoval/Dev/vivadzen/src/front/node_modules/@intlify/core-base/dist/core-base.mjs)
  at /Users/andrejkoval/Dev/vivadzen/src/front/node_modules/vue-i18n/dist/vue-i18n.mjs
 @ http://localhost:3001/_nuxt/@fs/Users/andrejkoval/Dev/vivadzen/src/front/node_modules/consola/dist/browser.mjs?v=10181baa:47
[   13769ms] [WARNING] %cssr:warn%c [intlify] Not found 'currency' key in 'cs' locale messages. 
      background: #f39c12;
      border-radius: 0.5em;
      color: white;
      font-weight: bold;
      padding: 2px 0.5em;
      
  at warn (/Users/andrejkoval/Dev/vivadzen/src/front/node_modules/@intlify/shared/dist/shared.mjs)
  at handleMissing (/Users/andrejkoval/Dev/vivadzen/src/front/node_modules/@intlify/core-base/dist/core-base.mjs)
  at number (/Users/andrejkoval/Dev/vivadzen/src/front/node_modules/@intlify/core-base/dist/core-base.mjs)
 @ http://localhost:3001/_nuxt/@fs/Users/andrejkoval/Dev/vivadzen/src/front/node_modules/consola/dist/browser.mjs?v=10181baa:47
[   13769ms] [WARNING] %cssr:warn%c [intlify] Fall back to number format 'currency' with root locale. 
      background: #f39c12;
      border-radius: 0.5em;
      color: white;
      font-weight: bold;
      padding: 2px 0.5em;
      
  at warn (/Users/andrejkoval/Dev/vivadzen/src/front/node_modules/@intlify/shared/dist/shared.mjs)
  at wrapWithDeps (/Users/andrejkoval/Dev/vivadzen/src/front/node_modules/vue-i18n/dist/vue-i18n.mjs)
  at Object.numberParts (/Users/andrejkoval/Dev/vivadzen/src/front/node_modules/vue-i18n/dist/vue-i18n.mjs)
 @ http://localhost:3001/_nuxt/@fs/Users/andrejkoval/Dev/vivadzen/src/front/node_modules/consola/dist/browser.mjs?v=10181baa:47
[   13769ms] [WARNING] %cssr:warn%c [intlify] Not found 'currency' key in 'ru' locale messages. 
      background: #f39c12;
      border-radius: 0.5em;
      color: white;
      font-weight: bold;
      padding: 2px 0.5em;
      
  at warn (/Users/andrejkoval/Dev/vivadzen/src/front/node_modules/@intlify/shared/dist/shared.mjs)
  at handleMissing (/Users/andrejkoval/Dev/vivadzen/src/front/node_modules/@intlify/core-base/dist/core-base.mjs)
  at number (/Users/andrejkoval/Dev/vivadzen/src/front/node_modules/@intlify/core-base/dist/core-base.mjs)
 @ http://localhost:3001/_nuxt/@fs/Users/andrejkoval/Dev/vivadzen/src/front/node_modules/consola/dist/browser.mjs?v=10181baa:47
[   13769ms] [WARNING] %cssr:warn%c [intlify] Fall back to number format 'currency' key with 'cs' locale. 
      background: #f39c12;
      border-radius: 0.5em;
      color: white;
      font-weight: bold;
      padding: 2px 0.5em;
      
  at warn (/Users/andrejkoval/Dev/vivadzen/src/front/node_modules/@intlify/shared/dist/shared.mjs)
  at number (/Users/andrejkoval/Dev/vivadzen/src/front/node_modules/@intlify/core-base/dist/core-base.mjs)
  at /Users/andrejkoval/Dev/vivadzen/src/front/node_modules/vue-i18n/dist/vue-i18n.mjs
 @ http://localhost:3001/_nuxt/@fs/Users/andrejkoval/Dev/vivadzen/src/front/node_modules/consola/dist/browser.mjs?v=10181baa:47
[   13769ms] [WARNING] %cssr:warn%c [intlify] Not found 'currency' key in 'cs' locale messages. 
      background: #f39c12;
      border-radius: 0.5em;
      color: white;
      font-weight: bold;
      padding: 2px 0.5em;
      
  at warn (/Users/andrejkoval/Dev/vivadzen/src/front/node_modules/@intlify/shared/dist/shared.mjs)
  at handleMissing (/Users/andrejkoval/Dev/vivadzen/src/front/node_modules/@intlify/core-base/dist/core-base.mjs)
  at number (/Users/andrejkoval/Dev/vivadzen/src/front/node_modules/@intlify/core-base/dist/core-base.mjs)
 @ http://localhost:3001/_nuxt/@fs/Users/andrejkoval/Dev/vivadzen/src/front/node_modules/consola/dist/browser.mjs?v=10181baa:47
[   13769ms] [WARNING] %cssr:warn%c [intlify] Fall back to number format 'currency' with root locale. 
      background: #f39c12;
      border-radius: 0.5em;
      color: white;
      font-weight: bold;
      padding: 2px 0.5em;
      
  at warn (/Users/andrejkoval/Dev/vivadzen/src/front/node_modules/@intlify/shared/dist/shared.mjs)
  at wrapWithDeps (/Users/andrejkoval/Dev/vivadzen/src/front/node_modules/vue-i18n/dist/vue-i18n.mjs)
  at Object.numberParts (/Users/andrejkoval/Dev/vivadzen/src/front/node_modules/vue-i18n/dist/vue-i18n.mjs)
 @ http://localhost:3001/_nuxt/@fs/Users/andrejkoval/Dev/vivadzen/src/front/node_modules/consola/dist/browser.mjs?v=10181baa:47
[   13769ms] [WARNING] %cssr:warn%c [intlify] Not found 'currency' key in 'ru' locale messages. 
      background: #f39c12;
      border-radius: 0.5em;
      color: white;
      font-weight: bold;
      padding: 2px 0.5em;
      
  at warn (/Users/andrejkoval/Dev/vivadzen/src/front/node_modules/@intlify/shared/dist/shared.mjs)
  at handleMissing (/Users/andrejkoval/Dev/vivadzen/src/front/node_modules/@intlify/core-base/dist/core-base.mjs)
  at number (/Users/andrejkoval/Dev/vivadzen/src/front/node_modules/@intlify/core-base/dist/core-base.mjs)
 @ http://localhost:3001/_nuxt/@fs/Users/andrejkoval/Dev/vivadzen/src/front/node_modules/consola/dist/browser.mjs?v=10181baa:47
[   13769ms] [WARNING] %cssr:warn%c [intlify] Fall back to number format 'currency' key with 'cs' locale. 
      background: #f39c12;
      border-radius: 0.5em;
      color: white;
      font-weight: bold;
      padding: 2px 0.5em;
      
  at warn (/Users/andrejkoval/Dev/vivadzen/src/front/node_modules/@intlify/shared/dist/shared.mjs)
  at number (/Users/andrejkoval/Dev/vivadzen/src/front/node_modules/@intlify/core-base/dist/core-base.mjs)
  at /Users/andrejkoval/Dev/vivadzen/src/front/node_modules/vue-i18n/dist/vue-i18n.mjs
 @ http://localhost:3001/_nuxt/@fs/Users/andrejkoval/Dev/vivadzen/src/front/node_modules/consola/dist/browser.mjs?v=10181baa:47
[   13769ms] [WARNING] %cssr:warn%c [intlify] Not found 'currency' key in 'cs' locale messages. 
      background: #f39c12;
      border-radius: 0.5em;
      color: white;
      font-weight: bold;
      padding: 2px 0.5em;
      
  at warn (/Users/andrejkoval/Dev/vivadzen/src/front/node_modules/@intlify/shared/dist/shared.mjs)
  at handleMissing (/Users/andrejkoval/Dev/vivadzen/src/front/node_modules/@intlify/core-base/dist/core-base.mjs)
  at number (/Users/andrejkoval/Dev/vivadzen/src/front/node_modules/@intlify/core-base/dist/core-base.mjs)
 @ http://localhost:3001/_nuxt/@fs/Users/andrejkoval/Dev/vivadzen/src/front/node_modules/consola/dist/browser.mjs?v=10181baa:47
[   13769ms] [WARNING] %cssr:warn%c [intlify] Fall back to number format 'currency' with root locale. 
      background: #f39c12;
      border-radius: 0.5em;
      color: white;
      font-weight: bold;
      padding: 2px 0.5em;
      
  at warn (/Users/andrejkoval/Dev/vivadzen/src/front/node_modules/@intlify/shared/dist/shared.mjs)
  at wrapWithDeps (/Users/andrejkoval/Dev/vivadzen/src/front/node_modules/vue-i18n/dist/vue-i18n.mjs)
  at Object.numberParts (/Users/andrejkoval/Dev/vivadzen/src/front/node_modules/vue-i18n/dist/vue-i18n.mjs)
 @ http://localhost:3001/_nuxt/@fs/Users/andrejkoval/Dev/vivadzen/src/front/node_modules/consola/dist/browser.mjs?v=10181baa:47
[   13769ms] [WARNING] %cssr:warn%c [intlify] Not found 'currency' key in 'ru' locale messages. 
      background: #f39c12;
      border-radius: 0.5em;
      color: white;
      font-weight: bold;
      padding: 2px 0.5em;
      
  at warn (/Users/andrejkoval/Dev/vivadzen/src/front/node_modules/@intlify/shared/dist/shared.mjs)
  at handleMissing (/Users/andrejkoval/Dev/vivadzen/src/front/node_modules/@intlify/core-base/dist/core-base.mjs)
  at number (/Users/andrejkoval/Dev/vivadzen/src/front/node_modules/@intlify/core-base/dist/core-base.mjs)
 @ http://localhost:3001/_nuxt/@fs/Users/andrejkoval/Dev/vivadzen/src/front/node_modules/consola/dist/browser.mjs?v=10181baa:47
[   13769ms] [WARNING] %cssr:warn%c [intlify] Fall back to number format 'currency' key with 'cs' locale. 
      background: #f39c12;
      border-radius: 0.5em;
      color: white;
      font-weight: bold;
      padding: 2px 0.5em;
      
  at warn (/Users/andrejkoval/Dev/vivadzen/src/front/node_modules/@intlify/shared/dist/shared.mjs)
  at number (/Users/andrejkoval/Dev/vivadzen/src/front/node_modules/@intlify/core-base/dist/core-base.mjs)
  at /Users/andrejkoval/Dev/vivadzen/src/front/node_modules/vue-i18n/dist/vue-i18n.mjs
 @ http://localhost:3001/_nuxt/@fs/Users/andrejkoval/Dev/vivadzen/src/front/node_modules/consola/dist/browser.mjs?v=10181baa:47
[   13769ms] [WARNING] %cssr:warn%c [intlify] Not found 'currency' key in 'cs' locale messages. 
      background: #f39c12;
      border-radius: 0.5em;
      color: white;
      font-weight: bold;
      padding: 2px 0.5em;
      
  at warn (/Users/andrejkoval/Dev/vivadzen/src/front/node_modules/@intlify/shared/dist/shared.mjs)
  at handleMissing (/Users/andrejkoval/Dev/vivadzen/src/front/node_modules/@intlify/core-base/dist/core-base.mjs)
  at number (/Users/andrejkoval/Dev/vivadzen/src/front/node_modules/@intlify/core-base/dist/core-base.mjs)
 @ http://localhost:3001/_nuxt/@fs/Users/andrejkoval/Dev/vivadzen/src/front/node_modules/consola/dist/browser.mjs?v=10181baa:47
[   13770ms] [WARNING] %cssr:warn%c [intlify] Fall back to number format 'currency' with root locale. 
      background: #f39c12;
      border-radius: 0.5em;
      color: white;
      font-weight: bold;
      padding: 2px 0.5em;
      
  at warn (/Users/andrejkoval/Dev/vivadzen/src/front/node_modules/@intlify/shared/dist/shared.mjs)
  at wrapWithDeps (/Users/andrejkoval/Dev/vivadzen/src/front/node_modules/vue-i18n/dist/vue-i18n.mjs)
  at Object.numberParts (/Users/andrejkoval/Dev/vivadzen/src/front/node_modules/vue-i18n/dist/vue-i18n.mjs)
 @ http://localhost:3001/_nuxt/@fs/Users/andrejkoval/Dev/vivadzen/src/front/node_modules/consola/dist/browser.mjs?v=10181baa:47
[   13770ms] [WARNING] %cssr:warn%c [intlify] Not found 'currency' key in 'ru' locale messages. 
      background: #f39c12;
      border-radius: 0.5em;
      color: white;
      font-weight: bold;
      padding: 2px 0.5em;
      
  at warn (/Users/andrejkoval/Dev/vivadzen/src/front/node_modules/@intlify/shared/dist/shared.mjs)
  at handleMissing (/Users/andrejkoval/Dev/vivadzen/src/front/node_modules/@intlify/core-base/dist/core-base.mjs)
  at number (/Users/andrejkoval/Dev/vivadzen/src/front/node_modules/@intlify/core-base/dist/core-base.mjs)
 @ http://localhost:3001/_nuxt/@fs/Users/andrejkoval/Dev/vivadzen/src/front/node_modules/consola/dist/browser.mjs?v=10181baa:47
[   13770ms] [WARNING] %cssr:warn%c [intlify] Fall back to number format 'currency' key with 'cs' locale. 
      background: #f39c12;
      border-radius: 0.5em;
      color: white;
      font-weight: bold;
      padding: 2px 0.5em;
      
  at warn (/Users/andrejkoval/Dev/vivadzen/src/front/node_modules/@intlify/shared/dist/shared.mjs)
  at number (/Users/andrejkoval/Dev/vivadzen/src/front/node_modules/@intlify/core-base/dist/core-base.mjs)
  at /Users/andrejkoval/Dev/vivadzen/src/front/node_modules/vue-i18n/dist/vue-i18n.mjs
 @ http://localhost:3001/_nuxt/@fs/Users/andrejkoval/Dev/vivadzen/src/front/node_modules/consola/dist/browser.mjs?v=10181baa:47
[   13770ms] [WARNING] %cssr:warn%c [intlify] Not found 'currency' key in 'cs' locale messages. 
      background: #f39c12;
      border-radius: 0.5em;
      color: white;
      font-weight: bold;
      padding: 2px 0.5em;
      
  at warn (/Users/andrejkoval/Dev/vivadzen/src/front/node_modules/@intlify/shared/dist/shared.mjs)
  at handleMissing (/Users/andrejkoval/Dev/vivadzen/src/front/node_modules/@intlify/core-base/dist/core-base.mjs)
  at number (/Users/andrejkoval/Dev/vivadzen/src/front/node_modules/@intlify/core-base/dist/core-base.mjs)
 @ http://localhost:3001/_nuxt/@fs/Users/andrejkoval/Dev/vivadzen/src/front/node_modules/consola/dist/browser.mjs?v=10181baa:47
[   13770ms] [WARNING] %cssr:warn%c [intlify] Fall back to number format 'currency' with root locale. 
      background: #f39c12;
      border-radius: 0.5em;
      color: white;
      font-weight: bold;
      padding: 2px 0.5em;
      
  at warn (/Users/andrejkoval/Dev/vivadzen/src/front/node_modules/@intlify/shared/dist/shared.mjs)
  at wrapWithDeps (/Users/andrejkoval/Dev/vivadzen/src/front/node_modules/vue-i18n/dist/vue-i18n.mjs)
  at Object.numberParts (/Users/andrejkoval/Dev/vivadzen/src/front/node_modules/vue-i18n/dist/vue-i18n.mjs)
 @ http://localhost:3001/_nuxt/@fs/Users/andrejkoval/Dev/vivadzen/src/front/node_modules/consola/dist/browser.mjs?v=10181baa:47
[   13770ms] [WARNING] %cssr:warn%c [intlify] Not found 'currency' key in 'ru' locale messages. 
      background: #f39c12;
      border-radius: 0.5em;
      color: white;
      font-weight: bold;
      padding: 2px 0.5em;
      
  at warn (/Users/andrejkoval/Dev/vivadzen/src/front/node_modules/@intlify/shared/dist/shared.mjs)
  at handleMissing (/Users/andrejkoval/Dev/vivadzen/src/front/node_modules/@intlify/core-base/dist/core-base.mjs)
  at number (/Users/andrejkoval/Dev/vivadzen/src/front/node_modules/@intlify/core-base/dist/core-base.mjs)
 @ http://localhost:3001/_nuxt/@fs/Users/andrejkoval/Dev/vivadzen/src/front/node_modules/consola/dist/browser.mjs?v=10181baa:47
[   13770ms] [WARNING] %cssr:warn%c [intlify] Fall back to number format 'currency' key with 'cs' locale. 
      background: #f39c12;
      border-radius: 0.5em;
      color: white;
      font-weight: bold;
      padding: 2px 0.5em;
      
  at warn (/Users/andrejkoval/Dev/vivadzen/src/front/node_modules/@intlify/shared/dist/shared.mjs)
  at number (/Users/andrejkoval/Dev/vivadzen/src/front/node_modules/@intlify/core-base/dist/core-base.mjs)
  at /Users/andrejkoval/Dev/vivadzen/src/front/node_modules/vue-i18n/dist/vue-i18n.mjs
 @ http://localhost:3001/_nuxt/@fs/Users/andrejkoval/Dev/vivadzen/src/front/node_modules/consola/dist/browser.mjs?v=10181baa:47
[   13770ms] [WARNING] %cssr:warn%c [intlify] Not found 'currency' key in 'cs' locale messages. 
      background: #f39c12;
      border-radius: 0.5em;
      color: white;
      font-weight: bold;
      padding: 2px 0.5em;
      
  at warn (/Users/andrejkoval/Dev/vivadzen/src/front/node_modules/@intlify/shared/dist/shared.mjs)
  at handleMissing (/Users/andrejkoval/Dev/vivadzen/src/front/node_modules/@intlify/core-base/dist/core-base.mjs)
  at number (/Users/andrejkoval/Dev/vivadzen/src/front/node_modules/@intlify/core-base/dist/core-base.mjs)
 @ http://localhost:3001/_nuxt/@fs/Users/andrejkoval/Dev/vivadzen/src/front/node_modules/consola/dist/browser.mjs?v=10181baa:47
[   13770ms] [WARNING] %cssr:warn%c [intlify] Fall back to number format 'currency' with root locale. 
      background: #f39c12;
      border-radius: 0.5em;
      color: white;
      font-weight: bold;
      padding: 2px 0.5em;
      
  at warn (/Users/andrejkoval/Dev/vivadzen/src/front/node_modules/@intlify/shared/dist/shared.mjs)
  at wrapWithDeps (/Users/andrejkoval/Dev/vivadzen/src/front/node_modules/vue-i18n/dist/vue-i18n.mjs)
  at Object.numberParts (/Users/andrejkoval/Dev/vivadzen/src/front/node_modules/vue-i18n/dist/vue-i18n.mjs)
 @ http://localhost:3001/_nuxt/@fs/Users/andrejkoval/Dev/vivadzen/src/front/node_modules/consola/dist/browser.mjs?v=10181baa:47
[   13770ms] [WARNING] %cssr:warn%c [intlify] Not found 'currency' key in 'ru' locale messages. 
      background: #f39c12;
      border-radius: 0.5em;
      color: white;
      font-weight: bold;
      padding: 2px 0.5em;
      
  at warn (/Users/andrejkoval/Dev/vivadzen/src/front/node_modules/@intlify/shared/dist/shared.mjs)
  at handleMissing (/Users/andrejkoval/Dev/vivadzen/src/front/node_modules/@intlify/core-base/dist/core-base.mjs)
  at number (/Users/andrejkoval/Dev/vivadzen/src/front/node_modules/@intlify/core-base/dist/core-base.mjs)
 @ http://localhost:3001/_nuxt/@fs/Users/andrejkoval/Dev/vivadzen/src/front/node_modules/consola/dist/browser.mjs?v=10181baa:47
[   13770ms] [WARNING] %cssr:warn%c [intlify] Fall back to number format 'currency' key with 'cs' locale. 
      background: #f39c12;
      border-radius: 0.5em;
      color: white;
      font-weight: bold;
      padding: 2px 0.5em;
      
  at warn (/Users/andrejkoval/Dev/vivadzen/src/front/node_modules/@intlify/shared/dist/shared.mjs)
  at number (/Users/andrejkoval/Dev/vivadzen/src/front/node_modules/@intlify/core-base/dist/core-base.mjs)
  at /Users/andrejkoval/Dev/vivadzen/src/front/node_modules/vue-i18n/dist/vue-i18n.mjs
 @ http://localhost:3001/_nuxt/@fs/Users/andrejkoval/Dev/vivadzen/src/front/node_modules/consola/dist/browser.mjs?v=10181baa:47
[   13770ms] [WARNING] %cssr:warn%c [intlify] Not found 'currency' key in 'cs' locale messages. 
      background: #f39c12;
      border-radius: 0.5em;
      color: white;
      font-weight: bold;
      padding: 2px 0.5em;
      
  at warn (/Users/andrejkoval/Dev/vivadzen/src/front/node_modules/@intlify/shared/dist/shared.mjs)
  at handleMissing (/Users/andrejkoval/Dev/vivadzen/src/front/node_modules/@intlify/core-base/dist/core-base.mjs)
  at number (/Users/andrejkoval/Dev/vivadzen/src/front/node_modules/@intlify/core-base/dist/core-base.mjs)
 @ http://localhost:3001/_nuxt/@fs/Users/andrejkoval/Dev/vivadzen/src/front/node_modules/consola/dist/browser.mjs?v=10181baa:47
[   13770ms] [WARNING] %cssr:warn%c [intlify] Fall back to number format 'currency' with root locale. 
      background: #f39c12;
      border-radius: 0.5em;
      color: white;
      font-weight: bold;
      padding: 2px 0.5em;
      
  at warn (/Users/andrejkoval/Dev/vivadzen/src/front/node_modules/@intlify/shared/dist/shared.mjs)
  at wrapWithDeps (/Users/andrejkoval/Dev/vivadzen/src/front/node_modules/vue-i18n/dist/vue-i18n.mjs)
  at Object.numberParts (/Users/andrejkoval/Dev/vivadzen/src/front/node_modules/vue-i18n/dist/vue-i18n.mjs)
 @ http://localhost:3001/_nuxt/@fs/Users/andrejkoval/Dev/vivadzen/src/front/node_modules/consola/dist/browser.mjs?v=10181baa:47
[   13770ms] [WARNING] %cssr:warn%c [intlify] Not found 'currency' key in 'ru' locale messages. 
      background: #f39c12;
      border-radius: 0.5em;
      color: white;
      font-weight: bold;
      padding: 2px 0.5em;
      
  at warn (/Users/andrejkoval/Dev/vivadzen/src/front/node_modules/@intlify/shared/dist/shared.mjs)
  at handleMissing (/Users/andrejkoval/Dev/vivadzen/src/front/node_modules/@intlify/core-base/dist/core-base.mjs)
  at number (/Users/andrejkoval/Dev/vivadzen/src/front/node_modules/@intlify/core-base/dist/core-base.mjs)
 @ http://localhost:3001/_nuxt/@fs/Users/andrejkoval/Dev/vivadzen/src/front/node_modules/consola/dist/browser.mjs?v=10181baa:47
[   13770ms] [WARNING] %cssr:warn%c [intlify] Fall back to number format 'currency' key with 'cs' locale. 
      background: #f39c12;
      border-radius: 0.5em;
      color: white;
      font-weight: bold;
      padding: 2px 0.5em;
      
  at warn (/Users/andrejkoval/Dev/vivadzen/src/front/node_modules/@intlify/shared/dist/shared.mjs)
  at number (/Users/andrejkoval/Dev/vivadzen/src/front/node_modules/@intlify/core-base/dist/core-base.mjs)
  at /Users/andrejkoval/Dev/vivadzen/src/front/node_modules/vue-i18n/dist/vue-i18n.mjs
 @ http://localhost:3001/_nuxt/@fs/Users/andrejkoval/Dev/vivadzen/src/front/node_modules/consola/dist/browser.mjs?v=10181baa:47
[   13770ms] [WARNING] %cssr:warn%c [intlify] Not found 'currency' key in 'cs' locale messages. 
      background: #f39c12;
      border-radius: 0.5em;
      color: white;
      font-weight: bold;
      padding: 2px 0.5em;
      
  at warn (/Users/andrejkoval/Dev/vivadzen/src/front/node_modules/@intlify/shared/dist/shared.mjs)
  at handleMissing (/Users/andrejkoval/Dev/vivadzen/src/front/node_modules/@intlify/core-base/dist/core-base.mjs)
  at number (/Users/andrejkoval/Dev/vivadzen/src/front/node_modules/@intlify/core-base/dist/core-base.mjs)
 @ http://localhost:3001/_nuxt/@fs/Users/andrejkoval/Dev/vivadzen/src/front/node_modules/consola/dist/browser.mjs?v=10181baa:47
[   13770ms] [WARNING] %cssr:warn%c [intlify] Fall back to number format 'currency' with root locale. 
      background: #f39c12;
      border-radius: 0.5em;
      color: white;
      font-weight: bold;
      padding: 2px 0.5em;
      
  at warn (/Users/andrejkoval/Dev/vivadzen/src/front/node_modules/@intlify/shared/dist/shared.mjs)
  at wrapWithDeps (/Users/andrejkoval/Dev/vivadzen/src/front/node_modules/vue-i18n/dist/vue-i18n.mjs)
  at Object.numberParts (/Users/andrejkoval/Dev/vivadzen/src/front/node_modules/vue-i18n/dist/vue-i18n.mjs)
 @ http://localhost:3001/_nuxt/@fs/Users/andrejkoval/Dev/vivadzen/src/front/node_modules/consola/dist/browser.mjs?v=10181baa:47
[   13770ms] [WARNING] %cssr:warn%c [intlify] Not found 'currency' key in 'ru' locale messages. 
      background: #f39c12;
      border-radius: 0.5em;
      color: white;
      font-weight: bold;
      padding: 2px 0.5em;
      
  at warn (/Users/andrejkoval/Dev/vivadzen/src/front/node_modules/@intlify/shared/dist/shared.mjs)
  at handleMissing (/Users/andrejkoval/Dev/vivadzen/src/front/node_modules/@intlify/core-base/dist/core-base.mjs)
  at number (/Users/andrejkoval/Dev/vivadzen/src/front/node_modules/@intlify/core-base/dist/core-base.mjs)
 @ http://localhost:3001/_nuxt/@fs/Users/andrejkoval/Dev/vivadzen/src/front/node_modules/consola/dist/browser.mjs?v=10181baa:47
[   13770ms] [WARNING] %cssr:warn%c [intlify] Fall back to number format 'currency' key with 'cs' locale. 
      background: #f39c12;
      border-radius: 0.5em;
      color: white;
      font-weight: bold;
      padding: 2px 0.5em;
      
  at warn (/Users/andrejkoval/Dev/vivadzen/src/front/node_modules/@intlify/shared/dist/shared.mjs)
  at number (/Users/andrejkoval/Dev/vivadzen/src/front/node_modules/@intlify/core-base/dist/core-base.mjs)
  at /Users/andrejkoval/Dev/vivadzen/src/front/node_modules/vue-i18n/dist/vue-i18n.mjs
 @ http://localhost:3001/_nuxt/@fs/Users/andrejkoval/Dev/vivadzen/src/front/node_modules/consola/dist/browser.mjs?v=10181baa:47
[   13770ms] [WARNING] %cssr:warn%c [intlify] Not found 'currency' key in 'cs' locale messages. 
      background: #f39c12;
      border-radius: 0.5em;
      color: white;
      font-weight: bold;
      padding: 2px 0.5em;
      
  at warn (/Users/andrejkoval/Dev/vivadzen/src/front/node_modules/@intlify/shared/dist/shared.mjs)
  at handleMissing (/Users/andrejkoval/Dev/vivadzen/src/front/node_modules/@intlify/core-base/dist/core-base.mjs)
  at number (/Users/andrejkoval/Dev/vivadzen/src/front/node_modules/@intlify/core-base/dist/core-base.mjs)
 @ http://localhost:3001/_nuxt/@fs/Users/andrejkoval/Dev/vivadzen/src/front/node_modules/consola/dist/browser.mjs?v=10181baa:47
[   13770ms] [WARNING] %cssr:warn%c [intlify] Fall back to number format 'currency' with root locale. 
      background: #f39c12;
      border-radius: 0.5em;
      color: white;
      font-weight: bold;
      padding: 2px 0.5em;
      
  at warn (/Users/andrejkoval/Dev/vivadzen/src/front/node_modules/@intlify/shared/dist/shared.mjs)
  at wrapWithDeps (/Users/andrejkoval/Dev/vivadzen/src/front/node_modules/vue-i18n/dist/vue-i18n.mjs)
  at Object.numberParts (/Users/andrejkoval/Dev/vivadzen/src/front/node_modules/vue-i18n/dist/vue-i18n.mjs)
 @ http://localhost:3001/_nuxt/@fs/Users/andrejkoval/Dev/vivadzen/src/front/node_modules/consola/dist/browser.mjs?v=10181baa:47
[   13770ms] [WARNING] %cssr:warn%c [intlify] Not found 'currency' key in 'ru' locale messages. 
      background: #f39c12;
      border-radius: 0.5em;
      color: white;
      font-weight: bold;
      padding: 2px 0.5em;
      
  at warn (/Users/andrejkoval/Dev/vivadzen/src/front/node_modules/@intlify/shared/dist/shared.mjs)
  at handleMissing (/Users/andrejkoval/Dev/vivadzen/src/front/node_modules/@intlify/core-base/dist/core-base.mjs)
  at number (/Users/andrejkoval/Dev/vivadzen/src/front/node_modules/@intlify/core-base/dist/core-base.mjs)
 @ http://localhost:3001/_nuxt/@fs/Users/andrejkoval/Dev/vivadzen/src/front/node_modules/consola/dist/browser.mjs?v=10181baa:47
[   13770ms] [WARNING] %cssr:warn%c [intlify] Fall back to number format 'currency' key with 'cs' locale. 
      background: #f39c12;
      border-radius: 0.5em;
      color: white;
      font-weight: bold;
      padding: 2px 0.5em;
      
  at warn (/Users/andrejkoval/Dev/vivadzen/src/front/node_modules/@intlify/shared/dist/shared.mjs)
  at number (/Users/andrejkoval/Dev/vivadzen/src/front/node_modules/@intlify/core-base/dist/core-base.mjs)
  at /Users/andrejkoval/Dev/vivadzen/src/front/node_modules/vue-i18n/dist/vue-i18n.mjs
 @ http://localhost:3001/_nuxt/@fs/Users/andrejkoval/Dev/vivadzen/src/front/node_modules/consola/dist/browser.mjs?v=10181baa:47
[   13770ms] [WARNING] %cssr:warn%c [intlify] Not found 'currency' key in 'cs' locale messages. 
      background: #f39c12;
      border-radius: 0.5em;
      color: white;
      font-weight: bold;
      padding: 2px 0.5em;
      
  at warn (/Users/andrejkoval/Dev/vivadzen/src/front/node_modules/@intlify/shared/dist/shared.mjs)
  at handleMissing (/Users/andrejkoval/Dev/vivadzen/src/front/node_modules/@intlify/core-base/dist/core-base.mjs)
  at number (/Users/andrejkoval/Dev/vivadzen/src/front/node_modules/@intlify/core-base/dist/core-base.mjs)
 @ http://localhost:3001/_nuxt/@fs/Users/andrejkoval/Dev/vivadzen/src/front/node_modules/consola/dist/browser.mjs?v=10181baa:47
[   13770ms] [WARNING] %cssr:warn%c [intlify] Fall back to number format 'currency' with root locale. 
      background: #f39c12;
      border-radius: 0.5em;
      color: white;
      font-weight: bold;
      padding: 2px 0.5em;
      
  at warn (/Users/andrejkoval/Dev/vivadzen/src/front/node_modules/@intlify/shared/dist/shared.mjs)
  at wrapWithDeps (/Users/andrejkoval/Dev/vivadzen/src/front/node_modules/vue-i18n/dist/vue-i18n.mjs)
  at Object.numberParts (/Users/andrejkoval/Dev/vivadzen/src/front/node_modules/vue-i18n/dist/vue-i18n.mjs)
 @ http://localhost:3001/_nuxt/@fs/Users/andrejkoval/Dev/vivadzen/src/front/node_modules/consola/dist/browser.mjs?v=10181baa:47
[   13770ms] [LOG] %cssr%c %s: %s 
      background: #7f8c8d;
      border-radius: 0.5em;
      color: white;
      font-weight: bold;
      padding: 2px 0.5em;
      [nuxt-app] app:rendered 0.19ms 
  at timeLogImpl (node:internal/console/constructor)
  at node:internal/console/constructor
  at timeLogImpl (node:internal/util/debuglog)
 @ http://localhost:3001/_nuxt/@fs/Users/andrejkoval/Dev/vivadzen/src/front/node_modules/consola/dist/browser.mjs?v=10181baa:47
[   13770ms] [WARNING] %cssr:warn%c [intlify] Not found 'title.czech-republic-kratom' key in 'ru' locale messages. 
      background: #f39c12;
      border-radius: 0.5em;
      color: white;
      font-weight: bold;
      padding: 2px 0.5em;
      
  at warn (/Users/andrejkoval/Dev/vivadzen/src/front/node_modules/@intlify/shared/dist/shared.mjs)
  at handleMissing (/Users/andrejkoval/Dev/vivadzen/src/front/node_modules/@intlify/core-base/dist/core-base.mjs)
  at resolveMessageFormat (/Users/andrejkoval/Dev/vivadzen/src/front/node_modules/@intlify/core-base/dist/core-base.mjs)
 @ http://localhost:3001/_nuxt/@fs/Users/andrejkoval/Dev/vivadzen/src/front/node_modules/consola/dist/browser.mjs?v=10181baa:47
[   13770ms] [WARNING] %cssr:warn%c [intlify] Fall back to translate 'title.czech-republic-kratom' key with 'cs' locale. 
      background: #f39c12;
      border-radius: 0.5em;
      color: white;
      font-weight: bold;
      padding: 2px 0.5em;
      
  at warn (/Users/andrejkoval/Dev/vivadzen/src/front/node_modules/@intlify/shared/dist/shared.mjs)
  at resolveMessageFormat (/Users/andrejkoval/Dev/vivadzen/src/front/node_modules/@intlify/core-base/dist/core-base.mjs)
  at translate (/Users/andrejkoval/Dev/vivadzen/src/front/node_modules/@intlify/core-base/dist/core-base.mjs)
 @ http://localhost:3001/_nuxt/@fs/Users/andrejkoval/Dev/vivadzen/src/front/node_modules/consola/dist/browser.mjs?v=10181baa:47
[   13770ms] [WARNING] %cssr:warn%c [intlify] Not found 'title.czech-republic-kratom' key in 'cs' locale messages. 
      background: #f39c12;
      border-radius: 0.5em;
      color: white;
      font-weight: bold;
      padding: 2px 0.5em;
      
  at warn (/Users/andrejkoval/Dev/vivadzen/src/front/node_modules/@intlify/shared/dist/shared.mjs)
  at handleMissing (/Users/andrejkoval/Dev/vivadzen/src/front/node_modules/@intlify/core-base/dist/core-base.mjs)
  at resolveMessageFormat (/Users/andrejkoval/Dev/vivadzen/src/front/node_modules/@intlify/core-base/dist/core-base.mjs)
 @ http://localhost:3001/_nuxt/@fs/Users/andrejkoval/Dev/vivadzen/src/front/node_modules/consola/dist/browser.mjs?v=10181baa:47
[   13770ms] [WARNING] %cssr:warn%c [intlify] Fall back to translate 'title.czech-republic-kratom' with root locale. 
      background: #f39c12;
      border-radius: 0.5em;
      color: white;
      font-weight: bold;
      padding: 2px 0.5em;
      
  at warn (/Users/andrejkoval/Dev/vivadzen/src/front/node_modules/@intlify/shared/dist/shared.mjs)
  at wrapWithDeps (/Users/andrejkoval/Dev/vivadzen/src/front/node_modules/vue-i18n/dist/vue-i18n.mjs)
  at t (/Users/andrejkoval/Dev/vivadzen/src/front/node_modules/vue-i18n/dist/vue-i18n.mjs)
 @ http://localhost:3001/_nuxt/@fs/Users/andrejkoval/Dev/vivadzen/src/front/node_modules/consola/dist/browser.mjs?v=10181baa:47
[   13770ms] [LOG] %cssr%c %s: %s 
      background: #7f8c8d;
      border-radius: 0.5em;
      color: white;
      font-weight: bold;
      padding: 2px 0.5em;
      [nuxt-app] schema-org:meta 0.004ms 
  at timeLogImpl (node:internal/console/constructor)
  at node:internal/console/constructor
  at timeLogImpl (node:internal/util/debuglog)
 @ http://localhost:3001/_nuxt/@fs/Users/andrejkoval/Dev/vivadzen/src/front/node_modules/consola/dist/browser.mjs?v=10181baa:47
[   13770ms] [LOG] [nuxt-app] dev:ssr-logs: 5.280029296875 ms [Array(157)] @ http://localhost:3001/_nuxt/@fs/Users/andrejkoval/Dev/vivadzen/src/front/node_modules/hookable/dist/index.mjs?v=10181baa:271
[   13772ms] [LOG] [nuxt-app] page:loading:start: 0.055908203125 ms [] @ http://localhost:3001/_nuxt/@fs/Users/andrejkoval/Dev/vivadzen/src/front/node_modules/hookable/dist/index.mjs?v=10181baa:271
[   13791ms] [LOG] [Content] WS connect to ws://localhost:4000/ws @ http://localhost:3001/_nuxt/@fs/Users/andrejkoval/Dev/vivadzen/src/front/node_modules/@nuxt/content/dist/runtime/composables/web-socket.js?v=10181baa:4
[   13792ms] [LOG] [nuxt-app] schema-org:meta: 0.033203125 ms [Object] @ http://localhost:3001/_nuxt/@fs/Users/andrejkoval/Dev/vivadzen/src/front/node_modules/hookable/dist/index.mjs?v=10181baa:271
[   13802ms] [LOG] [Content] WS connected! @ http://localhost:3001/_nuxt/@fs/Users/andrejkoval/Dev/vivadzen/src/front/node_modules/@nuxt/content/dist/runtime/composables/web-socket.js?v=10181baa:4
[   13848ms] [WARNING] Timer '[nuxt-app] i18n:beforeLocaleSwitch' already exists @ http://localhost:3001/_nuxt/@fs/Users/andrejkoval/Dev/vivadzen/src/front/node_modules/hookable/dist/index.mjs?v=10181baa:261
[   13848ms] [LOG] [nuxt-app] i18n:beforeLocaleSwitch: 88.864990234375 ms [Object] @ http://localhost:3001/_nuxt/@fs/Users/andrejkoval/Dev/vivadzen/src/front/node_modules/hookable/dist/index.mjs?v=10181baa:271
[   13854ms] [LOG] [nuxt-app] page:loading:end: 0.06201171875 ms [] @ http://localhost:3001/_nuxt/@fs/Users/andrejkoval/Dev/vivadzen/src/front/node_modules/hookable/dist/index.mjs?v=10181baa:271
[   13854ms] [ERROR] [nuxt] error caught during app initialization H3Error: Failed to fetch dynamically imported module: http://localhost:3001/_nuxt/pages/index.vue?t=1778667123328 @ http://localhost:3001/_nuxt/@fs/Users/andrejkoval/Dev/vivadzen/src/front/node_modules/nuxt/dist/app/nuxt.js?v=10181baa:123
[   13854ms] [LOG] [nuxt-app] app:created: 81.761962890625 ms [Object] @ http://localhost:3001/_nuxt/@fs/Users/andrejkoval/Dev/vivadzen/src/front/node_modules/hookable/dist/index.mjs?v=10181baa:271
[   13854ms] [LOG] [nuxt-app] app:error: 0.14111328125 ms [H3Error: Failed to fetch dynamically imported module: http://localhost:3001/_nuxt/pages/index.vue?t…] @ http://localhost:3001/_nuxt/@fs/Users/andrejkoval/Dev/vivadzen/src/front/node_modules/hookable/dist/index.mjs?v=10181baa:271
[   13854ms] [LOG] [nuxt-app] app:beforeMount: 0.01611328125 ms [Object] @ http://localhost:3001/_nuxt/@fs/Users/andrejkoval/Dev/vivadzen/src/front/node_modules/hookable/dist/index.mjs?v=10181baa:271
[   13855ms] [LOG] [nuxt-app] vue:setup: 0.4609375 ms [] @ http://localhost:3001/_nuxt/@fs/Users/andrejkoval/Dev/vivadzen/src/front/node_modules/hookable/dist/index.mjs?v=10181baa:271
[   13855ms] [INFO] <Suspense> is an experimental feature and its API will likely change. @ http://localhost:3001/_nuxt/@fs/Users/andrejkoval/Dev/vivadzen/src/front/node_modules/@vue/runtime-core/dist/runtime-core.esm-bundler.js?v=10181baa:7155
[   13856ms] [LOG] [nuxt-app] app:mounted: 0.06982421875 ms [Object] @ http://localhost:3001/_nuxt/@fs/Users/andrejkoval/Dev/vivadzen/src/front/node_modules/hookable/dist/index.mjs?v=10181baa:271
[   13961ms] [WARNING] [intlify] Not found 'title.catalog' key in 'ru' locale messages. @ http://localhost:3001/_nuxt/node_modules/.cache/vite/client/deps/chunk-LY4OWT6B.js?v=10181baa:3
[   13962ms] [WARNING] [intlify] Fall back to translate 'title.catalog' key with 'cs' locale. @ http://localhost:3001/_nuxt/node_modules/.cache/vite/client/deps/chunk-LY4OWT6B.js?v=10181baa:3
[   13962ms] [WARNING] [intlify] Not found 'title.catalog' key in 'cs' locale messages. @ http://localhost:3001/_nuxt/node_modules/.cache/vite/client/deps/chunk-LY4OWT6B.js?v=10181baa:3
[   13962ms] [WARNING] [intlify] Fall back to translate 'title.catalog' with root locale. @ http://localhost:3001/_nuxt/node_modules/.cache/vite/client/deps/chunk-LY4OWT6B.js?v=10181baa:3
[   13962ms] [WARNING] [intlify] Not found 'title.delivery' key in 'ru' locale messages. @ http://localhost:3001/_nuxt/node_modules/.cache/vite/client/deps/chunk-LY4OWT6B.js?v=10181baa:3
[   13962ms] [WARNING] [intlify] Fall back to translate 'title.delivery' key with 'cs' locale. @ http://localhost:3001/_nuxt/node_modules/.cache/vite/client/deps/chunk-LY4OWT6B.js?v=10181baa:3
[   13962ms] [WARNING] [intlify] Not found 'title.delivery' key in 'cs' locale messages. @ http://localhost:3001/_nuxt/node_modules/.cache/vite/client/deps/chunk-LY4OWT6B.js?v=10181baa:3
[   13962ms] [WARNING] [intlify] Fall back to translate 'title.delivery' with root locale. @ http://localhost:3001/_nuxt/node_modules/.cache/vite/client/deps/chunk-LY4OWT6B.js?v=10181baa:3
[   13962ms] [WARNING] [intlify] Not found 'title.payment' key in 'ru' locale messages. @ http://localhost:3001/_nuxt/node_modules/.cache/vite/client/deps/chunk-LY4OWT6B.js?v=10181baa:3
[   13962ms] [WARNING] [intlify] Fall back to translate 'title.payment' key with 'cs' locale. @ http://localhost:3001/_nuxt/node_modules/.cache/vite/client/deps/chunk-LY4OWT6B.js?v=10181baa:3
[   13962ms] [WARNING] [intlify] Not found 'title.payment' key in 'cs' locale messages. @ http://localhost:3001/_nuxt/node_modules/.cache/vite/client/deps/chunk-LY4OWT6B.js?v=10181baa:3
[   13962ms] [WARNING] [intlify] Fall back to translate 'title.payment' with root locale. @ http://localhost:3001/_nuxt/node_modules/.cache/vite/client/deps/chunk-LY4OWT6B.js?v=10181baa:3
[   13963ms] [WARNING] [intlify] Not found 'title.age_verification' key in 'ru' locale messages. @ http://localhost:3001/_nuxt/node_modules/.cache/vite/client/deps/chunk-LY4OWT6B.js?v=10181baa:3
[   13963ms] [WARNING] [intlify] Fall back to translate 'title.age_verification' key with 'cs' locale. @ http://localhost:3001/_nuxt/node_modules/.cache/vite/client/deps/chunk-LY4OWT6B.js?v=10181baa:3
[   13963ms] [WARNING] [intlify] Not found 'title.age_verification' key in 'cs' locale messages. @ http://localhost:3001/_nuxt/node_modules/.cache/vite/client/deps/chunk-LY4OWT6B.js?v=10181baa:3
[   13963ms] [WARNING] [intlify] Fall back to translate 'title.age_verification' with root locale. @ http://localhost:3001/_nuxt/node_modules/.cache/vite/client/deps/chunk-LY4OWT6B.js?v=10181baa:3
[   13963ms] [WARNING] [intlify] Not found 'title.reviews' key in 'ru' locale messages. @ http://localhost:3001/_nuxt/node_modules/.cache/vite/client/deps/chunk-LY4OWT6B.js?v=10181baa:3
[   13963ms] [WARNING] [intlify] Fall back to translate 'title.reviews' key with 'cs' locale. @ http://localhost:3001/_nuxt/node_modules/.cache/vite/client/deps/chunk-LY4OWT6B.js?v=10181baa:3
[   13963ms] [WARNING] [intlify] Not found 'title.reviews' key in 'cs' locale messages. @ http://localhost:3001/_nuxt/node_modules/.cache/vite/client/deps/chunk-LY4OWT6B.js?v=10181baa:3
[   13963ms] [WARNING] [intlify] Fall back to translate 'title.reviews' with root locale. @ http://localhost:3001/_nuxt/node_modules/.cache/vite/client/deps/chunk-LY4OWT6B.js?v=10181baa:3
[   13963ms] [WARNING] [intlify] Not found 'title.about' key in 'ru' locale messages. @ http://localhost:3001/_nuxt/node_modules/.cache/vite/client/deps/chunk-LY4OWT6B.js?v=10181baa:3
[   13963ms] [WARNING] [intlify] Fall back to translate 'title.about' key with 'cs' locale. @ http://localhost:3001/_nuxt/node_modules/.cache/vite/client/deps/chunk-LY4OWT6B.js?v=10181baa:3
[   13963ms] [WARNING] [intlify] Not found 'title.about' key in 'cs' locale messages. @ http://localhost:3001/_nuxt/node_modules/.cache/vite/client/deps/chunk-LY4OWT6B.js?v=10181baa:3
[   13963ms] [WARNING] [intlify] Fall back to translate 'title.about' with root locale. @ http://localhost:3001/_nuxt/node_modules/.cache/vite/client/deps/chunk-LY4OWT6B.js?v=10181baa:3
[   13964ms] [WARNING] [intlify] Not found 'title.contacts' key in 'ru' locale messages. @ http://localhost:3001/_nuxt/node_modules/.cache/vite/client/deps/chunk-LY4OWT6B.js?v=10181baa:3
[   13964ms] [WARNING] [intlify] Fall back to translate 'title.contacts' key with 'cs' locale. @ http://localhost:3001/_nuxt/node_modules/.cache/vite/client/deps/chunk-LY4OWT6B.js?v=10181baa:3
[   13964ms] [WARNING] [intlify] Not found 'title.contacts' key in 'cs' locale messages. @ http://localhost:3001/_nuxt/node_modules/.cache/vite/client/deps/chunk-LY4OWT6B.js?v=10181baa:3
[   13964ms] [WARNING] [intlify] Fall back to translate 'title.contacts' with root locale. @ http://localhost:3001/_nuxt/node_modules/.cache/vite/client/deps/chunk-LY4OWT6B.js?v=10181baa:3
[   13965ms] [WARNING] [intlify] Not found 'button.login' key in 'ru' locale messages. @ http://localhost:3001/_nuxt/node_modules/.cache/vite/client/deps/chunk-LY4OWT6B.js?v=10181baa:3
[   13966ms] [WARNING] [intlify] Fall back to translate 'button.login' key with 'cs' locale. @ http://localhost:3001/_nuxt/node_modules/.cache/vite/client/deps/chunk-LY4OWT6B.js?v=10181baa:3
[   13966ms] [WARNING] [intlify] Not found 'button.login' key in 'cs' locale messages. @ http://localhost:3001/_nuxt/node_modules/.cache/vite/client/deps/chunk-LY4OWT6B.js?v=10181baa:3
[   13966ms] [WARNING] [intlify] Fall back to translate 'button.login' with root locale. @ http://localhost:3001/_nuxt/node_modules/.cache/vite/client/deps/chunk-LY4OWT6B.js?v=10181baa:3
[   13966ms] [WARNING] [intlify] Not found 'button.login' key in 'ru' locale messages. @ http://localhost:3001/_nuxt/node_modules/.cache/vite/client/deps/chunk-LY4OWT6B.js?v=10181baa:3
[   13966ms] [WARNING] [intlify] Fall back to translate 'button.login' key with 'cs' locale. @ http://localhost:3001/_nuxt/node_modules/.cache/vite/client/deps/chunk-LY4OWT6B.js?v=10181baa:3
[   13966ms] [WARNING] [intlify] Not found 'button.login' key in 'cs' locale messages. @ http://localhost:3001/_nuxt/node_modules/.cache/vite/client/deps/chunk-LY4OWT6B.js?v=10181baa:3
[   13966ms] [WARNING] [intlify] Not found 'title.cart' key in 'ru' locale messages. @ http://localhost:3001/_nuxt/node_modules/.cache/vite/client/deps/chunk-LY4OWT6B.js?v=10181baa:3
[   13966ms] [WARNING] [intlify] Fall back to translate 'title.cart' key with 'cs' locale. @ http://localhost:3001/_nuxt/node_modules/.cache/vite/client/deps/chunk-LY4OWT6B.js?v=10181baa:3
[   13966ms] [WARNING] [intlify] Not found 'title.cart' key in 'cs' locale messages. @ http://localhost:3001/_nuxt/node_modules/.cache/vite/client/deps/chunk-LY4OWT6B.js?v=10181baa:3
[   13966ms] [WARNING] [intlify] Fall back to translate 'title.cart' with root locale. @ http://localhost:3001/_nuxt/node_modules/.cache/vite/client/deps/chunk-LY4OWT6B.js?v=10181baa:3
[   13968ms] [WARNING] [Vue warn]: Hydration node mismatch:
- rendered on server: JSHandle@node  
- expected on client: header 
  at <Header> 
  at <Body style= {background: #f8f1e6, --kratom-page-theme: light, --kratom-page-background: #f8f1e6, --kratom-page-text: #1f2b1d, --kratom-page-muted: rgba(31, 43, 29, 0.68)} data-page-theme="light" > 
  at <Html lang="ru-RU" dir="ltr" > 
  at <Default ref=Ref< undefined > > 
  at <AsyncComponentWrapper ref=Ref< undefined > > 
  at <LayoutLoader key="default" layoutProps= {ref: RefImpl} name="default" > 
  at <NuxtLayoutProvider layoutProps= {ref: RefImpl} key="default" name="default"  ... > 
  at <NuxtLayout name="default" > 
  at <Error key=1 error= H3Error: Failed to fetch dynamically imported module: http://localhost:3001/_nuxt/pages/index.vue?t=1778667123328 > 
  at <NuxtRoot> @ http://localhost:3001/_nuxt/@fs/Users/andrejkoval/Dev/vivadzen/src/front/node_modules/@vue/runtime-core/dist/runtime-core.esm-bundler.js?v=10181baa:49
[   13968ms] [ERROR] Hydration completed but contains mismatches. @ http://localhost:3001/_nuxt/@fs/Users/andrejkoval/Dev/vivadzen/src/front/node_modules/@vue/runtime-core/dist/runtime-core.esm-bundler.js?v=10181baa:1847
[   13968ms] [WARNING] [intlify] Not found 'logo_alt' key in 'ru' locale messages. @ http://localhost:3001/_nuxt/node_modules/.cache/vite/client/deps/chunk-LY4OWT6B.js?v=10181baa:3
[   13969ms] [WARNING] [intlify] Fall back to translate 'logo_alt' key with 'cs' locale. @ http://localhost:3001/_nuxt/node_modules/.cache/vite/client/deps/chunk-LY4OWT6B.js?v=10181baa:3
[   13969ms] [WARNING] [intlify] Not found 'logo_alt' key in 'cs' locale messages. @ http://localhost:3001/_nuxt/node_modules/.cache/vite/client/deps/chunk-LY4OWT6B.js?v=10181baa:3
[   13969ms] [WARNING] [intlify] Fall back to translate 'logo_alt' with root locale. @ http://localhost:3001/_nuxt/node_modules/.cache/vite/client/deps/chunk-LY4OWT6B.js?v=10181baa:3
[   13969ms] [WARNING] [intlify] Not found 'logo_alt' key in 'ru' locale messages. @ http://localhost:3001/_nuxt/node_modules/.cache/vite/client/deps/chunk-LY4OWT6B.js?v=10181baa:3
[   13969ms] [WARNING] [intlify] Fall back to translate 'logo_alt' key with 'cs' locale. @ http://localhost:3001/_nuxt/node_modules/.cache/vite/client/deps/chunk-LY4OWT6B.js?v=10181baa:3
[   13969ms] [WARNING] [intlify] Not found 'logo_alt' key in 'cs' locale messages. @ http://localhost:3001/_nuxt/node_modules/.cache/vite/client/deps/chunk-LY4OWT6B.js?v=10181baa:3
[   13972ms] [WARNING] [Vue warn]: Hydration node mismatch:
- rendered on server: JSHandle@node (start of fragment) 
- expected on client: div 
  at <Header> 
  at <Body style= {background: #f8f1e6, --kratom-page-theme: light, --kratom-page-background: #f8f1e6, --kratom-page-text: #1f2b1d, --kratom-page-muted: rgba(31, 43, 29, 0.68)} data-page-theme="light" > 
  at <Html lang="ru-RU" dir="ltr" > 
  at <Default ref=Ref< undefined > > 
  at <AsyncComponentWrapper ref=Ref< undefined > > 
  at <LayoutLoader key="default" layoutProps= {ref: RefImpl} name="default" > 
  at <NuxtLayoutProvider layoutProps= {ref: RefImpl} key="default" name="default"  ... > 
  at <NuxtLayout name="default" > 
  at <Error key=1 error= H3Error: Failed to fetch dynamically imported module: http://localhost:3001/_nuxt/pages/index.vue?t=1778667123328 > 
  at <NuxtRoot> @ http://localhost:3001/_nuxt/@fs/Users/andrejkoval/Dev/vivadzen/src/front/node_modules/@vue/runtime-core/dist/runtime-core.esm-bundler.js?v=10181baa:49
[   13972ms] [WARNING] [Vue warn]: Hydration children mismatch on JSHandle@node 
Server rendered element contains more child nodes than client vdom. 
  at <Header> 
  at <Body style= {background: #f8f1e6, --kratom-page-theme: light, --kratom-page-background: #f8f1e6, --kratom-page-text: #1f2b1d, --kratom-page-muted: rgba(31, 43, 29, 0.68)} data-page-theme="light" > 
  at <Html lang="ru-RU" dir="ltr" > 
  at <Default ref=Ref< undefined > > 
  at <AsyncComponentWrapper ref=Ref< undefined > > 
  at <LayoutLoader key="default" layoutProps= {ref: RefImpl} name="default" > 
  at <NuxtLayoutProvider layoutProps= {ref: RefImpl} key="default" name="default"  ... > 
  at <NuxtLayout name="default" > 
  at <Error key=1 error= H3Error: Failed to fetch dynamically imported module: http://localhost:3001/_nuxt/pages/index.vue?t=1778667123328 > 
  at <NuxtRoot> @ http://localhost:3001/_nuxt/@fs/Users/andrejkoval/Dev/vivadzen/src/front/node_modules/@vue/runtime-core/dist/runtime-core.esm-bundler.js?v=10181baa:49
[   13975ms] [WARNING] [Vue warn]: Hydration class mismatch on JSHandle@node 
  - rendered on server: class="czech-kratom-page"
  - expected on client: class="hero-header__promo-strip"
  Note: this mismatch is check-only. The DOM will not be rectified in production due to performance overhead.
  You should fix the source of the mismatch. 
  at <Header> 
  at <Body style= {background: #f8f1e6, --kratom-page-theme: light, --kratom-page-background: #f8f1e6, --kratom-page-text: #1f2b1d, --kratom-page-muted: rgba(31, 43, 29, 0.68)} data-page-theme="light" > 
  at <Html lang="ru-RU" dir="ltr" > 
  at <Default ref=Ref< undefined > > 
  at <AsyncComponentWrapper ref=Ref< undefined > > 
  at <LayoutLoader key="default" layoutProps= {ref: RefImpl} name="default" > 
  at <NuxtLayoutProvider layoutProps= {ref: RefImpl} key="default" name="default"  ... > 
  at <NuxtLayout name="default" > 
  at <Error key=1 error= H3Error: Failed to fetch dynamically imported module: http://localhost:3001/_nuxt/pages/index.vue?t=1778667123328 > 
  at <NuxtRoot> @ http://localhost:3001/_nuxt/@fs/Users/andrejkoval/Dev/vivadzen/src/front/node_modules/@vue/runtime-core/dist/runtime-core.esm-bundler.js?v=10181baa:49
[   13975ms] [WARNING] [Vue warn]: Hydration node mismatch:
- rendered on server: JSHandle@node  
- expected on client: main 
  at <Body style= {background: #f8f1e6, --kratom-page-theme: light, --kratom-page-background: #f8f1e6, --kratom-page-text: #1f2b1d, --kratom-page-muted: rgba(31, 43, 29, 0.68)} data-page-theme="light" > 
  at <Html lang="ru-RU" dir="ltr" > 
  at <Default ref=Ref< undefined > > 
  at <AsyncComponentWrapper ref=Ref< undefined > > 
  at <LayoutLoader key="default" layoutProps= {ref: RefImpl} name="default" > 
  at <NuxtLayoutProvider layoutProps= {ref: RefImpl} key="default" name="default"  ... > 
  at <NuxtLayout name="default" > 
  at <Error key=1 error= H3Error: Failed to fetch dynamically imported module: http://localhost:3001/_nuxt/pages/index.vue?t=1778667123328 > 
  at <NuxtRoot> @ http://localhost:3001/_nuxt/@fs/Users/andrejkoval/Dev/vivadzen/src/front/node_modules/@vue/runtime-core/dist/runtime-core.esm-bundler.js?v=10181baa:49
[   13976ms] [WARNING] [Vue warn]: Hydration node mismatch:
- rendered on server: JSHandle@node  
- expected on client: div 
  at <FloatingButtons> 
  at <Body style= {background: #f8f1e6, --kratom-page-theme: light, --kratom-page-background: #f8f1e6, --kratom-page-text: #1f2b1d, --kratom-page-muted: rgba(31, 43, 29, 0.68)} data-page-theme="light" > 
  at <Html lang="ru-RU" dir="ltr" > 
  at <Default ref=Ref< undefined > > 
  at <AsyncComponentWrapper ref=Ref< undefined > > 
  at <LayoutLoader key="default" layoutProps= {ref: RefImpl} name="default" > 
  at <NuxtLayoutProvider layoutProps= {ref: RefImpl} key="default" name="default"  ... > 
  at <NuxtLayout name="default" > 
  at <Error key=1 error= H3Error: Failed to fetch dynamically imported module: http://localhost:3001/_nuxt/pages/index.vue?t=1778667123328 > 
  at <NuxtRoot> @ http://localhost:3001/_nuxt/@fs/Users/andrejkoval/Dev/vivadzen/src/front/node_modules/@vue/runtime-core/dist/runtime-core.esm-bundler.js?v=10181baa:49
[   13979ms] [WARNING] [Vue warn]: Hydration node mismatch:
- rendered on server: JSHandle@node  
- expected on client: footer 
  at <SiteFooter> 
  at <Body style= {background: #f8f1e6, --kratom-page-theme: light, --kratom-page-background: #f8f1e6, --kratom-page-text: #1f2b1d, --kratom-page-muted: rgba(31, 43, 29, 0.68)} data-page-theme="light" > 
  at <Html lang="ru-RU" dir="ltr" > 
  at <Default ref=Ref< undefined > > 
  at <AsyncComponentWrapper ref=Ref< undefined > > 
  at <LayoutLoader key="default" layoutProps= {ref: RefImpl} name="default" > 
  at <NuxtLayoutProvider layoutProps= {ref: RefImpl} key="default" name="default"  ... > 
  at <NuxtLayout name="default" > 
  at <Error key=1 error= H3Error: Failed to fetch dynamically imported module: http://localhost:3001/_nuxt/pages/index.vue?t=1778667123328 > 
  at <NuxtRoot> @ http://localhost:3001/_nuxt/@fs/Users/andrejkoval/Dev/vivadzen/src/front/node_modules/@vue/runtime-core/dist/runtime-core.esm-bundler.js?v=10181baa:49
[   13980ms] [WARNING] [Vue warn]: Hydration node mismatch:
- rendered on server: JSHandle@node  
- expected on client: Symbol(v-cmt) 
  at <Body style= {background: #f8f1e6, --kratom-page-theme: light, --kratom-page-background: #f8f1e6, --kratom-page-text: #1f2b1d, --kratom-page-muted: rgba(31, 43, 29, 0.68)} data-page-theme="light" > 
  at <Html lang="ru-RU" dir="ltr" > 
  at <Default ref=Ref< undefined > > 
  at <AsyncComponentWrapper ref=Ref< undefined > > 
  at <LayoutLoader key="default" layoutProps= {ref: RefImpl} name="default" > 
  at <NuxtLayoutProvider layoutProps= {ref: RefImpl} key="default" name="default"  ... > 
  at <NuxtLayout name="default" > 
  at <Error key=1 error= H3Error: Failed to fetch dynamically imported module: http://localhost:3001/_nuxt/pages/index.vue?t=1778667123328 > 
  at <NuxtRoot> @ http://localhost:3001/_nuxt/@fs/Users/andrejkoval/Dev/vivadzen/src/front/node_modules/@vue/runtime-core/dist/runtime-core.esm-bundler.js?v=10181baa:49
[   13988ms] [WARNING] Timer '[nuxt-app] schema-org:meta' already exists @ http://localhost:3001/_nuxt/@fs/Users/andrejkoval/Dev/vivadzen/src/front/node_modules/hookable/dist/index.mjs?v=10181baa:261
[   13988ms] [LOG] [nuxt-app] schema-org:meta: 196.0771484375 ms [Object] @ http://localhost:3001/_nuxt/@fs/Users/andrejkoval/Dev/vivadzen/src/front/node_modules/hookable/dist/index.mjs?v=10181baa:271
[   14089ms] [WARNING] [Vue warn]: Hydration node mismatch:
- rendered on server: JSHandle@node  
- expected on client: Symbol(v-stc) 
  at <Noty.client> 
  at <AsyncComponentWrapper> 
  at <Body style= {background: #f8f1e6, --kratom-page-theme: light, --kratom-page-background: #f8f1e6, --kratom-page-text: #1f2b1d, --kratom-page-muted: rgba(31, 43, 29, 0.68)} data-page-theme="light" > 
  at <Html lang="ru-RU" dir="ltr" > 
  at <Default ref=Ref< undefined > > 
  at <AsyncComponentWrapper ref=Ref< undefined > > 
  at <LayoutLoader key="default" layoutProps= {ref: RefImpl} name="default" > 
  at <NuxtLayoutProvider layoutProps= {ref: RefImpl} key="default" name="default"  ... > 
  at <NuxtLayout name="default" > 
  at <Error key=1 error= H3Error: Failed to fetch dynamically imported module: http://localhost:3001/_nuxt/pages/index.vue?t=1778667123328 > 
  at <NuxtRoot> @ http://localhost:3001/_nuxt/@fs/Users/andrejkoval/Dev/vivadzen/src/front/node_modules/@vue/runtime-core/dist/runtime-core.esm-bundler.js?v=10181baa:49
[   14091ms] [WARNING] [intlify] Not found 'title.cart' key in 'ru' locale messages. @ http://localhost:3001/_nuxt/node_modules/.cache/vite/client/deps/chunk-LY4OWT6B.js?v=10181baa:3
[   14091ms] [WARNING] [intlify] Fall back to translate 'title.cart' key with 'cs' locale. @ http://localhost:3001/_nuxt/node_modules/.cache/vite/client/deps/chunk-LY4OWT6B.js?v=10181baa:3
[   14091ms] [WARNING] [intlify] Not found 'title.cart' key in 'cs' locale messages. @ http://localhost:3001/_nuxt/node_modules/.cache/vite/client/deps/chunk-LY4OWT6B.js?v=10181baa:3
[   14091ms] [WARNING] [intlify] Fall back to translate 'title.cart' with root locale. @ http://localhost:3001/_nuxt/node_modules/.cache/vite/client/deps/chunk-LY4OWT6B.js?v=10181baa:3
[   14092ms] [WARNING] Timer '[nuxt-app] app:error' already exists @ http://localhost:3001/_nuxt/@fs/Users/andrejkoval/Dev/vivadzen/src/front/node_modules/hookable/dist/index.mjs?v=10181baa:261
[   14092ms] [LOG] [nuxt-app] vue:error: 0.13916015625 ms [NotFoundError: Failed to execute 'insertBefore' on 'Node': The node before which the new node is to…, Proxy(Object), component update] @ http://localhost:3001/_nuxt/@fs/Users/andrejkoval/Dev/vivadzen/src/front/node_modules/hookable/dist/index.mjs?v=10181baa:271
[   14093ms] [WARNING] [intlify] Not found 'title.cart' key in 'ru' locale messages. @ http://localhost:3001/_nuxt/node_modules/.cache/vite/client/deps/chunk-LY4OWT6B.js?v=10181baa:3
[   14093ms] [WARNING] [intlify] Fall back to translate 'title.cart' key with 'cs' locale. @ http://localhost:3001/_nuxt/node_modules/.cache/vite/client/deps/chunk-LY4OWT6B.js?v=10181baa:3
[   14093ms] [WARNING] [intlify] Not found 'title.cart' key in 'cs' locale messages. @ http://localhost:3001/_nuxt/node_modules/.cache/vite/client/deps/chunk-LY4OWT6B.js?v=10181baa:3
[   14093ms] [WARNING] [intlify] Fall back to translate 'title.cart' with root locale. @ http://localhost:3001/_nuxt/node_modules/.cache/vite/client/deps/chunk-LY4OWT6B.js?v=10181baa:3
[   14094ms] [LOG] [nuxt-app] app:error: 240.065185546875 ms [NotFoundError: Failed to execute 'insertBefore' on 'Node': The node before which the new node is to…] @ http://localhost:3001/_nuxt/@fs/Users/andrejkoval/Dev/vivadzen/src/front/node_modules/hookable/dist/index.mjs?v=10181baa:271
[   14094ms] [LOG] [nuxt-app] app:suspense:resolve: 1.85205078125 ms [] @ http://localhost:3001/_nuxt/@fs/Users/andrejkoval/Dev/vivadzen/src/front/node_modules/hookable/dist/index.mjs?v=10181baa:271
[   14225ms] [WARNING] [intlify] Not found 'logo_alt' key in 'ru' locale messages. @ http://localhost:3001/_nuxt/node_modules/.cache/vite/client/deps/chunk-LY4OWT6B.js?v=10181baa:3
[   14225ms] [WARNING] [intlify] Fall back to translate 'logo_alt' key with 'cs' locale. @ http://localhost:3001/_nuxt/node_modules/.cache/vite/client/deps/chunk-LY4OWT6B.js?v=10181baa:3
[   14225ms] [WARNING] [intlify] Not found 'logo_alt' key in 'cs' locale messages. @ http://localhost:3001/_nuxt/node_modules/.cache/vite/client/deps/chunk-LY4OWT6B.js?v=10181baa:3
[   14225ms] [WARNING] [intlify] Fall back to translate 'logo_alt' with root locale. @ http://localhost:3001/_nuxt/node_modules/.cache/vite/client/deps/chunk-LY4OWT6B.js?v=10181baa:3
[   14225ms] [WARNING] [intlify] Not found 'logo_alt' key in 'ru' locale messages. @ http://localhost:3001/_nuxt/node_modules/.cache/vite/client/deps/chunk-LY4OWT6B.js?v=10181baa:3
[   14225ms] [WARNING] [intlify] Fall back to translate 'logo_alt' key with 'cs' locale. @ http://localhost:3001/_nuxt/node_modules/.cache/vite/client/deps/chunk-LY4OWT6B.js?v=10181baa:3
[   14225ms] [WARNING] [intlify] Not found 'logo_alt' key in 'cs' locale messages. @ http://localhost:3001/_nuxt/node_modules/.cache/vite/client/deps/chunk-LY4OWT6B.js?v=10181baa:3
[   14226ms] [LOG] [nuxt-app] link:prefetch: 1.64111328125 ms [/ru] @ http://localhost:3001/_nuxt/@fs/Users/andrejkoval/Dev/vivadzen/src/front/node_modules/hookable/dist/index.mjs?v=10181baa:271
[   14226ms] [LOG] [nuxt-app] link:prefetch : 1.614990234375 ms [/ru/catalog] @ http://localhost:3001/_nuxt/@fs/Users/andrejkoval/Dev/vivadzen/src/front/node_modules/hookable/dist/index.mjs?v=10181baa:271
[   14226ms] [LOG] [nuxt-app] link:prefetch  : 1.5830078125 ms [/ru/catalog] @ http://localhost:3001/_nuxt/@fs/Users/andrejkoval/Dev/vivadzen/src/front/node_modules/hookable/dist/index.mjs?v=10181baa:271
[   14226ms] [LOG] [nuxt-app] link:prefetch   : 1.6259765625 ms [/ru/delivery] @ http://localhost:3001/_nuxt/@fs/Users/andrejkoval/Dev/vivadzen/src/front/node_modules/hookable/dist/index.mjs?v=10181baa:271
[   14226ms] [LOG] [nuxt-app] link:prefetch    : 1.616943359375 ms [/ru/payment] @ http://localhost:3001/_nuxt/@fs/Users/andrejkoval/Dev/vivadzen/src/front/node_modules/hookable/dist/index.mjs?v=10181baa:271
[   14226ms] [LOG] [nuxt-app] link:prefetch     : 1.62109375 ms [/ru/age-verification] @ http://localhost:3001/_nuxt/@fs/Users/andrejkoval/Dev/vivadzen/src/front/node_modules/hookable/dist/index.mjs?v=10181baa:271
[   14226ms] [LOG] [nuxt-app] link:prefetch      : 1.6220703125 ms [/ru/reviews] @ http://localhost:3001/_nuxt/@fs/Users/andrejkoval/Dev/vivadzen/src/front/node_modules/hookable/dist/index.mjs?v=10181baa:271
[   14227ms] [LOG] [nuxt-app] link:prefetch       : 1.6630859375 ms [/ru/about] @ http://localhost:3001/_nuxt/@fs/Users/andrejkoval/Dev/vivadzen/src/front/node_modules/hookable/dist/index.mjs?v=10181baa:271
[   14227ms] [LOG] [nuxt-app] link:prefetch        : 1.7080078125 ms [/ru/contacts] @ http://localhost:3001/_nuxt/@fs/Users/andrejkoval/Dev/vivadzen/src/front/node_modules/hookable/dist/index.mjs?v=10181baa:271
[   14227ms] [LOG] [nuxt-app] link:prefetch         : 1.760009765625 ms [/ru/auth/login] @ http://localhost:3001/_nuxt/@fs/Users/andrejkoval/Dev/vivadzen/src/front/node_modules/hookable/dist/index.mjs?v=10181baa:271
[   14227ms] [LOG] [nuxt-app] link:prefetch          : 1.796875 ms [/ru] @ http://localhost:3001/_nuxt/@fs/Users/andrejkoval/Dev/vivadzen/src/front/node_modules/hookable/dist/index.mjs?v=10181baa:271
[   17586ms] [LOG] [nuxt-delay-hydration] Hydration event timeout @ http://localhost:3001/ru:222
[   84233ms] [LOG] [Content] WS reconnecting.. @ http://localhost:3001/_nuxt/@fs/Users/andrejkoval/Dev/vivadzen/src/front/node_modules/@nuxt/content/dist/runtime/composables/web-socket.js?v=10181baa:4
[   84233ms] [LOG] [vite] server connection lost. Polling for restart... @ http://localhost:3001/_nuxt/@vite/client:963
[   84236ms] [ERROR] WebSocket connection to 'ws://localhost:3001/_nuxt/' failed: Error during WebSocket handshake: net::ERR_CONNECTION_RESET @ http://localhost:3001/_nuxt/@vite/client:1034
[   85235ms] [LOG] [Content] WS connect to ws://localhost:4000/ws @ http://localhost:3001/_nuxt/@fs/Users/andrejkoval/Dev/vivadzen/src/front/node_modules/@nuxt/content/dist/runtime/composables/web-socket.js?v=10181baa:4
[   85236ms] [ERROR] WebSocket connection to 'ws://localhost:4000/ws' failed: Error in connection establishment: net::ERR_CONNECTION_REFUSED @ http://localhost:3001/_nuxt/@fs/Users/andrejkoval/Dev/vivadzen/src/front/node_modules/@nuxt/content/dist/runtime/composables/web-socket.js?v=10181baa:56
[   85236ms] [WARNING] [Content] WS Error: Event @ http://localhost:3001/_nuxt/@fs/Users/andrejkoval/Dev/vivadzen/src/front/node_modules/@nuxt/content/dist/runtime/composables/web-socket.js?v=10181baa:5
[   85236ms] [LOG] [Content] WS reconnecting.. @ http://localhost:3001/_nuxt/@fs/Users/andrejkoval/Dev/vivadzen/src/front/node_modules/@nuxt/content/dist/runtime/composables/web-socket.js?v=10181baa:4
[   85236ms] [ERROR] WebSocket connection to 'ws://localhost:3001/_nuxt/' failed: Error in connection establishment: net::ERR_CONNECTION_REFUSED @ http://localhost:3001/_nuxt/@vite/client:1034
[   86237ms] [LOG] [Content] WS connect to ws://localhost:4000/ws @ http://localhost:3001/_nuxt/@fs/Users/andrejkoval/Dev/vivadzen/src/front/node_modules/@nuxt/content/dist/runtime/composables/web-socket.js?v=10181baa:4
[   86240ms] [ERROR] WebSocket connection to 'ws://localhost:4000/ws' failed: Error in connection establishment: net::ERR_CONNECTION_REFUSED @ http://localhost:3001/_nuxt/@fs/Users/andrejkoval/Dev/vivadzen/src/front/node_modules/@nuxt/content/dist/runtime/composables/web-socket.js?v=10181baa:56
[   86240ms] [WARNING] [Content] WS Error: Event @ http://localhost:3001/_nuxt/@fs/Users/andrejkoval/Dev/vivadzen/src/front/node_modules/@nuxt/content/dist/runtime/composables/web-socket.js?v=10181baa:5
[   86240ms] [LOG] [Content] WS reconnecting.. @ http://localhost:3001/_nuxt/@fs/Users/andrejkoval/Dev/vivadzen/src/front/node_modules/@nuxt/content/dist/runtime/composables/web-socket.js?v=10181baa:4
[   86240ms] [ERROR] WebSocket connection to 'ws://localhost:3001/_nuxt/' failed: Error in connection establishment: net::ERR_CONNECTION_REFUSED @ http://localhost:3001/_nuxt/@vite/client:1034
[   87242ms] [LOG] [Content] WS connect to ws://localhost:4000/ws @ http://localhost:3001/_nuxt/@fs/Users/andrejkoval/Dev/vivadzen/src/front/node_modules/@nuxt/content/dist/runtime/composables/web-socket.js?v=10181baa:4
[   87244ms] [ERROR] WebSocket connection to 'ws://localhost:4000/ws' failed: Error in connection establishment: net::ERR_CONNECTION_REFUSED @ http://localhost:3001/_nuxt/@fs/Users/andrejkoval/Dev/vivadzen/src/front/node_modules/@nuxt/content/dist/runtime/composables/web-socket.js?v=10181baa:56
[   87244ms] [WARNING] [Content] WS Error: Event @ http://localhost:3001/_nuxt/@fs/Users/andrejkoval/Dev/vivadzen/src/front/node_modules/@nuxt/content/dist/runtime/composables/web-socket.js?v=10181baa:5
[   87244ms] [LOG] [Content] WS reconnecting.. @ http://localhost:3001/_nuxt/@fs/Users/andrejkoval/Dev/vivadzen/src/front/node_modules/@nuxt/content/dist/runtime/composables/web-socket.js?v=10181baa:4
[   87244ms] [ERROR] WebSocket connection to 'ws://localhost:3001/_nuxt/' failed: Error in connection establishment: net::ERR_CONNECTION_REFUSED @ http://localhost:3001/_nuxt/@vite/client:1034
[   88246ms] [LOG] [Content] WS connect to ws://localhost:4000/ws @ http://localhost:3001/_nuxt/@fs/Users/andrejkoval/Dev/vivadzen/src/front/node_modules/@nuxt/content/dist/runtime/composables/web-socket.js?v=10181baa:4
[   88248ms] [ERROR] WebSocket connection to 'ws://localhost:4000/ws' failed: Error in connection establishment: net::ERR_CONNECTION_REFUSED @ http://localhost:3001/_nuxt/@fs/Users/andrejkoval/Dev/vivadzen/src/front/node_modules/@nuxt/content/dist/runtime/composables/web-socket.js?v=10181baa:56
[   88248ms] [WARNING] [Content] WS Error: Event @ http://localhost:3001/_nuxt/@fs/Users/andrejkoval/Dev/vivadzen/src/front/node_modules/@nuxt/content/dist/runtime/composables/web-socket.js?v=10181baa:5
[   88249ms] [LOG] [Content] WS reconnecting.. @ http://localhost:3001/_nuxt/@fs/Users/andrejkoval/Dev/vivadzen/src/front/node_modules/@nuxt/content/dist/runtime/composables/web-socket.js?v=10181baa:4
[   88249ms] [ERROR] WebSocket connection to 'ws://localhost:3001/_nuxt/' failed: Error in connection establishment: net::ERR_CONNECTION_REFUSED @ http://localhost:3001/_nuxt/@vite/client:1034
