[     418ms] [LOG] [nuxt-app] i18n:beforeLocaleSwitch: 0.113037109375 ms [Object] @ http://localhost:3001/_nuxt/@fs/Users/andrejkoval/Dev/vivadzen/src/front/node_modules/hookable/dist/index.mjs?v=10181baa:271
[     424ms] [LOG] %cssr%c %s: %s 
      background: #7f8c8d;
      border-radius: 0.5em;
      color: white;
      font-weight: bold;
      padding: 2px 0.5em;
      [nitro-runtime] request 0.026ms 
  at timeLogImpl (node:internal/console/constructor)
  at node:internal/console/constructor
  at timeLogImpl (node:internal/util/debuglog)
 @ http://localhost:3001/_nuxt/@fs/Users/andrejkoval/Dev/vivadzen/src/front/node_modules/consola/dist/browser.mjs?v=10181baa:47
[     425ms] [LOG] %cssr%c %s: %s 
      background: #7f8c8d;
      border-radius: 0.5em;
      color: white;
      font-weight: bold;
      padding: 2px 0.5em;
      [nitro-runtime] site-config:init 0.009ms 
  at timeLogImpl (node:internal/console/constructor)
  at node:internal/console/constructor
  at timeLogImpl (node:internal/util/debuglog)
 @ http://localhost:3001/_nuxt/@fs/Users/andrejkoval/Dev/vivadzen/src/front/node_modules/consola/dist/browser.mjs?v=10181baa:47
[     425ms] [LOG] %cssr%c %s: %s 
      background: #7f8c8d;
      border-radius: 0.5em;
      color: white;
      font-weight: bold;
      padding: 2px 0.5em;
      [nitro-runtime] render:before 0.005ms 
  at timeLogImpl (node:internal/console/constructor)
  at node:internal/console/constructor
  at timeLogImpl (node:internal/util/debuglog)
 @ http://localhost:3001/_nuxt/@fs/Users/andrejkoval/Dev/vivadzen/src/front/node_modules/consola/dist/browser.mjs?v=10181baa:47
[     425ms] [LOG] %cssr%c %s: %s 
      background: #7f8c8d;
      border-radius: 0.5em;
      color: white;
      font-weight: bold;
      padding: 2px 0.5em;
      [nuxt-app] i18n:beforeLocaleSwitch 0.011ms 
  at timeLogImpl (node:internal/console/constructor)
  at node:internal/console/constructor
  at timeLogImpl (node:internal/util/debuglog)
 @ http://localhost:3001/_nuxt/@fs/Users/andrejkoval/Dev/vivadzen/src/front/node_modules/consola/dist/browser.mjs?v=10181baa:47
[     425ms] [LOG] %cssr%c %s: %s 
      background: #7f8c8d;
      border-radius: 0.5em;
      color: white;
      font-weight: bold;
      padding: 2px 0.5em;
      [nuxt-app] page:loading:start 0.003ms 
  at timeLogImpl (node:internal/console/constructor)
  at node:internal/console/constructor
  at timeLogImpl (node:internal/util/debuglog)
 @ http://localhost:3001/_nuxt/@fs/Users/andrejkoval/Dev/vivadzen/src/front/node_modules/consola/dist/browser.mjs?v=10181baa:47
[     425ms] [LOG] %cssr%c %s: %s 
      background: #7f8c8d;
      border-radius: 0.5em;
      color: white;
      font-weight: bold;
      padding: 2px 0.5em;
      [nuxt-app] i18n:beforeLocaleSwitch 0.006ms 
  at timeLogImpl (node:internal/console/constructor)
  at node:internal/console/constructor
  at timeLogImpl (node:internal/util/debuglog)
 @ http://localhost:3001/_nuxt/@fs/Users/andrejkoval/Dev/vivadzen/src/front/node_modules/consola/dist/browser.mjs?v=10181baa:47
[     425ms] [LOG] %cssr%c %s: %s 
      background: #7f8c8d;
      border-radius: 0.5em;
      color: white;
      font-weight: bold;
      padding: 2px 0.5em;
      [nuxt-app] app:created 5.603ms 
  at timeLogImpl (node:internal/console/constructor)
  at node:internal/console/constructor
  at timeLogImpl (node:internal/util/debuglog)
 @ http://localhost:3001/_nuxt/@fs/Users/andrejkoval/Dev/vivadzen/src/front/node_modules/consola/dist/browser.mjs?v=10181baa:47
[     425ms] [LOG] %cssr%c %s: %s 
      background: #7f8c8d;
      border-radius: 0.5em;
      color: white;
      font-weight: bold;
      padding: 2px 0.5em;
      [nuxt-app] vue:setup 0.003ms 
  at timeLogImpl (node:internal/console/constructor)
  at node:internal/console/constructor
  at timeLogImpl (node:internal/util/debuglog)
 @ http://localhost:3001/_nuxt/@fs/Users/andrejkoval/Dev/vivadzen/src/front/node_modules/consola/dist/browser.mjs?v=10181baa:47
[     425ms] [WARNING] %cssr:warn%c [intlify] Not found 'title.catalog' key in 'ru' locale messages. 
      background: #f39c12;
      border-radius: 0.5em;
      color: white;
      font-weight: bold;
      padding: 2px 0.5em;
      
  at warn (/Users/andrejkoval/Dev/vivadzen/src/front/node_modules/@intlify/shared/dist/shared.mjs)
  at handleMissing (/Users/andrejkoval/Dev/vivadzen/src/front/node_modules/@intlify/core-base/dist/core-base.mjs)
  at resolveMessageFormat (/Users/andrejkoval/Dev/vivadzen/src/front/node_modules/@intlify/core-base/dist/core-base.mjs)
 @ http://localhost:3001/_nuxt/@fs/Users/andrejkoval/Dev/vivadzen/src/front/node_modules/consola/dist/browser.mjs?v=10181baa:47
[     425ms] [WARNING] %cssr:warn%c [intlify] Fall back to translate 'title.catalog' key with 'cs' locale. 
      background: #f39c12;
      border-radius: 0.5em;
      color: white;
      font-weight: bold;
      padding: 2px 0.5em;
      
  at warn (/Users/andrejkoval/Dev/vivadzen/src/front/node_modules/@intlify/shared/dist/shared.mjs)
  at resolveMessageFormat (/Users/andrejkoval/Dev/vivadzen/src/front/node_modules/@intlify/core-base/dist/core-base.mjs)
  at translate (/Users/andrejkoval/Dev/vivadzen/src/front/node_modules/@intlify/core-base/dist/core-base.mjs)
 @ http://localhost:3001/_nuxt/@fs/Users/andrejkoval/Dev/vivadzen/src/front/node_modules/consola/dist/browser.mjs?v=10181baa:47
[     425ms] [WARNING] %cssr:warn%c [intlify] Not found 'title.catalog' key in 'cs' locale messages. 
      background: #f39c12;
      border-radius: 0.5em;
      color: white;
      font-weight: bold;
      padding: 2px 0.5em;
      
  at warn (/Users/andrejkoval/Dev/vivadzen/src/front/node_modules/@intlify/shared/dist/shared.mjs)
  at handleMissing (/Users/andrejkoval/Dev/vivadzen/src/front/node_modules/@intlify/core-base/dist/core-base.mjs)
  at resolveMessageFormat (/Users/andrejkoval/Dev/vivadzen/src/front/node_modules/@intlify/core-base/dist/core-base.mjs)
 @ http://localhost:3001/_nuxt/@fs/Users/andrejkoval/Dev/vivadzen/src/front/node_modules/consola/dist/browser.mjs?v=10181baa:47
[     425ms] [WARNING] %cssr:warn%c [intlify] Fall back to translate 'title.catalog' with root locale. 
      background: #f39c12;
      border-radius: 0.5em;
      color: white;
      font-weight: bold;
      padding: 2px 0.5em;
      
  at warn (/Users/andrejkoval/Dev/vivadzen/src/front/node_modules/@intlify/shared/dist/shared.mjs)
  at wrapWithDeps (/Users/andrejkoval/Dev/vivadzen/src/front/node_modules/vue-i18n/dist/vue-i18n.mjs)
  at t (/Users/andrejkoval/Dev/vivadzen/src/front/node_modules/vue-i18n/dist/vue-i18n.mjs)
 @ http://localhost:3001/_nuxt/@fs/Users/andrejkoval/Dev/vivadzen/src/front/node_modules/consola/dist/browser.mjs?v=10181baa:47
[     425ms] [WARNING] %cssr:warn%c [intlify] Not found 'title.delivery' key in 'ru' locale messages. 
      background: #f39c12;
      border-radius: 0.5em;
      color: white;
      font-weight: bold;
      padding: 2px 0.5em;
      
  at warn (/Users/andrejkoval/Dev/vivadzen/src/front/node_modules/@intlify/shared/dist/shared.mjs)
  at handleMissing (/Users/andrejkoval/Dev/vivadzen/src/front/node_modules/@intlify/core-base/dist/core-base.mjs)
  at resolveMessageFormat (/Users/andrejkoval/Dev/vivadzen/src/front/node_modules/@intlify/core-base/dist/core-base.mjs)
 @ http://localhost:3001/_nuxt/@fs/Users/andrejkoval/Dev/vivadzen/src/front/node_modules/consola/dist/browser.mjs?v=10181baa:47
[     425ms] [WARNING] %cssr:warn%c [intlify] Fall back to translate 'title.delivery' key with 'cs' locale. 
      background: #f39c12;
      border-radius: 0.5em;
      color: white;
      font-weight: bold;
      padding: 2px 0.5em;
      
  at warn (/Users/andrejkoval/Dev/vivadzen/src/front/node_modules/@intlify/shared/dist/shared.mjs)
  at resolveMessageFormat (/Users/andrejkoval/Dev/vivadzen/src/front/node_modules/@intlify/core-base/dist/core-base.mjs)
  at translate (/Users/andrejkoval/Dev/vivadzen/src/front/node_modules/@intlify/core-base/dist/core-base.mjs)
 @ http://localhost:3001/_nuxt/@fs/Users/andrejkoval/Dev/vivadzen/src/front/node_modules/consola/dist/browser.mjs?v=10181baa:47
[     425ms] [WARNING] %cssr:warn%c [intlify] Not found 'title.delivery' key in 'cs' locale messages. 
      background: #f39c12;
      border-radius: 0.5em;
      color: white;
      font-weight: bold;
      padding: 2px 0.5em;
      
  at warn (/Users/andrejkoval/Dev/vivadzen/src/front/node_modules/@intlify/shared/dist/shared.mjs)
  at handleMissing (/Users/andrejkoval/Dev/vivadzen/src/front/node_modules/@intlify/core-base/dist/core-base.mjs)
  at resolveMessageFormat (/Users/andrejkoval/Dev/vivadzen/src/front/node_modules/@intlify/core-base/dist/core-base.mjs)
 @ http://localhost:3001/_nuxt/@fs/Users/andrejkoval/Dev/vivadzen/src/front/node_modules/consola/dist/browser.mjs?v=10181baa:47
[     425ms] [WARNING] %cssr:warn%c [intlify] Fall back to translate 'title.delivery' with root locale. 
      background: #f39c12;
      border-radius: 0.5em;
      color: white;
      font-weight: bold;
      padding: 2px 0.5em;
      
  at warn (/Users/andrejkoval/Dev/vivadzen/src/front/node_modules/@intlify/shared/dist/shared.mjs)
  at wrapWithDeps (/Users/andrejkoval/Dev/vivadzen/src/front/node_modules/vue-i18n/dist/vue-i18n.mjs)
  at t (/Users/andrejkoval/Dev/vivadzen/src/front/node_modules/vue-i18n/dist/vue-i18n.mjs)
 @ http://localhost:3001/_nuxt/@fs/Users/andrejkoval/Dev/vivadzen/src/front/node_modules/consola/dist/browser.mjs?v=10181baa:47
[     425ms] [WARNING] %cssr:warn%c [intlify] Not found 'title.payment' key in 'ru' locale messages. 
      background: #f39c12;
      border-radius: 0.5em;
      color: white;
      font-weight: bold;
      padding: 2px 0.5em;
      
  at warn (/Users/andrejkoval/Dev/vivadzen/src/front/node_modules/@intlify/shared/dist/shared.mjs)
  at handleMissing (/Users/andrejkoval/Dev/vivadzen/src/front/node_modules/@intlify/core-base/dist/core-base.mjs)
  at resolveMessageFormat (/Users/andrejkoval/Dev/vivadzen/src/front/node_modules/@intlify/core-base/dist/core-base.mjs)
 @ http://localhost:3001/_nuxt/@fs/Users/andrejkoval/Dev/vivadzen/src/front/node_modules/consola/dist/browser.mjs?v=10181baa:47
[     425ms] [WARNING] %cssr:warn%c [intlify] Fall back to translate 'title.payment' key with 'cs' locale. 
      background: #f39c12;
      border-radius: 0.5em;
      color: white;
      font-weight: bold;
      padding: 2px 0.5em;
      
  at warn (/Users/andrejkoval/Dev/vivadzen/src/front/node_modules/@intlify/shared/dist/shared.mjs)
  at resolveMessageFormat (/Users/andrejkoval/Dev/vivadzen/src/front/node_modules/@intlify/core-base/dist/core-base.mjs)
  at translate (/Users/andrejkoval/Dev/vivadzen/src/front/node_modules/@intlify/core-base/dist/core-base.mjs)
 @ http://localhost:3001/_nuxt/@fs/Users/andrejkoval/Dev/vivadzen/src/front/node_modules/consola/dist/browser.mjs?v=10181baa:47
[     425ms] [WARNING] %cssr:warn%c [intlify] Not found 'title.payment' key in 'cs' locale messages. 
      background: #f39c12;
      border-radius: 0.5em;
      color: white;
      font-weight: bold;
      padding: 2px 0.5em;
      
  at warn (/Users/andrejkoval/Dev/vivadzen/src/front/node_modules/@intlify/shared/dist/shared.mjs)
  at handleMissing (/Users/andrejkoval/Dev/vivadzen/src/front/node_modules/@intlify/core-base/dist/core-base.mjs)
  at resolveMessageFormat (/Users/andrejkoval/Dev/vivadzen/src/front/node_modules/@intlify/core-base/dist/core-base.mjs)
 @ http://localhost:3001/_nuxt/@fs/Users/andrejkoval/Dev/vivadzen/src/front/node_modules/consola/dist/browser.mjs?v=10181baa:47
[     425ms] [WARNING] %cssr:warn%c [intlify] Fall back to translate 'title.payment' with root locale. 
      background: #f39c12;
      border-radius: 0.5em;
      color: white;
      font-weight: bold;
      padding: 2px 0.5em;
      
  at warn (/Users/andrejkoval/Dev/vivadzen/src/front/node_modules/@intlify/shared/dist/shared.mjs)
  at wrapWithDeps (/Users/andrejkoval/Dev/vivadzen/src/front/node_modules/vue-i18n/dist/vue-i18n.mjs)
  at t (/Users/andrejkoval/Dev/vivadzen/src/front/node_modules/vue-i18n/dist/vue-i18n.mjs)
 @ http://localhost:3001/_nuxt/@fs/Users/andrejkoval/Dev/vivadzen/src/front/node_modules/consola/dist/browser.mjs?v=10181baa:47
[     425ms] [WARNING] %cssr:warn%c [intlify] Not found 'title.age_verification' key in 'ru' locale messages. 
      background: #f39c12;
      border-radius: 0.5em;
      color: white;
      font-weight: bold;
      padding: 2px 0.5em;
      
  at warn (/Users/andrejkoval/Dev/vivadzen/src/front/node_modules/@intlify/shared/dist/shared.mjs)
  at handleMissing (/Users/andrejkoval/Dev/vivadzen/src/front/node_modules/@intlify/core-base/dist/core-base.mjs)
  at resolveMessageFormat (/Users/andrejkoval/Dev/vivadzen/src/front/node_modules/@intlify/core-base/dist/core-base.mjs)
 @ http://localhost:3001/_nuxt/@fs/Users/andrejkoval/Dev/vivadzen/src/front/node_modules/consola/dist/browser.mjs?v=10181baa:47
[     425ms] [WARNING] %cssr:warn%c [intlify] Fall back to translate 'title.age_verification' key with 'cs' locale. 
      background: #f39c12;
      border-radius: 0.5em;
      color: white;
      font-weight: bold;
      padding: 2px 0.5em;
      
  at warn (/Users/andrejkoval/Dev/vivadzen/src/front/node_modules/@intlify/shared/dist/shared.mjs)
  at resolveMessageFormat (/Users/andrejkoval/Dev/vivadzen/src/front/node_modules/@intlify/core-base/dist/core-base.mjs)
  at translate (/Users/andrejkoval/Dev/vivadzen/src/front/node_modules/@intlify/core-base/dist/core-base.mjs)
 @ http://localhost:3001/_nuxt/@fs/Users/andrejkoval/Dev/vivadzen/src/front/node_modules/consola/dist/browser.mjs?v=10181baa:47
[     425ms] [WARNING] %cssr:warn%c [intlify] Not found 'title.age_verification' key in 'cs' locale messages. 
      background: #f39c12;
      border-radius: 0.5em;
      color: white;
      font-weight: bold;
      padding: 2px 0.5em;
      
  at warn (/Users/andrejkoval/Dev/vivadzen/src/front/node_modules/@intlify/shared/dist/shared.mjs)
  at handleMissing (/Users/andrejkoval/Dev/vivadzen/src/front/node_modules/@intlify/core-base/dist/core-base.mjs)
  at resolveMessageFormat (/Users/andrejkoval/Dev/vivadzen/src/front/node_modules/@intlify/core-base/dist/core-base.mjs)
 @ http://localhost:3001/_nuxt/@fs/Users/andrejkoval/Dev/vivadzen/src/front/node_modules/consola/dist/browser.mjs?v=10181baa:47
[     425ms] [WARNING] %cssr:warn%c [intlify] Fall back to translate 'title.age_verification' with root locale. 
      background: #f39c12;
      border-radius: 0.5em;
      color: white;
      font-weight: bold;
      padding: 2px 0.5em;
      
  at warn (/Users/andrejkoval/Dev/vivadzen/src/front/node_modules/@intlify/shared/dist/shared.mjs)
  at wrapWithDeps (/Users/andrejkoval/Dev/vivadzen/src/front/node_modules/vue-i18n/dist/vue-i18n.mjs)
  at t (/Users/andrejkoval/Dev/vivadzen/src/front/node_modules/vue-i18n/dist/vue-i18n.mjs)
 @ http://localhost:3001/_nuxt/@fs/Users/andrejkoval/Dev/vivadzen/src/front/node_modules/consola/dist/browser.mjs?v=10181baa:47
[     425ms] [WARNING] %cssr:warn%c [intlify] Not found 'title.reviews' key in 'ru' locale messages. 
      background: #f39c12;
      border-radius: 0.5em;
      color: white;
      font-weight: bold;
      padding: 2px 0.5em;
      
  at warn (/Users/andrejkoval/Dev/vivadzen/src/front/node_modules/@intlify/shared/dist/shared.mjs)
  at handleMissing (/Users/andrejkoval/Dev/vivadzen/src/front/node_modules/@intlify/core-base/dist/core-base.mjs)
  at resolveMessageFormat (/Users/andrejkoval/Dev/vivadzen/src/front/node_modules/@intlify/core-base/dist/core-base.mjs)
 @ http://localhost:3001/_nuxt/@fs/Users/andrejkoval/Dev/vivadzen/src/front/node_modules/consola/dist/browser.mjs?v=10181baa:47
[     425ms] [WARNING] %cssr:warn%c [intlify] Fall back to translate 'title.reviews' key with 'cs' locale. 
      background: #f39c12;
      border-radius: 0.5em;
      color: white;
      font-weight: bold;
      padding: 2px 0.5em;
      
  at warn (/Users/andrejkoval/Dev/vivadzen/src/front/node_modules/@intlify/shared/dist/shared.mjs)
  at resolveMessageFormat (/Users/andrejkoval/Dev/vivadzen/src/front/node_modules/@intlify/core-base/dist/core-base.mjs)
  at translate (/Users/andrejkoval/Dev/vivadzen/src/front/node_modules/@intlify/core-base/dist/core-base.mjs)
 @ http://localhost:3001/_nuxt/@fs/Users/andrejkoval/Dev/vivadzen/src/front/node_modules/consola/dist/browser.mjs?v=10181baa:47
[     425ms] [WARNING] %cssr:warn%c [intlify] Not found 'title.reviews' key in 'cs' locale messages. 
      background: #f39c12;
      border-radius: 0.5em;
      color: white;
      font-weight: bold;
      padding: 2px 0.5em;
      
  at warn (/Users/andrejkoval/Dev/vivadzen/src/front/node_modules/@intlify/shared/dist/shared.mjs)
  at handleMissing (/Users/andrejkoval/Dev/vivadzen/src/front/node_modules/@intlify/core-base/dist/core-base.mjs)
  at resolveMessageFormat (/Users/andrejkoval/Dev/vivadzen/src/front/node_modules/@intlify/core-base/dist/core-base.mjs)
 @ http://localhost:3001/_nuxt/@fs/Users/andrejkoval/Dev/vivadzen/src/front/node_modules/consola/dist/browser.mjs?v=10181baa:47
[     425ms] [WARNING] %cssr:warn%c [intlify] Fall back to translate 'title.reviews' with root locale. 
      background: #f39c12;
      border-radius: 0.5em;
      color: white;
      font-weight: bold;
      padding: 2px 0.5em;
      
  at warn (/Users/andrejkoval/Dev/vivadzen/src/front/node_modules/@intlify/shared/dist/shared.mjs)
  at wrapWithDeps (/Users/andrejkoval/Dev/vivadzen/src/front/node_modules/vue-i18n/dist/vue-i18n.mjs)
  at t (/Users/andrejkoval/Dev/vivadzen/src/front/node_modules/vue-i18n/dist/vue-i18n.mjs)
 @ http://localhost:3001/_nuxt/@fs/Users/andrejkoval/Dev/vivadzen/src/front/node_modules/consola/dist/browser.mjs?v=10181baa:47
[     425ms] [WARNING] %cssr:warn%c [intlify] Not found 'title.about' key in 'ru' locale messages. 
      background: #f39c12;
      border-radius: 0.5em;
      color: white;
      font-weight: bold;
      padding: 2px 0.5em;
      
  at warn (/Users/andrejkoval/Dev/vivadzen/src/front/node_modules/@intlify/shared/dist/shared.mjs)
  at handleMissing (/Users/andrejkoval/Dev/vivadzen/src/front/node_modules/@intlify/core-base/dist/core-base.mjs)
  at resolveMessageFormat (/Users/andrejkoval/Dev/vivadzen/src/front/node_modules/@intlify/core-base/dist/core-base.mjs)
 @ http://localhost:3001/_nuxt/@fs/Users/andrejkoval/Dev/vivadzen/src/front/node_modules/consola/dist/browser.mjs?v=10181baa:47
[     425ms] [WARNING] %cssr:warn%c [intlify] Fall back to translate 'title.about' key with 'cs' locale. 
      background: #f39c12;
      border-radius: 0.5em;
      color: white;
      font-weight: bold;
      padding: 2px 0.5em;
      
  at warn (/Users/andrejkoval/Dev/vivadzen/src/front/node_modules/@intlify/shared/dist/shared.mjs)
  at resolveMessageFormat (/Users/andrejkoval/Dev/vivadzen/src/front/node_modules/@intlify/core-base/dist/core-base.mjs)
  at translate (/Users/andrejkoval/Dev/vivadzen/src/front/node_modules/@intlify/core-base/dist/core-base.mjs)
 @ http://localhost:3001/_nuxt/@fs/Users/andrejkoval/Dev/vivadzen/src/front/node_modules/consola/dist/browser.mjs?v=10181baa:47
[     425ms] [WARNING] %cssr:warn%c [intlify] Not found 'title.about' key in 'cs' locale messages. 
      background: #f39c12;
      border-radius: 0.5em;
      color: white;
      font-weight: bold;
      padding: 2px 0.5em;
      
  at warn (/Users/andrejkoval/Dev/vivadzen/src/front/node_modules/@intlify/shared/dist/shared.mjs)
  at handleMissing (/Users/andrejkoval/Dev/vivadzen/src/front/node_modules/@intlify/core-base/dist/core-base.mjs)
  at resolveMessageFormat (/Users/andrejkoval/Dev/vivadzen/src/front/node_modules/@intlify/core-base/dist/core-base.mjs)
 @ http://localhost:3001/_nuxt/@fs/Users/andrejkoval/Dev/vivadzen/src/front/node_modules/consola/dist/browser.mjs?v=10181baa:47
[     425ms] [WARNING] %cssr:warn%c [intlify] Fall back to translate 'title.about' with root locale. 
      background: #f39c12;
      border-radius: 0.5em;
      color: white;
      font-weight: bold;
      padding: 2px 0.5em;
      
  at warn (/Users/andrejkoval/Dev/vivadzen/src/front/node_modules/@intlify/shared/dist/shared.mjs)
  at wrapWithDeps (/Users/andrejkoval/Dev/vivadzen/src/front/node_modules/vue-i18n/dist/vue-i18n.mjs)
  at t (/Users/andrejkoval/Dev/vivadzen/src/front/node_modules/vue-i18n/dist/vue-i18n.mjs)
 @ http://localhost:3001/_nuxt/@fs/Users/andrejkoval/Dev/vivadzen/src/front/node_modules/consola/dist/browser.mjs?v=10181baa:47
[     425ms] [WARNING] %cssr:warn%c [intlify] Not found 'title.contacts' key in 'ru' locale messages. 
      background: #f39c12;
      border-radius: 0.5em;
      color: white;
      font-weight: bold;
      padding: 2px 0.5em;
      
  at warn (/Users/andrejkoval/Dev/vivadzen/src/front/node_modules/@intlify/shared/dist/shared.mjs)
  at handleMissing (/Users/andrejkoval/Dev/vivadzen/src/front/node_modules/@intlify/core-base/dist/core-base.mjs)
  at resolveMessageFormat (/Users/andrejkoval/Dev/vivadzen/src/front/node_modules/@intlify/core-base/dist/core-base.mjs)
 @ http://localhost:3001/_nuxt/@fs/Users/andrejkoval/Dev/vivadzen/src/front/node_modules/consola/dist/browser.mjs?v=10181baa:47
[     425ms] [WARNING] %cssr:warn%c [intlify] Fall back to translate 'title.contacts' key with 'cs' locale. 
      background: #f39c12;
      border-radius: 0.5em;
      color: white;
      font-weight: bold;
      padding: 2px 0.5em;
      
  at warn (/Users/andrejkoval/Dev/vivadzen/src/front/node_modules/@intlify/shared/dist/shared.mjs)
  at resolveMessageFormat (/Users/andrejkoval/Dev/vivadzen/src/front/node_modules/@intlify/core-base/dist/core-base.mjs)
  at translate (/Users/andrejkoval/Dev/vivadzen/src/front/node_modules/@intlify/core-base/dist/core-base.mjs)
 @ http://localhost:3001/_nuxt/@fs/Users/andrejkoval/Dev/vivadzen/src/front/node_modules/consola/dist/browser.mjs?v=10181baa:47
[     425ms] [WARNING] %cssr:warn%c [intlify] Not found 'title.contacts' key in 'cs' locale messages. 
      background: #f39c12;
      border-radius: 0.5em;
      color: white;
      font-weight: bold;
      padding: 2px 0.5em;
      
  at warn (/Users/andrejkoval/Dev/vivadzen/src/front/node_modules/@intlify/shared/dist/shared.mjs)
  at handleMissing (/Users/andrejkoval/Dev/vivadzen/src/front/node_modules/@intlify/core-base/dist/core-base.mjs)
  at resolveMessageFormat (/Users/andrejkoval/Dev/vivadzen/src/front/node_modules/@intlify/core-base/dist/core-base.mjs)
 @ http://localhost:3001/_nuxt/@fs/Users/andrejkoval/Dev/vivadzen/src/front/node_modules/consola/dist/browser.mjs?v=10181baa:47
[     425ms] [WARNING] %cssr:warn%c [intlify] Fall back to translate 'title.contacts' with root locale. 
      background: #f39c12;
      border-radius: 0.5em;
      color: white;
      font-weight: bold;
      padding: 2px 0.5em;
      
  at warn (/Users/andrejkoval/Dev/vivadzen/src/front/node_modules/@intlify/shared/dist/shared.mjs)
  at wrapWithDeps (/Users/andrejkoval/Dev/vivadzen/src/front/node_modules/vue-i18n/dist/vue-i18n.mjs)
  at t (/Users/andrejkoval/Dev/vivadzen/src/front/node_modules/vue-i18n/dist/vue-i18n.mjs)
 @ http://localhost:3001/_nuxt/@fs/Users/andrejkoval/Dev/vivadzen/src/front/node_modules/consola/dist/browser.mjs?v=10181baa:47
[     425ms] [WARNING] %cssr:warn%c [intlify] Not found 'logo_alt' key in 'ru' locale messages. 
      background: #f39c12;
      border-radius: 0.5em;
      color: white;
      font-weight: bold;
      padding: 2px 0.5em;
      
  at warn (/Users/andrejkoval/Dev/vivadzen/src/front/node_modules/@intlify/shared/dist/shared.mjs)
  at handleMissing (/Users/andrejkoval/Dev/vivadzen/src/front/node_modules/@intlify/core-base/dist/core-base.mjs)
  at resolveMessageFormat (/Users/andrejkoval/Dev/vivadzen/src/front/node_modules/@intlify/core-base/dist/core-base.mjs)
 @ http://localhost:3001/_nuxt/@fs/Users/andrejkoval/Dev/vivadzen/src/front/node_modules/consola/dist/browser.mjs?v=10181baa:47
[     425ms] [WARNING] %cssr:warn%c [intlify] Fall back to translate 'logo_alt' key with 'cs' locale. 
      background: #f39c12;
      border-radius: 0.5em;
      color: white;
      font-weight: bold;
      padding: 2px 0.5em;
      
  at warn (/Users/andrejkoval/Dev/vivadzen/src/front/node_modules/@intlify/shared/dist/shared.mjs)
  at resolveMessageFormat (/Users/andrejkoval/Dev/vivadzen/src/front/node_modules/@intlify/core-base/dist/core-base.mjs)
  at translate (/Users/andrejkoval/Dev/vivadzen/src/front/node_modules/@intlify/core-base/dist/core-base.mjs)
 @ http://localhost:3001/_nuxt/@fs/Users/andrejkoval/Dev/vivadzen/src/front/node_modules/consola/dist/browser.mjs?v=10181baa:47
[     425ms] [WARNING] %cssr:warn%c [intlify] Not found 'logo_alt' key in 'cs' locale messages. 
      background: #f39c12;
      border-radius: 0.5em;
      color: white;
      font-weight: bold;
      padding: 2px 0.5em;
      
  at warn (/Users/andrejkoval/Dev/vivadzen/src/front/node_modules/@intlify/shared/dist/shared.mjs)
  at handleMissing (/Users/andrejkoval/Dev/vivadzen/src/front/node_modules/@intlify/core-base/dist/core-base.mjs)
  at resolveMessageFormat (/Users/andrejkoval/Dev/vivadzen/src/front/node_modules/@intlify/core-base/dist/core-base.mjs)
 @ http://localhost:3001/_nuxt/@fs/Users/andrejkoval/Dev/vivadzen/src/front/node_modules/consola/dist/browser.mjs?v=10181baa:47
[     425ms] [WARNING] %cssr:warn%c [intlify] Fall back to translate 'logo_alt' with root locale. 
      background: #f39c12;
      border-radius: 0.5em;
      color: white;
      font-weight: bold;
      padding: 2px 0.5em;
      
  at warn (/Users/andrejkoval/Dev/vivadzen/src/front/node_modules/@intlify/shared/dist/shared.mjs)
  at wrapWithDeps (/Users/andrejkoval/Dev/vivadzen/src/front/node_modules/vue-i18n/dist/vue-i18n.mjs)
  at Proxy.t (/Users/andrejkoval/Dev/vivadzen/src/front/node_modules/vue-i18n/dist/vue-i18n.mjs)
 @ http://localhost:3001/_nuxt/@fs/Users/andrejkoval/Dev/vivadzen/src/front/node_modules/consola/dist/browser.mjs?v=10181baa:47
[     426ms] [WARNING] %cssr:warn%c [intlify] Not found 'logo_alt' key in 'ru' locale messages. 
      background: #f39c12;
      border-radius: 0.5em;
      color: white;
      font-weight: bold;
      padding: 2px 0.5em;
      
  at warn (/Users/andrejkoval/Dev/vivadzen/src/front/node_modules/@intlify/shared/dist/shared.mjs)
  at handleMissing (/Users/andrejkoval/Dev/vivadzen/src/front/node_modules/@intlify/core-base/dist/core-base.mjs)
  at resolveMessageFormat (/Users/andrejkoval/Dev/vivadzen/src/front/node_modules/@intlify/core-base/dist/core-base.mjs)
 @ http://localhost:3001/_nuxt/@fs/Users/andrejkoval/Dev/vivadzen/src/front/node_modules/consola/dist/browser.mjs?v=10181baa:47
[     426ms] [WARNING] %cssr:warn%c [intlify] Fall back to translate 'logo_alt' key with 'cs' locale. 
      background: #f39c12;
      border-radius: 0.5em;
      color: white;
      font-weight: bold;
      padding: 2px 0.5em;
      
  at warn (/Users/andrejkoval/Dev/vivadzen/src/front/node_modules/@intlify/shared/dist/shared.mjs)
  at resolveMessageFormat (/Users/andrejkoval/Dev/vivadzen/src/front/node_modules/@intlify/core-base/dist/core-base.mjs)
  at translate (/Users/andrejkoval/Dev/vivadzen/src/front/node_modules/@intlify/core-base/dist/core-base.mjs)
 @ http://localhost:3001/_nuxt/@fs/Users/andrejkoval/Dev/vivadzen/src/front/node_modules/consola/dist/browser.mjs?v=10181baa:47
[     426ms] [WARNING] %cssr:warn%c [intlify] Not found 'logo_alt' key in 'cs' locale messages. 
      background: #f39c12;
      border-radius: 0.5em;
      color: white;
      font-weight: bold;
      padding: 2px 0.5em;
      
  at warn (/Users/andrejkoval/Dev/vivadzen/src/front/node_modules/@intlify/shared/dist/shared.mjs)
  at handleMissing (/Users/andrejkoval/Dev/vivadzen/src/front/node_modules/@intlify/core-base/dist/core-base.mjs)
  at resolveMessageFormat (/Users/andrejkoval/Dev/vivadzen/src/front/node_modules/@intlify/core-base/dist/core-base.mjs)
 @ http://localhost:3001/_nuxt/@fs/Users/andrejkoval/Dev/vivadzen/src/front/node_modules/consola/dist/browser.mjs?v=10181baa:47
[     426ms] [WARNING] %cssr:warn%c [intlify] Not found 'button.login' key in 'ru' locale messages. 
      background: #f39c12;
      border-radius: 0.5em;
      color: white;
      font-weight: bold;
      padding: 2px 0.5em;
      
  at warn (/Users/andrejkoval/Dev/vivadzen/src/front/node_modules/@intlify/shared/dist/shared.mjs)
  at handleMissing (/Users/andrejkoval/Dev/vivadzen/src/front/node_modules/@intlify/core-base/dist/core-base.mjs)
  at resolveMessageFormat (/Users/andrejkoval/Dev/vivadzen/src/front/node_modules/@intlify/core-base/dist/core-base.mjs)
 @ http://localhost:3001/_nuxt/@fs/Users/andrejkoval/Dev/vivadzen/src/front/node_modules/consola/dist/browser.mjs?v=10181baa:47
[     426ms] [WARNING] %cssr:warn%c [intlify] Fall back to translate 'button.login' key with 'cs' locale. 
      background: #f39c12;
      border-radius: 0.5em;
      color: white;
      font-weight: bold;
      padding: 2px 0.5em;
      
  at warn (/Users/andrejkoval/Dev/vivadzen/src/front/node_modules/@intlify/shared/dist/shared.mjs)
  at resolveMessageFormat (/Users/andrejkoval/Dev/vivadzen/src/front/node_modules/@intlify/core-base/dist/core-base.mjs)
  at translate (/Users/andrejkoval/Dev/vivadzen/src/front/node_modules/@intlify/core-base/dist/core-base.mjs)
 @ http://localhost:3001/_nuxt/@fs/Users/andrejkoval/Dev/vivadzen/src/front/node_modules/consola/dist/browser.mjs?v=10181baa:47
[     426ms] [WARNING] %cssr:warn%c [intlify] Not found 'button.login' key in 'cs' locale messages. 
      background: #f39c12;
      border-radius: 0.5em;
      color: white;
      font-weight: bold;
      padding: 2px 0.5em;
      
  at warn (/Users/andrejkoval/Dev/vivadzen/src/front/node_modules/@intlify/shared/dist/shared.mjs)
  at handleMissing (/Users/andrejkoval/Dev/vivadzen/src/front/node_modules/@intlify/core-base/dist/core-base.mjs)
  at resolveMessageFormat (/Users/andrejkoval/Dev/vivadzen/src/front/node_modules/@intlify/core-base/dist/core-base.mjs)
 @ http://localhost:3001/_nuxt/@fs/Users/andrejkoval/Dev/vivadzen/src/front/node_modules/consola/dist/browser.mjs?v=10181baa:47
[     426ms] [WARNING] %cssr:warn%c [intlify] Fall back to translate 'button.login' with root locale. 
      background: #f39c12;
      border-radius: 0.5em;
      color: white;
      font-weight: bold;
      padding: 2px 0.5em;
      
  at warn (/Users/andrejkoval/Dev/vivadzen/src/front/node_modules/@intlify/shared/dist/shared.mjs)
  at wrapWithDeps (/Users/andrejkoval/Dev/vivadzen/src/front/node_modules/vue-i18n/dist/vue-i18n.mjs)
  at t (/Users/andrejkoval/Dev/vivadzen/src/front/node_modules/vue-i18n/dist/vue-i18n.mjs)
 @ http://localhost:3001/_nuxt/@fs/Users/andrejkoval/Dev/vivadzen/src/front/node_modules/consola/dist/browser.mjs?v=10181baa:47
[     426ms] [WARNING] %cssr:warn%c [intlify] Not found 'button.login' key in 'ru' locale messages. 
      background: #f39c12;
      border-radius: 0.5em;
      color: white;
      font-weight: bold;
      padding: 2px 0.5em;
      
  at warn (/Users/andrejkoval/Dev/vivadzen/src/front/node_modules/@intlify/shared/dist/shared.mjs)
  at handleMissing (/Users/andrejkoval/Dev/vivadzen/src/front/node_modules/@intlify/core-base/dist/core-base.mjs)
  at resolveMessageFormat (/Users/andrejkoval/Dev/vivadzen/src/front/node_modules/@intlify/core-base/dist/core-base.mjs)
 @ http://localhost:3001/_nuxt/@fs/Users/andrejkoval/Dev/vivadzen/src/front/node_modules/consola/dist/browser.mjs?v=10181baa:47
[     426ms] [WARNING] %cssr:warn%c [intlify] Fall back to translate 'button.login' key with 'cs' locale. 
      background: #f39c12;
      border-radius: 0.5em;
      color: white;
      font-weight: bold;
      padding: 2px 0.5em;
      
  at warn (/Users/andrejkoval/Dev/vivadzen/src/front/node_modules/@intlify/shared/dist/shared.mjs)
  at resolveMessageFormat (/Users/andrejkoval/Dev/vivadzen/src/front/node_modules/@intlify/core-base/dist/core-base.mjs)
  at translate (/Users/andrejkoval/Dev/vivadzen/src/front/node_modules/@intlify/core-base/dist/core-base.mjs)
 @ http://localhost:3001/_nuxt/@fs/Users/andrejkoval/Dev/vivadzen/src/front/node_modules/consola/dist/browser.mjs?v=10181baa:47
[     426ms] [WARNING] %cssr:warn%c [intlify] Not found 'button.login' key in 'cs' locale messages. 
      background: #f39c12;
      border-radius: 0.5em;
      color: white;
      font-weight: bold;
      padding: 2px 0.5em;
      
  at warn (/Users/andrejkoval/Dev/vivadzen/src/front/node_modules/@intlify/shared/dist/shared.mjs)
  at handleMissing (/Users/andrejkoval/Dev/vivadzen/src/front/node_modules/@intlify/core-base/dist/core-base.mjs)
  at resolveMessageFormat (/Users/andrejkoval/Dev/vivadzen/src/front/node_modules/@intlify/core-base/dist/core-base.mjs)
 @ http://localhost:3001/_nuxt/@fs/Users/andrejkoval/Dev/vivadzen/src/front/node_modules/consola/dist/browser.mjs?v=10181baa:47
[     426ms] [WARNING] %cssr:warn%c [intlify] Not found 'title.cart' key in 'ru' locale messages. 
      background: #f39c12;
      border-radius: 0.5em;
      color: white;
      font-weight: bold;
      padding: 2px 0.5em;
      
  at warn (/Users/andrejkoval/Dev/vivadzen/src/front/node_modules/@intlify/shared/dist/shared.mjs)
  at handleMissing (/Users/andrejkoval/Dev/vivadzen/src/front/node_modules/@intlify/core-base/dist/core-base.mjs)
  at resolveMessageFormat (/Users/andrejkoval/Dev/vivadzen/src/front/node_modules/@intlify/core-base/dist/core-base.mjs)
 @ http://localhost:3001/_nuxt/@fs/Users/andrejkoval/Dev/vivadzen/src/front/node_modules/consola/dist/browser.mjs?v=10181baa:47
[     426ms] [WARNING] %cssr:warn%c [intlify] Fall back to translate 'title.cart' key with 'cs' locale. 
      background: #f39c12;
      border-radius: 0.5em;
      color: white;
      font-weight: bold;
      padding: 2px 0.5em;
      
  at warn (/Users/andrejkoval/Dev/vivadzen/src/front/node_modules/@intlify/shared/dist/shared.mjs)
  at resolveMessageFormat (/Users/andrejkoval/Dev/vivadzen/src/front/node_modules/@intlify/core-base/dist/core-base.mjs)
  at translate (/Users/andrejkoval/Dev/vivadzen/src/front/node_modules/@intlify/core-base/dist/core-base.mjs)
 @ http://localhost:3001/_nuxt/@fs/Users/andrejkoval/Dev/vivadzen/src/front/node_modules/consola/dist/browser.mjs?v=10181baa:47
[     426ms] [WARNING] %cssr:warn%c [intlify] Not found 'title.cart' key in 'cs' locale messages. 
      background: #f39c12;
      border-radius: 0.5em;
      color: white;
      font-weight: bold;
      padding: 2px 0.5em;
      
  at warn (/Users/andrejkoval/Dev/vivadzen/src/front/node_modules/@intlify/shared/dist/shared.mjs)
  at handleMissing (/Users/andrejkoval/Dev/vivadzen/src/front/node_modules/@intlify/core-base/dist/core-base.mjs)
  at resolveMessageFormat (/Users/andrejkoval/Dev/vivadzen/src/front/node_modules/@intlify/core-base/dist/core-base.mjs)
 @ http://localhost:3001/_nuxt/@fs/Users/andrejkoval/Dev/vivadzen/src/front/node_modules/consola/dist/browser.mjs?v=10181baa:47
[     426ms] [WARNING] %cssr:warn%c [intlify] Fall back to translate 'title.cart' with root locale. 
      background: #f39c12;
      border-radius: 0.5em;
      color: white;
      font-weight: bold;
      padding: 2px 0.5em;
      
  at warn (/Users/andrejkoval/Dev/vivadzen/src/front/node_modules/@intlify/shared/dist/shared.mjs)
  at wrapWithDeps (/Users/andrejkoval/Dev/vivadzen/src/front/node_modules/vue-i18n/dist/vue-i18n.mjs)
  at Proxy.t (/Users/andrejkoval/Dev/vivadzen/src/front/node_modules/vue-i18n/dist/vue-i18n.mjs)
 @ http://localhost:3001/_nuxt/@fs/Users/andrejkoval/Dev/vivadzen/src/front/node_modules/consola/dist/browser.mjs?v=10181baa:47
[     426ms] [WARNING] %cssr:warn%c [intlify] Not found 'title.catalog' key in 'ru' locale messages. 
      background: #f39c12;
      border-radius: 0.5em;
      color: white;
      font-weight: bold;
      padding: 2px 0.5em;
      
  at warn (/Users/andrejkoval/Dev/vivadzen/src/front/node_modules/@intlify/shared/dist/shared.mjs)
  at handleMissing (/Users/andrejkoval/Dev/vivadzen/src/front/node_modules/@intlify/core-base/dist/core-base.mjs)
  at resolveMessageFormat (/Users/andrejkoval/Dev/vivadzen/src/front/node_modules/@intlify/core-base/dist/core-base.mjs)
 @ http://localhost:3001/_nuxt/@fs/Users/andrejkoval/Dev/vivadzen/src/front/node_modules/consola/dist/browser.mjs?v=10181baa:47
[     426ms] [WARNING] %cssr:warn%c [intlify] Fall back to translate 'title.catalog' key with 'cs' locale. 
      background: #f39c12;
      border-radius: 0.5em;
      color: white;
      font-weight: bold;
      padding: 2px 0.5em;
      
  at warn (/Users/andrejkoval/Dev/vivadzen/src/front/node_modules/@intlify/shared/dist/shared.mjs)
  at resolveMessageFormat (/Users/andrejkoval/Dev/vivadzen/src/front/node_modules/@intlify/core-base/dist/core-base.mjs)
  at translate (/Users/andrejkoval/Dev/vivadzen/src/front/node_modules/@intlify/core-base/dist/core-base.mjs)
 @ http://localhost:3001/_nuxt/@fs/Users/andrejkoval/Dev/vivadzen/src/front/node_modules/consola/dist/browser.mjs?v=10181baa:47
[     426ms] [WARNING] %cssr:warn%c [intlify] Not found 'title.catalog' key in 'cs' locale messages. 
      background: #f39c12;
      border-radius: 0.5em;
      color: white;
      font-weight: bold;
      padding: 2px 0.5em;
      
  at warn (/Users/andrejkoval/Dev/vivadzen/src/front/node_modules/@intlify/shared/dist/shared.mjs)
  at handleMissing (/Users/andrejkoval/Dev/vivadzen/src/front/node_modules/@intlify/core-base/dist/core-base.mjs)
  at resolveMessageFormat (/Users/andrejkoval/Dev/vivadzen/src/front/node_modules/@intlify/core-base/dist/core-base.mjs)
 @ http://localhost:3001/_nuxt/@fs/Users/andrejkoval/Dev/vivadzen/src/front/node_modules/consola/dist/browser.mjs?v=10181baa:47
[     426ms] [WARNING] %cssr:warn%c [intlify] Fall back to translate 'title.catalog' with root locale. 
      background: #f39c12;
      border-radius: 0.5em;
      color: white;
      font-weight: bold;
      padding: 2px 0.5em;
      
  at warn (/Users/andrejkoval/Dev/vivadzen/src/front/node_modules/@intlify/shared/dist/shared.mjs)
  at wrapWithDeps (/Users/andrejkoval/Dev/vivadzen/src/front/node_modules/vue-i18n/dist/vue-i18n.mjs)
  at t (/Users/andrejkoval/Dev/vivadzen/src/front/node_modules/vue-i18n/dist/vue-i18n.mjs)
 @ http://localhost:3001/_nuxt/@fs/Users/andrejkoval/Dev/vivadzen/src/front/node_modules/consola/dist/browser.mjs?v=10181baa:47
[     426ms] [WARNING] %cssr:warn%c [intlify] Not found 'title.delivery' key in 'ru' locale messages. 
      background: #f39c12;
      border-radius: 0.5em;
      color: white;
      font-weight: bold;
      padding: 2px 0.5em;
      
  at warn (/Users/andrejkoval/Dev/vivadzen/src/front/node_modules/@intlify/shared/dist/shared.mjs)
  at handleMissing (/Users/andrejkoval/Dev/vivadzen/src/front/node_modules/@intlify/core-base/dist/core-base.mjs)
  at resolveMessageFormat (/Users/andrejkoval/Dev/vivadzen/src/front/node_modules/@intlify/core-base/dist/core-base.mjs)
 @ http://localhost:3001/_nuxt/@fs/Users/andrejkoval/Dev/vivadzen/src/front/node_modules/consola/dist/browser.mjs?v=10181baa:47
[     426ms] [WARNING] %cssr:warn%c [intlify] Fall back to translate 'title.delivery' key with 'cs' locale. 
      background: #f39c12;
      border-radius: 0.5em;
      color: white;
      font-weight: bold;
      padding: 2px 0.5em;
      
  at warn (/Users/andrejkoval/Dev/vivadzen/src/front/node_modules/@intlify/shared/dist/shared.mjs)
  at resolveMessageFormat (/Users/andrejkoval/Dev/vivadzen/src/front/node_modules/@intlify/core-base/dist/core-base.mjs)
  at translate (/Users/andrejkoval/Dev/vivadzen/src/front/node_modules/@intlify/core-base/dist/core-base.mjs)
 @ http://localhost:3001/_nuxt/@fs/Users/andrejkoval/Dev/vivadzen/src/front/node_modules/consola/dist/browser.mjs?v=10181baa:47
[     426ms] [WARNING] %cssr:warn%c [intlify] Not found 'title.delivery' key in 'cs' locale messages. 
      background: #f39c12;
      border-radius: 0.5em;
      color: white;
      font-weight: bold;
      padding: 2px 0.5em;
      
  at warn (/Users/andrejkoval/Dev/vivadzen/src/front/node_modules/@intlify/shared/dist/shared.mjs)
  at handleMissing (/Users/andrejkoval/Dev/vivadzen/src/front/node_modules/@intlify/core-base/dist/core-base.mjs)
  at resolveMessageFormat (/Users/andrejkoval/Dev/vivadzen/src/front/node_modules/@intlify/core-base/dist/core-base.mjs)
 @ http://localhost:3001/_nuxt/@fs/Users/andrejkoval/Dev/vivadzen/src/front/node_modules/consola/dist/browser.mjs?v=10181baa:47
[     426ms] [WARNING] %cssr:warn%c [intlify] Fall back to translate 'title.delivery' with root locale. 
      background: #f39c12;
      border-radius: 0.5em;
      color: white;
      font-weight: bold;
      padding: 2px 0.5em;
      
  at warn (/Users/andrejkoval/Dev/vivadzen/src/front/node_modules/@intlify/shared/dist/shared.mjs)
  at wrapWithDeps (/Users/andrejkoval/Dev/vivadzen/src/front/node_modules/vue-i18n/dist/vue-i18n.mjs)
  at t (/Users/andrejkoval/Dev/vivadzen/src/front/node_modules/vue-i18n/dist/vue-i18n.mjs)
 @ http://localhost:3001/_nuxt/@fs/Users/andrejkoval/Dev/vivadzen/src/front/node_modules/consola/dist/browser.mjs?v=10181baa:47
[     426ms] [WARNING] %cssr:warn%c [intlify] Not found 'title.payment' key in 'ru' locale messages. 
      background: #f39c12;
      border-radius: 0.5em;
      color: white;
      font-weight: bold;
      padding: 2px 0.5em;
      
  at warn (/Users/andrejkoval/Dev/vivadzen/src/front/node_modules/@intlify/shared/dist/shared.mjs)
  at handleMissing (/Users/andrejkoval/Dev/vivadzen/src/front/node_modules/@intlify/core-base/dist/core-base.mjs)
  at resolveMessageFormat (/Users/andrejkoval/Dev/vivadzen/src/front/node_modules/@intlify/core-base/dist/core-base.mjs)
 @ http://localhost:3001/_nuxt/@fs/Users/andrejkoval/Dev/vivadzen/src/front/node_modules/consola/dist/browser.mjs?v=10181baa:47
[     426ms] [WARNING] %cssr:warn%c [intlify] Fall back to translate 'title.payment' key with 'cs' locale. 
      background: #f39c12;
      border-radius: 0.5em;
      color: white;
      font-weight: bold;
      padding: 2px 0.5em;
      
  at warn (/Users/andrejkoval/Dev/vivadzen/src/front/node_modules/@intlify/shared/dist/shared.mjs)
  at resolveMessageFormat (/Users/andrejkoval/Dev/vivadzen/src/front/node_modules/@intlify/core-base/dist/core-base.mjs)
  at translate (/Users/andrejkoval/Dev/vivadzen/src/front/node_modules/@intlify/core-base/dist/core-base.mjs)
 @ http://localhost:3001/_nuxt/@fs/Users/andrejkoval/Dev/vivadzen/src/front/node_modules/consola/dist/browser.mjs?v=10181baa:47
[     426ms] [WARNING] %cssr:warn%c [intlify] Not found 'title.payment' key in 'cs' locale messages. 
      background: #f39c12;
      border-radius: 0.5em;
      color: white;
      font-weight: bold;
      padding: 2px 0.5em;
      
  at warn (/Users/andrejkoval/Dev/vivadzen/src/front/node_modules/@intlify/shared/dist/shared.mjs)
  at handleMissing (/Users/andrejkoval/Dev/vivadzen/src/front/node_modules/@intlify/core-base/dist/core-base.mjs)
  at resolveMessageFormat (/Users/andrejkoval/Dev/vivadzen/src/front/node_modules/@intlify/core-base/dist/core-base.mjs)
 @ http://localhost:3001/_nuxt/@fs/Users/andrejkoval/Dev/vivadzen/src/front/node_modules/consola/dist/browser.mjs?v=10181baa:47
[     426ms] [WARNING] %cssr:warn%c [intlify] Fall back to translate 'title.payment' with root locale. 
      background: #f39c12;
      border-radius: 0.5em;
      color: white;
      font-weight: bold;
      padding: 2px 0.5em;
      
  at warn (/Users/andrejkoval/Dev/vivadzen/src/front/node_modules/@intlify/shared/dist/shared.mjs)
  at wrapWithDeps (/Users/andrejkoval/Dev/vivadzen/src/front/node_modules/vue-i18n/dist/vue-i18n.mjs)
  at t (/Users/andrejkoval/Dev/vivadzen/src/front/node_modules/vue-i18n/dist/vue-i18n.mjs)
 @ http://localhost:3001/_nuxt/@fs/Users/andrejkoval/Dev/vivadzen/src/front/node_modules/consola/dist/browser.mjs?v=10181baa:47
[     426ms] [WARNING] %cssr:warn%c [intlify] Not found 'title.age_verification' key in 'ru' locale messages. 
      background: #f39c12;
      border-radius: 0.5em;
      color: white;
      font-weight: bold;
      padding: 2px 0.5em;
      
  at warn (/Users/andrejkoval/Dev/vivadzen/src/front/node_modules/@intlify/shared/dist/shared.mjs)
  at handleMissing (/Users/andrejkoval/Dev/vivadzen/src/front/node_modules/@intlify/core-base/dist/core-base.mjs)
  at resolveMessageFormat (/Users/andrejkoval/Dev/vivadzen/src/front/node_modules/@intlify/core-base/dist/core-base.mjs)
 @ http://localhost:3001/_nuxt/@fs/Users/andrejkoval/Dev/vivadzen/src/front/node_modules/consola/dist/browser.mjs?v=10181baa:47
[     426ms] [WARNING] %cssr:warn%c [intlify] Fall back to translate 'title.age_verification' key with 'cs' locale. 
      background: #f39c12;
      border-radius: 0.5em;
      color: white;
      font-weight: bold;
      padding: 2px 0.5em;
      
  at warn (/Users/andrejkoval/Dev/vivadzen/src/front/node_modules/@intlify/shared/dist/shared.mjs)
  at resolveMessageFormat (/Users/andrejkoval/Dev/vivadzen/src/front/node_modules/@intlify/core-base/dist/core-base.mjs)
  at translate (/Users/andrejkoval/Dev/vivadzen/src/front/node_modules/@intlify/core-base/dist/core-base.mjs)
 @ http://localhost:3001/_nuxt/@fs/Users/andrejkoval/Dev/vivadzen/src/front/node_modules/consola/dist/browser.mjs?v=10181baa:47
[     426ms] [WARNING] %cssr:warn%c [intlify] Not found 'title.age_verification' key in 'cs' locale messages. 
      background: #f39c12;
      border-radius: 0.5em;
      color: white;
      font-weight: bold;
      padding: 2px 0.5em;
      
  at warn (/Users/andrejkoval/Dev/vivadzen/src/front/node_modules/@intlify/shared/dist/shared.mjs)
  at handleMissing (/Users/andrejkoval/Dev/vivadzen/src/front/node_modules/@intlify/core-base/dist/core-base.mjs)
  at resolveMessageFormat (/Users/andrejkoval/Dev/vivadzen/src/front/node_modules/@intlify/core-base/dist/core-base.mjs)
 @ http://localhost:3001/_nuxt/@fs/Users/andrejkoval/Dev/vivadzen/src/front/node_modules/consola/dist/browser.mjs?v=10181baa:47
[     426ms] [WARNING] %cssr:warn%c [intlify] Fall back to translate 'title.age_verification' with root locale. 
      background: #f39c12;
      border-radius: 0.5em;
      color: white;
      font-weight: bold;
      padding: 2px 0.5em;
      
  at warn (/Users/andrejkoval/Dev/vivadzen/src/front/node_modules/@intlify/shared/dist/shared.mjs)
  at wrapWithDeps (/Users/andrejkoval/Dev/vivadzen/src/front/node_modules/vue-i18n/dist/vue-i18n.mjs)
  at t (/Users/andrejkoval/Dev/vivadzen/src/front/node_modules/vue-i18n/dist/vue-i18n.mjs)
 @ http://localhost:3001/_nuxt/@fs/Users/andrejkoval/Dev/vivadzen/src/front/node_modules/consola/dist/browser.mjs?v=10181baa:47
[     426ms] [WARNING] %cssr:warn%c [intlify] Not found 'title.reviews' key in 'ru' locale messages. 
      background: #f39c12;
      border-radius: 0.5em;
      color: white;
      font-weight: bold;
      padding: 2px 0.5em;
      
  at warn (/Users/andrejkoval/Dev/vivadzen/src/front/node_modules/@intlify/shared/dist/shared.mjs)
  at handleMissing (/Users/andrejkoval/Dev/vivadzen/src/front/node_modules/@intlify/core-base/dist/core-base.mjs)
  at resolveMessageFormat (/Users/andrejkoval/Dev/vivadzen/src/front/node_modules/@intlify/core-base/dist/core-base.mjs)
 @ http://localhost:3001/_nuxt/@fs/Users/andrejkoval/Dev/vivadzen/src/front/node_modules/consola/dist/browser.mjs?v=10181baa:47
[     426ms] [WARNING] %cssr:warn%c [intlify] Fall back to translate 'title.reviews' key with 'cs' locale. 
      background: #f39c12;
      border-radius: 0.5em;
      color: white;
      font-weight: bold;
      padding: 2px 0.5em;
      
  at warn (/Users/andrejkoval/Dev/vivadzen/src/front/node_modules/@intlify/shared/dist/shared.mjs)
  at resolveMessageFormat (/Users/andrejkoval/Dev/vivadzen/src/front/node_modules/@intlify/core-base/dist/core-base.mjs)
  at translate (/Users/andrejkoval/Dev/vivadzen/src/front/node_modules/@intlify/core-base/dist/core-base.mjs)
 @ http://localhost:3001/_nuxt/@fs/Users/andrejkoval/Dev/vivadzen/src/front/node_modules/consola/dist/browser.mjs?v=10181baa:47
[     426ms] [WARNING] %cssr:warn%c [intlify] Not found 'title.reviews' key in 'cs' locale messages. 
      background: #f39c12;
      border-radius: 0.5em;
      color: white;
      font-weight: bold;
      padding: 2px 0.5em;
      
  at warn (/Users/andrejkoval/Dev/vivadzen/src/front/node_modules/@intlify/shared/dist/shared.mjs)
  at handleMissing (/Users/andrejkoval/Dev/vivadzen/src/front/node_modules/@intlify/core-base/dist/core-base.mjs)
  at resolveMessageFormat (/Users/andrejkoval/Dev/vivadzen/src/front/node_modules/@intlify/core-base/dist/core-base.mjs)
 @ http://localhost:3001/_nuxt/@fs/Users/andrejkoval/Dev/vivadzen/src/front/node_modules/consola/dist/browser.mjs?v=10181baa:47
[     426ms] [WARNING] %cssr:warn%c [intlify] Fall back to translate 'title.reviews' with root locale. 
      background: #f39c12;
      border-radius: 0.5em;
      color: white;
      font-weight: bold;
      padding: 2px 0.5em;
      
  at warn (/Users/andrejkoval/Dev/vivadzen/src/front/node_modules/@intlify/shared/dist/shared.mjs)
  at wrapWithDeps (/Users/andrejkoval/Dev/vivadzen/src/front/node_modules/vue-i18n/dist/vue-i18n.mjs)
  at t (/Users/andrejkoval/Dev/vivadzen/src/front/node_modules/vue-i18n/dist/vue-i18n.mjs)
 @ http://localhost:3001/_nuxt/@fs/Users/andrejkoval/Dev/vivadzen/src/front/node_modules/consola/dist/browser.mjs?v=10181baa:47
[     426ms] [WARNING] %cssr:warn%c [intlify] Not found 'title.about' key in 'ru' locale messages. 
      background: #f39c12;
      border-radius: 0.5em;
      color: white;
      font-weight: bold;
      padding: 2px 0.5em;
      
  at warn (/Users/andrejkoval/Dev/vivadzen/src/front/node_modules/@intlify/shared/dist/shared.mjs)
  at handleMissing (/Users/andrejkoval/Dev/vivadzen/src/front/node_modules/@intlify/core-base/dist/core-base.mjs)
  at resolveMessageFormat (/Users/andrejkoval/Dev/vivadzen/src/front/node_modules/@intlify/core-base/dist/core-base.mjs)
 @ http://localhost:3001/_nuxt/@fs/Users/andrejkoval/Dev/vivadzen/src/front/node_modules/consola/dist/browser.mjs?v=10181baa:47
[     426ms] [WARNING] %cssr:warn%c [intlify] Fall back to translate 'title.about' key with 'cs' locale. 
      background: #f39c12;
      border-radius: 0.5em;
      color: white;
      font-weight: bold;
      padding: 2px 0.5em;
      
  at warn (/Users/andrejkoval/Dev/vivadzen/src/front/node_modules/@intlify/shared/dist/shared.mjs)
  at resolveMessageFormat (/Users/andrejkoval/Dev/vivadzen/src/front/node_modules/@intlify/core-base/dist/core-base.mjs)
  at translate (/Users/andrejkoval/Dev/vivadzen/src/front/node_modules/@intlify/core-base/dist/core-base.mjs)
 @ http://localhost:3001/_nuxt/@fs/Users/andrejkoval/Dev/vivadzen/src/front/node_modules/consola/dist/browser.mjs?v=10181baa:47
[     426ms] [WARNING] %cssr:warn%c [intlify] Not found 'title.about' key in 'cs' locale messages. 
      background: #f39c12;
      border-radius: 0.5em;
      color: white;
      font-weight: bold;
      padding: 2px 0.5em;
      
  at warn (/Users/andrejkoval/Dev/vivadzen/src/front/node_modules/@intlify/shared/dist/shared.mjs)
  at handleMissing (/Users/andrejkoval/Dev/vivadzen/src/front/node_modules/@intlify/core-base/dist/core-base.mjs)
  at resolveMessageFormat (/Users/andrejkoval/Dev/vivadzen/src/front/node_modules/@intlify/core-base/dist/core-base.mjs)
 @ http://localhost:3001/_nuxt/@fs/Users/andrejkoval/Dev/vivadzen/src/front/node_modules/consola/dist/browser.mjs?v=10181baa:47
[     426ms] [WARNING] %cssr:warn%c [intlify] Fall back to translate 'title.about' with root locale. 
      background: #f39c12;
      border-radius: 0.5em;
      color: white;
      font-weight: bold;
      padding: 2px 0.5em;
      
  at warn (/Users/andrejkoval/Dev/vivadzen/src/front/node_modules/@intlify/shared/dist/shared.mjs)
  at wrapWithDeps (/Users/andrejkoval/Dev/vivadzen/src/front/node_modules/vue-i18n/dist/vue-i18n.mjs)
  at t (/Users/andrejkoval/Dev/vivadzen/src/front/node_modules/vue-i18n/dist/vue-i18n.mjs)
 @ http://localhost:3001/_nuxt/@fs/Users/andrejkoval/Dev/vivadzen/src/front/node_modules/consola/dist/browser.mjs?v=10181baa:47
[     426ms] [WARNING] %cssr:warn%c [intlify] Not found 'title.contacts' key in 'ru' locale messages. 
      background: #f39c12;
      border-radius: 0.5em;
      color: white;
      font-weight: bold;
      padding: 2px 0.5em;
      
  at warn (/Users/andrejkoval/Dev/vivadzen/src/front/node_modules/@intlify/shared/dist/shared.mjs)
  at handleMissing (/Users/andrejkoval/Dev/vivadzen/src/front/node_modules/@intlify/core-base/dist/core-base.mjs)
  at resolveMessageFormat (/Users/andrejkoval/Dev/vivadzen/src/front/node_modules/@intlify/core-base/dist/core-base.mjs)
 @ http://localhost:3001/_nuxt/@fs/Users/andrejkoval/Dev/vivadzen/src/front/node_modules/consola/dist/browser.mjs?v=10181baa:47
[     426ms] [WARNING] %cssr:warn%c [intlify] Fall back to translate 'title.contacts' key with 'cs' locale. 
      background: #f39c12;
      border-radius: 0.5em;
      color: white;
      font-weight: bold;
      padding: 2px 0.5em;
      
  at warn (/Users/andrejkoval/Dev/vivadzen/src/front/node_modules/@intlify/shared/dist/shared.mjs)
  at resolveMessageFormat (/Users/andrejkoval/Dev/vivadzen/src/front/node_modules/@intlify/core-base/dist/core-base.mjs)
  at translate (/Users/andrejkoval/Dev/vivadzen/src/front/node_modules/@intlify/core-base/dist/core-base.mjs)
 @ http://localhost:3001/_nuxt/@fs/Users/andrejkoval/Dev/vivadzen/src/front/node_modules/consola/dist/browser.mjs?v=10181baa:47
[     426ms] [WARNING] %cssr:warn%c [intlify] Not found 'title.contacts' key in 'cs' locale messages. 
      background: #f39c12;
      border-radius: 0.5em;
      color: white;
      font-weight: bold;
      padding: 2px 0.5em;
      
  at warn (/Users/andrejkoval/Dev/vivadzen/src/front/node_modules/@intlify/shared/dist/shared.mjs)
  at handleMissing (/Users/andrejkoval/Dev/vivadzen/src/front/node_modules/@intlify/core-base/dist/core-base.mjs)
  at resolveMessageFormat (/Users/andrejkoval/Dev/vivadzen/src/front/node_modules/@intlify/core-base/dist/core-base.mjs)
 @ http://localhost:3001/_nuxt/@fs/Users/andrejkoval/Dev/vivadzen/src/front/node_modules/consola/dist/browser.mjs?v=10181baa:47
[     427ms] [WARNING] %cssr:warn%c [intlify] Fall back to translate 'title.contacts' with root locale. 
      background: #f39c12;
      border-radius: 0.5em;
      color: white;
      font-weight: bold;
      padding: 2px 0.5em;
      
  at warn (/Users/andrejkoval/Dev/vivadzen/src/front/node_modules/@intlify/shared/dist/shared.mjs)
  at wrapWithDeps (/Users/andrejkoval/Dev/vivadzen/src/front/node_modules/vue-i18n/dist/vue-i18n.mjs)
  at t (/Users/andrejkoval/Dev/vivadzen/src/front/node_modules/vue-i18n/dist/vue-i18n.mjs)
 @ http://localhost:3001/_nuxt/@fs/Users/andrejkoval/Dev/vivadzen/src/front/node_modules/consola/dist/browser.mjs?v=10181baa:47
[     427ms] [WARNING] %cssr:warn%c [intlify] Fall back to translate exists 'sections.0.lead' with root locale. 
      background: #f39c12;
      border-radius: 0.5em;
      color: white;
      font-weight: bold;
      padding: 2px 0.5em;
      
  at warn (/Users/andrejkoval/Dev/vivadzen/src/front/node_modules/@intlify/shared/dist/shared.mjs)
  at wrapWithDeps (/Users/andrejkoval/Dev/vivadzen/src/front/node_modules/vue-i18n/dist/vue-i18n.mjs)
  at te (/Users/andrejkoval/Dev/vivadzen/src/front/node_modules/vue-i18n/dist/vue-i18n.mjs)
 @ http://localhost:3001/_nuxt/@fs/Users/andrejkoval/Dev/vivadzen/src/front/node_modules/consola/dist/browser.mjs?v=10181baa:47
[     427ms] [WARNING] %cssr:warn%c [intlify] Fall back to translate exists 'sections.0.note' with root locale. 
      background: #f39c12;
      border-radius: 0.5em;
      color: white;
      font-weight: bold;
      padding: 2px 0.5em;
      
  at warn (/Users/andrejkoval/Dev/vivadzen/src/front/node_modules/@intlify/shared/dist/shared.mjs)
  at wrapWithDeps (/Users/andrejkoval/Dev/vivadzen/src/front/node_modules/vue-i18n/dist/vue-i18n.mjs)
  at te (/Users/andrejkoval/Dev/vivadzen/src/front/node_modules/vue-i18n/dist/vue-i18n.mjs)
 @ http://localhost:3001/_nuxt/@fs/Users/andrejkoval/Dev/vivadzen/src/front/node_modules/consola/dist/browser.mjs?v=10181baa:47
[     427ms] [WARNING] %cssr:warn%c [intlify] Fall back to translate exists 'sections.1.lead' with root locale. 
      background: #f39c12;
      border-radius: 0.5em;
      color: white;
      font-weight: bold;
      padding: 2px 0.5em;
      
  at warn (/Users/andrejkoval/Dev/vivadzen/src/front/node_modules/@intlify/shared/dist/shared.mjs)
  at wrapWithDeps (/Users/andrejkoval/Dev/vivadzen/src/front/node_modules/vue-i18n/dist/vue-i18n.mjs)
  at te (/Users/andrejkoval/Dev/vivadzen/src/front/node_modules/vue-i18n/dist/vue-i18n.mjs)
 @ http://localhost:3001/_nuxt/@fs/Users/andrejkoval/Dev/vivadzen/src/front/node_modules/consola/dist/browser.mjs?v=10181baa:47
[     427ms] [WARNING] %cssr:warn%c [intlify] Fall back to translate exists 'sections.3.lead' with root locale. 
      background: #f39c12;
      border-radius: 0.5em;
      color: white;
      font-weight: bold;
      padding: 2px 0.5em;
      
  at warn (/Users/andrejkoval/Dev/vivadzen/src/front/node_modules/@intlify/shared/dist/shared.mjs)
  at wrapWithDeps (/Users/andrejkoval/Dev/vivadzen/src/front/node_modules/vue-i18n/dist/vue-i18n.mjs)
  at te (/Users/andrejkoval/Dev/vivadzen/src/front/node_modules/vue-i18n/dist/vue-i18n.mjs)
 @ http://localhost:3001/_nuxt/@fs/Users/andrejkoval/Dev/vivadzen/src/front/node_modules/consola/dist/browser.mjs?v=10181baa:47
[     427ms] [WARNING] %cssr:warn%c [intlify] Fall back to translate exists 'sections.3.note' with root locale. 
      background: #f39c12;
      border-radius: 0.5em;
      color: white;
      font-weight: bold;
      padding: 2px 0.5em;
      
  at warn (/Users/andrejkoval/Dev/vivadzen/src/front/node_modules/@intlify/shared/dist/shared.mjs)
  at wrapWithDeps (/Users/andrejkoval/Dev/vivadzen/src/front/node_modules/vue-i18n/dist/vue-i18n.mjs)
  at te (/Users/andrejkoval/Dev/vivadzen/src/front/node_modules/vue-i18n/dist/vue-i18n.mjs)
 @ http://localhost:3001/_nuxt/@fs/Users/andrejkoval/Dev/vivadzen/src/front/node_modules/consola/dist/browser.mjs?v=10181baa:47
[     427ms] [WARNING] %cssr:warn%c [intlify] Fall back to translate exists 'sections.4.note' with root locale. 
      background: #f39c12;
      border-radius: 0.5em;
      color: white;
      font-weight: bold;
      padding: 2px 0.5em;
      
  at warn (/Users/andrejkoval/Dev/vivadzen/src/front/node_modules/@intlify/shared/dist/shared.mjs)
  at wrapWithDeps (/Users/andrejkoval/Dev/vivadzen/src/front/node_modules/vue-i18n/dist/vue-i18n.mjs)
  at te (/Users/andrejkoval/Dev/vivadzen/src/front/node_modules/vue-i18n/dist/vue-i18n.mjs)
 @ http://localhost:3001/_nuxt/@fs/Users/andrejkoval/Dev/vivadzen/src/front/node_modules/consola/dist/browser.mjs?v=10181baa:47
[     427ms] [LOG] %cssr%c %s: %s 
      background: #7f8c8d;
      border-radius: 0.5em;
      color: white;
      font-weight: bold;
      padding: 2px 0.5em;
      [nuxt-app] app:rendered 0.084ms 
  at timeLogImpl (node:internal/console/constructor)
  at node:internal/console/constructor
  at timeLogImpl (node:internal/util/debuglog)
 @ http://localhost:3001/_nuxt/@fs/Users/andrejkoval/Dev/vivadzen/src/front/node_modules/consola/dist/browser.mjs?v=10181baa:47
[     427ms] [LOG] %cssr%c %s: %s 
      background: #7f8c8d;
      border-radius: 0.5em;
      color: white;
      font-weight: bold;
      padding: 2px 0.5em;
      [nuxt-app] schema-org:meta 0.003ms 
  at timeLogImpl (node:internal/console/constructor)
  at node:internal/console/constructor
  at timeLogImpl (node:internal/util/debuglog)
 @ http://localhost:3001/_nuxt/@fs/Users/andrejkoval/Dev/vivadzen/src/front/node_modules/consola/dist/browser.mjs?v=10181baa:47
[     427ms] [LOG] [nuxt-app] dev:ssr-logs: 2.333984375 ms [Array(90)] @ http://localhost:3001/_nuxt/@fs/Users/andrejkoval/Dev/vivadzen/src/front/node_modules/hookable/dist/index.mjs?v=10181baa:271
[     429ms] [LOG] [nuxt-app] page:loading:start: 0.036865234375 ms [] @ http://localhost:3001/_nuxt/@fs/Users/andrejkoval/Dev/vivadzen/src/front/node_modules/hookable/dist/index.mjs?v=10181baa:271
[     450ms] [WARNING] Timer '[nuxt-app] i18n:beforeLocaleSwitch' already exists @ http://localhost:3001/_nuxt/@fs/Users/andrejkoval/Dev/vivadzen/src/front/node_modules/hookable/dist/index.mjs?v=10181baa:261
[     450ms] [LOG] [nuxt-app] i18n:beforeLocaleSwitch: 32.13916015625 ms [Object] @ http://localhost:3001/_nuxt/@fs/Users/andrejkoval/Dev/vivadzen/src/front/node_modules/hookable/dist/index.mjs?v=10181baa:271
[     451ms] [LOG] [nuxt-app] app:created: 22.304931640625 ms [Object] @ http://localhost:3001/_nuxt/@fs/Users/andrejkoval/Dev/vivadzen/src/front/node_modules/hookable/dist/index.mjs?v=10181baa:271
[     451ms] [LOG] [nuxt-app] app:beforeMount: 0.014892578125 ms [Object] @ http://localhost:3001/_nuxt/@fs/Users/andrejkoval/Dev/vivadzen/src/front/node_modules/hookable/dist/index.mjs?v=10181baa:271
[     451ms] [LOG] [nuxt-app] vue:setup: 0.137939453125 ms [] @ http://localhost:3001/_nuxt/@fs/Users/andrejkoval/Dev/vivadzen/src/front/node_modules/hookable/dist/index.mjs?v=10181baa:271
[     451ms] [INFO] <Suspense> is an experimental feature and its API will likely change. @ http://localhost:3001/_nuxt/@fs/Users/andrejkoval/Dev/vivadzen/src/front/node_modules/@vue/runtime-core/dist/runtime-core.esm-bundler.js?v=10181baa:7155
[     452ms] [LOG] [nuxt-app] app:mounted: 0.050048828125 ms [Object] @ http://localhost:3001/_nuxt/@fs/Users/andrejkoval/Dev/vivadzen/src/front/node_modules/hookable/dist/index.mjs?v=10181baa:271
[     459ms] [LOG] [Content] WS connect to ws://localhost:4000/ws @ http://localhost:3001/_nuxt/@fs/Users/andrejkoval/Dev/vivadzen/src/front/node_modules/@nuxt/content/dist/runtime/composables/web-socket.js?v=10181baa:4
[     493ms] [WARNING] [intlify] Not found 'title.catalog' key in 'ru' locale messages. @ http://localhost:3001/_nuxt/node_modules/.cache/vite/client/deps/chunk-LY4OWT6B.js?v=10181baa:3
[     493ms] [WARNING] [intlify] Fall back to translate 'title.catalog' key with 'cs' locale. @ http://localhost:3001/_nuxt/node_modules/.cache/vite/client/deps/chunk-LY4OWT6B.js?v=10181baa:3
[     493ms] [WARNING] [intlify] Not found 'title.catalog' key in 'cs' locale messages. @ http://localhost:3001/_nuxt/node_modules/.cache/vite/client/deps/chunk-LY4OWT6B.js?v=10181baa:3
[     493ms] [WARNING] [intlify] Fall back to translate 'title.catalog' with root locale. @ http://localhost:3001/_nuxt/node_modules/.cache/vite/client/deps/chunk-LY4OWT6B.js?v=10181baa:3
[     493ms] [WARNING] [intlify] Not found 'title.delivery' key in 'ru' locale messages. @ http://localhost:3001/_nuxt/node_modules/.cache/vite/client/deps/chunk-LY4OWT6B.js?v=10181baa:3
[     493ms] [WARNING] [intlify] Fall back to translate 'title.delivery' key with 'cs' locale. @ http://localhost:3001/_nuxt/node_modules/.cache/vite/client/deps/chunk-LY4OWT6B.js?v=10181baa:3
[     493ms] [WARNING] [intlify] Not found 'title.delivery' key in 'cs' locale messages. @ http://localhost:3001/_nuxt/node_modules/.cache/vite/client/deps/chunk-LY4OWT6B.js?v=10181baa:3
[     493ms] [WARNING] [intlify] Fall back to translate 'title.delivery' with root locale. @ http://localhost:3001/_nuxt/node_modules/.cache/vite/client/deps/chunk-LY4OWT6B.js?v=10181baa:3
[     493ms] [WARNING] [intlify] Not found 'title.payment' key in 'ru' locale messages. @ http://localhost:3001/_nuxt/node_modules/.cache/vite/client/deps/chunk-LY4OWT6B.js?v=10181baa:3
[     494ms] [WARNING] [intlify] Fall back to translate 'title.payment' key with 'cs' locale. @ http://localhost:3001/_nuxt/node_modules/.cache/vite/client/deps/chunk-LY4OWT6B.js?v=10181baa:3
[     494ms] [WARNING] [intlify] Not found 'title.payment' key in 'cs' locale messages. @ http://localhost:3001/_nuxt/node_modules/.cache/vite/client/deps/chunk-LY4OWT6B.js?v=10181baa:3
[     494ms] [WARNING] [intlify] Fall back to translate 'title.payment' with root locale. @ http://localhost:3001/_nuxt/node_modules/.cache/vite/client/deps/chunk-LY4OWT6B.js?v=10181baa:3
[     494ms] [WARNING] [intlify] Not found 'title.age_verification' key in 'ru' locale messages. @ http://localhost:3001/_nuxt/node_modules/.cache/vite/client/deps/chunk-LY4OWT6B.js?v=10181baa:3
[     494ms] [WARNING] [intlify] Fall back to translate 'title.age_verification' key with 'cs' locale. @ http://localhost:3001/_nuxt/node_modules/.cache/vite/client/deps/chunk-LY4OWT6B.js?v=10181baa:3
[     494ms] [WARNING] [intlify] Not found 'title.age_verification' key in 'cs' locale messages. @ http://localhost:3001/_nuxt/node_modules/.cache/vite/client/deps/chunk-LY4OWT6B.js?v=10181baa:3
[     494ms] [WARNING] [intlify] Fall back to translate 'title.age_verification' with root locale. @ http://localhost:3001/_nuxt/node_modules/.cache/vite/client/deps/chunk-LY4OWT6B.js?v=10181baa:3
[     494ms] [WARNING] [intlify] Not found 'title.reviews' key in 'ru' locale messages. @ http://localhost:3001/_nuxt/node_modules/.cache/vite/client/deps/chunk-LY4OWT6B.js?v=10181baa:3
[     494ms] [WARNING] [intlify] Fall back to translate 'title.reviews' key with 'cs' locale. @ http://localhost:3001/_nuxt/node_modules/.cache/vite/client/deps/chunk-LY4OWT6B.js?v=10181baa:3
[     494ms] [WARNING] [intlify] Not found 'title.reviews' key in 'cs' locale messages. @ http://localhost:3001/_nuxt/node_modules/.cache/vite/client/deps/chunk-LY4OWT6B.js?v=10181baa:3
[     494ms] [WARNING] [intlify] Fall back to translate 'title.reviews' with root locale. @ http://localhost:3001/_nuxt/node_modules/.cache/vite/client/deps/chunk-LY4OWT6B.js?v=10181baa:3
[     494ms] [WARNING] [intlify] Not found 'title.about' key in 'ru' locale messages. @ http://localhost:3001/_nuxt/node_modules/.cache/vite/client/deps/chunk-LY4OWT6B.js?v=10181baa:3
[     495ms] [WARNING] [intlify] Fall back to translate 'title.about' key with 'cs' locale. @ http://localhost:3001/_nuxt/node_modules/.cache/vite/client/deps/chunk-LY4OWT6B.js?v=10181baa:3
[     495ms] [WARNING] [intlify] Not found 'title.about' key in 'cs' locale messages. @ http://localhost:3001/_nuxt/node_modules/.cache/vite/client/deps/chunk-LY4OWT6B.js?v=10181baa:3
[     495ms] [WARNING] [intlify] Fall back to translate 'title.about' with root locale. @ http://localhost:3001/_nuxt/node_modules/.cache/vite/client/deps/chunk-LY4OWT6B.js?v=10181baa:3
[     495ms] [WARNING] [intlify] Not found 'title.contacts' key in 'ru' locale messages. @ http://localhost:3001/_nuxt/node_modules/.cache/vite/client/deps/chunk-LY4OWT6B.js?v=10181baa:3
[     495ms] [WARNING] [intlify] Fall back to translate 'title.contacts' key with 'cs' locale. @ http://localhost:3001/_nuxt/node_modules/.cache/vite/client/deps/chunk-LY4OWT6B.js?v=10181baa:3
[     495ms] [WARNING] [intlify] Not found 'title.contacts' key in 'cs' locale messages. @ http://localhost:3001/_nuxt/node_modules/.cache/vite/client/deps/chunk-LY4OWT6B.js?v=10181baa:3
[     495ms] [WARNING] [intlify] Fall back to translate 'title.contacts' with root locale. @ http://localhost:3001/_nuxt/node_modules/.cache/vite/client/deps/chunk-LY4OWT6B.js?v=10181baa:3
[     496ms] [WARNING] [intlify] Not found 'button.login' key in 'ru' locale messages. @ http://localhost:3001/_nuxt/node_modules/.cache/vite/client/deps/chunk-LY4OWT6B.js?v=10181baa:3
[     496ms] [WARNING] [intlify] Fall back to translate 'button.login' key with 'cs' locale. @ http://localhost:3001/_nuxt/node_modules/.cache/vite/client/deps/chunk-LY4OWT6B.js?v=10181baa:3
[     496ms] [WARNING] [intlify] Not found 'button.login' key in 'cs' locale messages. @ http://localhost:3001/_nuxt/node_modules/.cache/vite/client/deps/chunk-LY4OWT6B.js?v=10181baa:3
[     496ms] [WARNING] [intlify] Fall back to translate 'button.login' with root locale. @ http://localhost:3001/_nuxt/node_modules/.cache/vite/client/deps/chunk-LY4OWT6B.js?v=10181baa:3
[     496ms] [WARNING] [intlify] Not found 'button.login' key in 'ru' locale messages. @ http://localhost:3001/_nuxt/node_modules/.cache/vite/client/deps/chunk-LY4OWT6B.js?v=10181baa:3
[     496ms] [WARNING] [intlify] Fall back to translate 'button.login' key with 'cs' locale. @ http://localhost:3001/_nuxt/node_modules/.cache/vite/client/deps/chunk-LY4OWT6B.js?v=10181baa:3
[     496ms] [WARNING] [intlify] Not found 'button.login' key in 'cs' locale messages. @ http://localhost:3001/_nuxt/node_modules/.cache/vite/client/deps/chunk-LY4OWT6B.js?v=10181baa:3
[     496ms] [WARNING] [intlify] Not found 'title.cart' key in 'ru' locale messages. @ http://localhost:3001/_nuxt/node_modules/.cache/vite/client/deps/chunk-LY4OWT6B.js?v=10181baa:3
[     496ms] [WARNING] [intlify] Fall back to translate 'title.cart' key with 'cs' locale. @ http://localhost:3001/_nuxt/node_modules/.cache/vite/client/deps/chunk-LY4OWT6B.js?v=10181baa:3
[     496ms] [WARNING] [intlify] Not found 'title.cart' key in 'cs' locale messages. @ http://localhost:3001/_nuxt/node_modules/.cache/vite/client/deps/chunk-LY4OWT6B.js?v=10181baa:3
[     496ms] [WARNING] [intlify] Fall back to translate 'title.cart' with root locale. @ http://localhost:3001/_nuxt/node_modules/.cache/vite/client/deps/chunk-LY4OWT6B.js?v=10181baa:3
[     498ms] [WARNING] [intlify] Not found 'logo_alt' key in 'ru' locale messages. @ http://localhost:3001/_nuxt/node_modules/.cache/vite/client/deps/chunk-LY4OWT6B.js?v=10181baa:3
[     498ms] [WARNING] [intlify] Fall back to translate 'logo_alt' key with 'cs' locale. @ http://localhost:3001/_nuxt/node_modules/.cache/vite/client/deps/chunk-LY4OWT6B.js?v=10181baa:3
[     498ms] [WARNING] [intlify] Not found 'logo_alt' key in 'cs' locale messages. @ http://localhost:3001/_nuxt/node_modules/.cache/vite/client/deps/chunk-LY4OWT6B.js?v=10181baa:3
[     498ms] [WARNING] [intlify] Fall back to translate 'logo_alt' with root locale. @ http://localhost:3001/_nuxt/node_modules/.cache/vite/client/deps/chunk-LY4OWT6B.js?v=10181baa:3
[     498ms] [WARNING] [intlify] Not found 'logo_alt' key in 'ru' locale messages. @ http://localhost:3001/_nuxt/node_modules/.cache/vite/client/deps/chunk-LY4OWT6B.js?v=10181baa:3
[     499ms] [WARNING] [intlify] Fall back to translate 'logo_alt' key with 'cs' locale. @ http://localhost:3001/_nuxt/node_modules/.cache/vite/client/deps/chunk-LY4OWT6B.js?v=10181baa:3
[     499ms] [WARNING] [intlify] Not found 'logo_alt' key in 'cs' locale messages. @ http://localhost:3001/_nuxt/node_modules/.cache/vite/client/deps/chunk-LY4OWT6B.js?v=10181baa:3
[     500ms] [WARNING] [Vue warn]: Hydration style mismatch on JSHandle@node 
  - rendered on server: style="width:1em;height:1em;--c613ce94-iconUrl:url('https://api.iconify.design/iconoir/nav-arrow-down.svg');"
  - expected on client: style="width:1em;height:1em;"
  Note: this mismatch is check-only. The DOM will not be rectified in production due to performance overhead.
  You should fix the source of the mismatch. 
  at <IconCSS key=0 name="iconoir:nav-arrow-down" class="hero-header__nav-link-icon" > 
  at <RouterLink ref=fn to="/ru/catalog" activeClass=undefined  ... > 
  at <NuxtLink to="/ru/catalog" class="hero-header__nav-link hero-header__nav-link--catalog" onClick=fn > 
  at <Header> 
  at <Body style= {background: #f8f1e6, --kratom-page-theme: light, --kratom-page-background: #f8f1e6, --kratom-page-text: #1f2b1d, --kratom-page-muted: rgba(31, 43, 29, 0.68)} data-page-theme="light" > 
  at <Html lang="ru-RU" dir="ltr" > 
  at <Default ref=Ref< undefined > > 
  at <AsyncComponentWrapper ref=Ref< undefined > > 
  at <LayoutLoader key="default" layoutProps= {ref: RefImpl} name="default" > 
  at <NuxtLayoutProvider layoutProps= {ref: RefImpl} key="default" name="default"  ... > 
  at <NuxtLayout> 
  at <App key=4 > 
  at <NuxtRoot> @ http://localhost:3001/_nuxt/@fs/Users/andrejkoval/Dev/vivadzen/src/front/node_modules/@vue/runtime-core/dist/runtime-core.esm-bundler.js?v=10181baa:49
[     500ms] [ERROR] Hydration completed but contains mismatches. @ http://localhost:3001/_nuxt/@fs/Users/andrejkoval/Dev/vivadzen/src/front/node_modules/@vue/runtime-core/dist/runtime-core.esm-bundler.js?v=10181baa:1847
[     501ms] [WARNING] [Vue warn]: Hydration style mismatch on JSHandle@node 
  - rendered on server: style="width:1em;height:1em;--c613ce94-iconUrl:url('https://api.iconify.design/fluent/flash-24-regular.svg');"
  - expected on client: style="width:1em;height:1em;"
  Note: this mismatch is check-only. The DOM will not be rectified in production due to performance overhead.
  You should fix the source of the mismatch. 
  at <IconCSS name="fluent:flash-24-regular" class="hero-header__promo-cta-icon" > 
  at <Header> 
  at <Body style= {background: #f8f1e6, --kratom-page-theme: light, --kratom-page-background: #f8f1e6, --kratom-page-text: #1f2b1d, --kratom-page-muted: rgba(31, 43, 29, 0.68)} data-page-theme="light" > 
  at <Html lang="ru-RU" dir="ltr" > 
  at <Default ref=Ref< undefined > > 
  at <AsyncComponentWrapper ref=Ref< undefined > > 
  at <LayoutLoader key="default" layoutProps= {ref: RefImpl} name="default" > 
  at <NuxtLayoutProvider layoutProps= {ref: RefImpl} key="default" name="default"  ... > 
  at <NuxtLayout> 
  at <App key=4 > 
  at <NuxtRoot> @ http://localhost:3001/_nuxt/@fs/Users/andrejkoval/Dev/vivadzen/src/front/node_modules/@vue/runtime-core/dist/runtime-core.esm-bundler.js?v=10181baa:49
[     502ms] [WARNING] [Vue warn]: Hydration style mismatch on JSHandle@node 
  - rendered on server: style="width:1em;height:1em;--c613ce94-iconUrl:url('https://api.iconify.design/iconoir/nav-arrow-down.svg');"
  - expected on client: style="width:1em;height:1em;"
  Note: this mismatch is check-only. The DOM will not be rectified in production due to performance overhead.
  You should fix the source of the mismatch. 
  at <IconCSS name="iconoir:nav-arrow-down" class="lang-switcher__chevron" > 
  at <Header> 
  at <Body style= {background: #f8f1e6, --kratom-page-theme: light, --kratom-page-background: #f8f1e6, --kratom-page-text: #1f2b1d, --kratom-page-muted: rgba(31, 43, 29, 0.68)} data-page-theme="light" > 
  at <Html lang="ru-RU" dir="ltr" > 
  at <Default ref=Ref< undefined > > 
  at <AsyncComponentWrapper ref=Ref< undefined > > 
  at <LayoutLoader key="default" layoutProps= {ref: RefImpl} name="default" > 
  at <NuxtLayoutProvider layoutProps= {ref: RefImpl} key="default" name="default"  ... > 
  at <NuxtLayout> 
  at <App key=4 > 
  at <NuxtRoot> @ http://localhost:3001/_nuxt/@fs/Users/andrejkoval/Dev/vivadzen/src/front/node_modules/@vue/runtime-core/dist/runtime-core.esm-bundler.js?v=10181baa:49
[     502ms] [WARNING] [Vue warn]: Hydration style mismatch on JSHandle@node 
  - rendered on server: style="width:1em;height:1em;--c613ce94-iconUrl:url('https://api.iconify.design/ph/user-circle-fill.svg');"
  - expected on client: style="width:1em;height:1em;"
  Note: this mismatch is check-only. The DOM will not be rectified in production due to performance overhead.
  You should fix the source of the mismatch. 
  at <IconCSS key=1 name="ph:user-circle-fill" class="hero-header__account-icon" > 
  at <RouterLink ref=fn to="/ru/auth/login" activeClass=undefined  ... > 
  at <NuxtLink to="/ru/auth/login" class="hero-header__account" aria-label="button.login"  ... > 
  at <Header> 
  at <Body style= {background: #f8f1e6, --kratom-page-theme: light, --kratom-page-background: #f8f1e6, --kratom-page-text: #1f2b1d, --kratom-page-muted: rgba(31, 43, 29, 0.68)} data-page-theme="light" > 
  at <Html lang="ru-RU" dir="ltr" > 
  at <Default ref=Ref< undefined > > 
  at <AsyncComponentWrapper ref=Ref< undefined > > 
  at <LayoutLoader key="default" layoutProps= {ref: RefImpl} name="default" > 
  at <NuxtLayoutProvider layoutProps= {ref: RefImpl} key="default" name="default"  ... > 
  at <NuxtLayout> 
  at <App key=4 > 
  at <NuxtRoot> @ http://localhost:3001/_nuxt/@fs/Users/andrejkoval/Dev/vivadzen/src/front/node_modules/@vue/runtime-core/dist/runtime-core.esm-bundler.js?v=10181baa:49
[     502ms] [WARNING] [Vue warn]: Hydration style mismatch on JSHandle@node 
  - rendered on server: style="width:1em;height:1em;--c613ce94-iconUrl:url('https://api.iconify.design/ci/shopping-cart-01.svg');"
  - expected on client: style="width:1em;height:1em;"
  Note: this mismatch is check-only. The DOM will not be rectified in production due to performance overhead.
  You should fix the source of the mismatch. 
  at <IconCSS name="ci:shopping-cart-01" class="hero-header__cart-icon" > 
  at <Header> 
  at <Body style= {background: #f8f1e6, --kratom-page-theme: light, --kratom-page-background: #f8f1e6, --kratom-page-text: #1f2b1d, --kratom-page-muted: rgba(31, 43, 29, 0.68)} data-page-theme="light" > 
  at <Html lang="ru-RU" dir="ltr" > 
  at <Default ref=Ref< undefined > > 
  at <AsyncComponentWrapper ref=Ref< undefined > > 
  at <LayoutLoader key="default" layoutProps= {ref: RefImpl} name="default" > 
  at <NuxtLayoutProvider layoutProps= {ref: RefImpl} key="default" name="default"  ... > 
  at <NuxtLayout> 
  at <App key=4 > 
  at <NuxtRoot> @ http://localhost:3001/_nuxt/@fs/Users/andrejkoval/Dev/vivadzen/src/front/node_modules/@vue/runtime-core/dist/runtime-core.esm-bundler.js?v=10181baa:49
[     503ms] [WARNING] [Vue warn]: Hydration style mismatch on JSHandle@node 
  - rendered on server: style="width:1em;height:1em;--c613ce94-iconUrl:url('https://api.iconify.design/mynaui/telephone-call.svg');"
  - expected on client: style="width:1em;height:1em;"
  Note: this mismatch is check-only. The DOM will not be rectified in production due to performance overhead.
  You should fix the source of the mismatch. 
  at <IconCSS name="mynaui:telephone-call" class="hero-mobile-menu__contact-icon" > 
  at <Header> 
  at <Body style= {background: #f8f1e6, --kratom-page-theme: light, --kratom-page-background: #f8f1e6, --kratom-page-text: #1f2b1d, --kratom-page-muted: rgba(31, 43, 29, 0.68)} data-page-theme="light" > 
  at <Html lang="ru-RU" dir="ltr" > 
  at <Default ref=Ref< undefined > > 
  at <AsyncComponentWrapper ref=Ref< undefined > > 
  at <LayoutLoader key="default" layoutProps= {ref: RefImpl} name="default" > 
  at <NuxtLayoutProvider layoutProps= {ref: RefImpl} key="default" name="default"  ... > 
  at <NuxtLayout> 
  at <App key=4 > 
  at <NuxtRoot> @ http://localhost:3001/_nuxt/@fs/Users/andrejkoval/Dev/vivadzen/src/front/node_modules/@vue/runtime-core/dist/runtime-core.esm-bundler.js?v=10181baa:49
[     503ms] [WARNING] [Vue warn]: Hydration style mismatch on JSHandle@node 
  - rendered on server: style="width:1em;height:1em;--c613ce94-iconUrl:url('https://api.iconify.design/ic/round-alternate-email.svg');"
  - expected on client: style="width:1em;height:1em;"
  Note: this mismatch is check-only. The DOM will not be rectified in production due to performance overhead.
  You should fix the source of the mismatch. 
  at <IconCSS name="ic:round-alternate-email" class="hero-mobile-menu__contact-icon" > 
  at <Header> 
  at <Body style= {background: #f8f1e6, --kratom-page-theme: light, --kratom-page-background: #f8f1e6, --kratom-page-text: #1f2b1d, --kratom-page-muted: rgba(31, 43, 29, 0.68)} data-page-theme="light" > 
  at <Html lang="ru-RU" dir="ltr" > 
  at <Default ref=Ref< undefined > > 
  at <AsyncComponentWrapper ref=Ref< undefined > > 
  at <LayoutLoader key="default" layoutProps= {ref: RefImpl} name="default" > 
  at <NuxtLayoutProvider layoutProps= {ref: RefImpl} key="default" name="default"  ... > 
  at <NuxtLayout> 
  at <App key=4 > 
  at <NuxtRoot> @ http://localhost:3001/_nuxt/@fs/Users/andrejkoval/Dev/vivadzen/src/front/node_modules/@vue/runtime-core/dist/runtime-core.esm-bundler.js?v=10181baa:49
[     503ms] [WARNING] [Vue warn]: Hydration style mismatch on JSHandle@node 
  - rendered on server: style="width:1em;height:1em;--c613ce94-iconUrl:url('https://api.iconify.design/mynaui/location.svg');"
  - expected on client: style="width:1em;height:1em;"
  Note: this mismatch is check-only. The DOM will not be rectified in production due to performance overhead.
  You should fix the source of the mismatch. 
  at <IconCSS name="mynaui:location" class="hero-mobile-menu__contact-icon" > 
  at <Header> 
  at <Body style= {background: #f8f1e6, --kratom-page-theme: light, --kratom-page-background: #f8f1e6, --kratom-page-text: #1f2b1d, --kratom-page-muted: rgba(31, 43, 29, 0.68)} data-page-theme="light" > 
  at <Html lang="ru-RU" dir="ltr" > 
  at <Default ref=Ref< undefined > > 
  at <AsyncComponentWrapper ref=Ref< undefined > > 
  at <LayoutLoader key="default" layoutProps= {ref: RefImpl} name="default" > 
  at <NuxtLayoutProvider layoutProps= {ref: RefImpl} key="default" name="default"  ... > 
  at <NuxtLayout> 
  at <App key=4 > 
  at <NuxtRoot> @ http://localhost:3001/_nuxt/@fs/Users/andrejkoval/Dev/vivadzen/src/front/node_modules/@vue/runtime-core/dist/runtime-core.esm-bundler.js?v=10181baa:49
[     504ms] [WARNING] [Vue warn]: Hydration style mismatch on JSHandle@node 
  - rendered on server: style="width:1em;height:1em;--c613ce94-iconUrl:url('https://api.iconify.design/mynaui/clock-4.svg');"
  - expected on client: style="width:1em;height:1em;"
  Note: this mismatch is check-only. The DOM will not be rectified in production due to performance overhead.
  You should fix the source of the mismatch. 
  at <IconCSS name="mynaui:clock-4" class="hero-mobile-menu__contact-icon" > 
  at <Header> 
  at <Body style= {background: #f8f1e6, --kratom-page-theme: light, --kratom-page-background: #f8f1e6, --kratom-page-text: #1f2b1d, --kratom-page-muted: rgba(31, 43, 29, 0.68)} data-page-theme="light" > 
  at <Html lang="ru-RU" dir="ltr" > 
  at <Default ref=Ref< undefined > > 
  at <AsyncComponentWrapper ref=Ref< undefined > > 
  at <LayoutLoader key="default" layoutProps= {ref: RefImpl} name="default" > 
  at <NuxtLayoutProvider layoutProps= {ref: RefImpl} key="default" name="default"  ... > 
  at <NuxtLayout> 
  at <App key=4 > 
  at <NuxtRoot> @ http://localhost:3001/_nuxt/@fs/Users/andrejkoval/Dev/vivadzen/src/front/node_modules/@vue/runtime-core/dist/runtime-core.esm-bundler.js?v=10181baa:49
[     504ms] [WARNING] [Vue warn]: Hydration style mismatch on JSHandle@node 
  - rendered on server: style="width:1em;height:1em;--c613ce94-iconUrl:url('https://api.iconify.design/fluent/flash-24-regular.svg');"
  - expected on client: style="width:1em;height:1em;"
  Note: this mismatch is check-only. The DOM will not be rectified in production due to performance overhead.
  You should fix the source of the mismatch. 
  at <IconCSS name="fluent:flash-24-regular" class="icon" > 
  at <Header> 
  at <Body style= {background: #f8f1e6, --kratom-page-theme: light, --kratom-page-background: #f8f1e6, --kratom-page-text: #1f2b1d, --kratom-page-muted: rgba(31, 43, 29, 0.68)} data-page-theme="light" > 
  at <Html lang="ru-RU" dir="ltr" > 
  at <Default ref=Ref< undefined > > 
  at <AsyncComponentWrapper ref=Ref< undefined > > 
  at <LayoutLoader key="default" layoutProps= {ref: RefImpl} name="default" > 
  at <NuxtLayoutProvider layoutProps= {ref: RefImpl} key="default" name="default"  ... > 
  at <NuxtLayout> 
  at <App key=4 > 
  at <NuxtRoot> @ http://localhost:3001/_nuxt/@fs/Users/andrejkoval/Dev/vivadzen/src/front/node_modules/@vue/runtime-core/dist/runtime-core.esm-bundler.js?v=10181baa:49
[     505ms] [WARNING] [intlify] Fall back to translate exists 'sections.0.lead' with root locale. @ http://localhost:3001/_nuxt/node_modules/.cache/vite/client/deps/chunk-LY4OWT6B.js?v=10181baa:3
[     506ms] [WARNING] [intlify] Fall back to translate exists 'sections.0.note' with root locale. @ http://localhost:3001/_nuxt/node_modules/.cache/vite/client/deps/chunk-LY4OWT6B.js?v=10181baa:3
[     506ms] [WARNING] [intlify] Fall back to translate exists 'sections.1.lead' with root locale. @ http://localhost:3001/_nuxt/node_modules/.cache/vite/client/deps/chunk-LY4OWT6B.js?v=10181baa:3
[     506ms] [WARNING] [intlify] Fall back to translate exists 'sections.3.lead' with root locale. @ http://localhost:3001/_nuxt/node_modules/.cache/vite/client/deps/chunk-LY4OWT6B.js?v=10181baa:3
[     507ms] [WARNING] [intlify] Fall back to translate exists 'sections.3.note' with root locale. @ http://localhost:3001/_nuxt/node_modules/.cache/vite/client/deps/chunk-LY4OWT6B.js?v=10181baa:3
[     507ms] [WARNING] [intlify] Fall back to translate exists 'sections.4.note' with root locale. @ http://localhost:3001/_nuxt/node_modules/.cache/vite/client/deps/chunk-LY4OWT6B.js?v=10181baa:3
[     509ms] [WARNING] [Vue warn]: Hydration style mismatch on JSHandle@node 
  - rendered on server: style="width:1em;height:1em;--c613ce94-iconUrl:url('https://api.iconify.design/ph/arrow-up-bold.svg');"
  - expected on client: style="width:1em;height:1em;"
  Note: this mismatch is check-only. The DOM will not be rectified in production due to performance overhead.
  You should fix the source of the mismatch. 
  at <IconCSS name="ph:arrow-up-bold" class="scroll-top-button__icon" > 
  at <ScrollToTopButton> 
  at <FloatingButtons> 
  at <Body style= {background: #f8f1e6, --kratom-page-theme: light, --kratom-page-background: #f8f1e6, --kratom-page-text: #1f2b1d, --kratom-page-muted: rgba(31, 43, 29, 0.68)} data-page-theme="light" > 
  at <Html lang="ru-RU" dir="ltr" > 
  at <Default ref=Ref< undefined > > 
  at <AsyncComponentWrapper ref=Ref< undefined > > 
  at <LayoutLoader key="default" layoutProps= {ref: RefImpl} name="default" > 
  at <NuxtLayoutProvider layoutProps= {ref: RefImpl} key="default" name="default"  ... > 
  at <NuxtLayout> 
  at <App key=4 > 
  at <NuxtRoot> @ http://localhost:3001/_nuxt/@fs/Users/andrejkoval/Dev/vivadzen/src/front/node_modules/@vue/runtime-core/dist/runtime-core.esm-bundler.js?v=10181baa:49
[     509ms] [WARNING] [Vue warn]: Hydration style mismatch on JSHandle@node 
  - rendered on server: style="width:1em;height:1em;--c613ce94-iconUrl:url('https://api.iconify.design/ph/chat-circle-dots-fill.svg');"
  - expected on client: style="width:1em;height:1em;"
  Note: this mismatch is check-only. The DOM will not be rectified in production due to performance overhead.
  You should fix the source of the mismatch. 
  at <IconCSS name="ph:chat-circle-dots-fill" class="chat-support-button__icon" > 
  at <ChatSupportButton> 
  at <FloatingButtons> 
  at <Body style= {background: #f8f1e6, --kratom-page-theme: light, --kratom-page-background: #f8f1e6, --kratom-page-text: #1f2b1d, --kratom-page-muted: rgba(31, 43, 29, 0.68)} data-page-theme="light" > 
  at <Html lang="ru-RU" dir="ltr" > 
  at <Default ref=Ref< undefined > > 
  at <AsyncComponentWrapper ref=Ref< undefined > > 
  at <LayoutLoader key="default" layoutProps= {ref: RefImpl} name="default" > 
  at <NuxtLayoutProvider layoutProps= {ref: RefImpl} key="default" name="default"  ... > 
  at <NuxtLayout> 
  at <App key=4 > 
  at <NuxtRoot> @ http://localhost:3001/_nuxt/@fs/Users/andrejkoval/Dev/vivadzen/src/front/node_modules/@vue/runtime-core/dist/runtime-core.esm-bundler.js?v=10181baa:49
[     511ms] [WARNING] [Vue warn]: Hydration style mismatch on JSHandle@node 
  - rendered on server: style="width:1em;height:1em;--c613ce94-iconUrl:url('https://api.iconify.design/ph/telegram-logo.svg');"
  - expected on client: style="width:1em;height:1em;"
  Note: this mismatch is check-only. The DOM will not be rectified in production due to performance overhead.
  You should fix the source of the mismatch. 
  at <IconCSS name="ph:telegram-logo" > 
  at <SiteFooter> 
  at <Body style= {background: #f8f1e6, --kratom-page-theme: light, --kratom-page-background: #f8f1e6, --kratom-page-text: #1f2b1d, --kratom-page-muted: rgba(31, 43, 29, 0.68)} data-page-theme="light" > 
  at <Html lang="ru-RU" dir="ltr" > 
  at <Default ref=Ref< undefined > > 
  at <AsyncComponentWrapper ref=Ref< undefined > > 
  at <LayoutLoader key="default" layoutProps= {ref: RefImpl} name="default" > 
  at <NuxtLayoutProvider layoutProps= {ref: RefImpl} key="default" name="default"  ... > 
  at <NuxtLayout> 
  at <App key=4 > 
  at <NuxtRoot> @ http://localhost:3001/_nuxt/@fs/Users/andrejkoval/Dev/vivadzen/src/front/node_modules/@vue/runtime-core/dist/runtime-core.esm-bundler.js?v=10181baa:49
[     511ms] [WARNING] [Vue warn]: Hydration style mismatch on JSHandle@node 
  - rendered on server: style="width:1em;height:1em;--c613ce94-iconUrl:url('https://api.iconify.design/ph/whatsapp-logo.svg');"
  - expected on client: style="width:1em;height:1em;"
  Note: this mismatch is check-only. The DOM will not be rectified in production due to performance overhead.
  You should fix the source of the mismatch. 
  at <IconCSS name="ph:whatsapp-logo" > 
  at <SiteFooter> 
  at <Body style= {background: #f8f1e6, --kratom-page-theme: light, --kratom-page-background: #f8f1e6, --kratom-page-text: #1f2b1d, --kratom-page-muted: rgba(31, 43, 29, 0.68)} data-page-theme="light" > 
  at <Html lang="ru-RU" dir="ltr" > 
  at <Default ref=Ref< undefined > > 
  at <AsyncComponentWrapper ref=Ref< undefined > > 
  at <LayoutLoader key="default" layoutProps= {ref: RefImpl} name="default" > 
  at <NuxtLayoutProvider layoutProps= {ref: RefImpl} key="default" name="default"  ... > 
  at <NuxtLayout> 
  at <App key=4 > 
  at <NuxtRoot> @ http://localhost:3001/_nuxt/@fs/Users/andrejkoval/Dev/vivadzen/src/front/node_modules/@vue/runtime-core/dist/runtime-core.esm-bundler.js?v=10181baa:49
[     512ms] [WARNING] [Vue warn]: Hydration style mismatch on JSHandle@node 
  - rendered on server: style="width:1em;height:1em;--c613ce94-iconUrl:url('https://api.iconify.design/iconoir/instagram.svg');"
  - expected on client: style="width:1em;height:1em;"
  Note: this mismatch is check-only. The DOM will not be rectified in production due to performance overhead.
  You should fix the source of the mismatch. 
  at <IconCSS name="iconoir:instagram" > 
  at <SiteFooter> 
  at <Body style= {background: #f8f1e6, --kratom-page-theme: light, --kratom-page-background: #f8f1e6, --kratom-page-text: #1f2b1d, --kratom-page-muted: rgba(31, 43, 29, 0.68)} data-page-theme="light" > 
  at <Html lang="ru-RU" dir="ltr" > 
  at <Default ref=Ref< undefined > > 
  at <AsyncComponentWrapper ref=Ref< undefined > > 
  at <LayoutLoader key="default" layoutProps= {ref: RefImpl} name="default" > 
  at <NuxtLayoutProvider layoutProps= {ref: RefImpl} key="default" name="default"  ... > 
  at <NuxtLayout> 
  at <App key=4 > 
  at <NuxtRoot> @ http://localhost:3001/_nuxt/@fs/Users/andrejkoval/Dev/vivadzen/src/front/node_modules/@vue/runtime-core/dist/runtime-core.esm-bundler.js?v=10181baa:49
[     512ms] [WARNING] [Vue warn]: Hydration style mismatch on JSHandle@node 
  - rendered on server: style="width:1em;height:1em;--c613ce94-iconUrl:url('https://api.iconify.design/iconoir/facebook.svg');"
  - expected on client: style="width:1em;height:1em;"
  Note: this mismatch is check-only. The DOM will not be rectified in production due to performance overhead.
  You should fix the source of the mismatch. 
  at <IconCSS name="iconoir:facebook" > 
  at <SiteFooter> 
  at <Body style= {background: #f8f1e6, --kratom-page-theme: light, --kratom-page-background: #f8f1e6, --kratom-page-text: #1f2b1d, --kratom-page-muted: rgba(31, 43, 29, 0.68)} data-page-theme="light" > 
  at <Html lang="ru-RU" dir="ltr" > 
  at <Default ref=Ref< undefined > > 
  at <AsyncComponentWrapper ref=Ref< undefined > > 
  at <LayoutLoader key="default" layoutProps= {ref: RefImpl} name="default" > 
  at <NuxtLayoutProvider layoutProps= {ref: RefImpl} key="default" name="default"  ... > 
  at <NuxtLayout> 
  at <App key=4 > 
  at <NuxtRoot> @ http://localhost:3001/_nuxt/@fs/Users/andrejkoval/Dev/vivadzen/src/front/node_modules/@vue/runtime-core/dist/runtime-core.esm-bundler.js?v=10181baa:49
[     512ms] [WARNING] [Vue warn]: Hydration style mismatch on JSHandle@node 
  - rendered on server: style="width:1em;height:1em;--c613ce94-iconUrl:url('https://api.iconify.design/iconoir/youtube.svg');"
  - expected on client: style="width:1em;height:1em;"
  Note: this mismatch is check-only. The DOM will not be rectified in production due to performance overhead.
  You should fix the source of the mismatch. 
  at <IconCSS name="iconoir:youtube" > 
  at <SiteFooter> 
  at <Body style= {background: #f8f1e6, --kratom-page-theme: light, --kratom-page-background: #f8f1e6, --kratom-page-text: #1f2b1d, --kratom-page-muted: rgba(31, 43, 29, 0.68)} data-page-theme="light" > 
  at <Html lang="ru-RU" dir="ltr" > 
  at <Default ref=Ref< undefined > > 
  at <AsyncComponentWrapper ref=Ref< undefined > > 
  at <LayoutLoader key="default" layoutProps= {ref: RefImpl} name="default" > 
  at <NuxtLayoutProvider layoutProps= {ref: RefImpl} key="default" name="default"  ... > 
  at <NuxtLayout> 
  at <App key=4 > 
  at <NuxtRoot> @ http://localhost:3001/_nuxt/@fs/Users/andrejkoval/Dev/vivadzen/src/front/node_modules/@vue/runtime-core/dist/runtime-core.esm-bundler.js?v=10181baa:49
[     515ms] [LOG] [nuxt-app] page:finish: 1.12890625 ms [Object] @ http://localhost:3001/_nuxt/@fs/Users/andrejkoval/Dev/vivadzen/src/front/node_modules/hookable/dist/index.mjs?v=10181baa:271
[     515ms] [LOG] [nuxt-app] page:loading:end: 0.201904296875 ms [] @ http://localhost:3001/_nuxt/@fs/Users/andrejkoval/Dev/vivadzen/src/front/node_modules/hookable/dist/index.mjs?v=10181baa:271
[     518ms] [LOG] [Content] WS connected! @ http://localhost:3001/_nuxt/@fs/Users/andrejkoval/Dev/vivadzen/src/front/node_modules/@nuxt/content/dist/runtime/composables/web-socket.js?v=10181baa:4
[     522ms] [WARNING] [intlify] Not found 'title.cart' key in 'ru' locale messages. @ http://localhost:3001/_nuxt/node_modules/.cache/vite/client/deps/chunk-LY4OWT6B.js?v=10181baa:3
[     522ms] [WARNING] [intlify] Fall back to translate 'title.cart' key with 'cs' locale. @ http://localhost:3001/_nuxt/node_modules/.cache/vite/client/deps/chunk-LY4OWT6B.js?v=10181baa:3
[     522ms] [WARNING] [intlify] Not found 'title.cart' key in 'cs' locale messages. @ http://localhost:3001/_nuxt/node_modules/.cache/vite/client/deps/chunk-LY4OWT6B.js?v=10181baa:3
[     522ms] [WARNING] [intlify] Fall back to translate 'title.cart' with root locale. @ http://localhost:3001/_nuxt/node_modules/.cache/vite/client/deps/chunk-LY4OWT6B.js?v=10181baa:3
[     524ms] [WARNING] [intlify] Not found 'title.cart' key in 'ru' locale messages. @ http://localhost:3001/_nuxt/node_modules/.cache/vite/client/deps/chunk-LY4OWT6B.js?v=10181baa:3
[     524ms] [WARNING] [intlify] Fall back to translate 'title.cart' key with 'cs' locale. @ http://localhost:3001/_nuxt/node_modules/.cache/vite/client/deps/chunk-LY4OWT6B.js?v=10181baa:3
[     524ms] [WARNING] [intlify] Not found 'title.cart' key in 'cs' locale messages. @ http://localhost:3001/_nuxt/node_modules/.cache/vite/client/deps/chunk-LY4OWT6B.js?v=10181baa:3
[     524ms] [WARNING] [intlify] Fall back to translate 'title.cart' with root locale. @ http://localhost:3001/_nuxt/node_modules/.cache/vite/client/deps/chunk-LY4OWT6B.js?v=10181baa:3
[     527ms] [LOG] [nuxt-app] schema-org:meta: 0.039794921875 ms [Object] @ http://localhost:3001/_nuxt/@fs/Users/andrejkoval/Dev/vivadzen/src/front/node_modules/hookable/dist/index.mjs?v=10181baa:271
[     527ms] [LOG] [nuxt-app] app:suspense:resolve: 4.068115234375 ms [] @ http://localhost:3001/_nuxt/@fs/Users/andrejkoval/Dev/vivadzen/src/front/node_modules/hookable/dist/index.mjs?v=10181baa:271
[     601ms] [WARNING] [intlify] Not found 'logo_alt' key in 'ru' locale messages. @ http://localhost:3001/_nuxt/node_modules/.cache/vite/client/deps/chunk-LY4OWT6B.js?v=10181baa:3
[     601ms] [WARNING] [intlify] Fall back to translate 'logo_alt' key with 'cs' locale. @ http://localhost:3001/_nuxt/node_modules/.cache/vite/client/deps/chunk-LY4OWT6B.js?v=10181baa:3
[     601ms] [WARNING] [intlify] Not found 'logo_alt' key in 'cs' locale messages. @ http://localhost:3001/_nuxt/node_modules/.cache/vite/client/deps/chunk-LY4OWT6B.js?v=10181baa:3
[     601ms] [WARNING] [intlify] Fall back to translate 'logo_alt' with root locale. @ http://localhost:3001/_nuxt/node_modules/.cache/vite/client/deps/chunk-LY4OWT6B.js?v=10181baa:3
[     601ms] [WARNING] [intlify] Not found 'logo_alt' key in 'ru' locale messages. @ http://localhost:3001/_nuxt/node_modules/.cache/vite/client/deps/chunk-LY4OWT6B.js?v=10181baa:3
[     601ms] [WARNING] [intlify] Fall back to translate 'logo_alt' key with 'cs' locale. @ http://localhost:3001/_nuxt/node_modules/.cache/vite/client/deps/chunk-LY4OWT6B.js?v=10181baa:3
[     601ms] [WARNING] [intlify] Not found 'logo_alt' key in 'cs' locale messages. @ http://localhost:3001/_nuxt/node_modules/.cache/vite/client/deps/chunk-LY4OWT6B.js?v=10181baa:3
[     602ms] [LOG] [nuxt-app] link:prefetch: 1.837890625 ms [/ru] @ http://localhost:3001/_nuxt/@fs/Users/andrejkoval/Dev/vivadzen/src/front/node_modules/hookable/dist/index.mjs?v=10181baa:271
[     602ms] [LOG] [nuxt-app] link:prefetch : 1.69287109375 ms [/ru/catalog] @ http://localhost:3001/_nuxt/@fs/Users/andrejkoval/Dev/vivadzen/src/front/node_modules/hookable/dist/index.mjs?v=10181baa:271
[     602ms] [LOG] [nuxt-app] link:prefetch  : 1.681884765625 ms [/ru/catalog] @ http://localhost:3001/_nuxt/@fs/Users/andrejkoval/Dev/vivadzen/src/front/node_modules/hookable/dist/index.mjs?v=10181baa:271
[     602ms] [LOG] [nuxt-app] link:prefetch   : 1.72705078125 ms [/ru/delivery] @ http://localhost:3001/_nuxt/@fs/Users/andrejkoval/Dev/vivadzen/src/front/node_modules/hookable/dist/index.mjs?v=10181baa:271
[     602ms] [LOG] [nuxt-app] link:prefetch    : 1.73095703125 ms [/ru/payment] @ http://localhost:3001/_nuxt/@fs/Users/andrejkoval/Dev/vivadzen/src/front/node_modules/hookable/dist/index.mjs?v=10181baa:271
[     602ms] [LOG] [nuxt-app] link:prefetch     : 1.73388671875 ms [/ru/age-verification] @ http://localhost:3001/_nuxt/@fs/Users/andrejkoval/Dev/vivadzen/src/front/node_modules/hookable/dist/index.mjs?v=10181baa:271
[     602ms] [LOG] [nuxt-app] link:prefetch      : 1.778076171875 ms [/ru/reviews] @ http://localhost:3001/_nuxt/@fs/Users/andrejkoval/Dev/vivadzen/src/front/node_modules/hookable/dist/index.mjs?v=10181baa:271
[     602ms] [LOG] [nuxt-app] link:prefetch       : 1.77587890625 ms [/ru/about] @ http://localhost:3001/_nuxt/@fs/Users/andrejkoval/Dev/vivadzen/src/front/node_modules/hookable/dist/index.mjs?v=10181baa:271
[     602ms] [LOG] [nuxt-app] link:prefetch        : 1.819091796875 ms [/ru/contacts] @ http://localhost:3001/_nuxt/@fs/Users/andrejkoval/Dev/vivadzen/src/front/node_modules/hookable/dist/index.mjs?v=10181baa:271
[     602ms] [LOG] [nuxt-app] link:prefetch         : 1.863037109375 ms [/ru/auth/login] @ http://localhost:3001/_nuxt/@fs/Users/andrejkoval/Dev/vivadzen/src/front/node_modules/hookable/dist/index.mjs?v=10181baa:271
[     629ms] [ERROR] Failed to load resource: the server responded with a status of 504 (Outdated Optimize Dep) @ http://localhost:3001/_nuxt/node_modules/.cache/vite/client/deps/vivus.js?v=10181baa:0
[    4313ms] [LOG] [nuxt-delay-hydration] Hydration event timeout @ http://localhost:3001/ru/age-verification:127
[    8553ms] [WARNING] Timer '[nuxt-app] page:loading:start' already exists @ http://localhost:3001/_nuxt/@fs/Users/andrejkoval/Dev/vivadzen/src/front/node_modules/hookable/dist/index.mjs?v=10181baa:261
[    8553ms] [LOG] [nuxt-app] page:loading:start: 8124.68896484375 ms [] @ http://localhost:3001/_nuxt/@fs/Users/andrejkoval/Dev/vivadzen/src/front/node_modules/hookable/dist/index.mjs?v=10181baa:271
[    8554ms] [WARNING] Timer '[nuxt-app] page:loading:end' already exists @ http://localhost:3001/_nuxt/@fs/Users/andrejkoval/Dev/vivadzen/src/front/node_modules/hookable/dist/index.mjs?v=10181baa:261
[    8554ms] [WARNING] Timer '[nuxt-app] i18n:beforeLocaleSwitch' already exists @ http://localhost:3001/_nuxt/@fs/Users/andrejkoval/Dev/vivadzen/src/front/node_modules/hookable/dist/index.mjs?v=10181baa:261
[    8554ms] [LOG] [nuxt-app] page:loading:end: 8039.26806640625 ms [] @ http://localhost:3001/_nuxt/@fs/Users/andrejkoval/Dev/vivadzen/src/front/node_modules/hookable/dist/index.mjs?v=10181baa:271
[    8554ms] [LOG] [nuxt-app] i18n:beforeLocaleSwitch: 8136.257080078125 ms [Object] @ http://localhost:3001/_nuxt/@fs/Users/andrejkoval/Dev/vivadzen/src/front/node_modules/hookable/dist/index.mjs?v=10181baa:271
[    8556ms] [WARNING] Timer '[nuxt-app] page:loading:end' already exists @ http://localhost:3001/_nuxt/@fs/Users/andrejkoval/Dev/vivadzen/src/front/node_modules/hookable/dist/index.mjs?v=10181baa:261
[    8557ms] [LOG] [nuxt-app] page:loading:end: 8041.65087890625 ms [] @ http://localhost:3001/_nuxt/@fs/Users/andrejkoval/Dev/vivadzen/src/front/node_modules/hookable/dist/index.mjs?v=10181baa:271
[    8557ms] [WARNING] [Vue warn]: Unhandled error during execution of native event handler 
  at <RouterLink ref=fn to="/ru" activeClass=undefined  ... > 
  at <NuxtLink to="/ru" class="hero-header__logo-link" onClick=fn > 
  at <Header> 
  at <Body style= {background: #f8f1e6, --kratom-page-theme: light, --kratom-page-background: #f8f1e6, --kratom-page-text: #1f2b1d, --kratom-page-muted: rgba(31, 43, 29, 0.68)} data-page-theme="light" > 
  at <Html lang="ru-RU" dir="ltr" > 
  at <Default ref=Ref< Proxy(Object) > > 
  at <AsyncComponentWrapper ref=Ref< Proxy(Object) > > 
  at <LayoutLoader key="default" layoutProps= {ref: RefImpl} name="default" > 
  at <NuxtLayoutProvider layoutProps= {ref: RefImpl} key="default" name="default"  ... > 
  at <NuxtLayout> 
  at <App key=4 > 
  at <NuxtRoot> @ http://localhost:3001/_nuxt/@fs/Users/andrejkoval/Dev/vivadzen/src/front/node_modules/@vue/runtime-core/dist/runtime-core.esm-bundler.js?v=10181baa:49
[    8557ms] [LOG] [nuxt-app] vue:error: 0.367919921875 ms [TypeError: Failed to fetch dynamically imported module: http://localhost:3001/_nuxt/pages/index.vue…, Proxy(Object), native event handler] @ http://localhost:3001/_nuxt/@fs/Users/andrejkoval/Dev/vivadzen/src/front/node_modules/hookable/dist/index.mjs?v=10181baa:271
[    8558ms] Failed to fetch dynamically imported module: http://localhost:3001/_nuxt/pages/index.vue?t=1778667093229
[   17004ms] [WARNING] Timer '[nuxt-app] page:loading:start' already exists @ http://localhost:3001/_nuxt/@fs/Users/andrejkoval/Dev/vivadzen/src/front/node_modules/hookable/dist/index.mjs?v=10181baa:261
[   17004ms] [LOG] [nuxt-app] page:loading:start: 16575.323974609375 ms [] @ http://localhost:3001/_nuxt/@fs/Users/andrejkoval/Dev/vivadzen/src/front/node_modules/hookable/dist/index.mjs?v=10181baa:271
[   17004ms] [WARNING] Timer '[nuxt-app] page:loading:end' already exists @ http://localhost:3001/_nuxt/@fs/Users/andrejkoval/Dev/vivadzen/src/front/node_modules/hookable/dist/index.mjs?v=10181baa:261
[   17004ms] [WARNING] Timer '[nuxt-app] i18n:beforeLocaleSwitch' already exists @ http://localhost:3001/_nuxt/@fs/Users/andrejkoval/Dev/vivadzen/src/front/node_modules/hookable/dist/index.mjs?v=10181baa:261
[   17005ms] [LOG] [nuxt-app] page:loading:end: 16489.64404296875 ms [] @ http://localhost:3001/_nuxt/@fs/Users/andrejkoval/Dev/vivadzen/src/front/node_modules/hookable/dist/index.mjs?v=10181baa:271
[   17005ms] [LOG] [nuxt-app] i18n:beforeLocaleSwitch: 16586.614990234375 ms [Object] @ http://localhost:3001/_nuxt/@fs/Users/andrejkoval/Dev/vivadzen/src/front/node_modules/hookable/dist/index.mjs?v=10181baa:271
[   17006ms] [WARNING] Timer '[nuxt-app] page:loading:end' already exists @ http://localhost:3001/_nuxt/@fs/Users/andrejkoval/Dev/vivadzen/src/front/node_modules/hookable/dist/index.mjs?v=10181baa:261
[   17006ms] [LOG] [nuxt-app] page:loading:end: 16490.807861328125 ms [] @ http://localhost:3001/_nuxt/@fs/Users/andrejkoval/Dev/vivadzen/src/front/node_modules/hookable/dist/index.mjs?v=10181baa:271
[   17006ms] [WARNING] Timer '[nuxt-app] vue:error' already exists @ http://localhost:3001/_nuxt/@fs/Users/andrejkoval/Dev/vivadzen/src/front/node_modules/hookable/dist/index.mjs?v=10181baa:261
[   17006ms] [WARNING] [Vue warn]: Unhandled error during execution of native event handler 
  at <RouterLink ref=fn to="/ru" activeClass=undefined  ... > 
  at <NuxtLink to="/ru" class="hero-header__logo-link" onClick=fn > 
  at <Header> 
  at <Body style= {background: #f8f1e6, --kratom-page-theme: light, --kratom-page-background: #f8f1e6, --kratom-page-text: #1f2b1d, --kratom-page-muted: rgba(31, 43, 29, 0.68)} data-page-theme="light" > 
  at <Html lang="ru-RU" dir="ltr" > 
  at <Default ref=Ref< Proxy(Object) > > 
  at <AsyncComponentWrapper ref=Ref< Proxy(Object) > > 
  at <LayoutLoader key="default" layoutProps= {ref: RefImpl} name="default" > 
  at <NuxtLayoutProvider layoutProps= {ref: RefImpl} key="default" name="default"  ... > 
  at <NuxtLayout> 
  at <App key=4 > 
  at <NuxtRoot> @ http://localhost:3001/_nuxt/@fs/Users/andrejkoval/Dev/vivadzen/src/front/node_modules/@vue/runtime-core/dist/runtime-core.esm-bundler.js?v=10181baa:49
[   17006ms] [LOG] [nuxt-app] vue:error: 8449.324951171875 ms [TypeError: Failed to fetch dynamically imported module: http://localhost:3001/_nuxt/pages/index.vue…, Proxy(Object), native event handler] @ http://localhost:3001/_nuxt/@fs/Users/andrejkoval/Dev/vivadzen/src/front/node_modules/hookable/dist/index.mjs?v=10181baa:271
[   17007ms] Failed to fetch dynamically imported module: http://localhost:3001/_nuxt/pages/index.vue?t=1778667093229
[   28471ms] [WARNING] [intlify] Not found 'title.catalog' key in 'ru' locale messages. @ http://localhost:3001/_nuxt/node_modules/.cache/vite/client/deps/chunk-LY4OWT6B.js?v=10181baa:3
[   28472ms] [WARNING] [intlify] Fall back to translate 'title.catalog' key with 'cs' locale. @ http://localhost:3001/_nuxt/node_modules/.cache/vite/client/deps/chunk-LY4OWT6B.js?v=10181baa:3
[   28472ms] [WARNING] [intlify] Not found 'title.catalog' key in 'cs' locale messages. @ http://localhost:3001/_nuxt/node_modules/.cache/vite/client/deps/chunk-LY4OWT6B.js?v=10181baa:3
[   28472ms] [WARNING] [intlify] Fall back to translate 'title.catalog' with root locale. @ http://localhost:3001/_nuxt/node_modules/.cache/vite/client/deps/chunk-LY4OWT6B.js?v=10181baa:3
[   28472ms] [WARNING] [intlify] Not found 'title.delivery' key in 'ru' locale messages. @ http://localhost:3001/_nuxt/node_modules/.cache/vite/client/deps/chunk-LY4OWT6B.js?v=10181baa:3
[   28472ms] [WARNING] [intlify] Fall back to translate 'title.delivery' key with 'cs' locale. @ http://localhost:3001/_nuxt/node_modules/.cache/vite/client/deps/chunk-LY4OWT6B.js?v=10181baa:3
[   28472ms] [WARNING] [intlify] Not found 'title.delivery' key in 'cs' locale messages. @ http://localhost:3001/_nuxt/node_modules/.cache/vite/client/deps/chunk-LY4OWT6B.js?v=10181baa:3
[   28472ms] [WARNING] [intlify] Fall back to translate 'title.delivery' with root locale. @ http://localhost:3001/_nuxt/node_modules/.cache/vite/client/deps/chunk-LY4OWT6B.js?v=10181baa:3
[   28472ms] [WARNING] [intlify] Not found 'title.payment' key in 'ru' locale messages. @ http://localhost:3001/_nuxt/node_modules/.cache/vite/client/deps/chunk-LY4OWT6B.js?v=10181baa:3
[   28472ms] [WARNING] [intlify] Fall back to translate 'title.payment' key with 'cs' locale. @ http://localhost:3001/_nuxt/node_modules/.cache/vite/client/deps/chunk-LY4OWT6B.js?v=10181baa:3
[   28472ms] [WARNING] [intlify] Not found 'title.payment' key in 'cs' locale messages. @ http://localhost:3001/_nuxt/node_modules/.cache/vite/client/deps/chunk-LY4OWT6B.js?v=10181baa:3
[   28472ms] [WARNING] [intlify] Fall back to translate 'title.payment' with root locale. @ http://localhost:3001/_nuxt/node_modules/.cache/vite/client/deps/chunk-LY4OWT6B.js?v=10181baa:3
[   28472ms] [WARNING] [intlify] Not found 'title.age_verification' key in 'ru' locale messages. @ http://localhost:3001/_nuxt/node_modules/.cache/vite/client/deps/chunk-LY4OWT6B.js?v=10181baa:3
[   28472ms] [WARNING] [intlify] Fall back to translate 'title.age_verification' key with 'cs' locale. @ http://localhost:3001/_nuxt/node_modules/.cache/vite/client/deps/chunk-LY4OWT6B.js?v=10181baa:3
[   28472ms] [WARNING] [intlify] Not found 'title.age_verification' key in 'cs' locale messages. @ http://localhost:3001/_nuxt/node_modules/.cache/vite/client/deps/chunk-LY4OWT6B.js?v=10181baa:3
[   28473ms] [WARNING] [intlify] Fall back to translate 'title.age_verification' with root locale. @ http://localhost:3001/_nuxt/node_modules/.cache/vite/client/deps/chunk-LY4OWT6B.js?v=10181baa:3
[   28473ms] [WARNING] [intlify] Not found 'title.reviews' key in 'ru' locale messages. @ http://localhost:3001/_nuxt/node_modules/.cache/vite/client/deps/chunk-LY4OWT6B.js?v=10181baa:3
[   28473ms] [WARNING] [intlify] Fall back to translate 'title.reviews' key with 'cs' locale. @ http://localhost:3001/_nuxt/node_modules/.cache/vite/client/deps/chunk-LY4OWT6B.js?v=10181baa:3
[   28473ms] [WARNING] [intlify] Not found 'title.reviews' key in 'cs' locale messages. @ http://localhost:3001/_nuxt/node_modules/.cache/vite/client/deps/chunk-LY4OWT6B.js?v=10181baa:3
[   28473ms] [WARNING] [intlify] Fall back to translate 'title.reviews' with root locale. @ http://localhost:3001/_nuxt/node_modules/.cache/vite/client/deps/chunk-LY4OWT6B.js?v=10181baa:3
[   28473ms] [WARNING] [intlify] Not found 'title.about' key in 'ru' locale messages. @ http://localhost:3001/_nuxt/node_modules/.cache/vite/client/deps/chunk-LY4OWT6B.js?v=10181baa:3
[   28473ms] [WARNING] [intlify] Fall back to translate 'title.about' key with 'cs' locale. @ http://localhost:3001/_nuxt/node_modules/.cache/vite/client/deps/chunk-LY4OWT6B.js?v=10181baa:3
[   28473ms] [WARNING] [intlify] Not found 'title.about' key in 'cs' locale messages. @ http://localhost:3001/_nuxt/node_modules/.cache/vite/client/deps/chunk-LY4OWT6B.js?v=10181baa:3
[   28473ms] [WARNING] [intlify] Fall back to translate 'title.about' with root locale. @ http://localhost:3001/_nuxt/node_modules/.cache/vite/client/deps/chunk-LY4OWT6B.js?v=10181baa:3
[   28473ms] [WARNING] [intlify] Not found 'title.contacts' key in 'ru' locale messages. @ http://localhost:3001/_nuxt/node_modules/.cache/vite/client/deps/chunk-LY4OWT6B.js?v=10181baa:3
[   28473ms] [WARNING] [intlify] Fall back to translate 'title.contacts' key with 'cs' locale. @ http://localhost:3001/_nuxt/node_modules/.cache/vite/client/deps/chunk-LY4OWT6B.js?v=10181baa:3
[   28473ms] [WARNING] [intlify] Not found 'title.contacts' key in 'cs' locale messages. @ http://localhost:3001/_nuxt/node_modules/.cache/vite/client/deps/chunk-LY4OWT6B.js?v=10181baa:3
[   28473ms] [WARNING] [intlify] Fall back to translate 'title.contacts' with root locale. @ http://localhost:3001/_nuxt/node_modules/.cache/vite/client/deps/chunk-LY4OWT6B.js?v=10181baa:3
[   28474ms] [WARNING] [intlify] Not found 'button.login' key in 'ru' locale messages. @ http://localhost:3001/_nuxt/node_modules/.cache/vite/client/deps/chunk-LY4OWT6B.js?v=10181baa:3
[   28474ms] [WARNING] [intlify] Fall back to translate 'button.login' key with 'cs' locale. @ http://localhost:3001/_nuxt/node_modules/.cache/vite/client/deps/chunk-LY4OWT6B.js?v=10181baa:3
[   28475ms] [WARNING] [intlify] Not found 'button.login' key in 'cs' locale messages. @ http://localhost:3001/_nuxt/node_modules/.cache/vite/client/deps/chunk-LY4OWT6B.js?v=10181baa:3
[   28475ms] [WARNING] [intlify] Fall back to translate 'button.login' with root locale. @ http://localhost:3001/_nuxt/node_modules/.cache/vite/client/deps/chunk-LY4OWT6B.js?v=10181baa:3
[   28475ms] [WARNING] [intlify] Not found 'button.login' key in 'ru' locale messages. @ http://localhost:3001/_nuxt/node_modules/.cache/vite/client/deps/chunk-LY4OWT6B.js?v=10181baa:3
[   28475ms] [WARNING] [intlify] Fall back to translate 'button.login' key with 'cs' locale. @ http://localhost:3001/_nuxt/node_modules/.cache/vite/client/deps/chunk-LY4OWT6B.js?v=10181baa:3
[   28475ms] [WARNING] [intlify] Not found 'button.login' key in 'cs' locale messages. @ http://localhost:3001/_nuxt/node_modules/.cache/vite/client/deps/chunk-LY4OWT6B.js?v=10181baa:3
[   28475ms] [WARNING] [intlify] Not found 'title.cart' key in 'ru' locale messages. @ http://localhost:3001/_nuxt/node_modules/.cache/vite/client/deps/chunk-LY4OWT6B.js?v=10181baa:3
[   28475ms] [WARNING] [intlify] Fall back to translate 'title.cart' key with 'cs' locale. @ http://localhost:3001/_nuxt/node_modules/.cache/vite/client/deps/chunk-LY4OWT6B.js?v=10181baa:3
[   28475ms] [WARNING] [intlify] Not found 'title.cart' key in 'cs' locale messages. @ http://localhost:3001/_nuxt/node_modules/.cache/vite/client/deps/chunk-LY4OWT6B.js?v=10181baa:3
[   28475ms] [WARNING] [intlify] Fall back to translate 'title.cart' with root locale. @ http://localhost:3001/_nuxt/node_modules/.cache/vite/client/deps/chunk-LY4OWT6B.js?v=10181baa:3
[   28478ms] [WARNING] [intlify] Not found 'logo_alt' key in 'ru' locale messages. @ http://localhost:3001/_nuxt/node_modules/.cache/vite/client/deps/chunk-LY4OWT6B.js?v=10181baa:3
[   28479ms] [WARNING] [intlify] Fall back to translate 'logo_alt' key with 'cs' locale. @ http://localhost:3001/_nuxt/node_modules/.cache/vite/client/deps/chunk-LY4OWT6B.js?v=10181baa:3
[   28479ms] [WARNING] [intlify] Not found 'logo_alt' key in 'cs' locale messages. @ http://localhost:3001/_nuxt/node_modules/.cache/vite/client/deps/chunk-LY4OWT6B.js?v=10181baa:3
[   28479ms] [WARNING] [intlify] Fall back to translate 'logo_alt' with root locale. @ http://localhost:3001/_nuxt/node_modules/.cache/vite/client/deps/chunk-LY4OWT6B.js?v=10181baa:3
[   28480ms] [WARNING] [intlify] Not found 'logo_alt' key in 'ru' locale messages. @ http://localhost:3001/_nuxt/node_modules/.cache/vite/client/deps/chunk-LY4OWT6B.js?v=10181baa:3
[   28480ms] [WARNING] [intlify] Fall back to translate 'logo_alt' key with 'cs' locale. @ http://localhost:3001/_nuxt/node_modules/.cache/vite/client/deps/chunk-LY4OWT6B.js?v=10181baa:3
[   28480ms] [WARNING] [intlify] Not found 'logo_alt' key in 'cs' locale messages. @ http://localhost:3001/_nuxt/node_modules/.cache/vite/client/deps/chunk-LY4OWT6B.js?v=10181baa:3
[   28494ms] [WARNING] [intlify] Not found 'title.cart' key in 'ru' locale messages. @ http://localhost:3001/_nuxt/node_modules/.cache/vite/client/deps/chunk-LY4OWT6B.js?v=10181baa:3
[   28495ms] [WARNING] [intlify] Fall back to translate 'title.cart' key with 'cs' locale. @ http://localhost:3001/_nuxt/node_modules/.cache/vite/client/deps/chunk-LY4OWT6B.js?v=10181baa:3
[   28495ms] [WARNING] [intlify] Not found 'title.cart' key in 'cs' locale messages. @ http://localhost:3001/_nuxt/node_modules/.cache/vite/client/deps/chunk-LY4OWT6B.js?v=10181baa:3
[   28495ms] [WARNING] [intlify] Fall back to translate 'title.cart' with root locale. @ http://localhost:3001/_nuxt/node_modules/.cache/vite/client/deps/chunk-LY4OWT6B.js?v=10181baa:3
[   28503ms] [WARNING] [intlify] Not found 'title.cart' key in 'ru' locale messages. @ http://localhost:3001/_nuxt/node_modules/.cache/vite/client/deps/chunk-LY4OWT6B.js?v=10181baa:3
[   28503ms] [WARNING] [intlify] Fall back to translate 'title.cart' key with 'cs' locale. @ http://localhost:3001/_nuxt/node_modules/.cache/vite/client/deps/chunk-LY4OWT6B.js?v=10181baa:3
[   28503ms] [WARNING] [intlify] Not found 'title.cart' key in 'cs' locale messages. @ http://localhost:3001/_nuxt/node_modules/.cache/vite/client/deps/chunk-LY4OWT6B.js?v=10181baa:3
[   28503ms] [WARNING] [intlify] Fall back to translate 'title.cart' with root locale. @ http://localhost:3001/_nuxt/node_modules/.cache/vite/client/deps/chunk-LY4OWT6B.js?v=10181baa:3
[   28512ms] [WARNING] Timer '[nuxt-app] schema-org:meta' already exists @ http://localhost:3001/_nuxt/@fs/Users/andrejkoval/Dev/vivadzen/src/front/node_modules/hookable/dist/index.mjs?v=10181baa:261
[   28512ms] [LOG] [nuxt-app] schema-org:meta: 27985.289794921875 ms [Object] @ http://localhost:3001/_nuxt/@fs/Users/andrejkoval/Dev/vivadzen/src/front/node_modules/hookable/dist/index.mjs?v=10181baa:271
