[     311ms] [LOG] [nuxt-app] i18n:beforeLocaleSwitch: 0.101806640625 ms [Object] @ http://localhost:3001/_nuxt/@fs/Users/andrejkoval/Dev/vivadzen/src/front/node_modules/hookable/dist/index.mjs?v=52c0a703:271
[     312ms] [LOG] %cssr%c %s: %s 
      background: #7f8c8d;
      border-radius: 0.5em;
      color: white;
      font-weight: bold;
      padding: 2px 0.5em;
      [nitro-runtime] request 0.083ms 
  at timeLogImpl (node:internal/console/constructor)
  at node:internal/console/constructor
  at timeLogImpl (node:internal/util/debuglog)
 @ http://localhost:3001/_nuxt/@fs/Users/andrejkoval/Dev/vivadzen/src/front/node_modules/consola/dist/browser.mjs?v=52c0a703:47
[     312ms] [LOG] %cssr%c %s: %s 
      background: #7f8c8d;
      border-radius: 0.5em;
      color: white;
      font-weight: bold;
      padding: 2px 0.5em;
      [nitro-runtime] site-config:init 0.055ms 
  at timeLogImpl (node:internal/console/constructor)
  at node:internal/console/constructor
  at timeLogImpl (node:internal/util/debuglog)
 @ http://localhost:3001/_nuxt/@fs/Users/andrejkoval/Dev/vivadzen/src/front/node_modules/consola/dist/browser.mjs?v=52c0a703:47
[     312ms] [LOG] %cssr%c %s: %s 
      background: #7f8c8d;
      border-radius: 0.5em;
      color: white;
      font-weight: bold;
      padding: 2px 0.5em;
      [nitro-runtime] render:before 0.007ms 
  at timeLogImpl (node:internal/console/constructor)
  at node:internal/console/constructor
  at timeLogImpl (node:internal/util/debuglog)
 @ http://localhost:3001/_nuxt/@fs/Users/andrejkoval/Dev/vivadzen/src/front/node_modules/consola/dist/browser.mjs?v=52c0a703:47
[     313ms] [LOG] %cssr%c %s: %s 
      background: #7f8c8d;
      border-radius: 0.5em;
      color: white;
      font-weight: bold;
      padding: 2px 0.5em;
      [nuxt-app] i18n:beforeLocaleSwitch 0.011ms 
  at timeLogImpl (node:internal/console/constructor)
  at node:internal/console/constructor
  at timeLogImpl (node:internal/util/debuglog)
 @ http://localhost:3001/_nuxt/@fs/Users/andrejkoval/Dev/vivadzen/src/front/node_modules/consola/dist/browser.mjs?v=52c0a703:47
[     313ms] [LOG] %cssr%c %s: %s 
      background: #7f8c8d;
      border-radius: 0.5em;
      color: white;
      font-weight: bold;
      padding: 2px 0.5em;
      [nuxt-app] page:loading:start 0.007ms 
  at timeLogImpl (node:internal/console/constructor)
  at node:internal/console/constructor
  at timeLogImpl (node:internal/util/debuglog)
 @ http://localhost:3001/_nuxt/@fs/Users/andrejkoval/Dev/vivadzen/src/front/node_modules/consola/dist/browser.mjs?v=52c0a703:47
[     313ms] [LOG] %cssr%c %s: %s 
      background: #7f8c8d;
      border-radius: 0.5em;
      color: white;
      font-weight: bold;
      padding: 2px 0.5em;
      [nuxt-app] i18n:beforeLocaleSwitch 0.01ms 
  at timeLogImpl (node:internal/console/constructor)
  at node:internal/console/constructor
  at timeLogImpl (node:internal/util/debuglog)
 @ http://localhost:3001/_nuxt/@fs/Users/andrejkoval/Dev/vivadzen/src/front/node_modules/consola/dist/browser.mjs?v=52c0a703:47
[     313ms] [LOG] %cssr%c %s: %s 
      background: #7f8c8d;
      border-radius: 0.5em;
      color: white;
      font-weight: bold;
      padding: 2px 0.5em;
      [nuxt-app] app:created 8.088ms 
  at timeLogImpl (node:internal/console/constructor)
  at node:internal/console/constructor
  at timeLogImpl (node:internal/util/debuglog)
 @ http://localhost:3001/_nuxt/@fs/Users/andrejkoval/Dev/vivadzen/src/front/node_modules/consola/dist/browser.mjs?v=52c0a703:47
[     313ms] [LOG] %cssr%c %s: %s 
      background: #7f8c8d;
      border-radius: 0.5em;
      color: white;
      font-weight: bold;
      padding: 2px 0.5em;
      [nuxt-app] vue:setup 0.076ms 
  at timeLogImpl (node:internal/console/constructor)
  at node:internal/console/constructor
  at timeLogImpl (node:internal/util/debuglog)
 @ http://localhost:3001/_nuxt/@fs/Users/andrejkoval/Dev/vivadzen/src/front/node_modules/consola/dist/browser.mjs?v=52c0a703:47
[     313ms] [WARNING] %cssr:warn%c [intlify] Not found 'title.catalog' key in 'ru' locale messages. 
      background: #f39c12;
      border-radius: 0.5em;
      color: white;
      font-weight: bold;
      padding: 2px 0.5em;
      
  at warn (/Users/andrejkoval/Dev/vivadzen/src/front/node_modules/@intlify/shared/dist/shared.mjs)
  at handleMissing (/Users/andrejkoval/Dev/vivadzen/src/front/node_modules/@intlify/core-base/dist/core-base.mjs)
  at resolveMessageFormat (/Users/andrejkoval/Dev/vivadzen/src/front/node_modules/@intlify/core-base/dist/core-base.mjs)
 @ http://localhost:3001/_nuxt/@fs/Users/andrejkoval/Dev/vivadzen/src/front/node_modules/consola/dist/browser.mjs?v=52c0a703:47
[     313ms] [WARNING] %cssr:warn%c [intlify] Fall back to translate 'title.catalog' key with 'cs' locale. 
      background: #f39c12;
      border-radius: 0.5em;
      color: white;
      font-weight: bold;
      padding: 2px 0.5em;
      
  at warn (/Users/andrejkoval/Dev/vivadzen/src/front/node_modules/@intlify/shared/dist/shared.mjs)
  at resolveMessageFormat (/Users/andrejkoval/Dev/vivadzen/src/front/node_modules/@intlify/core-base/dist/core-base.mjs)
  at translate (/Users/andrejkoval/Dev/vivadzen/src/front/node_modules/@intlify/core-base/dist/core-base.mjs)
 @ http://localhost:3001/_nuxt/@fs/Users/andrejkoval/Dev/vivadzen/src/front/node_modules/consola/dist/browser.mjs?v=52c0a703:47
[     313ms] [WARNING] %cssr:warn%c [intlify] Not found 'title.catalog' key in 'cs' locale messages. 
      background: #f39c12;
      border-radius: 0.5em;
      color: white;
      font-weight: bold;
      padding: 2px 0.5em;
      
  at warn (/Users/andrejkoval/Dev/vivadzen/src/front/node_modules/@intlify/shared/dist/shared.mjs)
  at handleMissing (/Users/andrejkoval/Dev/vivadzen/src/front/node_modules/@intlify/core-base/dist/core-base.mjs)
  at resolveMessageFormat (/Users/andrejkoval/Dev/vivadzen/src/front/node_modules/@intlify/core-base/dist/core-base.mjs)
 @ http://localhost:3001/_nuxt/@fs/Users/andrejkoval/Dev/vivadzen/src/front/node_modules/consola/dist/browser.mjs?v=52c0a703:47
[     313ms] [WARNING] %cssr:warn%c [intlify] Fall back to translate 'title.catalog' with root locale. 
      background: #f39c12;
      border-radius: 0.5em;
      color: white;
      font-weight: bold;
      padding: 2px 0.5em;
      
  at warn (/Users/andrejkoval/Dev/vivadzen/src/front/node_modules/@intlify/shared/dist/shared.mjs)
  at wrapWithDeps (/Users/andrejkoval/Dev/vivadzen/src/front/node_modules/vue-i18n/dist/vue-i18n.mjs)
  at t (/Users/andrejkoval/Dev/vivadzen/src/front/node_modules/vue-i18n/dist/vue-i18n.mjs)
 @ http://localhost:3001/_nuxt/@fs/Users/andrejkoval/Dev/vivadzen/src/front/node_modules/consola/dist/browser.mjs?v=52c0a703:47
[     313ms] [WARNING] %cssr:warn%c [intlify] Not found 'title.delivery' key in 'ru' locale messages. 
      background: #f39c12;
      border-radius: 0.5em;
      color: white;
      font-weight: bold;
      padding: 2px 0.5em;
      
  at warn (/Users/andrejkoval/Dev/vivadzen/src/front/node_modules/@intlify/shared/dist/shared.mjs)
  at handleMissing (/Users/andrejkoval/Dev/vivadzen/src/front/node_modules/@intlify/core-base/dist/core-base.mjs)
  at resolveMessageFormat (/Users/andrejkoval/Dev/vivadzen/src/front/node_modules/@intlify/core-base/dist/core-base.mjs)
 @ http://localhost:3001/_nuxt/@fs/Users/andrejkoval/Dev/vivadzen/src/front/node_modules/consola/dist/browser.mjs?v=52c0a703:47
[     313ms] [WARNING] %cssr:warn%c [intlify] Fall back to translate 'title.delivery' key with 'cs' locale. 
      background: #f39c12;
      border-radius: 0.5em;
      color: white;
      font-weight: bold;
      padding: 2px 0.5em;
      
  at warn (/Users/andrejkoval/Dev/vivadzen/src/front/node_modules/@intlify/shared/dist/shared.mjs)
  at resolveMessageFormat (/Users/andrejkoval/Dev/vivadzen/src/front/node_modules/@intlify/core-base/dist/core-base.mjs)
  at translate (/Users/andrejkoval/Dev/vivadzen/src/front/node_modules/@intlify/core-base/dist/core-base.mjs)
 @ http://localhost:3001/_nuxt/@fs/Users/andrejkoval/Dev/vivadzen/src/front/node_modules/consola/dist/browser.mjs?v=52c0a703:47
[     313ms] [WARNING] %cssr:warn%c [intlify] Not found 'title.delivery' key in 'cs' locale messages. 
      background: #f39c12;
      border-radius: 0.5em;
      color: white;
      font-weight: bold;
      padding: 2px 0.5em;
      
  at warn (/Users/andrejkoval/Dev/vivadzen/src/front/node_modules/@intlify/shared/dist/shared.mjs)
  at handleMissing (/Users/andrejkoval/Dev/vivadzen/src/front/node_modules/@intlify/core-base/dist/core-base.mjs)
  at resolveMessageFormat (/Users/andrejkoval/Dev/vivadzen/src/front/node_modules/@intlify/core-base/dist/core-base.mjs)
 @ http://localhost:3001/_nuxt/@fs/Users/andrejkoval/Dev/vivadzen/src/front/node_modules/consola/dist/browser.mjs?v=52c0a703:47
[     313ms] [WARNING] %cssr:warn%c [intlify] Fall back to translate 'title.delivery' with root locale. 
      background: #f39c12;
      border-radius: 0.5em;
      color: white;
      font-weight: bold;
      padding: 2px 0.5em;
      
  at warn (/Users/andrejkoval/Dev/vivadzen/src/front/node_modules/@intlify/shared/dist/shared.mjs)
  at wrapWithDeps (/Users/andrejkoval/Dev/vivadzen/src/front/node_modules/vue-i18n/dist/vue-i18n.mjs)
  at t (/Users/andrejkoval/Dev/vivadzen/src/front/node_modules/vue-i18n/dist/vue-i18n.mjs)
 @ http://localhost:3001/_nuxt/@fs/Users/andrejkoval/Dev/vivadzen/src/front/node_modules/consola/dist/browser.mjs?v=52c0a703:47
[     313ms] [WARNING] %cssr:warn%c [intlify] Not found 'title.payment' key in 'ru' locale messages. 
      background: #f39c12;
      border-radius: 0.5em;
      color: white;
      font-weight: bold;
      padding: 2px 0.5em;
      
  at warn (/Users/andrejkoval/Dev/vivadzen/src/front/node_modules/@intlify/shared/dist/shared.mjs)
  at handleMissing (/Users/andrejkoval/Dev/vivadzen/src/front/node_modules/@intlify/core-base/dist/core-base.mjs)
  at resolveMessageFormat (/Users/andrejkoval/Dev/vivadzen/src/front/node_modules/@intlify/core-base/dist/core-base.mjs)
 @ http://localhost:3001/_nuxt/@fs/Users/andrejkoval/Dev/vivadzen/src/front/node_modules/consola/dist/browser.mjs?v=52c0a703:47
[     313ms] [WARNING] %cssr:warn%c [intlify] Fall back to translate 'title.payment' key with 'cs' locale. 
      background: #f39c12;
      border-radius: 0.5em;
      color: white;
      font-weight: bold;
      padding: 2px 0.5em;
      
  at warn (/Users/andrejkoval/Dev/vivadzen/src/front/node_modules/@intlify/shared/dist/shared.mjs)
  at resolveMessageFormat (/Users/andrejkoval/Dev/vivadzen/src/front/node_modules/@intlify/core-base/dist/core-base.mjs)
  at translate (/Users/andrejkoval/Dev/vivadzen/src/front/node_modules/@intlify/core-base/dist/core-base.mjs)
 @ http://localhost:3001/_nuxt/@fs/Users/andrejkoval/Dev/vivadzen/src/front/node_modules/consola/dist/browser.mjs?v=52c0a703:47
[     313ms] [WARNING] %cssr:warn%c [intlify] Not found 'title.payment' key in 'cs' locale messages. 
      background: #f39c12;
      border-radius: 0.5em;
      color: white;
      font-weight: bold;
      padding: 2px 0.5em;
      
  at warn (/Users/andrejkoval/Dev/vivadzen/src/front/node_modules/@intlify/shared/dist/shared.mjs)
  at handleMissing (/Users/andrejkoval/Dev/vivadzen/src/front/node_modules/@intlify/core-base/dist/core-base.mjs)
  at resolveMessageFormat (/Users/andrejkoval/Dev/vivadzen/src/front/node_modules/@intlify/core-base/dist/core-base.mjs)
 @ http://localhost:3001/_nuxt/@fs/Users/andrejkoval/Dev/vivadzen/src/front/node_modules/consola/dist/browser.mjs?v=52c0a703:47
[     313ms] [WARNING] %cssr:warn%c [intlify] Fall back to translate 'title.payment' with root locale. 
      background: #f39c12;
      border-radius: 0.5em;
      color: white;
      font-weight: bold;
      padding: 2px 0.5em;
      
  at warn (/Users/andrejkoval/Dev/vivadzen/src/front/node_modules/@intlify/shared/dist/shared.mjs)
  at wrapWithDeps (/Users/andrejkoval/Dev/vivadzen/src/front/node_modules/vue-i18n/dist/vue-i18n.mjs)
  at t (/Users/andrejkoval/Dev/vivadzen/src/front/node_modules/vue-i18n/dist/vue-i18n.mjs)
 @ http://localhost:3001/_nuxt/@fs/Users/andrejkoval/Dev/vivadzen/src/front/node_modules/consola/dist/browser.mjs?v=52c0a703:47
[     313ms] [WARNING] %cssr:warn%c [intlify] Not found 'title.age_verification' key in 'ru' locale messages. 
      background: #f39c12;
      border-radius: 0.5em;
      color: white;
      font-weight: bold;
      padding: 2px 0.5em;
      
  at warn (/Users/andrejkoval/Dev/vivadzen/src/front/node_modules/@intlify/shared/dist/shared.mjs)
  at handleMissing (/Users/andrejkoval/Dev/vivadzen/src/front/node_modules/@intlify/core-base/dist/core-base.mjs)
  at resolveMessageFormat (/Users/andrejkoval/Dev/vivadzen/src/front/node_modules/@intlify/core-base/dist/core-base.mjs)
 @ http://localhost:3001/_nuxt/@fs/Users/andrejkoval/Dev/vivadzen/src/front/node_modules/consola/dist/browser.mjs?v=52c0a703:47
[     313ms] [WARNING] %cssr:warn%c [intlify] Fall back to translate 'title.age_verification' key with 'cs' locale. 
      background: #f39c12;
      border-radius: 0.5em;
      color: white;
      font-weight: bold;
      padding: 2px 0.5em;
      
  at warn (/Users/andrejkoval/Dev/vivadzen/src/front/node_modules/@intlify/shared/dist/shared.mjs)
  at resolveMessageFormat (/Users/andrejkoval/Dev/vivadzen/src/front/node_modules/@intlify/core-base/dist/core-base.mjs)
  at translate (/Users/andrejkoval/Dev/vivadzen/src/front/node_modules/@intlify/core-base/dist/core-base.mjs)
 @ http://localhost:3001/_nuxt/@fs/Users/andrejkoval/Dev/vivadzen/src/front/node_modules/consola/dist/browser.mjs?v=52c0a703:47
[     313ms] [WARNING] %cssr:warn%c [intlify] Not found 'title.age_verification' key in 'cs' locale messages. 
      background: #f39c12;
      border-radius: 0.5em;
      color: white;
      font-weight: bold;
      padding: 2px 0.5em;
      
  at warn (/Users/andrejkoval/Dev/vivadzen/src/front/node_modules/@intlify/shared/dist/shared.mjs)
  at handleMissing (/Users/andrejkoval/Dev/vivadzen/src/front/node_modules/@intlify/core-base/dist/core-base.mjs)
  at resolveMessageFormat (/Users/andrejkoval/Dev/vivadzen/src/front/node_modules/@intlify/core-base/dist/core-base.mjs)
 @ http://localhost:3001/_nuxt/@fs/Users/andrejkoval/Dev/vivadzen/src/front/node_modules/consola/dist/browser.mjs?v=52c0a703:47
[     313ms] [WARNING] %cssr:warn%c [intlify] Fall back to translate 'title.age_verification' with root locale. 
      background: #f39c12;
      border-radius: 0.5em;
      color: white;
      font-weight: bold;
      padding: 2px 0.5em;
      
  at warn (/Users/andrejkoval/Dev/vivadzen/src/front/node_modules/@intlify/shared/dist/shared.mjs)
  at wrapWithDeps (/Users/andrejkoval/Dev/vivadzen/src/front/node_modules/vue-i18n/dist/vue-i18n.mjs)
  at t (/Users/andrejkoval/Dev/vivadzen/src/front/node_modules/vue-i18n/dist/vue-i18n.mjs)
 @ http://localhost:3001/_nuxt/@fs/Users/andrejkoval/Dev/vivadzen/src/front/node_modules/consola/dist/browser.mjs?v=52c0a703:47
[     313ms] [WARNING] %cssr:warn%c [intlify] Not found 'title.reviews' key in 'ru' locale messages. 
      background: #f39c12;
      border-radius: 0.5em;
      color: white;
      font-weight: bold;
      padding: 2px 0.5em;
      
  at warn (/Users/andrejkoval/Dev/vivadzen/src/front/node_modules/@intlify/shared/dist/shared.mjs)
  at handleMissing (/Users/andrejkoval/Dev/vivadzen/src/front/node_modules/@intlify/core-base/dist/core-base.mjs)
  at resolveMessageFormat (/Users/andrejkoval/Dev/vivadzen/src/front/node_modules/@intlify/core-base/dist/core-base.mjs)
 @ http://localhost:3001/_nuxt/@fs/Users/andrejkoval/Dev/vivadzen/src/front/node_modules/consola/dist/browser.mjs?v=52c0a703:47
[     313ms] [WARNING] %cssr:warn%c [intlify] Fall back to translate 'title.reviews' key with 'cs' locale. 
      background: #f39c12;
      border-radius: 0.5em;
      color: white;
      font-weight: bold;
      padding: 2px 0.5em;
      
  at warn (/Users/andrejkoval/Dev/vivadzen/src/front/node_modules/@intlify/shared/dist/shared.mjs)
  at resolveMessageFormat (/Users/andrejkoval/Dev/vivadzen/src/front/node_modules/@intlify/core-base/dist/core-base.mjs)
  at translate (/Users/andrejkoval/Dev/vivadzen/src/front/node_modules/@intlify/core-base/dist/core-base.mjs)
 @ http://localhost:3001/_nuxt/@fs/Users/andrejkoval/Dev/vivadzen/src/front/node_modules/consola/dist/browser.mjs?v=52c0a703:47
[     313ms] [WARNING] %cssr:warn%c [intlify] Not found 'title.reviews' key in 'cs' locale messages. 
      background: #f39c12;
      border-radius: 0.5em;
      color: white;
      font-weight: bold;
      padding: 2px 0.5em;
      
  at warn (/Users/andrejkoval/Dev/vivadzen/src/front/node_modules/@intlify/shared/dist/shared.mjs)
  at handleMissing (/Users/andrejkoval/Dev/vivadzen/src/front/node_modules/@intlify/core-base/dist/core-base.mjs)
  at resolveMessageFormat (/Users/andrejkoval/Dev/vivadzen/src/front/node_modules/@intlify/core-base/dist/core-base.mjs)
 @ http://localhost:3001/_nuxt/@fs/Users/andrejkoval/Dev/vivadzen/src/front/node_modules/consola/dist/browser.mjs?v=52c0a703:47
[     313ms] [WARNING] %cssr:warn%c [intlify] Fall back to translate 'title.reviews' with root locale. 
      background: #f39c12;
      border-radius: 0.5em;
      color: white;
      font-weight: bold;
      padding: 2px 0.5em;
      
  at warn (/Users/andrejkoval/Dev/vivadzen/src/front/node_modules/@intlify/shared/dist/shared.mjs)
  at wrapWithDeps (/Users/andrejkoval/Dev/vivadzen/src/front/node_modules/vue-i18n/dist/vue-i18n.mjs)
  at t (/Users/andrejkoval/Dev/vivadzen/src/front/node_modules/vue-i18n/dist/vue-i18n.mjs)
 @ http://localhost:3001/_nuxt/@fs/Users/andrejkoval/Dev/vivadzen/src/front/node_modules/consola/dist/browser.mjs?v=52c0a703:47
[     313ms] [WARNING] %cssr:warn%c [intlify] Not found 'title.about' key in 'ru' locale messages. 
      background: #f39c12;
      border-radius: 0.5em;
      color: white;
      font-weight: bold;
      padding: 2px 0.5em;
      
  at warn (/Users/andrejkoval/Dev/vivadzen/src/front/node_modules/@intlify/shared/dist/shared.mjs)
  at handleMissing (/Users/andrejkoval/Dev/vivadzen/src/front/node_modules/@intlify/core-base/dist/core-base.mjs)
  at resolveMessageFormat (/Users/andrejkoval/Dev/vivadzen/src/front/node_modules/@intlify/core-base/dist/core-base.mjs)
 @ http://localhost:3001/_nuxt/@fs/Users/andrejkoval/Dev/vivadzen/src/front/node_modules/consola/dist/browser.mjs?v=52c0a703:47
[     313ms] [WARNING] %cssr:warn%c [intlify] Fall back to translate 'title.about' key with 'cs' locale. 
      background: #f39c12;
      border-radius: 0.5em;
      color: white;
      font-weight: bold;
      padding: 2px 0.5em;
      
  at warn (/Users/andrejkoval/Dev/vivadzen/src/front/node_modules/@intlify/shared/dist/shared.mjs)
  at resolveMessageFormat (/Users/andrejkoval/Dev/vivadzen/src/front/node_modules/@intlify/core-base/dist/core-base.mjs)
  at translate (/Users/andrejkoval/Dev/vivadzen/src/front/node_modules/@intlify/core-base/dist/core-base.mjs)
 @ http://localhost:3001/_nuxt/@fs/Users/andrejkoval/Dev/vivadzen/src/front/node_modules/consola/dist/browser.mjs?v=52c0a703:47
[     313ms] [WARNING] %cssr:warn%c [intlify] Not found 'title.about' key in 'cs' locale messages. 
      background: #f39c12;
      border-radius: 0.5em;
      color: white;
      font-weight: bold;
      padding: 2px 0.5em;
      
  at warn (/Users/andrejkoval/Dev/vivadzen/src/front/node_modules/@intlify/shared/dist/shared.mjs)
  at handleMissing (/Users/andrejkoval/Dev/vivadzen/src/front/node_modules/@intlify/core-base/dist/core-base.mjs)
  at resolveMessageFormat (/Users/andrejkoval/Dev/vivadzen/src/front/node_modules/@intlify/core-base/dist/core-base.mjs)
 @ http://localhost:3001/_nuxt/@fs/Users/andrejkoval/Dev/vivadzen/src/front/node_modules/consola/dist/browser.mjs?v=52c0a703:47
[     313ms] [WARNING] %cssr:warn%c [intlify] Fall back to translate 'title.about' with root locale. 
      background: #f39c12;
      border-radius: 0.5em;
      color: white;
      font-weight: bold;
      padding: 2px 0.5em;
      
  at warn (/Users/andrejkoval/Dev/vivadzen/src/front/node_modules/@intlify/shared/dist/shared.mjs)
  at wrapWithDeps (/Users/andrejkoval/Dev/vivadzen/src/front/node_modules/vue-i18n/dist/vue-i18n.mjs)
  at t (/Users/andrejkoval/Dev/vivadzen/src/front/node_modules/vue-i18n/dist/vue-i18n.mjs)
 @ http://localhost:3001/_nuxt/@fs/Users/andrejkoval/Dev/vivadzen/src/front/node_modules/consola/dist/browser.mjs?v=52c0a703:47
[     313ms] [WARNING] %cssr:warn%c [intlify] Not found 'title.contacts' key in 'ru' locale messages. 
      background: #f39c12;
      border-radius: 0.5em;
      color: white;
      font-weight: bold;
      padding: 2px 0.5em;
      
  at warn (/Users/andrejkoval/Dev/vivadzen/src/front/node_modules/@intlify/shared/dist/shared.mjs)
  at handleMissing (/Users/andrejkoval/Dev/vivadzen/src/front/node_modules/@intlify/core-base/dist/core-base.mjs)
  at resolveMessageFormat (/Users/andrejkoval/Dev/vivadzen/src/front/node_modules/@intlify/core-base/dist/core-base.mjs)
 @ http://localhost:3001/_nuxt/@fs/Users/andrejkoval/Dev/vivadzen/src/front/node_modules/consola/dist/browser.mjs?v=52c0a703:47
[     313ms] [WARNING] %cssr:warn%c [intlify] Fall back to translate 'title.contacts' key with 'cs' locale. 
      background: #f39c12;
      border-radius: 0.5em;
      color: white;
      font-weight: bold;
      padding: 2px 0.5em;
      
  at warn (/Users/andrejkoval/Dev/vivadzen/src/front/node_modules/@intlify/shared/dist/shared.mjs)
  at resolveMessageFormat (/Users/andrejkoval/Dev/vivadzen/src/front/node_modules/@intlify/core-base/dist/core-base.mjs)
  at translate (/Users/andrejkoval/Dev/vivadzen/src/front/node_modules/@intlify/core-base/dist/core-base.mjs)
 @ http://localhost:3001/_nuxt/@fs/Users/andrejkoval/Dev/vivadzen/src/front/node_modules/consola/dist/browser.mjs?v=52c0a703:47
[     313ms] [WARNING] %cssr:warn%c [intlify] Not found 'title.contacts' key in 'cs' locale messages. 
      background: #f39c12;
      border-radius: 0.5em;
      color: white;
      font-weight: bold;
      padding: 2px 0.5em;
      
  at warn (/Users/andrejkoval/Dev/vivadzen/src/front/node_modules/@intlify/shared/dist/shared.mjs)
  at handleMissing (/Users/andrejkoval/Dev/vivadzen/src/front/node_modules/@intlify/core-base/dist/core-base.mjs)
  at resolveMessageFormat (/Users/andrejkoval/Dev/vivadzen/src/front/node_modules/@intlify/core-base/dist/core-base.mjs)
 @ http://localhost:3001/_nuxt/@fs/Users/andrejkoval/Dev/vivadzen/src/front/node_modules/consola/dist/browser.mjs?v=52c0a703:47
[     313ms] [WARNING] %cssr:warn%c [intlify] Fall back to translate 'title.contacts' with root locale. 
      background: #f39c12;
      border-radius: 0.5em;
      color: white;
      font-weight: bold;
      padding: 2px 0.5em;
      
  at warn (/Users/andrejkoval/Dev/vivadzen/src/front/node_modules/@intlify/shared/dist/shared.mjs)
  at wrapWithDeps (/Users/andrejkoval/Dev/vivadzen/src/front/node_modules/vue-i18n/dist/vue-i18n.mjs)
  at t (/Users/andrejkoval/Dev/vivadzen/src/front/node_modules/vue-i18n/dist/vue-i18n.mjs)
 @ http://localhost:3001/_nuxt/@fs/Users/andrejkoval/Dev/vivadzen/src/front/node_modules/consola/dist/browser.mjs?v=52c0a703:47
[     313ms] [WARNING] %cssr:warn%c [intlify] Not found 'logo_alt' key in 'ru' locale messages. 
      background: #f39c12;
      border-radius: 0.5em;
      color: white;
      font-weight: bold;
      padding: 2px 0.5em;
      
  at warn (/Users/andrejkoval/Dev/vivadzen/src/front/node_modules/@intlify/shared/dist/shared.mjs)
  at handleMissing (/Users/andrejkoval/Dev/vivadzen/src/front/node_modules/@intlify/core-base/dist/core-base.mjs)
  at resolveMessageFormat (/Users/andrejkoval/Dev/vivadzen/src/front/node_modules/@intlify/core-base/dist/core-base.mjs)
 @ http://localhost:3001/_nuxt/@fs/Users/andrejkoval/Dev/vivadzen/src/front/node_modules/consola/dist/browser.mjs?v=52c0a703:47
[     313ms] [WARNING] %cssr:warn%c [intlify] Fall back to translate 'logo_alt' key with 'cs' locale. 
      background: #f39c12;
      border-radius: 0.5em;
      color: white;
      font-weight: bold;
      padding: 2px 0.5em;
      
  at warn (/Users/andrejkoval/Dev/vivadzen/src/front/node_modules/@intlify/shared/dist/shared.mjs)
  at resolveMessageFormat (/Users/andrejkoval/Dev/vivadzen/src/front/node_modules/@intlify/core-base/dist/core-base.mjs)
  at translate (/Users/andrejkoval/Dev/vivadzen/src/front/node_modules/@intlify/core-base/dist/core-base.mjs)
 @ http://localhost:3001/_nuxt/@fs/Users/andrejkoval/Dev/vivadzen/src/front/node_modules/consola/dist/browser.mjs?v=52c0a703:47
[     313ms] [WARNING] %cssr:warn%c [intlify] Not found 'logo_alt' key in 'cs' locale messages. 
      background: #f39c12;
      border-radius: 0.5em;
      color: white;
      font-weight: bold;
      padding: 2px 0.5em;
      
  at warn (/Users/andrejkoval/Dev/vivadzen/src/front/node_modules/@intlify/shared/dist/shared.mjs)
  at handleMissing (/Users/andrejkoval/Dev/vivadzen/src/front/node_modules/@intlify/core-base/dist/core-base.mjs)
  at resolveMessageFormat (/Users/andrejkoval/Dev/vivadzen/src/front/node_modules/@intlify/core-base/dist/core-base.mjs)
 @ http://localhost:3001/_nuxt/@fs/Users/andrejkoval/Dev/vivadzen/src/front/node_modules/consola/dist/browser.mjs?v=52c0a703:47
[     313ms] [WARNING] %cssr:warn%c [intlify] Fall back to translate 'logo_alt' with root locale. 
      background: #f39c12;
      border-radius: 0.5em;
      color: white;
      font-weight: bold;
      padding: 2px 0.5em;
      
  at warn (/Users/andrejkoval/Dev/vivadzen/src/front/node_modules/@intlify/shared/dist/shared.mjs)
  at wrapWithDeps (/Users/andrejkoval/Dev/vivadzen/src/front/node_modules/vue-i18n/dist/vue-i18n.mjs)
  at Proxy.t (/Users/andrejkoval/Dev/vivadzen/src/front/node_modules/vue-i18n/dist/vue-i18n.mjs)
 @ http://localhost:3001/_nuxt/@fs/Users/andrejkoval/Dev/vivadzen/src/front/node_modules/consola/dist/browser.mjs?v=52c0a703:47
[     313ms] [WARNING] %cssr:warn%c [intlify] Not found 'logo_alt' key in 'ru' locale messages. 
      background: #f39c12;
      border-radius: 0.5em;
      color: white;
      font-weight: bold;
      padding: 2px 0.5em;
      
  at warn (/Users/andrejkoval/Dev/vivadzen/src/front/node_modules/@intlify/shared/dist/shared.mjs)
  at handleMissing (/Users/andrejkoval/Dev/vivadzen/src/front/node_modules/@intlify/core-base/dist/core-base.mjs)
  at resolveMessageFormat (/Users/andrejkoval/Dev/vivadzen/src/front/node_modules/@intlify/core-base/dist/core-base.mjs)
 @ http://localhost:3001/_nuxt/@fs/Users/andrejkoval/Dev/vivadzen/src/front/node_modules/consola/dist/browser.mjs?v=52c0a703:47
[     314ms] [WARNING] %cssr:warn%c [intlify] Fall back to translate 'logo_alt' key with 'cs' locale. 
      background: #f39c12;
      border-radius: 0.5em;
      color: white;
      font-weight: bold;
      padding: 2px 0.5em;
      
  at warn (/Users/andrejkoval/Dev/vivadzen/src/front/node_modules/@intlify/shared/dist/shared.mjs)
  at resolveMessageFormat (/Users/andrejkoval/Dev/vivadzen/src/front/node_modules/@intlify/core-base/dist/core-base.mjs)
  at translate (/Users/andrejkoval/Dev/vivadzen/src/front/node_modules/@intlify/core-base/dist/core-base.mjs)
 @ http://localhost:3001/_nuxt/@fs/Users/andrejkoval/Dev/vivadzen/src/front/node_modules/consola/dist/browser.mjs?v=52c0a703:47
[     314ms] [WARNING] %cssr:warn%c [intlify] Not found 'logo_alt' key in 'cs' locale messages. 
      background: #f39c12;
      border-radius: 0.5em;
      color: white;
      font-weight: bold;
      padding: 2px 0.5em;
      
  at warn (/Users/andrejkoval/Dev/vivadzen/src/front/node_modules/@intlify/shared/dist/shared.mjs)
  at handleMissing (/Users/andrejkoval/Dev/vivadzen/src/front/node_modules/@intlify/core-base/dist/core-base.mjs)
  at resolveMessageFormat (/Users/andrejkoval/Dev/vivadzen/src/front/node_modules/@intlify/core-base/dist/core-base.mjs)
 @ http://localhost:3001/_nuxt/@fs/Users/andrejkoval/Dev/vivadzen/src/front/node_modules/consola/dist/browser.mjs?v=52c0a703:47
[     314ms] [WARNING] %cssr:warn%c [intlify] Not found 'button.login' key in 'ru' locale messages. 
      background: #f39c12;
      border-radius: 0.5em;
      color: white;
      font-weight: bold;
      padding: 2px 0.5em;
      
  at warn (/Users/andrejkoval/Dev/vivadzen/src/front/node_modules/@intlify/shared/dist/shared.mjs)
  at handleMissing (/Users/andrejkoval/Dev/vivadzen/src/front/node_modules/@intlify/core-base/dist/core-base.mjs)
  at resolveMessageFormat (/Users/andrejkoval/Dev/vivadzen/src/front/node_modules/@intlify/core-base/dist/core-base.mjs)
 @ http://localhost:3001/_nuxt/@fs/Users/andrejkoval/Dev/vivadzen/src/front/node_modules/consola/dist/browser.mjs?v=52c0a703:47
[     314ms] [WARNING] %cssr:warn%c [intlify] Fall back to translate 'button.login' key with 'cs' locale. 
      background: #f39c12;
      border-radius: 0.5em;
      color: white;
      font-weight: bold;
      padding: 2px 0.5em;
      
  at warn (/Users/andrejkoval/Dev/vivadzen/src/front/node_modules/@intlify/shared/dist/shared.mjs)
  at resolveMessageFormat (/Users/andrejkoval/Dev/vivadzen/src/front/node_modules/@intlify/core-base/dist/core-base.mjs)
  at translate (/Users/andrejkoval/Dev/vivadzen/src/front/node_modules/@intlify/core-base/dist/core-base.mjs)
 @ http://localhost:3001/_nuxt/@fs/Users/andrejkoval/Dev/vivadzen/src/front/node_modules/consola/dist/browser.mjs?v=52c0a703:47
[     314ms] [WARNING] %cssr:warn%c [intlify] Not found 'button.login' key in 'cs' locale messages. 
      background: #f39c12;
      border-radius: 0.5em;
      color: white;
      font-weight: bold;
      padding: 2px 0.5em;
      
  at warn (/Users/andrejkoval/Dev/vivadzen/src/front/node_modules/@intlify/shared/dist/shared.mjs)
  at handleMissing (/Users/andrejkoval/Dev/vivadzen/src/front/node_modules/@intlify/core-base/dist/core-base.mjs)
  at resolveMessageFormat (/Users/andrejkoval/Dev/vivadzen/src/front/node_modules/@intlify/core-base/dist/core-base.mjs)
 @ http://localhost:3001/_nuxt/@fs/Users/andrejkoval/Dev/vivadzen/src/front/node_modules/consola/dist/browser.mjs?v=52c0a703:47
[     314ms] [WARNING] %cssr:warn%c [intlify] Fall back to translate 'button.login' with root locale. 
      background: #f39c12;
      border-radius: 0.5em;
      color: white;
      font-weight: bold;
      padding: 2px 0.5em;
      
  at warn (/Users/andrejkoval/Dev/vivadzen/src/front/node_modules/@intlify/shared/dist/shared.mjs)
  at wrapWithDeps (/Users/andrejkoval/Dev/vivadzen/src/front/node_modules/vue-i18n/dist/vue-i18n.mjs)
  at t (/Users/andrejkoval/Dev/vivadzen/src/front/node_modules/vue-i18n/dist/vue-i18n.mjs)
 @ http://localhost:3001/_nuxt/@fs/Users/andrejkoval/Dev/vivadzen/src/front/node_modules/consola/dist/browser.mjs?v=52c0a703:47
[     314ms] [WARNING] %cssr:warn%c [intlify] Not found 'button.login' key in 'ru' locale messages. 
      background: #f39c12;
      border-radius: 0.5em;
      color: white;
      font-weight: bold;
      padding: 2px 0.5em;
      
  at warn (/Users/andrejkoval/Dev/vivadzen/src/front/node_modules/@intlify/shared/dist/shared.mjs)
  at handleMissing (/Users/andrejkoval/Dev/vivadzen/src/front/node_modules/@intlify/core-base/dist/core-base.mjs)
  at resolveMessageFormat (/Users/andrejkoval/Dev/vivadzen/src/front/node_modules/@intlify/core-base/dist/core-base.mjs)
 @ http://localhost:3001/_nuxt/@fs/Users/andrejkoval/Dev/vivadzen/src/front/node_modules/consola/dist/browser.mjs?v=52c0a703:47
[     314ms] [WARNING] %cssr:warn%c [intlify] Fall back to translate 'button.login' key with 'cs' locale. 
      background: #f39c12;
      border-radius: 0.5em;
      color: white;
      font-weight: bold;
      padding: 2px 0.5em;
      
  at warn (/Users/andrejkoval/Dev/vivadzen/src/front/node_modules/@intlify/shared/dist/shared.mjs)
  at resolveMessageFormat (/Users/andrejkoval/Dev/vivadzen/src/front/node_modules/@intlify/core-base/dist/core-base.mjs)
  at translate (/Users/andrejkoval/Dev/vivadzen/src/front/node_modules/@intlify/core-base/dist/core-base.mjs)
 @ http://localhost:3001/_nuxt/@fs/Users/andrejkoval/Dev/vivadzen/src/front/node_modules/consola/dist/browser.mjs?v=52c0a703:47
[     314ms] [WARNING] %cssr:warn%c [intlify] Not found 'button.login' key in 'cs' locale messages. 
      background: #f39c12;
      border-radius: 0.5em;
      color: white;
      font-weight: bold;
      padding: 2px 0.5em;
      
  at warn (/Users/andrejkoval/Dev/vivadzen/src/front/node_modules/@intlify/shared/dist/shared.mjs)
  at handleMissing (/Users/andrejkoval/Dev/vivadzen/src/front/node_modules/@intlify/core-base/dist/core-base.mjs)
  at resolveMessageFormat (/Users/andrejkoval/Dev/vivadzen/src/front/node_modules/@intlify/core-base/dist/core-base.mjs)
 @ http://localhost:3001/_nuxt/@fs/Users/andrejkoval/Dev/vivadzen/src/front/node_modules/consola/dist/browser.mjs?v=52c0a703:47
[     314ms] [WARNING] %cssr:warn%c [intlify] Not found 'title.cart' key in 'ru' locale messages. 
      background: #f39c12;
      border-radius: 0.5em;
      color: white;
      font-weight: bold;
      padding: 2px 0.5em;
      
  at warn (/Users/andrejkoval/Dev/vivadzen/src/front/node_modules/@intlify/shared/dist/shared.mjs)
  at handleMissing (/Users/andrejkoval/Dev/vivadzen/src/front/node_modules/@intlify/core-base/dist/core-base.mjs)
  at resolveMessageFormat (/Users/andrejkoval/Dev/vivadzen/src/front/node_modules/@intlify/core-base/dist/core-base.mjs)
 @ http://localhost:3001/_nuxt/@fs/Users/andrejkoval/Dev/vivadzen/src/front/node_modules/consola/dist/browser.mjs?v=52c0a703:47
[     314ms] [WARNING] %cssr:warn%c [intlify] Fall back to translate 'title.cart' key with 'cs' locale. 
      background: #f39c12;
      border-radius: 0.5em;
      color: white;
      font-weight: bold;
      padding: 2px 0.5em;
      
  at warn (/Users/andrejkoval/Dev/vivadzen/src/front/node_modules/@intlify/shared/dist/shared.mjs)
  at resolveMessageFormat (/Users/andrejkoval/Dev/vivadzen/src/front/node_modules/@intlify/core-base/dist/core-base.mjs)
  at translate (/Users/andrejkoval/Dev/vivadzen/src/front/node_modules/@intlify/core-base/dist/core-base.mjs)
 @ http://localhost:3001/_nuxt/@fs/Users/andrejkoval/Dev/vivadzen/src/front/node_modules/consola/dist/browser.mjs?v=52c0a703:47
[     314ms] [WARNING] %cssr:warn%c [intlify] Not found 'title.cart' key in 'cs' locale messages. 
      background: #f39c12;
      border-radius: 0.5em;
      color: white;
      font-weight: bold;
      padding: 2px 0.5em;
      
  at warn (/Users/andrejkoval/Dev/vivadzen/src/front/node_modules/@intlify/shared/dist/shared.mjs)
  at handleMissing (/Users/andrejkoval/Dev/vivadzen/src/front/node_modules/@intlify/core-base/dist/core-base.mjs)
  at resolveMessageFormat (/Users/andrejkoval/Dev/vivadzen/src/front/node_modules/@intlify/core-base/dist/core-base.mjs)
 @ http://localhost:3001/_nuxt/@fs/Users/andrejkoval/Dev/vivadzen/src/front/node_modules/consola/dist/browser.mjs?v=52c0a703:47
[     314ms] [WARNING] %cssr:warn%c [intlify] Fall back to translate 'title.cart' with root locale. 
      background: #f39c12;
      border-radius: 0.5em;
      color: white;
      font-weight: bold;
      padding: 2px 0.5em;
      
  at warn (/Users/andrejkoval/Dev/vivadzen/src/front/node_modules/@intlify/shared/dist/shared.mjs)
  at wrapWithDeps (/Users/andrejkoval/Dev/vivadzen/src/front/node_modules/vue-i18n/dist/vue-i18n.mjs)
  at Proxy.t (/Users/andrejkoval/Dev/vivadzen/src/front/node_modules/vue-i18n/dist/vue-i18n.mjs)
 @ http://localhost:3001/_nuxt/@fs/Users/andrejkoval/Dev/vivadzen/src/front/node_modules/consola/dist/browser.mjs?v=52c0a703:47
[     314ms] [WARNING] %cssr:warn%c [intlify] Not found 'title.catalog' key in 'ru' locale messages. 
      background: #f39c12;
      border-radius: 0.5em;
      color: white;
      font-weight: bold;
      padding: 2px 0.5em;
      
  at warn (/Users/andrejkoval/Dev/vivadzen/src/front/node_modules/@intlify/shared/dist/shared.mjs)
  at handleMissing (/Users/andrejkoval/Dev/vivadzen/src/front/node_modules/@intlify/core-base/dist/core-base.mjs)
  at resolveMessageFormat (/Users/andrejkoval/Dev/vivadzen/src/front/node_modules/@intlify/core-base/dist/core-base.mjs)
 @ http://localhost:3001/_nuxt/@fs/Users/andrejkoval/Dev/vivadzen/src/front/node_modules/consola/dist/browser.mjs?v=52c0a703:47
[     314ms] [WARNING] %cssr:warn%c [intlify] Fall back to translate 'title.catalog' key with 'cs' locale. 
      background: #f39c12;
      border-radius: 0.5em;
      color: white;
      font-weight: bold;
      padding: 2px 0.5em;
      
  at warn (/Users/andrejkoval/Dev/vivadzen/src/front/node_modules/@intlify/shared/dist/shared.mjs)
  at resolveMessageFormat (/Users/andrejkoval/Dev/vivadzen/src/front/node_modules/@intlify/core-base/dist/core-base.mjs)
  at translate (/Users/andrejkoval/Dev/vivadzen/src/front/node_modules/@intlify/core-base/dist/core-base.mjs)
 @ http://localhost:3001/_nuxt/@fs/Users/andrejkoval/Dev/vivadzen/src/front/node_modules/consola/dist/browser.mjs?v=52c0a703:47
[     314ms] [WARNING] %cssr:warn%c [intlify] Not found 'title.catalog' key in 'cs' locale messages. 
      background: #f39c12;
      border-radius: 0.5em;
      color: white;
      font-weight: bold;
      padding: 2px 0.5em;
      
  at warn (/Users/andrejkoval/Dev/vivadzen/src/front/node_modules/@intlify/shared/dist/shared.mjs)
  at handleMissing (/Users/andrejkoval/Dev/vivadzen/src/front/node_modules/@intlify/core-base/dist/core-base.mjs)
  at resolveMessageFormat (/Users/andrejkoval/Dev/vivadzen/src/front/node_modules/@intlify/core-base/dist/core-base.mjs)
 @ http://localhost:3001/_nuxt/@fs/Users/andrejkoval/Dev/vivadzen/src/front/node_modules/consola/dist/browser.mjs?v=52c0a703:47
[     314ms] [WARNING] %cssr:warn%c [intlify] Fall back to translate 'title.catalog' with root locale. 
      background: #f39c12;
      border-radius: 0.5em;
      color: white;
      font-weight: bold;
      padding: 2px 0.5em;
      
  at warn (/Users/andrejkoval/Dev/vivadzen/src/front/node_modules/@intlify/shared/dist/shared.mjs)
  at wrapWithDeps (/Users/andrejkoval/Dev/vivadzen/src/front/node_modules/vue-i18n/dist/vue-i18n.mjs)
  at t (/Users/andrejkoval/Dev/vivadzen/src/front/node_modules/vue-i18n/dist/vue-i18n.mjs)
 @ http://localhost:3001/_nuxt/@fs/Users/andrejkoval/Dev/vivadzen/src/front/node_modules/consola/dist/browser.mjs?v=52c0a703:47
[     314ms] [WARNING] %cssr:warn%c [intlify] Not found 'title.delivery' key in 'ru' locale messages. 
      background: #f39c12;
      border-radius: 0.5em;
      color: white;
      font-weight: bold;
      padding: 2px 0.5em;
      
  at warn (/Users/andrejkoval/Dev/vivadzen/src/front/node_modules/@intlify/shared/dist/shared.mjs)
  at handleMissing (/Users/andrejkoval/Dev/vivadzen/src/front/node_modules/@intlify/core-base/dist/core-base.mjs)
  at resolveMessageFormat (/Users/andrejkoval/Dev/vivadzen/src/front/node_modules/@intlify/core-base/dist/core-base.mjs)
 @ http://localhost:3001/_nuxt/@fs/Users/andrejkoval/Dev/vivadzen/src/front/node_modules/consola/dist/browser.mjs?v=52c0a703:47
[     314ms] [WARNING] %cssr:warn%c [intlify] Fall back to translate 'title.delivery' key with 'cs' locale. 
      background: #f39c12;
      border-radius: 0.5em;
      color: white;
      font-weight: bold;
      padding: 2px 0.5em;
      
  at warn (/Users/andrejkoval/Dev/vivadzen/src/front/node_modules/@intlify/shared/dist/shared.mjs)
  at resolveMessageFormat (/Users/andrejkoval/Dev/vivadzen/src/front/node_modules/@intlify/core-base/dist/core-base.mjs)
  at translate (/Users/andrejkoval/Dev/vivadzen/src/front/node_modules/@intlify/core-base/dist/core-base.mjs)
 @ http://localhost:3001/_nuxt/@fs/Users/andrejkoval/Dev/vivadzen/src/front/node_modules/consola/dist/browser.mjs?v=52c0a703:47
[     314ms] [WARNING] %cssr:warn%c [intlify] Not found 'title.delivery' key in 'cs' locale messages. 
      background: #f39c12;
      border-radius: 0.5em;
      color: white;
      font-weight: bold;
      padding: 2px 0.5em;
      
  at warn (/Users/andrejkoval/Dev/vivadzen/src/front/node_modules/@intlify/shared/dist/shared.mjs)
  at handleMissing (/Users/andrejkoval/Dev/vivadzen/src/front/node_modules/@intlify/core-base/dist/core-base.mjs)
  at resolveMessageFormat (/Users/andrejkoval/Dev/vivadzen/src/front/node_modules/@intlify/core-base/dist/core-base.mjs)
 @ http://localhost:3001/_nuxt/@fs/Users/andrejkoval/Dev/vivadzen/src/front/node_modules/consola/dist/browser.mjs?v=52c0a703:47
[     314ms] [WARNING] %cssr:warn%c [intlify] Fall back to translate 'title.delivery' with root locale. 
      background: #f39c12;
      border-radius: 0.5em;
      color: white;
      font-weight: bold;
      padding: 2px 0.5em;
      
  at warn (/Users/andrejkoval/Dev/vivadzen/src/front/node_modules/@intlify/shared/dist/shared.mjs)
  at wrapWithDeps (/Users/andrejkoval/Dev/vivadzen/src/front/node_modules/vue-i18n/dist/vue-i18n.mjs)
  at t (/Users/andrejkoval/Dev/vivadzen/src/front/node_modules/vue-i18n/dist/vue-i18n.mjs)
 @ http://localhost:3001/_nuxt/@fs/Users/andrejkoval/Dev/vivadzen/src/front/node_modules/consola/dist/browser.mjs?v=52c0a703:47
[     314ms] [WARNING] %cssr:warn%c [intlify] Not found 'title.payment' key in 'ru' locale messages. 
      background: #f39c12;
      border-radius: 0.5em;
      color: white;
      font-weight: bold;
      padding: 2px 0.5em;
      
  at warn (/Users/andrejkoval/Dev/vivadzen/src/front/node_modules/@intlify/shared/dist/shared.mjs)
  at handleMissing (/Users/andrejkoval/Dev/vivadzen/src/front/node_modules/@intlify/core-base/dist/core-base.mjs)
  at resolveMessageFormat (/Users/andrejkoval/Dev/vivadzen/src/front/node_modules/@intlify/core-base/dist/core-base.mjs)
 @ http://localhost:3001/_nuxt/@fs/Users/andrejkoval/Dev/vivadzen/src/front/node_modules/consola/dist/browser.mjs?v=52c0a703:47
[     314ms] [WARNING] %cssr:warn%c [intlify] Fall back to translate 'title.payment' key with 'cs' locale. 
      background: #f39c12;
      border-radius: 0.5em;
      color: white;
      font-weight: bold;
      padding: 2px 0.5em;
      
  at warn (/Users/andrejkoval/Dev/vivadzen/src/front/node_modules/@intlify/shared/dist/shared.mjs)
  at resolveMessageFormat (/Users/andrejkoval/Dev/vivadzen/src/front/node_modules/@intlify/core-base/dist/core-base.mjs)
  at translate (/Users/andrejkoval/Dev/vivadzen/src/front/node_modules/@intlify/core-base/dist/core-base.mjs)
 @ http://localhost:3001/_nuxt/@fs/Users/andrejkoval/Dev/vivadzen/src/front/node_modules/consola/dist/browser.mjs?v=52c0a703:47
[     314ms] [WARNING] %cssr:warn%c [intlify] Not found 'title.payment' key in 'cs' locale messages. 
      background: #f39c12;
      border-radius: 0.5em;
      color: white;
      font-weight: bold;
      padding: 2px 0.5em;
      
  at warn (/Users/andrejkoval/Dev/vivadzen/src/front/node_modules/@intlify/shared/dist/shared.mjs)
  at handleMissing (/Users/andrejkoval/Dev/vivadzen/src/front/node_modules/@intlify/core-base/dist/core-base.mjs)
  at resolveMessageFormat (/Users/andrejkoval/Dev/vivadzen/src/front/node_modules/@intlify/core-base/dist/core-base.mjs)
 @ http://localhost:3001/_nuxt/@fs/Users/andrejkoval/Dev/vivadzen/src/front/node_modules/consola/dist/browser.mjs?v=52c0a703:47
[     314ms] [WARNING] %cssr:warn%c [intlify] Fall back to translate 'title.payment' with root locale. 
      background: #f39c12;
      border-radius: 0.5em;
      color: white;
      font-weight: bold;
      padding: 2px 0.5em;
      
  at warn (/Users/andrejkoval/Dev/vivadzen/src/front/node_modules/@intlify/shared/dist/shared.mjs)
  at wrapWithDeps (/Users/andrejkoval/Dev/vivadzen/src/front/node_modules/vue-i18n/dist/vue-i18n.mjs)
  at t (/Users/andrejkoval/Dev/vivadzen/src/front/node_modules/vue-i18n/dist/vue-i18n.mjs)
 @ http://localhost:3001/_nuxt/@fs/Users/andrejkoval/Dev/vivadzen/src/front/node_modules/consola/dist/browser.mjs?v=52c0a703:47
[     314ms] [WARNING] %cssr:warn%c [intlify] Not found 'title.age_verification' key in 'ru' locale messages. 
      background: #f39c12;
      border-radius: 0.5em;
      color: white;
      font-weight: bold;
      padding: 2px 0.5em;
      
  at warn (/Users/andrejkoval/Dev/vivadzen/src/front/node_modules/@intlify/shared/dist/shared.mjs)
  at handleMissing (/Users/andrejkoval/Dev/vivadzen/src/front/node_modules/@intlify/core-base/dist/core-base.mjs)
  at resolveMessageFormat (/Users/andrejkoval/Dev/vivadzen/src/front/node_modules/@intlify/core-base/dist/core-base.mjs)
 @ http://localhost:3001/_nuxt/@fs/Users/andrejkoval/Dev/vivadzen/src/front/node_modules/consola/dist/browser.mjs?v=52c0a703:47
[     314ms] [WARNING] %cssr:warn%c [intlify] Fall back to translate 'title.age_verification' key with 'cs' locale. 
      background: #f39c12;
      border-radius: 0.5em;
      color: white;
      font-weight: bold;
      padding: 2px 0.5em;
      
  at warn (/Users/andrejkoval/Dev/vivadzen/src/front/node_modules/@intlify/shared/dist/shared.mjs)
  at resolveMessageFormat (/Users/andrejkoval/Dev/vivadzen/src/front/node_modules/@intlify/core-base/dist/core-base.mjs)
  at translate (/Users/andrejkoval/Dev/vivadzen/src/front/node_modules/@intlify/core-base/dist/core-base.mjs)
 @ http://localhost:3001/_nuxt/@fs/Users/andrejkoval/Dev/vivadzen/src/front/node_modules/consola/dist/browser.mjs?v=52c0a703:47
[     314ms] [WARNING] %cssr:warn%c [intlify] Not found 'title.age_verification' key in 'cs' locale messages. 
      background: #f39c12;
      border-radius: 0.5em;
      color: white;
      font-weight: bold;
      padding: 2px 0.5em;
      
  at warn (/Users/andrejkoval/Dev/vivadzen/src/front/node_modules/@intlify/shared/dist/shared.mjs)
  at handleMissing (/Users/andrejkoval/Dev/vivadzen/src/front/node_modules/@intlify/core-base/dist/core-base.mjs)
  at resolveMessageFormat (/Users/andrejkoval/Dev/vivadzen/src/front/node_modules/@intlify/core-base/dist/core-base.mjs)
 @ http://localhost:3001/_nuxt/@fs/Users/andrejkoval/Dev/vivadzen/src/front/node_modules/consola/dist/browser.mjs?v=52c0a703:47
[     314ms] [WARNING] %cssr:warn%c [intlify] Fall back to translate 'title.age_verification' with root locale. 
      background: #f39c12;
      border-radius: 0.5em;
      color: white;
      font-weight: bold;
      padding: 2px 0.5em;
      
  at warn (/Users/andrejkoval/Dev/vivadzen/src/front/node_modules/@intlify/shared/dist/shared.mjs)
  at wrapWithDeps (/Users/andrejkoval/Dev/vivadzen/src/front/node_modules/vue-i18n/dist/vue-i18n.mjs)
  at t (/Users/andrejkoval/Dev/vivadzen/src/front/node_modules/vue-i18n/dist/vue-i18n.mjs)
 @ http://localhost:3001/_nuxt/@fs/Users/andrejkoval/Dev/vivadzen/src/front/node_modules/consola/dist/browser.mjs?v=52c0a703:47
[     314ms] [WARNING] %cssr:warn%c [intlify] Not found 'title.reviews' key in 'ru' locale messages. 
      background: #f39c12;
      border-radius: 0.5em;
      color: white;
      font-weight: bold;
      padding: 2px 0.5em;
      
  at warn (/Users/andrejkoval/Dev/vivadzen/src/front/node_modules/@intlify/shared/dist/shared.mjs)
  at handleMissing (/Users/andrejkoval/Dev/vivadzen/src/front/node_modules/@intlify/core-base/dist/core-base.mjs)
  at resolveMessageFormat (/Users/andrejkoval/Dev/vivadzen/src/front/node_modules/@intlify/core-base/dist/core-base.mjs)
 @ http://localhost:3001/_nuxt/@fs/Users/andrejkoval/Dev/vivadzen/src/front/node_modules/consola/dist/browser.mjs?v=52c0a703:47
[     314ms] [WARNING] %cssr:warn%c [intlify] Fall back to translate 'title.reviews' key with 'cs' locale. 
      background: #f39c12;
      border-radius: 0.5em;
      color: white;
      font-weight: bold;
      padding: 2px 0.5em;
      
  at warn (/Users/andrejkoval/Dev/vivadzen/src/front/node_modules/@intlify/shared/dist/shared.mjs)
  at resolveMessageFormat (/Users/andrejkoval/Dev/vivadzen/src/front/node_modules/@intlify/core-base/dist/core-base.mjs)
  at translate (/Users/andrejkoval/Dev/vivadzen/src/front/node_modules/@intlify/core-base/dist/core-base.mjs)
 @ http://localhost:3001/_nuxt/@fs/Users/andrejkoval/Dev/vivadzen/src/front/node_modules/consola/dist/browser.mjs?v=52c0a703:47
[     314ms] [WARNING] %cssr:warn%c [intlify] Not found 'title.reviews' key in 'cs' locale messages. 
      background: #f39c12;
      border-radius: 0.5em;
      color: white;
      font-weight: bold;
      padding: 2px 0.5em;
      
  at warn (/Users/andrejkoval/Dev/vivadzen/src/front/node_modules/@intlify/shared/dist/shared.mjs)
  at handleMissing (/Users/andrejkoval/Dev/vivadzen/src/front/node_modules/@intlify/core-base/dist/core-base.mjs)
  at resolveMessageFormat (/Users/andrejkoval/Dev/vivadzen/src/front/node_modules/@intlify/core-base/dist/core-base.mjs)
 @ http://localhost:3001/_nuxt/@fs/Users/andrejkoval/Dev/vivadzen/src/front/node_modules/consola/dist/browser.mjs?v=52c0a703:47
[     314ms] [WARNING] %cssr:warn%c [intlify] Fall back to translate 'title.reviews' with root locale. 
      background: #f39c12;
      border-radius: 0.5em;
      color: white;
      font-weight: bold;
      padding: 2px 0.5em;
      
  at warn (/Users/andrejkoval/Dev/vivadzen/src/front/node_modules/@intlify/shared/dist/shared.mjs)
  at wrapWithDeps (/Users/andrejkoval/Dev/vivadzen/src/front/node_modules/vue-i18n/dist/vue-i18n.mjs)
  at t (/Users/andrejkoval/Dev/vivadzen/src/front/node_modules/vue-i18n/dist/vue-i18n.mjs)
 @ http://localhost:3001/_nuxt/@fs/Users/andrejkoval/Dev/vivadzen/src/front/node_modules/consola/dist/browser.mjs?v=52c0a703:47
[     314ms] [WARNING] %cssr:warn%c [intlify] Not found 'title.about' key in 'ru' locale messages. 
      background: #f39c12;
      border-radius: 0.5em;
      color: white;
      font-weight: bold;
      padding: 2px 0.5em;
      
  at warn (/Users/andrejkoval/Dev/vivadzen/src/front/node_modules/@intlify/shared/dist/shared.mjs)
  at handleMissing (/Users/andrejkoval/Dev/vivadzen/src/front/node_modules/@intlify/core-base/dist/core-base.mjs)
  at resolveMessageFormat (/Users/andrejkoval/Dev/vivadzen/src/front/node_modules/@intlify/core-base/dist/core-base.mjs)
 @ http://localhost:3001/_nuxt/@fs/Users/andrejkoval/Dev/vivadzen/src/front/node_modules/consola/dist/browser.mjs?v=52c0a703:47
[     314ms] [WARNING] %cssr:warn%c [intlify] Fall back to translate 'title.about' key with 'cs' locale. 
      background: #f39c12;
      border-radius: 0.5em;
      color: white;
      font-weight: bold;
      padding: 2px 0.5em;
      
  at warn (/Users/andrejkoval/Dev/vivadzen/src/front/node_modules/@intlify/shared/dist/shared.mjs)
  at resolveMessageFormat (/Users/andrejkoval/Dev/vivadzen/src/front/node_modules/@intlify/core-base/dist/core-base.mjs)
  at translate (/Users/andrejkoval/Dev/vivadzen/src/front/node_modules/@intlify/core-base/dist/core-base.mjs)
 @ http://localhost:3001/_nuxt/@fs/Users/andrejkoval/Dev/vivadzen/src/front/node_modules/consola/dist/browser.mjs?v=52c0a703:47
[     314ms] [WARNING] %cssr:warn%c [intlify] Not found 'title.about' key in 'cs' locale messages. 
      background: #f39c12;
      border-radius: 0.5em;
      color: white;
      font-weight: bold;
      padding: 2px 0.5em;
      
  at warn (/Users/andrejkoval/Dev/vivadzen/src/front/node_modules/@intlify/shared/dist/shared.mjs)
  at handleMissing (/Users/andrejkoval/Dev/vivadzen/src/front/node_modules/@intlify/core-base/dist/core-base.mjs)
  at resolveMessageFormat (/Users/andrejkoval/Dev/vivadzen/src/front/node_modules/@intlify/core-base/dist/core-base.mjs)
 @ http://localhost:3001/_nuxt/@fs/Users/andrejkoval/Dev/vivadzen/src/front/node_modules/consola/dist/browser.mjs?v=52c0a703:47
[     314ms] [WARNING] %cssr:warn%c [intlify] Fall back to translate 'title.about' with root locale. 
      background: #f39c12;
      border-radius: 0.5em;
      color: white;
      font-weight: bold;
      padding: 2px 0.5em;
      
  at warn (/Users/andrejkoval/Dev/vivadzen/src/front/node_modules/@intlify/shared/dist/shared.mjs)
  at wrapWithDeps (/Users/andrejkoval/Dev/vivadzen/src/front/node_modules/vue-i18n/dist/vue-i18n.mjs)
  at t (/Users/andrejkoval/Dev/vivadzen/src/front/node_modules/vue-i18n/dist/vue-i18n.mjs)
 @ http://localhost:3001/_nuxt/@fs/Users/andrejkoval/Dev/vivadzen/src/front/node_modules/consola/dist/browser.mjs?v=52c0a703:47
[     314ms] [WARNING] %cssr:warn%c [intlify] Not found 'title.contacts' key in 'ru' locale messages. 
      background: #f39c12;
      border-radius: 0.5em;
      color: white;
      font-weight: bold;
      padding: 2px 0.5em;
      
  at warn (/Users/andrejkoval/Dev/vivadzen/src/front/node_modules/@intlify/shared/dist/shared.mjs)
  at handleMissing (/Users/andrejkoval/Dev/vivadzen/src/front/node_modules/@intlify/core-base/dist/core-base.mjs)
  at resolveMessageFormat (/Users/andrejkoval/Dev/vivadzen/src/front/node_modules/@intlify/core-base/dist/core-base.mjs)
 @ http://localhost:3001/_nuxt/@fs/Users/andrejkoval/Dev/vivadzen/src/front/node_modules/consola/dist/browser.mjs?v=52c0a703:47
[     314ms] [WARNING] %cssr:warn%c [intlify] Fall back to translate 'title.contacts' key with 'cs' locale. 
      background: #f39c12;
      border-radius: 0.5em;
      color: white;
      font-weight: bold;
      padding: 2px 0.5em;
      
  at warn (/Users/andrejkoval/Dev/vivadzen/src/front/node_modules/@intlify/shared/dist/shared.mjs)
  at resolveMessageFormat (/Users/andrejkoval/Dev/vivadzen/src/front/node_modules/@intlify/core-base/dist/core-base.mjs)
  at translate (/Users/andrejkoval/Dev/vivadzen/src/front/node_modules/@intlify/core-base/dist/core-base.mjs)
 @ http://localhost:3001/_nuxt/@fs/Users/andrejkoval/Dev/vivadzen/src/front/node_modules/consola/dist/browser.mjs?v=52c0a703:47
[     314ms] [WARNING] %cssr:warn%c [intlify] Not found 'title.contacts' key in 'cs' locale messages. 
      background: #f39c12;
      border-radius: 0.5em;
      color: white;
      font-weight: bold;
      padding: 2px 0.5em;
      
  at warn (/Users/andrejkoval/Dev/vivadzen/src/front/node_modules/@intlify/shared/dist/shared.mjs)
  at handleMissing (/Users/andrejkoval/Dev/vivadzen/src/front/node_modules/@intlify/core-base/dist/core-base.mjs)
  at resolveMessageFormat (/Users/andrejkoval/Dev/vivadzen/src/front/node_modules/@intlify/core-base/dist/core-base.mjs)
 @ http://localhost:3001/_nuxt/@fs/Users/andrejkoval/Dev/vivadzen/src/front/node_modules/consola/dist/browser.mjs?v=52c0a703:47
[     315ms] [WARNING] %cssr:warn%c [intlify] Fall back to translate 'title.contacts' with root locale. 
      background: #f39c12;
      border-radius: 0.5em;
      color: white;
      font-weight: bold;
      padding: 2px 0.5em;
      
  at warn (/Users/andrejkoval/Dev/vivadzen/src/front/node_modules/@intlify/shared/dist/shared.mjs)
  at wrapWithDeps (/Users/andrejkoval/Dev/vivadzen/src/front/node_modules/vue-i18n/dist/vue-i18n.mjs)
  at t (/Users/andrejkoval/Dev/vivadzen/src/front/node_modules/vue-i18n/dist/vue-i18n.mjs)
 @ http://localhost:3001/_nuxt/@fs/Users/andrejkoval/Dev/vivadzen/src/front/node_modules/consola/dist/browser.mjs?v=52c0a703:47
[     315ms] [WARNING] %cssr:warn%c [intlify] Not found 'delivery.default_address' key in 'ru' locale messages. 
      background: #f39c12;
      border-radius: 0.5em;
      color: white;
      font-weight: bold;
      padding: 2px 0.5em;
      
  at warn (/Users/andrejkoval/Dev/vivadzen/src/front/node_modules/@intlify/shared/dist/shared.mjs)
  at handleMissing (/Users/andrejkoval/Dev/vivadzen/src/front/node_modules/@intlify/core-base/dist/core-base.mjs)
  at resolveMessageFormat (/Users/andrejkoval/Dev/vivadzen/src/front/node_modules/@intlify/core-base/dist/core-base.mjs)
 @ http://localhost:3001/_nuxt/@fs/Users/andrejkoval/Dev/vivadzen/src/front/node_modules/consola/dist/browser.mjs?v=52c0a703:47
[     315ms] [WARNING] %cssr:warn%c [intlify] Fall back to translate 'delivery.default_address' key with 'cs' locale. 
      background: #f39c12;
      border-radius: 0.5em;
      color: white;
      font-weight: bold;
      padding: 2px 0.5em;
      
  at warn (/Users/andrejkoval/Dev/vivadzen/src/front/node_modules/@intlify/shared/dist/shared.mjs)
  at resolveMessageFormat (/Users/andrejkoval/Dev/vivadzen/src/front/node_modules/@intlify/core-base/dist/core-base.mjs)
  at translate (/Users/andrejkoval/Dev/vivadzen/src/front/node_modules/@intlify/core-base/dist/core-base.mjs)
 @ http://localhost:3001/_nuxt/@fs/Users/andrejkoval/Dev/vivadzen/src/front/node_modules/consola/dist/browser.mjs?v=52c0a703:47
[     315ms] [WARNING] %cssr:warn%c [intlify] Not found 'delivery.default_address' key in 'cs' locale messages. 
      background: #f39c12;
      border-radius: 0.5em;
      color: white;
      font-weight: bold;
      padding: 2px 0.5em;
      
  at warn (/Users/andrejkoval/Dev/vivadzen/src/front/node_modules/@intlify/shared/dist/shared.mjs)
  at handleMissing (/Users/andrejkoval/Dev/vivadzen/src/front/node_modules/@intlify/core-base/dist/core-base.mjs)
  at resolveMessageFormat (/Users/andrejkoval/Dev/vivadzen/src/front/node_modules/@intlify/core-base/dist/core-base.mjs)
 @ http://localhost:3001/_nuxt/@fs/Users/andrejkoval/Dev/vivadzen/src/front/node_modules/consola/dist/browser.mjs?v=52c0a703:47
[     315ms] [WARNING] %cssr:warn%c [intlify] Not found parent scope. use the global scope. 
      background: #f39c12;
      border-radius: 0.5em;
      color: white;
      font-weight: bold;
      padding: 2px 0.5em;
      
  at warn (/Users/andrejkoval/Dev/vivadzen/src/front/node_modules/@intlify/shared/dist/shared.mjs)
  at useI18n (/Users/andrejkoval/Dev/vivadzen/src/front/node_modules/vue-i18n/dist/vue-i18n.mjs)
  at setup (/Users/andrejkoval/Dev/vivadzen/src/front/node_modules/vue-i18n/dist/vue-i18n.mjs)
 @ http://localhost:3001/_nuxt/@fs/Users/andrejkoval/Dev/vivadzen/src/front/node_modules/consola/dist/browser.mjs?v=52c0a703:47
[     315ms] [LOG] %cssr%c %s: %s 
      background: #7f8c8d;
      border-radius: 0.5em;
      color: white;
      font-weight: bold;
      padding: 2px 0.5em;
      [nuxt-app] app:rendered 0.125ms 
  at timeLogImpl (node:internal/console/constructor)
  at node:internal/console/constructor
  at timeLogImpl (node:internal/util/debuglog)
 @ http://localhost:3001/_nuxt/@fs/Users/andrejkoval/Dev/vivadzen/src/front/node_modules/consola/dist/browser.mjs?v=52c0a703:47
[     315ms] [LOG] %cssr%c %s: %s 
      background: #7f8c8d;
      border-radius: 0.5em;
      color: white;
      font-weight: bold;
      padding: 2px 0.5em;
      [nuxt-app] schema-org:meta 0.005ms 
  at timeLogImpl (node:internal/console/constructor)
  at node:internal/console/constructor
  at timeLogImpl (node:internal/util/debuglog)
 @ http://localhost:3001/_nuxt/@fs/Users/andrejkoval/Dev/vivadzen/src/front/node_modules/consola/dist/browser.mjs?v=52c0a703:47
[     315ms] [LOG] [nuxt-app] dev:ssr-logs: 2.419921875 ms [Array(88)] @ http://localhost:3001/_nuxt/@fs/Users/andrejkoval/Dev/vivadzen/src/front/node_modules/hookable/dist/index.mjs?v=52c0a703:271
[     316ms] [LOG] [nuxt-app] page:loading:start: 0.033203125 ms [] @ http://localhost:3001/_nuxt/@fs/Users/andrejkoval/Dev/vivadzen/src/front/node_modules/hookable/dist/index.mjs?v=52c0a703:271
[     334ms] [WARNING] Timer '[nuxt-app] i18n:beforeLocaleSwitch' already exists @ http://localhost:3001/_nuxt/@fs/Users/andrejkoval/Dev/vivadzen/src/front/node_modules/hookable/dist/index.mjs?v=52c0a703:261
[     334ms] [LOG] [nuxt-app] i18n:beforeLocaleSwitch: 23.14990234375 ms [Object] @ http://localhost:3001/_nuxt/@fs/Users/andrejkoval/Dev/vivadzen/src/front/node_modules/hookable/dist/index.mjs?v=52c0a703:271
[     334ms] [LOG] [nuxt-app] app:created: 18.379150390625 ms [Object] @ http://localhost:3001/_nuxt/@fs/Users/andrejkoval/Dev/vivadzen/src/front/node_modules/hookable/dist/index.mjs?v=52c0a703:271
[     334ms] [LOG] [nuxt-app] app:beforeMount: 0.01806640625 ms [Object] @ http://localhost:3001/_nuxt/@fs/Users/andrejkoval/Dev/vivadzen/src/front/node_modules/hookable/dist/index.mjs?v=52c0a703:271
[     335ms] [LOG] [nuxt-app] vue:setup: 0.050048828125 ms [] @ http://localhost:3001/_nuxt/@fs/Users/andrejkoval/Dev/vivadzen/src/front/node_modules/hookable/dist/index.mjs?v=52c0a703:271
[     335ms] [INFO] <Suspense> is an experimental feature and its API will likely change. @ http://localhost:3001/_nuxt/@fs/Users/andrejkoval/Dev/vivadzen/src/front/node_modules/@vue/runtime-core/dist/runtime-core.esm-bundler.js?v=52c0a703:7155
[     335ms] [LOG] [nuxt-app] app:mounted: 0.037841796875 ms [Object] @ http://localhost:3001/_nuxt/@fs/Users/andrejkoval/Dev/vivadzen/src/front/node_modules/hookable/dist/index.mjs?v=52c0a703:271
[     336ms] [LOG] [Content] WS connect to ws://localhost:4000/ws @ http://localhost:3001/_nuxt/@fs/Users/andrejkoval/Dev/vivadzen/src/front/node_modules/@nuxt/content/dist/runtime/composables/web-socket.js?v=52c0a703:4
[     369ms] [WARNING] [intlify] Not found 'title.catalog' key in 'ru' locale messages. @ http://localhost:3001/_nuxt/node_modules/.cache/vite/client/deps/chunk-LY4OWT6B.js?v=52c0a703:3
[     369ms] [WARNING] [intlify] Fall back to translate 'title.catalog' key with 'cs' locale. @ http://localhost:3001/_nuxt/node_modules/.cache/vite/client/deps/chunk-LY4OWT6B.js?v=52c0a703:3
[     369ms] [WARNING] [intlify] Not found 'title.catalog' key in 'cs' locale messages. @ http://localhost:3001/_nuxt/node_modules/.cache/vite/client/deps/chunk-LY4OWT6B.js?v=52c0a703:3
[     369ms] [WARNING] [intlify] Fall back to translate 'title.catalog' with root locale. @ http://localhost:3001/_nuxt/node_modules/.cache/vite/client/deps/chunk-LY4OWT6B.js?v=52c0a703:3
[     369ms] [WARNING] [intlify] Not found 'title.delivery' key in 'ru' locale messages. @ http://localhost:3001/_nuxt/node_modules/.cache/vite/client/deps/chunk-LY4OWT6B.js?v=52c0a703:3
[     369ms] [WARNING] [intlify] Fall back to translate 'title.delivery' key with 'cs' locale. @ http://localhost:3001/_nuxt/node_modules/.cache/vite/client/deps/chunk-LY4OWT6B.js?v=52c0a703:3
[     369ms] [WARNING] [intlify] Not found 'title.delivery' key in 'cs' locale messages. @ http://localhost:3001/_nuxt/node_modules/.cache/vite/client/deps/chunk-LY4OWT6B.js?v=52c0a703:3
[     369ms] [WARNING] [intlify] Fall back to translate 'title.delivery' with root locale. @ http://localhost:3001/_nuxt/node_modules/.cache/vite/client/deps/chunk-LY4OWT6B.js?v=52c0a703:3
[     369ms] [WARNING] [intlify] Not found 'title.payment' key in 'ru' locale messages. @ http://localhost:3001/_nuxt/node_modules/.cache/vite/client/deps/chunk-LY4OWT6B.js?v=52c0a703:3
[     369ms] [WARNING] [intlify] Fall back to translate 'title.payment' key with 'cs' locale. @ http://localhost:3001/_nuxt/node_modules/.cache/vite/client/deps/chunk-LY4OWT6B.js?v=52c0a703:3
[     369ms] [WARNING] [intlify] Not found 'title.payment' key in 'cs' locale messages. @ http://localhost:3001/_nuxt/node_modules/.cache/vite/client/deps/chunk-LY4OWT6B.js?v=52c0a703:3
[     370ms] [WARNING] [intlify] Fall back to translate 'title.payment' with root locale. @ http://localhost:3001/_nuxt/node_modules/.cache/vite/client/deps/chunk-LY4OWT6B.js?v=52c0a703:3
[     370ms] [WARNING] [intlify] Not found 'title.age_verification' key in 'ru' locale messages. @ http://localhost:3001/_nuxt/node_modules/.cache/vite/client/deps/chunk-LY4OWT6B.js?v=52c0a703:3
[     370ms] [WARNING] [intlify] Fall back to translate 'title.age_verification' key with 'cs' locale. @ http://localhost:3001/_nuxt/node_modules/.cache/vite/client/deps/chunk-LY4OWT6B.js?v=52c0a703:3
[     370ms] [WARNING] [intlify] Not found 'title.age_verification' key in 'cs' locale messages. @ http://localhost:3001/_nuxt/node_modules/.cache/vite/client/deps/chunk-LY4OWT6B.js?v=52c0a703:3
[     370ms] [WARNING] [intlify] Fall back to translate 'title.age_verification' with root locale. @ http://localhost:3001/_nuxt/node_modules/.cache/vite/client/deps/chunk-LY4OWT6B.js?v=52c0a703:3
[     370ms] [WARNING] [intlify] Not found 'title.reviews' key in 'ru' locale messages. @ http://localhost:3001/_nuxt/node_modules/.cache/vite/client/deps/chunk-LY4OWT6B.js?v=52c0a703:3
[     370ms] [WARNING] [intlify] Fall back to translate 'title.reviews' key with 'cs' locale. @ http://localhost:3001/_nuxt/node_modules/.cache/vite/client/deps/chunk-LY4OWT6B.js?v=52c0a703:3
[     370ms] [WARNING] [intlify] Not found 'title.reviews' key in 'cs' locale messages. @ http://localhost:3001/_nuxt/node_modules/.cache/vite/client/deps/chunk-LY4OWT6B.js?v=52c0a703:3
[     370ms] [WARNING] [intlify] Fall back to translate 'title.reviews' with root locale. @ http://localhost:3001/_nuxt/node_modules/.cache/vite/client/deps/chunk-LY4OWT6B.js?v=52c0a703:3
[     370ms] [WARNING] [intlify] Not found 'title.about' key in 'ru' locale messages. @ http://localhost:3001/_nuxt/node_modules/.cache/vite/client/deps/chunk-LY4OWT6B.js?v=52c0a703:3
[     370ms] [WARNING] [intlify] Fall back to translate 'title.about' key with 'cs' locale. @ http://localhost:3001/_nuxt/node_modules/.cache/vite/client/deps/chunk-LY4OWT6B.js?v=52c0a703:3
[     370ms] [WARNING] [intlify] Not found 'title.about' key in 'cs' locale messages. @ http://localhost:3001/_nuxt/node_modules/.cache/vite/client/deps/chunk-LY4OWT6B.js?v=52c0a703:3
[     371ms] [WARNING] [intlify] Fall back to translate 'title.about' with root locale. @ http://localhost:3001/_nuxt/node_modules/.cache/vite/client/deps/chunk-LY4OWT6B.js?v=52c0a703:3
[     371ms] [WARNING] [intlify] Not found 'title.contacts' key in 'ru' locale messages. @ http://localhost:3001/_nuxt/node_modules/.cache/vite/client/deps/chunk-LY4OWT6B.js?v=52c0a703:3
[     371ms] [WARNING] [intlify] Fall back to translate 'title.contacts' key with 'cs' locale. @ http://localhost:3001/_nuxt/node_modules/.cache/vite/client/deps/chunk-LY4OWT6B.js?v=52c0a703:3
[     371ms] [WARNING] [intlify] Not found 'title.contacts' key in 'cs' locale messages. @ http://localhost:3001/_nuxt/node_modules/.cache/vite/client/deps/chunk-LY4OWT6B.js?v=52c0a703:3
[     371ms] [WARNING] [intlify] Fall back to translate 'title.contacts' with root locale. @ http://localhost:3001/_nuxt/node_modules/.cache/vite/client/deps/chunk-LY4OWT6B.js?v=52c0a703:3
[     371ms] [WARNING] [intlify] Not found 'button.login' key in 'ru' locale messages. @ http://localhost:3001/_nuxt/node_modules/.cache/vite/client/deps/chunk-LY4OWT6B.js?v=52c0a703:3
[     371ms] [WARNING] [intlify] Fall back to translate 'button.login' key with 'cs' locale. @ http://localhost:3001/_nuxt/node_modules/.cache/vite/client/deps/chunk-LY4OWT6B.js?v=52c0a703:3
[     372ms] [WARNING] [intlify] Not found 'button.login' key in 'cs' locale messages. @ http://localhost:3001/_nuxt/node_modules/.cache/vite/client/deps/chunk-LY4OWT6B.js?v=52c0a703:3
[     372ms] [WARNING] [intlify] Fall back to translate 'button.login' with root locale. @ http://localhost:3001/_nuxt/node_modules/.cache/vite/client/deps/chunk-LY4OWT6B.js?v=52c0a703:3
[     372ms] [WARNING] [intlify] Not found 'button.login' key in 'ru' locale messages. @ http://localhost:3001/_nuxt/node_modules/.cache/vite/client/deps/chunk-LY4OWT6B.js?v=52c0a703:3
[     372ms] [WARNING] [intlify] Fall back to translate 'button.login' key with 'cs' locale. @ http://localhost:3001/_nuxt/node_modules/.cache/vite/client/deps/chunk-LY4OWT6B.js?v=52c0a703:3
[     372ms] [WARNING] [intlify] Not found 'button.login' key in 'cs' locale messages. @ http://localhost:3001/_nuxt/node_modules/.cache/vite/client/deps/chunk-LY4OWT6B.js?v=52c0a703:3
[     372ms] [WARNING] [intlify] Not found 'title.cart' key in 'ru' locale messages. @ http://localhost:3001/_nuxt/node_modules/.cache/vite/client/deps/chunk-LY4OWT6B.js?v=52c0a703:3
[     372ms] [WARNING] [intlify] Fall back to translate 'title.cart' key with 'cs' locale. @ http://localhost:3001/_nuxt/node_modules/.cache/vite/client/deps/chunk-LY4OWT6B.js?v=52c0a703:3
[     372ms] [WARNING] [intlify] Not found 'title.cart' key in 'cs' locale messages. @ http://localhost:3001/_nuxt/node_modules/.cache/vite/client/deps/chunk-LY4OWT6B.js?v=52c0a703:3
[     372ms] [WARNING] [intlify] Fall back to translate 'title.cart' with root locale. @ http://localhost:3001/_nuxt/node_modules/.cache/vite/client/deps/chunk-LY4OWT6B.js?v=52c0a703:3
[     373ms] [WARNING] [intlify] Not found 'logo_alt' key in 'ru' locale messages. @ http://localhost:3001/_nuxt/node_modules/.cache/vite/client/deps/chunk-LY4OWT6B.js?v=52c0a703:3
[     374ms] [WARNING] [intlify] Fall back to translate 'logo_alt' key with 'cs' locale. @ http://localhost:3001/_nuxt/node_modules/.cache/vite/client/deps/chunk-LY4OWT6B.js?v=52c0a703:3
[     374ms] [WARNING] [intlify] Not found 'logo_alt' key in 'cs' locale messages. @ http://localhost:3001/_nuxt/node_modules/.cache/vite/client/deps/chunk-LY4OWT6B.js?v=52c0a703:3
[     374ms] [WARNING] [intlify] Fall back to translate 'logo_alt' with root locale. @ http://localhost:3001/_nuxt/node_modules/.cache/vite/client/deps/chunk-LY4OWT6B.js?v=52c0a703:3
[     374ms] [WARNING] [intlify] Not found 'logo_alt' key in 'ru' locale messages. @ http://localhost:3001/_nuxt/node_modules/.cache/vite/client/deps/chunk-LY4OWT6B.js?v=52c0a703:3
[     374ms] [WARNING] [intlify] Fall back to translate 'logo_alt' key with 'cs' locale. @ http://localhost:3001/_nuxt/node_modules/.cache/vite/client/deps/chunk-LY4OWT6B.js?v=52c0a703:3
[     374ms] [WARNING] [intlify] Not found 'logo_alt' key in 'cs' locale messages. @ http://localhost:3001/_nuxt/node_modules/.cache/vite/client/deps/chunk-LY4OWT6B.js?v=52c0a703:3
[     376ms] [WARNING] [Vue warn]: Hydration style mismatch on JSHandle@node 
  - rendered on server: style="width:1em;height:1em;--c613ce94-iconUrl:url('https://api.iconify.design/iconoir/nav-arrow-down.svg');"
  - expected on client: style="width:1em;height:1em;"
  Note: this mismatch is check-only. The DOM will not be rectified in production due to performance overhead.
  You should fix the source of the mismatch. 
  at <IconCSS key=0 name="iconoir:nav-arrow-down" class="hero-header__nav-link-icon" > 
  at <RouterLink ref=fn to="/ru/catalog" activeClass=undefined  ... > 
  at <NuxtLink to="/ru/catalog" class="hero-header__nav-link hero-header__nav-link--catalog" onClick=fn > 
  at <Header> 
  at <Body style= {background: #f8f1e6, --kratom-page-theme: light, --kratom-page-background: #f8f1e6, --kratom-page-text: #1f2b1d, --kratom-page-muted: rgba(31, 43, 29, 0.68)} data-page-theme="light" > 
  at <Html lang="ru-RU" dir="ltr" > 
  at <Default ref=Ref< undefined > > 
  at <AsyncComponentWrapper ref=Ref< undefined > > 
  at <LayoutLoader key="default" layoutProps= {ref: RefImpl} name="default" > 
  at <NuxtLayoutProvider layoutProps= {ref: RefImpl} key="default" name="default"  ... > 
  at <NuxtLayout> 
  at <App key=4 > 
  at <NuxtRoot> @ http://localhost:3001/_nuxt/@fs/Users/andrejkoval/Dev/vivadzen/src/front/node_modules/@vue/runtime-core/dist/runtime-core.esm-bundler.js?v=52c0a703:49
[     376ms] [ERROR] Hydration completed but contains mismatches. @ http://localhost:3001/_nuxt/@fs/Users/andrejkoval/Dev/vivadzen/src/front/node_modules/@vue/runtime-core/dist/runtime-core.esm-bundler.js?v=52c0a703:1847
[     377ms] [WARNING] [Vue warn]: Hydration style mismatch on JSHandle@node 
  - rendered on server: style="width:1em;height:1em;--c613ce94-iconUrl:url('https://api.iconify.design/ph/caret-right-bold.svg');"
  - expected on client: style="width:1em;height:1em;"
  Note: this mismatch is check-only. The DOM will not be rectified in production due to performance overhead.
  You should fix the source of the mismatch. 
  at <IconCSS name="ph:caret-right-bold" class="catalog-dropdown__icon" > 
  at <RouterLink ref=fn to="/ru/catalog" activeClass=undefined  ... > 
  at <NuxtLink key="all" to="/ru/catalog" class="catalog-dropdown__item"  ... > 
  at <CatalogDropdown key=0 enabled=false onNavigate=fn<closeCatalogDropdown> > 
  at <Header> 
  at <Body style= {background: #f8f1e6, --kratom-page-theme: light, --kratom-page-background: #f8f1e6, --kratom-page-text: #1f2b1d, --kratom-page-muted: rgba(31, 43, 29, 0.68)} data-page-theme="light" > 
  at <Html lang="ru-RU" dir="ltr" > 
  at <Default ref=Ref< undefined > > 
  at <AsyncComponentWrapper ref=Ref< undefined > > 
  at <LayoutLoader key="default" layoutProps= {ref: RefImpl} name="default" > 
  at <NuxtLayoutProvider layoutProps= {ref: RefImpl} key="default" name="default"  ... > 
  at <NuxtLayout> 
  at <App key=4 > 
  at <NuxtRoot> @ http://localhost:3001/_nuxt/@fs/Users/andrejkoval/Dev/vivadzen/src/front/node_modules/@vue/runtime-core/dist/runtime-core.esm-bundler.js?v=52c0a703:49
[     378ms] [WARNING] [Vue warn]: Hydration style mismatch on JSHandle@node 
  - rendered on server: style="width:1em;height:1em;--c613ce94-iconUrl:url('https://api.iconify.design/fluent/flash-24-regular.svg');"
  - expected on client: style="width:1em;height:1em;"
  Note: this mismatch is check-only. The DOM will not be rectified in production due to performance overhead.
  You should fix the source of the mismatch. 
  at <IconCSS name="fluent:flash-24-regular" class="hero-header__promo-cta-icon" > 
  at <Header> 
  at <Body style= {background: #f8f1e6, --kratom-page-theme: light, --kratom-page-background: #f8f1e6, --kratom-page-text: #1f2b1d, --kratom-page-muted: rgba(31, 43, 29, 0.68)} data-page-theme="light" > 
  at <Html lang="ru-RU" dir="ltr" > 
  at <Default ref=Ref< undefined > > 
  at <AsyncComponentWrapper ref=Ref< undefined > > 
  at <LayoutLoader key="default" layoutProps= {ref: RefImpl} name="default" > 
  at <NuxtLayoutProvider layoutProps= {ref: RefImpl} key="default" name="default"  ... > 
  at <NuxtLayout> 
  at <App key=4 > 
  at <NuxtRoot> @ http://localhost:3001/_nuxt/@fs/Users/andrejkoval/Dev/vivadzen/src/front/node_modules/@vue/runtime-core/dist/runtime-core.esm-bundler.js?v=52c0a703:49
[     379ms] [WARNING] [Vue warn]: Hydration style mismatch on JSHandle@node 
  - rendered on server: style="width:1em;height:1em;--c613ce94-iconUrl:url('https://api.iconify.design/iconoir/nav-arrow-down.svg');"
  - expected on client: style="width:1em;height:1em;"
  Note: this mismatch is check-only. The DOM will not be rectified in production due to performance overhead.
  You should fix the source of the mismatch. 
  at <IconCSS name="iconoir:nav-arrow-down" class="lang-switcher__chevron" > 
  at <Header> 
  at <Body style= {background: #f8f1e6, --kratom-page-theme: light, --kratom-page-background: #f8f1e6, --kratom-page-text: #1f2b1d, --kratom-page-muted: rgba(31, 43, 29, 0.68)} data-page-theme="light" > 
  at <Html lang="ru-RU" dir="ltr" > 
  at <Default ref=Ref< undefined > > 
  at <AsyncComponentWrapper ref=Ref< undefined > > 
  at <LayoutLoader key="default" layoutProps= {ref: RefImpl} name="default" > 
  at <NuxtLayoutProvider layoutProps= {ref: RefImpl} key="default" name="default"  ... > 
  at <NuxtLayout> 
  at <App key=4 > 
  at <NuxtRoot> @ http://localhost:3001/_nuxt/@fs/Users/andrejkoval/Dev/vivadzen/src/front/node_modules/@vue/runtime-core/dist/runtime-core.esm-bundler.js?v=52c0a703:49
[     379ms] [WARNING] [Vue warn]: Hydration style mismatch on JSHandle@node 
  - rendered on server: style="width:1em;height:1em;--c613ce94-iconUrl:url('https://api.iconify.design/ph/user-circle-fill.svg');"
  - expected on client: style="width:1em;height:1em;"
  Note: this mismatch is check-only. The DOM will not be rectified in production due to performance overhead.
  You should fix the source of the mismatch. 
  at <IconCSS key=1 name="ph:user-circle-fill" class="hero-header__account-icon" > 
  at <RouterLink ref=fn to="/ru/auth/login" activeClass=undefined  ... > 
  at <NuxtLink to="/ru/auth/login" class="hero-header__account" aria-label="button.login"  ... > 
  at <Header> 
  at <Body style= {background: #f8f1e6, --kratom-page-theme: light, --kratom-page-background: #f8f1e6, --kratom-page-text: #1f2b1d, --kratom-page-muted: rgba(31, 43, 29, 0.68)} data-page-theme="light" > 
  at <Html lang="ru-RU" dir="ltr" > 
  at <Default ref=Ref< undefined > > 
  at <AsyncComponentWrapper ref=Ref< undefined > > 
  at <LayoutLoader key="default" layoutProps= {ref: RefImpl} name="default" > 
  at <NuxtLayoutProvider layoutProps= {ref: RefImpl} key="default" name="default"  ... > 
  at <NuxtLayout> 
  at <App key=4 > 
  at <NuxtRoot> @ http://localhost:3001/_nuxt/@fs/Users/andrejkoval/Dev/vivadzen/src/front/node_modules/@vue/runtime-core/dist/runtime-core.esm-bundler.js?v=52c0a703:49
[     379ms] [WARNING] [Vue warn]: Hydration style mismatch on JSHandle@node 
  - rendered on server: style="width:1em;height:1em;--c613ce94-iconUrl:url('https://api.iconify.design/ci/shopping-cart-01.svg');"
  - expected on client: style="width:1em;height:1em;"
  Note: this mismatch is check-only. The DOM will not be rectified in production due to performance overhead.
  You should fix the source of the mismatch. 
  at <IconCSS name="ci:shopping-cart-01" class="hero-header__cart-icon" > 
  at <Header> 
  at <Body style= {background: #f8f1e6, --kratom-page-theme: light, --kratom-page-background: #f8f1e6, --kratom-page-text: #1f2b1d, --kratom-page-muted: rgba(31, 43, 29, 0.68)} data-page-theme="light" > 
  at <Html lang="ru-RU" dir="ltr" > 
  at <Default ref=Ref< undefined > > 
  at <AsyncComponentWrapper ref=Ref< undefined > > 
  at <LayoutLoader key="default" layoutProps= {ref: RefImpl} name="default" > 
  at <NuxtLayoutProvider layoutProps= {ref: RefImpl} key="default" name="default"  ... > 
  at <NuxtLayout> 
  at <App key=4 > 
  at <NuxtRoot> @ http://localhost:3001/_nuxt/@fs/Users/andrejkoval/Dev/vivadzen/src/front/node_modules/@vue/runtime-core/dist/runtime-core.esm-bundler.js?v=52c0a703:49
[     380ms] [WARNING] [Vue warn]: Hydration style mismatch on JSHandle@node 
  - rendered on server: style="width:1em;height:1em;--c613ce94-iconUrl:url('https://api.iconify.design/mynaui/telephone-call.svg');"
  - expected on client: style="width:1em;height:1em;"
  Note: this mismatch is check-only. The DOM will not be rectified in production due to performance overhead.
  You should fix the source of the mismatch. 
  at <IconCSS name="mynaui:telephone-call" class="hero-mobile-menu__contact-icon" > 
  at <Header> 
  at <Body style= {background: #f8f1e6, --kratom-page-theme: light, --kratom-page-background: #f8f1e6, --kratom-page-text: #1f2b1d, --kratom-page-muted: rgba(31, 43, 29, 0.68)} data-page-theme="light" > 
  at <Html lang="ru-RU" dir="ltr" > 
  at <Default ref=Ref< undefined > > 
  at <AsyncComponentWrapper ref=Ref< undefined > > 
  at <LayoutLoader key="default" layoutProps= {ref: RefImpl} name="default" > 
  at <NuxtLayoutProvider layoutProps= {ref: RefImpl} key="default" name="default"  ... > 
  at <NuxtLayout> 
  at <App key=4 > 
  at <NuxtRoot> @ http://localhost:3001/_nuxt/@fs/Users/andrejkoval/Dev/vivadzen/src/front/node_modules/@vue/runtime-core/dist/runtime-core.esm-bundler.js?v=52c0a703:49
[     380ms] [WARNING] [Vue warn]: Hydration style mismatch on JSHandle@node 
  - rendered on server: style="width:1em;height:1em;--c613ce94-iconUrl:url('https://api.iconify.design/ic/round-alternate-email.svg');"
  - expected on client: style="width:1em;height:1em;"
  Note: this mismatch is check-only. The DOM will not be rectified in production due to performance overhead.
  You should fix the source of the mismatch. 
  at <IconCSS name="ic:round-alternate-email" class="hero-mobile-menu__contact-icon" > 
  at <Header> 
  at <Body style= {background: #f8f1e6, --kratom-page-theme: light, --kratom-page-background: #f8f1e6, --kratom-page-text: #1f2b1d, --kratom-page-muted: rgba(31, 43, 29, 0.68)} data-page-theme="light" > 
  at <Html lang="ru-RU" dir="ltr" > 
  at <Default ref=Ref< undefined > > 
  at <AsyncComponentWrapper ref=Ref< undefined > > 
  at <LayoutLoader key="default" layoutProps= {ref: RefImpl} name="default" > 
  at <NuxtLayoutProvider layoutProps= {ref: RefImpl} key="default" name="default"  ... > 
  at <NuxtLayout> 
  at <App key=4 > 
  at <NuxtRoot> @ http://localhost:3001/_nuxt/@fs/Users/andrejkoval/Dev/vivadzen/src/front/node_modules/@vue/runtime-core/dist/runtime-core.esm-bundler.js?v=52c0a703:49
[     380ms] [WARNING] [Vue warn]: Hydration style mismatch on JSHandle@node 
  - rendered on server: style="width:1em;height:1em;--c613ce94-iconUrl:url('https://api.iconify.design/mynaui/location.svg');"
  - expected on client: style="width:1em;height:1em;"
  Note: this mismatch is check-only. The DOM will not be rectified in production due to performance overhead.
  You should fix the source of the mismatch. 
  at <IconCSS name="mynaui:location" class="hero-mobile-menu__contact-icon" > 
  at <Header> 
  at <Body style= {background: #f8f1e6, --kratom-page-theme: light, --kratom-page-background: #f8f1e6, --kratom-page-text: #1f2b1d, --kratom-page-muted: rgba(31, 43, 29, 0.68)} data-page-theme="light" > 
  at <Html lang="ru-RU" dir="ltr" > 
  at <Default ref=Ref< undefined > > 
  at <AsyncComponentWrapper ref=Ref< undefined > > 
  at <LayoutLoader key="default" layoutProps= {ref: RefImpl} name="default" > 
  at <NuxtLayoutProvider layoutProps= {ref: RefImpl} key="default" name="default"  ... > 
  at <NuxtLayout> 
  at <App key=4 > 
  at <NuxtRoot> @ http://localhost:3001/_nuxt/@fs/Users/andrejkoval/Dev/vivadzen/src/front/node_modules/@vue/runtime-core/dist/runtime-core.esm-bundler.js?v=52c0a703:49
[     381ms] [WARNING] [Vue warn]: Hydration style mismatch on JSHandle@node 
  - rendered on server: style="width:1em;height:1em;--c613ce94-iconUrl:url('https://api.iconify.design/mynaui/clock-4.svg');"
  - expected on client: style="width:1em;height:1em;"
  Note: this mismatch is check-only. The DOM will not be rectified in production due to performance overhead.
  You should fix the source of the mismatch. 
  at <IconCSS name="mynaui:clock-4" class="hero-mobile-menu__contact-icon" > 
  at <Header> 
  at <Body style= {background: #f8f1e6, --kratom-page-theme: light, --kratom-page-background: #f8f1e6, --kratom-page-text: #1f2b1d, --kratom-page-muted: rgba(31, 43, 29, 0.68)} data-page-theme="light" > 
  at <Html lang="ru-RU" dir="ltr" > 
  at <Default ref=Ref< undefined > > 
  at <AsyncComponentWrapper ref=Ref< undefined > > 
  at <LayoutLoader key="default" layoutProps= {ref: RefImpl} name="default" > 
  at <NuxtLayoutProvider layoutProps= {ref: RefImpl} key="default" name="default"  ... > 
  at <NuxtLayout> 
  at <App key=4 > 
  at <NuxtRoot> @ http://localhost:3001/_nuxt/@fs/Users/andrejkoval/Dev/vivadzen/src/front/node_modules/@vue/runtime-core/dist/runtime-core.esm-bundler.js?v=52c0a703:49
[     381ms] [WARNING] [Vue warn]: Hydration style mismatch on JSHandle@node 
  - rendered on server: style="width:1em;height:1em;--c613ce94-iconUrl:url('https://api.iconify.design/fluent/flash-24-regular.svg');"
  - expected on client: style="width:1em;height:1em;"
  Note: this mismatch is check-only. The DOM will not be rectified in production due to performance overhead.
  You should fix the source of the mismatch. 
  at <IconCSS name="fluent:flash-24-regular" class="icon" > 
  at <Header> 
  at <Body style= {background: #f8f1e6, --kratom-page-theme: light, --kratom-page-background: #f8f1e6, --kratom-page-text: #1f2b1d, --kratom-page-muted: rgba(31, 43, 29, 0.68)} data-page-theme="light" > 
  at <Html lang="ru-RU" dir="ltr" > 
  at <Default ref=Ref< undefined > > 
  at <AsyncComponentWrapper ref=Ref< undefined > > 
  at <LayoutLoader key="default" layoutProps= {ref: RefImpl} name="default" > 
  at <NuxtLayoutProvider layoutProps= {ref: RefImpl} key="default" name="default"  ... > 
  at <NuxtLayout> 
  at <App key=4 > 
  at <NuxtRoot> @ http://localhost:3001/_nuxt/@fs/Users/andrejkoval/Dev/vivadzen/src/front/node_modules/@vue/runtime-core/dist/runtime-core.esm-bundler.js?v=52c0a703:49
[     383ms] [WARNING] [Vue warn]: Hydration style mismatch on JSHandle@node 
  - rendered on server: style="width:1em;height:1em;--c613ce94-iconUrl:url('https://api.iconify.design/ph/arrow-up-bold.svg');"
  - expected on client: style="width:1em;height:1em;"
  Note: this mismatch is check-only. The DOM will not be rectified in production due to performance overhead.
  You should fix the source of the mismatch. 
  at <IconCSS name="ph:arrow-up-bold" class="scroll-top-button__icon" > 
  at <ScrollToTopButton> 
  at <FloatingButtons> 
  at <Body style= {background: #f8f1e6, --kratom-page-theme: light, --kratom-page-background: #f8f1e6, --kratom-page-text: #1f2b1d, --kratom-page-muted: rgba(31, 43, 29, 0.68)} data-page-theme="light" > 
  at <Html lang="ru-RU" dir="ltr" > 
  at <Default ref=Ref< undefined > > 
  at <AsyncComponentWrapper ref=Ref< undefined > > 
  at <LayoutLoader key="default" layoutProps= {ref: RefImpl} name="default" > 
  at <NuxtLayoutProvider layoutProps= {ref: RefImpl} key="default" name="default"  ... > 
  at <NuxtLayout> 
  at <App key=4 > 
  at <NuxtRoot> @ http://localhost:3001/_nuxt/@fs/Users/andrejkoval/Dev/vivadzen/src/front/node_modules/@vue/runtime-core/dist/runtime-core.esm-bundler.js?v=52c0a703:49
[     384ms] [WARNING] [Vue warn]: Hydration style mismatch on JSHandle@node 
  - rendered on server: style="width:1em;height:1em;--c613ce94-iconUrl:url('https://api.iconify.design/ph/chat-circle-dots-fill.svg');"
  - expected on client: style="width:1em;height:1em;"
  Note: this mismatch is check-only. The DOM will not be rectified in production due to performance overhead.
  You should fix the source of the mismatch. 
  at <IconCSS name="ph:chat-circle-dots-fill" class="chat-support-button__icon" > 
  at <ChatSupportButton> 
  at <FloatingButtons> 
  at <Body style= {background: #f8f1e6, --kratom-page-theme: light, --kratom-page-background: #f8f1e6, --kratom-page-text: #1f2b1d, --kratom-page-muted: rgba(31, 43, 29, 0.68)} data-page-theme="light" > 
  at <Html lang="ru-RU" dir="ltr" > 
  at <Default ref=Ref< undefined > > 
  at <AsyncComponentWrapper ref=Ref< undefined > > 
  at <LayoutLoader key="default" layoutProps= {ref: RefImpl} name="default" > 
  at <NuxtLayoutProvider layoutProps= {ref: RefImpl} key="default" name="default"  ... > 
  at <NuxtLayout> 
  at <App key=4 > 
  at <NuxtRoot> @ http://localhost:3001/_nuxt/@fs/Users/andrejkoval/Dev/vivadzen/src/front/node_modules/@vue/runtime-core/dist/runtime-core.esm-bundler.js?v=52c0a703:49
[     386ms] [WARNING] [Vue warn]: Hydration style mismatch on JSHandle@node 
  - rendered on server: style="width:1em;height:1em;--c613ce94-iconUrl:url('https://api.iconify.design/ph/telegram-logo.svg');"
  - expected on client: style="width:1em;height:1em;"
  Note: this mismatch is check-only. The DOM will not be rectified in production due to performance overhead.
  You should fix the source of the mismatch. 
  at <IconCSS name="ph:telegram-logo" > 
  at <SiteFooter> 
  at <Body style= {background: #f8f1e6, --kratom-page-theme: light, --kratom-page-background: #f8f1e6, --kratom-page-text: #1f2b1d, --kratom-page-muted: rgba(31, 43, 29, 0.68)} data-page-theme="light" > 
  at <Html lang="ru-RU" dir="ltr" > 
  at <Default ref=Ref< undefined > > 
  at <AsyncComponentWrapper ref=Ref< undefined > > 
  at <LayoutLoader key="default" layoutProps= {ref: RefImpl} name="default" > 
  at <NuxtLayoutProvider layoutProps= {ref: RefImpl} key="default" name="default"  ... > 
  at <NuxtLayout> 
  at <App key=4 > 
  at <NuxtRoot> @ http://localhost:3001/_nuxt/@fs/Users/andrejkoval/Dev/vivadzen/src/front/node_modules/@vue/runtime-core/dist/runtime-core.esm-bundler.js?v=52c0a703:49
[     386ms] [WARNING] [Vue warn]: Hydration style mismatch on JSHandle@node 
  - rendered on server: style="width:1em;height:1em;--c613ce94-iconUrl:url('https://api.iconify.design/ph/whatsapp-logo.svg');"
  - expected on client: style="width:1em;height:1em;"
  Note: this mismatch is check-only. The DOM will not be rectified in production due to performance overhead.
  You should fix the source of the mismatch. 
  at <IconCSS name="ph:whatsapp-logo" > 
  at <SiteFooter> 
  at <Body style= {background: #f8f1e6, --kratom-page-theme: light, --kratom-page-background: #f8f1e6, --kratom-page-text: #1f2b1d, --kratom-page-muted: rgba(31, 43, 29, 0.68)} data-page-theme="light" > 
  at <Html lang="ru-RU" dir="ltr" > 
  at <Default ref=Ref< undefined > > 
  at <AsyncComponentWrapper ref=Ref< undefined > > 
  at <LayoutLoader key="default" layoutProps= {ref: RefImpl} name="default" > 
  at <NuxtLayoutProvider layoutProps= {ref: RefImpl} key="default" name="default"  ... > 
  at <NuxtLayout> 
  at <App key=4 > 
  at <NuxtRoot> @ http://localhost:3001/_nuxt/@fs/Users/andrejkoval/Dev/vivadzen/src/front/node_modules/@vue/runtime-core/dist/runtime-core.esm-bundler.js?v=52c0a703:49
[     386ms] [WARNING] [Vue warn]: Hydration style mismatch on JSHandle@node 
  - rendered on server: style="width:1em;height:1em;--c613ce94-iconUrl:url('https://api.iconify.design/iconoir/instagram.svg');"
  - expected on client: style="width:1em;height:1em;"
  Note: this mismatch is check-only. The DOM will not be rectified in production due to performance overhead.
  You should fix the source of the mismatch. 
  at <IconCSS name="iconoir:instagram" > 
  at <SiteFooter> 
  at <Body style= {background: #f8f1e6, --kratom-page-theme: light, --kratom-page-background: #f8f1e6, --kratom-page-text: #1f2b1d, --kratom-page-muted: rgba(31, 43, 29, 0.68)} data-page-theme="light" > 
  at <Html lang="ru-RU" dir="ltr" > 
  at <Default ref=Ref< undefined > > 
  at <AsyncComponentWrapper ref=Ref< undefined > > 
  at <LayoutLoader key="default" layoutProps= {ref: RefImpl} name="default" > 
  at <NuxtLayoutProvider layoutProps= {ref: RefImpl} key="default" name="default"  ... > 
  at <NuxtLayout> 
  at <App key=4 > 
  at <NuxtRoot> @ http://localhost:3001/_nuxt/@fs/Users/andrejkoval/Dev/vivadzen/src/front/node_modules/@vue/runtime-core/dist/runtime-core.esm-bundler.js?v=52c0a703:49
[     387ms] [WARNING] [Vue warn]: Hydration style mismatch on JSHandle@node 
  - rendered on server: style="width:1em;height:1em;--c613ce94-iconUrl:url('https://api.iconify.design/iconoir/facebook.svg');"
  - expected on client: style="width:1em;height:1em;"
  Note: this mismatch is check-only. The DOM will not be rectified in production due to performance overhead.
  You should fix the source of the mismatch. 
  at <IconCSS name="iconoir:facebook" > 
  at <SiteFooter> 
  at <Body style= {background: #f8f1e6, --kratom-page-theme: light, --kratom-page-background: #f8f1e6, --kratom-page-text: #1f2b1d, --kratom-page-muted: rgba(31, 43, 29, 0.68)} data-page-theme="light" > 
  at <Html lang="ru-RU" dir="ltr" > 
  at <Default ref=Ref< undefined > > 
  at <AsyncComponentWrapper ref=Ref< undefined > > 
  at <LayoutLoader key="default" layoutProps= {ref: RefImpl} name="default" > 
  at <NuxtLayoutProvider layoutProps= {ref: RefImpl} key="default" name="default"  ... > 
  at <NuxtLayout> 
  at <App key=4 > 
  at <NuxtRoot> @ http://localhost:3001/_nuxt/@fs/Users/andrejkoval/Dev/vivadzen/src/front/node_modules/@vue/runtime-core/dist/runtime-core.esm-bundler.js?v=52c0a703:49
[     387ms] [WARNING] [Vue warn]: Hydration style mismatch on JSHandle@node 
  - rendered on server: style="width:1em;height:1em;--c613ce94-iconUrl:url('https://api.iconify.design/iconoir/youtube.svg');"
  - expected on client: style="width:1em;height:1em;"
  Note: this mismatch is check-only. The DOM will not be rectified in production due to performance overhead.
  You should fix the source of the mismatch. 
  at <IconCSS name="iconoir:youtube" > 
  at <SiteFooter> 
  at <Body style= {background: #f8f1e6, --kratom-page-theme: light, --kratom-page-background: #f8f1e6, --kratom-page-text: #1f2b1d, --kratom-page-muted: rgba(31, 43, 29, 0.68)} data-page-theme="light" > 
  at <Html lang="ru-RU" dir="ltr" > 
  at <Default ref=Ref< undefined > > 
  at <AsyncComponentWrapper ref=Ref< undefined > > 
  at <LayoutLoader key="default" layoutProps= {ref: RefImpl} name="default" > 
  at <NuxtLayoutProvider layoutProps= {ref: RefImpl} key="default" name="default"  ... > 
  at <NuxtLayout> 
  at <App key=4 > 
  at <NuxtRoot> @ http://localhost:3001/_nuxt/@fs/Users/andrejkoval/Dev/vivadzen/src/front/node_modules/@vue/runtime-core/dist/runtime-core.esm-bundler.js?v=52c0a703:49
[     392ms] [LOG] [Content] WS connected! @ http://localhost:3001/_nuxt/@fs/Users/andrejkoval/Dev/vivadzen/src/front/node_modules/@nuxt/content/dist/runtime/composables/web-socket.js?v=52c0a703:4
[     396ms] [WARNING] [intlify] Not found 'delivery.default_address' key in 'ru' locale messages. @ http://localhost:3001/_nuxt/node_modules/.cache/vite/client/deps/chunk-LY4OWT6B.js?v=52c0a703:3
[     396ms] [WARNING] [intlify] Fall back to translate 'delivery.default_address' key with 'cs' locale. @ http://localhost:3001/_nuxt/node_modules/.cache/vite/client/deps/chunk-LY4OWT6B.js?v=52c0a703:3
[     396ms] [WARNING] [intlify] Not found 'delivery.default_address' key in 'cs' locale messages. @ http://localhost:3001/_nuxt/node_modules/.cache/vite/client/deps/chunk-LY4OWT6B.js?v=52c0a703:3
[     397ms] [WARNING] [Vue warn]: Hydration node mismatch:
- rendered on server: JSHandle@node  
- expected on client: Symbol(v-cmt) 
  at <MethodsDetails section="delivery" > 
  at <Index onVnodeUnmounted=fn<onVnodeUnmounted> ref=Ref< undefined > > 
  at <RouteProvider key="/ru/delivery" vnode= {__v_isVNode: true, __v_skip: true, type: Object, props: Object, key: null} route= {fullPath: /ru/delivery, hash: , query: Object, name: delivery___ru, path: /ru/delivery}  ... > 
  at <RouterView name=undefined route=undefined > 
  at <NuxtPage> 
  at <Body style= {background: #f8f1e6, --kratom-page-theme: light, --kratom-page-background: #f8f1e6, --kratom-page-text: #1f2b1d, --kratom-page-muted: rgba(31, 43, 29, 0.68)} data-page-theme="light" > 
  at <Html lang="ru-RU" dir="ltr" > 
  at <Default ref=Ref< undefined > > 
  at <AsyncComponentWrapper ref=Ref< undefined > > 
  at <LayoutLoader key="default" layoutProps= {ref: RefImpl} name="default" > 
  at <NuxtLayoutProvider layoutProps= {ref: RefImpl} key="default" name="default"  ... > 
  at <NuxtLayout> 
  at <App key=4 > 
  at <NuxtRoot> @ http://localhost:3001/_nuxt/@fs/Users/andrejkoval/Dev/vivadzen/src/front/node_modules/@vue/runtime-core/dist/runtime-core.esm-bundler.js?v=52c0a703:49
[     397ms] [WARNING] [Vue warn]: Hydration children mismatch on JSHandle@node 
Server rendered element contains more child nodes than client vdom. 
  at <MethodsDetails section="delivery" > 
  at <Index onVnodeUnmounted=fn<onVnodeUnmounted> ref=Ref< undefined > > 
  at <RouteProvider key="/ru/delivery" vnode= {__v_isVNode: true, __v_skip: true, type: Object, props: Object, key: null} route= {fullPath: /ru/delivery, hash: , query: Object, name: delivery___ru, path: /ru/delivery}  ... > 
  at <RouterView name=undefined route=undefined > 
  at <NuxtPage> 
  at <Body style= {background: #f8f1e6, --kratom-page-theme: light, --kratom-page-background: #f8f1e6, --kratom-page-text: #1f2b1d, --kratom-page-muted: rgba(31, 43, 29, 0.68)} data-page-theme="light" > 
  at <Html lang="ru-RU" dir="ltr" > 
  at <Default ref=Ref< undefined > > 
  at <AsyncComponentWrapper ref=Ref< undefined > > 
  at <LayoutLoader key="default" layoutProps= {ref: RefImpl} name="default" > 
  at <NuxtLayoutProvider layoutProps= {ref: RefImpl} key="default" name="default"  ... > 
  at <NuxtLayout> 
  at <App key=4 > 
  at <NuxtRoot> @ http://localhost:3001/_nuxt/@fs/Users/andrejkoval/Dev/vivadzen/src/front/node_modules/@vue/runtime-core/dist/runtime-core.esm-bundler.js?v=52c0a703:49
[     398ms] [WARNING] [intlify] Not found parent scope. use the global scope. @ http://localhost:3001/_nuxt/node_modules/.cache/vite/client/deps/chunk-LY4OWT6B.js?v=52c0a703:3
[     400ms] [WARNING] [intlify] Not found 'title.cart' key in 'ru' locale messages. @ http://localhost:3001/_nuxt/node_modules/.cache/vite/client/deps/chunk-LY4OWT6B.js?v=52c0a703:3
[     400ms] [WARNING] [intlify] Fall back to translate 'title.cart' key with 'cs' locale. @ http://localhost:3001/_nuxt/node_modules/.cache/vite/client/deps/chunk-LY4OWT6B.js?v=52c0a703:3
[     400ms] [WARNING] [intlify] Not found 'title.cart' key in 'cs' locale messages. @ http://localhost:3001/_nuxt/node_modules/.cache/vite/client/deps/chunk-LY4OWT6B.js?v=52c0a703:3
[     400ms] [WARNING] [intlify] Fall back to translate 'title.cart' with root locale. @ http://localhost:3001/_nuxt/node_modules/.cache/vite/client/deps/chunk-LY4OWT6B.js?v=52c0a703:3
[     402ms] [WARNING] [intlify] Not found 'title.cart' key in 'ru' locale messages. @ http://localhost:3001/_nuxt/node_modules/.cache/vite/client/deps/chunk-LY4OWT6B.js?v=52c0a703:3
[     402ms] [WARNING] [intlify] Fall back to translate 'title.cart' key with 'cs' locale. @ http://localhost:3001/_nuxt/node_modules/.cache/vite/client/deps/chunk-LY4OWT6B.js?v=52c0a703:3
[     402ms] [WARNING] [intlify] Not found 'title.cart' key in 'cs' locale messages. @ http://localhost:3001/_nuxt/node_modules/.cache/vite/client/deps/chunk-LY4OWT6B.js?v=52c0a703:3
[     402ms] [WARNING] [intlify] Fall back to translate 'title.cart' with root locale. @ http://localhost:3001/_nuxt/node_modules/.cache/vite/client/deps/chunk-LY4OWT6B.js?v=52c0a703:3
[     403ms] [LOG] [nuxt-app] page:finish: 1.179931640625 ms [Object] @ http://localhost:3001/_nuxt/@fs/Users/andrejkoval/Dev/vivadzen/src/front/node_modules/hookable/dist/index.mjs?v=52c0a703:271
[     403ms] [LOG] [nuxt-app] page:loading:end: 0.14794921875 ms [] @ http://localhost:3001/_nuxt/@fs/Users/andrejkoval/Dev/vivadzen/src/front/node_modules/hookable/dist/index.mjs?v=52c0a703:271
[     406ms] [LOG] [nuxt-app] schema-org:meta: 0.03515625 ms [Object] @ http://localhost:3001/_nuxt/@fs/Users/andrejkoval/Dev/vivadzen/src/front/node_modules/hookable/dist/index.mjs?v=52c0a703:271
[     406ms] [LOG] [nuxt-app] app:suspense:resolve: 2.958984375 ms [] @ http://localhost:3001/_nuxt/@fs/Users/andrejkoval/Dev/vivadzen/src/front/node_modules/hookable/dist/index.mjs?v=52c0a703:271
[     437ms] [WARNING] [intlify] Not found 'logo_alt' key in 'ru' locale messages. @ http://localhost:3001/_nuxt/node_modules/.cache/vite/client/deps/chunk-LY4OWT6B.js?v=52c0a703:3
[     437ms] [WARNING] [intlify] Fall back to translate 'logo_alt' key with 'cs' locale. @ http://localhost:3001/_nuxt/node_modules/.cache/vite/client/deps/chunk-LY4OWT6B.js?v=52c0a703:3
[     437ms] [WARNING] [intlify] Not found 'logo_alt' key in 'cs' locale messages. @ http://localhost:3001/_nuxt/node_modules/.cache/vite/client/deps/chunk-LY4OWT6B.js?v=52c0a703:3
[     437ms] [WARNING] [intlify] Fall back to translate 'logo_alt' with root locale. @ http://localhost:3001/_nuxt/node_modules/.cache/vite/client/deps/chunk-LY4OWT6B.js?v=52c0a703:3
[     437ms] [WARNING] [intlify] Not found 'logo_alt' key in 'ru' locale messages. @ http://localhost:3001/_nuxt/node_modules/.cache/vite/client/deps/chunk-LY4OWT6B.js?v=52c0a703:3
[     437ms] [WARNING] [intlify] Fall back to translate 'logo_alt' key with 'cs' locale. @ http://localhost:3001/_nuxt/node_modules/.cache/vite/client/deps/chunk-LY4OWT6B.js?v=52c0a703:3
[     437ms] [WARNING] [intlify] Not found 'logo_alt' key in 'cs' locale messages. @ http://localhost:3001/_nuxt/node_modules/.cache/vite/client/deps/chunk-LY4OWT6B.js?v=52c0a703:3
[     438ms] [LOG] [nuxt-app] link:prefetch: 1.385009765625 ms [/ru] @ http://localhost:3001/_nuxt/@fs/Users/andrejkoval/Dev/vivadzen/src/front/node_modules/hookable/dist/index.mjs?v=52c0a703:271
[     438ms] [LOG] [nuxt-app] link:prefetch : 1.26904296875 ms [/ru/catalog] @ http://localhost:3001/_nuxt/@fs/Users/andrejkoval/Dev/vivadzen/src/front/node_modules/hookable/dist/index.mjs?v=52c0a703:271
[     438ms] [LOG] [nuxt-app] link:prefetch  : 1.256103515625 ms [/ru/catalog] @ http://localhost:3001/_nuxt/@fs/Users/andrejkoval/Dev/vivadzen/src/front/node_modules/hookable/dist/index.mjs?v=52c0a703:271
[     438ms] [LOG] [nuxt-app] link:prefetch   : 1.302978515625 ms [/ru/delivery] @ http://localhost:3001/_nuxt/@fs/Users/andrejkoval/Dev/vivadzen/src/front/node_modules/hookable/dist/index.mjs?v=52c0a703:271
[     438ms] [LOG] [nuxt-app] link:prefetch    : 1.343994140625 ms [/ru/payment] @ http://localhost:3001/_nuxt/@fs/Users/andrejkoval/Dev/vivadzen/src/front/node_modules/hookable/dist/index.mjs?v=52c0a703:271
[     438ms] [LOG] [nuxt-app] link:prefetch     : 1.35302734375 ms [/ru/age-verification] @ http://localhost:3001/_nuxt/@fs/Users/andrejkoval/Dev/vivadzen/src/front/node_modules/hookable/dist/index.mjs?v=52c0a703:271
[     438ms] [LOG] [nuxt-app] link:prefetch      : 1.363037109375 ms [/ru/reviews] @ http://localhost:3001/_nuxt/@fs/Users/andrejkoval/Dev/vivadzen/src/front/node_modules/hookable/dist/index.mjs?v=52c0a703:271
[     438ms] [LOG] [nuxt-app] link:prefetch       : 1.35791015625 ms [/ru/about] @ http://localhost:3001/_nuxt/@fs/Users/andrejkoval/Dev/vivadzen/src/front/node_modules/hookable/dist/index.mjs?v=52c0a703:271
[     438ms] [LOG] [nuxt-app] link:prefetch        : 1.402099609375 ms [/ru/contacts] @ http://localhost:3001/_nuxt/@fs/Users/andrejkoval/Dev/vivadzen/src/front/node_modules/hookable/dist/index.mjs?v=52c0a703:271
[     438ms] [LOG] [nuxt-app] link:prefetch         : 1.445068359375 ms [/ru/auth/login] @ http://localhost:3001/_nuxt/@fs/Users/andrejkoval/Dev/vivadzen/src/front/node_modules/hookable/dist/index.mjs?v=52c0a703:271
