[     774ms] [LOG] [nuxt-app] i18n:beforeLocaleSwitch: 0.197998046875 ms [Object] @ http://0.0.0.0:3001/_nuxt/@fs/Users/andrejkoval/Dev/vivadzen/src/front/node_modules/hookable/dist/index.mjs?v=7b60de0d:271
[     781ms] [LOG] %cssr%c %s: %s 
      background: #7f8c8d;
      border-radius: 0.5em;
      color: white;
      font-weight: bold;
      padding: 2px 0.5em;
      [nitro-runtime] request 0.064ms 
  at timeLogImpl (node:internal/console/constructor)
  at node:internal/console/constructor
  at timeLogImpl (node:internal/util/debuglog)
 @ http://0.0.0.0:3001/_nuxt/@fs/Users/andrejkoval/Dev/vivadzen/src/front/node_modules/consola/dist/browser.mjs?v=7b60de0d:47
[     781ms] [LOG] %cssr%c %s: %s 
      background: #7f8c8d;
      border-radius: 0.5em;
      color: white;
      font-weight: bold;
      padding: 2px 0.5em;
      [nitro-runtime] site-config:init 0.011ms 
  at timeLogImpl (node:internal/console/constructor)
  at node:internal/console/constructor
  at timeLogImpl (node:internal/util/debuglog)
 @ http://0.0.0.0:3001/_nuxt/@fs/Users/andrejkoval/Dev/vivadzen/src/front/node_modules/consola/dist/browser.mjs?v=7b60de0d:47
[     781ms] [LOG] %cssr%c %s: %s 
      background: #7f8c8d;
      border-radius: 0.5em;
      color: white;
      font-weight: bold;
      padding: 2px 0.5em;
      [nitro-runtime] render:before 0.009ms 
  at timeLogImpl (node:internal/console/constructor)
  at node:internal/console/constructor
  at timeLogImpl (node:internal/util/debuglog)
 @ http://0.0.0.0:3001/_nuxt/@fs/Users/andrejkoval/Dev/vivadzen/src/front/node_modules/consola/dist/browser.mjs?v=7b60de0d:47
[     781ms] [LOG] %cssr%c %s: %s 
      background: #7f8c8d;
      border-radius: 0.5em;
      color: white;
      font-weight: bold;
      padding: 2px 0.5em;
      [nuxt-app] i18n:beforeLocaleSwitch 0.017ms 
  at timeLogImpl (node:internal/console/constructor)
  at node:internal/console/constructor
  at timeLogImpl (node:internal/util/debuglog)
 @ http://0.0.0.0:3001/_nuxt/@fs/Users/andrejkoval/Dev/vivadzen/src/front/node_modules/consola/dist/browser.mjs?v=7b60de0d:47
[     781ms] [LOG] %cssr%c %s: %s 
      background: #7f8c8d;
      border-radius: 0.5em;
      color: white;
      font-weight: bold;
      padding: 2px 0.5em;
      [nuxt-app] page:loading:start 0.005ms 
  at timeLogImpl (node:internal/console/constructor)
  at node:internal/console/constructor
  at timeLogImpl (node:internal/util/debuglog)
 @ http://0.0.0.0:3001/_nuxt/@fs/Users/andrejkoval/Dev/vivadzen/src/front/node_modules/consola/dist/browser.mjs?v=7b60de0d:47
[     781ms] [LOG] %cssr%c %s: %s 
      background: #7f8c8d;
      border-radius: 0.5em;
      color: white;
      font-weight: bold;
      padding: 2px 0.5em;
      [nuxt-app] i18n:beforeLocaleSwitch 0.005ms 
  at timeLogImpl (node:internal/console/constructor)
  at node:internal/console/constructor
  at timeLogImpl (node:internal/util/debuglog)
 @ http://0.0.0.0:3001/_nuxt/@fs/Users/andrejkoval/Dev/vivadzen/src/front/node_modules/consola/dist/browser.mjs?v=7b60de0d:47
[     781ms] [LOG] %cssr%c %s: %s 
      background: #7f8c8d;
      border-radius: 0.5em;
      color: white;
      font-weight: bold;
      padding: 2px 0.5em;
      [nuxt-app] app:created 3.536ms 
  at timeLogImpl (node:internal/console/constructor)
  at node:internal/console/constructor
  at timeLogImpl (node:internal/util/debuglog)
 @ http://0.0.0.0:3001/_nuxt/@fs/Users/andrejkoval/Dev/vivadzen/src/front/node_modules/consola/dist/browser.mjs?v=7b60de0d:47
[     781ms] [LOG] %cssr%c %s: %s 
      background: #7f8c8d;
      border-radius: 0.5em;
      color: white;
      font-weight: bold;
      padding: 2px 0.5em;
      [nuxt-app] vue:setup 0.002ms 
  at timeLogImpl (node:internal/console/constructor)
  at node:internal/console/constructor
  at timeLogImpl (node:internal/util/debuglog)
 @ http://0.0.0.0:3001/_nuxt/@fs/Users/andrejkoval/Dev/vivadzen/src/front/node_modules/consola/dist/browser.mjs?v=7b60de0d:47
[     781ms] [WARNING] %cssr:warn%c [intlify] Not found 'title.catalog' key in 'en' locale messages. 
      background: #f39c12;
      border-radius: 0.5em;
      color: white;
      font-weight: bold;
      padding: 2px 0.5em;
      
  at warn (/Users/andrejkoval/Dev/vivadzen/src/front/node_modules/@intlify/shared/dist/shared.mjs)
  at handleMissing (/Users/andrejkoval/Dev/vivadzen/src/front/node_modules/@intlify/core-base/dist/core-base.mjs)
  at resolveMessageFormat (/Users/andrejkoval/Dev/vivadzen/src/front/node_modules/@intlify/core-base/dist/core-base.mjs)
 @ http://0.0.0.0:3001/_nuxt/@fs/Users/andrejkoval/Dev/vivadzen/src/front/node_modules/consola/dist/browser.mjs?v=7b60de0d:47
[     781ms] [WARNING] %cssr:warn%c [intlify] Fall back to translate 'title.catalog' key with 'cs' locale. 
      background: #f39c12;
      border-radius: 0.5em;
      color: white;
      font-weight: bold;
      padding: 2px 0.5em;
      
  at warn (/Users/andrejkoval/Dev/vivadzen/src/front/node_modules/@intlify/shared/dist/shared.mjs)
  at resolveMessageFormat (/Users/andrejkoval/Dev/vivadzen/src/front/node_modules/@intlify/core-base/dist/core-base.mjs)
  at translate (/Users/andrejkoval/Dev/vivadzen/src/front/node_modules/@intlify/core-base/dist/core-base.mjs)
 @ http://0.0.0.0:3001/_nuxt/@fs/Users/andrejkoval/Dev/vivadzen/src/front/node_modules/consola/dist/browser.mjs?v=7b60de0d:47
[     782ms] [WARNING] %cssr:warn%c [intlify] Not found 'title.catalog' key in 'cs' locale messages. 
      background: #f39c12;
      border-radius: 0.5em;
      color: white;
      font-weight: bold;
      padding: 2px 0.5em;
      
  at warn (/Users/andrejkoval/Dev/vivadzen/src/front/node_modules/@intlify/shared/dist/shared.mjs)
  at handleMissing (/Users/andrejkoval/Dev/vivadzen/src/front/node_modules/@intlify/core-base/dist/core-base.mjs)
  at resolveMessageFormat (/Users/andrejkoval/Dev/vivadzen/src/front/node_modules/@intlify/core-base/dist/core-base.mjs)
 @ http://0.0.0.0:3001/_nuxt/@fs/Users/andrejkoval/Dev/vivadzen/src/front/node_modules/consola/dist/browser.mjs?v=7b60de0d:47
[     782ms] [WARNING] %cssr:warn%c [intlify] Fall back to translate 'title.catalog' with root locale. 
      background: #f39c12;
      border-radius: 0.5em;
      color: white;
      font-weight: bold;
      padding: 2px 0.5em;
      
  at warn (/Users/andrejkoval/Dev/vivadzen/src/front/node_modules/@intlify/shared/dist/shared.mjs)
  at wrapWithDeps (/Users/andrejkoval/Dev/vivadzen/src/front/node_modules/vue-i18n/dist/vue-i18n.mjs)
  at t (/Users/andrejkoval/Dev/vivadzen/src/front/node_modules/vue-i18n/dist/vue-i18n.mjs)
 @ http://0.0.0.0:3001/_nuxt/@fs/Users/andrejkoval/Dev/vivadzen/src/front/node_modules/consola/dist/browser.mjs?v=7b60de0d:47
[     782ms] [WARNING] %cssr:warn%c [intlify] Not found 'title.blog' key in 'en' locale messages. 
      background: #f39c12;
      border-radius: 0.5em;
      color: white;
      font-weight: bold;
      padding: 2px 0.5em;
      
  at warn (/Users/andrejkoval/Dev/vivadzen/src/front/node_modules/@intlify/shared/dist/shared.mjs)
  at handleMissing (/Users/andrejkoval/Dev/vivadzen/src/front/node_modules/@intlify/core-base/dist/core-base.mjs)
  at resolveMessageFormat (/Users/andrejkoval/Dev/vivadzen/src/front/node_modules/@intlify/core-base/dist/core-base.mjs)
 @ http://0.0.0.0:3001/_nuxt/@fs/Users/andrejkoval/Dev/vivadzen/src/front/node_modules/consola/dist/browser.mjs?v=7b60de0d:47
[     782ms] [WARNING] %cssr:warn%c [intlify] Fall back to translate 'title.blog' key with 'cs' locale. 
      background: #f39c12;
      border-radius: 0.5em;
      color: white;
      font-weight: bold;
      padding: 2px 0.5em;
      
  at warn (/Users/andrejkoval/Dev/vivadzen/src/front/node_modules/@intlify/shared/dist/shared.mjs)
  at resolveMessageFormat (/Users/andrejkoval/Dev/vivadzen/src/front/node_modules/@intlify/core-base/dist/core-base.mjs)
  at translate (/Users/andrejkoval/Dev/vivadzen/src/front/node_modules/@intlify/core-base/dist/core-base.mjs)
 @ http://0.0.0.0:3001/_nuxt/@fs/Users/andrejkoval/Dev/vivadzen/src/front/node_modules/consola/dist/browser.mjs?v=7b60de0d:47
[     782ms] [WARNING] %cssr:warn%c [intlify] Not found 'title.blog' key in 'cs' locale messages. 
      background: #f39c12;
      border-radius: 0.5em;
      color: white;
      font-weight: bold;
      padding: 2px 0.5em;
      
  at warn (/Users/andrejkoval/Dev/vivadzen/src/front/node_modules/@intlify/shared/dist/shared.mjs)
  at handleMissing (/Users/andrejkoval/Dev/vivadzen/src/front/node_modules/@intlify/core-base/dist/core-base.mjs)
  at resolveMessageFormat (/Users/andrejkoval/Dev/vivadzen/src/front/node_modules/@intlify/core-base/dist/core-base.mjs)
 @ http://0.0.0.0:3001/_nuxt/@fs/Users/andrejkoval/Dev/vivadzen/src/front/node_modules/consola/dist/browser.mjs?v=7b60de0d:47
[     782ms] [WARNING] %cssr:warn%c [intlify] Fall back to translate 'title.blog' with root locale. 
      background: #f39c12;
      border-radius: 0.5em;
      color: white;
      font-weight: bold;
      padding: 2px 0.5em;
      
  at warn (/Users/andrejkoval/Dev/vivadzen/src/front/node_modules/@intlify/shared/dist/shared.mjs)
  at wrapWithDeps (/Users/andrejkoval/Dev/vivadzen/src/front/node_modules/vue-i18n/dist/vue-i18n.mjs)
  at t (/Users/andrejkoval/Dev/vivadzen/src/front/node_modules/vue-i18n/dist/vue-i18n.mjs)
 @ http://0.0.0.0:3001/_nuxt/@fs/Users/andrejkoval/Dev/vivadzen/src/front/node_modules/consola/dist/browser.mjs?v=7b60de0d:47
[     782ms] [WARNING] %cssr:warn%c [intlify] Not found 'title.reviews' key in 'en' locale messages. 
      background: #f39c12;
      border-radius: 0.5em;
      color: white;
      font-weight: bold;
      padding: 2px 0.5em;
      
  at warn (/Users/andrejkoval/Dev/vivadzen/src/front/node_modules/@intlify/shared/dist/shared.mjs)
  at handleMissing (/Users/andrejkoval/Dev/vivadzen/src/front/node_modules/@intlify/core-base/dist/core-base.mjs)
  at resolveMessageFormat (/Users/andrejkoval/Dev/vivadzen/src/front/node_modules/@intlify/core-base/dist/core-base.mjs)
 @ http://0.0.0.0:3001/_nuxt/@fs/Users/andrejkoval/Dev/vivadzen/src/front/node_modules/consola/dist/browser.mjs?v=7b60de0d:47
[     782ms] [WARNING] %cssr:warn%c [intlify] Fall back to translate 'title.reviews' key with 'cs' locale. 
      background: #f39c12;
      border-radius: 0.5em;
      color: white;
      font-weight: bold;
      padding: 2px 0.5em;
      
  at warn (/Users/andrejkoval/Dev/vivadzen/src/front/node_modules/@intlify/shared/dist/shared.mjs)
  at resolveMessageFormat (/Users/andrejkoval/Dev/vivadzen/src/front/node_modules/@intlify/core-base/dist/core-base.mjs)
  at translate (/Users/andrejkoval/Dev/vivadzen/src/front/node_modules/@intlify/core-base/dist/core-base.mjs)
 @ http://0.0.0.0:3001/_nuxt/@fs/Users/andrejkoval/Dev/vivadzen/src/front/node_modules/consola/dist/browser.mjs?v=7b60de0d:47
[     782ms] [WARNING] %cssr:warn%c [intlify] Not found 'title.reviews' key in 'cs' locale messages. 
      background: #f39c12;
      border-radius: 0.5em;
      color: white;
      font-weight: bold;
      padding: 2px 0.5em;
      
  at warn (/Users/andrejkoval/Dev/vivadzen/src/front/node_modules/@intlify/shared/dist/shared.mjs)
  at handleMissing (/Users/andrejkoval/Dev/vivadzen/src/front/node_modules/@intlify/core-base/dist/core-base.mjs)
  at resolveMessageFormat (/Users/andrejkoval/Dev/vivadzen/src/front/node_modules/@intlify/core-base/dist/core-base.mjs)
 @ http://0.0.0.0:3001/_nuxt/@fs/Users/andrejkoval/Dev/vivadzen/src/front/node_modules/consola/dist/browser.mjs?v=7b60de0d:47
[     782ms] [WARNING] %cssr:warn%c [intlify] Fall back to translate 'title.reviews' with root locale. 
      background: #f39c12;
      border-radius: 0.5em;
      color: white;
      font-weight: bold;
      padding: 2px 0.5em;
      
  at warn (/Users/andrejkoval/Dev/vivadzen/src/front/node_modules/@intlify/shared/dist/shared.mjs)
  at wrapWithDeps (/Users/andrejkoval/Dev/vivadzen/src/front/node_modules/vue-i18n/dist/vue-i18n.mjs)
  at t (/Users/andrejkoval/Dev/vivadzen/src/front/node_modules/vue-i18n/dist/vue-i18n.mjs)
 @ http://0.0.0.0:3001/_nuxt/@fs/Users/andrejkoval/Dev/vivadzen/src/front/node_modules/consola/dist/browser.mjs?v=7b60de0d:47
[     782ms] [WARNING] %cssr:warn%c [intlify] Not found 'title.about' key in 'en' locale messages. 
      background: #f39c12;
      border-radius: 0.5em;
      color: white;
      font-weight: bold;
      padding: 2px 0.5em;
      
  at warn (/Users/andrejkoval/Dev/vivadzen/src/front/node_modules/@intlify/shared/dist/shared.mjs)
  at handleMissing (/Users/andrejkoval/Dev/vivadzen/src/front/node_modules/@intlify/core-base/dist/core-base.mjs)
  at resolveMessageFormat (/Users/andrejkoval/Dev/vivadzen/src/front/node_modules/@intlify/core-base/dist/core-base.mjs)
 @ http://0.0.0.0:3001/_nuxt/@fs/Users/andrejkoval/Dev/vivadzen/src/front/node_modules/consola/dist/browser.mjs?v=7b60de0d:47
[     782ms] [WARNING] %cssr:warn%c [intlify] Fall back to translate 'title.about' key with 'cs' locale. 
      background: #f39c12;
      border-radius: 0.5em;
      color: white;
      font-weight: bold;
      padding: 2px 0.5em;
      
  at warn (/Users/andrejkoval/Dev/vivadzen/src/front/node_modules/@intlify/shared/dist/shared.mjs)
  at resolveMessageFormat (/Users/andrejkoval/Dev/vivadzen/src/front/node_modules/@intlify/core-base/dist/core-base.mjs)
  at translate (/Users/andrejkoval/Dev/vivadzen/src/front/node_modules/@intlify/core-base/dist/core-base.mjs)
 @ http://0.0.0.0:3001/_nuxt/@fs/Users/andrejkoval/Dev/vivadzen/src/front/node_modules/consola/dist/browser.mjs?v=7b60de0d:47
[     782ms] [WARNING] %cssr:warn%c [intlify] Not found 'title.about' key in 'cs' locale messages. 
      background: #f39c12;
      border-radius: 0.5em;
      color: white;
      font-weight: bold;
      padding: 2px 0.5em;
      
  at warn (/Users/andrejkoval/Dev/vivadzen/src/front/node_modules/@intlify/shared/dist/shared.mjs)
  at handleMissing (/Users/andrejkoval/Dev/vivadzen/src/front/node_modules/@intlify/core-base/dist/core-base.mjs)
  at resolveMessageFormat (/Users/andrejkoval/Dev/vivadzen/src/front/node_modules/@intlify/core-base/dist/core-base.mjs)
 @ http://0.0.0.0:3001/_nuxt/@fs/Users/andrejkoval/Dev/vivadzen/src/front/node_modules/consola/dist/browser.mjs?v=7b60de0d:47
[     782ms] [WARNING] %cssr:warn%c [intlify] Fall back to translate 'title.about' with root locale. 
      background: #f39c12;
      border-radius: 0.5em;
      color: white;
      font-weight: bold;
      padding: 2px 0.5em;
      
  at warn (/Users/andrejkoval/Dev/vivadzen/src/front/node_modules/@intlify/shared/dist/shared.mjs)
  at wrapWithDeps (/Users/andrejkoval/Dev/vivadzen/src/front/node_modules/vue-i18n/dist/vue-i18n.mjs)
  at t (/Users/andrejkoval/Dev/vivadzen/src/front/node_modules/vue-i18n/dist/vue-i18n.mjs)
 @ http://0.0.0.0:3001/_nuxt/@fs/Users/andrejkoval/Dev/vivadzen/src/front/node_modules/consola/dist/browser.mjs?v=7b60de0d:47
[     782ms] [WARNING] %cssr:warn%c [intlify] Not found 'title.contacts' key in 'en' locale messages. 
      background: #f39c12;
      border-radius: 0.5em;
      color: white;
      font-weight: bold;
      padding: 2px 0.5em;
      
  at warn (/Users/andrejkoval/Dev/vivadzen/src/front/node_modules/@intlify/shared/dist/shared.mjs)
  at handleMissing (/Users/andrejkoval/Dev/vivadzen/src/front/node_modules/@intlify/core-base/dist/core-base.mjs)
  at resolveMessageFormat (/Users/andrejkoval/Dev/vivadzen/src/front/node_modules/@intlify/core-base/dist/core-base.mjs)
 @ http://0.0.0.0:3001/_nuxt/@fs/Users/andrejkoval/Dev/vivadzen/src/front/node_modules/consola/dist/browser.mjs?v=7b60de0d:47
[     782ms] [WARNING] %cssr:warn%c [intlify] Fall back to translate 'title.contacts' key with 'cs' locale. 
      background: #f39c12;
      border-radius: 0.5em;
      color: white;
      font-weight: bold;
      padding: 2px 0.5em;
      
  at warn (/Users/andrejkoval/Dev/vivadzen/src/front/node_modules/@intlify/shared/dist/shared.mjs)
  at resolveMessageFormat (/Users/andrejkoval/Dev/vivadzen/src/front/node_modules/@intlify/core-base/dist/core-base.mjs)
  at translate (/Users/andrejkoval/Dev/vivadzen/src/front/node_modules/@intlify/core-base/dist/core-base.mjs)
 @ http://0.0.0.0:3001/_nuxt/@fs/Users/andrejkoval/Dev/vivadzen/src/front/node_modules/consola/dist/browser.mjs?v=7b60de0d:47
[     782ms] [WARNING] %cssr:warn%c [intlify] Not found 'title.contacts' key in 'cs' locale messages. 
      background: #f39c12;
      border-radius: 0.5em;
      color: white;
      font-weight: bold;
      padding: 2px 0.5em;
      
  at warn (/Users/andrejkoval/Dev/vivadzen/src/front/node_modules/@intlify/shared/dist/shared.mjs)
  at handleMissing (/Users/andrejkoval/Dev/vivadzen/src/front/node_modules/@intlify/core-base/dist/core-base.mjs)
  at resolveMessageFormat (/Users/andrejkoval/Dev/vivadzen/src/front/node_modules/@intlify/core-base/dist/core-base.mjs)
 @ http://0.0.0.0:3001/_nuxt/@fs/Users/andrejkoval/Dev/vivadzen/src/front/node_modules/consola/dist/browser.mjs?v=7b60de0d:47
[     782ms] [WARNING] %cssr:warn%c [intlify] Fall back to translate 'title.contacts' with root locale. 
      background: #f39c12;
      border-radius: 0.5em;
      color: white;
      font-weight: bold;
      padding: 2px 0.5em;
      
  at warn (/Users/andrejkoval/Dev/vivadzen/src/front/node_modules/@intlify/shared/dist/shared.mjs)
  at wrapWithDeps (/Users/andrejkoval/Dev/vivadzen/src/front/node_modules/vue-i18n/dist/vue-i18n.mjs)
  at t (/Users/andrejkoval/Dev/vivadzen/src/front/node_modules/vue-i18n/dist/vue-i18n.mjs)
 @ http://0.0.0.0:3001/_nuxt/@fs/Users/andrejkoval/Dev/vivadzen/src/front/node_modules/consola/dist/browser.mjs?v=7b60de0d:47
[     782ms] [WARNING] %cssr:warn%c [intlify] Not found 'logo_alt' key in 'en' locale messages. 
      background: #f39c12;
      border-radius: 0.5em;
      color: white;
      font-weight: bold;
      padding: 2px 0.5em;
      
  at warn (/Users/andrejkoval/Dev/vivadzen/src/front/node_modules/@intlify/shared/dist/shared.mjs)
  at handleMissing (/Users/andrejkoval/Dev/vivadzen/src/front/node_modules/@intlify/core-base/dist/core-base.mjs)
  at resolveMessageFormat (/Users/andrejkoval/Dev/vivadzen/src/front/node_modules/@intlify/core-base/dist/core-base.mjs)
 @ http://0.0.0.0:3001/_nuxt/@fs/Users/andrejkoval/Dev/vivadzen/src/front/node_modules/consola/dist/browser.mjs?v=7b60de0d:47
[     782ms] [WARNING] %cssr:warn%c [intlify] Fall back to translate 'logo_alt' key with 'cs' locale. 
      background: #f39c12;
      border-radius: 0.5em;
      color: white;
      font-weight: bold;
      padding: 2px 0.5em;
      
  at warn (/Users/andrejkoval/Dev/vivadzen/src/front/node_modules/@intlify/shared/dist/shared.mjs)
  at resolveMessageFormat (/Users/andrejkoval/Dev/vivadzen/src/front/node_modules/@intlify/core-base/dist/core-base.mjs)
  at translate (/Users/andrejkoval/Dev/vivadzen/src/front/node_modules/@intlify/core-base/dist/core-base.mjs)
 @ http://0.0.0.0:3001/_nuxt/@fs/Users/andrejkoval/Dev/vivadzen/src/front/node_modules/consola/dist/browser.mjs?v=7b60de0d:47
[     782ms] [WARNING] %cssr:warn%c [intlify] Not found 'logo_alt' key in 'cs' locale messages. 
      background: #f39c12;
      border-radius: 0.5em;
      color: white;
      font-weight: bold;
      padding: 2px 0.5em;
      
  at warn (/Users/andrejkoval/Dev/vivadzen/src/front/node_modules/@intlify/shared/dist/shared.mjs)
  at handleMissing (/Users/andrejkoval/Dev/vivadzen/src/front/node_modules/@intlify/core-base/dist/core-base.mjs)
  at resolveMessageFormat (/Users/andrejkoval/Dev/vivadzen/src/front/node_modules/@intlify/core-base/dist/core-base.mjs)
 @ http://0.0.0.0:3001/_nuxt/@fs/Users/andrejkoval/Dev/vivadzen/src/front/node_modules/consola/dist/browser.mjs?v=7b60de0d:47
[     782ms] [WARNING] %cssr:warn%c [intlify] Fall back to translate 'logo_alt' with root locale. 
      background: #f39c12;
      border-radius: 0.5em;
      color: white;
      font-weight: bold;
      padding: 2px 0.5em;
      
  at warn (/Users/andrejkoval/Dev/vivadzen/src/front/node_modules/@intlify/shared/dist/shared.mjs)
  at wrapWithDeps (/Users/andrejkoval/Dev/vivadzen/src/front/node_modules/vue-i18n/dist/vue-i18n.mjs)
  at Proxy.t (/Users/andrejkoval/Dev/vivadzen/src/front/node_modules/vue-i18n/dist/vue-i18n.mjs)
 @ http://0.0.0.0:3001/_nuxt/@fs/Users/andrejkoval/Dev/vivadzen/src/front/node_modules/consola/dist/browser.mjs?v=7b60de0d:47
[     782ms] [WARNING] %cssr:warn%c [intlify] Not found 'logo_alt' key in 'en' locale messages. 
      background: #f39c12;
      border-radius: 0.5em;
      color: white;
      font-weight: bold;
      padding: 2px 0.5em;
      
  at warn (/Users/andrejkoval/Dev/vivadzen/src/front/node_modules/@intlify/shared/dist/shared.mjs)
  at handleMissing (/Users/andrejkoval/Dev/vivadzen/src/front/node_modules/@intlify/core-base/dist/core-base.mjs)
  at resolveMessageFormat (/Users/andrejkoval/Dev/vivadzen/src/front/node_modules/@intlify/core-base/dist/core-base.mjs)
 @ http://0.0.0.0:3001/_nuxt/@fs/Users/andrejkoval/Dev/vivadzen/src/front/node_modules/consola/dist/browser.mjs?v=7b60de0d:47
[     782ms] [WARNING] %cssr:warn%c [intlify] Fall back to translate 'logo_alt' key with 'cs' locale. 
      background: #f39c12;
      border-radius: 0.5em;
      color: white;
      font-weight: bold;
      padding: 2px 0.5em;
      
  at warn (/Users/andrejkoval/Dev/vivadzen/src/front/node_modules/@intlify/shared/dist/shared.mjs)
  at resolveMessageFormat (/Users/andrejkoval/Dev/vivadzen/src/front/node_modules/@intlify/core-base/dist/core-base.mjs)
  at translate (/Users/andrejkoval/Dev/vivadzen/src/front/node_modules/@intlify/core-base/dist/core-base.mjs)
 @ http://0.0.0.0:3001/_nuxt/@fs/Users/andrejkoval/Dev/vivadzen/src/front/node_modules/consola/dist/browser.mjs?v=7b60de0d:47
[     782ms] [WARNING] %cssr:warn%c [intlify] Not found 'logo_alt' key in 'cs' locale messages. 
      background: #f39c12;
      border-radius: 0.5em;
      color: white;
      font-weight: bold;
      padding: 2px 0.5em;
      
  at warn (/Users/andrejkoval/Dev/vivadzen/src/front/node_modules/@intlify/shared/dist/shared.mjs)
  at handleMissing (/Users/andrejkoval/Dev/vivadzen/src/front/node_modules/@intlify/core-base/dist/core-base.mjs)
  at resolveMessageFormat (/Users/andrejkoval/Dev/vivadzen/src/front/node_modules/@intlify/core-base/dist/core-base.mjs)
 @ http://0.0.0.0:3001/_nuxt/@fs/Users/andrejkoval/Dev/vivadzen/src/front/node_modules/consola/dist/browser.mjs?v=7b60de0d:47
[     782ms] [WARNING] %cssr:warn%c [intlify] Not found 'title.cart' key in 'en' locale messages. 
      background: #f39c12;
      border-radius: 0.5em;
      color: white;
      font-weight: bold;
      padding: 2px 0.5em;
      
  at warn (/Users/andrejkoval/Dev/vivadzen/src/front/node_modules/@intlify/shared/dist/shared.mjs)
  at handleMissing (/Users/andrejkoval/Dev/vivadzen/src/front/node_modules/@intlify/core-base/dist/core-base.mjs)
  at resolveMessageFormat (/Users/andrejkoval/Dev/vivadzen/src/front/node_modules/@intlify/core-base/dist/core-base.mjs)
 @ http://0.0.0.0:3001/_nuxt/@fs/Users/andrejkoval/Dev/vivadzen/src/front/node_modules/consola/dist/browser.mjs?v=7b60de0d:47
[     782ms] [WARNING] %cssr:warn%c [intlify] Fall back to translate 'title.cart' key with 'cs' locale. 
      background: #f39c12;
      border-radius: 0.5em;
      color: white;
      font-weight: bold;
      padding: 2px 0.5em;
      
  at warn (/Users/andrejkoval/Dev/vivadzen/src/front/node_modules/@intlify/shared/dist/shared.mjs)
  at resolveMessageFormat (/Users/andrejkoval/Dev/vivadzen/src/front/node_modules/@intlify/core-base/dist/core-base.mjs)
  at translate (/Users/andrejkoval/Dev/vivadzen/src/front/node_modules/@intlify/core-base/dist/core-base.mjs)
 @ http://0.0.0.0:3001/_nuxt/@fs/Users/andrejkoval/Dev/vivadzen/src/front/node_modules/consola/dist/browser.mjs?v=7b60de0d:47
[     782ms] [WARNING] %cssr:warn%c [intlify] Not found 'title.cart' key in 'cs' locale messages. 
      background: #f39c12;
      border-radius: 0.5em;
      color: white;
      font-weight: bold;
      padding: 2px 0.5em;
      
  at warn (/Users/andrejkoval/Dev/vivadzen/src/front/node_modules/@intlify/shared/dist/shared.mjs)
  at handleMissing (/Users/andrejkoval/Dev/vivadzen/src/front/node_modules/@intlify/core-base/dist/core-base.mjs)
  at resolveMessageFormat (/Users/andrejkoval/Dev/vivadzen/src/front/node_modules/@intlify/core-base/dist/core-base.mjs)
 @ http://0.0.0.0:3001/_nuxt/@fs/Users/andrejkoval/Dev/vivadzen/src/front/node_modules/consola/dist/browser.mjs?v=7b60de0d:47
[     782ms] [WARNING] %cssr:warn%c [intlify] Fall back to translate 'title.cart' with root locale. 
      background: #f39c12;
      border-radius: 0.5em;
      color: white;
      font-weight: bold;
      padding: 2px 0.5em;
      
  at warn (/Users/andrejkoval/Dev/vivadzen/src/front/node_modules/@intlify/shared/dist/shared.mjs)
  at wrapWithDeps (/Users/andrejkoval/Dev/vivadzen/src/front/node_modules/vue-i18n/dist/vue-i18n.mjs)
  at Proxy.t (/Users/andrejkoval/Dev/vivadzen/src/front/node_modules/vue-i18n/dist/vue-i18n.mjs)
 @ http://0.0.0.0:3001/_nuxt/@fs/Users/andrejkoval/Dev/vivadzen/src/front/node_modules/consola/dist/browser.mjs?v=7b60de0d:47
[     782ms] [WARNING] %cssr:warn%c [intlify] Not found 'title.catalog' key in 'en' locale messages. 
      background: #f39c12;
      border-radius: 0.5em;
      color: white;
      font-weight: bold;
      padding: 2px 0.5em;
      
  at warn (/Users/andrejkoval/Dev/vivadzen/src/front/node_modules/@intlify/shared/dist/shared.mjs)
  at handleMissing (/Users/andrejkoval/Dev/vivadzen/src/front/node_modules/@intlify/core-base/dist/core-base.mjs)
  at resolveMessageFormat (/Users/andrejkoval/Dev/vivadzen/src/front/node_modules/@intlify/core-base/dist/core-base.mjs)
 @ http://0.0.0.0:3001/_nuxt/@fs/Users/andrejkoval/Dev/vivadzen/src/front/node_modules/consola/dist/browser.mjs?v=7b60de0d:47
[     782ms] [WARNING] %cssr:warn%c [intlify] Fall back to translate 'title.catalog' key with 'cs' locale. 
      background: #f39c12;
      border-radius: 0.5em;
      color: white;
      font-weight: bold;
      padding: 2px 0.5em;
      
  at warn (/Users/andrejkoval/Dev/vivadzen/src/front/node_modules/@intlify/shared/dist/shared.mjs)
  at resolveMessageFormat (/Users/andrejkoval/Dev/vivadzen/src/front/node_modules/@intlify/core-base/dist/core-base.mjs)
  at translate (/Users/andrejkoval/Dev/vivadzen/src/front/node_modules/@intlify/core-base/dist/core-base.mjs)
 @ http://0.0.0.0:3001/_nuxt/@fs/Users/andrejkoval/Dev/vivadzen/src/front/node_modules/consola/dist/browser.mjs?v=7b60de0d:47
[     782ms] [WARNING] %cssr:warn%c [intlify] Not found 'title.catalog' key in 'cs' locale messages. 
      background: #f39c12;
      border-radius: 0.5em;
      color: white;
      font-weight: bold;
      padding: 2px 0.5em;
      
  at warn (/Users/andrejkoval/Dev/vivadzen/src/front/node_modules/@intlify/shared/dist/shared.mjs)
  at handleMissing (/Users/andrejkoval/Dev/vivadzen/src/front/node_modules/@intlify/core-base/dist/core-base.mjs)
  at resolveMessageFormat (/Users/andrejkoval/Dev/vivadzen/src/front/node_modules/@intlify/core-base/dist/core-base.mjs)
 @ http://0.0.0.0:3001/_nuxt/@fs/Users/andrejkoval/Dev/vivadzen/src/front/node_modules/consola/dist/browser.mjs?v=7b60de0d:47
[     782ms] [WARNING] %cssr:warn%c [intlify] Fall back to translate 'title.catalog' with root locale. 
      background: #f39c12;
      border-radius: 0.5em;
      color: white;
      font-weight: bold;
      padding: 2px 0.5em;
      
  at warn (/Users/andrejkoval/Dev/vivadzen/src/front/node_modules/@intlify/shared/dist/shared.mjs)
  at wrapWithDeps (/Users/andrejkoval/Dev/vivadzen/src/front/node_modules/vue-i18n/dist/vue-i18n.mjs)
  at t (/Users/andrejkoval/Dev/vivadzen/src/front/node_modules/vue-i18n/dist/vue-i18n.mjs)
 @ http://0.0.0.0:3001/_nuxt/@fs/Users/andrejkoval/Dev/vivadzen/src/front/node_modules/consola/dist/browser.mjs?v=7b60de0d:47
[     782ms] [WARNING] %cssr:warn%c [intlify] Not found 'title.blog' key in 'en' locale messages. 
      background: #f39c12;
      border-radius: 0.5em;
      color: white;
      font-weight: bold;
      padding: 2px 0.5em;
      
  at warn (/Users/andrejkoval/Dev/vivadzen/src/front/node_modules/@intlify/shared/dist/shared.mjs)
  at handleMissing (/Users/andrejkoval/Dev/vivadzen/src/front/node_modules/@intlify/core-base/dist/core-base.mjs)
  at resolveMessageFormat (/Users/andrejkoval/Dev/vivadzen/src/front/node_modules/@intlify/core-base/dist/core-base.mjs)
 @ http://0.0.0.0:3001/_nuxt/@fs/Users/andrejkoval/Dev/vivadzen/src/front/node_modules/consola/dist/browser.mjs?v=7b60de0d:47
[     782ms] [WARNING] %cssr:warn%c [intlify] Fall back to translate 'title.blog' key with 'cs' locale. 
      background: #f39c12;
      border-radius: 0.5em;
      color: white;
      font-weight: bold;
      padding: 2px 0.5em;
      
  at warn (/Users/andrejkoval/Dev/vivadzen/src/front/node_modules/@intlify/shared/dist/shared.mjs)
  at resolveMessageFormat (/Users/andrejkoval/Dev/vivadzen/src/front/node_modules/@intlify/core-base/dist/core-base.mjs)
  at translate (/Users/andrejkoval/Dev/vivadzen/src/front/node_modules/@intlify/core-base/dist/core-base.mjs)
 @ http://0.0.0.0:3001/_nuxt/@fs/Users/andrejkoval/Dev/vivadzen/src/front/node_modules/consola/dist/browser.mjs?v=7b60de0d:47
[     782ms] [WARNING] %cssr:warn%c [intlify] Not found 'title.blog' key in 'cs' locale messages. 
      background: #f39c12;
      border-radius: 0.5em;
      color: white;
      font-weight: bold;
      padding: 2px 0.5em;
      
  at warn (/Users/andrejkoval/Dev/vivadzen/src/front/node_modules/@intlify/shared/dist/shared.mjs)
  at handleMissing (/Users/andrejkoval/Dev/vivadzen/src/front/node_modules/@intlify/core-base/dist/core-base.mjs)
  at resolveMessageFormat (/Users/andrejkoval/Dev/vivadzen/src/front/node_modules/@intlify/core-base/dist/core-base.mjs)
 @ http://0.0.0.0:3001/_nuxt/@fs/Users/andrejkoval/Dev/vivadzen/src/front/node_modules/consola/dist/browser.mjs?v=7b60de0d:47
[     782ms] [WARNING] %cssr:warn%c [intlify] Fall back to translate 'title.blog' with root locale. 
      background: #f39c12;
      border-radius: 0.5em;
      color: white;
      font-weight: bold;
      padding: 2px 0.5em;
      
  at warn (/Users/andrejkoval/Dev/vivadzen/src/front/node_modules/@intlify/shared/dist/shared.mjs)
  at wrapWithDeps (/Users/andrejkoval/Dev/vivadzen/src/front/node_modules/vue-i18n/dist/vue-i18n.mjs)
  at t (/Users/andrejkoval/Dev/vivadzen/src/front/node_modules/vue-i18n/dist/vue-i18n.mjs)
 @ http://0.0.0.0:3001/_nuxt/@fs/Users/andrejkoval/Dev/vivadzen/src/front/node_modules/consola/dist/browser.mjs?v=7b60de0d:47
[     782ms] [WARNING] %cssr:warn%c [intlify] Not found 'title.reviews' key in 'en' locale messages. 
      background: #f39c12;
      border-radius: 0.5em;
      color: white;
      font-weight: bold;
      padding: 2px 0.5em;
      
  at warn (/Users/andrejkoval/Dev/vivadzen/src/front/node_modules/@intlify/shared/dist/shared.mjs)
  at handleMissing (/Users/andrejkoval/Dev/vivadzen/src/front/node_modules/@intlify/core-base/dist/core-base.mjs)
  at resolveMessageFormat (/Users/andrejkoval/Dev/vivadzen/src/front/node_modules/@intlify/core-base/dist/core-base.mjs)
 @ http://0.0.0.0:3001/_nuxt/@fs/Users/andrejkoval/Dev/vivadzen/src/front/node_modules/consola/dist/browser.mjs?v=7b60de0d:47
[     783ms] [WARNING] %cssr:warn%c [intlify] Fall back to translate 'title.reviews' key with 'cs' locale. 
      background: #f39c12;
      border-radius: 0.5em;
      color: white;
      font-weight: bold;
      padding: 2px 0.5em;
      
  at warn (/Users/andrejkoval/Dev/vivadzen/src/front/node_modules/@intlify/shared/dist/shared.mjs)
  at resolveMessageFormat (/Users/andrejkoval/Dev/vivadzen/src/front/node_modules/@intlify/core-base/dist/core-base.mjs)
  at translate (/Users/andrejkoval/Dev/vivadzen/src/front/node_modules/@intlify/core-base/dist/core-base.mjs)
 @ http://0.0.0.0:3001/_nuxt/@fs/Users/andrejkoval/Dev/vivadzen/src/front/node_modules/consola/dist/browser.mjs?v=7b60de0d:47
[     783ms] [WARNING] %cssr:warn%c [intlify] Not found 'title.reviews' key in 'cs' locale messages. 
      background: #f39c12;
      border-radius: 0.5em;
      color: white;
      font-weight: bold;
      padding: 2px 0.5em;
      
  at warn (/Users/andrejkoval/Dev/vivadzen/src/front/node_modules/@intlify/shared/dist/shared.mjs)
  at handleMissing (/Users/andrejkoval/Dev/vivadzen/src/front/node_modules/@intlify/core-base/dist/core-base.mjs)
  at resolveMessageFormat (/Users/andrejkoval/Dev/vivadzen/src/front/node_modules/@intlify/core-base/dist/core-base.mjs)
 @ http://0.0.0.0:3001/_nuxt/@fs/Users/andrejkoval/Dev/vivadzen/src/front/node_modules/consola/dist/browser.mjs?v=7b60de0d:47
[     783ms] [WARNING] %cssr:warn%c [intlify] Fall back to translate 'title.reviews' with root locale. 
      background: #f39c12;
      border-radius: 0.5em;
      color: white;
      font-weight: bold;
      padding: 2px 0.5em;
      
  at warn (/Users/andrejkoval/Dev/vivadzen/src/front/node_modules/@intlify/shared/dist/shared.mjs)
  at wrapWithDeps (/Users/andrejkoval/Dev/vivadzen/src/front/node_modules/vue-i18n/dist/vue-i18n.mjs)
  at t (/Users/andrejkoval/Dev/vivadzen/src/front/node_modules/vue-i18n/dist/vue-i18n.mjs)
 @ http://0.0.0.0:3001/_nuxt/@fs/Users/andrejkoval/Dev/vivadzen/src/front/node_modules/consola/dist/browser.mjs?v=7b60de0d:47
[     783ms] [WARNING] %cssr:warn%c [intlify] Not found 'title.about' key in 'en' locale messages. 
      background: #f39c12;
      border-radius: 0.5em;
      color: white;
      font-weight: bold;
      padding: 2px 0.5em;
      
  at warn (/Users/andrejkoval/Dev/vivadzen/src/front/node_modules/@intlify/shared/dist/shared.mjs)
  at handleMissing (/Users/andrejkoval/Dev/vivadzen/src/front/node_modules/@intlify/core-base/dist/core-base.mjs)
  at resolveMessageFormat (/Users/andrejkoval/Dev/vivadzen/src/front/node_modules/@intlify/core-base/dist/core-base.mjs)
 @ http://0.0.0.0:3001/_nuxt/@fs/Users/andrejkoval/Dev/vivadzen/src/front/node_modules/consola/dist/browser.mjs?v=7b60de0d:47
[     783ms] [WARNING] %cssr:warn%c [intlify] Fall back to translate 'title.about' key with 'cs' locale. 
      background: #f39c12;
      border-radius: 0.5em;
      color: white;
      font-weight: bold;
      padding: 2px 0.5em;
      
  at warn (/Users/andrejkoval/Dev/vivadzen/src/front/node_modules/@intlify/shared/dist/shared.mjs)
  at resolveMessageFormat (/Users/andrejkoval/Dev/vivadzen/src/front/node_modules/@intlify/core-base/dist/core-base.mjs)
  at translate (/Users/andrejkoval/Dev/vivadzen/src/front/node_modules/@intlify/core-base/dist/core-base.mjs)
 @ http://0.0.0.0:3001/_nuxt/@fs/Users/andrejkoval/Dev/vivadzen/src/front/node_modules/consola/dist/browser.mjs?v=7b60de0d:47
[     783ms] [WARNING] %cssr:warn%c [intlify] Not found 'title.about' key in 'cs' locale messages. 
      background: #f39c12;
      border-radius: 0.5em;
      color: white;
      font-weight: bold;
      padding: 2px 0.5em;
      
  at warn (/Users/andrejkoval/Dev/vivadzen/src/front/node_modules/@intlify/shared/dist/shared.mjs)
  at handleMissing (/Users/andrejkoval/Dev/vivadzen/src/front/node_modules/@intlify/core-base/dist/core-base.mjs)
  at resolveMessageFormat (/Users/andrejkoval/Dev/vivadzen/src/front/node_modules/@intlify/core-base/dist/core-base.mjs)
 @ http://0.0.0.0:3001/_nuxt/@fs/Users/andrejkoval/Dev/vivadzen/src/front/node_modules/consola/dist/browser.mjs?v=7b60de0d:47
[     783ms] [WARNING] %cssr:warn%c [intlify] Fall back to translate 'title.about' with root locale. 
      background: #f39c12;
      border-radius: 0.5em;
      color: white;
      font-weight: bold;
      padding: 2px 0.5em;
      
  at warn (/Users/andrejkoval/Dev/vivadzen/src/front/node_modules/@intlify/shared/dist/shared.mjs)
  at wrapWithDeps (/Users/andrejkoval/Dev/vivadzen/src/front/node_modules/vue-i18n/dist/vue-i18n.mjs)
  at t (/Users/andrejkoval/Dev/vivadzen/src/front/node_modules/vue-i18n/dist/vue-i18n.mjs)
 @ http://0.0.0.0:3001/_nuxt/@fs/Users/andrejkoval/Dev/vivadzen/src/front/node_modules/consola/dist/browser.mjs?v=7b60de0d:47
[     783ms] [WARNING] %cssr:warn%c [intlify] Not found 'title.contacts' key in 'en' locale messages. 
      background: #f39c12;
      border-radius: 0.5em;
      color: white;
      font-weight: bold;
      padding: 2px 0.5em;
      
  at warn (/Users/andrejkoval/Dev/vivadzen/src/front/node_modules/@intlify/shared/dist/shared.mjs)
  at handleMissing (/Users/andrejkoval/Dev/vivadzen/src/front/node_modules/@intlify/core-base/dist/core-base.mjs)
  at resolveMessageFormat (/Users/andrejkoval/Dev/vivadzen/src/front/node_modules/@intlify/core-base/dist/core-base.mjs)
 @ http://0.0.0.0:3001/_nuxt/@fs/Users/andrejkoval/Dev/vivadzen/src/front/node_modules/consola/dist/browser.mjs?v=7b60de0d:47
[     783ms] [WARNING] %cssr:warn%c [intlify] Fall back to translate 'title.contacts' key with 'cs' locale. 
      background: #f39c12;
      border-radius: 0.5em;
      color: white;
      font-weight: bold;
      padding: 2px 0.5em;
      
  at warn (/Users/andrejkoval/Dev/vivadzen/src/front/node_modules/@intlify/shared/dist/shared.mjs)
  at resolveMessageFormat (/Users/andrejkoval/Dev/vivadzen/src/front/node_modules/@intlify/core-base/dist/core-base.mjs)
  at translate (/Users/andrejkoval/Dev/vivadzen/src/front/node_modules/@intlify/core-base/dist/core-base.mjs)
 @ http://0.0.0.0:3001/_nuxt/@fs/Users/andrejkoval/Dev/vivadzen/src/front/node_modules/consola/dist/browser.mjs?v=7b60de0d:47
[     783ms] [WARNING] %cssr:warn%c [intlify] Not found 'title.contacts' key in 'cs' locale messages. 
      background: #f39c12;
      border-radius: 0.5em;
      color: white;
      font-weight: bold;
      padding: 2px 0.5em;
      
  at warn (/Users/andrejkoval/Dev/vivadzen/src/front/node_modules/@intlify/shared/dist/shared.mjs)
  at handleMissing (/Users/andrejkoval/Dev/vivadzen/src/front/node_modules/@intlify/core-base/dist/core-base.mjs)
  at resolveMessageFormat (/Users/andrejkoval/Dev/vivadzen/src/front/node_modules/@intlify/core-base/dist/core-base.mjs)
 @ http://0.0.0.0:3001/_nuxt/@fs/Users/andrejkoval/Dev/vivadzen/src/front/node_modules/consola/dist/browser.mjs?v=7b60de0d:47
[     783ms] [WARNING] %cssr:warn%c [intlify] Fall back to translate 'title.contacts' with root locale. 
      background: #f39c12;
      border-radius: 0.5em;
      color: white;
      font-weight: bold;
      padding: 2px 0.5em;
      
  at warn (/Users/andrejkoval/Dev/vivadzen/src/front/node_modules/@intlify/shared/dist/shared.mjs)
  at wrapWithDeps (/Users/andrejkoval/Dev/vivadzen/src/front/node_modules/vue-i18n/dist/vue-i18n.mjs)
  at t (/Users/andrejkoval/Dev/vivadzen/src/front/node_modules/vue-i18n/dist/vue-i18n.mjs)
 @ http://0.0.0.0:3001/_nuxt/@fs/Users/andrejkoval/Dev/vivadzen/src/front/node_modules/consola/dist/browser.mjs?v=7b60de0d:47
[     783ms] [WARNING] %cssr:warn%c [intlify] Not found parent scope. use the global scope. 
      background: #f39c12;
      border-radius: 0.5em;
      color: white;
      font-weight: bold;
      padding: 2px 0.5em;
      
  at warn (/Users/andrejkoval/Dev/vivadzen/src/front/node_modules/@intlify/shared/dist/shared.mjs)
  at useI18n (/Users/andrejkoval/Dev/vivadzen/src/front/node_modules/vue-i18n/dist/vue-i18n.mjs)
  at setup (/Users/andrejkoval/Dev/vivadzen/src/front/node_modules/vue-i18n/dist/vue-i18n.mjs)
 @ http://0.0.0.0:3001/_nuxt/@fs/Users/andrejkoval/Dev/vivadzen/src/front/node_modules/consola/dist/browser.mjs?v=7b60de0d:47
[     783ms] [WARNING] %cssr:warn%c [intlify] Not found parent scope. use the global scope. 
      background: #f39c12;
      border-radius: 0.5em;
      color: white;
      font-weight: bold;
      padding: 2px 0.5em;
      
  at warn (/Users/andrejkoval/Dev/vivadzen/src/front/node_modules/@intlify/shared/dist/shared.mjs)
  at useI18n (/Users/andrejkoval/Dev/vivadzen/src/front/node_modules/vue-i18n/dist/vue-i18n.mjs)
  at setup (/Users/andrejkoval/Dev/vivadzen/src/front/node_modules/vue-i18n/dist/vue-i18n.mjs)
 @ http://0.0.0.0:3001/_nuxt/@fs/Users/andrejkoval/Dev/vivadzen/src/front/node_modules/consola/dist/browser.mjs?v=7b60de0d:47
[     783ms] [WARNING] %cssr:warn%c [intlify] Not found parent scope. use the global scope. 
      background: #f39c12;
      border-radius: 0.5em;
      color: white;
      font-weight: bold;
      padding: 2px 0.5em;
      
  at warn (/Users/andrejkoval/Dev/vivadzen/src/front/node_modules/@intlify/shared/dist/shared.mjs)
  at useI18n (/Users/andrejkoval/Dev/vivadzen/src/front/node_modules/vue-i18n/dist/vue-i18n.mjs)
  at setup (/Users/andrejkoval/Dev/vivadzen/src/front/node_modules/vue-i18n/dist/vue-i18n.mjs)
 @ http://0.0.0.0:3001/_nuxt/@fs/Users/andrejkoval/Dev/vivadzen/src/front/node_modules/consola/dist/browser.mjs?v=7b60de0d:47
[     783ms] [WARNING] %cssr:warn%c [intlify] Not found parent scope. use the global scope. 
      background: #f39c12;
      border-radius: 0.5em;
      color: white;
      font-weight: bold;
      padding: 2px 0.5em;
      
  at warn (/Users/andrejkoval/Dev/vivadzen/src/front/node_modules/@intlify/shared/dist/shared.mjs)
  at useI18n (/Users/andrejkoval/Dev/vivadzen/src/front/node_modules/vue-i18n/dist/vue-i18n.mjs)
  at setup (/Users/andrejkoval/Dev/vivadzen/src/front/node_modules/vue-i18n/dist/vue-i18n.mjs)
 @ http://0.0.0.0:3001/_nuxt/@fs/Users/andrejkoval/Dev/vivadzen/src/front/node_modules/consola/dist/browser.mjs?v=7b60de0d:47
[     783ms] [WARNING] %cssr:warn%c [intlify] Not found parent scope. use the global scope. 
      background: #f39c12;
      border-radius: 0.5em;
      color: white;
      font-weight: bold;
      padding: 2px 0.5em;
      
  at warn (/Users/andrejkoval/Dev/vivadzen/src/front/node_modules/@intlify/shared/dist/shared.mjs)
  at useI18n (/Users/andrejkoval/Dev/vivadzen/src/front/node_modules/vue-i18n/dist/vue-i18n.mjs)
  at setup (/Users/andrejkoval/Dev/vivadzen/src/front/node_modules/vue-i18n/dist/vue-i18n.mjs)
 @ http://0.0.0.0:3001/_nuxt/@fs/Users/andrejkoval/Dev/vivadzen/src/front/node_modules/consola/dist/browser.mjs?v=7b60de0d:47
[     783ms] [WARNING] %cssr:warn%c [intlify] Not found parent scope. use the global scope. 
      background: #f39c12;
      border-radius: 0.5em;
      color: white;
      font-weight: bold;
      padding: 2px 0.5em;
      
  at timeLogImpl (node:internal/console/constructor)
  at node:internal/console/constructor
  at timeLogImpl (node:internal/util/debuglog)
 @ http://0.0.0.0:3001/_nuxt/@fs/Users/andrejkoval/Dev/vivadzen/src/front/node_modules/consola/dist/browser.mjs?v=7b60de0d:47
[     783ms] [LOG] %cssr%c %s: %s 
      background: #7f8c8d;
      border-radius: 0.5em;
      color: white;
      font-weight: bold;
      padding: 2px 0.5em;
      [nuxt-app] app:rendered 0.205ms 
  at timeLogImpl (node:internal/console/constructor)
  at node:internal/console/constructor
  at timeLogImpl (node:internal/util/debuglog)
 @ http://0.0.0.0:3001/_nuxt/@fs/Users/andrejkoval/Dev/vivadzen/src/front/node_modules/consola/dist/browser.mjs?v=7b60de0d:47
[     783ms] [LOG] %cssr%c %s: %s 
      background: #7f8c8d;
      border-radius: 0.5em;
      color: white;
      font-weight: bold;
      padding: 2px 0.5em;
      [nuxt-app] schema-org:meta 0.005ms 
  at timeLogImpl (node:internal/console/constructor)
  at node:internal/console/constructor
  at timeLogImpl (node:internal/util/debuglog)
 @ http://0.0.0.0:3001/_nuxt/@fs/Users/andrejkoval/Dev/vivadzen/src/front/node_modules/consola/dist/browser.mjs?v=7b60de0d:47
[     783ms] [LOG] [nuxt-app] dev:ssr-logs: 2.635986328125 ms [Array(67)] @ http://0.0.0.0:3001/_nuxt/@fs/Users/andrejkoval/Dev/vivadzen/src/front/node_modules/hookable/dist/index.mjs?v=7b60de0d:271
[     791ms] [LOG] [nuxt-app] page:loading:start: 0.083984375 ms [] @ http://0.0.0.0:3001/_nuxt/@fs/Users/andrejkoval/Dev/vivadzen/src/front/node_modules/hookable/dist/index.mjs?v=7b60de0d:271
[     806ms] [WARNING] Timer '[nuxt-app] i18n:beforeLocaleSwitch' already exists @ http://0.0.0.0:3001/_nuxt/@fs/Users/andrejkoval/Dev/vivadzen/src/front/node_modules/hookable/dist/index.mjs?v=7b60de0d:261
[     807ms] [LOG] [nuxt-app] i18n:beforeLocaleSwitch: 32.5029296875 ms [Object] @ http://0.0.0.0:3001/_nuxt/@fs/Users/andrejkoval/Dev/vivadzen/src/front/node_modules/hookable/dist/index.mjs?v=7b60de0d:271
[     807ms] [LOG] [nuxt-app] app:created: 16.712890625 ms [Object] @ http://0.0.0.0:3001/_nuxt/@fs/Users/andrejkoval/Dev/vivadzen/src/front/node_modules/hookable/dist/index.mjs?v=7b60de0d:271
[     808ms] [LOG] [nuxt-app] app:beforeMount: 0.01611328125 ms [Object] @ http://0.0.0.0:3001/_nuxt/@fs/Users/andrejkoval/Dev/vivadzen/src/front/node_modules/hookable/dist/index.mjs?v=7b60de0d:271
[     809ms] [LOG] [nuxt-app] vue:setup: 0.256103515625 ms [] @ http://0.0.0.0:3001/_nuxt/@fs/Users/andrejkoval/Dev/vivadzen/src/front/node_modules/hookable/dist/index.mjs?v=7b60de0d:271
[     810ms] [INFO] <Suspense> is an experimental feature and its API will likely change. @ http://0.0.0.0:3001/_nuxt/@fs/Users/andrejkoval/Dev/vivadzen/src/front/node_modules/@vue/runtime-core/dist/runtime-core.esm-bundler.js?v=7b60de0d:7155
[     811ms] [LOG] [nuxt-app] app:mounted: 0.072998046875 ms [Object] @ http://0.0.0.0:3001/_nuxt/@fs/Users/andrejkoval/Dev/vivadzen/src/front/node_modules/hookable/dist/index.mjs?v=7b60de0d:271
[     811ms] [LOG] [Content] WS connect to ws://localhost:4000/ws @ http://0.0.0.0:3001/_nuxt/@fs/Users/andrejkoval/Dev/vivadzen/src/front/node_modules/@nuxt/content/dist/runtime/composables/web-socket.js?v=7b60de0d:4
[     889ms] [LOG] [Content] WS connected! @ http://0.0.0.0:3001/_nuxt/@fs/Users/andrejkoval/Dev/vivadzen/src/front/node_modules/@nuxt/content/dist/runtime/composables/web-socket.js?v=7b60de0d:4
[     900ms] [WARNING] [intlify] Not found 'title.catalog' key in 'en' locale messages. @ http://0.0.0.0:3001/_nuxt/node_modules/.cache/vite/client/deps/chunk-LY4OWT6B.js?v=7b60de0d:3
[     900ms] [WARNING] [intlify] Fall back to translate 'title.catalog' key with 'cs' locale. @ http://0.0.0.0:3001/_nuxt/node_modules/.cache/vite/client/deps/chunk-LY4OWT6B.js?v=7b60de0d:3
[     900ms] [WARNING] [intlify] Not found 'title.catalog' key in 'cs' locale messages. @ http://0.0.0.0:3001/_nuxt/node_modules/.cache/vite/client/deps/chunk-LY4OWT6B.js?v=7b60de0d:3
[     900ms] [WARNING] [intlify] Fall back to translate 'title.catalog' with root locale. @ http://0.0.0.0:3001/_nuxt/node_modules/.cache/vite/client/deps/chunk-LY4OWT6B.js?v=7b60de0d:3
[     901ms] [WARNING] [intlify] Not found 'title.blog' key in 'en' locale messages. @ http://0.0.0.0:3001/_nuxt/node_modules/.cache/vite/client/deps/chunk-LY4OWT6B.js?v=7b60de0d:3
[     901ms] [WARNING] [intlify] Fall back to translate 'title.blog' key with 'cs' locale. @ http://0.0.0.0:3001/_nuxt/node_modules/.cache/vite/client/deps/chunk-LY4OWT6B.js?v=7b60de0d:3
[     901ms] [WARNING] [intlify] Not found 'title.blog' key in 'cs' locale messages. @ http://0.0.0.0:3001/_nuxt/node_modules/.cache/vite/client/deps/chunk-LY4OWT6B.js?v=7b60de0d:3
[     901ms] [WARNING] [intlify] Fall back to translate 'title.blog' with root locale. @ http://0.0.0.0:3001/_nuxt/node_modules/.cache/vite/client/deps/chunk-LY4OWT6B.js?v=7b60de0d:3
[     901ms] [WARNING] [intlify] Not found 'title.reviews' key in 'en' locale messages. @ http://0.0.0.0:3001/_nuxt/node_modules/.cache/vite/client/deps/chunk-LY4OWT6B.js?v=7b60de0d:3
[     901ms] [WARNING] [intlify] Fall back to translate 'title.reviews' key with 'cs' locale. @ http://0.0.0.0:3001/_nuxt/node_modules/.cache/vite/client/deps/chunk-LY4OWT6B.js?v=7b60de0d:3
[     901ms] [WARNING] [intlify] Not found 'title.reviews' key in 'cs' locale messages. @ http://0.0.0.0:3001/_nuxt/node_modules/.cache/vite/client/deps/chunk-LY4OWT6B.js?v=7b60de0d:3
[     901ms] [WARNING] [intlify] Fall back to translate 'title.reviews' with root locale. @ http://0.0.0.0:3001/_nuxt/node_modules/.cache/vite/client/deps/chunk-LY4OWT6B.js?v=7b60de0d:3
[     901ms] [WARNING] [intlify] Not found 'title.about' key in 'en' locale messages. @ http://0.0.0.0:3001/_nuxt/node_modules/.cache/vite/client/deps/chunk-LY4OWT6B.js?v=7b60de0d:3
[     901ms] [WARNING] [intlify] Fall back to translate 'title.about' key with 'cs' locale. @ http://0.0.0.0:3001/_nuxt/node_modules/.cache/vite/client/deps/chunk-LY4OWT6B.js?v=7b60de0d:3
[     901ms] [WARNING] [intlify] Not found 'title.about' key in 'cs' locale messages. @ http://0.0.0.0:3001/_nuxt/node_modules/.cache/vite/client/deps/chunk-LY4OWT6B.js?v=7b60de0d:3
[     902ms] [WARNING] [intlify] Fall back to translate 'title.about' with root locale. @ http://0.0.0.0:3001/_nuxt/node_modules/.cache/vite/client/deps/chunk-LY4OWT6B.js?v=7b60de0d:3
[     902ms] [WARNING] [intlify] Not found 'title.contacts' key in 'en' locale messages. @ http://0.0.0.0:3001/_nuxt/node_modules/.cache/vite/client/deps/chunk-LY4OWT6B.js?v=7b60de0d:3
[     902ms] [WARNING] [intlify] Fall back to translate 'title.contacts' key with 'cs' locale. @ http://0.0.0.0:3001/_nuxt/node_modules/.cache/vite/client/deps/chunk-LY4OWT6B.js?v=7b60de0d:3
[     902ms] [WARNING] [intlify] Not found 'title.contacts' key in 'cs' locale messages. @ http://0.0.0.0:3001/_nuxt/node_modules/.cache/vite/client/deps/chunk-LY4OWT6B.js?v=7b60de0d:3
[     902ms] [WARNING] [intlify] Fall back to translate 'title.contacts' with root locale. @ http://0.0.0.0:3001/_nuxt/node_modules/.cache/vite/client/deps/chunk-LY4OWT6B.js?v=7b60de0d:3
[     902ms] [WARNING] [intlify] Not found 'logo_alt' key in 'en' locale messages. @ http://0.0.0.0:3001/_nuxt/node_modules/.cache/vite/client/deps/chunk-LY4OWT6B.js?v=7b60de0d:3
[     903ms] [WARNING] [intlify] Fall back to translate 'logo_alt' key with 'cs' locale. @ http://0.0.0.0:3001/_nuxt/node_modules/.cache/vite/client/deps/chunk-LY4OWT6B.js?v=7b60de0d:3
[     903ms] [WARNING] [intlify] Not found 'logo_alt' key in 'cs' locale messages. @ http://0.0.0.0:3001/_nuxt/node_modules/.cache/vite/client/deps/chunk-LY4OWT6B.js?v=7b60de0d:3
[     903ms] [WARNING] [intlify] Fall back to translate 'logo_alt' with root locale. @ http://0.0.0.0:3001/_nuxt/node_modules/.cache/vite/client/deps/chunk-LY4OWT6B.js?v=7b60de0d:3
[     903ms] [WARNING] [intlify] Not found 'logo_alt' key in 'en' locale messages. @ http://0.0.0.0:3001/_nuxt/node_modules/.cache/vite/client/deps/chunk-LY4OWT6B.js?v=7b60de0d:3
[     903ms] [WARNING] [intlify] Fall back to translate 'logo_alt' key with 'cs' locale. @ http://0.0.0.0:3001/_nuxt/node_modules/.cache/vite/client/deps/chunk-LY4OWT6B.js?v=7b60de0d:3
[     903ms] [WARNING] [intlify] Not found 'logo_alt' key in 'cs' locale messages. @ http://0.0.0.0:3001/_nuxt/node_modules/.cache/vite/client/deps/chunk-LY4OWT6B.js?v=7b60de0d:3
[     904ms] [WARNING] [intlify] Not found 'title.cart' key in 'en' locale messages. @ http://0.0.0.0:3001/_nuxt/node_modules/.cache/vite/client/deps/chunk-LY4OWT6B.js?v=7b60de0d:3
[     904ms] [WARNING] [intlify] Fall back to translate 'title.cart' key with 'cs' locale. @ http://0.0.0.0:3001/_nuxt/node_modules/.cache/vite/client/deps/chunk-LY4OWT6B.js?v=7b60de0d:3
[     904ms] [WARNING] [intlify] Not found 'title.cart' key in 'cs' locale messages. @ http://0.0.0.0:3001/_nuxt/node_modules/.cache/vite/client/deps/chunk-LY4OWT6B.js?v=7b60de0d:3
[     904ms] [WARNING] [intlify] Fall back to translate 'title.cart' with root locale. @ http://0.0.0.0:3001/_nuxt/node_modules/.cache/vite/client/deps/chunk-LY4OWT6B.js?v=7b60de0d:3
[     910ms] [WARNING] [Vue warn]: Hydration style mismatch on JSHandle@node 
  - rendered on server: style="width:1em;height:1em;--c613ce94-iconUrl:url('https://api.iconify.design/iconoir/nav-arrow-down.svg');"
  - expected on client: style="width:1em;height:1em;"
  Note: this mismatch is check-only. The DOM will not be rectified in production due to performance overhead.
  You should fix the source of the mismatch. 
  at <IconCSS name="iconoir:nav-arrow-down" class="lang-switcher__chevron" > 
  at <Header> 
  at <Body style= {background: #f8f1e6} > 
  at <Html lang="en-US" dir="ltr" > 
  at <Default ref=Ref< undefined > > 
  at <AsyncComponentWrapper ref=Ref< undefined > > 
  at <LayoutLoader key="default" layoutProps= {ref: RefImpl} name="default" > 
  at <NuxtLayoutProvider layoutProps= {ref: RefImpl} key="default" name="default"  ... > 
  at <NuxtLayout> 
  at <App key=4 > 
  at <NuxtRoot> @ http://0.0.0.0:3001/_nuxt/@fs/Users/andrejkoval/Dev/vivadzen/src/front/node_modules/@vue/runtime-core/dist/runtime-core.esm-bundler.js?v=7b60de0d:49
[     910ms] [ERROR] Hydration completed but contains mismatches. @ http://0.0.0.0:3001/_nuxt/@fs/Users/andrejkoval/Dev/vivadzen/src/front/node_modules/@vue/runtime-core/dist/runtime-core.esm-bundler.js?v=7b60de0d:1847
[     910ms] [WARNING] [Vue warn]: Hydration style mismatch on JSHandle@node 
  - rendered on server: style="width:1em;height:1em;--c613ce94-iconUrl:url('https://api.iconify.design/ci/shopping-cart-01.svg');"
  - expected on client: style="width:1em;height:1em;"
  Note: this mismatch is check-only. The DOM will not be rectified in production due to performance overhead.
  You should fix the source of the mismatch. 
  at <IconCSS name="ci:shopping-cart-01" class="hero-header__cart-icon" > 
  at <Header> 
  at <Body style= {background: #f8f1e6} > 
  at <Html lang="en-US" dir="ltr" > 
  at <Default ref=Ref< undefined > > 
  at <AsyncComponentWrapper ref=Ref< undefined > > 
  at <LayoutLoader key="default" layoutProps= {ref: RefImpl} name="default" > 
  at <NuxtLayoutProvider layoutProps= {ref: RefImpl} key="default" name="default"  ... > 
  at <NuxtLayout> 
  at <App key=4 > 
  at <NuxtRoot> @ http://0.0.0.0:3001/_nuxt/@fs/Users/andrejkoval/Dev/vivadzen/src/front/node_modules/@vue/runtime-core/dist/runtime-core.esm-bundler.js?v=7b60de0d:49
[     911ms] [WARNING] [Vue warn]: Hydration style mismatch on JSHandle@node 
  - rendered on server: style="width:1em;height:1em;--c613ce94-iconUrl:url('https://api.iconify.design/mynaui/telephone-call.svg');"
  - expected on client: style="width:1em;height:1em;"
  Note: this mismatch is check-only. The DOM will not be rectified in production due to performance overhead.
  You should fix the source of the mismatch. 
  at <IconCSS name="mynaui:telephone-call" class="hero-mobile-menu__contact-icon" > 
  at <Header> 
  at <Body style= {background: #f8f1e6} > 
  at <Html lang="en-US" dir="ltr" > 
  at <Default ref=Ref< undefined > > 
  at <AsyncComponentWrapper ref=Ref< undefined > > 
  at <LayoutLoader key="default" layoutProps= {ref: RefImpl} name="default" > 
  at <NuxtLayoutProvider layoutProps= {ref: RefImpl} key="default" name="default"  ... > 
  at <NuxtLayout> 
  at <App key=4 > 
  at <NuxtRoot> @ http://0.0.0.0:3001/_nuxt/@fs/Users/andrejkoval/Dev/vivadzen/src/front/node_modules/@vue/runtime-core/dist/runtime-core.esm-bundler.js?v=7b60de0d:49
[     911ms] [WARNING] [Vue warn]: Hydration style mismatch on JSHandle@node 
  - rendered on server: style="width:1em;height:1em;--c613ce94-iconUrl:url('https://api.iconify.design/ic/round-alternate-email.svg');"
  - expected on client: style="width:1em;height:1em;"
  Note: this mismatch is check-only. The DOM will not be rectified in production due to performance overhead.
  You should fix the source of the mismatch. 
  at <IconCSS name="ic:round-alternate-email" class="hero-mobile-menu__contact-icon" > 
  at <Header> 
  at <Body style= {background: #f8f1e6} > 
  at <Html lang="en-US" dir="ltr" > 
  at <Default ref=Ref< undefined > > 
  at <AsyncComponentWrapper ref=Ref< undefined > > 
  at <LayoutLoader key="default" layoutProps= {ref: RefImpl} name="default" > 
  at <NuxtLayoutProvider layoutProps= {ref: RefImpl} key="default" name="default"  ... > 
  at <NuxtLayout> 
  at <App key=4 > 
  at <NuxtRoot> @ http://0.0.0.0:3001/_nuxt/@fs/Users/andrejkoval/Dev/vivadzen/src/front/node_modules/@vue/runtime-core/dist/runtime-core.esm-bundler.js?v=7b60de0d:49
[     912ms] [WARNING] [Vue warn]: Hydration style mismatch on JSHandle@node 
  - rendered on server: style="width:1em;height:1em;--c613ce94-iconUrl:url('https://api.iconify.design/mynaui/location.svg');"
  - expected on client: style="width:1em;height:1em;"
  Note: this mismatch is check-only. The DOM will not be rectified in production due to performance overhead.
  You should fix the source of the mismatch. 
  at <IconCSS name="mynaui:location" class="hero-mobile-menu__contact-icon" > 
  at <Header> 
  at <Body style= {background: #f8f1e6} > 
  at <Html lang="en-US" dir="ltr" > 
  at <Default ref=Ref< undefined > > 
  at <AsyncComponentWrapper ref=Ref< undefined > > 
  at <LayoutLoader key="default" layoutProps= {ref: RefImpl} name="default" > 
  at <NuxtLayoutProvider layoutProps= {ref: RefImpl} key="default" name="default"  ... > 
  at <NuxtLayout> 
  at <App key=4 > 
  at <NuxtRoot> @ http://0.0.0.0:3001/_nuxt/@fs/Users/andrejkoval/Dev/vivadzen/src/front/node_modules/@vue/runtime-core/dist/runtime-core.esm-bundler.js?v=7b60de0d:49
[     912ms] [WARNING] [Vue warn]: Hydration style mismatch on JSHandle@node 
  - rendered on server: style="width:1em;height:1em;--c613ce94-iconUrl:url('https://api.iconify.design/mynaui/clock-4.svg');"
  - expected on client: style="width:1em;height:1em;"
  Note: this mismatch is check-only. The DOM will not be rectified in production due to performance overhead.
  You should fix the source of the mismatch. 
  at <IconCSS name="mynaui:clock-4" class="hero-mobile-menu__contact-icon" > 
  at <Header> 
  at <Body style= {background: #f8f1e6} > 
  at <Html lang="en-US" dir="ltr" > 
  at <Default ref=Ref< undefined > > 
  at <AsyncComponentWrapper ref=Ref< undefined > > 
  at <LayoutLoader key="default" layoutProps= {ref: RefImpl} name="default" > 
  at <NuxtLayoutProvider layoutProps= {ref: RefImpl} key="default" name="default"  ... > 
  at <NuxtLayout> 
  at <App key=4 > 
  at <NuxtRoot> @ http://0.0.0.0:3001/_nuxt/@fs/Users/andrejkoval/Dev/vivadzen/src/front/node_modules/@vue/runtime-core/dist/runtime-core.esm-bundler.js?v=7b60de0d:49
[     917ms] [WARNING] [Vue warn]: Hydration style mismatch on JSHandle@node 
  - rendered on server: style="width:24px;height:24px;--c613ce94-iconUrl:url('https://api.iconify.design/emojione/flag-for-ukraine.svg');"
  - expected on client: style="width:24px;height:24px;"
  Note: this mismatch is check-only. The DOM will not be rectified in production due to performance overhead.
  You should fix the source of the mismatch. 
  at <IconCSS name="emojione:flag-for-ukraine" size="24" > 
  at <RegionSwitcher class="site-footer__region-switcher" > 
  at <SiteFooter> 
  at <Body style= {background: #f8f1e6} > 
  at <Html lang="en-US" dir="ltr" > 
  at <Default ref=Ref< undefined > > 
  at <AsyncComponentWrapper ref=Ref< undefined > > 
  at <LayoutLoader key="default" layoutProps= {ref: RefImpl} name="default" > 
  at <NuxtLayoutProvider layoutProps= {ref: RefImpl} key="default" name="default"  ... > 
  at <NuxtLayout> 
  at <App key=4 > 
  at <NuxtRoot> @ http://0.0.0.0:3001/_nuxt/@fs/Users/andrejkoval/Dev/vivadzen/src/front/node_modules/@vue/runtime-core/dist/runtime-core.esm-bundler.js?v=7b60de0d:49
[     917ms] [WARNING] [Vue warn]: Hydration style mismatch on JSHandle@node 
  - rendered on server: style="width:18px;height:18px;--c613ce94-iconUrl:url('https://api.iconify.design/ph/arrow-up-right.svg');"
  - expected on client: style="width:18px;height:18px;"
  Note: this mismatch is check-only. The DOM will not be rectified in production due to performance overhead.
  You should fix the source of the mismatch. 
  at <IconCSS name="ph:arrow-up-right" size="18" class="kratom-region-switcher__arrow" > 
  at <RegionSwitcher class="site-footer__region-switcher" > 
  at <SiteFooter> 
  at <Body style= {background: #f8f1e6} > 
  at <Html lang="en-US" dir="ltr" > 
  at <Default ref=Ref< undefined > > 
  at <AsyncComponentWrapper ref=Ref< undefined > > 
  at <LayoutLoader key="default" layoutProps= {ref: RefImpl} name="default" > 
  at <NuxtLayoutProvider layoutProps= {ref: RefImpl} key="default" name="default"  ... > 
  at <NuxtLayout> 
  at <App key=4 > 
  at <NuxtRoot> @ http://0.0.0.0:3001/_nuxt/@fs/Users/andrejkoval/Dev/vivadzen/src/front/node_modules/@vue/runtime-core/dist/runtime-core.esm-bundler.js?v=7b60de0d:49
[     917ms] [WARNING] [Vue warn]: Hydration style mismatch on JSHandle@node 
  - rendered on server: style="width:24px;height:24px;--c613ce94-iconUrl:url('https://api.iconify.design/emojione/flag-for-spain.svg');"
  - expected on client: style="width:24px;height:24px;"
  Note: this mismatch is check-only. The DOM will not be rectified in production due to performance overhead.
  You should fix the source of the mismatch. 
  at <IconCSS name="emojione:flag-for-spain" size="24" > 
  at <RegionSwitcher class="site-footer__region-switcher" > 
  at <SiteFooter> 
  at <Body style= {background: #f8f1e6} > 
  at <Html lang="en-US" dir="ltr" > 
  at <Default ref=Ref< undefined > > 
  at <AsyncComponentWrapper ref=Ref< undefined > > 
  at <LayoutLoader key="default" layoutProps= {ref: RefImpl} name="default" > 
  at <NuxtLayoutProvider layoutProps= {ref: RefImpl} key="default" name="default"  ... > 
  at <NuxtLayout> 
  at <App key=4 > 
  at <NuxtRoot> @ http://0.0.0.0:3001/_nuxt/@fs/Users/andrejkoval/Dev/vivadzen/src/front/node_modules/@vue/runtime-core/dist/runtime-core.esm-bundler.js?v=7b60de0d:49
[     918ms] [WARNING] [Vue warn]: Hydration style mismatch on JSHandle@node 
  - rendered on server: style="width:18px;height:18px;--c613ce94-iconUrl:url('https://api.iconify.design/ph/arrow-up-right.svg');"
  - expected on client: style="width:18px;height:18px;"
  Note: this mismatch is check-only. The DOM will not be rectified in production due to performance overhead.
  You should fix the source of the mismatch. 
  at <IconCSS name="ph:arrow-up-right" size="18" class="kratom-region-switcher__arrow" > 
  at <RegionSwitcher class="site-footer__region-switcher" > 
  at <SiteFooter> 
  at <Body style= {background: #f8f1e6} > 
  at <Html lang="en-US" dir="ltr" > 
  at <Default ref=Ref< undefined > > 
  at <AsyncComponentWrapper ref=Ref< undefined > > 
  at <LayoutLoader key="default" layoutProps= {ref: RefImpl} name="default" > 
  at <NuxtLayoutProvider layoutProps= {ref: RefImpl} key="default" name="default"  ... > 
  at <NuxtLayout> 
  at <App key=4 > 
  at <NuxtRoot> @ http://0.0.0.0:3001/_nuxt/@fs/Users/andrejkoval/Dev/vivadzen/src/front/node_modules/@vue/runtime-core/dist/runtime-core.esm-bundler.js?v=7b60de0d:49
[     918ms] [WARNING] [Vue warn]: Hydration style mismatch on JSHandle@node 
  - rendered on server: style="width:24px;height:24px;--c613ce94-iconUrl:url('https://api.iconify.design/emojione/flag-for-germany.svg');"
  - expected on client: style="width:24px;height:24px;"
  Note: this mismatch is check-only. The DOM will not be rectified in production due to performance overhead.
  You should fix the source of the mismatch. 
  at <IconCSS name="emojione:flag-for-germany" size="24" > 
  at <RegionSwitcher class="site-footer__region-switcher" > 
  at <SiteFooter> 
  at <Body style= {background: #f8f1e6} > 
  at <Html lang="en-US" dir="ltr" > 
  at <Default ref=Ref< undefined > > 
  at <AsyncComponentWrapper ref=Ref< undefined > > 
  at <LayoutLoader key="default" layoutProps= {ref: RefImpl} name="default" > 
  at <NuxtLayoutProvider layoutProps= {ref: RefImpl} key="default" name="default"  ... > 
  at <NuxtLayout> 
  at <App key=4 > 
  at <NuxtRoot> @ http://0.0.0.0:3001/_nuxt/@fs/Users/andrejkoval/Dev/vivadzen/src/front/node_modules/@vue/runtime-core/dist/runtime-core.esm-bundler.js?v=7b60de0d:49
[     918ms] [WARNING] [Vue warn]: Hydration style mismatch on JSHandle@node 
  - rendered on server: style="width:18px;height:18px;--c613ce94-iconUrl:url('https://api.iconify.design/ph/arrow-up-right.svg');"
  - expected on client: style="width:18px;height:18px;"
  Note: this mismatch is check-only. The DOM will not be rectified in production due to performance overhead.
  You should fix the source of the mismatch. 
  at <IconCSS name="ph:arrow-up-right" size="18" class="kratom-region-switcher__arrow" > 
  at <RegionSwitcher class="site-footer__region-switcher" > 
  at <SiteFooter> 
  at <Body style= {background: #f8f1e6} > 
  at <Html lang="en-US" dir="ltr" > 
  at <Default ref=Ref< undefined > > 
  at <AsyncComponentWrapper ref=Ref< undefined > > 
  at <LayoutLoader key="default" layoutProps= {ref: RefImpl} name="default" > 
  at <NuxtLayoutProvider layoutProps= {ref: RefImpl} key="default" name="default"  ... > 
  at <NuxtLayout> 
  at <App key=4 > 
  at <NuxtRoot> @ http://0.0.0.0:3001/_nuxt/@fs/Users/andrejkoval/Dev/vivadzen/src/front/node_modules/@vue/runtime-core/dist/runtime-core.esm-bundler.js?v=7b60de0d:49
[     918ms] [WARNING] [Vue warn]: Hydration style mismatch on JSHandle@node 
  - rendered on server: style="width:24px;height:24px;--c613ce94-iconUrl:url('https://api.iconify.design/emojione/flag-for-czechia.svg');"
  - expected on client: style="width:24px;height:24px;"
  Note: this mismatch is check-only. The DOM will not be rectified in production due to performance overhead.
  You should fix the source of the mismatch. 
  at <IconCSS name="emojione:flag-for-czechia" size="24" > 
  at <RegionSwitcher class="site-footer__region-switcher" > 
  at <SiteFooter> 
  at <Body style= {background: #f8f1e6} > 
  at <Html lang="en-US" dir="ltr" > 
  at <Default ref=Ref< undefined > > 
  at <AsyncComponentWrapper ref=Ref< undefined > > 
  at <LayoutLoader key="default" layoutProps= {ref: RefImpl} name="default" > 
  at <NuxtLayoutProvider layoutProps= {ref: RefImpl} key="default" name="default"  ... > 
  at <NuxtLayout> 
  at <App key=4 > 
  at <NuxtRoot> @ http://0.0.0.0:3001/_nuxt/@fs/Users/andrejkoval/Dev/vivadzen/src/front/node_modules/@vue/runtime-core/dist/runtime-core.esm-bundler.js?v=7b60de0d:49
[     918ms] [WARNING] [Vue warn]: Hydration style mismatch on JSHandle@node 
  - rendered on server: style="width:18px;height:18px;--c613ce94-iconUrl:url('https://api.iconify.design/ph/arrow-up-right.svg');"
  - expected on client: style="width:18px;height:18px;"
  Note: this mismatch is check-only. The DOM will not be rectified in production due to performance overhead.
  You should fix the source of the mismatch. 
  at <IconCSS name="ph:arrow-up-right" size="18" class="kratom-region-switcher__arrow" > 
  at <RegionSwitcher class="site-footer__region-switcher" > 
  at <SiteFooter> 
  at <Body style= {background: #f8f1e6} > 
  at <Html lang="en-US" dir="ltr" > 
  at <Default ref=Ref< undefined > > 
  at <AsyncComponentWrapper ref=Ref< undefined > > 
  at <LayoutLoader key="default" layoutProps= {ref: RefImpl} name="default" > 
  at <NuxtLayoutProvider layoutProps= {ref: RefImpl} key="default" name="default"  ... > 
  at <NuxtLayout> 
  at <App key=4 > 
  at <NuxtRoot> @ http://0.0.0.0:3001/_nuxt/@fs/Users/andrejkoval/Dev/vivadzen/src/front/node_modules/@vue/runtime-core/dist/runtime-core.esm-bundler.js?v=7b60de0d:49
[     920ms] [WARNING] [Vue warn]: Hydration style mismatch on JSHandle@node 
  - rendered on server: style="width:1em;height:1em;--c613ce94-iconUrl:url('https://api.iconify.design/ph/telegram-logo.svg');"
  - expected on client: style="width:1em;height:1em;"
  Note: this mismatch is check-only. The DOM will not be rectified in production due to performance overhead.
  You should fix the source of the mismatch. 
  at <IconCSS name="ph:telegram-logo" > 
  at <SiteFooter> 
  at <Body style= {background: #f8f1e6} > 
  at <Html lang="en-US" dir="ltr" > 
  at <Default ref=Ref< undefined > > 
  at <AsyncComponentWrapper ref=Ref< undefined > > 
  at <LayoutLoader key="default" layoutProps= {ref: RefImpl} name="default" > 
  at <NuxtLayoutProvider layoutProps= {ref: RefImpl} key="default" name="default"  ... > 
  at <NuxtLayout> 
  at <App key=4 > 
  at <NuxtRoot> @ http://0.0.0.0:3001/_nuxt/@fs/Users/andrejkoval/Dev/vivadzen/src/front/node_modules/@vue/runtime-core/dist/runtime-core.esm-bundler.js?v=7b60de0d:49
[     920ms] [WARNING] [Vue warn]: Hydration style mismatch on JSHandle@node 
  - rendered on server: style="width:1em;height:1em;--c613ce94-iconUrl:url('https://api.iconify.design/ph/whatsapp-logo.svg');"
  - expected on client: style="width:1em;height:1em;"
  Note: this mismatch is check-only. The DOM will not be rectified in production due to performance overhead.
  You should fix the source of the mismatch. 
  at <IconCSS name="ph:whatsapp-logo" > 
  at <SiteFooter> 
  at <Body style= {background: #f8f1e6} > 
  at <Html lang="en-US" dir="ltr" > 
  at <Default ref=Ref< undefined > > 
  at <AsyncComponentWrapper ref=Ref< undefined > > 
  at <LayoutLoader key="default" layoutProps= {ref: RefImpl} name="default" > 
  at <NuxtLayoutProvider layoutProps= {ref: RefImpl} key="default" name="default"  ... > 
  at <NuxtLayout> 
  at <App key=4 > 
  at <NuxtRoot> @ http://0.0.0.0:3001/_nuxt/@fs/Users/andrejkoval/Dev/vivadzen/src/front/node_modules/@vue/runtime-core/dist/runtime-core.esm-bundler.js?v=7b60de0d:49
[     920ms] [WARNING] [Vue warn]: Hydration style mismatch on JSHandle@node 
  - rendered on server: style="width:1em;height:1em;--c613ce94-iconUrl:url('https://api.iconify.design/iconoir/instagram.svg');"
  - expected on client: style="width:1em;height:1em;"
  Note: this mismatch is check-only. The DOM will not be rectified in production due to performance overhead.
  You should fix the source of the mismatch. 
  at <IconCSS name="iconoir:instagram" > 
  at <SiteFooter> 
  at <Body style= {background: #f8f1e6} > 
  at <Html lang="en-US" dir="ltr" > 
  at <Default ref=Ref< undefined > > 
  at <AsyncComponentWrapper ref=Ref< undefined > > 
  at <LayoutLoader key="default" layoutProps= {ref: RefImpl} name="default" > 
  at <NuxtLayoutProvider layoutProps= {ref: RefImpl} key="default" name="default"  ... > 
  at <NuxtLayout> 
  at <App key=4 > 
  at <NuxtRoot> @ http://0.0.0.0:3001/_nuxt/@fs/Users/andrejkoval/Dev/vivadzen/src/front/node_modules/@vue/runtime-core/dist/runtime-core.esm-bundler.js?v=7b60de0d:49
[     930ms] [WARNING] [intlify] Not found parent scope. use the global scope. @ http://0.0.0.0:3001/_nuxt/node_modules/.cache/vite/client/deps/chunk-LY4OWT6B.js?v=7b60de0d:3
[     932ms] [WARNING] [Vue warn]: Hydration style mismatch on JSHandle@node 
  - rendered on server: style="width:1em;height:1em;--c613ce94-iconUrl:url('https://api.iconify.design/ci/shopping-cart-01.svg');"
  - expected on client: style="width:1em;height:1em;"
  Note: this mismatch is check-only. The DOM will not be rectified in production due to performance overhead.
  You should fix the source of the mismatch. 
  at <IconCSS name="ci:shopping-cart-01" class="kratom-product-card__action-icon" > 
  at <ProductCard key=391 product= {id: 391, name: Green Rurut Nano kratom powder - 25g, slug: zeleny-rurut-nano-kratom-prasek-25g, price: 140.00, oldPrice: null} > 
  at <Index onVnodeUnmounted=fn<onVnodeUnmounted> ref=Ref< undefined > > 
  at <RouteProvider key="/en/catalog" vnode= {__v_isVNode: true, __v_skip: true, type: Object, props: Object, key: null} route= {fullPath: /en/catalog, hash: , query: Object, name: catalog___en, path: /en/catalog}  ... > 
  at <RouterView name=undefined route=undefined > 
  at <NuxtPage> 
  at <Body style= {background: #f8f1e6} > 
  at <Html lang="en-US" dir="ltr" > 
  at <Default ref=Ref< undefined > > 
  at <AsyncComponentWrapper ref=Ref< undefined > > 
  at <LayoutLoader key="default" layoutProps= {ref: RefImpl} name="default" > 
  at <NuxtLayoutProvider layoutProps= {ref: RefImpl} key="default" name="default"  ... > 
  at <NuxtLayout> 
  at <App key=4 > 
  at <NuxtRoot> @ http://0.0.0.0:3001/_nuxt/@fs/Users/andrejkoval/Dev/vivadzen/src/front/node_modules/@vue/runtime-core/dist/runtime-core.esm-bundler.js?v=7b60de0d:49
[     933ms] [WARNING] [intlify] Not found parent scope. use the global scope. @ http://0.0.0.0:3001/_nuxt/node_modules/.cache/vite/client/deps/chunk-LY4OWT6B.js?v=7b60de0d:3
[     933ms] [WARNING] [Vue warn]: Hydration style mismatch on JSHandle@node 
  - rendered on server: style="width:1em;height:1em;--c613ce94-iconUrl:url('https://api.iconify.design/ci/shopping-cart-01.svg');"
  - expected on client: style="width:1em;height:1em;"
  Note: this mismatch is check-only. The DOM will not be rectified in production due to performance overhead.
  You should fix the source of the mismatch. 
  at <IconCSS name="ci:shopping-cart-01" class="kratom-product-card__action-icon" > 
  at <ProductCard key=336 product= {id: 336, name: White Maeng Da Kratom powder, slug: bila-maeng-da-kratom-prasek-25g, price: 130.00, oldPrice: null} > 
  at <Index onVnodeUnmounted=fn<onVnodeUnmounted> ref=Ref< undefined > > 
  at <RouteProvider key="/en/catalog" vnode= {__v_isVNode: true, __v_skip: true, type: Object, props: Object, key: null} route= {fullPath: /en/catalog, hash: , query: Object, name: catalog___en, path: /en/catalog}  ... > 
  at <RouterView name=undefined route=undefined > 
  at <NuxtPage> 
  at <Body style= {background: #f8f1e6} > 
  at <Html lang="en-US" dir="ltr" > 
  at <Default ref=Ref< undefined > > 
  at <AsyncComponentWrapper ref=Ref< undefined > > 
  at <LayoutLoader key="default" layoutProps= {ref: RefImpl} name="default" > 
  at <NuxtLayoutProvider layoutProps= {ref: RefImpl} key="default" name="default"  ... > 
  at <NuxtLayout> 
  at <App key=4 > 
  at <NuxtRoot> @ http://0.0.0.0:3001/_nuxt/@fs/Users/andrejkoval/Dev/vivadzen/src/front/node_modules/@vue/runtime-core/dist/runtime-core.esm-bundler.js?v=7b60de0d:49
[     934ms] [WARNING] [intlify] Not found parent scope. use the global scope. @ http://0.0.0.0:3001/_nuxt/node_modules/.cache/vite/client/deps/chunk-LY4OWT6B.js?v=7b60de0d:3
[     934ms] [WARNING] [Vue warn]: Hydration style mismatch on JSHandle@node 
  - rendered on server: style="width:1em;height:1em;--c613ce94-iconUrl:url('https://api.iconify.design/ci/shopping-cart-01.svg');"
  - expected on client: style="width:1em;height:1em;"
  Note: this mismatch is check-only. The DOM will not be rectified in production due to performance overhead.
  You should fix the source of the mismatch. 
  at <IconCSS name="ci:shopping-cart-01" class="kratom-product-card__action-icon" > 
  at <ProductCard key=334 product= {id: 334, name: White Elephant Kratom powder, slug: bily-slon-kratom-prasek-25g, price: 140.00, oldPrice: null} > 
  at <Index onVnodeUnmounted=fn<onVnodeUnmounted> ref=Ref< undefined > > 
  at <RouteProvider key="/en/catalog" vnode= {__v_isVNode: true, __v_skip: true, type: Object, props: Object, key: null} route= {fullPath: /en/catalog, hash: , query: Object, name: catalog___en, path: /en/catalog}  ... > 
  at <RouterView name=undefined route=undefined > 
  at <NuxtPage> 
  at <Body style= {background: #f8f1e6} > 
  at <Html lang="en-US" dir="ltr" > 
  at <Default ref=Ref< undefined > > 
  at <AsyncComponentWrapper ref=Ref< undefined > > 
  at <LayoutLoader key="default" layoutProps= {ref: RefImpl} name="default" > 
  at <NuxtLayoutProvider layoutProps= {ref: RefImpl} key="default" name="default"  ... > 
  at <NuxtLayout> 
  at <App key=4 > 
  at <NuxtRoot> @ http://0.0.0.0:3001/_nuxt/@fs/Users/andrejkoval/Dev/vivadzen/src/front/node_modules/@vue/runtime-core/dist/runtime-core.esm-bundler.js?v=7b60de0d:49
[     934ms] [WARNING] [intlify] Not found parent scope. use the global scope. @ http://0.0.0.0:3001/_nuxt/node_modules/.cache/vite/client/deps/chunk-LY4OWT6B.js?v=7b60de0d:3
[     935ms] [WARNING] [Vue warn]: Hydration style mismatch on JSHandle@node 
  - rendered on server: style="width:1em;height:1em;--c613ce94-iconUrl:url('https://api.iconify.design/ci/shopping-cart-01.svg');"
  - expected on client: style="width:1em;height:1em;"
  Note: this mismatch is check-only. The DOM will not be rectified in production due to performance overhead.
  You should fix the source of the mismatch. 
  at <IconCSS name="ci:shopping-cart-01" class="kratom-product-card__action-icon" > 
  at <ProductCard key=333 product= {id: 333, name: Green Thai Kratom powder, slug: zeleny-thajsky-kratom-prasek-25g, price: 130.00, oldPrice: null} > 
  at <Index onVnodeUnmounted=fn<onVnodeUnmounted> ref=Ref< undefined > > 
  at <RouteProvider key="/en/catalog" vnode= {__v_isVNode: true, __v_skip: true, type: Object, props: Object, key: null} route= {fullPath: /en/catalog, hash: , query: Object, name: catalog___en, path: /en/catalog}  ... > 
  at <RouterView name=undefined route=undefined > 
  at <NuxtPage> 
  at <Body style= {background: #f8f1e6} > 
  at <Html lang="en-US" dir="ltr" > 
  at <Default ref=Ref< undefined > > 
  at <AsyncComponentWrapper ref=Ref< undefined > > 
  at <LayoutLoader key="default" layoutProps= {ref: RefImpl} name="default" > 
  at <NuxtLayoutProvider layoutProps= {ref: RefImpl} key="default" name="default"  ... > 
  at <NuxtLayout> 
  at <App key=4 > 
  at <NuxtRoot> @ http://0.0.0.0:3001/_nuxt/@fs/Users/andrejkoval/Dev/vivadzen/src/front/node_modules/@vue/runtime-core/dist/runtime-core.esm-bundler.js?v=7b60de0d:49
[     935ms] [WARNING] [intlify] Not found parent scope. use the global scope. @ http://0.0.0.0:3001/_nuxt/node_modules/.cache/vite/client/deps/chunk-LY4OWT6B.js?v=7b60de0d:3
[     936ms] [WARNING] [Vue warn]: Hydration style mismatch on JSHandle@node 
  - rendered on server: style="width:1em;height:1em;--c613ce94-iconUrl:url('https://api.iconify.design/ci/shopping-cart-01.svg');"
  - expected on client: style="width:1em;height:1em;"
  Note: this mismatch is check-only. The DOM will not be rectified in production due to performance overhead.
  You should fix the source of the mismatch. 
  at <IconCSS name="ci:shopping-cart-01" class="kratom-product-card__action-icon" > 
  at <ProductCard key=332 product= {id: 332, name: Red Maeng Da Kratom powder, slug: cervena-maeng-da-kratom-prasek-25g, price: 130.00, oldPrice: null} > 
  at <Index onVnodeUnmounted=fn<onVnodeUnmounted> ref=Ref< undefined > > 
  at <RouteProvider key="/en/catalog" vnode= {__v_isVNode: true, __v_skip: true, type: Object, props: Object, key: null} route= {fullPath: /en/catalog, hash: , query: Object, name: catalog___en, path: /en/catalog}  ... > 
  at <RouterView name=undefined route=undefined > 
  at <NuxtPage> 
  at <Body style= {background: #f8f1e6} > 
  at <Html lang="en-US" dir="ltr" > 
  at <Default ref=Ref< undefined > > 
  at <AsyncComponentWrapper ref=Ref< undefined > > 
  at <LayoutLoader key="default" layoutProps= {ref: RefImpl} name="default" > 
  at <NuxtLayoutProvider layoutProps= {ref: RefImpl} key="default" name="default"  ... > 
  at <NuxtLayout> 
  at <App key=4 > 
  at <NuxtRoot> @ http://0.0.0.0:3001/_nuxt/@fs/Users/andrejkoval/Dev/vivadzen/src/front/node_modules/@vue/runtime-core/dist/runtime-core.esm-bundler.js?v=7b60de0d:49
[     937ms] [WARNING] [intlify] Not found parent scope. use the global scope. @ http://0.0.0.0:3001/_nuxt/node_modules/.cache/vite/client/deps/chunk-LY4OWT6B.js?v=7b60de0d:3
[     938ms] [WARNING] [Vue warn]: Hydration style mismatch on JSHandle@node 
  - rendered on server: style="width:1em;height:1em;--c613ce94-iconUrl:url('https://api.iconify.design/ci/shopping-cart-01.svg');"
  - expected on client: style="width:1em;height:1em;"
  Note: this mismatch is check-only. The DOM will not be rectified in production due to performance overhead.
  You should fix the source of the mismatch. 
  at <IconCSS name="ci:shopping-cart-01" class="kratom-product-card__action-icon" > 
  at <ProductCard key=331 product= {id: 331, name: Green Maeng Da Kratom powder, slug: zelena-maeng-da-kratom-prasek-25g, price: 130.00, oldPrice: null} > 
  at <Index onVnodeUnmounted=fn<onVnodeUnmounted> ref=Ref< undefined > > 
  at <RouteProvider key="/en/catalog" vnode= {__v_isVNode: true, __v_skip: true, type: Object, props: Object, key: null} route= {fullPath: /en/catalog, hash: , query: Object, name: catalog___en, path: /en/catalog}  ... > 
  at <RouterView name=undefined route=undefined > 
  at <NuxtPage> 
  at <Body style= {background: #f8f1e6} > 
  at <Html lang="en-US" dir="ltr" > 
  at <Default ref=Ref< undefined > > 
  at <AsyncComponentWrapper ref=Ref< undefined > > 
  at <LayoutLoader key="default" layoutProps= {ref: RefImpl} name="default" > 
  at <NuxtLayoutProvider layoutProps= {ref: RefImpl} key="default" name="default"  ... > 
  at <NuxtLayout> 
  at <App key=4 > 
  at <NuxtRoot> @ http://0.0.0.0:3001/_nuxt/@fs/Users/andrejkoval/Dev/vivadzen/src/front/node_modules/@vue/runtime-core/dist/runtime-core.esm-bundler.js?v=7b60de0d:49
[     939ms] [LOG] [nuxt-app] page:finish: 0.843994140625 ms [Object] @ http://0.0.0.0:3001/_nuxt/@fs/Users/andrejkoval/Dev/vivadzen/src/front/node_modules/hookable/dist/index.mjs?v=7b60de0d:271
[     940ms] [LOG] [nuxt-app] page:loading:end: 0.52392578125 ms [] @ http://0.0.0.0:3001/_nuxt/@fs/Users/andrejkoval/Dev/vivadzen/src/front/node_modules/hookable/dist/index.mjs?v=7b60de0d:271
[     945ms] [WARNING] [intlify] Not found 'logo_alt' key in 'en' locale messages. @ http://0.0.0.0:3001/_nuxt/node_modules/.cache/vite/client/deps/chunk-LY4OWT6B.js?v=7b60de0d:3
[     945ms] [WARNING] [intlify] Fall back to translate 'logo_alt' key with 'cs' locale. @ http://0.0.0.0:3001/_nuxt/node_modules/.cache/vite/client/deps/chunk-LY4OWT6B.js?v=7b60de0d:3
[     945ms] [WARNING] [intlify] Not found 'logo_alt' key in 'cs' locale messages. @ http://0.0.0.0:3001/_nuxt/node_modules/.cache/vite/client/deps/chunk-LY4OWT6B.js?v=7b60de0d:3
[     945ms] [WARNING] [intlify] Fall back to translate 'logo_alt' with root locale. @ http://0.0.0.0:3001/_nuxt/node_modules/.cache/vite/client/deps/chunk-LY4OWT6B.js?v=7b60de0d:3
[     946ms] [WARNING] [intlify] Not found 'logo_alt' key in 'en' locale messages. @ http://0.0.0.0:3001/_nuxt/node_modules/.cache/vite/client/deps/chunk-LY4OWT6B.js?v=7b60de0d:3
[     946ms] [WARNING] [intlify] Fall back to translate 'logo_alt' key with 'cs' locale. @ http://0.0.0.0:3001/_nuxt/node_modules/.cache/vite/client/deps/chunk-LY4OWT6B.js?v=7b60de0d:3
[     946ms] [WARNING] [intlify] Not found 'logo_alt' key in 'cs' locale messages. @ http://0.0.0.0:3001/_nuxt/node_modules/.cache/vite/client/deps/chunk-LY4OWT6B.js?v=7b60de0d:3
[     946ms] [WARNING] [intlify] Not found 'title.cart' key in 'en' locale messages. @ http://0.0.0.0:3001/_nuxt/node_modules/.cache/vite/client/deps/chunk-LY4OWT6B.js?v=7b60de0d:3
[     947ms] [WARNING] [intlify] Fall back to translate 'title.cart' key with 'cs' locale. @ http://0.0.0.0:3001/_nuxt/node_modules/.cache/vite/client/deps/chunk-LY4OWT6B.js?v=7b60de0d:3
[     947ms] [WARNING] [intlify] Not found 'title.cart' key in 'cs' locale messages. @ http://0.0.0.0:3001/_nuxt/node_modules/.cache/vite/client/deps/chunk-LY4OWT6B.js?v=7b60de0d:3
[     947ms] [WARNING] [intlify] Fall back to translate 'title.cart' with root locale. @ http://0.0.0.0:3001/_nuxt/node_modules/.cache/vite/client/deps/chunk-LY4OWT6B.js?v=7b60de0d:3
[     952ms] [WARNING] [intlify] Not found 'logo_alt' key in 'en' locale messages. @ http://0.0.0.0:3001/_nuxt/node_modules/.cache/vite/client/deps/chunk-LY4OWT6B.js?v=7b60de0d:3
[     952ms] [WARNING] [intlify] Fall back to translate 'logo_alt' key with 'cs' locale. @ http://0.0.0.0:3001/_nuxt/node_modules/.cache/vite/client/deps/chunk-LY4OWT6B.js?v=7b60de0d:3
[     952ms] [WARNING] [intlify] Not found 'logo_alt' key in 'cs' locale messages. @ http://0.0.0.0:3001/_nuxt/node_modules/.cache/vite/client/deps/chunk-LY4OWT6B.js?v=7b60de0d:3
[     952ms] [WARNING] [intlify] Fall back to translate 'logo_alt' with root locale. @ http://0.0.0.0:3001/_nuxt/node_modules/.cache/vite/client/deps/chunk-LY4OWT6B.js?v=7b60de0d:3
[     952ms] [WARNING] [intlify] Not found 'logo_alt' key in 'en' locale messages. @ http://0.0.0.0:3001/_nuxt/node_modules/.cache/vite/client/deps/chunk-LY4OWT6B.js?v=7b60de0d:3
[     953ms] [WARNING] [intlify] Fall back to translate 'logo_alt' key with 'cs' locale. @ http://0.0.0.0:3001/_nuxt/node_modules/.cache/vite/client/deps/chunk-LY4OWT6B.js?v=7b60de0d:3
[     953ms] [WARNING] [intlify] Not found 'logo_alt' key in 'cs' locale messages. @ http://0.0.0.0:3001/_nuxt/node_modules/.cache/vite/client/deps/chunk-LY4OWT6B.js?v=7b60de0d:3
[     953ms] [WARNING] [intlify] Not found 'title.cart' key in 'en' locale messages. @ http://0.0.0.0:3001/_nuxt/node_modules/.cache/vite/client/deps/chunk-LY4OWT6B.js?v=7b60de0d:3
[     953ms] [WARNING] [intlify] Fall back to translate 'title.cart' key with 'cs' locale. @ http://0.0.0.0:3001/_nuxt/node_modules/.cache/vite/client/deps/chunk-LY4OWT6B.js?v=7b60de0d:3
[     953ms] [WARNING] [intlify] Not found 'title.cart' key in 'cs' locale messages. @ http://0.0.0.0:3001/_nuxt/node_modules/.cache/vite/client/deps/chunk-LY4OWT6B.js?v=7b60de0d:3
[     953ms] [WARNING] [intlify] Fall back to translate 'title.cart' with root locale. @ http://0.0.0.0:3001/_nuxt/node_modules/.cache/vite/client/deps/chunk-LY4OWT6B.js?v=7b60de0d:3
[     970ms] [LOG] [nuxt-app] schema-org:meta: 0.06103515625 ms [Object] @ http://0.0.0.0:3001/_nuxt/@fs/Users/andrejkoval/Dev/vivadzen/src/front/node_modules/hookable/dist/index.mjs?v=7b60de0d:271
[     971ms] [LOG] [nuxt-app] app:suspense:resolve: 19.61279296875 ms [] @ http://0.0.0.0:3001/_nuxt/@fs/Users/andrejkoval/Dev/vivadzen/src/front/node_modules/hookable/dist/index.mjs?v=7b60de0d:271
[    1284ms] [LOG] [nuxt-app] i18n:beforeLocaleSwitch: 0.140869140625 ms [Object] @ http://0.0.0.0:3001/_nuxt/@fs/Users/andrejkoval/Dev/vivadzen/src/front/node_modules/hookable/dist/index.mjs?v=7b60de0d:271
[    1287ms] [LOG] %cssr%c %s: %s 
      background: #7f8c8d;
      border-radius: 0.5em;
      color: white;
      font-weight: bold;
      padding: 2px 0.5em;
      [nitro-runtime] request 0.033ms 
  at timeLogImpl (node:internal/console/constructor)
  at node:internal/console/constructor
  at timeLogImpl (node:internal/util/debuglog)
 @ http://0.0.0.0:3001/_nuxt/@fs/Users/andrejkoval/Dev/vivadzen/src/front/node_modules/consola/dist/browser.mjs?v=7b60de0d:47
[    1287ms] [LOG] %cssr%c %s: %s 
      background: #7f8c8d;
      border-radius: 0.5em;
      color: white;
      font-weight: bold;
      padding: 2px 0.5em;
      [nitro-runtime] site-config:init 0.007ms 
  at timeLogImpl (node:internal/console/constructor)
  at node:internal/console/constructor
  at timeLogImpl (node:internal/util/debuglog)
 @ http://0.0.0.0:3001/_nuxt/@fs/Users/andrejkoval/Dev/vivadzen/src/front/node_modules/consola/dist/browser.mjs?v=7b60de0d:47
[    1287ms] [LOG] %cssr%c %s: %s 
      background: #7f8c8d;
      border-radius: 0.5em;
      color: white;
      font-weight: bold;
      padding: 2px 0.5em;
      [nitro-runtime] render:before 0.013ms 
  at timeLogImpl (node:internal/console/constructor)
  at node:internal/console/constructor
  at timeLogImpl (node:internal/util/debuglog)
 @ http://0.0.0.0:3001/_nuxt/@fs/Users/andrejkoval/Dev/vivadzen/src/front/node_modules/consola/dist/browser.mjs?v=7b60de0d:47
[    1287ms] [LOG] %cssr%c %s: %s 
      background: #7f8c8d;
      border-radius: 0.5em;
      color: white;
      font-weight: bold;
      padding: 2px 0.5em;
      [nuxt-app] i18n:beforeLocaleSwitch 0.01ms 
  at timeLogImpl (node:internal/console/constructor)
  at node:internal/console/constructor
  at timeLogImpl (node:internal/util/debuglog)
 @ http://0.0.0.0:3001/_nuxt/@fs/Users/andrejkoval/Dev/vivadzen/src/front/node_modules/consola/dist/browser.mjs?v=7b60de0d:47
[    1287ms] [LOG] %cssr%c %s: %s 
      background: #7f8c8d;
      border-radius: 0.5em;
      color: white;
      font-weight: bold;
      padding: 2px 0.5em;
      [nuxt-app] page:loading:start 0.003ms 
  at timeLogImpl (node:internal/console/constructor)
  at node:internal/console/constructor
  at timeLogImpl (node:internal/util/debuglog)
 @ http://0.0.0.0:3001/_nuxt/@fs/Users/andrejkoval/Dev/vivadzen/src/front/node_modules/consola/dist/browser.mjs?v=7b60de0d:47
[    1287ms] [LOG] %cssr%c %s: %s 
      background: #7f8c8d;
      border-radius: 0.5em;
      color: white;
      font-weight: bold;
      padding: 2px 0.5em;
      [nuxt-app] i18n:beforeLocaleSwitch 0.005ms 
  at timeLogImpl (node:internal/console/constructor)
  at node:internal/console/constructor
  at timeLogImpl (node:internal/util/debuglog)
 @ http://0.0.0.0:3001/_nuxt/@fs/Users/andrejkoval/Dev/vivadzen/src/front/node_modules/consola/dist/browser.mjs?v=7b60de0d:47
[    1287ms] [LOG] %cssr%c %s: %s 
      background: #7f8c8d;
      border-radius: 0.5em;
      color: white;
      font-weight: bold;
      padding: 2px 0.5em;
      [nuxt-app] app:created 3.338ms 
  at timeLogImpl (node:internal/console/constructor)
  at node:internal/console/constructor
  at timeLogImpl (node:internal/util/debuglog)
 @ http://0.0.0.0:3001/_nuxt/@fs/Users/andrejkoval/Dev/vivadzen/src/front/node_modules/consola/dist/browser.mjs?v=7b60de0d:47
[    1287ms] [LOG] %cssr%c %s: %s 
      background: #7f8c8d;
      border-radius: 0.5em;
      color: white;
      font-weight: bold;
      padding: 2px 0.5em;
      [nuxt-app] vue:setup 0.002ms 
  at timeLogImpl (node:internal/console/constructor)
  at node:internal/console/constructor
  at timeLogImpl (node:internal/util/debuglog)
 @ http://0.0.0.0:3001/_nuxt/@fs/Users/andrejkoval/Dev/vivadzen/src/front/node_modules/consola/dist/browser.mjs?v=7b60de0d:47
[    1287ms] [WARNING] %cssr:warn%c [intlify] Not found 'title.catalog' key in 'en' locale messages. 
      background: #f39c12;
      border-radius: 0.5em;
      color: white;
      font-weight: bold;
      padding: 2px 0.5em;
      
  at warn (/Users/andrejkoval/Dev/vivadzen/src/front/node_modules/@intlify/shared/dist/shared.mjs)
  at handleMissing (/Users/andrejkoval/Dev/vivadzen/src/front/node_modules/@intlify/core-base/dist/core-base.mjs)
  at resolveMessageFormat (/Users/andrejkoval/Dev/vivadzen/src/front/node_modules/@intlify/core-base/dist/core-base.mjs)
 @ http://0.0.0.0:3001/_nuxt/@fs/Users/andrejkoval/Dev/vivadzen/src/front/node_modules/consola/dist/browser.mjs?v=7b60de0d:47
[    1287ms] [WARNING] %cssr:warn%c [intlify] Fall back to translate 'title.catalog' key with 'cs' locale. 
      background: #f39c12;
      border-radius: 0.5em;
      color: white;
      font-weight: bold;
      padding: 2px 0.5em;
      
  at warn (/Users/andrejkoval/Dev/vivadzen/src/front/node_modules/@intlify/shared/dist/shared.mjs)
  at resolveMessageFormat (/Users/andrejkoval/Dev/vivadzen/src/front/node_modules/@intlify/core-base/dist/core-base.mjs)
  at translate (/Users/andrejkoval/Dev/vivadzen/src/front/node_modules/@intlify/core-base/dist/core-base.mjs)
 @ http://0.0.0.0:3001/_nuxt/@fs/Users/andrejkoval/Dev/vivadzen/src/front/node_modules/consola/dist/browser.mjs?v=7b60de0d:47
[    1287ms] [WARNING] %cssr:warn%c [intlify] Not found 'title.catalog' key in 'cs' locale messages. 
      background: #f39c12;
      border-radius: 0.5em;
      color: white;
      font-weight: bold;
      padding: 2px 0.5em;
      
  at warn (/Users/andrejkoval/Dev/vivadzen/src/front/node_modules/@intlify/shared/dist/shared.mjs)
  at handleMissing (/Users/andrejkoval/Dev/vivadzen/src/front/node_modules/@intlify/core-base/dist/core-base.mjs)
  at resolveMessageFormat (/Users/andrejkoval/Dev/vivadzen/src/front/node_modules/@intlify/core-base/dist/core-base.mjs)
 @ http://0.0.0.0:3001/_nuxt/@fs/Users/andrejkoval/Dev/vivadzen/src/front/node_modules/consola/dist/browser.mjs?v=7b60de0d:47
[    1287ms] [WARNING] %cssr:warn%c [intlify] Fall back to translate 'title.catalog' with root locale. 
      background: #f39c12;
      border-radius: 0.5em;
      color: white;
      font-weight: bold;
      padding: 2px 0.5em;
      
  at warn (/Users/andrejkoval/Dev/vivadzen/src/front/node_modules/@intlify/shared/dist/shared.mjs)
  at wrapWithDeps (/Users/andrejkoval/Dev/vivadzen/src/front/node_modules/vue-i18n/dist/vue-i18n.mjs)
  at t (/Users/andrejkoval/Dev/vivadzen/src/front/node_modules/vue-i18n/dist/vue-i18n.mjs)
 @ http://0.0.0.0:3001/_nuxt/@fs/Users/andrejkoval/Dev/vivadzen/src/front/node_modules/consola/dist/browser.mjs?v=7b60de0d:47
[    1287ms] [WARNING] %cssr:warn%c [intlify] Not found 'title.blog' key in 'en' locale messages. 
      background: #f39c12;
      border-radius: 0.5em;
      color: white;
      font-weight: bold;
      padding: 2px 0.5em;
      
  at warn (/Users/andrejkoval/Dev/vivadzen/src/front/node_modules/@intlify/shared/dist/shared.mjs)
  at handleMissing (/Users/andrejkoval/Dev/vivadzen/src/front/node_modules/@intlify/core-base/dist/core-base.mjs)
  at resolveMessageFormat (/Users/andrejkoval/Dev/vivadzen/src/front/node_modules/@intlify/core-base/dist/core-base.mjs)
 @ http://0.0.0.0:3001/_nuxt/@fs/Users/andrejkoval/Dev/vivadzen/src/front/node_modules/consola/dist/browser.mjs?v=7b60de0d:47
[    1287ms] [WARNING] %cssr:warn%c [intlify] Fall back to translate 'title.blog' key with 'cs' locale. 
      background: #f39c12;
      border-radius: 0.5em;
      color: white;
      font-weight: bold;
      padding: 2px 0.5em;
      
  at warn (/Users/andrejkoval/Dev/vivadzen/src/front/node_modules/@intlify/shared/dist/shared.mjs)
  at resolveMessageFormat (/Users/andrejkoval/Dev/vivadzen/src/front/node_modules/@intlify/core-base/dist/core-base.mjs)
  at translate (/Users/andrejkoval/Dev/vivadzen/src/front/node_modules/@intlify/core-base/dist/core-base.mjs)
 @ http://0.0.0.0:3001/_nuxt/@fs/Users/andrejkoval/Dev/vivadzen/src/front/node_modules/consola/dist/browser.mjs?v=7b60de0d:47
[    1287ms] [WARNING] %cssr:warn%c [intlify] Not found 'title.blog' key in 'cs' locale messages. 
      background: #f39c12;
      border-radius: 0.5em;
      color: white;
      font-weight: bold;
      padding: 2px 0.5em;
      
  at warn (/Users/andrejkoval/Dev/vivadzen/src/front/node_modules/@intlify/shared/dist/shared.mjs)
  at handleMissing (/Users/andrejkoval/Dev/vivadzen/src/front/node_modules/@intlify/core-base/dist/core-base.mjs)
  at resolveMessageFormat (/Users/andrejkoval/Dev/vivadzen/src/front/node_modules/@intlify/core-base/dist/core-base.mjs)
 @ http://0.0.0.0:3001/_nuxt/@fs/Users/andrejkoval/Dev/vivadzen/src/front/node_modules/consola/dist/browser.mjs?v=7b60de0d:47
[    1287ms] [WARNING] %cssr:warn%c [intlify] Fall back to translate 'title.blog' with root locale. 
      background: #f39c12;
      border-radius: 0.5em;
      color: white;
      font-weight: bold;
      padding: 2px 0.5em;
      
  at warn (/Users/andrejkoval/Dev/vivadzen/src/front/node_modules/@intlify/shared/dist/shared.mjs)
  at wrapWithDeps (/Users/andrejkoval/Dev/vivadzen/src/front/node_modules/vue-i18n/dist/vue-i18n.mjs)
  at t (/Users/andrejkoval/Dev/vivadzen/src/front/node_modules/vue-i18n/dist/vue-i18n.mjs)
 @ http://0.0.0.0:3001/_nuxt/@fs/Users/andrejkoval/Dev/vivadzen/src/front/node_modules/consola/dist/browser.mjs?v=7b60de0d:47
[    1287ms] [WARNING] %cssr:warn%c [intlify] Not found 'title.reviews' key in 'en' locale messages. 
      background: #f39c12;
      border-radius: 0.5em;
      color: white;
      font-weight: bold;
      padding: 2px 0.5em;
      
  at warn (/Users/andrejkoval/Dev/vivadzen/src/front/node_modules/@intlify/shared/dist/shared.mjs)
  at handleMissing (/Users/andrejkoval/Dev/vivadzen/src/front/node_modules/@intlify/core-base/dist/core-base.mjs)
  at resolveMessageFormat (/Users/andrejkoval/Dev/vivadzen/src/front/node_modules/@intlify/core-base/dist/core-base.mjs)
 @ http://0.0.0.0:3001/_nuxt/@fs/Users/andrejkoval/Dev/vivadzen/src/front/node_modules/consola/dist/browser.mjs?v=7b60de0d:47
[    1287ms] [WARNING] %cssr:warn%c [intlify] Fall back to translate 'title.reviews' key with 'cs' locale. 
      background: #f39c12;
      border-radius: 0.5em;
      color: white;
      font-weight: bold;
      padding: 2px 0.5em;
      
  at warn (/Users/andrejkoval/Dev/vivadzen/src/front/node_modules/@intlify/shared/dist/shared.mjs)
  at resolveMessageFormat (/Users/andrejkoval/Dev/vivadzen/src/front/node_modules/@intlify/core-base/dist/core-base.mjs)
  at translate (/Users/andrejkoval/Dev/vivadzen/src/front/node_modules/@intlify/core-base/dist/core-base.mjs)
 @ http://0.0.0.0:3001/_nuxt/@fs/Users/andrejkoval/Dev/vivadzen/src/front/node_modules/consola/dist/browser.mjs?v=7b60de0d:47
[    1287ms] [WARNING] %cssr:warn%c [intlify] Not found 'title.reviews' key in 'cs' locale messages. 
      background: #f39c12;
      border-radius: 0.5em;
      color: white;
      font-weight: bold;
      padding: 2px 0.5em;
      
  at warn (/Users/andrejkoval/Dev/vivadzen/src/front/node_modules/@intlify/shared/dist/shared.mjs)
  at handleMissing (/Users/andrejkoval/Dev/vivadzen/src/front/node_modules/@intlify/core-base/dist/core-base.mjs)
  at resolveMessageFormat (/Users/andrejkoval/Dev/vivadzen/src/front/node_modules/@intlify/core-base/dist/core-base.mjs)
 @ http://0.0.0.0:3001/_nuxt/@fs/Users/andrejkoval/Dev/vivadzen/src/front/node_modules/consola/dist/browser.mjs?v=7b60de0d:47
[    1287ms] [WARNING] %cssr:warn%c [intlify] Fall back to translate 'title.reviews' with root locale. 
      background: #f39c12;
      border-radius: 0.5em;
      color: white;
      font-weight: bold;
      padding: 2px 0.5em;
      
  at warn (/Users/andrejkoval/Dev/vivadzen/src/front/node_modules/@intlify/shared/dist/shared.mjs)
  at wrapWithDeps (/Users/andrejkoval/Dev/vivadzen/src/front/node_modules/vue-i18n/dist/vue-i18n.mjs)
  at t (/Users/andrejkoval/Dev/vivadzen/src/front/node_modules/vue-i18n/dist/vue-i18n.mjs)
 @ http://0.0.0.0:3001/_nuxt/@fs/Users/andrejkoval/Dev/vivadzen/src/front/node_modules/consola/dist/browser.mjs?v=7b60de0d:47
[    1287ms] [WARNING] %cssr:warn%c [intlify] Not found 'title.about' key in 'en' locale messages. 
      background: #f39c12;
      border-radius: 0.5em;
      color: white;
      font-weight: bold;
      padding: 2px 0.5em;
      
  at warn (/Users/andrejkoval/Dev/vivadzen/src/front/node_modules/@intlify/shared/dist/shared.mjs)
  at handleMissing (/Users/andrejkoval/Dev/vivadzen/src/front/node_modules/@intlify/core-base/dist/core-base.mjs)
  at resolveMessageFormat (/Users/andrejkoval/Dev/vivadzen/src/front/node_modules/@intlify/core-base/dist/core-base.mjs)
 @ http://0.0.0.0:3001/_nuxt/@fs/Users/andrejkoval/Dev/vivadzen/src/front/node_modules/consola/dist/browser.mjs?v=7b60de0d:47
[    1287ms] [WARNING] %cssr:warn%c [intlify] Fall back to translate 'title.about' key with 'cs' locale. 
      background: #f39c12;
      border-radius: 0.5em;
      color: white;
      font-weight: bold;
      padding: 2px 0.5em;
      
  at warn (/Users/andrejkoval/Dev/vivadzen/src/front/node_modules/@intlify/shared/dist/shared.mjs)
  at resolveMessageFormat (/Users/andrejkoval/Dev/vivadzen/src/front/node_modules/@intlify/core-base/dist/core-base.mjs)
  at translate (/Users/andrejkoval/Dev/vivadzen/src/front/node_modules/@intlify/core-base/dist/core-base.mjs)
 @ http://0.0.0.0:3001/_nuxt/@fs/Users/andrejkoval/Dev/vivadzen/src/front/node_modules/consola/dist/browser.mjs?v=7b60de0d:47
[    1287ms] [WARNING] %cssr:warn%c [intlify] Not found 'title.about' key in 'cs' locale messages. 
      background: #f39c12;
      border-radius: 0.5em;
      color: white;
      font-weight: bold;
      padding: 2px 0.5em;
      
  at warn (/Users/andrejkoval/Dev/vivadzen/src/front/node_modules/@intlify/shared/dist/shared.mjs)
  at handleMissing (/Users/andrejkoval/Dev/vivadzen/src/front/node_modules/@intlify/core-base/dist/core-base.mjs)
  at resolveMessageFormat (/Users/andrejkoval/Dev/vivadzen/src/front/node_modules/@intlify/core-base/dist/core-base.mjs)
 @ http://0.0.0.0:3001/_nuxt/@fs/Users/andrejkoval/Dev/vivadzen/src/front/node_modules/consola/dist/browser.mjs?v=7b60de0d:47
[    1287ms] [WARNING] %cssr:warn%c [intlify] Fall back to translate 'title.about' with root locale. 
      background: #f39c12;
      border-radius: 0.5em;
      color: white;
      font-weight: bold;
      padding: 2px 0.5em;
      
  at warn (/Users/andrejkoval/Dev/vivadzen/src/front/node_modules/@intlify/shared/dist/shared.mjs)
  at wrapWithDeps (/Users/andrejkoval/Dev/vivadzen/src/front/node_modules/vue-i18n/dist/vue-i18n.mjs)
  at t (/Users/andrejkoval/Dev/vivadzen/src/front/node_modules/vue-i18n/dist/vue-i18n.mjs)
 @ http://0.0.0.0:3001/_nuxt/@fs/Users/andrejkoval/Dev/vivadzen/src/front/node_modules/consola/dist/browser.mjs?v=7b60de0d:47
[    1287ms] [WARNING] %cssr:warn%c [intlify] Not found 'title.contacts' key in 'en' locale messages. 
      background: #f39c12;
      border-radius: 0.5em;
      color: white;
      font-weight: bold;
      padding: 2px 0.5em;
      
  at warn (/Users/andrejkoval/Dev/vivadzen/src/front/node_modules/@intlify/shared/dist/shared.mjs)
  at handleMissing (/Users/andrejkoval/Dev/vivadzen/src/front/node_modules/@intlify/core-base/dist/core-base.mjs)
  at resolveMessageFormat (/Users/andrejkoval/Dev/vivadzen/src/front/node_modules/@intlify/core-base/dist/core-base.mjs)
 @ http://0.0.0.0:3001/_nuxt/@fs/Users/andrejkoval/Dev/vivadzen/src/front/node_modules/consola/dist/browser.mjs?v=7b60de0d:47
[    1287ms] [WARNING] %cssr:warn%c [intlify] Fall back to translate 'title.contacts' key with 'cs' locale. 
      background: #f39c12;
      border-radius: 0.5em;
      color: white;
      font-weight: bold;
      padding: 2px 0.5em;
      
  at warn (/Users/andrejkoval/Dev/vivadzen/src/front/node_modules/@intlify/shared/dist/shared.mjs)
  at resolveMessageFormat (/Users/andrejkoval/Dev/vivadzen/src/front/node_modules/@intlify/core-base/dist/core-base.mjs)
  at translate (/Users/andrejkoval/Dev/vivadzen/src/front/node_modules/@intlify/core-base/dist/core-base.mjs)
 @ http://0.0.0.0:3001/_nuxt/@fs/Users/andrejkoval/Dev/vivadzen/src/front/node_modules/consola/dist/browser.mjs?v=7b60de0d:47
[    1287ms] [WARNING] %cssr:warn%c [intlify] Not found 'title.contacts' key in 'cs' locale messages. 
      background: #f39c12;
      border-radius: 0.5em;
      color: white;
      font-weight: bold;
      padding: 2px 0.5em;
      
  at warn (/Users/andrejkoval/Dev/vivadzen/src/front/node_modules/@intlify/shared/dist/shared.mjs)
  at handleMissing (/Users/andrejkoval/Dev/vivadzen/src/front/node_modules/@intlify/core-base/dist/core-base.mjs)
  at resolveMessageFormat (/Users/andrejkoval/Dev/vivadzen/src/front/node_modules/@intlify/core-base/dist/core-base.mjs)
 @ http://0.0.0.0:3001/_nuxt/@fs/Users/andrejkoval/Dev/vivadzen/src/front/node_modules/consola/dist/browser.mjs?v=7b60de0d:47
[    1287ms] [WARNING] %cssr:warn%c [intlify] Fall back to translate 'title.contacts' with root locale. 
      background: #f39c12;
      border-radius: 0.5em;
      color: white;
      font-weight: bold;
      padding: 2px 0.5em;
      
  at warn (/Users/andrejkoval/Dev/vivadzen/src/front/node_modules/@intlify/shared/dist/shared.mjs)
  at wrapWithDeps (/Users/andrejkoval/Dev/vivadzen/src/front/node_modules/vue-i18n/dist/vue-i18n.mjs)
  at t (/Users/andrejkoval/Dev/vivadzen/src/front/node_modules/vue-i18n/dist/vue-i18n.mjs)
 @ http://0.0.0.0:3001/_nuxt/@fs/Users/andrejkoval/Dev/vivadzen/src/front/node_modules/consola/dist/browser.mjs?v=7b60de0d:47
[    1288ms] [WARNING] %cssr:warn%c [intlify] Not found 'logo_alt' key in 'en' locale messages. 
      background: #f39c12;
      border-radius: 0.5em;
      color: white;
      font-weight: bold;
      padding: 2px 0.5em;
      
  at warn (/Users/andrejkoval/Dev/vivadzen/src/front/node_modules/@intlify/shared/dist/shared.mjs)
  at handleMissing (/Users/andrejkoval/Dev/vivadzen/src/front/node_modules/@intlify/core-base/dist/core-base.mjs)
  at resolveMessageFormat (/Users/andrejkoval/Dev/vivadzen/src/front/node_modules/@intlify/core-base/dist/core-base.mjs)
 @ http://0.0.0.0:3001/_nuxt/@fs/Users/andrejkoval/Dev/vivadzen/src/front/node_modules/consola/dist/browser.mjs?v=7b60de0d:47
[    1288ms] [WARNING] %cssr:warn%c [intlify] Fall back to translate 'logo_alt' key with 'cs' locale. 
      background: #f39c12;
      border-radius: 0.5em;
      color: white;
      font-weight: bold;
      padding: 2px 0.5em;
      
  at warn (/Users/andrejkoval/Dev/vivadzen/src/front/node_modules/@intlify/shared/dist/shared.mjs)
  at resolveMessageFormat (/Users/andrejkoval/Dev/vivadzen/src/front/node_modules/@intlify/core-base/dist/core-base.mjs)
  at translate (/Users/andrejkoval/Dev/vivadzen/src/front/node_modules/@intlify/core-base/dist/core-base.mjs)
 @ http://0.0.0.0:3001/_nuxt/@fs/Users/andrejkoval/Dev/vivadzen/src/front/node_modules/consola/dist/browser.mjs?v=7b60de0d:47
[    1288ms] [WARNING] %cssr:warn%c [intlify] Not found 'logo_alt' key in 'cs' locale messages. 
      background: #f39c12;
      border-radius: 0.5em;
      color: white;
      font-weight: bold;
      padding: 2px 0.5em;
      
  at warn (/Users/andrejkoval/Dev/vivadzen/src/front/node_modules/@intlify/shared/dist/shared.mjs)
  at handleMissing (/Users/andrejkoval/Dev/vivadzen/src/front/node_modules/@intlify/core-base/dist/core-base.mjs)
  at resolveMessageFormat (/Users/andrejkoval/Dev/vivadzen/src/front/node_modules/@intlify/core-base/dist/core-base.mjs)
 @ http://0.0.0.0:3001/_nuxt/@fs/Users/andrejkoval/Dev/vivadzen/src/front/node_modules/consola/dist/browser.mjs?v=7b60de0d:47
[    1288ms] [WARNING] %cssr:warn%c [intlify] Fall back to translate 'logo_alt' with root locale. 
      background: #f39c12;
      border-radius: 0.5em;
      color: white;
      font-weight: bold;
      padding: 2px 0.5em;
      
  at warn (/Users/andrejkoval/Dev/vivadzen/src/front/node_modules/@intlify/shared/dist/shared.mjs)
  at wrapWithDeps (/Users/andrejkoval/Dev/vivadzen/src/front/node_modules/vue-i18n/dist/vue-i18n.mjs)
  at Proxy.t (/Users/andrejkoval/Dev/vivadzen/src/front/node_modules/vue-i18n/dist/vue-i18n.mjs)
 @ http://0.0.0.0:3001/_nuxt/@fs/Users/andrejkoval/Dev/vivadzen/src/front/node_modules/consola/dist/browser.mjs?v=7b60de0d:47
[    1288ms] [WARNING] %cssr:warn%c [intlify] Not found 'logo_alt' key in 'en' locale messages. 
      background: #f39c12;
      border-radius: 0.5em;
      color: white;
      font-weight: bold;
      padding: 2px 0.5em;
      
  at warn (/Users/andrejkoval/Dev/vivadzen/src/front/node_modules/@intlify/shared/dist/shared.mjs)
  at handleMissing (/Users/andrejkoval/Dev/vivadzen/src/front/node_modules/@intlify/core-base/dist/core-base.mjs)
  at resolveMessageFormat (/Users/andrejkoval/Dev/vivadzen/src/front/node_modules/@intlify/core-base/dist/core-base.mjs)
 @ http://0.0.0.0:3001/_nuxt/@fs/Users/andrejkoval/Dev/vivadzen/src/front/node_modules/consola/dist/browser.mjs?v=7b60de0d:47
[    1288ms] [WARNING] %cssr:warn%c [intlify] Fall back to translate 'logo_alt' key with 'cs' locale. 
      background: #f39c12;
      border-radius: 0.5em;
      color: white;
      font-weight: bold;
      padding: 2px 0.5em;
      
  at warn (/Users/andrejkoval/Dev/vivadzen/src/front/node_modules/@intlify/shared/dist/shared.mjs)
  at resolveMessageFormat (/Users/andrejkoval/Dev/vivadzen/src/front/node_modules/@intlify/core-base/dist/core-base.mjs)
  at translate (/Users/andrejkoval/Dev/vivadzen/src/front/node_modules/@intlify/core-base/dist/core-base.mjs)
 @ http://0.0.0.0:3001/_nuxt/@fs/Users/andrejkoval/Dev/vivadzen/src/front/node_modules/consola/dist/browser.mjs?v=7b60de0d:47
[    1288ms] [WARNING] %cssr:warn%c [intlify] Not found 'logo_alt' key in 'cs' locale messages. 
      background: #f39c12;
      border-radius: 0.5em;
      color: white;
      font-weight: bold;
      padding: 2px 0.5em;
      
  at warn (/Users/andrejkoval/Dev/vivadzen/src/front/node_modules/@intlify/shared/dist/shared.mjs)
  at handleMissing (/Users/andrejkoval/Dev/vivadzen/src/front/node_modules/@intlify/core-base/dist/core-base.mjs)
  at resolveMessageFormat (/Users/andrejkoval/Dev/vivadzen/src/front/node_modules/@intlify/core-base/dist/core-base.mjs)
 @ http://0.0.0.0:3001/_nuxt/@fs/Users/andrejkoval/Dev/vivadzen/src/front/node_modules/consola/dist/browser.mjs?v=7b60de0d:47
[    1288ms] [WARNING] %cssr:warn%c [intlify] Not found 'title.cart' key in 'en' locale messages. 
      background: #f39c12;
      border-radius: 0.5em;
      color: white;
      font-weight: bold;
      padding: 2px 0.5em;
      
  at warn (/Users/andrejkoval/Dev/vivadzen/src/front/node_modules/@intlify/shared/dist/shared.mjs)
  at handleMissing (/Users/andrejkoval/Dev/vivadzen/src/front/node_modules/@intlify/core-base/dist/core-base.mjs)
  at resolveMessageFormat (/Users/andrejkoval/Dev/vivadzen/src/front/node_modules/@intlify/core-base/dist/core-base.mjs)
 @ http://0.0.0.0:3001/_nuxt/@fs/Users/andrejkoval/Dev/vivadzen/src/front/node_modules/consola/dist/browser.mjs?v=7b60de0d:47
[    1288ms] [WARNING] %cssr:warn%c [intlify] Fall back to translate 'title.cart' key with 'cs' locale. 
      background: #f39c12;
      border-radius: 0.5em;
      color: white;
      font-weight: bold;
      padding: 2px 0.5em;
      
  at warn (/Users/andrejkoval/Dev/vivadzen/src/front/node_modules/@intlify/shared/dist/shared.mjs)
  at resolveMessageFormat (/Users/andrejkoval/Dev/vivadzen/src/front/node_modules/@intlify/core-base/dist/core-base.mjs)
  at translate (/Users/andrejkoval/Dev/vivadzen/src/front/node_modules/@intlify/core-base/dist/core-base.mjs)
 @ http://0.0.0.0:3001/_nuxt/@fs/Users/andrejkoval/Dev/vivadzen/src/front/node_modules/consola/dist/browser.mjs?v=7b60de0d:47
[    1288ms] [WARNING] %cssr:warn%c [intlify] Not found 'title.cart' key in 'cs' locale messages. 
      background: #f39c12;
      border-radius: 0.5em;
      color: white;
      font-weight: bold;
      padding: 2px 0.5em;
      
  at warn (/Users/andrejkoval/Dev/vivadzen/src/front/node_modules/@intlify/shared/dist/shared.mjs)
  at handleMissing (/Users/andrejkoval/Dev/vivadzen/src/front/node_modules/@intlify/core-base/dist/core-base.mjs)
  at resolveMessageFormat (/Users/andrejkoval/Dev/vivadzen/src/front/node_modules/@intlify/core-base/dist/core-base.mjs)
 @ http://0.0.0.0:3001/_nuxt/@fs/Users/andrejkoval/Dev/vivadzen/src/front/node_modules/consola/dist/browser.mjs?v=7b60de0d:47
[    1288ms] [WARNING] %cssr:warn%c [intlify] Fall back to translate 'title.cart' with root locale. 
      background: #f39c12;
      border-radius: 0.5em;
      color: white;
      font-weight: bold;
      padding: 2px 0.5em;
      
  at warn (/Users/andrejkoval/Dev/vivadzen/src/front/node_modules/@intlify/shared/dist/shared.mjs)
  at wrapWithDeps (/Users/andrejkoval/Dev/vivadzen/src/front/node_modules/vue-i18n/dist/vue-i18n.mjs)
  at Proxy.t (/Users/andrejkoval/Dev/vivadzen/src/front/node_modules/vue-i18n/dist/vue-i18n.mjs)
 @ http://0.0.0.0:3001/_nuxt/@fs/Users/andrejkoval/Dev/vivadzen/src/front/node_modules/consola/dist/browser.mjs?v=7b60de0d:47
[    1288ms] [WARNING] %cssr:warn%c [intlify] Not found 'title.catalog' key in 'en' locale messages. 
      background: #f39c12;
      border-radius: 0.5em;
      color: white;
      font-weight: bold;
      padding: 2px 0.5em;
      
  at warn (/Users/andrejkoval/Dev/vivadzen/src/front/node_modules/@intlify/shared/dist/shared.mjs)
  at handleMissing (/Users/andrejkoval/Dev/vivadzen/src/front/node_modules/@intlify/core-base/dist/core-base.mjs)
  at resolveMessageFormat (/Users/andrejkoval/Dev/vivadzen/src/front/node_modules/@intlify/core-base/dist/core-base.mjs)
 @ http://0.0.0.0:3001/_nuxt/@fs/Users/andrejkoval/Dev/vivadzen/src/front/node_modules/consola/dist/browser.mjs?v=7b60de0d:47
[    1288ms] [WARNING] %cssr:warn%c [intlify] Fall back to translate 'title.catalog' key with 'cs' locale. 
      background: #f39c12;
      border-radius: 0.5em;
      color: white;
      font-weight: bold;
      padding: 2px 0.5em;
      
  at warn (/Users/andrejkoval/Dev/vivadzen/src/front/node_modules/@intlify/shared/dist/shared.mjs)
  at resolveMessageFormat (/Users/andrejkoval/Dev/vivadzen/src/front/node_modules/@intlify/core-base/dist/core-base.mjs)
  at translate (/Users/andrejkoval/Dev/vivadzen/src/front/node_modules/@intlify/core-base/dist/core-base.mjs)
 @ http://0.0.0.0:3001/_nuxt/@fs/Users/andrejkoval/Dev/vivadzen/src/front/node_modules/consola/dist/browser.mjs?v=7b60de0d:47
[    1288ms] [WARNING] %cssr:warn%c [intlify] Not found 'title.catalog' key in 'cs' locale messages. 
      background: #f39c12;
      border-radius: 0.5em;
      color: white;
      font-weight: bold;
      padding: 2px 0.5em;
      
  at warn (/Users/andrejkoval/Dev/vivadzen/src/front/node_modules/@intlify/shared/dist/shared.mjs)
  at handleMissing (/Users/andrejkoval/Dev/vivadzen/src/front/node_modules/@intlify/core-base/dist/core-base.mjs)
  at resolveMessageFormat (/Users/andrejkoval/Dev/vivadzen/src/front/node_modules/@intlify/core-base/dist/core-base.mjs)
 @ http://0.0.0.0:3001/_nuxt/@fs/Users/andrejkoval/Dev/vivadzen/src/front/node_modules/consola/dist/browser.mjs?v=7b60de0d:47
[    1288ms] [WARNING] %cssr:warn%c [intlify] Fall back to translate 'title.catalog' with root locale. 
      background: #f39c12;
      border-radius: 0.5em;
      color: white;
      font-weight: bold;
      padding: 2px 0.5em;
      
  at warn (/Users/andrejkoval/Dev/vivadzen/src/front/node_modules/@intlify/shared/dist/shared.mjs)
  at wrapWithDeps (/Users/andrejkoval/Dev/vivadzen/src/front/node_modules/vue-i18n/dist/vue-i18n.mjs)
  at t (/Users/andrejkoval/Dev/vivadzen/src/front/node_modules/vue-i18n/dist/vue-i18n.mjs)
 @ http://0.0.0.0:3001/_nuxt/@fs/Users/andrejkoval/Dev/vivadzen/src/front/node_modules/consola/dist/browser.mjs?v=7b60de0d:47
[    1288ms] [WARNING] %cssr:warn%c [intlify] Not found 'title.blog' key in 'en' locale messages. 
      background: #f39c12;
      border-radius: 0.5em;
      color: white;
      font-weight: bold;
      padding: 2px 0.5em;
      
  at warn (/Users/andrejkoval/Dev/vivadzen/src/front/node_modules/@intlify/shared/dist/shared.mjs)
  at handleMissing (/Users/andrejkoval/Dev/vivadzen/src/front/node_modules/@intlify/core-base/dist/core-base.mjs)
  at resolveMessageFormat (/Users/andrejkoval/Dev/vivadzen/src/front/node_modules/@intlify/core-base/dist/core-base.mjs)
 @ http://0.0.0.0:3001/_nuxt/@fs/Users/andrejkoval/Dev/vivadzen/src/front/node_modules/consola/dist/browser.mjs?v=7b60de0d:47
[    1288ms] [WARNING] %cssr:warn%c [intlify] Fall back to translate 'title.blog' key with 'cs' locale. 
      background: #f39c12;
      border-radius: 0.5em;
      color: white;
      font-weight: bold;
      padding: 2px 0.5em;
      
  at warn (/Users/andrejkoval/Dev/vivadzen/src/front/node_modules/@intlify/shared/dist/shared.mjs)
  at resolveMessageFormat (/Users/andrejkoval/Dev/vivadzen/src/front/node_modules/@intlify/core-base/dist/core-base.mjs)
  at translate (/Users/andrejkoval/Dev/vivadzen/src/front/node_modules/@intlify/core-base/dist/core-base.mjs)
 @ http://0.0.0.0:3001/_nuxt/@fs/Users/andrejkoval/Dev/vivadzen/src/front/node_modules/consola/dist/browser.mjs?v=7b60de0d:47
[    1288ms] [WARNING] %cssr:warn%c [intlify] Not found 'title.blog' key in 'cs' locale messages. 
      background: #f39c12;
      border-radius: 0.5em;
      color: white;
      font-weight: bold;
      padding: 2px 0.5em;
      
  at warn (/Users/andrejkoval/Dev/vivadzen/src/front/node_modules/@intlify/shared/dist/shared.mjs)
  at handleMissing (/Users/andrejkoval/Dev/vivadzen/src/front/node_modules/@intlify/core-base/dist/core-base.mjs)
  at resolveMessageFormat (/Users/andrejkoval/Dev/vivadzen/src/front/node_modules/@intlify/core-base/dist/core-base.mjs)
 @ http://0.0.0.0:3001/_nuxt/@fs/Users/andrejkoval/Dev/vivadzen/src/front/node_modules/consola/dist/browser.mjs?v=7b60de0d:47
[    1288ms] [WARNING] %cssr:warn%c [intlify] Fall back to translate 'title.blog' with root locale. 
      background: #f39c12;
      border-radius: 0.5em;
      color: white;
      font-weight: bold;
      padding: 2px 0.5em;
      
  at warn (/Users/andrejkoval/Dev/vivadzen/src/front/node_modules/@intlify/shared/dist/shared.mjs)
  at wrapWithDeps (/Users/andrejkoval/Dev/vivadzen/src/front/node_modules/vue-i18n/dist/vue-i18n.mjs)
  at t (/Users/andrejkoval/Dev/vivadzen/src/front/node_modules/vue-i18n/dist/vue-i18n.mjs)
 @ http://0.0.0.0:3001/_nuxt/@fs/Users/andrejkoval/Dev/vivadzen/src/front/node_modules/consola/dist/browser.mjs?v=7b60de0d:47
[    1288ms] [WARNING] %cssr:warn%c [intlify] Not found 'title.reviews' key in 'en' locale messages. 
      background: #f39c12;
      border-radius: 0.5em;
      color: white;
      font-weight: bold;
      padding: 2px 0.5em;
      
  at warn (/Users/andrejkoval/Dev/vivadzen/src/front/node_modules/@intlify/shared/dist/shared.mjs)
  at handleMissing (/Users/andrejkoval/Dev/vivadzen/src/front/node_modules/@intlify/core-base/dist/core-base.mjs)
  at resolveMessageFormat (/Users/andrejkoval/Dev/vivadzen/src/front/node_modules/@intlify/core-base/dist/core-base.mjs)
 @ http://0.0.0.0:3001/_nuxt/@fs/Users/andrejkoval/Dev/vivadzen/src/front/node_modules/consola/dist/browser.mjs?v=7b60de0d:47
[    1288ms] [WARNING] %cssr:warn%c [intlify] Fall back to translate 'title.reviews' key with 'cs' locale. 
      background: #f39c12;
      border-radius: 0.5em;
      color: white;
      font-weight: bold;
      padding: 2px 0.5em;
      
  at warn (/Users/andrejkoval/Dev/vivadzen/src/front/node_modules/@intlify/shared/dist/shared.mjs)
  at resolveMessageFormat (/Users/andrejkoval/Dev/vivadzen/src/front/node_modules/@intlify/core-base/dist/core-base.mjs)
  at translate (/Users/andrejkoval/Dev/vivadzen/src/front/node_modules/@intlify/core-base/dist/core-base.mjs)
 @ http://0.0.0.0:3001/_nuxt/@fs/Users/andrejkoval/Dev/vivadzen/src/front/node_modules/consola/dist/browser.mjs?v=7b60de0d:47
[    1288ms] [WARNING] %cssr:warn%c [intlify] Not found 'title.reviews' key in 'cs' locale messages. 
      background: #f39c12;
      border-radius: 0.5em;
      color: white;
      font-weight: bold;
      padding: 2px 0.5em;
      
  at warn (/Users/andrejkoval/Dev/vivadzen/src/front/node_modules/@intlify/shared/dist/shared.mjs)
  at handleMissing (/Users/andrejkoval/Dev/vivadzen/src/front/node_modules/@intlify/core-base/dist/core-base.mjs)
  at resolveMessageFormat (/Users/andrejkoval/Dev/vivadzen/src/front/node_modules/@intlify/core-base/dist/core-base.mjs)
 @ http://0.0.0.0:3001/_nuxt/@fs/Users/andrejkoval/Dev/vivadzen/src/front/node_modules/consola/dist/browser.mjs?v=7b60de0d:47
[    1288ms] [WARNING] %cssr:warn%c [intlify] Fall back to translate 'title.reviews' with root locale. 
      background: #f39c12;
      border-radius: 0.5em;
      color: white;
      font-weight: bold;
      padding: 2px 0.5em;
      
  at warn (/Users/andrejkoval/Dev/vivadzen/src/front/node_modules/@intlify/shared/dist/shared.mjs)
  at wrapWithDeps (/Users/andrejkoval/Dev/vivadzen/src/front/node_modules/vue-i18n/dist/vue-i18n.mjs)
  at t (/Users/andrejkoval/Dev/vivadzen/src/front/node_modules/vue-i18n/dist/vue-i18n.mjs)
 @ http://0.0.0.0:3001/_nuxt/@fs/Users/andrejkoval/Dev/vivadzen/src/front/node_modules/consola/dist/browser.mjs?v=7b60de0d:47
[    1288ms] [WARNING] %cssr:warn%c [intlify] Not found 'title.about' key in 'en' locale messages. 
      background: #f39c12;
      border-radius: 0.5em;
      color: white;
      font-weight: bold;
      padding: 2px 0.5em;
      
  at warn (/Users/andrejkoval/Dev/vivadzen/src/front/node_modules/@intlify/shared/dist/shared.mjs)
  at handleMissing (/Users/andrejkoval/Dev/vivadzen/src/front/node_modules/@intlify/core-base/dist/core-base.mjs)
  at resolveMessageFormat (/Users/andrejkoval/Dev/vivadzen/src/front/node_modules/@intlify/core-base/dist/core-base.mjs)
 @ http://0.0.0.0:3001/_nuxt/@fs/Users/andrejkoval/Dev/vivadzen/src/front/node_modules/consola/dist/browser.mjs?v=7b60de0d:47
[    1288ms] [WARNING] %cssr:warn%c [intlify] Fall back to translate 'title.about' key with 'cs' locale. 
      background: #f39c12;
      border-radius: 0.5em;
      color: white;
      font-weight: bold;
      padding: 2px 0.5em;
      
  at warn (/Users/andrejkoval/Dev/vivadzen/src/front/node_modules/@intlify/shared/dist/shared.mjs)
  at resolveMessageFormat (/Users/andrejkoval/Dev/vivadzen/src/front/node_modules/@intlify/core-base/dist/core-base.mjs)
  at translate (/Users/andrejkoval/Dev/vivadzen/src/front/node_modules/@intlify/core-base/dist/core-base.mjs)
 @ http://0.0.0.0:3001/_nuxt/@fs/Users/andrejkoval/Dev/vivadzen/src/front/node_modules/consola/dist/browser.mjs?v=7b60de0d:47
[    1288ms] [WARNING] %cssr:warn%c [intlify] Not found 'title.about' key in 'cs' locale messages. 
      background: #f39c12;
      border-radius: 0.5em;
      color: white;
      font-weight: bold;
      padding: 2px 0.5em;
      
  at warn (/Users/andrejkoval/Dev/vivadzen/src/front/node_modules/@intlify/shared/dist/shared.mjs)
  at handleMissing (/Users/andrejkoval/Dev/vivadzen/src/front/node_modules/@intlify/core-base/dist/core-base.mjs)
  at resolveMessageFormat (/Users/andrejkoval/Dev/vivadzen/src/front/node_modules/@intlify/core-base/dist/core-base.mjs)
 @ http://0.0.0.0:3001/_nuxt/@fs/Users/andrejkoval/Dev/vivadzen/src/front/node_modules/consola/dist/browser.mjs?v=7b60de0d:47
[    1288ms] [WARNING] %cssr:warn%c [intlify] Fall back to translate 'title.about' with root locale. 
      background: #f39c12;
      border-radius: 0.5em;
      color: white;
      font-weight: bold;
      padding: 2px 0.5em;
      
  at warn (/Users/andrejkoval/Dev/vivadzen/src/front/node_modules/@intlify/shared/dist/shared.mjs)
  at wrapWithDeps (/Users/andrejkoval/Dev/vivadzen/src/front/node_modules/vue-i18n/dist/vue-i18n.mjs)
  at t (/Users/andrejkoval/Dev/vivadzen/src/front/node_modules/vue-i18n/dist/vue-i18n.mjs)
 @ http://0.0.0.0:3001/_nuxt/@fs/Users/andrejkoval/Dev/vivadzen/src/front/node_modules/consola/dist/browser.mjs?v=7b60de0d:47
[    1288ms] [WARNING] %cssr:warn%c [intlify] Not found 'title.contacts' key in 'en' locale messages. 
      background: #f39c12;
      border-radius: 0.5em;
      color: white;
      font-weight: bold;
      padding: 2px 0.5em;
      
  at warn (/Users/andrejkoval/Dev/vivadzen/src/front/node_modules/@intlify/shared/dist/shared.mjs)
  at handleMissing (/Users/andrejkoval/Dev/vivadzen/src/front/node_modules/@intlify/core-base/dist/core-base.mjs)
  at resolveMessageFormat (/Users/andrejkoval/Dev/vivadzen/src/front/node_modules/@intlify/core-base/dist/core-base.mjs)
 @ http://0.0.0.0:3001/_nuxt/@fs/Users/andrejkoval/Dev/vivadzen/src/front/node_modules/consola/dist/browser.mjs?v=7b60de0d:47
[    1288ms] [WARNING] %cssr:warn%c [intlify] Fall back to translate 'title.contacts' key with 'cs' locale. 
      background: #f39c12;
      border-radius: 0.5em;
      color: white;
      font-weight: bold;
      padding: 2px 0.5em;
      
  at warn (/Users/andrejkoval/Dev/vivadzen/src/front/node_modules/@intlify/shared/dist/shared.mjs)
  at resolveMessageFormat (/Users/andrejkoval/Dev/vivadzen/src/front/node_modules/@intlify/core-base/dist/core-base.mjs)
  at translate (/Users/andrejkoval/Dev/vivadzen/src/front/node_modules/@intlify/core-base/dist/core-base.mjs)
 @ http://0.0.0.0:3001/_nuxt/@fs/Users/andrejkoval/Dev/vivadzen/src/front/node_modules/consola/dist/browser.mjs?v=7b60de0d:47
[    1288ms] [WARNING] %cssr:warn%c [intlify] Not found 'title.contacts' key in 'cs' locale messages. 
      background: #f39c12;
      border-radius: 0.5em;
      color: white;
      font-weight: bold;
      padding: 2px 0.5em;
      
  at warn (/Users/andrejkoval/Dev/vivadzen/src/front/node_modules/@intlify/shared/dist/shared.mjs)
  at handleMissing (/Users/andrejkoval/Dev/vivadzen/src/front/node_modules/@intlify/core-base/dist/core-base.mjs)
  at resolveMessageFormat (/Users/andrejkoval/Dev/vivadzen/src/front/node_modules/@intlify/core-base/dist/core-base.mjs)
 @ http://0.0.0.0:3001/_nuxt/@fs/Users/andrejkoval/Dev/vivadzen/src/front/node_modules/consola/dist/browser.mjs?v=7b60de0d:47
[    1288ms] [WARNING] %cssr:warn%c [intlify] Fall back to translate 'title.contacts' with root locale. 
      background: #f39c12;
      border-radius: 0.5em;
      color: white;
      font-weight: bold;
      padding: 2px 0.5em;
      
  at warn (/Users/andrejkoval/Dev/vivadzen/src/front/node_modules/@intlify/shared/dist/shared.mjs)
  at wrapWithDeps (/Users/andrejkoval/Dev/vivadzen/src/front/node_modules/vue-i18n/dist/vue-i18n.mjs)
  at t (/Users/andrejkoval/Dev/vivadzen/src/front/node_modules/vue-i18n/dist/vue-i18n.mjs)
 @ http://0.0.0.0:3001/_nuxt/@fs/Users/andrejkoval/Dev/vivadzen/src/front/node_modules/consola/dist/browser.mjs?v=7b60de0d:47
[    1288ms] [WARNING] %cssr:warn%c [intlify] Not found parent scope. use the global scope. 
      background: #f39c12;
      border-radius: 0.5em;
      color: white;
      font-weight: bold;
      padding: 2px 0.5em;
      
  at warn (/Users/andrejkoval/Dev/vivadzen/src/front/node_modules/@intlify/shared/dist/shared.mjs)
  at useI18n (/Users/andrejkoval/Dev/vivadzen/src/front/node_modules/vue-i18n/dist/vue-i18n.mjs)
  at setup (/Users/andrejkoval/Dev/vivadzen/src/front/node_modules/vue-i18n/dist/vue-i18n.mjs)
 @ http://0.0.0.0:3001/_nuxt/@fs/Users/andrejkoval/Dev/vivadzen/src/front/node_modules/consola/dist/browser.mjs?v=7b60de0d:47
[    1288ms] [WARNING] %cssr:warn%c [intlify] Not found parent scope. use the global scope. 
      background: #f39c12;
      border-radius: 0.5em;
      color: white;
      font-weight: bold;
      padding: 2px 0.5em;
      
  at warn (/Users/andrejkoval/Dev/vivadzen/src/front/node_modules/@intlify/shared/dist/shared.mjs)
  at useI18n (/Users/andrejkoval/Dev/vivadzen/src/front/node_modules/vue-i18n/dist/vue-i18n.mjs)
  at setup (/Users/andrejkoval/Dev/vivadzen/src/front/node_modules/vue-i18n/dist/vue-i18n.mjs)
 @ http://0.0.0.0:3001/_nuxt/@fs/Users/andrejkoval/Dev/vivadzen/src/front/node_modules/consola/dist/browser.mjs?v=7b60de0d:47
[    1288ms] [WARNING] %cssr:warn%c [intlify] Not found parent scope. use the global scope. 
      background: #f39c12;
      border-radius: 0.5em;
      color: white;
      font-weight: bold;
      padding: 2px 0.5em;
      
  at warn (/Users/andrejkoval/Dev/vivadzen/src/front/node_modules/@intlify/shared/dist/shared.mjs)
  at useI18n (/Users/andrejkoval/Dev/vivadzen/src/front/node_modules/vue-i18n/dist/vue-i18n.mjs)
  at setup (/Users/andrejkoval/Dev/vivadzen/src/front/node_modules/vue-i18n/dist/vue-i18n.mjs)
 @ http://0.0.0.0:3001/_nuxt/@fs/Users/andrejkoval/Dev/vivadzen/src/front/node_modules/consola/dist/browser.mjs?v=7b60de0d:47
[    1288ms] [WARNING] %cssr:warn%c [intlify] Not found parent scope. use the global scope. 
      background: #f39c12;
      border-radius: 0.5em;
      color: white;
      font-weight: bold;
      padding: 2px 0.5em;
      
  at warn (/Users/andrejkoval/Dev/vivadzen/src/front/node_modules/@intlify/shared/dist/shared.mjs)
  at useI18n (/Users/andrejkoval/Dev/vivadzen/src/front/node_modules/vue-i18n/dist/vue-i18n.mjs)
  at setup (/Users/andrejkoval/Dev/vivadzen/src/front/node_modules/vue-i18n/dist/vue-i18n.mjs)
 @ http://0.0.0.0:3001/_nuxt/@fs/Users/andrejkoval/Dev/vivadzen/src/front/node_modules/consola/dist/browser.mjs?v=7b60de0d:47
[    1288ms] [WARNING] %cssr:warn%c [intlify] Not found parent scope. use the global scope. 
      background: #f39c12;
      border-radius: 0.5em;
      color: white;
      font-weight: bold;
      padding: 2px 0.5em;
      
  at warn (/Users/andrejkoval/Dev/vivadzen/src/front/node_modules/@intlify/shared/dist/shared.mjs)
  at useI18n (/Users/andrejkoval/Dev/vivadzen/src/front/node_modules/vue-i18n/dist/vue-i18n.mjs)
  at setup (/Users/andrejkoval/Dev/vivadzen/src/front/node_modules/vue-i18n/dist/vue-i18n.mjs)
 @ http://0.0.0.0:3001/_nuxt/@fs/Users/andrejkoval/Dev/vivadzen/src/front/node_modules/consola/dist/browser.mjs?v=7b60de0d:47
[    1288ms] [WARNING] %cssr:warn%c [intlify] Not found parent scope. use the global scope. 
      background: #f39c12;
      border-radius: 0.5em;
      color: white;
      font-weight: bold;
      padding: 2px 0.5em;
      
  at timeLogImpl (node:internal/console/constructor)
  at node:internal/console/constructor
  at timeLogImpl (node:internal/util/debuglog)
 @ http://0.0.0.0:3001/_nuxt/@fs/Users/andrejkoval/Dev/vivadzen/src/front/node_modules/consola/dist/browser.mjs?v=7b60de0d:47
[    1288ms] [LOG] %cssr%c %s: %s 
      background: #7f8c8d;
      border-radius: 0.5em;
      color: white;
      font-weight: bold;
      padding: 2px 0.5em;
      [nuxt-app] app:rendered 0.277ms 
  at timeLogImpl (node:internal/console/constructor)
  at node:internal/console/constructor
  at timeLogImpl (node:internal/util/debuglog)
 @ http://0.0.0.0:3001/_nuxt/@fs/Users/andrejkoval/Dev/vivadzen/src/front/node_modules/consola/dist/browser.mjs?v=7b60de0d:47
[    1288ms] [LOG] %cssr%c %s: %s 
      background: #7f8c8d;
      border-radius: 0.5em;
      color: white;
      font-weight: bold;
      padding: 2px 0.5em;
      [nuxt-app] schema-org:meta 0.004ms 
  at timeLogImpl (node:internal/console/constructor)
  at node:internal/console/constructor
  at timeLogImpl (node:internal/util/debuglog)
 @ http://0.0.0.0:3001/_nuxt/@fs/Users/andrejkoval/Dev/vivadzen/src/front/node_modules/consola/dist/browser.mjs?v=7b60de0d:47
[    1288ms] [LOG] [nuxt-app] dev:ssr-logs: 1.968017578125 ms [Array(67)] @ http://0.0.0.0:3001/_nuxt/@fs/Users/andrejkoval/Dev/vivadzen/src/front/node_modules/hookable/dist/index.mjs?v=7b60de0d:271
[    1290ms] [LOG] [nuxt-app] page:loading:start: 0.0380859375 ms [] @ http://0.0.0.0:3001/_nuxt/@fs/Users/andrejkoval/Dev/vivadzen/src/front/node_modules/hookable/dist/index.mjs?v=7b60de0d:271
[    1304ms] [WARNING] Timer '[nuxt-app] i18n:beforeLocaleSwitch' already exists @ http://0.0.0.0:3001/_nuxt/@fs/Users/andrejkoval/Dev/vivadzen/src/front/node_modules/hookable/dist/index.mjs?v=7b60de0d:261
[    1304ms] [LOG] [nuxt-app] i18n:beforeLocaleSwitch: 21.044921875 ms [Object] @ http://0.0.0.0:3001/_nuxt/@fs/Users/andrejkoval/Dev/vivadzen/src/front/node_modules/hookable/dist/index.mjs?v=7b60de0d:271
[    1305ms] [LOG] [nuxt-app] app:created: 15.16796875 ms [Object] @ http://0.0.0.0:3001/_nuxt/@fs/Users/andrejkoval/Dev/vivadzen/src/front/node_modules/hookable/dist/index.mjs?v=7b60de0d:271
[    1305ms] [LOG] [nuxt-app] app:beforeMount: 0.017822265625 ms [Object] @ http://0.0.0.0:3001/_nuxt/@fs/Users/andrejkoval/Dev/vivadzen/src/front/node_modules/hookable/dist/index.mjs?v=7b60de0d:271
[    1305ms] [LOG] [nuxt-app] vue:setup: 0.047119140625 ms [] @ http://0.0.0.0:3001/_nuxt/@fs/Users/andrejkoval/Dev/vivadzen/src/front/node_modules/hookable/dist/index.mjs?v=7b60de0d:271
[    1306ms] [INFO] <Suspense> is an experimental feature and its API will likely change. @ http://0.0.0.0:3001/_nuxt/@fs/Users/andrejkoval/Dev/vivadzen/src/front/node_modules/@vue/runtime-core/dist/runtime-core.esm-bundler.js?v=7b60de0d:7155
[    1306ms] [LOG] [nuxt-app] app:mounted: 0.06298828125 ms [Object] @ http://0.0.0.0:3001/_nuxt/@fs/Users/andrejkoval/Dev/vivadzen/src/front/node_modules/hookable/dist/index.mjs?v=7b60de0d:271
[    1307ms] [LOG] [Content] WS connect to ws://localhost:4000/ws @ http://0.0.0.0:3001/_nuxt/@fs/Users/andrejkoval/Dev/vivadzen/src/front/node_modules/@nuxt/content/dist/runtime/composables/web-socket.js?v=7b60de0d:4
[    1338ms] [LOG] [Content] WS connected! @ http://0.0.0.0:3001/_nuxt/@fs/Users/andrejkoval/Dev/vivadzen/src/front/node_modules/@nuxt/content/dist/runtime/composables/web-socket.js?v=7b60de0d:4
[    1344ms] [WARNING] [intlify] Not found 'title.catalog' key in 'en' locale messages. @ http://0.0.0.0:3001/_nuxt/node_modules/.cache/vite/client/deps/chunk-LY4OWT6B.js?v=7b60de0d:3
[    1344ms] [WARNING] [intlify] Fall back to translate 'title.catalog' key with 'cs' locale. @ http://0.0.0.0:3001/_nuxt/node_modules/.cache/vite/client/deps/chunk-LY4OWT6B.js?v=7b60de0d:3
[    1344ms] [WARNING] [intlify] Not found 'title.catalog' key in 'cs' locale messages. @ http://0.0.0.0:3001/_nuxt/node_modules/.cache/vite/client/deps/chunk-LY4OWT6B.js?v=7b60de0d:3
[    1344ms] [WARNING] [intlify] Fall back to translate 'title.catalog' with root locale. @ http://0.0.0.0:3001/_nuxt/node_modules/.cache/vite/client/deps/chunk-LY4OWT6B.js?v=7b60de0d:3
[    1344ms] [WARNING] [intlify] Not found 'title.blog' key in 'en' locale messages. @ http://0.0.0.0:3001/_nuxt/node_modules/.cache/vite/client/deps/chunk-LY4OWT6B.js?v=7b60de0d:3
[    1344ms] [WARNING] [intlify] Fall back to translate 'title.blog' key with 'cs' locale. @ http://0.0.0.0:3001/_nuxt/node_modules/.cache/vite/client/deps/chunk-LY4OWT6B.js?v=7b60de0d:3
[    1344ms] [WARNING] [intlify] Not found 'title.blog' key in 'cs' locale messages. @ http://0.0.0.0:3001/_nuxt/node_modules/.cache/vite/client/deps/chunk-LY4OWT6B.js?v=7b60de0d:3
[    1344ms] [WARNING] [intlify] Fall back to translate 'title.blog' with root locale. @ http://0.0.0.0:3001/_nuxt/node_modules/.cache/vite/client/deps/chunk-LY4OWT6B.js?v=7b60de0d:3
[    1345ms] [WARNING] [intlify] Not found 'title.reviews' key in 'en' locale messages. @ http://0.0.0.0:3001/_nuxt/node_modules/.cache/vite/client/deps/chunk-LY4OWT6B.js?v=7b60de0d:3
[    1345ms] [WARNING] [intlify] Fall back to translate 'title.reviews' key with 'cs' locale. @ http://0.0.0.0:3001/_nuxt/node_modules/.cache/vite/client/deps/chunk-LY4OWT6B.js?v=7b60de0d:3
[    1345ms] [WARNING] [intlify] Not found 'title.reviews' key in 'cs' locale messages. @ http://0.0.0.0:3001/_nuxt/node_modules/.cache/vite/client/deps/chunk-LY4OWT6B.js?v=7b60de0d:3
[    1345ms] [WARNING] [intlify] Fall back to translate 'title.reviews' with root locale. @ http://0.0.0.0:3001/_nuxt/node_modules/.cache/vite/client/deps/chunk-LY4OWT6B.js?v=7b60de0d:3
[    1345ms] [WARNING] [intlify] Not found 'title.about' key in 'en' locale messages. @ http://0.0.0.0:3001/_nuxt/node_modules/.cache/vite/client/deps/chunk-LY4OWT6B.js?v=7b60de0d:3
[    1345ms] [WARNING] [intlify] Fall back to translate 'title.about' key with 'cs' locale. @ http://0.0.0.0:3001/_nuxt/node_modules/.cache/vite/client/deps/chunk-LY4OWT6B.js?v=7b60de0d:3
[    1345ms] [WARNING] [intlify] Not found 'title.about' key in 'cs' locale messages. @ http://0.0.0.0:3001/_nuxt/node_modules/.cache/vite/client/deps/chunk-LY4OWT6B.js?v=7b60de0d:3
[    1345ms] [WARNING] [intlify] Fall back to translate 'title.about' with root locale. @ http://0.0.0.0:3001/_nuxt/node_modules/.cache/vite/client/deps/chunk-LY4OWT6B.js?v=7b60de0d:3
[    1345ms] [WARNING] [intlify] Not found 'title.contacts' key in 'en' locale messages. @ http://0.0.0.0:3001/_nuxt/node_modules/.cache/vite/client/deps/chunk-LY4OWT6B.js?v=7b60de0d:3
[    1345ms] [WARNING] [intlify] Fall back to translate 'title.contacts' key with 'cs' locale. @ http://0.0.0.0:3001/_nuxt/node_modules/.cache/vite/client/deps/chunk-LY4OWT6B.js?v=7b60de0d:3
[    1345ms] [WARNING] [intlify] Not found 'title.contacts' key in 'cs' locale messages. @ http://0.0.0.0:3001/_nuxt/node_modules/.cache/vite/client/deps/chunk-LY4OWT6B.js?v=7b60de0d:3
[    1345ms] [WARNING] [intlify] Fall back to translate 'title.contacts' with root locale. @ http://0.0.0.0:3001/_nuxt/node_modules/.cache/vite/client/deps/chunk-LY4OWT6B.js?v=7b60de0d:3
[    1346ms] [WARNING] [intlify] Not found 'logo_alt' key in 'en' locale messages. @ http://0.0.0.0:3001/_nuxt/node_modules/.cache/vite/client/deps/chunk-LY4OWT6B.js?v=7b60de0d:3
[    1346ms] [WARNING] [intlify] Fall back to translate 'logo_alt' key with 'cs' locale. @ http://0.0.0.0:3001/_nuxt/node_modules/.cache/vite/client/deps/chunk-LY4OWT6B.js?v=7b60de0d:3
[    1346ms] [WARNING] [intlify] Not found 'logo_alt' key in 'cs' locale messages. @ http://0.0.0.0:3001/_nuxt/node_modules/.cache/vite/client/deps/chunk-LY4OWT6B.js?v=7b60de0d:3
[    1346ms] [WARNING] [intlify] Fall back to translate 'logo_alt' with root locale. @ http://0.0.0.0:3001/_nuxt/node_modules/.cache/vite/client/deps/chunk-LY4OWT6B.js?v=7b60de0d:3
[    1346ms] [WARNING] [intlify] Not found 'logo_alt' key in 'en' locale messages. @ http://0.0.0.0:3001/_nuxt/node_modules/.cache/vite/client/deps/chunk-LY4OWT6B.js?v=7b60de0d:3
[    1346ms] [WARNING] [intlify] Fall back to translate 'logo_alt' key with 'cs' locale. @ http://0.0.0.0:3001/_nuxt/node_modules/.cache/vite/client/deps/chunk-LY4OWT6B.js?v=7b60de0d:3
[    1346ms] [WARNING] [intlify] Not found 'logo_alt' key in 'cs' locale messages. @ http://0.0.0.0:3001/_nuxt/node_modules/.cache/vite/client/deps/chunk-LY4OWT6B.js?v=7b60de0d:3
[    1346ms] [WARNING] [intlify] Not found 'title.cart' key in 'en' locale messages. @ http://0.0.0.0:3001/_nuxt/node_modules/.cache/vite/client/deps/chunk-LY4OWT6B.js?v=7b60de0d:3
[    1347ms] [WARNING] [intlify] Fall back to translate 'title.cart' key with 'cs' locale. @ http://0.0.0.0:3001/_nuxt/node_modules/.cache/vite/client/deps/chunk-LY4OWT6B.js?v=7b60de0d:3
[    1347ms] [WARNING] [intlify] Not found 'title.cart' key in 'cs' locale messages. @ http://0.0.0.0:3001/_nuxt/node_modules/.cache/vite/client/deps/chunk-LY4OWT6B.js?v=7b60de0d:3
[    1347ms] [WARNING] [intlify] Fall back to translate 'title.cart' with root locale. @ http://0.0.0.0:3001/_nuxt/node_modules/.cache/vite/client/deps/chunk-LY4OWT6B.js?v=7b60de0d:3
[    1349ms] [WARNING] [Vue warn]: Hydration style mismatch on JSHandle@node 
  - rendered on server: style="width:1em;height:1em;--c613ce94-iconUrl:url('https://api.iconify.design/iconoir/nav-arrow-down.svg');"
  - expected on client: style="width:1em;height:1em;"
  Note: this mismatch is check-only. The DOM will not be rectified in production due to performance overhead.
  You should fix the source of the mismatch. 
  at <IconCSS name="iconoir:nav-arrow-down" class="lang-switcher__chevron" > 
  at <Header> 
  at <Body style= {background: #f8f1e6} > 
  at <Html lang="en-US" dir="ltr" > 
  at <Default ref=Ref< undefined > > 
  at <AsyncComponentWrapper ref=Ref< undefined > > 
  at <LayoutLoader key="default" layoutProps= {ref: RefImpl} name="default" > 
  at <NuxtLayoutProvider layoutProps= {ref: RefImpl} key="default" name="default"  ... > 
  at <NuxtLayout> 
  at <App key=4 > 
  at <NuxtRoot> @ http://0.0.0.0:3001/_nuxt/@fs/Users/andrejkoval/Dev/vivadzen/src/front/node_modules/@vue/runtime-core/dist/runtime-core.esm-bundler.js?v=7b60de0d:49
[    1349ms] [ERROR] Hydration completed but contains mismatches. @ http://0.0.0.0:3001/_nuxt/@fs/Users/andrejkoval/Dev/vivadzen/src/front/node_modules/@vue/runtime-core/dist/runtime-core.esm-bundler.js?v=7b60de0d:1847
[    1349ms] [WARNING] [Vue warn]: Hydration style mismatch on JSHandle@node 
  - rendered on server: style="width:1em;height:1em;--c613ce94-iconUrl:url('https://api.iconify.design/ci/shopping-cart-01.svg');"
  - expected on client: style="width:1em;height:1em;"
  Note: this mismatch is check-only. The DOM will not be rectified in production due to performance overhead.
  You should fix the source of the mismatch. 
  at <IconCSS name="ci:shopping-cart-01" class="hero-header__cart-icon" > 
  at <Header> 
  at <Body style= {background: #f8f1e6} > 
  at <Html lang="en-US" dir="ltr" > 
  at <Default ref=Ref< undefined > > 
  at <AsyncComponentWrapper ref=Ref< undefined > > 
  at <LayoutLoader key="default" layoutProps= {ref: RefImpl} name="default" > 
  at <NuxtLayoutProvider layoutProps= {ref: RefImpl} key="default" name="default"  ... > 
  at <NuxtLayout> 
  at <App key=4 > 
  at <NuxtRoot> @ http://0.0.0.0:3001/_nuxt/@fs/Users/andrejkoval/Dev/vivadzen/src/front/node_modules/@vue/runtime-core/dist/runtime-core.esm-bundler.js?v=7b60de0d:49
[    1350ms] [WARNING] [Vue warn]: Hydration style mismatch on JSHandle@node 
  - rendered on server: style="width:1em;height:1em;--c613ce94-iconUrl:url('https://api.iconify.design/mynaui/telephone-call.svg');"
  - expected on client: style="width:1em;height:1em;"
  Note: this mismatch is check-only. The DOM will not be rectified in production due to performance overhead.
  You should fix the source of the mismatch. 
  at <IconCSS name="mynaui:telephone-call" class="hero-mobile-menu__contact-icon" > 
  at <Header> 
  at <Body style= {background: #f8f1e6} > 
  at <Html lang="en-US" dir="ltr" > 
  at <Default ref=Ref< undefined > > 
  at <AsyncComponentWrapper ref=Ref< undefined > > 
  at <LayoutLoader key="default" layoutProps= {ref: RefImpl} name="default" > 
  at <NuxtLayoutProvider layoutProps= {ref: RefImpl} key="default" name="default"  ... > 
  at <NuxtLayout> 
  at <App key=4 > 
  at <NuxtRoot> @ http://0.0.0.0:3001/_nuxt/@fs/Users/andrejkoval/Dev/vivadzen/src/front/node_modules/@vue/runtime-core/dist/runtime-core.esm-bundler.js?v=7b60de0d:49
[    1350ms] [WARNING] [Vue warn]: Hydration style mismatch on JSHandle@node 
  - rendered on server: style="width:1em;height:1em;--c613ce94-iconUrl:url('https://api.iconify.design/ic/round-alternate-email.svg');"
  - expected on client: style="width:1em;height:1em;"
  Note: this mismatch is check-only. The DOM will not be rectified in production due to performance overhead.
  You should fix the source of the mismatch. 
  at <IconCSS name="ic:round-alternate-email" class="hero-mobile-menu__contact-icon" > 
  at <Header> 
  at <Body style= {background: #f8f1e6} > 
  at <Html lang="en-US" dir="ltr" > 
  at <Default ref=Ref< undefined > > 
  at <AsyncComponentWrapper ref=Ref< undefined > > 
  at <LayoutLoader key="default" layoutProps= {ref: RefImpl} name="default" > 
  at <NuxtLayoutProvider layoutProps= {ref: RefImpl} key="default" name="default"  ... > 
  at <NuxtLayout> 
  at <App key=4 > 
  at <NuxtRoot> @ http://0.0.0.0:3001/_nuxt/@fs/Users/andrejkoval/Dev/vivadzen/src/front/node_modules/@vue/runtime-core/dist/runtime-core.esm-bundler.js?v=7b60de0d:49
[    1350ms] [WARNING] [Vue warn]: Hydration style mismatch on JSHandle@node 
  - rendered on server: style="width:1em;height:1em;--c613ce94-iconUrl:url('https://api.iconify.design/mynaui/location.svg');"
  - expected on client: style="width:1em;height:1em;"
  Note: this mismatch is check-only. The DOM will not be rectified in production due to performance overhead.
  You should fix the source of the mismatch. 
  at <IconCSS name="mynaui:location" class="hero-mobile-menu__contact-icon" > 
  at <Header> 
  at <Body style= {background: #f8f1e6} > 
  at <Html lang="en-US" dir="ltr" > 
  at <Default ref=Ref< undefined > > 
  at <AsyncComponentWrapper ref=Ref< undefined > > 
  at <LayoutLoader key="default" layoutProps= {ref: RefImpl} name="default" > 
  at <NuxtLayoutProvider layoutProps= {ref: RefImpl} key="default" name="default"  ... > 
  at <NuxtLayout> 
  at <App key=4 > 
  at <NuxtRoot> @ http://0.0.0.0:3001/_nuxt/@fs/Users/andrejkoval/Dev/vivadzen/src/front/node_modules/@vue/runtime-core/dist/runtime-core.esm-bundler.js?v=7b60de0d:49
[    1351ms] [WARNING] [Vue warn]: Hydration style mismatch on JSHandle@node 
  - rendered on server: style="width:1em;height:1em;--c613ce94-iconUrl:url('https://api.iconify.design/mynaui/clock-4.svg');"
  - expected on client: style="width:1em;height:1em;"
  Note: this mismatch is check-only. The DOM will not be rectified in production due to performance overhead.
  You should fix the source of the mismatch. 
  at <IconCSS name="mynaui:clock-4" class="hero-mobile-menu__contact-icon" > 
  at <Header> 
  at <Body style= {background: #f8f1e6} > 
  at <Html lang="en-US" dir="ltr" > 
  at <Default ref=Ref< undefined > > 
  at <AsyncComponentWrapper ref=Ref< undefined > > 
  at <LayoutLoader key="default" layoutProps= {ref: RefImpl} name="default" > 
  at <NuxtLayoutProvider layoutProps= {ref: RefImpl} key="default" name="default"  ... > 
  at <NuxtLayout> 
  at <App key=4 > 
  at <NuxtRoot> @ http://0.0.0.0:3001/_nuxt/@fs/Users/andrejkoval/Dev/vivadzen/src/front/node_modules/@vue/runtime-core/dist/runtime-core.esm-bundler.js?v=7b60de0d:49
[    1353ms] [WARNING] [Vue warn]: Hydration style mismatch on JSHandle@node 
  - rendered on server: style="width:24px;height:24px;--c613ce94-iconUrl:url('https://api.iconify.design/emojione/flag-for-ukraine.svg');"
  - expected on client: style="width:24px;height:24px;"
  Note: this mismatch is check-only. The DOM will not be rectified in production due to performance overhead.
  You should fix the source of the mismatch. 
  at <IconCSS name="emojione:flag-for-ukraine" size="24" > 
  at <RegionSwitcher class="site-footer__region-switcher" > 
  at <SiteFooter> 
  at <Body style= {background: #f8f1e6} > 
  at <Html lang="en-US" dir="ltr" > 
  at <Default ref=Ref< undefined > > 
  at <AsyncComponentWrapper ref=Ref< undefined > > 
  at <LayoutLoader key="default" layoutProps= {ref: RefImpl} name="default" > 
  at <NuxtLayoutProvider layoutProps= {ref: RefImpl} key="default" name="default"  ... > 
  at <NuxtLayout> 
  at <App key=4 > 
  at <NuxtRoot> @ http://0.0.0.0:3001/_nuxt/@fs/Users/andrejkoval/Dev/vivadzen/src/front/node_modules/@vue/runtime-core/dist/runtime-core.esm-bundler.js?v=7b60de0d:49
[    1353ms] [WARNING] [Vue warn]: Hydration style mismatch on JSHandle@node 
  - rendered on server: style="width:18px;height:18px;--c613ce94-iconUrl:url('https://api.iconify.design/ph/arrow-up-right.svg');"
  - expected on client: style="width:18px;height:18px;"
  Note: this mismatch is check-only. The DOM will not be rectified in production due to performance overhead.
  You should fix the source of the mismatch. 
  at <IconCSS name="ph:arrow-up-right" size="18" class="kratom-region-switcher__arrow" > 
  at <RegionSwitcher class="site-footer__region-switcher" > 
  at <SiteFooter> 
  at <Body style= {background: #f8f1e6} > 
  at <Html lang="en-US" dir="ltr" > 
  at <Default ref=Ref< undefined > > 
  at <AsyncComponentWrapper ref=Ref< undefined > > 
  at <LayoutLoader key="default" layoutProps= {ref: RefImpl} name="default" > 
  at <NuxtLayoutProvider layoutProps= {ref: RefImpl} key="default" name="default"  ... > 
  at <NuxtLayout> 
  at <App key=4 > 
  at <NuxtRoot> @ http://0.0.0.0:3001/_nuxt/@fs/Users/andrejkoval/Dev/vivadzen/src/front/node_modules/@vue/runtime-core/dist/runtime-core.esm-bundler.js?v=7b60de0d:49
[    1353ms] [WARNING] [Vue warn]: Hydration style mismatch on JSHandle@node 
  - rendered on server: style="width:24px;height:24px;--c613ce94-iconUrl:url('https://api.iconify.design/emojione/flag-for-spain.svg');"
  - expected on client: style="width:24px;height:24px;"
  Note: this mismatch is check-only. The DOM will not be rectified in production due to performance overhead.
  You should fix the source of the mismatch. 
  at <IconCSS name="emojione:flag-for-spain" size="24" > 
  at <RegionSwitcher class="site-footer__region-switcher" > 
  at <SiteFooter> 
  at <Body style= {background: #f8f1e6} > 
  at <Html lang="en-US" dir="ltr" > 
  at <Default ref=Ref< undefined > > 
  at <AsyncComponentWrapper ref=Ref< undefined > > 
  at <LayoutLoader key="default" layoutProps= {ref: RefImpl} name="default" > 
  at <NuxtLayoutProvider layoutProps= {ref: RefImpl} key="default" name="default"  ... > 
  at <NuxtLayout> 
  at <App key=4 > 
  at <NuxtRoot> @ http://0.0.0.0:3001/_nuxt/@fs/Users/andrejkoval/Dev/vivadzen/src/front/node_modules/@vue/runtime-core/dist/runtime-core.esm-bundler.js?v=7b60de0d:49
[    1353ms] [WARNING] [Vue warn]: Hydration style mismatch on JSHandle@node 
  - rendered on server: style="width:18px;height:18px;--c613ce94-iconUrl:url('https://api.iconify.design/ph/arrow-up-right.svg');"
  - expected on client: style="width:18px;height:18px;"
  Note: this mismatch is check-only. The DOM will not be rectified in production due to performance overhead.
  You should fix the source of the mismatch. 
  at <IconCSS name="ph:arrow-up-right" size="18" class="kratom-region-switcher__arrow" > 
  at <RegionSwitcher class="site-footer__region-switcher" > 
  at <SiteFooter> 
  at <Body style= {background: #f8f1e6} > 
  at <Html lang="en-US" dir="ltr" > 
  at <Default ref=Ref< undefined > > 
  at <AsyncComponentWrapper ref=Ref< undefined > > 
  at <LayoutLoader key="default" layoutProps= {ref: RefImpl} name="default" > 
  at <NuxtLayoutProvider layoutProps= {ref: RefImpl} key="default" name="default"  ... > 
  at <NuxtLayout> 
  at <App key=4 > 
  at <NuxtRoot> @ http://0.0.0.0:3001/_nuxt/@fs/Users/andrejkoval/Dev/vivadzen/src/front/node_modules/@vue/runtime-core/dist/runtime-core.esm-bundler.js?v=7b60de0d:49
[    1353ms] [WARNING] [Vue warn]: Hydration style mismatch on JSHandle@node 
  - rendered on server: style="width:24px;height:24px;--c613ce94-iconUrl:url('https://api.iconify.design/emojione/flag-for-germany.svg');"
  - expected on client: style="width:24px;height:24px;"
  Note: this mismatch is check-only. The DOM will not be rectified in production due to performance overhead.
  You should fix the source of the mismatch. 
  at <IconCSS name="emojione:flag-for-germany" size="24" > 
  at <RegionSwitcher class="site-footer__region-switcher" > 
  at <SiteFooter> 
  at <Body style= {background: #f8f1e6} > 
  at <Html lang="en-US" dir="ltr" > 
  at <Default ref=Ref< undefined > > 
  at <AsyncComponentWrapper ref=Ref< undefined > > 
  at <LayoutLoader key="default" layoutProps= {ref: RefImpl} name="default" > 
  at <NuxtLayoutProvider layoutProps= {ref: RefImpl} key="default" name="default"  ... > 
  at <NuxtLayout> 
  at <App key=4 > 
  at <NuxtRoot> @ http://0.0.0.0:3001/_nuxt/@fs/Users/andrejkoval/Dev/vivadzen/src/front/node_modules/@vue/runtime-core/dist/runtime-core.esm-bundler.js?v=7b60de0d:49
[    1354ms] [WARNING] [Vue warn]: Hydration style mismatch on JSHandle@node 
  - rendered on server: style="width:18px;height:18px;--c613ce94-iconUrl:url('https://api.iconify.design/ph/arrow-up-right.svg');"
  - expected on client: style="width:18px;height:18px;"
  Note: this mismatch is check-only. The DOM will not be rectified in production due to performance overhead.
  You should fix the source of the mismatch. 
  at <IconCSS name="ph:arrow-up-right" size="18" class="kratom-region-switcher__arrow" > 
  at <RegionSwitcher class="site-footer__region-switcher" > 
  at <SiteFooter> 
  at <Body style= {background: #f8f1e6} > 
  at <Html lang="en-US" dir="ltr" > 
  at <Default ref=Ref< undefined > > 
  at <AsyncComponentWrapper ref=Ref< undefined > > 
  at <LayoutLoader key="default" layoutProps= {ref: RefImpl} name="default" > 
  at <NuxtLayoutProvider layoutProps= {ref: RefImpl} key="default" name="default"  ... > 
  at <NuxtLayout> 
  at <App key=4 > 
  at <NuxtRoot> @ http://0.0.0.0:3001/_nuxt/@fs/Users/andrejkoval/Dev/vivadzen/src/front/node_modules/@vue/runtime-core/dist/runtime-core.esm-bundler.js?v=7b60de0d:49
[    1354ms] [WARNING] [Vue warn]: Hydration style mismatch on JSHandle@node 
  - rendered on server: style="width:24px;height:24px;--c613ce94-iconUrl:url('https://api.iconify.design/emojione/flag-for-czechia.svg');"
  - expected on client: style="width:24px;height:24px;"
  Note: this mismatch is check-only. The DOM will not be rectified in production due to performance overhead.
  You should fix the source of the mismatch. 
  at <IconCSS name="emojione:flag-for-czechia" size="24" > 
  at <RegionSwitcher class="site-footer__region-switcher" > 
  at <SiteFooter> 
  at <Body style= {background: #f8f1e6} > 
  at <Html lang="en-US" dir="ltr" > 
  at <Default ref=Ref< undefined > > 
  at <AsyncComponentWrapper ref=Ref< undefined > > 
  at <LayoutLoader key="default" layoutProps= {ref: RefImpl} name="default" > 
  at <NuxtLayoutProvider layoutProps= {ref: RefImpl} key="default" name="default"  ... > 
  at <NuxtLayout> 
  at <App key=4 > 
  at <NuxtRoot> @ http://0.0.0.0:3001/_nuxt/@fs/Users/andrejkoval/Dev/vivadzen/src/front/node_modules/@vue/runtime-core/dist/runtime-core.esm-bundler.js?v=7b60de0d:49
[    1354ms] [WARNING] [Vue warn]: Hydration style mismatch on JSHandle@node 
  - rendered on server: style="width:18px;height:18px;--c613ce94-iconUrl:url('https://api.iconify.design/ph/arrow-up-right.svg');"
  - expected on client: style="width:18px;height:18px;"
  Note: this mismatch is check-only. The DOM will not be rectified in production due to performance overhead.
  You should fix the source of the mismatch. 
  at <IconCSS name="ph:arrow-up-right" size="18" class="kratom-region-switcher__arrow" > 
  at <RegionSwitcher class="site-footer__region-switcher" > 
  at <SiteFooter> 
  at <Body style= {background: #f8f1e6} > 
  at <Html lang="en-US" dir="ltr" > 
  at <Default ref=Ref< undefined > > 
  at <AsyncComponentWrapper ref=Ref< undefined > > 
  at <LayoutLoader key="default" layoutProps= {ref: RefImpl} name="default" > 
  at <NuxtLayoutProvider layoutProps= {ref: RefImpl} key="default" name="default"  ... > 
  at <NuxtLayout> 
  at <App key=4 > 
  at <NuxtRoot> @ http://0.0.0.0:3001/_nuxt/@fs/Users/andrejkoval/Dev/vivadzen/src/front/node_modules/@vue/runtime-core/dist/runtime-core.esm-bundler.js?v=7b60de0d:49
[    1355ms] [WARNING] [Vue warn]: Hydration style mismatch on JSHandle@node 
  - rendered on server: style="width:1em;height:1em;--c613ce94-iconUrl:url('https://api.iconify.design/ph/telegram-logo.svg');"
  - expected on client: style="width:1em;height:1em;"
  Note: this mismatch is check-only. The DOM will not be rectified in production due to performance overhead.
  You should fix the source of the mismatch. 
  at <IconCSS name="ph:telegram-logo" > 
  at <SiteFooter> 
  at <Body style= {background: #f8f1e6} > 
  at <Html lang="en-US" dir="ltr" > 
  at <Default ref=Ref< undefined > > 
  at <AsyncComponentWrapper ref=Ref< undefined > > 
  at <LayoutLoader key="default" layoutProps= {ref: RefImpl} name="default" > 
  at <NuxtLayoutProvider layoutProps= {ref: RefImpl} key="default" name="default"  ... > 
  at <NuxtLayout> 
  at <App key=4 > 
  at <NuxtRoot> @ http://0.0.0.0:3001/_nuxt/@fs/Users/andrejkoval/Dev/vivadzen/src/front/node_modules/@vue/runtime-core/dist/runtime-core.esm-bundler.js?v=7b60de0d:49
[    1355ms] [WARNING] [Vue warn]: Hydration style mismatch on JSHandle@node 
  - rendered on server: style="width:1em;height:1em;--c613ce94-iconUrl:url('https://api.iconify.design/ph/whatsapp-logo.svg');"
  - expected on client: style="width:1em;height:1em;"
  Note: this mismatch is check-only. The DOM will not be rectified in production due to performance overhead.
  You should fix the source of the mismatch. 
  at <IconCSS name="ph:whatsapp-logo" > 
  at <SiteFooter> 
  at <Body style= {background: #f8f1e6} > 
  at <Html lang="en-US" dir="ltr" > 
  at <Default ref=Ref< undefined > > 
  at <AsyncComponentWrapper ref=Ref< undefined > > 
  at <LayoutLoader key="default" layoutProps= {ref: RefImpl} name="default" > 
  at <NuxtLayoutProvider layoutProps= {ref: RefImpl} key="default" name="default"  ... > 
  at <NuxtLayout> 
  at <App key=4 > 
  at <NuxtRoot> @ http://0.0.0.0:3001/_nuxt/@fs/Users/andrejkoval/Dev/vivadzen/src/front/node_modules/@vue/runtime-core/dist/runtime-core.esm-bundler.js?v=7b60de0d:49
[    1356ms] [WARNING] [Vue warn]: Hydration style mismatch on JSHandle@node 
  - rendered on server: style="width:1em;height:1em;--c613ce94-iconUrl:url('https://api.iconify.design/iconoir/instagram.svg');"
  - expected on client: style="width:1em;height:1em;"
  Note: this mismatch is check-only. The DOM will not be rectified in production due to performance overhead.
  You should fix the source of the mismatch. 
  at <IconCSS name="iconoir:instagram" > 
  at <SiteFooter> 
  at <Body style= {background: #f8f1e6} > 
  at <Html lang="en-US" dir="ltr" > 
  at <Default ref=Ref< undefined > > 
  at <AsyncComponentWrapper ref=Ref< undefined > > 
  at <LayoutLoader key="default" layoutProps= {ref: RefImpl} name="default" > 
  at <NuxtLayoutProvider layoutProps= {ref: RefImpl} key="default" name="default"  ... > 
  at <NuxtLayout> 
  at <App key=4 > 
  at <NuxtRoot> @ http://0.0.0.0:3001/_nuxt/@fs/Users/andrejkoval/Dev/vivadzen/src/front/node_modules/@vue/runtime-core/dist/runtime-core.esm-bundler.js?v=7b60de0d:49
[    1358ms] [WARNING] [intlify] Not found parent scope. use the global scope. @ http://0.0.0.0:3001/_nuxt/node_modules/.cache/vite/client/deps/chunk-LY4OWT6B.js?v=7b60de0d:3
[    1358ms] [WARNING] [Vue warn]: Hydration style mismatch on JSHandle@node 
  - rendered on server: style="width:1em;height:1em;--c613ce94-iconUrl:url('https://api.iconify.design/ci/shopping-cart-01.svg');"
  - expected on client: style="width:1em;height:1em;"
  Note: this mismatch is check-only. The DOM will not be rectified in production due to performance overhead.
  You should fix the source of the mismatch. 
  at <IconCSS name="ci:shopping-cart-01" class="kratom-product-card__action-icon" > 
  at <ProductCard key=391 product= {id: 391, name: Green Rurut Nano kratom powder - 25g, slug: zeleny-rurut-nano-kratom-prasek-25g, price: 140.00, oldPrice: null} > 
  at <Index onVnodeUnmounted=fn<onVnodeUnmounted> ref=Ref< undefined > > 
  at <RouteProvider key="/en/catalog" vnode= {__v_isVNode: true, __v_skip: true, type: Object, props: Object, key: null} route= {fullPath: /en/catalog, hash: , query: Object, name: catalog___en, path: /en/catalog}  ... > 
  at <RouterView name=undefined route=undefined > 
  at <NuxtPage> 
  at <Body style= {background: #f8f1e6} > 
  at <Html lang="en-US" dir="ltr" > 
  at <Default ref=Ref< undefined > > 
  at <AsyncComponentWrapper ref=Ref< undefined > > 
  at <LayoutLoader key="default" layoutProps= {ref: RefImpl} name="default" > 
  at <NuxtLayoutProvider layoutProps= {ref: RefImpl} key="default" name="default"  ... > 
  at <NuxtLayout> 
  at <App key=4 > 
  at <NuxtRoot> @ http://0.0.0.0:3001/_nuxt/@fs/Users/andrejkoval/Dev/vivadzen/src/front/node_modules/@vue/runtime-core/dist/runtime-core.esm-bundler.js?v=7b60de0d:49
[    1359ms] [WARNING] [intlify] Not found parent scope. use the global scope. @ http://0.0.0.0:3001/_nuxt/node_modules/.cache/vite/client/deps/chunk-LY4OWT6B.js?v=7b60de0d:3
[    1359ms] [WARNING] [Vue warn]: Hydration style mismatch on JSHandle@node 
  - rendered on server: style="width:1em;height:1em;--c613ce94-iconUrl:url('https://api.iconify.design/ci/shopping-cart-01.svg');"
  - expected on client: style="width:1em;height:1em;"
  Note: this mismatch is check-only. The DOM will not be rectified in production due to performance overhead.
  You should fix the source of the mismatch. 
  at <IconCSS name="ci:shopping-cart-01" class="kratom-product-card__action-icon" > 
  at <ProductCard key=336 product= {id: 336, name: White Maeng Da Kratom powder, slug: bila-maeng-da-kratom-prasek-25g, price: 130.00, oldPrice: null} > 
  at <Index onVnodeUnmounted=fn<onVnodeUnmounted> ref=Ref< undefined > > 
  at <RouteProvider key="/en/catalog" vnode= {__v_isVNode: true, __v_skip: true, type: Object, props: Object, key: null} route= {fullPath: /en/catalog, hash: , query: Object, name: catalog___en, path: /en/catalog}  ... > 
  at <RouterView name=undefined route=undefined > 
  at <NuxtPage> 
  at <Body style= {background: #f8f1e6} > 
  at <Html lang="en-US" dir="ltr" > 
  at <Default ref=Ref< undefined > > 
  at <AsyncComponentWrapper ref=Ref< undefined > > 
  at <LayoutLoader key="default" layoutProps= {ref: RefImpl} name="default" > 
  at <NuxtLayoutProvider layoutProps= {ref: RefImpl} key="default" name="default"  ... > 
  at <NuxtLayout> 
  at <App key=4 > 
  at <NuxtRoot> @ http://0.0.0.0:3001/_nuxt/@fs/Users/andrejkoval/Dev/vivadzen/src/front/node_modules/@vue/runtime-core/dist/runtime-core.esm-bundler.js?v=7b60de0d:49
[    1360ms] [WARNING] [intlify] Not found parent scope. use the global scope. @ http://0.0.0.0:3001/_nuxt/node_modules/.cache/vite/client/deps/chunk-LY4OWT6B.js?v=7b60de0d:3
[    1360ms] [WARNING] [Vue warn]: Hydration style mismatch on JSHandle@node 
  - rendered on server: style="width:1em;height:1em;--c613ce94-iconUrl:url('https://api.iconify.design/ci/shopping-cart-01.svg');"
  - expected on client: style="width:1em;height:1em;"
  Note: this mismatch is check-only. The DOM will not be rectified in production due to performance overhead.
  You should fix the source of the mismatch. 
  at <IconCSS name="ci:shopping-cart-01" class="kratom-product-card__action-icon" > 
  at <ProductCard key=334 product= {id: 334, name: White Elephant Kratom powder, slug: bily-slon-kratom-prasek-25g, price: 140.00, oldPrice: null} > 
  at <Index onVnodeUnmounted=fn<onVnodeUnmounted> ref=Ref< undefined > > 
  at <RouteProvider key="/en/catalog" vnode= {__v_isVNode: true, __v_skip: true, type: Object, props: Object, key: null} route= {fullPath: /en/catalog, hash: , query: Object, name: catalog___en, path: /en/catalog}  ... > 
  at <RouterView name=undefined route=undefined > 
  at <NuxtPage> 
  at <Body style= {background: #f8f1e6} > 
  at <Html lang="en-US" dir="ltr" > 
  at <Default ref=Ref< undefined > > 
  at <AsyncComponentWrapper ref=Ref< undefined > > 
  at <LayoutLoader key="default" layoutProps= {ref: RefImpl} name="default" > 
  at <NuxtLayoutProvider layoutProps= {ref: RefImpl} key="default" name="default"  ... > 
  at <NuxtLayout> 
  at <App key=4 > 
  at <NuxtRoot> @ http://0.0.0.0:3001/_nuxt/@fs/Users/andrejkoval/Dev/vivadzen/src/front/node_modules/@vue/runtime-core/dist/runtime-core.esm-bundler.js?v=7b60de0d:49
[    1360ms] [WARNING] [intlify] Not found parent scope. use the global scope. @ http://0.0.0.0:3001/_nuxt/node_modules/.cache/vite/client/deps/chunk-LY4OWT6B.js?v=7b60de0d:3
[    1360ms] [WARNING] [Vue warn]: Hydration style mismatch on JSHandle@node 
  - rendered on server: style="width:1em;height:1em;--c613ce94-iconUrl:url('https://api.iconify.design/ci/shopping-cart-01.svg');"
  - expected on client: style="width:1em;height:1em;"
  Note: this mismatch is check-only. The DOM will not be rectified in production due to performance overhead.
  You should fix the source of the mismatch. 
  at <IconCSS name="ci:shopping-cart-01" class="kratom-product-card__action-icon" > 
  at <ProductCard key=333 product= {id: 333, name: Green Thai Kratom powder, slug: zeleny-thajsky-kratom-prasek-25g, price: 130.00, oldPrice: null} > 
  at <Index onVnodeUnmounted=fn<onVnodeUnmounted> ref=Ref< undefined > > 
  at <RouteProvider key="/en/catalog" vnode= {__v_isVNode: true, __v_skip: true, type: Object, props: Object, key: null} route= {fullPath: /en/catalog, hash: , query: Object, name: catalog___en, path: /en/catalog}  ... > 
  at <RouterView name=undefined route=undefined > 
  at <NuxtPage> 
  at <Body style= {background: #f8f1e6} > 
  at <Html lang="en-US" dir="ltr" > 
  at <Default ref=Ref< undefined > > 
  at <AsyncComponentWrapper ref=Ref< undefined > > 
  at <LayoutLoader key="default" layoutProps= {ref: RefImpl} name="default" > 
  at <NuxtLayoutProvider layoutProps= {ref: RefImpl} key="default" name="default"  ... > 
  at <NuxtLayout> 
  at <App key=4 > 
  at <NuxtRoot> @ http://0.0.0.0:3001/_nuxt/@fs/Users/andrejkoval/Dev/vivadzen/src/front/node_modules/@vue/runtime-core/dist/runtime-core.esm-bundler.js?v=7b60de0d:49
[    1361ms] [WARNING] [intlify] Not found parent scope. use the global scope. @ http://0.0.0.0:3001/_nuxt/node_modules/.cache/vite/client/deps/chunk-LY4OWT6B.js?v=7b60de0d:3
[    1361ms] [WARNING] [Vue warn]: Hydration style mismatch on JSHandle@node 
  - rendered on server: style="width:1em;height:1em;--c613ce94-iconUrl:url('https://api.iconify.design/ci/shopping-cart-01.svg');"
  - expected on client: style="width:1em;height:1em;"
  Note: this mismatch is check-only. The DOM will not be rectified in production due to performance overhead.
  You should fix the source of the mismatch. 
  at <IconCSS name="ci:shopping-cart-01" class="kratom-product-card__action-icon" > 
  at <ProductCard key=332 product= {id: 332, name: Red Maeng Da Kratom powder, slug: cervena-maeng-da-kratom-prasek-25g, price: 130.00, oldPrice: null} > 
  at <Index onVnodeUnmounted=fn<onVnodeUnmounted> ref=Ref< undefined > > 
  at <RouteProvider key="/en/catalog" vnode= {__v_isVNode: true, __v_skip: true, type: Object, props: Object, key: null} route= {fullPath: /en/catalog, hash: , query: Object, name: catalog___en, path: /en/catalog}  ... > 
  at <RouterView name=undefined route=undefined > 
  at <NuxtPage> 
  at <Body style= {background: #f8f1e6} > 
  at <Html lang="en-US" dir="ltr" > 
  at <Default ref=Ref< undefined > > 
  at <AsyncComponentWrapper ref=Ref< undefined > > 
  at <LayoutLoader key="default" layoutProps= {ref: RefImpl} name="default" > 
  at <NuxtLayoutProvider layoutProps= {ref: RefImpl} key="default" name="default"  ... > 
  at <NuxtLayout> 
  at <App key=4 > 
  at <NuxtRoot> @ http://0.0.0.0:3001/_nuxt/@fs/Users/andrejkoval/Dev/vivadzen/src/front/node_modules/@vue/runtime-core/dist/runtime-core.esm-bundler.js?v=7b60de0d:49
[    1362ms] [WARNING] [intlify] Not found parent scope. use the global scope. @ http://0.0.0.0:3001/_nuxt/node_modules/.cache/vite/client/deps/chunk-LY4OWT6B.js?v=7b60de0d:3
[    1362ms] [WARNING] [Vue warn]: Hydration style mismatch on JSHandle@node 
  - rendered on server: style="width:1em;height:1em;--c613ce94-iconUrl:url('https://api.iconify.design/ci/shopping-cart-01.svg');"
  - expected on client: style="width:1em;height:1em;"
  Note: this mismatch is check-only. The DOM will not be rectified in production due to performance overhead.
  You should fix the source of the mismatch. 
  at <IconCSS name="ci:shopping-cart-01" class="kratom-product-card__action-icon" > 
  at <ProductCard key=331 product= {id: 331, name: Green Maeng Da Kratom powder, slug: zelena-maeng-da-kratom-prasek-25g, price: 130.00, oldPrice: null} > 
  at <Index onVnodeUnmounted=fn<onVnodeUnmounted> ref=Ref< undefined > > 
  at <RouteProvider key="/en/catalog" vnode= {__v_isVNode: true, __v_skip: true, type: Object, props: Object, key: null} route= {fullPath: /en/catalog, hash: , query: Object, name: catalog___en, path: /en/catalog}  ... > 
  at <RouterView name=undefined route=undefined > 
  at <NuxtPage> 
  at <Body style= {background: #f8f1e6} > 
  at <Html lang="en-US" dir="ltr" > 
  at <Default ref=Ref< undefined > > 
  at <AsyncComponentWrapper ref=Ref< undefined > > 
  at <LayoutLoader key="default" layoutProps= {ref: RefImpl} name="default" > 
  at <NuxtLayoutProvider layoutProps= {ref: RefImpl} key="default" name="default"  ... > 
  at <NuxtLayout> 
  at <App key=4 > 
  at <NuxtRoot> @ http://0.0.0.0:3001/_nuxt/@fs/Users/andrejkoval/Dev/vivadzen/src/front/node_modules/@vue/runtime-core/dist/runtime-core.esm-bundler.js?v=7b60de0d:49
[    1363ms] [LOG] [nuxt-app] page:finish: 0.77197265625 ms [Object] @ http://0.0.0.0:3001/_nuxt/@fs/Users/andrejkoval/Dev/vivadzen/src/front/node_modules/hookable/dist/index.mjs?v=7b60de0d:271
[    1363ms] [LOG] [nuxt-app] page:loading:end: 0.134033203125 ms [] @ http://0.0.0.0:3001/_nuxt/@fs/Users/andrejkoval/Dev/vivadzen/src/front/node_modules/hookable/dist/index.mjs?v=7b60de0d:271
[    1372ms] [WARNING] [intlify] Not found 'logo_alt' key in 'en' locale messages. @ http://0.0.0.0:3001/_nuxt/node_modules/.cache/vite/client/deps/chunk-LY4OWT6B.js?v=7b60de0d:3
[    1372ms] [WARNING] [intlify] Fall back to translate 'logo_alt' key with 'cs' locale. @ http://0.0.0.0:3001/_nuxt/node_modules/.cache/vite/client/deps/chunk-LY4OWT6B.js?v=7b60de0d:3
[    1372ms] [WARNING] [intlify] Not found 'logo_alt' key in 'cs' locale messages. @ http://0.0.0.0:3001/_nuxt/node_modules/.cache/vite/client/deps/chunk-LY4OWT6B.js?v=7b60de0d:3
[    1372ms] [WARNING] [intlify] Fall back to translate 'logo_alt' with root locale. @ http://0.0.0.0:3001/_nuxt/node_modules/.cache/vite/client/deps/chunk-LY4OWT6B.js?v=7b60de0d:3
[    1372ms] [WARNING] [intlify] Not found 'logo_alt' key in 'en' locale messages. @ http://0.0.0.0:3001/_nuxt/node_modules/.cache/vite/client/deps/chunk-LY4OWT6B.js?v=7b60de0d:3
[    1372ms] [WARNING] [intlify] Fall back to translate 'logo_alt' key with 'cs' locale. @ http://0.0.0.0:3001/_nuxt/node_modules/.cache/vite/client/deps/chunk-LY4OWT6B.js?v=7b60de0d:3
[    1372ms] [WARNING] [intlify] Not found 'logo_alt' key in 'cs' locale messages. @ http://0.0.0.0:3001/_nuxt/node_modules/.cache/vite/client/deps/chunk-LY4OWT6B.js?v=7b60de0d:3
[    1373ms] [WARNING] [intlify] Not found 'title.cart' key in 'en' locale messages. @ http://0.0.0.0:3001/_nuxt/node_modules/.cache/vite/client/deps/chunk-LY4OWT6B.js?v=7b60de0d:3
[    1373ms] [WARNING] [intlify] Fall back to translate 'title.cart' key with 'cs' locale. @ http://0.0.0.0:3001/_nuxt/node_modules/.cache/vite/client/deps/chunk-LY4OWT6B.js?v=7b60de0d:3
[    1373ms] [WARNING] [intlify] Not found 'title.cart' key in 'cs' locale messages. @ http://0.0.0.0:3001/_nuxt/node_modules/.cache/vite/client/deps/chunk-LY4OWT6B.js?v=7b60de0d:3
[    1373ms] [WARNING] [intlify] Fall back to translate 'title.cart' with root locale. @ http://0.0.0.0:3001/_nuxt/node_modules/.cache/vite/client/deps/chunk-LY4OWT6B.js?v=7b60de0d:3
[    1374ms] [WARNING] [intlify] Not found 'logo_alt' key in 'en' locale messages. @ http://0.0.0.0:3001/_nuxt/node_modules/.cache/vite/client/deps/chunk-LY4OWT6B.js?v=7b60de0d:3
[    1374ms] [WARNING] [intlify] Fall back to translate 'logo_alt' key with 'cs' locale. @ http://0.0.0.0:3001/_nuxt/node_modules/.cache/vite/client/deps/chunk-LY4OWT6B.js?v=7b60de0d:3
[    1374ms] [WARNING] [intlify] Not found 'logo_alt' key in 'cs' locale messages. @ http://0.0.0.0:3001/_nuxt/node_modules/.cache/vite/client/deps/chunk-LY4OWT6B.js?v=7b60de0d:3
[    1374ms] [WARNING] [intlify] Fall back to translate 'logo_alt' with root locale. @ http://0.0.0.0:3001/_nuxt/node_modules/.cache/vite/client/deps/chunk-LY4OWT6B.js?v=7b60de0d:3
[    1374ms] [WARNING] [intlify] Not found 'logo_alt' key in 'en' locale messages. @ http://0.0.0.0:3001/_nuxt/node_modules/.cache/vite/client/deps/chunk-LY4OWT6B.js?v=7b60de0d:3
[    1374ms] [WARNING] [intlify] Fall back to translate 'logo_alt' key with 'cs' locale. @ http://0.0.0.0:3001/_nuxt/node_modules/.cache/vite/client/deps/chunk-LY4OWT6B.js?v=7b60de0d:3
[    1374ms] [WARNING] [intlify] Not found 'logo_alt' key in 'cs' locale messages. @ http://0.0.0.0:3001/_nuxt/node_modules/.cache/vite/client/deps/chunk-LY4OWT6B.js?v=7b60de0d:3
[    1375ms] [WARNING] [intlify] Not found 'title.cart' key in 'en' locale messages. @ http://0.0.0.0:3001/_nuxt/node_modules/.cache/vite/client/deps/chunk-LY4OWT6B.js?v=7b60de0d:3
[    1375ms] [WARNING] [intlify] Fall back to translate 'title.cart' key with 'cs' locale. @ http://0.0.0.0:3001/_nuxt/node_modules/.cache/vite/client/deps/chunk-LY4OWT6B.js?v=7b60de0d:3
[    1375ms] [WARNING] [intlify] Not found 'title.cart' key in 'cs' locale messages. @ http://0.0.0.0:3001/_nuxt/node_modules/.cache/vite/client/deps/chunk-LY4OWT6B.js?v=7b60de0d:3
[    1375ms] [WARNING] [intlify] Fall back to translate 'title.cart' with root locale. @ http://0.0.0.0:3001/_nuxt/node_modules/.cache/vite/client/deps/chunk-LY4OWT6B.js?v=7b60de0d:3
[    1378ms] [LOG] [nuxt-app] schema-org:meta: 0.0380859375 ms [Object] @ http://0.0.0.0:3001/_nuxt/@fs/Users/andrejkoval/Dev/vivadzen/src/front/node_modules/hookable/dist/index.mjs?v=7b60de0d:271
[    1378ms] [LOG] [nuxt-app] app:suspense:resolve: 4.49609375 ms [] @ http://0.0.0.0:3001/_nuxt/@fs/Users/andrejkoval/Dev/vivadzen/src/front/node_modules/hookable/dist/index.mjs?v=7b60de0d:271
[    1406ms] [LOG] [nuxt-app] link:prefetch: 1.375 ms [/en/catalog] @ http://0.0.0.0:3001/_nuxt/@fs/Users/andrejkoval/Dev/vivadzen/src/front/node_modules/hookable/dist/index.mjs?v=7b60de0d:271
[    1406ms] [LOG] [nuxt-app] link:prefetch : 1.3681640625 ms [/en/blog] @ http://0.0.0.0:3001/_nuxt/@fs/Users/andrejkoval/Dev/vivadzen/src/front/node_modules/hookable/dist/index.mjs?v=7b60de0d:271
[    1406ms] [LOG] [nuxt-app] link:prefetch  : 1.217041015625 ms [/en/reviews] @ http://0.0.0.0:3001/_nuxt/@fs/Users/andrejkoval/Dev/vivadzen/src/front/node_modules/hookable/dist/index.mjs?v=7b60de0d:271
[    1406ms] [LOG] [nuxt-app] link:prefetch   : 1.2138671875 ms [/en/about] @ http://0.0.0.0:3001/_nuxt/@fs/Users/andrejkoval/Dev/vivadzen/src/front/node_modules/hookable/dist/index.mjs?v=7b60de0d:271
[    1406ms] [LOG] [nuxt-app] link:prefetch    : 1.22705078125 ms [/en/contacts] @ http://0.0.0.0:3001/_nuxt/@fs/Users/andrejkoval/Dev/vivadzen/src/front/node_modules/hookable/dist/index.mjs?v=7b60de0d:271
[    1406ms] [LOG] [nuxt-app] link:prefetch     : 1.231201171875 ms [/en/zeleny-rurut-nano-kratom-prasek-25g] @ http://0.0.0.0:3001/_nuxt/@fs/Users/andrejkoval/Dev/vivadzen/src/front/node_modules/hookable/dist/index.mjs?v=7b60de0d:271
[    1406ms] [LOG] [nuxt-app] link:prefetch      : 1.244873046875 ms [/en/zeleny-rurut-nano-kratom-prasek-25g] @ http://0.0.0.0:3001/_nuxt/@fs/Users/andrejkoval/Dev/vivadzen/src/front/node_modules/hookable/dist/index.mjs?v=7b60de0d:271
[    1406ms] [LOG] [nuxt-app] link:prefetch       : 1.2978515625 ms [/en/bila-maeng-da-kratom-prasek-25g] @ http://0.0.0.0:3001/_nuxt/@fs/Users/andrejkoval/Dev/vivadzen/src/front/node_modules/hookable/dist/index.mjs?v=7b60de0d:271
[    1406ms] [LOG] [nuxt-app] link:prefetch        : 1.34521484375 ms [/en/bila-maeng-da-kratom-prasek-25g] @ http://0.0.0.0:3001/_nuxt/@fs/Users/andrejkoval/Dev/vivadzen/src/front/node_modules/hookable/dist/index.mjs?v=7b60de0d:271
[    1406ms] [LOG] [nuxt-app] link:prefetch         : 1.385986328125 ms [/en/bily-slon-kratom-prasek-25g] @ http://0.0.0.0:3001/_nuxt/@fs/Users/andrejkoval/Dev/vivadzen/src/front/node_modules/hookable/dist/index.mjs?v=7b60de0d:271
[    1406ms] [LOG] [nuxt-app] link:prefetch          : 1.43798828125 ms [/en/bily-slon-kratom-prasek-25g] @ http://0.0.0.0:3001/_nuxt/@fs/Users/andrejkoval/Dev/vivadzen/src/front/node_modules/hookable/dist/index.mjs?v=7b60de0d:271
[    1407ms] [LOG] [nuxt-app] link:prefetch           : 1.4921875 ms [/en/zeleny-thajsky-kratom-prasek-25g] @ http://0.0.0.0:3001/_nuxt/@fs/Users/andrejkoval/Dev/vivadzen/src/front/node_modules/hookable/dist/index.mjs?v=7b60de0d:271
[    1407ms] [LOG] [nuxt-app] link:prefetch            : 1.53515625 ms [/en/zeleny-thajsky-kratom-prasek-25g] @ http://0.0.0.0:3001/_nuxt/@fs/Users/andrejkoval/Dev/vivadzen/src/front/node_modules/hookable/dist/index.mjs?v=7b60de0d:271
[    1407ms] [LOG] [nuxt-app] link:prefetch             : 1.5849609375 ms [/en/cervena-maeng-da-kratom-prasek-25g] @ http://0.0.0.0:3001/_nuxt/@fs/Users/andrejkoval/Dev/vivadzen/src/front/node_modules/hookable/dist/index.mjs?v=7b60de0d:271
[    1407ms] [LOG] [nuxt-app] link:prefetch              : 1.634033203125 ms [/en/zelena-maeng-da-kratom-prasek-25g] @ http://0.0.0.0:3001/_nuxt/@fs/Users/andrejkoval/Dev/vivadzen/src/front/node_modules/hookable/dist/index.mjs?v=7b60de0d:271
[    5134ms] [LOG] [nuxt-delay-hydration] Hydration event timeout @ http://0.0.0.0:3001/en/catalog:112
[   76377ms] [WARNING] [intlify] Not found 'title.catalog' key in 'en' locale messages. @ http://0.0.0.0:3001/_nuxt/node_modules/.cache/vite/client/deps/chunk-LY4OWT6B.js?v=7b60de0d:3
[   76377ms] [WARNING] [intlify] Fall back to translate 'title.catalog' key with 'cs' locale. @ http://0.0.0.0:3001/_nuxt/node_modules/.cache/vite/client/deps/chunk-LY4OWT6B.js?v=7b60de0d:3
[   76377ms] [WARNING] [intlify] Not found 'title.catalog' key in 'cs' locale messages. @ http://0.0.0.0:3001/_nuxt/node_modules/.cache/vite/client/deps/chunk-LY4OWT6B.js?v=7b60de0d:3
[   76377ms] [WARNING] [intlify] Fall back to translate 'title.catalog' with root locale. @ http://0.0.0.0:3001/_nuxt/node_modules/.cache/vite/client/deps/chunk-LY4OWT6B.js?v=7b60de0d:3
[   76377ms] [WARNING] [intlify] Not found 'title.blog' key in 'en' locale messages. @ http://0.0.0.0:3001/_nuxt/node_modules/.cache/vite/client/deps/chunk-LY4OWT6B.js?v=7b60de0d:3
[   76377ms] [WARNING] [intlify] Fall back to translate 'title.blog' key with 'cs' locale. @ http://0.0.0.0:3001/_nuxt/node_modules/.cache/vite/client/deps/chunk-LY4OWT6B.js?v=7b60de0d:3
[   76377ms] [WARNING] [intlify] Not found 'title.blog' key in 'cs' locale messages. @ http://0.0.0.0:3001/_nuxt/node_modules/.cache/vite/client/deps/chunk-LY4OWT6B.js?v=7b60de0d:3
[   76377ms] [WARNING] [intlify] Fall back to translate 'title.blog' with root locale. @ http://0.0.0.0:3001/_nuxt/node_modules/.cache/vite/client/deps/chunk-LY4OWT6B.js?v=7b60de0d:3
[   76377ms] [WARNING] [intlify] Not found 'title.reviews' key in 'en' locale messages. @ http://0.0.0.0:3001/_nuxt/node_modules/.cache/vite/client/deps/chunk-LY4OWT6B.js?v=7b60de0d:3
[   76377ms] [WARNING] [intlify] Fall back to translate 'title.reviews' key with 'cs' locale. @ http://0.0.0.0:3001/_nuxt/node_modules/.cache/vite/client/deps/chunk-LY4OWT6B.js?v=7b60de0d:3
[   76377ms] [WARNING] [intlify] Not found 'title.reviews' key in 'cs' locale messages. @ http://0.0.0.0:3001/_nuxt/node_modules/.cache/vite/client/deps/chunk-LY4OWT6B.js?v=7b60de0d:3
[   76377ms] [WARNING] [intlify] Fall back to translate 'title.reviews' with root locale. @ http://0.0.0.0:3001/_nuxt/node_modules/.cache/vite/client/deps/chunk-LY4OWT6B.js?v=7b60de0d:3
[   76377ms] [WARNING] [intlify] Not found 'title.about' key in 'en' locale messages. @ http://0.0.0.0:3001/_nuxt/node_modules/.cache/vite/client/deps/chunk-LY4OWT6B.js?v=7b60de0d:3
[   76377ms] [WARNING] [intlify] Fall back to translate 'title.about' key with 'cs' locale. @ http://0.0.0.0:3001/_nuxt/node_modules/.cache/vite/client/deps/chunk-LY4OWT6B.js?v=7b60de0d:3
[   76377ms] [WARNING] [intlify] Not found 'title.about' key in 'cs' locale messages. @ http://0.0.0.0:3001/_nuxt/node_modules/.cache/vite/client/deps/chunk-LY4OWT6B.js?v=7b60de0d:3
[   76377ms] [WARNING] [intlify] Fall back to translate 'title.about' with root locale. @ http://0.0.0.0:3001/_nuxt/node_modules/.cache/vite/client/deps/chunk-LY4OWT6B.js?v=7b60de0d:3
[   76377ms] [WARNING] [intlify] Not found 'title.contacts' key in 'en' locale messages. @ http://0.0.0.0:3001/_nuxt/node_modules/.cache/vite/client/deps/chunk-LY4OWT6B.js?v=7b60de0d:3
[   76377ms] [WARNING] [intlify] Fall back to translate 'title.contacts' key with 'cs' locale. @ http://0.0.0.0:3001/_nuxt/node_modules/.cache/vite/client/deps/chunk-LY4OWT6B.js?v=7b60de0d:3
[   76378ms] [WARNING] [intlify] Not found 'title.contacts' key in 'cs' locale messages. @ http://0.0.0.0:3001/_nuxt/node_modules/.cache/vite/client/deps/chunk-LY4OWT6B.js?v=7b60de0d:3
[   76378ms] [WARNING] [intlify] Fall back to translate 'title.contacts' with root locale. @ http://0.0.0.0:3001/_nuxt/node_modules/.cache/vite/client/deps/chunk-LY4OWT6B.js?v=7b60de0d:3
[   76378ms] [WARNING] [intlify] Not found 'logo_alt' key in 'en' locale messages. @ http://0.0.0.0:3001/_nuxt/node_modules/.cache/vite/client/deps/chunk-LY4OWT6B.js?v=7b60de0d:3
[   76378ms] [WARNING] [intlify] Fall back to translate 'logo_alt' key with 'cs' locale. @ http://0.0.0.0:3001/_nuxt/node_modules/.cache/vite/client/deps/chunk-LY4OWT6B.js?v=7b60de0d:3
[   76378ms] [WARNING] [intlify] Not found 'logo_alt' key in 'cs' locale messages. @ http://0.0.0.0:3001/_nuxt/node_modules/.cache/vite/client/deps/chunk-LY4OWT6B.js?v=7b60de0d:3
[   76378ms] [WARNING] [intlify] Fall back to translate 'logo_alt' with root locale. @ http://0.0.0.0:3001/_nuxt/node_modules/.cache/vite/client/deps/chunk-LY4OWT6B.js?v=7b60de0d:3
[   76378ms] [WARNING] [intlify] Not found 'logo_alt' key in 'en' locale messages. @ http://0.0.0.0:3001/_nuxt/node_modules/.cache/vite/client/deps/chunk-LY4OWT6B.js?v=7b60de0d:3
[   76378ms] [WARNING] [intlify] Fall back to translate 'logo_alt' key with 'cs' locale. @ http://0.0.0.0:3001/_nuxt/node_modules/.cache/vite/client/deps/chunk-LY4OWT6B.js?v=7b60de0d:3
[   76378ms] [WARNING] [intlify] Not found 'logo_alt' key in 'cs' locale messages. @ http://0.0.0.0:3001/_nuxt/node_modules/.cache/vite/client/deps/chunk-LY4OWT6B.js?v=7b60de0d:3
[   76379ms] [WARNING] [intlify] Not found 'title.cart' key in 'en' locale messages. @ http://0.0.0.0:3001/_nuxt/node_modules/.cache/vite/client/deps/chunk-LY4OWT6B.js?v=7b60de0d:3
[   76379ms] [WARNING] [intlify] Fall back to translate 'title.cart' key with 'cs' locale. @ http://0.0.0.0:3001/_nuxt/node_modules/.cache/vite/client/deps/chunk-LY4OWT6B.js?v=7b60de0d:3
[   76379ms] [WARNING] [intlify] Not found 'title.cart' key in 'cs' locale messages. @ http://0.0.0.0:3001/_nuxt/node_modules/.cache/vite/client/deps/chunk-LY4OWT6B.js?v=7b60de0d:3
[   76379ms] [WARNING] [intlify] Fall back to translate 'title.cart' with root locale. @ http://0.0.0.0:3001/_nuxt/node_modules/.cache/vite/client/deps/chunk-LY4OWT6B.js?v=7b60de0d:3
[   76383ms] [WARNING] [intlify] Not found 'logo_alt' key in 'en' locale messages. @ http://0.0.0.0:3001/_nuxt/node_modules/.cache/vite/client/deps/chunk-LY4OWT6B.js?v=7b60de0d:3
[   76383ms] [WARNING] [intlify] Fall back to translate 'logo_alt' key with 'cs' locale. @ http://0.0.0.0:3001/_nuxt/node_modules/.cache/vite/client/deps/chunk-LY4OWT6B.js?v=7b60de0d:3
[   76383ms] [WARNING] [intlify] Not found 'logo_alt' key in 'cs' locale messages. @ http://0.0.0.0:3001/_nuxt/node_modules/.cache/vite/client/deps/chunk-LY4OWT6B.js?v=7b60de0d:3
[   76383ms] [WARNING] [intlify] Fall back to translate 'logo_alt' with root locale. @ http://0.0.0.0:3001/_nuxt/node_modules/.cache/vite/client/deps/chunk-LY4OWT6B.js?v=7b60de0d:3
[   76383ms] [WARNING] [intlify] Not found 'logo_alt' key in 'en' locale messages. @ http://0.0.0.0:3001/_nuxt/node_modules/.cache/vite/client/deps/chunk-LY4OWT6B.js?v=7b60de0d:3
[   76383ms] [WARNING] [intlify] Fall back to translate 'logo_alt' key with 'cs' locale. @ http://0.0.0.0:3001/_nuxt/node_modules/.cache/vite/client/deps/chunk-LY4OWT6B.js?v=7b60de0d:3
[   76383ms] [WARNING] [intlify] Not found 'logo_alt' key in 'cs' locale messages. @ http://0.0.0.0:3001/_nuxt/node_modules/.cache/vite/client/deps/chunk-LY4OWT6B.js?v=7b60de0d:3
[   76383ms] [WARNING] [intlify] Not found 'title.cart' key in 'en' locale messages. @ http://0.0.0.0:3001/_nuxt/node_modules/.cache/vite/client/deps/chunk-LY4OWT6B.js?v=7b60de0d:3
[   76383ms] [WARNING] [intlify] Fall back to translate 'title.cart' key with 'cs' locale. @ http://0.0.0.0:3001/_nuxt/node_modules/.cache/vite/client/deps/chunk-LY4OWT6B.js?v=7b60de0d:3
[   76384ms] [WARNING] [intlify] Not found 'title.cart' key in 'cs' locale messages. @ http://0.0.0.0:3001/_nuxt/node_modules/.cache/vite/client/deps/chunk-LY4OWT6B.js?v=7b60de0d:3
[   76384ms] [WARNING] [intlify] Fall back to translate 'title.cart' with root locale. @ http://0.0.0.0:3001/_nuxt/node_modules/.cache/vite/client/deps/chunk-LY4OWT6B.js?v=7b60de0d:3
[   76386ms] [WARNING] [intlify] Not found 'logo_alt' key in 'en' locale messages. @ http://0.0.0.0:3001/_nuxt/node_modules/.cache/vite/client/deps/chunk-LY4OWT6B.js?v=7b60de0d:3
[   76386ms] [WARNING] [intlify] Fall back to translate 'logo_alt' key with 'cs' locale. @ http://0.0.0.0:3001/_nuxt/node_modules/.cache/vite/client/deps/chunk-LY4OWT6B.js?v=7b60de0d:3
[   76386ms] [WARNING] [intlify] Not found 'logo_alt' key in 'cs' locale messages. @ http://0.0.0.0:3001/_nuxt/node_modules/.cache/vite/client/deps/chunk-LY4OWT6B.js?v=7b60de0d:3
[   76386ms] [WARNING] [intlify] Fall back to translate 'logo_alt' with root locale. @ http://0.0.0.0:3001/_nuxt/node_modules/.cache/vite/client/deps/chunk-LY4OWT6B.js?v=7b60de0d:3
[   76386ms] [WARNING] [intlify] Not found 'logo_alt' key in 'en' locale messages. @ http://0.0.0.0:3001/_nuxt/node_modules/.cache/vite/client/deps/chunk-LY4OWT6B.js?v=7b60de0d:3
[   76386ms] [WARNING] [intlify] Fall back to translate 'logo_alt' key with 'cs' locale. @ http://0.0.0.0:3001/_nuxt/node_modules/.cache/vite/client/deps/chunk-LY4OWT6B.js?v=7b60de0d:3
[   76386ms] [WARNING] [intlify] Not found 'logo_alt' key in 'cs' locale messages. @ http://0.0.0.0:3001/_nuxt/node_modules/.cache/vite/client/deps/chunk-LY4OWT6B.js?v=7b60de0d:3
[   76387ms] [WARNING] [intlify] Not found 'title.cart' key in 'en' locale messages. @ http://0.0.0.0:3001/_nuxt/node_modules/.cache/vite/client/deps/chunk-LY4OWT6B.js?v=7b60de0d:3
[   76387ms] [WARNING] [intlify] Fall back to translate 'title.cart' key with 'cs' locale. @ http://0.0.0.0:3001/_nuxt/node_modules/.cache/vite/client/deps/chunk-LY4OWT6B.js?v=7b60de0d:3
[   76387ms] [WARNING] [intlify] Not found 'title.cart' key in 'cs' locale messages. @ http://0.0.0.0:3001/_nuxt/node_modules/.cache/vite/client/deps/chunk-LY4OWT6B.js?v=7b60de0d:3
[   76387ms] [WARNING] [intlify] Fall back to translate 'title.cart' with root locale. @ http://0.0.0.0:3001/_nuxt/node_modules/.cache/vite/client/deps/chunk-LY4OWT6B.js?v=7b60de0d:3
[   76389ms] [WARNING] Timer '[nuxt-app] schema-org:meta' already exists @ http://0.0.0.0:3001/_nuxt/@fs/Users/andrejkoval/Dev/vivadzen/src/front/node_modules/hookable/dist/index.mjs?v=7b60de0d:261
[   76389ms] [LOG] [nuxt-app] schema-org:meta: 75011.18017578125 ms [Object] @ http://0.0.0.0:3001/_nuxt/@fs/Users/andrejkoval/Dev/vivadzen/src/front/node_modules/hookable/dist/index.mjs?v=7b60de0d:271
[   76414ms] [WARNING] Timer '[nuxt-app] link:prefetch' already exists @ http://0.0.0.0:3001/_nuxt/@fs/Users/andrejkoval/Dev/vivadzen/src/front/node_modules/hookable/dist/index.mjs?v=7b60de0d:261
[   76414ms] [WARNING] Timer '[nuxt-app] link:prefetch ' already exists @ http://0.0.0.0:3001/_nuxt/@fs/Users/andrejkoval/Dev/vivadzen/src/front/node_modules/hookable/dist/index.mjs?v=7b60de0d:261
[   76414ms] [WARNING] Timer '[nuxt-app] link:prefetch  ' already exists @ http://0.0.0.0:3001/_nuxt/@fs/Users/andrejkoval/Dev/vivadzen/src/front/node_modules/hookable/dist/index.mjs?v=7b60de0d:261
[   76414ms] [WARNING] Timer '[nuxt-app] link:prefetch   ' already exists @ http://0.0.0.0:3001/_nuxt/@fs/Users/andrejkoval/Dev/vivadzen/src/front/node_modules/hookable/dist/index.mjs?v=7b60de0d:261
[   76414ms] [WARNING] Timer '[nuxt-app] link:prefetch    ' already exists @ http://0.0.0.0:3001/_nuxt/@fs/Users/andrejkoval/Dev/vivadzen/src/front/node_modules/hookable/dist/index.mjs?v=7b60de0d:261
[   76414ms] [LOG] [nuxt-app] link:prefetch: 75009.87719726562 ms [/en/catalog] @ http://0.0.0.0:3001/_nuxt/@fs/Users/andrejkoval/Dev/vivadzen/src/front/node_modules/hookable/dist/index.mjs?v=7b60de0d:271
[   76414ms] [LOG] [nuxt-app] link:prefetch : 75009.8671875 ms [/en/blog] @ http://0.0.0.0:3001/_nuxt/@fs/Users/andrejkoval/Dev/vivadzen/src/front/node_modules/hookable/dist/index.mjs?v=7b60de0d:271
[   76414ms] [LOG] [nuxt-app] link:prefetch  : 75009.71801757812 ms [/en/reviews] @ http://0.0.0.0:3001/_nuxt/@fs/Users/andrejkoval/Dev/vivadzen/src/front/node_modules/hookable/dist/index.mjs?v=7b60de0d:271
[   76415ms] [LOG] [nuxt-app] link:prefetch   : 75009.71801757812 ms [/en/about] @ http://0.0.0.0:3001/_nuxt/@fs/Users/andrejkoval/Dev/vivadzen/src/front/node_modules/hookable/dist/index.mjs?v=7b60de0d:271
[   76415ms] [LOG] [nuxt-app] link:prefetch    : 75009.73510742188 ms [/en/contacts] @ http://0.0.0.0:3001/_nuxt/@fs/Users/andrejkoval/Dev/vivadzen/src/front/node_modules/hookable/dist/index.mjs?v=7b60de0d:271
[   84926ms] [WARNING] Timer '[nuxt-app] link:prefetch' already exists @ http://0.0.0.0:3001/_nuxt/@fs/Users/andrejkoval/Dev/vivadzen/src/front/node_modules/hookable/dist/index.mjs?v=7b60de0d:261
[   84927ms] [LOG] [nuxt-app] link:prefetch: 83522.31713867188 ms [/en/catalog] @ http://0.0.0.0:3001/_nuxt/@fs/Users/andrejkoval/Dev/vivadzen/src/front/node_modules/hookable/dist/index.mjs?v=7b60de0d:271
