[     877ms] [LOG] [nuxt-app] i18n:beforeLocaleSwitch: 0.19384765625 ms [Object] @ http://0.0.0.0:3001/_nuxt/@fs/Users/andrejkoval/Dev/vivadzen/src/front/node_modules/hookable/dist/index.mjs?v=fd09ac8d:271
[     884ms] [LOG] %cssr%c %s: %s 
      background: #7f8c8d;
      border-radius: 0.5em;
      color: white;
      font-weight: bold;
      padding: 2px 0.5em;
      [nitro-runtime] request 0.344ms 
  at timeLogImpl (node:internal/console/constructor)
  at node:internal/console/constructor
  at timeLogImpl (node:internal/util/debuglog)
 @ http://0.0.0.0:3001/_nuxt/@fs/Users/andrejkoval/Dev/vivadzen/src/front/node_modules/consola/dist/browser.mjs?v=fd09ac8d:47
[     884ms] [LOG] %cssr%c %s: %s 
      background: #7f8c8d;
      border-radius: 0.5em;
      color: white;
      font-weight: bold;
      padding: 2px 0.5em;
      [nitro-runtime] site-config:init 0.023ms 
  at timeLogImpl (node:internal/console/constructor)
  at node:internal/console/constructor
  at timeLogImpl (node:internal/util/debuglog)
 @ http://0.0.0.0:3001/_nuxt/@fs/Users/andrejkoval/Dev/vivadzen/src/front/node_modules/consola/dist/browser.mjs?v=fd09ac8d:47
[     884ms] [LOG] %cssr%c %s: %s 
      background: #7f8c8d;
      border-radius: 0.5em;
      color: white;
      font-weight: bold;
      padding: 2px 0.5em;
      [nitro-runtime] render:before 0.019ms 
  at timeLogImpl (node:internal/console/constructor)
  at node:internal/console/constructor
  at timeLogImpl (node:internal/util/debuglog)
 @ http://0.0.0.0:3001/_nuxt/@fs/Users/andrejkoval/Dev/vivadzen/src/front/node_modules/consola/dist/browser.mjs?v=fd09ac8d:47
[     884ms] [LOG] %cssr%c %s: %s 
      background: #7f8c8d;
      border-radius: 0.5em;
      color: white;
      font-weight: bold;
      padding: 2px 0.5em;
      [nuxt-app] i18n:beforeLocaleSwitch 0.013ms 
  at timeLogImpl (node:internal/console/constructor)
  at node:internal/console/constructor
  at timeLogImpl (node:internal/util/debuglog)
 @ http://0.0.0.0:3001/_nuxt/@fs/Users/andrejkoval/Dev/vivadzen/src/front/node_modules/consola/dist/browser.mjs?v=fd09ac8d:47
[     884ms] [LOG] %cssr%c %s: %s 
      background: #7f8c8d;
      border-radius: 0.5em;
      color: white;
      font-weight: bold;
      padding: 2px 0.5em;
      [nuxt-app] page:loading:start 0.003ms 
  at timeLogImpl (node:internal/console/constructor)
  at node:internal/console/constructor
  at timeLogImpl (node:internal/util/debuglog)
 @ http://0.0.0.0:3001/_nuxt/@fs/Users/andrejkoval/Dev/vivadzen/src/front/node_modules/consola/dist/browser.mjs?v=fd09ac8d:47
[     884ms] [LOG] %cssr%c %s: %s 
      background: #7f8c8d;
      border-radius: 0.5em;
      color: white;
      font-weight: bold;
      padding: 2px 0.5em;
      [nuxt-app] i18n:beforeLocaleSwitch 0.005ms 
  at timeLogImpl (node:internal/console/constructor)
  at node:internal/console/constructor
  at timeLogImpl (node:internal/util/debuglog)
 @ http://0.0.0.0:3001/_nuxt/@fs/Users/andrejkoval/Dev/vivadzen/src/front/node_modules/consola/dist/browser.mjs?v=fd09ac8d:47
[     884ms] [LOG] %cssr%c %s: %s 
      background: #7f8c8d;
      border-radius: 0.5em;
      color: white;
      font-weight: bold;
      padding: 2px 0.5em;
      [nuxt-app] app:created 3.796ms 
  at timeLogImpl (node:internal/console/constructor)
  at node:internal/console/constructor
  at timeLogImpl (node:internal/util/debuglog)
 @ http://0.0.0.0:3001/_nuxt/@fs/Users/andrejkoval/Dev/vivadzen/src/front/node_modules/consola/dist/browser.mjs?v=fd09ac8d:47
[     884ms] [LOG] %cssr%c %s: %s 
      background: #7f8c8d;
      border-radius: 0.5em;
      color: white;
      font-weight: bold;
      padding: 2px 0.5em;
      [nuxt-app] vue:setup 0.002ms 
  at timeLogImpl (node:internal/console/constructor)
  at node:internal/console/constructor
  at timeLogImpl (node:internal/util/debuglog)
 @ http://0.0.0.0:3001/_nuxt/@fs/Users/andrejkoval/Dev/vivadzen/src/front/node_modules/consola/dist/browser.mjs?v=fd09ac8d:47
[     884ms] [WARNING] %cssr:warn%c [intlify] Not found 'logo_alt' key in 'en' locale messages. 
      background: #f39c12;
      border-radius: 0.5em;
      color: white;
      font-weight: bold;
      padding: 2px 0.5em;
      
  at warn (/Users/andrejkoval/Dev/vivadzen/src/front/node_modules/@intlify/shared/dist/shared.mjs)
  at handleMissing (/Users/andrejkoval/Dev/vivadzen/src/front/node_modules/@intlify/core-base/dist/core-base.mjs)
  at resolveMessageFormat (/Users/andrejkoval/Dev/vivadzen/src/front/node_modules/@intlify/core-base/dist/core-base.mjs)
 @ http://0.0.0.0:3001/_nuxt/@fs/Users/andrejkoval/Dev/vivadzen/src/front/node_modules/consola/dist/browser.mjs?v=fd09ac8d:47
[     884ms] [WARNING] %cssr:warn%c [intlify] Fall back to translate 'logo_alt' key with 'cs' locale. 
      background: #f39c12;
      border-radius: 0.5em;
      color: white;
      font-weight: bold;
      padding: 2px 0.5em;
      
  at warn (/Users/andrejkoval/Dev/vivadzen/src/front/node_modules/@intlify/shared/dist/shared.mjs)
  at resolveMessageFormat (/Users/andrejkoval/Dev/vivadzen/src/front/node_modules/@intlify/core-base/dist/core-base.mjs)
  at translate (/Users/andrejkoval/Dev/vivadzen/src/front/node_modules/@intlify/core-base/dist/core-base.mjs)
 @ http://0.0.0.0:3001/_nuxt/@fs/Users/andrejkoval/Dev/vivadzen/src/front/node_modules/consola/dist/browser.mjs?v=fd09ac8d:47
[     884ms] [WARNING] %cssr:warn%c [intlify] Not found 'logo_alt' key in 'cs' locale messages. 
      background: #f39c12;
      border-radius: 0.5em;
      color: white;
      font-weight: bold;
      padding: 2px 0.5em;
      
  at warn (/Users/andrejkoval/Dev/vivadzen/src/front/node_modules/@intlify/shared/dist/shared.mjs)
  at handleMissing (/Users/andrejkoval/Dev/vivadzen/src/front/node_modules/@intlify/core-base/dist/core-base.mjs)
  at resolveMessageFormat (/Users/andrejkoval/Dev/vivadzen/src/front/node_modules/@intlify/core-base/dist/core-base.mjs)
 @ http://0.0.0.0:3001/_nuxt/@fs/Users/andrejkoval/Dev/vivadzen/src/front/node_modules/consola/dist/browser.mjs?v=fd09ac8d:47
[     884ms] [WARNING] %cssr:warn%c [intlify] Fall back to translate 'logo_alt' with root locale. 
      background: #f39c12;
      border-radius: 0.5em;
      color: white;
      font-weight: bold;
      padding: 2px 0.5em;
      
  at warn (/Users/andrejkoval/Dev/vivadzen/src/front/node_modules/@intlify/shared/dist/shared.mjs)
  at wrapWithDeps (/Users/andrejkoval/Dev/vivadzen/src/front/node_modules/vue-i18n/dist/vue-i18n.mjs)
  at Proxy.t (/Users/andrejkoval/Dev/vivadzen/src/front/node_modules/vue-i18n/dist/vue-i18n.mjs)
 @ http://0.0.0.0:3001/_nuxt/@fs/Users/andrejkoval/Dev/vivadzen/src/front/node_modules/consola/dist/browser.mjs?v=fd09ac8d:47
[     884ms] [WARNING] %cssr:warn%c [intlify] Not found 'logo_alt' key in 'en' locale messages. 
      background: #f39c12;
      border-radius: 0.5em;
      color: white;
      font-weight: bold;
      padding: 2px 0.5em;
      
  at warn (/Users/andrejkoval/Dev/vivadzen/src/front/node_modules/@intlify/shared/dist/shared.mjs)
  at handleMissing (/Users/andrejkoval/Dev/vivadzen/src/front/node_modules/@intlify/core-base/dist/core-base.mjs)
  at resolveMessageFormat (/Users/andrejkoval/Dev/vivadzen/src/front/node_modules/@intlify/core-base/dist/core-base.mjs)
 @ http://0.0.0.0:3001/_nuxt/@fs/Users/andrejkoval/Dev/vivadzen/src/front/node_modules/consola/dist/browser.mjs?v=fd09ac8d:47
[     884ms] [WARNING] %cssr:warn%c [intlify] Fall back to translate 'logo_alt' key with 'cs' locale. 
      background: #f39c12;
      border-radius: 0.5em;
      color: white;
      font-weight: bold;
      padding: 2px 0.5em;
      
  at warn (/Users/andrejkoval/Dev/vivadzen/src/front/node_modules/@intlify/shared/dist/shared.mjs)
  at resolveMessageFormat (/Users/andrejkoval/Dev/vivadzen/src/front/node_modules/@intlify/core-base/dist/core-base.mjs)
  at translate (/Users/andrejkoval/Dev/vivadzen/src/front/node_modules/@intlify/core-base/dist/core-base.mjs)
 @ http://0.0.0.0:3001/_nuxt/@fs/Users/andrejkoval/Dev/vivadzen/src/front/node_modules/consola/dist/browser.mjs?v=fd09ac8d:47
[     884ms] [WARNING] %cssr:warn%c [intlify] Not found 'logo_alt' key in 'cs' locale messages. 
      background: #f39c12;
      border-radius: 0.5em;
      color: white;
      font-weight: bold;
      padding: 2px 0.5em;
      
  at warn (/Users/andrejkoval/Dev/vivadzen/src/front/node_modules/@intlify/shared/dist/shared.mjs)
  at handleMissing (/Users/andrejkoval/Dev/vivadzen/src/front/node_modules/@intlify/core-base/dist/core-base.mjs)
  at resolveMessageFormat (/Users/andrejkoval/Dev/vivadzen/src/front/node_modules/@intlify/core-base/dist/core-base.mjs)
 @ http://0.0.0.0:3001/_nuxt/@fs/Users/andrejkoval/Dev/vivadzen/src/front/node_modules/consola/dist/browser.mjs?v=fd09ac8d:47
[     884ms] [WARNING] %cssr:warn%c [intlify] Not found 'title.cart' key in 'en' locale messages. 
      background: #f39c12;
      border-radius: 0.5em;
      color: white;
      font-weight: bold;
      padding: 2px 0.5em;
      
  at warn (/Users/andrejkoval/Dev/vivadzen/src/front/node_modules/@intlify/shared/dist/shared.mjs)
  at handleMissing (/Users/andrejkoval/Dev/vivadzen/src/front/node_modules/@intlify/core-base/dist/core-base.mjs)
  at resolveMessageFormat (/Users/andrejkoval/Dev/vivadzen/src/front/node_modules/@intlify/core-base/dist/core-base.mjs)
 @ http://0.0.0.0:3001/_nuxt/@fs/Users/andrejkoval/Dev/vivadzen/src/front/node_modules/consola/dist/browser.mjs?v=fd09ac8d:47
[     884ms] [WARNING] %cssr:warn%c [intlify] Fall back to translate 'title.cart' key with 'cs' locale. 
      background: #f39c12;
      border-radius: 0.5em;
      color: white;
      font-weight: bold;
      padding: 2px 0.5em;
      
  at warn (/Users/andrejkoval/Dev/vivadzen/src/front/node_modules/@intlify/shared/dist/shared.mjs)
  at resolveMessageFormat (/Users/andrejkoval/Dev/vivadzen/src/front/node_modules/@intlify/core-base/dist/core-base.mjs)
  at translate (/Users/andrejkoval/Dev/vivadzen/src/front/node_modules/@intlify/core-base/dist/core-base.mjs)
 @ http://0.0.0.0:3001/_nuxt/@fs/Users/andrejkoval/Dev/vivadzen/src/front/node_modules/consola/dist/browser.mjs?v=fd09ac8d:47
[     884ms] [WARNING] %cssr:warn%c [intlify] Not found 'title.cart' key in 'cs' locale messages. 
      background: #f39c12;
      border-radius: 0.5em;
      color: white;
      font-weight: bold;
      padding: 2px 0.5em;
      
  at warn (/Users/andrejkoval/Dev/vivadzen/src/front/node_modules/@intlify/shared/dist/shared.mjs)
  at handleMissing (/Users/andrejkoval/Dev/vivadzen/src/front/node_modules/@intlify/core-base/dist/core-base.mjs)
  at resolveMessageFormat (/Users/andrejkoval/Dev/vivadzen/src/front/node_modules/@intlify/core-base/dist/core-base.mjs)
 @ http://0.0.0.0:3001/_nuxt/@fs/Users/andrejkoval/Dev/vivadzen/src/front/node_modules/consola/dist/browser.mjs?v=fd09ac8d:47
[     884ms] [WARNING] %cssr:warn%c [intlify] Fall back to translate 'title.cart' with root locale. 
      background: #f39c12;
      border-radius: 0.5em;
      color: white;
      font-weight: bold;
      padding: 2px 0.5em;
      
  at warn (/Users/andrejkoval/Dev/vivadzen/src/front/node_modules/@intlify/shared/dist/shared.mjs)
  at wrapWithDeps (/Users/andrejkoval/Dev/vivadzen/src/front/node_modules/vue-i18n/dist/vue-i18n.mjs)
  at Proxy.t (/Users/andrejkoval/Dev/vivadzen/src/front/node_modules/vue-i18n/dist/vue-i18n.mjs)
 @ http://0.0.0.0:3001/_nuxt/@fs/Users/andrejkoval/Dev/vivadzen/src/front/node_modules/consola/dist/browser.mjs?v=fd09ac8d:47
[     884ms] [WARNING] %cssr:warn%c [intlify] Not found parent scope. use the global scope. 
      background: #f39c12;
      border-radius: 0.5em;
      color: white;
      font-weight: bold;
      padding: 2px 0.5em;
      
  at warn (/Users/andrejkoval/Dev/vivadzen/src/front/node_modules/@intlify/shared/dist/shared.mjs)
  at useI18n (/Users/andrejkoval/Dev/vivadzen/src/front/node_modules/vue-i18n/dist/vue-i18n.mjs)
  at setup (/Users/andrejkoval/Dev/vivadzen/src/front/node_modules/vue-i18n/dist/vue-i18n.mjs)
 @ http://0.0.0.0:3001/_nuxt/@fs/Users/andrejkoval/Dev/vivadzen/src/front/node_modules/consola/dist/browser.mjs?v=fd09ac8d:47
[     884ms] [WARNING] %cssr:warn%c [intlify] Not found parent scope. use the global scope. 
      background: #f39c12;
      border-radius: 0.5em;
      color: white;
      font-weight: bold;
      padding: 2px 0.5em;
      
  at warn (/Users/andrejkoval/Dev/vivadzen/src/front/node_modules/@intlify/shared/dist/shared.mjs)
  at useI18n (/Users/andrejkoval/Dev/vivadzen/src/front/node_modules/vue-i18n/dist/vue-i18n.mjs)
  at setup (/Users/andrejkoval/Dev/vivadzen/src/front/node_modules/vue-i18n/dist/vue-i18n.mjs)
 @ http://0.0.0.0:3001/_nuxt/@fs/Users/andrejkoval/Dev/vivadzen/src/front/node_modules/consola/dist/browser.mjs?v=fd09ac8d:47
[     884ms] [WARNING] %cssr:warn%c [intlify] Not found parent scope. use the global scope. 
      background: #f39c12;
      border-radius: 0.5em;
      color: white;
      font-weight: bold;
      padding: 2px 0.5em;
      
  at warn (/Users/andrejkoval/Dev/vivadzen/src/front/node_modules/@intlify/shared/dist/shared.mjs)
  at useI18n (/Users/andrejkoval/Dev/vivadzen/src/front/node_modules/vue-i18n/dist/vue-i18n.mjs)
  at setup (/Users/andrejkoval/Dev/vivadzen/src/front/node_modules/vue-i18n/dist/vue-i18n.mjs)
 @ http://0.0.0.0:3001/_nuxt/@fs/Users/andrejkoval/Dev/vivadzen/src/front/node_modules/consola/dist/browser.mjs?v=fd09ac8d:47
[     884ms] [WARNING] %cssr:warn%c [intlify] Not found parent scope. use the global scope. 
      background: #f39c12;
      border-radius: 0.5em;
      color: white;
      font-weight: bold;
      padding: 2px 0.5em;
      
  at warn (/Users/andrejkoval/Dev/vivadzen/src/front/node_modules/@intlify/shared/dist/shared.mjs)
  at useI18n (/Users/andrejkoval/Dev/vivadzen/src/front/node_modules/vue-i18n/dist/vue-i18n.mjs)
  at setup (/Users/andrejkoval/Dev/vivadzen/src/front/node_modules/vue-i18n/dist/vue-i18n.mjs)
 @ http://0.0.0.0:3001/_nuxt/@fs/Users/andrejkoval/Dev/vivadzen/src/front/node_modules/consola/dist/browser.mjs?v=fd09ac8d:47
[     884ms] [WARNING] %cssr:warn%c [intlify] Not found parent scope. use the global scope. 
      background: #f39c12;
      border-radius: 0.5em;
      color: white;
      font-weight: bold;
      padding: 2px 0.5em;
      
  at warn (/Users/andrejkoval/Dev/vivadzen/src/front/node_modules/@intlify/shared/dist/shared.mjs)
  at useI18n (/Users/andrejkoval/Dev/vivadzen/src/front/node_modules/vue-i18n/dist/vue-i18n.mjs)
  at setup (/Users/andrejkoval/Dev/vivadzen/src/front/node_modules/vue-i18n/dist/vue-i18n.mjs)
 @ http://0.0.0.0:3001/_nuxt/@fs/Users/andrejkoval/Dev/vivadzen/src/front/node_modules/consola/dist/browser.mjs?v=fd09ac8d:47
[     884ms] [WARNING] %cssr:warn%c [intlify] Not found parent scope. use the global scope. 
      background: #f39c12;
      border-radius: 0.5em;
      color: white;
      font-weight: bold;
      padding: 2px 0.5em;
      
  at timeLogImpl (node:internal/console/constructor)
  at node:internal/console/constructor
  at timeLogImpl (node:internal/util/debuglog)
 @ http://0.0.0.0:3001/_nuxt/@fs/Users/andrejkoval/Dev/vivadzen/src/front/node_modules/consola/dist/browser.mjs?v=fd09ac8d:47
[     884ms] [LOG] %cssr%c %s: %s 
      background: #7f8c8d;
      border-radius: 0.5em;
      color: white;
      font-weight: bold;
      padding: 2px 0.5em;
      [nuxt-app] app:rendered 0.159ms 
  at timeLogImpl (node:internal/console/constructor)
  at node:internal/console/constructor
  at timeLogImpl (node:internal/util/debuglog)
 @ http://0.0.0.0:3001/_nuxt/@fs/Users/andrejkoval/Dev/vivadzen/src/front/node_modules/consola/dist/browser.mjs?v=fd09ac8d:47
[     884ms] [LOG] %cssr%c %s: %s 
      background: #7f8c8d;
      border-radius: 0.5em;
      color: white;
      font-weight: bold;
      padding: 2px 0.5em;
      [nuxt-app] schema-org:meta 0.006ms 
  at timeLogImpl (node:internal/console/constructor)
  at node:internal/console/constructor
  at timeLogImpl (node:internal/util/debuglog)
 @ http://0.0.0.0:3001/_nuxt/@fs/Users/andrejkoval/Dev/vivadzen/src/front/node_modules/consola/dist/browser.mjs?v=fd09ac8d:47
[     884ms] [LOG] [nuxt-app] dev:ssr-logs: 1.15478515625 ms [Array(27)] @ http://0.0.0.0:3001/_nuxt/@fs/Users/andrejkoval/Dev/vivadzen/src/front/node_modules/hookable/dist/index.mjs?v=fd09ac8d:271
[     894ms] [LOG] [nuxt-app] page:loading:start: 0.08203125 ms [] @ http://0.0.0.0:3001/_nuxt/@fs/Users/andrejkoval/Dev/vivadzen/src/front/node_modules/hookable/dist/index.mjs?v=fd09ac8d:271
[     909ms] [WARNING] Timer '[nuxt-app] i18n:beforeLocaleSwitch' already exists @ http://0.0.0.0:3001/_nuxt/@fs/Users/andrejkoval/Dev/vivadzen/src/front/node_modules/hookable/dist/index.mjs?v=fd09ac8d:261
[     909ms] [LOG] [nuxt-app] i18n:beforeLocaleSwitch: 31.81396484375 ms [Object] @ http://0.0.0.0:3001/_nuxt/@fs/Users/andrejkoval/Dev/vivadzen/src/front/node_modules/hookable/dist/index.mjs?v=fd09ac8d:271
[     910ms] [LOG] [nuxt-app] app:created: 15.8369140625 ms [Object] @ http://0.0.0.0:3001/_nuxt/@fs/Users/andrejkoval/Dev/vivadzen/src/front/node_modules/hookable/dist/index.mjs?v=fd09ac8d:271
[     910ms] [LOG] [nuxt-app] app:beforeMount: 0.02294921875 ms [Object] @ http://0.0.0.0:3001/_nuxt/@fs/Users/andrejkoval/Dev/vivadzen/src/front/node_modules/hookable/dist/index.mjs?v=fd09ac8d:271
[     911ms] [LOG] [nuxt-app] vue:setup: 0.280029296875 ms [] @ http://0.0.0.0:3001/_nuxt/@fs/Users/andrejkoval/Dev/vivadzen/src/front/node_modules/hookable/dist/index.mjs?v=fd09ac8d:271
[     912ms] [INFO] <Suspense> is an experimental feature and its API will likely change. @ http://0.0.0.0:3001/_nuxt/@fs/Users/andrejkoval/Dev/vivadzen/src/front/node_modules/@vue/runtime-core/dist/runtime-core.esm-bundler.js?v=fd09ac8d:7155
[     914ms] [LOG] [nuxt-app] app:mounted: 0.10302734375 ms [Object] @ http://0.0.0.0:3001/_nuxt/@fs/Users/andrejkoval/Dev/vivadzen/src/front/node_modules/hookable/dist/index.mjs?v=fd09ac8d:271
[     914ms] [LOG] [Content] WS connect to ws://localhost:4000/ws @ http://0.0.0.0:3001/_nuxt/@fs/Users/andrejkoval/Dev/vivadzen/src/front/node_modules/@nuxt/content/dist/runtime/composables/web-socket.js?v=fd09ac8d:4
[    1009ms] [LOG] [Content] WS connected! @ http://0.0.0.0:3001/_nuxt/@fs/Users/andrejkoval/Dev/vivadzen/src/front/node_modules/@nuxt/content/dist/runtime/composables/web-socket.js?v=fd09ac8d:4
[    1015ms] [WARNING] [intlify] Not found 'logo_alt' key in 'en' locale messages. @ http://0.0.0.0:3001/_nuxt/node_modules/.cache/vite/client/deps/chunk-LY4OWT6B.js?v=fd09ac8d:3
[    1015ms] [WARNING] [intlify] Fall back to translate 'logo_alt' key with 'cs' locale. @ http://0.0.0.0:3001/_nuxt/node_modules/.cache/vite/client/deps/chunk-LY4OWT6B.js?v=fd09ac8d:3
[    1015ms] [WARNING] [intlify] Not found 'logo_alt' key in 'cs' locale messages. @ http://0.0.0.0:3001/_nuxt/node_modules/.cache/vite/client/deps/chunk-LY4OWT6B.js?v=fd09ac8d:3
[    1015ms] [WARNING] [intlify] Fall back to translate 'logo_alt' with root locale. @ http://0.0.0.0:3001/_nuxt/node_modules/.cache/vite/client/deps/chunk-LY4OWT6B.js?v=fd09ac8d:3
[    1015ms] [WARNING] [intlify] Not found 'logo_alt' key in 'en' locale messages. @ http://0.0.0.0:3001/_nuxt/node_modules/.cache/vite/client/deps/chunk-LY4OWT6B.js?v=fd09ac8d:3
[    1015ms] [WARNING] [intlify] Fall back to translate 'logo_alt' key with 'cs' locale. @ http://0.0.0.0:3001/_nuxt/node_modules/.cache/vite/client/deps/chunk-LY4OWT6B.js?v=fd09ac8d:3
[    1015ms] [WARNING] [intlify] Not found 'logo_alt' key in 'cs' locale messages. @ http://0.0.0.0:3001/_nuxt/node_modules/.cache/vite/client/deps/chunk-LY4OWT6B.js?v=fd09ac8d:3
[    1017ms] [WARNING] [intlify] Not found 'title.cart' key in 'en' locale messages. @ http://0.0.0.0:3001/_nuxt/node_modules/.cache/vite/client/deps/chunk-LY4OWT6B.js?v=fd09ac8d:3
[    1017ms] [WARNING] [intlify] Fall back to translate 'title.cart' key with 'cs' locale. @ http://0.0.0.0:3001/_nuxt/node_modules/.cache/vite/client/deps/chunk-LY4OWT6B.js?v=fd09ac8d:3
[    1017ms] [WARNING] [intlify] Not found 'title.cart' key in 'cs' locale messages. @ http://0.0.0.0:3001/_nuxt/node_modules/.cache/vite/client/deps/chunk-LY4OWT6B.js?v=fd09ac8d:3
[    1017ms] [WARNING] [intlify] Fall back to translate 'title.cart' with root locale. @ http://0.0.0.0:3001/_nuxt/node_modules/.cache/vite/client/deps/chunk-LY4OWT6B.js?v=fd09ac8d:3
[    1021ms] [WARNING] [Vue warn]: Hydration style mismatch on JSHandle@node 
  - rendered on server: style="width:1em;height:1em;--c613ce94-iconUrl:url('https://api.iconify.design/iconoir/nav-arrow-down.svg');"
  - expected on client: style="width:1em;height:1em;"
  Note: this mismatch is check-only. The DOM will not be rectified in production due to performance overhead.
  You should fix the source of the mismatch. 
  at <IconCSS name="iconoir:nav-arrow-down" class="lang-switcher__chevron" > 
  at <Header> 
  at <Body style= {background: #f8f1e6} > 
  at <Html lang="en-US" dir="ltr" > 
  at <Default ref=Ref< undefined > > 
  at <AsyncComponentWrapper ref=Ref< undefined > > 
  at <LayoutLoader key="default" layoutProps= {ref: RefImpl} name="default" > 
  at <NuxtLayoutProvider layoutProps= {ref: RefImpl} key="default" name="default"  ... > 
  at <NuxtLayout> 
  at <App key=4 > 
  at <NuxtRoot> @ http://0.0.0.0:3001/_nuxt/@fs/Users/andrejkoval/Dev/vivadzen/src/front/node_modules/@vue/runtime-core/dist/runtime-core.esm-bundler.js?v=fd09ac8d:49
[    1022ms] [ERROR] Hydration completed but contains mismatches. @ http://0.0.0.0:3001/_nuxt/@fs/Users/andrejkoval/Dev/vivadzen/src/front/node_modules/@vue/runtime-core/dist/runtime-core.esm-bundler.js?v=fd09ac8d:1847
[    1022ms] [WARNING] [Vue warn]: Hydration style mismatch on JSHandle@node 
  - rendered on server: style="width:1em;height:1em;--c613ce94-iconUrl:url('https://api.iconify.design/ci/shopping-cart-01.svg');"
  - expected on client: style="width:1em;height:1em;"
  Note: this mismatch is check-only. The DOM will not be rectified in production due to performance overhead.
  You should fix the source of the mismatch. 
  at <IconCSS name="ci:shopping-cart-01" class="hero-header__cart-icon" > 
  at <Header> 
  at <Body style= {background: #f8f1e6} > 
  at <Html lang="en-US" dir="ltr" > 
  at <Default ref=Ref< undefined > > 
  at <AsyncComponentWrapper ref=Ref< undefined > > 
  at <LayoutLoader key="default" layoutProps= {ref: RefImpl} name="default" > 
  at <NuxtLayoutProvider layoutProps= {ref: RefImpl} key="default" name="default"  ... > 
  at <NuxtLayout> 
  at <App key=4 > 
  at <NuxtRoot> @ http://0.0.0.0:3001/_nuxt/@fs/Users/andrejkoval/Dev/vivadzen/src/front/node_modules/@vue/runtime-core/dist/runtime-core.esm-bundler.js?v=fd09ac8d:49
[    1023ms] [WARNING] [Vue warn]: Hydration style mismatch on JSHandle@node 
  - rendered on server: style="width:1em;height:1em;--c613ce94-iconUrl:url('https://api.iconify.design/mynaui/telephone-call.svg');"
  - expected on client: style="width:1em;height:1em;"
  Note: this mismatch is check-only. The DOM will not be rectified in production due to performance overhead.
  You should fix the source of the mismatch. 
  at <IconCSS name="mynaui:telephone-call" class="hero-mobile-menu__contact-icon" > 
  at <Header> 
  at <Body style= {background: #f8f1e6} > 
  at <Html lang="en-US" dir="ltr" > 
  at <Default ref=Ref< undefined > > 
  at <AsyncComponentWrapper ref=Ref< undefined > > 
  at <LayoutLoader key="default" layoutProps= {ref: RefImpl} name="default" > 
  at <NuxtLayoutProvider layoutProps= {ref: RefImpl} key="default" name="default"  ... > 
  at <NuxtLayout> 
  at <App key=4 > 
  at <NuxtRoot> @ http://0.0.0.0:3001/_nuxt/@fs/Users/andrejkoval/Dev/vivadzen/src/front/node_modules/@vue/runtime-core/dist/runtime-core.esm-bundler.js?v=fd09ac8d:49
[    1023ms] [WARNING] [Vue warn]: Hydration style mismatch on JSHandle@node 
  - rendered on server: style="width:1em;height:1em;--c613ce94-iconUrl:url('https://api.iconify.design/ic/round-alternate-email.svg');"
  - expected on client: style="width:1em;height:1em;"
  Note: this mismatch is check-only. The DOM will not be rectified in production due to performance overhead.
  You should fix the source of the mismatch. 
  at <IconCSS name="ic:round-alternate-email" class="hero-mobile-menu__contact-icon" > 
  at <Header> 
  at <Body style= {background: #f8f1e6} > 
  at <Html lang="en-US" dir="ltr" > 
  at <Default ref=Ref< undefined > > 
  at <AsyncComponentWrapper ref=Ref< undefined > > 
  at <LayoutLoader key="default" layoutProps= {ref: RefImpl} name="default" > 
  at <NuxtLayoutProvider layoutProps= {ref: RefImpl} key="default" name="default"  ... > 
  at <NuxtLayout> 
  at <App key=4 > 
  at <NuxtRoot> @ http://0.0.0.0:3001/_nuxt/@fs/Users/andrejkoval/Dev/vivadzen/src/front/node_modules/@vue/runtime-core/dist/runtime-core.esm-bundler.js?v=fd09ac8d:49
[    1024ms] [WARNING] [Vue warn]: Hydration style mismatch on JSHandle@node 
  - rendered on server: style="width:1em;height:1em;--c613ce94-iconUrl:url('https://api.iconify.design/mynaui/location.svg');"
  - expected on client: style="width:1em;height:1em;"
  Note: this mismatch is check-only. The DOM will not be rectified in production due to performance overhead.
  You should fix the source of the mismatch. 
  at <IconCSS name="mynaui:location" class="hero-mobile-menu__contact-icon" > 
  at <Header> 
  at <Body style= {background: #f8f1e6} > 
  at <Html lang="en-US" dir="ltr" > 
  at <Default ref=Ref< undefined > > 
  at <AsyncComponentWrapper ref=Ref< undefined > > 
  at <LayoutLoader key="default" layoutProps= {ref: RefImpl} name="default" > 
  at <NuxtLayoutProvider layoutProps= {ref: RefImpl} key="default" name="default"  ... > 
  at <NuxtLayout> 
  at <App key=4 > 
  at <NuxtRoot> @ http://0.0.0.0:3001/_nuxt/@fs/Users/andrejkoval/Dev/vivadzen/src/front/node_modules/@vue/runtime-core/dist/runtime-core.esm-bundler.js?v=fd09ac8d:49
[    1024ms] [WARNING] [Vue warn]: Hydration style mismatch on JSHandle@node 
  - rendered on server: style="width:1em;height:1em;--c613ce94-iconUrl:url('https://api.iconify.design/mynaui/clock-4.svg');"
  - expected on client: style="width:1em;height:1em;"
  Note: this mismatch is check-only. The DOM will not be rectified in production due to performance overhead.
  You should fix the source of the mismatch. 
  at <IconCSS name="mynaui:clock-4" class="hero-mobile-menu__contact-icon" > 
  at <Header> 
  at <Body style= {background: #f8f1e6} > 
  at <Html lang="en-US" dir="ltr" > 
  at <Default ref=Ref< undefined > > 
  at <AsyncComponentWrapper ref=Ref< undefined > > 
  at <LayoutLoader key="default" layoutProps= {ref: RefImpl} name="default" > 
  at <NuxtLayoutProvider layoutProps= {ref: RefImpl} key="default" name="default"  ... > 
  at <NuxtLayout> 
  at <App key=4 > 
  at <NuxtRoot> @ http://0.0.0.0:3001/_nuxt/@fs/Users/andrejkoval/Dev/vivadzen/src/front/node_modules/@vue/runtime-core/dist/runtime-core.esm-bundler.js?v=fd09ac8d:49
[    1027ms] [WARNING] [Vue warn]: Hydration style mismatch on JSHandle@node 
  - rendered on server: style="width:1em;height:1em;--c613ce94-iconUrl:url('https://api.iconify.design/ph/telegram-logo.svg');"
  - expected on client: style="width:1em;height:1em;"
  Note: this mismatch is check-only. The DOM will not be rectified in production due to performance overhead.
  You should fix the source of the mismatch. 
  at <IconCSS name="ph:telegram-logo" > 
  at <SiteFooter> 
  at <Body style= {background: #f8f1e6} > 
  at <Html lang="en-US" dir="ltr" > 
  at <Default ref=Ref< undefined > > 
  at <AsyncComponentWrapper ref=Ref< undefined > > 
  at <LayoutLoader key="default" layoutProps= {ref: RefImpl} name="default" > 
  at <NuxtLayoutProvider layoutProps= {ref: RefImpl} key="default" name="default"  ... > 
  at <NuxtLayout> 
  at <App key=4 > 
  at <NuxtRoot> @ http://0.0.0.0:3001/_nuxt/@fs/Users/andrejkoval/Dev/vivadzen/src/front/node_modules/@vue/runtime-core/dist/runtime-core.esm-bundler.js?v=fd09ac8d:49
[    1028ms] [WARNING] [Vue warn]: Hydration style mismatch on JSHandle@node 
  - rendered on server: style="width:1em;height:1em;--c613ce94-iconUrl:url('https://api.iconify.design/ph/whatsapp-logo.svg');"
  - expected on client: style="width:1em;height:1em;"
  Note: this mismatch is check-only. The DOM will not be rectified in production due to performance overhead.
  You should fix the source of the mismatch. 
  at <IconCSS name="ph:whatsapp-logo" > 
  at <SiteFooter> 
  at <Body style= {background: #f8f1e6} > 
  at <Html lang="en-US" dir="ltr" > 
  at <Default ref=Ref< undefined > > 
  at <AsyncComponentWrapper ref=Ref< undefined > > 
  at <LayoutLoader key="default" layoutProps= {ref: RefImpl} name="default" > 
  at <NuxtLayoutProvider layoutProps= {ref: RefImpl} key="default" name="default"  ... > 
  at <NuxtLayout> 
  at <App key=4 > 
  at <NuxtRoot> @ http://0.0.0.0:3001/_nuxt/@fs/Users/andrejkoval/Dev/vivadzen/src/front/node_modules/@vue/runtime-core/dist/runtime-core.esm-bundler.js?v=fd09ac8d:49
[    1028ms] [WARNING] [Vue warn]: Hydration style mismatch on JSHandle@node 
  - rendered on server: style="width:1em;height:1em;--c613ce94-iconUrl:url('https://api.iconify.design/iconoir/instagram.svg');"
  - expected on client: style="width:1em;height:1em;"
  Note: this mismatch is check-only. The DOM will not be rectified in production due to performance overhead.
  You should fix the source of the mismatch. 
  at <IconCSS name="iconoir:instagram" > 
  at <SiteFooter> 
  at <Body style= {background: #f8f1e6} > 
  at <Html lang="en-US" dir="ltr" > 
  at <Default ref=Ref< undefined > > 
  at <AsyncComponentWrapper ref=Ref< undefined > > 
  at <LayoutLoader key="default" layoutProps= {ref: RefImpl} name="default" > 
  at <NuxtLayoutProvider layoutProps= {ref: RefImpl} key="default" name="default"  ... > 
  at <NuxtLayout> 
  at <App key=4 > 
  at <NuxtRoot> @ http://0.0.0.0:3001/_nuxt/@fs/Users/andrejkoval/Dev/vivadzen/src/front/node_modules/@vue/runtime-core/dist/runtime-core.esm-bundler.js?v=fd09ac8d:49
[    1034ms] [WARNING] [intlify] Not found parent scope. use the global scope. @ http://0.0.0.0:3001/_nuxt/node_modules/.cache/vite/client/deps/chunk-LY4OWT6B.js?v=fd09ac8d:3
[    1036ms] [WARNING] [Vue warn]: Hydration style mismatch on JSHandle@node 
  - rendered on server: style="width:1em;height:1em;--c613ce94-iconUrl:url('https://api.iconify.design/ci/shopping-cart-01.svg');"
  - expected on client: style="width:1em;height:1em;"
  Note: this mismatch is check-only. The DOM will not be rectified in production due to performance overhead.
  You should fix the source of the mismatch. 
  at <IconCSS name="ci:shopping-cart-01" class="kratom-product-card__action-icon" > 
  at <ProductCard key=391 product= {id: 391, name: Green Rurut Nano kratom powder - 25g, slug: zeleny-rurut-nano-kratom-prasek-25g, price: 140.00, oldPrice: null} > 
  at <Index onVnodeUnmounted=fn<onVnodeUnmounted> ref=Ref< undefined > > 
  at <RouteProvider key="/en/catalog" vnode= {__v_isVNode: true, __v_skip: true, type: Object, props: Object, key: null} route= {fullPath: /en/catalog, hash: , query: Object, name: catalog___en, path: /en/catalog}  ... > 
  at <RouterView name=undefined route=undefined > 
  at <NuxtPage> 
  at <Body style= {background: #f8f1e6} > 
  at <Html lang="en-US" dir="ltr" > 
  at <Default ref=Ref< undefined > > 
  at <AsyncComponentWrapper ref=Ref< undefined > > 
  at <LayoutLoader key="default" layoutProps= {ref: RefImpl} name="default" > 
  at <NuxtLayoutProvider layoutProps= {ref: RefImpl} key="default" name="default"  ... > 
  at <NuxtLayout> 
  at <App key=4 > 
  at <NuxtRoot> @ http://0.0.0.0:3001/_nuxt/@fs/Users/andrejkoval/Dev/vivadzen/src/front/node_modules/@vue/runtime-core/dist/runtime-core.esm-bundler.js?v=fd09ac8d:49
[    1037ms] [WARNING] [intlify] Not found parent scope. use the global scope. @ http://0.0.0.0:3001/_nuxt/node_modules/.cache/vite/client/deps/chunk-LY4OWT6B.js?v=fd09ac8d:3
[    1037ms] [WARNING] [Vue warn]: Hydration style mismatch on JSHandle@node 
  - rendered on server: style="width:1em;height:1em;--c613ce94-iconUrl:url('https://api.iconify.design/ci/shopping-cart-01.svg');"
  - expected on client: style="width:1em;height:1em;"
  Note: this mismatch is check-only. The DOM will not be rectified in production due to performance overhead.
  You should fix the source of the mismatch. 
  at <IconCSS name="ci:shopping-cart-01" class="kratom-product-card__action-icon" > 
  at <ProductCard key=336 product= {id: 336, name: White Maeng Da Kratom powder, slug: bila-maeng-da-kratom-prasek-25g, price: 130.00, oldPrice: null} > 
  at <Index onVnodeUnmounted=fn<onVnodeUnmounted> ref=Ref< undefined > > 
  at <RouteProvider key="/en/catalog" vnode= {__v_isVNode: true, __v_skip: true, type: Object, props: Object, key: null} route= {fullPath: /en/catalog, hash: , query: Object, name: catalog___en, path: /en/catalog}  ... > 
  at <RouterView name=undefined route=undefined > 
  at <NuxtPage> 
  at <Body style= {background: #f8f1e6} > 
  at <Html lang="en-US" dir="ltr" > 
  at <Default ref=Ref< undefined > > 
  at <AsyncComponentWrapper ref=Ref< undefined > > 
  at <LayoutLoader key="default" layoutProps= {ref: RefImpl} name="default" > 
  at <NuxtLayoutProvider layoutProps= {ref: RefImpl} key="default" name="default"  ... > 
  at <NuxtLayout> 
  at <App key=4 > 
  at <NuxtRoot> @ http://0.0.0.0:3001/_nuxt/@fs/Users/andrejkoval/Dev/vivadzen/src/front/node_modules/@vue/runtime-core/dist/runtime-core.esm-bundler.js?v=fd09ac8d:49
[    1038ms] [WARNING] [intlify] Not found parent scope. use the global scope. @ http://0.0.0.0:3001/_nuxt/node_modules/.cache/vite/client/deps/chunk-LY4OWT6B.js?v=fd09ac8d:3
[    1038ms] [WARNING] [Vue warn]: Hydration style mismatch on JSHandle@node 
  - rendered on server: style="width:1em;height:1em;--c613ce94-iconUrl:url('https://api.iconify.design/ci/shopping-cart-01.svg');"
  - expected on client: style="width:1em;height:1em;"
  Note: this mismatch is check-only. The DOM will not be rectified in production due to performance overhead.
  You should fix the source of the mismatch. 
  at <IconCSS name="ci:shopping-cart-01" class="kratom-product-card__action-icon" > 
  at <ProductCard key=334 product= {id: 334, name: White Elephant Kratom powder, slug: bily-slon-kratom-prasek-25g, price: 140.00, oldPrice: null} > 
  at <Index onVnodeUnmounted=fn<onVnodeUnmounted> ref=Ref< undefined > > 
  at <RouteProvider key="/en/catalog" vnode= {__v_isVNode: true, __v_skip: true, type: Object, props: Object, key: null} route= {fullPath: /en/catalog, hash: , query: Object, name: catalog___en, path: /en/catalog}  ... > 
  at <RouterView name=undefined route=undefined > 
  at <NuxtPage> 
  at <Body style= {background: #f8f1e6} > 
  at <Html lang="en-US" dir="ltr" > 
  at <Default ref=Ref< undefined > > 
  at <AsyncComponentWrapper ref=Ref< undefined > > 
  at <LayoutLoader key="default" layoutProps= {ref: RefImpl} name="default" > 
  at <NuxtLayoutProvider layoutProps= {ref: RefImpl} key="default" name="default"  ... > 
  at <NuxtLayout> 
  at <App key=4 > 
  at <NuxtRoot> @ http://0.0.0.0:3001/_nuxt/@fs/Users/andrejkoval/Dev/vivadzen/src/front/node_modules/@vue/runtime-core/dist/runtime-core.esm-bundler.js?v=fd09ac8d:49
[    1041ms] [WARNING] [intlify] Not found parent scope. use the global scope. @ http://0.0.0.0:3001/_nuxt/node_modules/.cache/vite/client/deps/chunk-LY4OWT6B.js?v=fd09ac8d:3
[    1041ms] [WARNING] [Vue warn]: Hydration style mismatch on JSHandle@node 
  - rendered on server: style="width:1em;height:1em;--c613ce94-iconUrl:url('https://api.iconify.design/ci/shopping-cart-01.svg');"
  - expected on client: style="width:1em;height:1em;"
  Note: this mismatch is check-only. The DOM will not be rectified in production due to performance overhead.
  You should fix the source of the mismatch. 
  at <IconCSS name="ci:shopping-cart-01" class="kratom-product-card__action-icon" > 
  at <ProductCard key=333 product= {id: 333, name: Green Thai Kratom powder, slug: zeleny-thajsky-kratom-prasek-25g, price: 130.00, oldPrice: null} > 
  at <Index onVnodeUnmounted=fn<onVnodeUnmounted> ref=Ref< undefined > > 
  at <RouteProvider key="/en/catalog" vnode= {__v_isVNode: true, __v_skip: true, type: Object, props: Object, key: null} route= {fullPath: /en/catalog, hash: , query: Object, name: catalog___en, path: /en/catalog}  ... > 
  at <RouterView name=undefined route=undefined > 
  at <NuxtPage> 
  at <Body style= {background: #f8f1e6} > 
  at <Html lang="en-US" dir="ltr" > 
  at <Default ref=Ref< undefined > > 
  at <AsyncComponentWrapper ref=Ref< undefined > > 
  at <LayoutLoader key="default" layoutProps= {ref: RefImpl} name="default" > 
  at <NuxtLayoutProvider layoutProps= {ref: RefImpl} key="default" name="default"  ... > 
  at <NuxtLayout> 
  at <App key=4 > 
  at <NuxtRoot> @ http://0.0.0.0:3001/_nuxt/@fs/Users/andrejkoval/Dev/vivadzen/src/front/node_modules/@vue/runtime-core/dist/runtime-core.esm-bundler.js?v=fd09ac8d:49
[    1042ms] [WARNING] [intlify] Not found parent scope. use the global scope. @ http://0.0.0.0:3001/_nuxt/node_modules/.cache/vite/client/deps/chunk-LY4OWT6B.js?v=fd09ac8d:3
[    1042ms] [WARNING] [Vue warn]: Hydration style mismatch on JSHandle@node 
  - rendered on server: style="width:1em;height:1em;--c613ce94-iconUrl:url('https://api.iconify.design/ci/shopping-cart-01.svg');"
  - expected on client: style="width:1em;height:1em;"
  Note: this mismatch is check-only. The DOM will not be rectified in production due to performance overhead.
  You should fix the source of the mismatch. 
  at <IconCSS name="ci:shopping-cart-01" class="kratom-product-card__action-icon" > 
  at <ProductCard key=332 product= {id: 332, name: Red Maeng Da Kratom powder, slug: cervena-maeng-da-kratom-prasek-25g, price: 130.00, oldPrice: null} > 
  at <Index onVnodeUnmounted=fn<onVnodeUnmounted> ref=Ref< undefined > > 
  at <RouteProvider key="/en/catalog" vnode= {__v_isVNode: true, __v_skip: true, type: Object, props: Object, key: null} route= {fullPath: /en/catalog, hash: , query: Object, name: catalog___en, path: /en/catalog}  ... > 
  at <RouterView name=undefined route=undefined > 
  at <NuxtPage> 
  at <Body style= {background: #f8f1e6} > 
  at <Html lang="en-US" dir="ltr" > 
  at <Default ref=Ref< undefined > > 
  at <AsyncComponentWrapper ref=Ref< undefined > > 
  at <LayoutLoader key="default" layoutProps= {ref: RefImpl} name="default" > 
  at <NuxtLayoutProvider layoutProps= {ref: RefImpl} key="default" name="default"  ... > 
  at <NuxtLayout> 
  at <App key=4 > 
  at <NuxtRoot> @ http://0.0.0.0:3001/_nuxt/@fs/Users/andrejkoval/Dev/vivadzen/src/front/node_modules/@vue/runtime-core/dist/runtime-core.esm-bundler.js?v=fd09ac8d:49
[    1043ms] [WARNING] [intlify] Not found parent scope. use the global scope. @ http://0.0.0.0:3001/_nuxt/node_modules/.cache/vite/client/deps/chunk-LY4OWT6B.js?v=fd09ac8d:3
[    1043ms] [WARNING] [Vue warn]: Hydration style mismatch on JSHandle@node 
  - rendered on server: style="width:1em;height:1em;--c613ce94-iconUrl:url('https://api.iconify.design/ci/shopping-cart-01.svg');"
  - expected on client: style="width:1em;height:1em;"
  Note: this mismatch is check-only. The DOM will not be rectified in production due to performance overhead.
  You should fix the source of the mismatch. 
  at <IconCSS name="ci:shopping-cart-01" class="kratom-product-card__action-icon" > 
  at <ProductCard key=331 product= {id: 331, name: Green Maeng Da Kratom powder, slug: zelena-maeng-da-kratom-prasek-25g, price: 130.00, oldPrice: null} > 
  at <Index onVnodeUnmounted=fn<onVnodeUnmounted> ref=Ref< undefined > > 
  at <RouteProvider key="/en/catalog" vnode= {__v_isVNode: true, __v_skip: true, type: Object, props: Object, key: null} route= {fullPath: /en/catalog, hash: , query: Object, name: catalog___en, path: /en/catalog}  ... > 
  at <RouterView name=undefined route=undefined > 
  at <NuxtPage> 
  at <Body style= {background: #f8f1e6} > 
  at <Html lang="en-US" dir="ltr" > 
  at <Default ref=Ref< undefined > > 
  at <AsyncComponentWrapper ref=Ref< undefined > > 
  at <LayoutLoader key="default" layoutProps= {ref: RefImpl} name="default" > 
  at <NuxtLayoutProvider layoutProps= {ref: RefImpl} key="default" name="default"  ... > 
  at <NuxtLayout> 
  at <App key=4 > 
  at <NuxtRoot> @ http://0.0.0.0:3001/_nuxt/@fs/Users/andrejkoval/Dev/vivadzen/src/front/node_modules/@vue/runtime-core/dist/runtime-core.esm-bundler.js?v=fd09ac8d:49
[    1045ms] [LOG] [nuxt-app] page:finish: 1.432861328125 ms [Object] @ http://0.0.0.0:3001/_nuxt/@fs/Users/andrejkoval/Dev/vivadzen/src/front/node_modules/hookable/dist/index.mjs?v=fd09ac8d:271
[    1046ms] [LOG] [nuxt-app] page:loading:end: 0.798095703125 ms [] @ http://0.0.0.0:3001/_nuxt/@fs/Users/andrejkoval/Dev/vivadzen/src/front/node_modules/hookable/dist/index.mjs?v=fd09ac8d:271
[    1050ms] [WARNING] [intlify] Not found 'logo_alt' key in 'en' locale messages. @ http://0.0.0.0:3001/_nuxt/node_modules/.cache/vite/client/deps/chunk-LY4OWT6B.js?v=fd09ac8d:3
[    1050ms] [WARNING] [intlify] Fall back to translate 'logo_alt' key with 'cs' locale. @ http://0.0.0.0:3001/_nuxt/node_modules/.cache/vite/client/deps/chunk-LY4OWT6B.js?v=fd09ac8d:3
[    1051ms] [WARNING] [intlify] Not found 'logo_alt' key in 'cs' locale messages. @ http://0.0.0.0:3001/_nuxt/node_modules/.cache/vite/client/deps/chunk-LY4OWT6B.js?v=fd09ac8d:3
[    1051ms] [WARNING] [intlify] Fall back to translate 'logo_alt' with root locale. @ http://0.0.0.0:3001/_nuxt/node_modules/.cache/vite/client/deps/chunk-LY4OWT6B.js?v=fd09ac8d:3
[    1051ms] [WARNING] [intlify] Not found 'logo_alt' key in 'en' locale messages. @ http://0.0.0.0:3001/_nuxt/node_modules/.cache/vite/client/deps/chunk-LY4OWT6B.js?v=fd09ac8d:3
[    1051ms] [WARNING] [intlify] Fall back to translate 'logo_alt' key with 'cs' locale. @ http://0.0.0.0:3001/_nuxt/node_modules/.cache/vite/client/deps/chunk-LY4OWT6B.js?v=fd09ac8d:3
[    1051ms] [WARNING] [intlify] Not found 'logo_alt' key in 'cs' locale messages. @ http://0.0.0.0:3001/_nuxt/node_modules/.cache/vite/client/deps/chunk-LY4OWT6B.js?v=fd09ac8d:3
[    1051ms] [WARNING] [intlify] Not found 'title.cart' key in 'en' locale messages. @ http://0.0.0.0:3001/_nuxt/node_modules/.cache/vite/client/deps/chunk-LY4OWT6B.js?v=fd09ac8d:3
[    1051ms] [WARNING] [intlify] Fall back to translate 'title.cart' key with 'cs' locale. @ http://0.0.0.0:3001/_nuxt/node_modules/.cache/vite/client/deps/chunk-LY4OWT6B.js?v=fd09ac8d:3
[    1051ms] [WARNING] [intlify] Not found 'title.cart' key in 'cs' locale messages. @ http://0.0.0.0:3001/_nuxt/node_modules/.cache/vite/client/deps/chunk-LY4OWT6B.js?v=fd09ac8d:3
[    1051ms] [WARNING] [intlify] Fall back to translate 'title.cart' with root locale. @ http://0.0.0.0:3001/_nuxt/node_modules/.cache/vite/client/deps/chunk-LY4OWT6B.js?v=fd09ac8d:3
[    1054ms] [WARNING] [intlify] Not found 'logo_alt' key in 'en' locale messages. @ http://0.0.0.0:3001/_nuxt/node_modules/.cache/vite/client/deps/chunk-LY4OWT6B.js?v=fd09ac8d:3
[    1054ms] [WARNING] [intlify] Fall back to translate 'logo_alt' key with 'cs' locale. @ http://0.0.0.0:3001/_nuxt/node_modules/.cache/vite/client/deps/chunk-LY4OWT6B.js?v=fd09ac8d:3
[    1054ms] [WARNING] [intlify] Not found 'logo_alt' key in 'cs' locale messages. @ http://0.0.0.0:3001/_nuxt/node_modules/.cache/vite/client/deps/chunk-LY4OWT6B.js?v=fd09ac8d:3
[    1054ms] [WARNING] [intlify] Fall back to translate 'logo_alt' with root locale. @ http://0.0.0.0:3001/_nuxt/node_modules/.cache/vite/client/deps/chunk-LY4OWT6B.js?v=fd09ac8d:3
[    1054ms] [WARNING] [intlify] Not found 'logo_alt' key in 'en' locale messages. @ http://0.0.0.0:3001/_nuxt/node_modules/.cache/vite/client/deps/chunk-LY4OWT6B.js?v=fd09ac8d:3
[    1054ms] [WARNING] [intlify] Fall back to translate 'logo_alt' key with 'cs' locale. @ http://0.0.0.0:3001/_nuxt/node_modules/.cache/vite/client/deps/chunk-LY4OWT6B.js?v=fd09ac8d:3
[    1054ms] [WARNING] [intlify] Not found 'logo_alt' key in 'cs' locale messages. @ http://0.0.0.0:3001/_nuxt/node_modules/.cache/vite/client/deps/chunk-LY4OWT6B.js?v=fd09ac8d:3
[    1055ms] [WARNING] [intlify] Not found 'title.cart' key in 'en' locale messages. @ http://0.0.0.0:3001/_nuxt/node_modules/.cache/vite/client/deps/chunk-LY4OWT6B.js?v=fd09ac8d:3
[    1055ms] [WARNING] [intlify] Fall back to translate 'title.cart' key with 'cs' locale. @ http://0.0.0.0:3001/_nuxt/node_modules/.cache/vite/client/deps/chunk-LY4OWT6B.js?v=fd09ac8d:3
[    1055ms] [WARNING] [intlify] Not found 'title.cart' key in 'cs' locale messages. @ http://0.0.0.0:3001/_nuxt/node_modules/.cache/vite/client/deps/chunk-LY4OWT6B.js?v=fd09ac8d:3
[    1055ms] [WARNING] [intlify] Fall back to translate 'title.cart' with root locale. @ http://0.0.0.0:3001/_nuxt/node_modules/.cache/vite/client/deps/chunk-LY4OWT6B.js?v=fd09ac8d:3
[    1064ms] [LOG] [nuxt-app] schema-org:meta: 0.073974609375 ms [Object] @ http://0.0.0.0:3001/_nuxt/@fs/Users/andrejkoval/Dev/vivadzen/src/front/node_modules/hookable/dist/index.mjs?v=fd09ac8d:271
[    1065ms] [LOG] [nuxt-app] app:suspense:resolve: 11.7109375 ms [] @ http://0.0.0.0:3001/_nuxt/@fs/Users/andrejkoval/Dev/vivadzen/src/front/node_modules/hookable/dist/index.mjs?v=fd09ac8d:271
[    1596ms] [LOG] [nuxt-app] i18n:beforeLocaleSwitch: 0.130126953125 ms [Object] @ http://0.0.0.0:3001/_nuxt/@fs/Users/andrejkoval/Dev/vivadzen/src/front/node_modules/hookable/dist/index.mjs?v=fd09ac8d:271
[    1598ms] [LOG] %cssr%c %s: %s 
      background: #7f8c8d;
      border-radius: 0.5em;
      color: white;
      font-weight: bold;
      padding: 2px 0.5em;
      [nitro-runtime] request 0.042ms 
  at timeLogImpl (node:internal/console/constructor)
  at node:internal/console/constructor
  at timeLogImpl (node:internal/util/debuglog)
 @ http://0.0.0.0:3001/_nuxt/@fs/Users/andrejkoval/Dev/vivadzen/src/front/node_modules/consola/dist/browser.mjs?v=fd09ac8d:47
[    1598ms] [LOG] %cssr%c %s: %s 
      background: #7f8c8d;
      border-radius: 0.5em;
      color: white;
      font-weight: bold;
      padding: 2px 0.5em;
      [nitro-runtime] site-config:init 0.019ms 
  at timeLogImpl (node:internal/console/constructor)
  at node:internal/console/constructor
  at timeLogImpl (node:internal/util/debuglog)
 @ http://0.0.0.0:3001/_nuxt/@fs/Users/andrejkoval/Dev/vivadzen/src/front/node_modules/consola/dist/browser.mjs?v=fd09ac8d:47
[    1598ms] [LOG] %cssr%c %s: %s 
      background: #7f8c8d;
      border-radius: 0.5em;
      color: white;
      font-weight: bold;
      padding: 2px 0.5em;
      [nitro-runtime] render:before 0.016ms 
  at timeLogImpl (node:internal/console/constructor)
  at node:internal/console/constructor
  at timeLogImpl (node:internal/util/debuglog)
 @ http://0.0.0.0:3001/_nuxt/@fs/Users/andrejkoval/Dev/vivadzen/src/front/node_modules/consola/dist/browser.mjs?v=fd09ac8d:47
[    1598ms] [LOG] %cssr%c %s: %s 
      background: #7f8c8d;
      border-radius: 0.5em;
      color: white;
      font-weight: bold;
      padding: 2px 0.5em;
      [nuxt-app] i18n:beforeLocaleSwitch 0.006ms 
  at timeLogImpl (node:internal/console/constructor)
  at node:internal/console/constructor
  at timeLogImpl (node:internal/util/debuglog)
 @ http://0.0.0.0:3001/_nuxt/@fs/Users/andrejkoval/Dev/vivadzen/src/front/node_modules/consola/dist/browser.mjs?v=fd09ac8d:47
[    1598ms] [LOG] %cssr%c %s: %s 
      background: #7f8c8d;
      border-radius: 0.5em;
      color: white;
      font-weight: bold;
      padding: 2px 0.5em;
      [nuxt-app] page:loading:start 0.003ms 
  at timeLogImpl (node:internal/console/constructor)
  at node:internal/console/constructor
  at timeLogImpl (node:internal/util/debuglog)
 @ http://0.0.0.0:3001/_nuxt/@fs/Users/andrejkoval/Dev/vivadzen/src/front/node_modules/consola/dist/browser.mjs?v=fd09ac8d:47
[    1598ms] [LOG] %cssr%c %s: %s 
      background: #7f8c8d;
      border-radius: 0.5em;
      color: white;
      font-weight: bold;
      padding: 2px 0.5em;
      [nuxt-app] i18n:beforeLocaleSwitch 0.011ms 
  at timeLogImpl (node:internal/console/constructor)
  at node:internal/console/constructor
  at timeLogImpl (node:internal/util/debuglog)
 @ http://0.0.0.0:3001/_nuxt/@fs/Users/andrejkoval/Dev/vivadzen/src/front/node_modules/consola/dist/browser.mjs?v=fd09ac8d:47
[    1598ms] [LOG] %cssr%c %s: %s 
      background: #7f8c8d;
      border-radius: 0.5em;
      color: white;
      font-weight: bold;
      padding: 2px 0.5em;
      [nuxt-app] app:created 4.535ms 
  at timeLogImpl (node:internal/console/constructor)
  at node:internal/console/constructor
  at timeLogImpl (node:internal/util/debuglog)
 @ http://0.0.0.0:3001/_nuxt/@fs/Users/andrejkoval/Dev/vivadzen/src/front/node_modules/consola/dist/browser.mjs?v=fd09ac8d:47
[    1598ms] [LOG] %cssr%c %s: %s 
      background: #7f8c8d;
      border-radius: 0.5em;
      color: white;
      font-weight: bold;
      padding: 2px 0.5em;
      [nuxt-app] vue:setup 0.003ms 
  at timeLogImpl (node:internal/console/constructor)
  at node:internal/console/constructor
  at timeLogImpl (node:internal/util/debuglog)
 @ http://0.0.0.0:3001/_nuxt/@fs/Users/andrejkoval/Dev/vivadzen/src/front/node_modules/consola/dist/browser.mjs?v=fd09ac8d:47
[    1598ms] [WARNING] %cssr:warn%c [intlify] Not found 'logo_alt' key in 'en' locale messages. 
      background: #f39c12;
      border-radius: 0.5em;
      color: white;
      font-weight: bold;
      padding: 2px 0.5em;
      
  at warn (/Users/andrejkoval/Dev/vivadzen/src/front/node_modules/@intlify/shared/dist/shared.mjs)
  at handleMissing (/Users/andrejkoval/Dev/vivadzen/src/front/node_modules/@intlify/core-base/dist/core-base.mjs)
  at resolveMessageFormat (/Users/andrejkoval/Dev/vivadzen/src/front/node_modules/@intlify/core-base/dist/core-base.mjs)
 @ http://0.0.0.0:3001/_nuxt/@fs/Users/andrejkoval/Dev/vivadzen/src/front/node_modules/consola/dist/browser.mjs?v=fd09ac8d:47
[    1598ms] [WARNING] %cssr:warn%c [intlify] Fall back to translate 'logo_alt' key with 'cs' locale. 
      background: #f39c12;
      border-radius: 0.5em;
      color: white;
      font-weight: bold;
      padding: 2px 0.5em;
      
  at warn (/Users/andrejkoval/Dev/vivadzen/src/front/node_modules/@intlify/shared/dist/shared.mjs)
  at resolveMessageFormat (/Users/andrejkoval/Dev/vivadzen/src/front/node_modules/@intlify/core-base/dist/core-base.mjs)
  at translate (/Users/andrejkoval/Dev/vivadzen/src/front/node_modules/@intlify/core-base/dist/core-base.mjs)
 @ http://0.0.0.0:3001/_nuxt/@fs/Users/andrejkoval/Dev/vivadzen/src/front/node_modules/consola/dist/browser.mjs?v=fd09ac8d:47
[    1598ms] [WARNING] %cssr:warn%c [intlify] Not found 'logo_alt' key in 'cs' locale messages. 
      background: #f39c12;
      border-radius: 0.5em;
      color: white;
      font-weight: bold;
      padding: 2px 0.5em;
      
  at warn (/Users/andrejkoval/Dev/vivadzen/src/front/node_modules/@intlify/shared/dist/shared.mjs)
  at handleMissing (/Users/andrejkoval/Dev/vivadzen/src/front/node_modules/@intlify/core-base/dist/core-base.mjs)
  at resolveMessageFormat (/Users/andrejkoval/Dev/vivadzen/src/front/node_modules/@intlify/core-base/dist/core-base.mjs)
 @ http://0.0.0.0:3001/_nuxt/@fs/Users/andrejkoval/Dev/vivadzen/src/front/node_modules/consola/dist/browser.mjs?v=fd09ac8d:47
[    1598ms] [WARNING] %cssr:warn%c [intlify] Fall back to translate 'logo_alt' with root locale. 
      background: #f39c12;
      border-radius: 0.5em;
      color: white;
      font-weight: bold;
      padding: 2px 0.5em;
      
  at warn (/Users/andrejkoval/Dev/vivadzen/src/front/node_modules/@intlify/shared/dist/shared.mjs)
  at wrapWithDeps (/Users/andrejkoval/Dev/vivadzen/src/front/node_modules/vue-i18n/dist/vue-i18n.mjs)
  at Proxy.t (/Users/andrejkoval/Dev/vivadzen/src/front/node_modules/vue-i18n/dist/vue-i18n.mjs)
 @ http://0.0.0.0:3001/_nuxt/@fs/Users/andrejkoval/Dev/vivadzen/src/front/node_modules/consola/dist/browser.mjs?v=fd09ac8d:47
[    1598ms] [WARNING] %cssr:warn%c [intlify] Not found 'logo_alt' key in 'en' locale messages. 
      background: #f39c12;
      border-radius: 0.5em;
      color: white;
      font-weight: bold;
      padding: 2px 0.5em;
      
  at warn (/Users/andrejkoval/Dev/vivadzen/src/front/node_modules/@intlify/shared/dist/shared.mjs)
  at handleMissing (/Users/andrejkoval/Dev/vivadzen/src/front/node_modules/@intlify/core-base/dist/core-base.mjs)
  at resolveMessageFormat (/Users/andrejkoval/Dev/vivadzen/src/front/node_modules/@intlify/core-base/dist/core-base.mjs)
 @ http://0.0.0.0:3001/_nuxt/@fs/Users/andrejkoval/Dev/vivadzen/src/front/node_modules/consola/dist/browser.mjs?v=fd09ac8d:47
[    1599ms] [WARNING] %cssr:warn%c [intlify] Fall back to translate 'logo_alt' key with 'cs' locale. 
      background: #f39c12;
      border-radius: 0.5em;
      color: white;
      font-weight: bold;
      padding: 2px 0.5em;
      
  at warn (/Users/andrejkoval/Dev/vivadzen/src/front/node_modules/@intlify/shared/dist/shared.mjs)
  at resolveMessageFormat (/Users/andrejkoval/Dev/vivadzen/src/front/node_modules/@intlify/core-base/dist/core-base.mjs)
  at translate (/Users/andrejkoval/Dev/vivadzen/src/front/node_modules/@intlify/core-base/dist/core-base.mjs)
 @ http://0.0.0.0:3001/_nuxt/@fs/Users/andrejkoval/Dev/vivadzen/src/front/node_modules/consola/dist/browser.mjs?v=fd09ac8d:47
[    1599ms] [WARNING] %cssr:warn%c [intlify] Not found 'logo_alt' key in 'cs' locale messages. 
      background: #f39c12;
      border-radius: 0.5em;
      color: white;
      font-weight: bold;
      padding: 2px 0.5em;
      
  at warn (/Users/andrejkoval/Dev/vivadzen/src/front/node_modules/@intlify/shared/dist/shared.mjs)
  at handleMissing (/Users/andrejkoval/Dev/vivadzen/src/front/node_modules/@intlify/core-base/dist/core-base.mjs)
  at resolveMessageFormat (/Users/andrejkoval/Dev/vivadzen/src/front/node_modules/@intlify/core-base/dist/core-base.mjs)
 @ http://0.0.0.0:3001/_nuxt/@fs/Users/andrejkoval/Dev/vivadzen/src/front/node_modules/consola/dist/browser.mjs?v=fd09ac8d:47
[    1599ms] [WARNING] %cssr:warn%c [intlify] Not found 'title.cart' key in 'en' locale messages. 
      background: #f39c12;
      border-radius: 0.5em;
      color: white;
      font-weight: bold;
      padding: 2px 0.5em;
      
  at warn (/Users/andrejkoval/Dev/vivadzen/src/front/node_modules/@intlify/shared/dist/shared.mjs)
  at handleMissing (/Users/andrejkoval/Dev/vivadzen/src/front/node_modules/@intlify/core-base/dist/core-base.mjs)
  at resolveMessageFormat (/Users/andrejkoval/Dev/vivadzen/src/front/node_modules/@intlify/core-base/dist/core-base.mjs)
 @ http://0.0.0.0:3001/_nuxt/@fs/Users/andrejkoval/Dev/vivadzen/src/front/node_modules/consola/dist/browser.mjs?v=fd09ac8d:47
[    1599ms] [WARNING] %cssr:warn%c [intlify] Fall back to translate 'title.cart' key with 'cs' locale. 
      background: #f39c12;
      border-radius: 0.5em;
      color: white;
      font-weight: bold;
      padding: 2px 0.5em;
      
  at warn (/Users/andrejkoval/Dev/vivadzen/src/front/node_modules/@intlify/shared/dist/shared.mjs)
  at resolveMessageFormat (/Users/andrejkoval/Dev/vivadzen/src/front/node_modules/@intlify/core-base/dist/core-base.mjs)
  at translate (/Users/andrejkoval/Dev/vivadzen/src/front/node_modules/@intlify/core-base/dist/core-base.mjs)
 @ http://0.0.0.0:3001/_nuxt/@fs/Users/andrejkoval/Dev/vivadzen/src/front/node_modules/consola/dist/browser.mjs?v=fd09ac8d:47
[    1599ms] [WARNING] %cssr:warn%c [intlify] Not found 'title.cart' key in 'cs' locale messages. 
      background: #f39c12;
      border-radius: 0.5em;
      color: white;
      font-weight: bold;
      padding: 2px 0.5em;
      
  at warn (/Users/andrejkoval/Dev/vivadzen/src/front/node_modules/@intlify/shared/dist/shared.mjs)
  at handleMissing (/Users/andrejkoval/Dev/vivadzen/src/front/node_modules/@intlify/core-base/dist/core-base.mjs)
  at resolveMessageFormat (/Users/andrejkoval/Dev/vivadzen/src/front/node_modules/@intlify/core-base/dist/core-base.mjs)
 @ http://0.0.0.0:3001/_nuxt/@fs/Users/andrejkoval/Dev/vivadzen/src/front/node_modules/consola/dist/browser.mjs?v=fd09ac8d:47
[    1599ms] [WARNING] %cssr:warn%c [intlify] Fall back to translate 'title.cart' with root locale. 
      background: #f39c12;
      border-radius: 0.5em;
      color: white;
      font-weight: bold;
      padding: 2px 0.5em;
      
  at warn (/Users/andrejkoval/Dev/vivadzen/src/front/node_modules/@intlify/shared/dist/shared.mjs)
  at wrapWithDeps (/Users/andrejkoval/Dev/vivadzen/src/front/node_modules/vue-i18n/dist/vue-i18n.mjs)
  at Proxy.t (/Users/andrejkoval/Dev/vivadzen/src/front/node_modules/vue-i18n/dist/vue-i18n.mjs)
 @ http://0.0.0.0:3001/_nuxt/@fs/Users/andrejkoval/Dev/vivadzen/src/front/node_modules/consola/dist/browser.mjs?v=fd09ac8d:47
[    1599ms] [WARNING] %cssr:warn%c [intlify] Not found parent scope. use the global scope. 
      background: #f39c12;
      border-radius: 0.5em;
      color: white;
      font-weight: bold;
      padding: 2px 0.5em;
      
  at warn (/Users/andrejkoval/Dev/vivadzen/src/front/node_modules/@intlify/shared/dist/shared.mjs)
  at useI18n (/Users/andrejkoval/Dev/vivadzen/src/front/node_modules/vue-i18n/dist/vue-i18n.mjs)
  at setup (/Users/andrejkoval/Dev/vivadzen/src/front/node_modules/vue-i18n/dist/vue-i18n.mjs)
 @ http://0.0.0.0:3001/_nuxt/@fs/Users/andrejkoval/Dev/vivadzen/src/front/node_modules/consola/dist/browser.mjs?v=fd09ac8d:47
[    1599ms] [WARNING] %cssr:warn%c [intlify] Not found parent scope. use the global scope. 
      background: #f39c12;
      border-radius: 0.5em;
      color: white;
      font-weight: bold;
      padding: 2px 0.5em;
      
  at warn (/Users/andrejkoval/Dev/vivadzen/src/front/node_modules/@intlify/shared/dist/shared.mjs)
  at useI18n (/Users/andrejkoval/Dev/vivadzen/src/front/node_modules/vue-i18n/dist/vue-i18n.mjs)
  at setup (/Users/andrejkoval/Dev/vivadzen/src/front/node_modules/vue-i18n/dist/vue-i18n.mjs)
 @ http://0.0.0.0:3001/_nuxt/@fs/Users/andrejkoval/Dev/vivadzen/src/front/node_modules/consola/dist/browser.mjs?v=fd09ac8d:47
[    1599ms] [WARNING] %cssr:warn%c [intlify] Not found parent scope. use the global scope. 
      background: #f39c12;
      border-radius: 0.5em;
      color: white;
      font-weight: bold;
      padding: 2px 0.5em;
      
  at warn (/Users/andrejkoval/Dev/vivadzen/src/front/node_modules/@intlify/shared/dist/shared.mjs)
  at useI18n (/Users/andrejkoval/Dev/vivadzen/src/front/node_modules/vue-i18n/dist/vue-i18n.mjs)
  at setup (/Users/andrejkoval/Dev/vivadzen/src/front/node_modules/vue-i18n/dist/vue-i18n.mjs)
 @ http://0.0.0.0:3001/_nuxt/@fs/Users/andrejkoval/Dev/vivadzen/src/front/node_modules/consola/dist/browser.mjs?v=fd09ac8d:47
[    1599ms] [WARNING] %cssr:warn%c [intlify] Not found parent scope. use the global scope. 
      background: #f39c12;
      border-radius: 0.5em;
      color: white;
      font-weight: bold;
      padding: 2px 0.5em;
      
  at warn (/Users/andrejkoval/Dev/vivadzen/src/front/node_modules/@intlify/shared/dist/shared.mjs)
  at useI18n (/Users/andrejkoval/Dev/vivadzen/src/front/node_modules/vue-i18n/dist/vue-i18n.mjs)
  at setup (/Users/andrejkoval/Dev/vivadzen/src/front/node_modules/vue-i18n/dist/vue-i18n.mjs)
 @ http://0.0.0.0:3001/_nuxt/@fs/Users/andrejkoval/Dev/vivadzen/src/front/node_modules/consola/dist/browser.mjs?v=fd09ac8d:47
[    1599ms] [WARNING] %cssr:warn%c [intlify] Not found parent scope. use the global scope. 
      background: #f39c12;
      border-radius: 0.5em;
      color: white;
      font-weight: bold;
      padding: 2px 0.5em;
      
  at warn (/Users/andrejkoval/Dev/vivadzen/src/front/node_modules/@intlify/shared/dist/shared.mjs)
  at useI18n (/Users/andrejkoval/Dev/vivadzen/src/front/node_modules/vue-i18n/dist/vue-i18n.mjs)
  at setup (/Users/andrejkoval/Dev/vivadzen/src/front/node_modules/vue-i18n/dist/vue-i18n.mjs)
 @ http://0.0.0.0:3001/_nuxt/@fs/Users/andrejkoval/Dev/vivadzen/src/front/node_modules/consola/dist/browser.mjs?v=fd09ac8d:47
[    1599ms] [WARNING] %cssr:warn%c [intlify] Not found parent scope. use the global scope. 
      background: #f39c12;
      border-radius: 0.5em;
      color: white;
      font-weight: bold;
      padding: 2px 0.5em;
      
  at timeLogImpl (node:internal/console/constructor)
  at node:internal/console/constructor
  at timeLogImpl (node:internal/util/debuglog)
 @ http://0.0.0.0:3001/_nuxt/@fs/Users/andrejkoval/Dev/vivadzen/src/front/node_modules/consola/dist/browser.mjs?v=fd09ac8d:47
[    1599ms] [LOG] %cssr%c %s: %s 
      background: #7f8c8d;
      border-radius: 0.5em;
      color: white;
      font-weight: bold;
      padding: 2px 0.5em;
      [nuxt-app] app:rendered 0.096ms 
  at timeLogImpl (node:internal/console/constructor)
  at node:internal/console/constructor
  at timeLogImpl (node:internal/util/debuglog)
 @ http://0.0.0.0:3001/_nuxt/@fs/Users/andrejkoval/Dev/vivadzen/src/front/node_modules/consola/dist/browser.mjs?v=fd09ac8d:47
[    1599ms] [LOG] %cssr%c %s: %s 
      background: #7f8c8d;
      border-radius: 0.5em;
      color: white;
      font-weight: bold;
      padding: 2px 0.5em;
      [nuxt-app] schema-org:meta 0.004ms 
  at timeLogImpl (node:internal/console/constructor)
  at node:internal/console/constructor
  at timeLogImpl (node:internal/util/debuglog)
 @ http://0.0.0.0:3001/_nuxt/@fs/Users/andrejkoval/Dev/vivadzen/src/front/node_modules/consola/dist/browser.mjs?v=fd09ac8d:47
[    1599ms] [LOG] [nuxt-app] dev:ssr-logs: 0.876953125 ms [Array(27)] @ http://0.0.0.0:3001/_nuxt/@fs/Users/andrejkoval/Dev/vivadzen/src/front/node_modules/hookable/dist/index.mjs?v=fd09ac8d:271
[    1600ms] [LOG] [nuxt-app] page:loading:start: 0.0419921875 ms [] @ http://0.0.0.0:3001/_nuxt/@fs/Users/andrejkoval/Dev/vivadzen/src/front/node_modules/hookable/dist/index.mjs?v=fd09ac8d:271
[    1615ms] [WARNING] Timer '[nuxt-app] i18n:beforeLocaleSwitch' already exists @ http://0.0.0.0:3001/_nuxt/@fs/Users/andrejkoval/Dev/vivadzen/src/front/node_modules/hookable/dist/index.mjs?v=fd09ac8d:261
[    1615ms] [LOG] [nuxt-app] i18n:beforeLocaleSwitch: 20.044921875 ms [Object] @ http://0.0.0.0:3001/_nuxt/@fs/Users/andrejkoval/Dev/vivadzen/src/front/node_modules/hookable/dist/index.mjs?v=fd09ac8d:271
[    1616ms] [LOG] [nuxt-app] app:created: 15.794189453125 ms [Object] @ http://0.0.0.0:3001/_nuxt/@fs/Users/andrejkoval/Dev/vivadzen/src/front/node_modules/hookable/dist/index.mjs?v=fd09ac8d:271
[    1616ms] [LOG] [nuxt-app] app:beforeMount: 0.01513671875 ms [Object] @ http://0.0.0.0:3001/_nuxt/@fs/Users/andrejkoval/Dev/vivadzen/src/front/node_modules/hookable/dist/index.mjs?v=fd09ac8d:271
[    1616ms] [LOG] [nuxt-app] vue:setup: 0.051025390625 ms [] @ http://0.0.0.0:3001/_nuxt/@fs/Users/andrejkoval/Dev/vivadzen/src/front/node_modules/hookable/dist/index.mjs?v=fd09ac8d:271
[    1617ms] [INFO] <Suspense> is an experimental feature and its API will likely change. @ http://0.0.0.0:3001/_nuxt/@fs/Users/andrejkoval/Dev/vivadzen/src/front/node_modules/@vue/runtime-core/dist/runtime-core.esm-bundler.js?v=fd09ac8d:7155
[    1617ms] [LOG] [nuxt-app] app:mounted: 0.055908203125 ms [Object] @ http://0.0.0.0:3001/_nuxt/@fs/Users/andrejkoval/Dev/vivadzen/src/front/node_modules/hookable/dist/index.mjs?v=fd09ac8d:271
[    1617ms] [LOG] [Content] WS connect to ws://localhost:4000/ws @ http://0.0.0.0:3001/_nuxt/@fs/Users/andrejkoval/Dev/vivadzen/src/front/node_modules/@nuxt/content/dist/runtime/composables/web-socket.js?v=fd09ac8d:4
[    1661ms] [LOG] [Content] WS connected! @ http://0.0.0.0:3001/_nuxt/@fs/Users/andrejkoval/Dev/vivadzen/src/front/node_modules/@nuxt/content/dist/runtime/composables/web-socket.js?v=fd09ac8d:4
[    1675ms] [WARNING] [intlify] Not found 'logo_alt' key in 'en' locale messages. @ http://0.0.0.0:3001/_nuxt/node_modules/.cache/vite/client/deps/chunk-LY4OWT6B.js?v=fd09ac8d:3
[    1675ms] [WARNING] [intlify] Fall back to translate 'logo_alt' key with 'cs' locale. @ http://0.0.0.0:3001/_nuxt/node_modules/.cache/vite/client/deps/chunk-LY4OWT6B.js?v=fd09ac8d:3
[    1675ms] [WARNING] [intlify] Not found 'logo_alt' key in 'cs' locale messages. @ http://0.0.0.0:3001/_nuxt/node_modules/.cache/vite/client/deps/chunk-LY4OWT6B.js?v=fd09ac8d:3
[    1675ms] [WARNING] [intlify] Fall back to translate 'logo_alt' with root locale. @ http://0.0.0.0:3001/_nuxt/node_modules/.cache/vite/client/deps/chunk-LY4OWT6B.js?v=fd09ac8d:3
[    1675ms] [WARNING] [intlify] Not found 'logo_alt' key in 'en' locale messages. @ http://0.0.0.0:3001/_nuxt/node_modules/.cache/vite/client/deps/chunk-LY4OWT6B.js?v=fd09ac8d:3
[    1675ms] [WARNING] [intlify] Fall back to translate 'logo_alt' key with 'cs' locale. @ http://0.0.0.0:3001/_nuxt/node_modules/.cache/vite/client/deps/chunk-LY4OWT6B.js?v=fd09ac8d:3
[    1676ms] [WARNING] [intlify] Not found 'logo_alt' key in 'cs' locale messages. @ http://0.0.0.0:3001/_nuxt/node_modules/.cache/vite/client/deps/chunk-LY4OWT6B.js?v=fd09ac8d:3
[    1676ms] [WARNING] [intlify] Not found 'title.cart' key in 'en' locale messages. @ http://0.0.0.0:3001/_nuxt/node_modules/.cache/vite/client/deps/chunk-LY4OWT6B.js?v=fd09ac8d:3
[    1676ms] [WARNING] [intlify] Fall back to translate 'title.cart' key with 'cs' locale. @ http://0.0.0.0:3001/_nuxt/node_modules/.cache/vite/client/deps/chunk-LY4OWT6B.js?v=fd09ac8d:3
[    1676ms] [WARNING] [intlify] Not found 'title.cart' key in 'cs' locale messages. @ http://0.0.0.0:3001/_nuxt/node_modules/.cache/vite/client/deps/chunk-LY4OWT6B.js?v=fd09ac8d:3
[    1676ms] [WARNING] [intlify] Fall back to translate 'title.cart' with root locale. @ http://0.0.0.0:3001/_nuxt/node_modules/.cache/vite/client/deps/chunk-LY4OWT6B.js?v=fd09ac8d:3
[    1679ms] [WARNING] [Vue warn]: Hydration style mismatch on JSHandle@node 
  - rendered on server: style="width:1em;height:1em;--c613ce94-iconUrl:url('https://api.iconify.design/iconoir/nav-arrow-down.svg');"
  - expected on client: style="width:1em;height:1em;"
  Note: this mismatch is check-only. The DOM will not be rectified in production due to performance overhead.
  You should fix the source of the mismatch. 
  at <IconCSS name="iconoir:nav-arrow-down" class="lang-switcher__chevron" > 
  at <Header> 
  at <Body style= {background: #f8f1e6} > 
  at <Html lang="en-US" dir="ltr" > 
  at <Default ref=Ref< undefined > > 
  at <AsyncComponentWrapper ref=Ref< undefined > > 
  at <LayoutLoader key="default" layoutProps= {ref: RefImpl} name="default" > 
  at <NuxtLayoutProvider layoutProps= {ref: RefImpl} key="default" name="default"  ... > 
  at <NuxtLayout> 
  at <App key=4 > 
  at <NuxtRoot> @ http://0.0.0.0:3001/_nuxt/@fs/Users/andrejkoval/Dev/vivadzen/src/front/node_modules/@vue/runtime-core/dist/runtime-core.esm-bundler.js?v=fd09ac8d:49
[    1679ms] [ERROR] Hydration completed but contains mismatches. @ http://0.0.0.0:3001/_nuxt/@fs/Users/andrejkoval/Dev/vivadzen/src/front/node_modules/@vue/runtime-core/dist/runtime-core.esm-bundler.js?v=fd09ac8d:1847
[    1679ms] [WARNING] [Vue warn]: Hydration style mismatch on JSHandle@node 
  - rendered on server: style="width:1em;height:1em;--c613ce94-iconUrl:url('https://api.iconify.design/ci/shopping-cart-01.svg');"
  - expected on client: style="width:1em;height:1em;"
  Note: this mismatch is check-only. The DOM will not be rectified in production due to performance overhead.
  You should fix the source of the mismatch. 
  at <IconCSS name="ci:shopping-cart-01" class="hero-header__cart-icon" > 
  at <Header> 
  at <Body style= {background: #f8f1e6} > 
  at <Html lang="en-US" dir="ltr" > 
  at <Default ref=Ref< undefined > > 
  at <AsyncComponentWrapper ref=Ref< undefined > > 
  at <LayoutLoader key="default" layoutProps= {ref: RefImpl} name="default" > 
  at <NuxtLayoutProvider layoutProps= {ref: RefImpl} key="default" name="default"  ... > 
  at <NuxtLayout> 
  at <App key=4 > 
  at <NuxtRoot> @ http://0.0.0.0:3001/_nuxt/@fs/Users/andrejkoval/Dev/vivadzen/src/front/node_modules/@vue/runtime-core/dist/runtime-core.esm-bundler.js?v=fd09ac8d:49
[    1680ms] [WARNING] [Vue warn]: Hydration style mismatch on JSHandle@node 
  - rendered on server: style="width:1em;height:1em;--c613ce94-iconUrl:url('https://api.iconify.design/mynaui/telephone-call.svg');"
  - expected on client: style="width:1em;height:1em;"
  Note: this mismatch is check-only. The DOM will not be rectified in production due to performance overhead.
  You should fix the source of the mismatch. 
  at <IconCSS name="mynaui:telephone-call" class="hero-mobile-menu__contact-icon" > 
  at <Header> 
  at <Body style= {background: #f8f1e6} > 
  at <Html lang="en-US" dir="ltr" > 
  at <Default ref=Ref< undefined > > 
  at <AsyncComponentWrapper ref=Ref< undefined > > 
  at <LayoutLoader key="default" layoutProps= {ref: RefImpl} name="default" > 
  at <NuxtLayoutProvider layoutProps= {ref: RefImpl} key="default" name="default"  ... > 
  at <NuxtLayout> 
  at <App key=4 > 
  at <NuxtRoot> @ http://0.0.0.0:3001/_nuxt/@fs/Users/andrejkoval/Dev/vivadzen/src/front/node_modules/@vue/runtime-core/dist/runtime-core.esm-bundler.js?v=fd09ac8d:49
[    1680ms] [WARNING] [Vue warn]: Hydration style mismatch on JSHandle@node 
  - rendered on server: style="width:1em;height:1em;--c613ce94-iconUrl:url('https://api.iconify.design/ic/round-alternate-email.svg');"
  - expected on client: style="width:1em;height:1em;"
  Note: this mismatch is check-only. The DOM will not be rectified in production due to performance overhead.
  You should fix the source of the mismatch. 
  at <IconCSS name="ic:round-alternate-email" class="hero-mobile-menu__contact-icon" > 
  at <Header> 
  at <Body style= {background: #f8f1e6} > 
  at <Html lang="en-US" dir="ltr" > 
  at <Default ref=Ref< undefined > > 
  at <AsyncComponentWrapper ref=Ref< undefined > > 
  at <LayoutLoader key="default" layoutProps= {ref: RefImpl} name="default" > 
  at <NuxtLayoutProvider layoutProps= {ref: RefImpl} key="default" name="default"  ... > 
  at <NuxtLayout> 
  at <App key=4 > 
  at <NuxtRoot> @ http://0.0.0.0:3001/_nuxt/@fs/Users/andrejkoval/Dev/vivadzen/src/front/node_modules/@vue/runtime-core/dist/runtime-core.esm-bundler.js?v=fd09ac8d:49
[    1681ms] [WARNING] [Vue warn]: Hydration style mismatch on JSHandle@node 
  - rendered on server: style="width:1em;height:1em;--c613ce94-iconUrl:url('https://api.iconify.design/mynaui/location.svg');"
  - expected on client: style="width:1em;height:1em;"
  Note: this mismatch is check-only. The DOM will not be rectified in production due to performance overhead.
  You should fix the source of the mismatch. 
  at <IconCSS name="mynaui:location" class="hero-mobile-menu__contact-icon" > 
  at <Header> 
  at <Body style= {background: #f8f1e6} > 
  at <Html lang="en-US" dir="ltr" > 
  at <Default ref=Ref< undefined > > 
  at <AsyncComponentWrapper ref=Ref< undefined > > 
  at <LayoutLoader key="default" layoutProps= {ref: RefImpl} name="default" > 
  at <NuxtLayoutProvider layoutProps= {ref: RefImpl} key="default" name="default"  ... > 
  at <NuxtLayout> 
  at <App key=4 > 
  at <NuxtRoot> @ http://0.0.0.0:3001/_nuxt/@fs/Users/andrejkoval/Dev/vivadzen/src/front/node_modules/@vue/runtime-core/dist/runtime-core.esm-bundler.js?v=fd09ac8d:49
[    1681ms] [WARNING] [Vue warn]: Hydration style mismatch on JSHandle@node 
  - rendered on server: style="width:1em;height:1em;--c613ce94-iconUrl:url('https://api.iconify.design/mynaui/clock-4.svg');"
  - expected on client: style="width:1em;height:1em;"
  Note: this mismatch is check-only. The DOM will not be rectified in production due to performance overhead.
  You should fix the source of the mismatch. 
  at <IconCSS name="mynaui:clock-4" class="hero-mobile-menu__contact-icon" > 
  at <Header> 
  at <Body style= {background: #f8f1e6} > 
  at <Html lang="en-US" dir="ltr" > 
  at <Default ref=Ref< undefined > > 
  at <AsyncComponentWrapper ref=Ref< undefined > > 
  at <LayoutLoader key="default" layoutProps= {ref: RefImpl} name="default" > 
  at <NuxtLayoutProvider layoutProps= {ref: RefImpl} key="default" name="default"  ... > 
  at <NuxtLayout> 
  at <App key=4 > 
  at <NuxtRoot> @ http://0.0.0.0:3001/_nuxt/@fs/Users/andrejkoval/Dev/vivadzen/src/front/node_modules/@vue/runtime-core/dist/runtime-core.esm-bundler.js?v=fd09ac8d:49
[    1683ms] [WARNING] [Vue warn]: Hydration style mismatch on JSHandle@node 
  - rendered on server: style="width:1em;height:1em;--c613ce94-iconUrl:url('https://api.iconify.design/ph/telegram-logo.svg');"
  - expected on client: style="width:1em;height:1em;"
  Note: this mismatch is check-only. The DOM will not be rectified in production due to performance overhead.
  You should fix the source of the mismatch. 
  at <IconCSS name="ph:telegram-logo" > 
  at <SiteFooter> 
  at <Body style= {background: #f8f1e6} > 
  at <Html lang="en-US" dir="ltr" > 
  at <Default ref=Ref< undefined > > 
  at <AsyncComponentWrapper ref=Ref< undefined > > 
  at <LayoutLoader key="default" layoutProps= {ref: RefImpl} name="default" > 
  at <NuxtLayoutProvider layoutProps= {ref: RefImpl} key="default" name="default"  ... > 
  at <NuxtLayout> 
  at <App key=4 > 
  at <NuxtRoot> @ http://0.0.0.0:3001/_nuxt/@fs/Users/andrejkoval/Dev/vivadzen/src/front/node_modules/@vue/runtime-core/dist/runtime-core.esm-bundler.js?v=fd09ac8d:49
[    1684ms] [WARNING] [Vue warn]: Hydration style mismatch on JSHandle@node 
  - rendered on server: style="width:1em;height:1em;--c613ce94-iconUrl:url('https://api.iconify.design/ph/whatsapp-logo.svg');"
  - expected on client: style="width:1em;height:1em;"
  Note: this mismatch is check-only. The DOM will not be rectified in production due to performance overhead.
  You should fix the source of the mismatch. 
  at <IconCSS name="ph:whatsapp-logo" > 
  at <SiteFooter> 
  at <Body style= {background: #f8f1e6} > 
  at <Html lang="en-US" dir="ltr" > 
  at <Default ref=Ref< undefined > > 
  at <AsyncComponentWrapper ref=Ref< undefined > > 
  at <LayoutLoader key="default" layoutProps= {ref: RefImpl} name="default" > 
  at <NuxtLayoutProvider layoutProps= {ref: RefImpl} key="default" name="default"  ... > 
  at <NuxtLayout> 
  at <App key=4 > 
  at <NuxtRoot> @ http://0.0.0.0:3001/_nuxt/@fs/Users/andrejkoval/Dev/vivadzen/src/front/node_modules/@vue/runtime-core/dist/runtime-core.esm-bundler.js?v=fd09ac8d:49
[    1684ms] [WARNING] [Vue warn]: Hydration style mismatch on JSHandle@node 
  - rendered on server: style="width:1em;height:1em;--c613ce94-iconUrl:url('https://api.iconify.design/iconoir/instagram.svg');"
  - expected on client: style="width:1em;height:1em;"
  Note: this mismatch is check-only. The DOM will not be rectified in production due to performance overhead.
  You should fix the source of the mismatch. 
  at <IconCSS name="iconoir:instagram" > 
  at <SiteFooter> 
  at <Body style= {background: #f8f1e6} > 
  at <Html lang="en-US" dir="ltr" > 
  at <Default ref=Ref< undefined > > 
  at <AsyncComponentWrapper ref=Ref< undefined > > 
  at <LayoutLoader key="default" layoutProps= {ref: RefImpl} name="default" > 
  at <NuxtLayoutProvider layoutProps= {ref: RefImpl} key="default" name="default"  ... > 
  at <NuxtLayout> 
  at <App key=4 > 
  at <NuxtRoot> @ http://0.0.0.0:3001/_nuxt/@fs/Users/andrejkoval/Dev/vivadzen/src/front/node_modules/@vue/runtime-core/dist/runtime-core.esm-bundler.js?v=fd09ac8d:49
[    1686ms] [WARNING] [intlify] Not found parent scope. use the global scope. @ http://0.0.0.0:3001/_nuxt/node_modules/.cache/vite/client/deps/chunk-LY4OWT6B.js?v=fd09ac8d:3
[    1686ms] [WARNING] [Vue warn]: Hydration style mismatch on JSHandle@node 
  - rendered on server: style="width:1em;height:1em;--c613ce94-iconUrl:url('https://api.iconify.design/ci/shopping-cart-01.svg');"
  - expected on client: style="width:1em;height:1em;"
  Note: this mismatch is check-only. The DOM will not be rectified in production due to performance overhead.
  You should fix the source of the mismatch. 
  at <IconCSS name="ci:shopping-cart-01" class="kratom-product-card__action-icon" > 
  at <ProductCard key=391 product= {id: 391, name: Green Rurut Nano kratom powder - 25g, slug: zeleny-rurut-nano-kratom-prasek-25g, price: 140.00, oldPrice: null} > 
  at <Index onVnodeUnmounted=fn<onVnodeUnmounted> ref=Ref< undefined > > 
  at <RouteProvider key="/en/catalog" vnode= {__v_isVNode: true, __v_skip: true, type: Object, props: Object, key: null} route= {fullPath: /en/catalog, hash: , query: Object, name: catalog___en, path: /en/catalog}  ... > 
  at <RouterView name=undefined route=undefined > 
  at <NuxtPage> 
  at <Body style= {background: #f8f1e6} > 
  at <Html lang="en-US" dir="ltr" > 
  at <Default ref=Ref< undefined > > 
  at <AsyncComponentWrapper ref=Ref< undefined > > 
  at <LayoutLoader key="default" layoutProps= {ref: RefImpl} name="default" > 
  at <NuxtLayoutProvider layoutProps= {ref: RefImpl} key="default" name="default"  ... > 
  at <NuxtLayout> 
  at <App key=4 > 
  at <NuxtRoot> @ http://0.0.0.0:3001/_nuxt/@fs/Users/andrejkoval/Dev/vivadzen/src/front/node_modules/@vue/runtime-core/dist/runtime-core.esm-bundler.js?v=fd09ac8d:49
[    1687ms] [WARNING] [intlify] Not found parent scope. use the global scope. @ http://0.0.0.0:3001/_nuxt/node_modules/.cache/vite/client/deps/chunk-LY4OWT6B.js?v=fd09ac8d:3
[    1687ms] [WARNING] [Vue warn]: Hydration style mismatch on JSHandle@node 
  - rendered on server: style="width:1em;height:1em;--c613ce94-iconUrl:url('https://api.iconify.design/ci/shopping-cart-01.svg');"
  - expected on client: style="width:1em;height:1em;"
  Note: this mismatch is check-only. The DOM will not be rectified in production due to performance overhead.
  You should fix the source of the mismatch. 
  at <IconCSS name="ci:shopping-cart-01" class="kratom-product-card__action-icon" > 
  at <ProductCard key=336 product= {id: 336, name: White Maeng Da Kratom powder, slug: bila-maeng-da-kratom-prasek-25g, price: 130.00, oldPrice: null} > 
  at <Index onVnodeUnmounted=fn<onVnodeUnmounted> ref=Ref< undefined > > 
  at <RouteProvider key="/en/catalog" vnode= {__v_isVNode: true, __v_skip: true, type: Object, props: Object, key: null} route= {fullPath: /en/catalog, hash: , query: Object, name: catalog___en, path: /en/catalog}  ... > 
  at <RouterView name=undefined route=undefined > 
  at <NuxtPage> 
  at <Body style= {background: #f8f1e6} > 
  at <Html lang="en-US" dir="ltr" > 
  at <Default ref=Ref< undefined > > 
  at <AsyncComponentWrapper ref=Ref< undefined > > 
  at <LayoutLoader key="default" layoutProps= {ref: RefImpl} name="default" > 
  at <NuxtLayoutProvider layoutProps= {ref: RefImpl} key="default" name="default"  ... > 
  at <NuxtLayout> 
  at <App key=4 > 
  at <NuxtRoot> @ http://0.0.0.0:3001/_nuxt/@fs/Users/andrejkoval/Dev/vivadzen/src/front/node_modules/@vue/runtime-core/dist/runtime-core.esm-bundler.js?v=fd09ac8d:49
[    1688ms] [WARNING] [intlify] Not found parent scope. use the global scope. @ http://0.0.0.0:3001/_nuxt/node_modules/.cache/vite/client/deps/chunk-LY4OWT6B.js?v=fd09ac8d:3
[    1688ms] [WARNING] [Vue warn]: Hydration style mismatch on JSHandle@node 
  - rendered on server: style="width:1em;height:1em;--c613ce94-iconUrl:url('https://api.iconify.design/ci/shopping-cart-01.svg');"
  - expected on client: style="width:1em;height:1em;"
  Note: this mismatch is check-only. The DOM will not be rectified in production due to performance overhead.
  You should fix the source of the mismatch. 
  at <IconCSS name="ci:shopping-cart-01" class="kratom-product-card__action-icon" > 
  at <ProductCard key=334 product= {id: 334, name: White Elephant Kratom powder, slug: bily-slon-kratom-prasek-25g, price: 140.00, oldPrice: null} > 
  at <Index onVnodeUnmounted=fn<onVnodeUnmounted> ref=Ref< undefined > > 
  at <RouteProvider key="/en/catalog" vnode= {__v_isVNode: true, __v_skip: true, type: Object, props: Object, key: null} route= {fullPath: /en/catalog, hash: , query: Object, name: catalog___en, path: /en/catalog}  ... > 
  at <RouterView name=undefined route=undefined > 
  at <NuxtPage> 
  at <Body style= {background: #f8f1e6} > 
  at <Html lang="en-US" dir="ltr" > 
  at <Default ref=Ref< undefined > > 
  at <AsyncComponentWrapper ref=Ref< undefined > > 
  at <LayoutLoader key="default" layoutProps= {ref: RefImpl} name="default" > 
  at <NuxtLayoutProvider layoutProps= {ref: RefImpl} key="default" name="default"  ... > 
  at <NuxtLayout> 
  at <App key=4 > 
  at <NuxtRoot> @ http://0.0.0.0:3001/_nuxt/@fs/Users/andrejkoval/Dev/vivadzen/src/front/node_modules/@vue/runtime-core/dist/runtime-core.esm-bundler.js?v=fd09ac8d:49
[    1688ms] [WARNING] [intlify] Not found parent scope. use the global scope. @ http://0.0.0.0:3001/_nuxt/node_modules/.cache/vite/client/deps/chunk-LY4OWT6B.js?v=fd09ac8d:3
[    1689ms] [WARNING] [Vue warn]: Hydration style mismatch on JSHandle@node 
  - rendered on server: style="width:1em;height:1em;--c613ce94-iconUrl:url('https://api.iconify.design/ci/shopping-cart-01.svg');"
  - expected on client: style="width:1em;height:1em;"
  Note: this mismatch is check-only. The DOM will not be rectified in production due to performance overhead.
  You should fix the source of the mismatch. 
  at <IconCSS name="ci:shopping-cart-01" class="kratom-product-card__action-icon" > 
  at <ProductCard key=333 product= {id: 333, name: Green Thai Kratom powder, slug: zeleny-thajsky-kratom-prasek-25g, price: 130.00, oldPrice: null} > 
  at <Index onVnodeUnmounted=fn<onVnodeUnmounted> ref=Ref< undefined > > 
  at <RouteProvider key="/en/catalog" vnode= {__v_isVNode: true, __v_skip: true, type: Object, props: Object, key: null} route= {fullPath: /en/catalog, hash: , query: Object, name: catalog___en, path: /en/catalog}  ... > 
  at <RouterView name=undefined route=undefined > 
  at <NuxtPage> 
  at <Body style= {background: #f8f1e6} > 
  at <Html lang="en-US" dir="ltr" > 
  at <Default ref=Ref< undefined > > 
  at <AsyncComponentWrapper ref=Ref< undefined > > 
  at <LayoutLoader key="default" layoutProps= {ref: RefImpl} name="default" > 
  at <NuxtLayoutProvider layoutProps= {ref: RefImpl} key="default" name="default"  ... > 
  at <NuxtLayout> 
  at <App key=4 > 
  at <NuxtRoot> @ http://0.0.0.0:3001/_nuxt/@fs/Users/andrejkoval/Dev/vivadzen/src/front/node_modules/@vue/runtime-core/dist/runtime-core.esm-bundler.js?v=fd09ac8d:49
[    1691ms] [WARNING] [intlify] Not found parent scope. use the global scope. @ http://0.0.0.0:3001/_nuxt/node_modules/.cache/vite/client/deps/chunk-LY4OWT6B.js?v=fd09ac8d:3
[    1691ms] [WARNING] [Vue warn]: Hydration style mismatch on JSHandle@node 
  - rendered on server: style="width:1em;height:1em;--c613ce94-iconUrl:url('https://api.iconify.design/ci/shopping-cart-01.svg');"
  - expected on client: style="width:1em;height:1em;"
  Note: this mismatch is check-only. The DOM will not be rectified in production due to performance overhead.
  You should fix the source of the mismatch. 
  at <IconCSS name="ci:shopping-cart-01" class="kratom-product-card__action-icon" > 
  at <ProductCard key=332 product= {id: 332, name: Red Maeng Da Kratom powder, slug: cervena-maeng-da-kratom-prasek-25g, price: 130.00, oldPrice: null} > 
  at <Index onVnodeUnmounted=fn<onVnodeUnmounted> ref=Ref< undefined > > 
  at <RouteProvider key="/en/catalog" vnode= {__v_isVNode: true, __v_skip: true, type: Object, props: Object, key: null} route= {fullPath: /en/catalog, hash: , query: Object, name: catalog___en, path: /en/catalog}  ... > 
  at <RouterView name=undefined route=undefined > 
  at <NuxtPage> 
  at <Body style= {background: #f8f1e6} > 
  at <Html lang="en-US" dir="ltr" > 
  at <Default ref=Ref< undefined > > 
  at <AsyncComponentWrapper ref=Ref< undefined > > 
  at <LayoutLoader key="default" layoutProps= {ref: RefImpl} name="default" > 
  at <NuxtLayoutProvider layoutProps= {ref: RefImpl} key="default" name="default"  ... > 
  at <NuxtLayout> 
  at <App key=4 > 
  at <NuxtRoot> @ http://0.0.0.0:3001/_nuxt/@fs/Users/andrejkoval/Dev/vivadzen/src/front/node_modules/@vue/runtime-core/dist/runtime-core.esm-bundler.js?v=fd09ac8d:49
[    1692ms] [WARNING] [intlify] Not found parent scope. use the global scope. @ http://0.0.0.0:3001/_nuxt/node_modules/.cache/vite/client/deps/chunk-LY4OWT6B.js?v=fd09ac8d:3
[    1692ms] [WARNING] [Vue warn]: Hydration style mismatch on JSHandle@node 
  - rendered on server: style="width:1em;height:1em;--c613ce94-iconUrl:url('https://api.iconify.design/ci/shopping-cart-01.svg');"
  - expected on client: style="width:1em;height:1em;"
  Note: this mismatch is check-only. The DOM will not be rectified in production due to performance overhead.
  You should fix the source of the mismatch. 
  at <IconCSS name="ci:shopping-cart-01" class="kratom-product-card__action-icon" > 
  at <ProductCard key=331 product= {id: 331, name: Green Maeng Da Kratom powder, slug: zelena-maeng-da-kratom-prasek-25g, price: 130.00, oldPrice: null} > 
  at <Index onVnodeUnmounted=fn<onVnodeUnmounted> ref=Ref< undefined > > 
  at <RouteProvider key="/en/catalog" vnode= {__v_isVNode: true, __v_skip: true, type: Object, props: Object, key: null} route= {fullPath: /en/catalog, hash: , query: Object, name: catalog___en, path: /en/catalog}  ... > 
  at <RouterView name=undefined route=undefined > 
  at <NuxtPage> 
  at <Body style= {background: #f8f1e6} > 
  at <Html lang="en-US" dir="ltr" > 
  at <Default ref=Ref< undefined > > 
  at <AsyncComponentWrapper ref=Ref< undefined > > 
  at <LayoutLoader key="default" layoutProps= {ref: RefImpl} name="default" > 
  at <NuxtLayoutProvider layoutProps= {ref: RefImpl} key="default" name="default"  ... > 
  at <NuxtLayout> 
  at <App key=4 > 
  at <NuxtRoot> @ http://0.0.0.0:3001/_nuxt/@fs/Users/andrejkoval/Dev/vivadzen/src/front/node_modules/@vue/runtime-core/dist/runtime-core.esm-bundler.js?v=fd09ac8d:49
[    1693ms] [LOG] [nuxt-app] page:finish: 1.199951171875 ms [Object] @ http://0.0.0.0:3001/_nuxt/@fs/Users/andrejkoval/Dev/vivadzen/src/front/node_modules/hookable/dist/index.mjs?v=fd09ac8d:271
[    1693ms] [LOG] [nuxt-app] page:loading:end: 0.19189453125 ms [] @ http://0.0.0.0:3001/_nuxt/@fs/Users/andrejkoval/Dev/vivadzen/src/front/node_modules/hookable/dist/index.mjs?v=fd09ac8d:271
[    1698ms] [WARNING] [intlify] Not found 'logo_alt' key in 'en' locale messages. @ http://0.0.0.0:3001/_nuxt/node_modules/.cache/vite/client/deps/chunk-LY4OWT6B.js?v=fd09ac8d:3
[    1698ms] [WARNING] [intlify] Fall back to translate 'logo_alt' key with 'cs' locale. @ http://0.0.0.0:3001/_nuxt/node_modules/.cache/vite/client/deps/chunk-LY4OWT6B.js?v=fd09ac8d:3
[    1698ms] [WARNING] [intlify] Not found 'logo_alt' key in 'cs' locale messages. @ http://0.0.0.0:3001/_nuxt/node_modules/.cache/vite/client/deps/chunk-LY4OWT6B.js?v=fd09ac8d:3
[    1698ms] [WARNING] [intlify] Fall back to translate 'logo_alt' with root locale. @ http://0.0.0.0:3001/_nuxt/node_modules/.cache/vite/client/deps/chunk-LY4OWT6B.js?v=fd09ac8d:3
[    1698ms] [WARNING] [intlify] Not found 'logo_alt' key in 'en' locale messages. @ http://0.0.0.0:3001/_nuxt/node_modules/.cache/vite/client/deps/chunk-LY4OWT6B.js?v=fd09ac8d:3
[    1698ms] [WARNING] [intlify] Fall back to translate 'logo_alt' key with 'cs' locale. @ http://0.0.0.0:3001/_nuxt/node_modules/.cache/vite/client/deps/chunk-LY4OWT6B.js?v=fd09ac8d:3
[    1698ms] [WARNING] [intlify] Not found 'logo_alt' key in 'cs' locale messages. @ http://0.0.0.0:3001/_nuxt/node_modules/.cache/vite/client/deps/chunk-LY4OWT6B.js?v=fd09ac8d:3
[    1698ms] [WARNING] [intlify] Not found 'title.cart' key in 'en' locale messages. @ http://0.0.0.0:3001/_nuxt/node_modules/.cache/vite/client/deps/chunk-LY4OWT6B.js?v=fd09ac8d:3
[    1698ms] [WARNING] [intlify] Fall back to translate 'title.cart' key with 'cs' locale. @ http://0.0.0.0:3001/_nuxt/node_modules/.cache/vite/client/deps/chunk-LY4OWT6B.js?v=fd09ac8d:3
[    1698ms] [WARNING] [intlify] Not found 'title.cart' key in 'cs' locale messages. @ http://0.0.0.0:3001/_nuxt/node_modules/.cache/vite/client/deps/chunk-LY4OWT6B.js?v=fd09ac8d:3
[    1698ms] [WARNING] [intlify] Fall back to translate 'title.cart' with root locale. @ http://0.0.0.0:3001/_nuxt/node_modules/.cache/vite/client/deps/chunk-LY4OWT6B.js?v=fd09ac8d:3
[    1699ms] [WARNING] [intlify] Not found 'logo_alt' key in 'en' locale messages. @ http://0.0.0.0:3001/_nuxt/node_modules/.cache/vite/client/deps/chunk-LY4OWT6B.js?v=fd09ac8d:3
[    1699ms] [WARNING] [intlify] Fall back to translate 'logo_alt' key with 'cs' locale. @ http://0.0.0.0:3001/_nuxt/node_modules/.cache/vite/client/deps/chunk-LY4OWT6B.js?v=fd09ac8d:3
[    1699ms] [WARNING] [intlify] Not found 'logo_alt' key in 'cs' locale messages. @ http://0.0.0.0:3001/_nuxt/node_modules/.cache/vite/client/deps/chunk-LY4OWT6B.js?v=fd09ac8d:3
[    1699ms] [WARNING] [intlify] Fall back to translate 'logo_alt' with root locale. @ http://0.0.0.0:3001/_nuxt/node_modules/.cache/vite/client/deps/chunk-LY4OWT6B.js?v=fd09ac8d:3
[    1699ms] [WARNING] [intlify] Not found 'logo_alt' key in 'en' locale messages. @ http://0.0.0.0:3001/_nuxt/node_modules/.cache/vite/client/deps/chunk-LY4OWT6B.js?v=fd09ac8d:3
[    1700ms] [WARNING] [intlify] Fall back to translate 'logo_alt' key with 'cs' locale. @ http://0.0.0.0:3001/_nuxt/node_modules/.cache/vite/client/deps/chunk-LY4OWT6B.js?v=fd09ac8d:3
[    1700ms] [WARNING] [intlify] Not found 'logo_alt' key in 'cs' locale messages. @ http://0.0.0.0:3001/_nuxt/node_modules/.cache/vite/client/deps/chunk-LY4OWT6B.js?v=fd09ac8d:3
[    1700ms] [WARNING] [intlify] Not found 'title.cart' key in 'en' locale messages. @ http://0.0.0.0:3001/_nuxt/node_modules/.cache/vite/client/deps/chunk-LY4OWT6B.js?v=fd09ac8d:3
[    1700ms] [WARNING] [intlify] Fall back to translate 'title.cart' key with 'cs' locale. @ http://0.0.0.0:3001/_nuxt/node_modules/.cache/vite/client/deps/chunk-LY4OWT6B.js?v=fd09ac8d:3
[    1700ms] [WARNING] [intlify] Not found 'title.cart' key in 'cs' locale messages. @ http://0.0.0.0:3001/_nuxt/node_modules/.cache/vite/client/deps/chunk-LY4OWT6B.js?v=fd09ac8d:3
[    1700ms] [WARNING] [intlify] Fall back to translate 'title.cart' with root locale. @ http://0.0.0.0:3001/_nuxt/node_modules/.cache/vite/client/deps/chunk-LY4OWT6B.js?v=fd09ac8d:3
[    1702ms] [LOG] [nuxt-app] schema-org:meta: 0.065185546875 ms [Object] @ http://0.0.0.0:3001/_nuxt/@fs/Users/andrejkoval/Dev/vivadzen/src/front/node_modules/hookable/dist/index.mjs?v=fd09ac8d:271
[    1702ms] [LOG] [nuxt-app] app:suspense:resolve: 3.5400390625 ms [] @ http://0.0.0.0:3001/_nuxt/@fs/Users/andrejkoval/Dev/vivadzen/src/front/node_modules/hookable/dist/index.mjs?v=fd09ac8d:271
[    2164ms] [LOG] [nuxt-app] link:prefetch: 1.93701171875 ms [/en/catalog] @ http://0.0.0.0:3001/_nuxt/@fs/Users/andrejkoval/Dev/vivadzen/src/front/node_modules/hookable/dist/index.mjs?v=fd09ac8d:271
[    2164ms] [LOG] [nuxt-app] link:prefetch : 2.0390625 ms [/en/blog] @ http://0.0.0.0:3001/_nuxt/@fs/Users/andrejkoval/Dev/vivadzen/src/front/node_modules/hookable/dist/index.mjs?v=fd09ac8d:271
[    2164ms] [LOG] [nuxt-app] link:prefetch  : 1.98095703125 ms [/en/about] @ http://0.0.0.0:3001/_nuxt/@fs/Users/andrejkoval/Dev/vivadzen/src/front/node_modules/hookable/dist/index.mjs?v=fd09ac8d:271
[    2164ms] [LOG] [nuxt-app] link:prefetch   : 2.10205078125 ms [/en/contacts] @ http://0.0.0.0:3001/_nuxt/@fs/Users/andrejkoval/Dev/vivadzen/src/front/node_modules/hookable/dist/index.mjs?v=fd09ac8d:271
[    2165ms] [LOG] [nuxt-app] link:prefetch    : 2.18896484375 ms [/en/zeleny-rurut-nano-kratom-prasek-25g] @ http://0.0.0.0:3001/_nuxt/@fs/Users/andrejkoval/Dev/vivadzen/src/front/node_modules/hookable/dist/index.mjs?v=fd09ac8d:271
[    2165ms] [LOG] [nuxt-app] link:prefetch     : 2.23681640625 ms [/en/zeleny-rurut-nano-kratom-prasek-25g] @ http://0.0.0.0:3001/_nuxt/@fs/Users/andrejkoval/Dev/vivadzen/src/front/node_modules/hookable/dist/index.mjs?v=fd09ac8d:271
[    2165ms] [LOG] [nuxt-app] link:prefetch      : 2.315185546875 ms [/en/bila-maeng-da-kratom-prasek-25g] @ http://0.0.0.0:3001/_nuxt/@fs/Users/andrejkoval/Dev/vivadzen/src/front/node_modules/hookable/dist/index.mjs?v=fd09ac8d:271
[    2165ms] [LOG] [nuxt-app] link:prefetch       : 2.360107421875 ms [/en/bila-maeng-da-kratom-prasek-25g] @ http://0.0.0.0:3001/_nuxt/@fs/Users/andrejkoval/Dev/vivadzen/src/front/node_modules/hookable/dist/index.mjs?v=fd09ac8d:271
[    2165ms] [LOG] [nuxt-app] link:prefetch        : 2.4169921875 ms [/en/bily-slon-kratom-prasek-25g] @ http://0.0.0.0:3001/_nuxt/@fs/Users/andrejkoval/Dev/vivadzen/src/front/node_modules/hookable/dist/index.mjs?v=fd09ac8d:271
[    2165ms] [LOG] [nuxt-app] link:prefetch         : 2.488037109375 ms [/en/bily-slon-kratom-prasek-25g] @ http://0.0.0.0:3001/_nuxt/@fs/Users/andrejkoval/Dev/vivadzen/src/front/node_modules/hookable/dist/index.mjs?v=fd09ac8d:271
[    2165ms] [LOG] [nuxt-app] link:prefetch          : 2.613037109375 ms [/en/zeleny-thajsky-kratom-prasek-25g] @ http://0.0.0.0:3001/_nuxt/@fs/Users/andrejkoval/Dev/vivadzen/src/front/node_modules/hookable/dist/index.mjs?v=fd09ac8d:271
[    2165ms] [LOG] [nuxt-app] link:prefetch           : 2.85791015625 ms [/en/zeleny-thajsky-kratom-prasek-25g] @ http://0.0.0.0:3001/_nuxt/@fs/Users/andrejkoval/Dev/vivadzen/src/front/node_modules/hookable/dist/index.mjs?v=fd09ac8d:271
[    2166ms] [LOG] [nuxt-app] link:prefetch            : 3.004150390625 ms [/en/cervena-maeng-da-kratom-prasek-25g] @ http://0.0.0.0:3001/_nuxt/@fs/Users/andrejkoval/Dev/vivadzen/src/front/node_modules/hookable/dist/index.mjs?v=fd09ac8d:271
[    2166ms] [LOG] [nuxt-app] link:prefetch             : 3.26611328125 ms [/en/zelena-maeng-da-kratom-prasek-25g] @ http://0.0.0.0:3001/_nuxt/@fs/Users/andrejkoval/Dev/vivadzen/src/front/node_modules/hookable/dist/index.mjs?v=fd09ac8d:271
[    6141ms] [LOG] [nuxt-delay-hydration] Hydration event timeout @ http://0.0.0.0:3001/en/catalog:135
[  103062ms] [LOG] [nuxt-app] i18n:beforeLocaleSwitch: 0.133056640625 ms [Object] @ http://0.0.0.0:3001/_nuxt/@fs/Users/andrejkoval/Dev/vivadzen/src/front/node_modules/hookable/dist/index.mjs?v=fd09ac8d:271
[  103067ms] [LOG] %cssr%c %s: %s 
      background: #7f8c8d;
      border-radius: 0.5em;
      color: white;
      font-weight: bold;
      padding: 2px 0.5em;
      [nitro-runtime] request 0.521ms 
  at timeLogImpl (node:internal/console/constructor)
  at node:internal/console/constructor
  at timeLogImpl (node:internal/util/debuglog)
 @ http://0.0.0.0:3001/_nuxt/@fs/Users/andrejkoval/Dev/vivadzen/src/front/node_modules/consola/dist/browser.mjs?v=fd09ac8d:47
[  103067ms] [LOG] %cssr%c %s: %s 
      background: #7f8c8d;
      border-radius: 0.5em;
      color: white;
      font-weight: bold;
      padding: 2px 0.5em;
      [nitro-runtime] site-config:init 0.027ms 
  at timeLogImpl (node:internal/console/constructor)
  at node:internal/console/constructor
  at timeLogImpl (node:internal/util/debuglog)
 @ http://0.0.0.0:3001/_nuxt/@fs/Users/andrejkoval/Dev/vivadzen/src/front/node_modules/consola/dist/browser.mjs?v=fd09ac8d:47
[  103067ms] [LOG] %cssr%c %s: %s 
      background: #7f8c8d;
      border-radius: 0.5em;
      color: white;
      font-weight: bold;
      padding: 2px 0.5em;
      [nitro-runtime] render:before 0.005ms 
  at timeLogImpl (node:internal/console/constructor)
  at node:internal/console/constructor
  at timeLogImpl (node:internal/util/debuglog)
 @ http://0.0.0.0:3001/_nuxt/@fs/Users/andrejkoval/Dev/vivadzen/src/front/node_modules/consola/dist/browser.mjs?v=fd09ac8d:47
[  103067ms] [LOG] %cssr%c %s: %s 
      background: #7f8c8d;
      border-radius: 0.5em;
      color: white;
      font-weight: bold;
      padding: 2px 0.5em;
      [nuxt-app] i18n:beforeLocaleSwitch 0.008ms 
  at timeLogImpl (node:internal/console/constructor)
  at node:internal/console/constructor
  at timeLogImpl (node:internal/util/debuglog)
 @ http://0.0.0.0:3001/_nuxt/@fs/Users/andrejkoval/Dev/vivadzen/src/front/node_modules/consola/dist/browser.mjs?v=fd09ac8d:47
[  103067ms] [LOG] %cssr%c %s: %s 
      background: #7f8c8d;
      border-radius: 0.5em;
      color: white;
      font-weight: bold;
      padding: 2px 0.5em;
      [nuxt-app] page:loading:start 0.002ms 
  at timeLogImpl (node:internal/console/constructor)
  at node:internal/console/constructor
  at timeLogImpl (node:internal/util/debuglog)
 @ http://0.0.0.0:3001/_nuxt/@fs/Users/andrejkoval/Dev/vivadzen/src/front/node_modules/consola/dist/browser.mjs?v=fd09ac8d:47
[  103067ms] [LOG] %cssr%c %s: %s 
      background: #7f8c8d;
      border-radius: 0.5em;
      color: white;
      font-weight: bold;
      padding: 2px 0.5em;
      [nuxt-app] i18n:beforeLocaleSwitch 0.006ms 
  at timeLogImpl (node:internal/console/constructor)
  at node:internal/console/constructor
  at timeLogImpl (node:internal/util/debuglog)
 @ http://0.0.0.0:3001/_nuxt/@fs/Users/andrejkoval/Dev/vivadzen/src/front/node_modules/consola/dist/browser.mjs?v=fd09ac8d:47
[  103067ms] [LOG] %cssr%c %s: %s 
      background: #7f8c8d;
      border-radius: 0.5em;
      color: white;
      font-weight: bold;
      padding: 2px 0.5em;
      [nuxt-app] app:created 3.632ms 
  at timeLogImpl (node:internal/console/constructor)
  at node:internal/console/constructor
  at timeLogImpl (node:internal/util/debuglog)
 @ http://0.0.0.0:3001/_nuxt/@fs/Users/andrejkoval/Dev/vivadzen/src/front/node_modules/consola/dist/browser.mjs?v=fd09ac8d:47
[  103067ms] [LOG] %cssr%c %s: %s 
      background: #7f8c8d;
      border-radius: 0.5em;
      color: white;
      font-weight: bold;
      padding: 2px 0.5em;
      [nuxt-app] vue:setup 0.001ms 
  at timeLogImpl (node:internal/console/constructor)
  at node:internal/console/constructor
  at timeLogImpl (node:internal/util/debuglog)
 @ http://0.0.0.0:3001/_nuxt/@fs/Users/andrejkoval/Dev/vivadzen/src/front/node_modules/consola/dist/browser.mjs?v=fd09ac8d:47
[  103067ms] [WARNING] %cssr:warn%c [intlify] Not found 'logo_alt' key in 'en' locale messages. 
      background: #f39c12;
      border-radius: 0.5em;
      color: white;
      font-weight: bold;
      padding: 2px 0.5em;
      
  at warn (/Users/andrejkoval/Dev/vivadzen/src/front/node_modules/@intlify/shared/dist/shared.mjs)
  at handleMissing (/Users/andrejkoval/Dev/vivadzen/src/front/node_modules/@intlify/core-base/dist/core-base.mjs)
  at resolveMessageFormat (/Users/andrejkoval/Dev/vivadzen/src/front/node_modules/@intlify/core-base/dist/core-base.mjs)
 @ http://0.0.0.0:3001/_nuxt/@fs/Users/andrejkoval/Dev/vivadzen/src/front/node_modules/consola/dist/browser.mjs?v=fd09ac8d:47
[  103067ms] [WARNING] %cssr:warn%c [intlify] Fall back to translate 'logo_alt' key with 'cs' locale. 
      background: #f39c12;
      border-radius: 0.5em;
      color: white;
      font-weight: bold;
      padding: 2px 0.5em;
      
  at warn (/Users/andrejkoval/Dev/vivadzen/src/front/node_modules/@intlify/shared/dist/shared.mjs)
  at resolveMessageFormat (/Users/andrejkoval/Dev/vivadzen/src/front/node_modules/@intlify/core-base/dist/core-base.mjs)
  at translate (/Users/andrejkoval/Dev/vivadzen/src/front/node_modules/@intlify/core-base/dist/core-base.mjs)
 @ http://0.0.0.0:3001/_nuxt/@fs/Users/andrejkoval/Dev/vivadzen/src/front/node_modules/consola/dist/browser.mjs?v=fd09ac8d:47
[  103067ms] [WARNING] %cssr:warn%c [intlify] Not found 'logo_alt' key in 'cs' locale messages. 
      background: #f39c12;
      border-radius: 0.5em;
      color: white;
      font-weight: bold;
      padding: 2px 0.5em;
      
  at warn (/Users/andrejkoval/Dev/vivadzen/src/front/node_modules/@intlify/shared/dist/shared.mjs)
  at handleMissing (/Users/andrejkoval/Dev/vivadzen/src/front/node_modules/@intlify/core-base/dist/core-base.mjs)
  at resolveMessageFormat (/Users/andrejkoval/Dev/vivadzen/src/front/node_modules/@intlify/core-base/dist/core-base.mjs)
 @ http://0.0.0.0:3001/_nuxt/@fs/Users/andrejkoval/Dev/vivadzen/src/front/node_modules/consola/dist/browser.mjs?v=fd09ac8d:47
[  103067ms] [WARNING] %cssr:warn%c [intlify] Fall back to translate 'logo_alt' with root locale. 
      background: #f39c12;
      border-radius: 0.5em;
      color: white;
      font-weight: bold;
      padding: 2px 0.5em;
      
  at warn (/Users/andrejkoval/Dev/vivadzen/src/front/node_modules/@intlify/shared/dist/shared.mjs)
  at wrapWithDeps (/Users/andrejkoval/Dev/vivadzen/src/front/node_modules/vue-i18n/dist/vue-i18n.mjs)
  at Proxy.t (/Users/andrejkoval/Dev/vivadzen/src/front/node_modules/vue-i18n/dist/vue-i18n.mjs)
 @ http://0.0.0.0:3001/_nuxt/@fs/Users/andrejkoval/Dev/vivadzen/src/front/node_modules/consola/dist/browser.mjs?v=fd09ac8d:47
[  103067ms] [WARNING] %cssr:warn%c [intlify] Not found 'logo_alt' key in 'en' locale messages. 
      background: #f39c12;
      border-radius: 0.5em;
      color: white;
      font-weight: bold;
      padding: 2px 0.5em;
      
  at warn (/Users/andrejkoval/Dev/vivadzen/src/front/node_modules/@intlify/shared/dist/shared.mjs)
  at handleMissing (/Users/andrejkoval/Dev/vivadzen/src/front/node_modules/@intlify/core-base/dist/core-base.mjs)
  at resolveMessageFormat (/Users/andrejkoval/Dev/vivadzen/src/front/node_modules/@intlify/core-base/dist/core-base.mjs)
 @ http://0.0.0.0:3001/_nuxt/@fs/Users/andrejkoval/Dev/vivadzen/src/front/node_modules/consola/dist/browser.mjs?v=fd09ac8d:47
[  103067ms] [WARNING] %cssr:warn%c [intlify] Fall back to translate 'logo_alt' key with 'cs' locale. 
      background: #f39c12;
      border-radius: 0.5em;
      color: white;
      font-weight: bold;
      padding: 2px 0.5em;
      
  at warn (/Users/andrejkoval/Dev/vivadzen/src/front/node_modules/@intlify/shared/dist/shared.mjs)
  at resolveMessageFormat (/Users/andrejkoval/Dev/vivadzen/src/front/node_modules/@intlify/core-base/dist/core-base.mjs)
  at translate (/Users/andrejkoval/Dev/vivadzen/src/front/node_modules/@intlify/core-base/dist/core-base.mjs)
 @ http://0.0.0.0:3001/_nuxt/@fs/Users/andrejkoval/Dev/vivadzen/src/front/node_modules/consola/dist/browser.mjs?v=fd09ac8d:47
[  103067ms] [WARNING] %cssr:warn%c [intlify] Not found 'logo_alt' key in 'cs' locale messages. 
      background: #f39c12;
      border-radius: 0.5em;
      color: white;
      font-weight: bold;
      padding: 2px 0.5em;
      
  at warn (/Users/andrejkoval/Dev/vivadzen/src/front/node_modules/@intlify/shared/dist/shared.mjs)
  at handleMissing (/Users/andrejkoval/Dev/vivadzen/src/front/node_modules/@intlify/core-base/dist/core-base.mjs)
  at resolveMessageFormat (/Users/andrejkoval/Dev/vivadzen/src/front/node_modules/@intlify/core-base/dist/core-base.mjs)
 @ http://0.0.0.0:3001/_nuxt/@fs/Users/andrejkoval/Dev/vivadzen/src/front/node_modules/consola/dist/browser.mjs?v=fd09ac8d:47
[  103067ms] [WARNING] %cssr:warn%c [intlify] Not found 'title.cart' key in 'en' locale messages. 
      background: #f39c12;
      border-radius: 0.5em;
      color: white;
      font-weight: bold;
      padding: 2px 0.5em;
      
  at warn (/Users/andrejkoval/Dev/vivadzen/src/front/node_modules/@intlify/shared/dist/shared.mjs)
  at handleMissing (/Users/andrejkoval/Dev/vivadzen/src/front/node_modules/@intlify/core-base/dist/core-base.mjs)
  at resolveMessageFormat (/Users/andrejkoval/Dev/vivadzen/src/front/node_modules/@intlify/core-base/dist/core-base.mjs)
 @ http://0.0.0.0:3001/_nuxt/@fs/Users/andrejkoval/Dev/vivadzen/src/front/node_modules/consola/dist/browser.mjs?v=fd09ac8d:47
[  103067ms] [WARNING] %cssr:warn%c [intlify] Fall back to translate 'title.cart' key with 'cs' locale. 
      background: #f39c12;
      border-radius: 0.5em;
      color: white;
      font-weight: bold;
      padding: 2px 0.5em;
      
  at warn (/Users/andrejkoval/Dev/vivadzen/src/front/node_modules/@intlify/shared/dist/shared.mjs)
  at resolveMessageFormat (/Users/andrejkoval/Dev/vivadzen/src/front/node_modules/@intlify/core-base/dist/core-base.mjs)
  at translate (/Users/andrejkoval/Dev/vivadzen/src/front/node_modules/@intlify/core-base/dist/core-base.mjs)
 @ http://0.0.0.0:3001/_nuxt/@fs/Users/andrejkoval/Dev/vivadzen/src/front/node_modules/consola/dist/browser.mjs?v=fd09ac8d:47
[  103067ms] [WARNING] %cssr:warn%c [intlify] Not found 'title.cart' key in 'cs' locale messages. 
      background: #f39c12;
      border-radius: 0.5em;
      color: white;
      font-weight: bold;
      padding: 2px 0.5em;
      
  at warn (/Users/andrejkoval/Dev/vivadzen/src/front/node_modules/@intlify/shared/dist/shared.mjs)
  at handleMissing (/Users/andrejkoval/Dev/vivadzen/src/front/node_modules/@intlify/core-base/dist/core-base.mjs)
  at resolveMessageFormat (/Users/andrejkoval/Dev/vivadzen/src/front/node_modules/@intlify/core-base/dist/core-base.mjs)
 @ http://0.0.0.0:3001/_nuxt/@fs/Users/andrejkoval/Dev/vivadzen/src/front/node_modules/consola/dist/browser.mjs?v=fd09ac8d:47
[  103067ms] [WARNING] %cssr:warn%c [intlify] Fall back to translate 'title.cart' with root locale. 
      background: #f39c12;
      border-radius: 0.5em;
      color: white;
      font-weight: bold;
      padding: 2px 0.5em;
      
  at warn (/Users/andrejkoval/Dev/vivadzen/src/front/node_modules/@intlify/shared/dist/shared.mjs)
  at wrapWithDeps (/Users/andrejkoval/Dev/vivadzen/src/front/node_modules/vue-i18n/dist/vue-i18n.mjs)
  at Proxy.t (/Users/andrejkoval/Dev/vivadzen/src/front/node_modules/vue-i18n/dist/vue-i18n.mjs)
 @ http://0.0.0.0:3001/_nuxt/@fs/Users/andrejkoval/Dev/vivadzen/src/front/node_modules/consola/dist/browser.mjs?v=fd09ac8d:47
[  103067ms] [WARNING] %cssr:warn%c [intlify] Not found parent scope. use the global scope. 
      background: #f39c12;
      border-radius: 0.5em;
      color: white;
      font-weight: bold;
      padding: 2px 0.5em;
      
  at warn (/Users/andrejkoval/Dev/vivadzen/src/front/node_modules/@intlify/shared/dist/shared.mjs)
  at useI18n (/Users/andrejkoval/Dev/vivadzen/src/front/node_modules/vue-i18n/dist/vue-i18n.mjs)
  at setup (/Users/andrejkoval/Dev/vivadzen/src/front/node_modules/vue-i18n/dist/vue-i18n.mjs)
 @ http://0.0.0.0:3001/_nuxt/@fs/Users/andrejkoval/Dev/vivadzen/src/front/node_modules/consola/dist/browser.mjs?v=fd09ac8d:47
[  103067ms] [WARNING] %cssr:warn%c [intlify] Not found parent scope. use the global scope. 
      background: #f39c12;
      border-radius: 0.5em;
      color: white;
      font-weight: bold;
      padding: 2px 0.5em;
      
  at warn (/Users/andrejkoval/Dev/vivadzen/src/front/node_modules/@intlify/shared/dist/shared.mjs)
  at useI18n (/Users/andrejkoval/Dev/vivadzen/src/front/node_modules/vue-i18n/dist/vue-i18n.mjs)
  at setup (/Users/andrejkoval/Dev/vivadzen/src/front/node_modules/vue-i18n/dist/vue-i18n.mjs)
 @ http://0.0.0.0:3001/_nuxt/@fs/Users/andrejkoval/Dev/vivadzen/src/front/node_modules/consola/dist/browser.mjs?v=fd09ac8d:47
[  103067ms] [WARNING] %cssr:warn%c [intlify] Not found parent scope. use the global scope. 
      background: #f39c12;
      border-radius: 0.5em;
      color: white;
      font-weight: bold;
      padding: 2px 0.5em;
      
  at warn (/Users/andrejkoval/Dev/vivadzen/src/front/node_modules/@intlify/shared/dist/shared.mjs)
  at useI18n (/Users/andrejkoval/Dev/vivadzen/src/front/node_modules/vue-i18n/dist/vue-i18n.mjs)
  at setup (/Users/andrejkoval/Dev/vivadzen/src/front/node_modules/vue-i18n/dist/vue-i18n.mjs)
 @ http://0.0.0.0:3001/_nuxt/@fs/Users/andrejkoval/Dev/vivadzen/src/front/node_modules/consola/dist/browser.mjs?v=fd09ac8d:47
[  103067ms] [WARNING] %cssr:warn%c [intlify] Not found parent scope. use the global scope. 
      background: #f39c12;
      border-radius: 0.5em;
      color: white;
      font-weight: bold;
      padding: 2px 0.5em;
      
  at warn (/Users/andrejkoval/Dev/vivadzen/src/front/node_modules/@intlify/shared/dist/shared.mjs)
  at useI18n (/Users/andrejkoval/Dev/vivadzen/src/front/node_modules/vue-i18n/dist/vue-i18n.mjs)
  at setup (/Users/andrejkoval/Dev/vivadzen/src/front/node_modules/vue-i18n/dist/vue-i18n.mjs)
 @ http://0.0.0.0:3001/_nuxt/@fs/Users/andrejkoval/Dev/vivadzen/src/front/node_modules/consola/dist/browser.mjs?v=fd09ac8d:47
[  103068ms] [WARNING] %cssr:warn%c [intlify] Not found parent scope. use the global scope. 
      background: #f39c12;
      border-radius: 0.5em;
      color: white;
      font-weight: bold;
      padding: 2px 0.5em;
      
  at warn (/Users/andrejkoval/Dev/vivadzen/src/front/node_modules/@intlify/shared/dist/shared.mjs)
  at useI18n (/Users/andrejkoval/Dev/vivadzen/src/front/node_modules/vue-i18n/dist/vue-i18n.mjs)
  at setup (/Users/andrejkoval/Dev/vivadzen/src/front/node_modules/vue-i18n/dist/vue-i18n.mjs)
 @ http://0.0.0.0:3001/_nuxt/@fs/Users/andrejkoval/Dev/vivadzen/src/front/node_modules/consola/dist/browser.mjs?v=fd09ac8d:47
[  103068ms] [WARNING] %cssr:warn%c [intlify] Not found parent scope. use the global scope. 
      background: #f39c12;
      border-radius: 0.5em;
      color: white;
      font-weight: bold;
      padding: 2px 0.5em;
      
  at timeLogImpl (node:internal/console/constructor)
  at node:internal/console/constructor
  at timeLogImpl (node:internal/util/debuglog)
 @ http://0.0.0.0:3001/_nuxt/@fs/Users/andrejkoval/Dev/vivadzen/src/front/node_modules/consola/dist/browser.mjs?v=fd09ac8d:47
[  103068ms] [LOG] %cssr%c %s: %s 
      background: #7f8c8d;
      border-radius: 0.5em;
      color: white;
      font-weight: bold;
      padding: 2px 0.5em;
      [nuxt-app] app:rendered 0.08ms 
  at timeLogImpl (node:internal/console/constructor)
  at node:internal/console/constructor
  at timeLogImpl (node:internal/util/debuglog)
 @ http://0.0.0.0:3001/_nuxt/@fs/Users/andrejkoval/Dev/vivadzen/src/front/node_modules/consola/dist/browser.mjs?v=fd09ac8d:47
[  103068ms] [LOG] %cssr%c %s: %s 
      background: #7f8c8d;
      border-radius: 0.5em;
      color: white;
      font-weight: bold;
      padding: 2px 0.5em;
      [nuxt-app] schema-org:meta 0.003ms 
  at timeLogImpl (node:internal/console/constructor)
  at node:internal/console/constructor
  at timeLogImpl (node:internal/util/debuglog)
 @ http://0.0.0.0:3001/_nuxt/@fs/Users/andrejkoval/Dev/vivadzen/src/front/node_modules/consola/dist/browser.mjs?v=fd09ac8d:47
[  103068ms] [LOG] [nuxt-app] dev:ssr-logs: 0.965087890625 ms [Array(27)] @ http://0.0.0.0:3001/_nuxt/@fs/Users/andrejkoval/Dev/vivadzen/src/front/node_modules/hookable/dist/index.mjs?v=fd09ac8d:271
[  103072ms] [LOG] [nuxt-app] page:loading:start: 0.10400390625 ms [] @ http://0.0.0.0:3001/_nuxt/@fs/Users/andrejkoval/Dev/vivadzen/src/front/node_modules/hookable/dist/index.mjs?v=fd09ac8d:271
[  103094ms] [WARNING] Timer '[nuxt-app] i18n:beforeLocaleSwitch' already exists @ http://0.0.0.0:3001/_nuxt/@fs/Users/andrejkoval/Dev/vivadzen/src/front/node_modules/hookable/dist/index.mjs?v=fd09ac8d:261
[  103094ms] [LOG] [nuxt-app] i18n:beforeLocaleSwitch: 32.614990234375 ms [Object] @ http://0.0.0.0:3001/_nuxt/@fs/Users/andrejkoval/Dev/vivadzen/src/front/node_modules/hookable/dist/index.mjs?v=fd09ac8d:271
[  103095ms] [LOG] [nuxt-app] app:created: 23.864990234375 ms [Object] @ http://0.0.0.0:3001/_nuxt/@fs/Users/andrejkoval/Dev/vivadzen/src/front/node_modules/hookable/dist/index.mjs?v=fd09ac8d:271
[  103095ms] [LOG] [nuxt-app] app:beforeMount: 0.016845703125 ms [Object] @ http://0.0.0.0:3001/_nuxt/@fs/Users/andrejkoval/Dev/vivadzen/src/front/node_modules/hookable/dist/index.mjs?v=fd09ac8d:271
[  103095ms] [LOG] [nuxt-app] vue:setup: 0.135986328125 ms [] @ http://0.0.0.0:3001/_nuxt/@fs/Users/andrejkoval/Dev/vivadzen/src/front/node_modules/hookable/dist/index.mjs?v=fd09ac8d:271
[  103096ms] [INFO] <Suspense> is an experimental feature and its API will likely change. @ http://0.0.0.0:3001/_nuxt/@fs/Users/andrejkoval/Dev/vivadzen/src/front/node_modules/@vue/runtime-core/dist/runtime-core.esm-bundler.js?v=fd09ac8d:7155
[  103096ms] [LOG] [nuxt-app] app:mounted: 0.055908203125 ms [Object] @ http://0.0.0.0:3001/_nuxt/@fs/Users/andrejkoval/Dev/vivadzen/src/front/node_modules/hookable/dist/index.mjs?v=fd09ac8d:271
[  103097ms] [LOG] [Content] WS connect to ws://localhost:4000/ws @ http://0.0.0.0:3001/_nuxt/@fs/Users/andrejkoval/Dev/vivadzen/src/front/node_modules/@nuxt/content/dist/runtime/composables/web-socket.js?v=fd09ac8d:4
[  103144ms] [LOG] [Content] WS connected! @ http://0.0.0.0:3001/_nuxt/@fs/Users/andrejkoval/Dev/vivadzen/src/front/node_modules/@nuxt/content/dist/runtime/composables/web-socket.js?v=fd09ac8d:4
[  103151ms] [WARNING] [intlify] Not found 'logo_alt' key in 'en' locale messages. @ http://0.0.0.0:3001/_nuxt/node_modules/.cache/vite/client/deps/chunk-LY4OWT6B.js?v=fd09ac8d:3
[  103151ms] [WARNING] [intlify] Fall back to translate 'logo_alt' key with 'cs' locale. @ http://0.0.0.0:3001/_nuxt/node_modules/.cache/vite/client/deps/chunk-LY4OWT6B.js?v=fd09ac8d:3
[  103151ms] [WARNING] [intlify] Not found 'logo_alt' key in 'cs' locale messages. @ http://0.0.0.0:3001/_nuxt/node_modules/.cache/vite/client/deps/chunk-LY4OWT6B.js?v=fd09ac8d:3
[  103151ms] [WARNING] [intlify] Fall back to translate 'logo_alt' with root locale. @ http://0.0.0.0:3001/_nuxt/node_modules/.cache/vite/client/deps/chunk-LY4OWT6B.js?v=fd09ac8d:3
[  103151ms] [WARNING] [intlify] Not found 'logo_alt' key in 'en' locale messages. @ http://0.0.0.0:3001/_nuxt/node_modules/.cache/vite/client/deps/chunk-LY4OWT6B.js?v=fd09ac8d:3
[  103151ms] [WARNING] [intlify] Fall back to translate 'logo_alt' key with 'cs' locale. @ http://0.0.0.0:3001/_nuxt/node_modules/.cache/vite/client/deps/chunk-LY4OWT6B.js?v=fd09ac8d:3
[  103151ms] [WARNING] [intlify] Not found 'logo_alt' key in 'cs' locale messages. @ http://0.0.0.0:3001/_nuxt/node_modules/.cache/vite/client/deps/chunk-LY4OWT6B.js?v=fd09ac8d:3
[  103152ms] [WARNING] [intlify] Not found 'title.cart' key in 'en' locale messages. @ http://0.0.0.0:3001/_nuxt/node_modules/.cache/vite/client/deps/chunk-LY4OWT6B.js?v=fd09ac8d:3
[  103152ms] [WARNING] [intlify] Fall back to translate 'title.cart' key with 'cs' locale. @ http://0.0.0.0:3001/_nuxt/node_modules/.cache/vite/client/deps/chunk-LY4OWT6B.js?v=fd09ac8d:3
[  103152ms] [WARNING] [intlify] Not found 'title.cart' key in 'cs' locale messages. @ http://0.0.0.0:3001/_nuxt/node_modules/.cache/vite/client/deps/chunk-LY4OWT6B.js?v=fd09ac8d:3
[  103152ms] [WARNING] [intlify] Fall back to translate 'title.cart' with root locale. @ http://0.0.0.0:3001/_nuxt/node_modules/.cache/vite/client/deps/chunk-LY4OWT6B.js?v=fd09ac8d:3
[  103155ms] [WARNING] [Vue warn]: Hydration style mismatch on JSHandle@node 
  - rendered on server: style="width:1em;height:1em;--c613ce94-iconUrl:url('https://api.iconify.design/iconoir/nav-arrow-down.svg');"
  - expected on client: style="width:1em;height:1em;"
  Note: this mismatch is check-only. The DOM will not be rectified in production due to performance overhead.
  You should fix the source of the mismatch. 
  at <IconCSS name="iconoir:nav-arrow-down" class="lang-switcher__chevron" > 
  at <Header> 
  at <Body style= {background: #f8f1e6} > 
  at <Html lang="en-US" dir="ltr" > 
  at <Default ref=Ref< undefined > > 
  at <AsyncComponentWrapper ref=Ref< undefined > > 
  at <LayoutLoader key="default" layoutProps= {ref: RefImpl} name="default" > 
  at <NuxtLayoutProvider layoutProps= {ref: RefImpl} key="default" name="default"  ... > 
  at <NuxtLayout> 
  at <App key=4 > 
  at <NuxtRoot> @ http://0.0.0.0:3001/_nuxt/@fs/Users/andrejkoval/Dev/vivadzen/src/front/node_modules/@vue/runtime-core/dist/runtime-core.esm-bundler.js?v=fd09ac8d:49
[  103155ms] [ERROR] Hydration completed but contains mismatches. @ http://0.0.0.0:3001/_nuxt/@fs/Users/andrejkoval/Dev/vivadzen/src/front/node_modules/@vue/runtime-core/dist/runtime-core.esm-bundler.js?v=fd09ac8d:1847
[  103156ms] [WARNING] [Vue warn]: Hydration style mismatch on JSHandle@node 
  - rendered on server: style="width:1em;height:1em;--c613ce94-iconUrl:url('https://api.iconify.design/ci/shopping-cart-01.svg');"
  - expected on client: style="width:1em;height:1em;"
  Note: this mismatch is check-only. The DOM will not be rectified in production due to performance overhead.
  You should fix the source of the mismatch. 
  at <IconCSS name="ci:shopping-cart-01" class="hero-header__cart-icon" > 
  at <Header> 
  at <Body style= {background: #f8f1e6} > 
  at <Html lang="en-US" dir="ltr" > 
  at <Default ref=Ref< undefined > > 
  at <AsyncComponentWrapper ref=Ref< undefined > > 
  at <LayoutLoader key="default" layoutProps= {ref: RefImpl} name="default" > 
  at <NuxtLayoutProvider layoutProps= {ref: RefImpl} key="default" name="default"  ... > 
  at <NuxtLayout> 
  at <App key=4 > 
  at <NuxtRoot> @ http://0.0.0.0:3001/_nuxt/@fs/Users/andrejkoval/Dev/vivadzen/src/front/node_modules/@vue/runtime-core/dist/runtime-core.esm-bundler.js?v=fd09ac8d:49
[  103156ms] [WARNING] [Vue warn]: Hydration style mismatch on JSHandle@node 
  - rendered on server: style="width:1em;height:1em;--c613ce94-iconUrl:url('https://api.iconify.design/mynaui/telephone-call.svg');"
  - expected on client: style="width:1em;height:1em;"
  Note: this mismatch is check-only. The DOM will not be rectified in production due to performance overhead.
  You should fix the source of the mismatch. 
  at <IconCSS name="mynaui:telephone-call" class="hero-mobile-menu__contact-icon" > 
  at <Header> 
  at <Body style= {background: #f8f1e6} > 
  at <Html lang="en-US" dir="ltr" > 
  at <Default ref=Ref< undefined > > 
  at <AsyncComponentWrapper ref=Ref< undefined > > 
  at <LayoutLoader key="default" layoutProps= {ref: RefImpl} name="default" > 
  at <NuxtLayoutProvider layoutProps= {ref: RefImpl} key="default" name="default"  ... > 
  at <NuxtLayout> 
  at <App key=4 > 
  at <NuxtRoot> @ http://0.0.0.0:3001/_nuxt/@fs/Users/andrejkoval/Dev/vivadzen/src/front/node_modules/@vue/runtime-core/dist/runtime-core.esm-bundler.js?v=fd09ac8d:49
[  103157ms] [WARNING] [Vue warn]: Hydration style mismatch on JSHandle@node 
  - rendered on server: style="width:1em;height:1em;--c613ce94-iconUrl:url('https://api.iconify.design/ic/round-alternate-email.svg');"
  - expected on client: style="width:1em;height:1em;"
  Note: this mismatch is check-only. The DOM will not be rectified in production due to performance overhead.
  You should fix the source of the mismatch. 
  at <IconCSS name="ic:round-alternate-email" class="hero-mobile-menu__contact-icon" > 
  at <Header> 
  at <Body style= {background: #f8f1e6} > 
  at <Html lang="en-US" dir="ltr" > 
  at <Default ref=Ref< undefined > > 
  at <AsyncComponentWrapper ref=Ref< undefined > > 
  at <LayoutLoader key="default" layoutProps= {ref: RefImpl} name="default" > 
  at <NuxtLayoutProvider layoutProps= {ref: RefImpl} key="default" name="default"  ... > 
  at <NuxtLayout> 
  at <App key=4 > 
  at <NuxtRoot> @ http://0.0.0.0:3001/_nuxt/@fs/Users/andrejkoval/Dev/vivadzen/src/front/node_modules/@vue/runtime-core/dist/runtime-core.esm-bundler.js?v=fd09ac8d:49
[  103157ms] [WARNING] [Vue warn]: Hydration style mismatch on JSHandle@node 
  - rendered on server: style="width:1em;height:1em;--c613ce94-iconUrl:url('https://api.iconify.design/mynaui/location.svg');"
  - expected on client: style="width:1em;height:1em;"
  Note: this mismatch is check-only. The DOM will not be rectified in production due to performance overhead.
  You should fix the source of the mismatch. 
  at <IconCSS name="mynaui:location" class="hero-mobile-menu__contact-icon" > 
  at <Header> 
  at <Body style= {background: #f8f1e6} > 
  at <Html lang="en-US" dir="ltr" > 
  at <Default ref=Ref< undefined > > 
  at <AsyncComponentWrapper ref=Ref< undefined > > 
  at <LayoutLoader key="default" layoutProps= {ref: RefImpl} name="default" > 
  at <NuxtLayoutProvider layoutProps= {ref: RefImpl} key="default" name="default"  ... > 
  at <NuxtLayout> 
  at <App key=4 > 
  at <NuxtRoot> @ http://0.0.0.0:3001/_nuxt/@fs/Users/andrejkoval/Dev/vivadzen/src/front/node_modules/@vue/runtime-core/dist/runtime-core.esm-bundler.js?v=fd09ac8d:49
[  103157ms] [WARNING] [Vue warn]: Hydration style mismatch on JSHandle@node 
  - rendered on server: style="width:1em;height:1em;--c613ce94-iconUrl:url('https://api.iconify.design/mynaui/clock-4.svg');"
  - expected on client: style="width:1em;height:1em;"
  Note: this mismatch is check-only. The DOM will not be rectified in production due to performance overhead.
  You should fix the source of the mismatch. 
  at <IconCSS name="mynaui:clock-4" class="hero-mobile-menu__contact-icon" > 
  at <Header> 
  at <Body style= {background: #f8f1e6} > 
  at <Html lang="en-US" dir="ltr" > 
  at <Default ref=Ref< undefined > > 
  at <AsyncComponentWrapper ref=Ref< undefined > > 
  at <LayoutLoader key="default" layoutProps= {ref: RefImpl} name="default" > 
  at <NuxtLayoutProvider layoutProps= {ref: RefImpl} key="default" name="default"  ... > 
  at <NuxtLayout> 
  at <App key=4 > 
  at <NuxtRoot> @ http://0.0.0.0:3001/_nuxt/@fs/Users/andrejkoval/Dev/vivadzen/src/front/node_modules/@vue/runtime-core/dist/runtime-core.esm-bundler.js?v=fd09ac8d:49
[  103160ms] [WARNING] [Vue warn]: Hydration style mismatch on JSHandle@node 
  - rendered on server: style="width:1em;height:1em;--c613ce94-iconUrl:url('https://api.iconify.design/ph/telegram-logo.svg');"
  - expected on client: style="width:1em;height:1em;"
  Note: this mismatch is check-only. The DOM will not be rectified in production due to performance overhead.
  You should fix the source of the mismatch. 
  at <IconCSS name="ph:telegram-logo" > 
  at <SiteFooter> 
  at <Body style= {background: #f8f1e6} > 
  at <Html lang="en-US" dir="ltr" > 
  at <Default ref=Ref< undefined > > 
  at <AsyncComponentWrapper ref=Ref< undefined > > 
  at <LayoutLoader key="default" layoutProps= {ref: RefImpl} name="default" > 
  at <NuxtLayoutProvider layoutProps= {ref: RefImpl} key="default" name="default"  ... > 
  at <NuxtLayout> 
  at <App key=4 > 
  at <NuxtRoot> @ http://0.0.0.0:3001/_nuxt/@fs/Users/andrejkoval/Dev/vivadzen/src/front/node_modules/@vue/runtime-core/dist/runtime-core.esm-bundler.js?v=fd09ac8d:49
[  103160ms] [WARNING] [Vue warn]: Hydration style mismatch on JSHandle@node 
  - rendered on server: style="width:1em;height:1em;--c613ce94-iconUrl:url('https://api.iconify.design/ph/whatsapp-logo.svg');"
  - expected on client: style="width:1em;height:1em;"
  Note: this mismatch is check-only. The DOM will not be rectified in production due to performance overhead.
  You should fix the source of the mismatch. 
  at <IconCSS name="ph:whatsapp-logo" > 
  at <SiteFooter> 
  at <Body style= {background: #f8f1e6} > 
  at <Html lang="en-US" dir="ltr" > 
  at <Default ref=Ref< undefined > > 
  at <AsyncComponentWrapper ref=Ref< undefined > > 
  at <LayoutLoader key="default" layoutProps= {ref: RefImpl} name="default" > 
  at <NuxtLayoutProvider layoutProps= {ref: RefImpl} key="default" name="default"  ... > 
  at <NuxtLayout> 
  at <App key=4 > 
  at <NuxtRoot> @ http://0.0.0.0:3001/_nuxt/@fs/Users/andrejkoval/Dev/vivadzen/src/front/node_modules/@vue/runtime-core/dist/runtime-core.esm-bundler.js?v=fd09ac8d:49
[  103161ms] [WARNING] [Vue warn]: Hydration style mismatch on JSHandle@node 
  - rendered on server: style="width:1em;height:1em;--c613ce94-iconUrl:url('https://api.iconify.design/iconoir/instagram.svg');"
  - expected on client: style="width:1em;height:1em;"
  Note: this mismatch is check-only. The DOM will not be rectified in production due to performance overhead.
  You should fix the source of the mismatch. 
  at <IconCSS name="iconoir:instagram" > 
  at <SiteFooter> 
  at <Body style= {background: #f8f1e6} > 
  at <Html lang="en-US" dir="ltr" > 
  at <Default ref=Ref< undefined > > 
  at <AsyncComponentWrapper ref=Ref< undefined > > 
  at <LayoutLoader key="default" layoutProps= {ref: RefImpl} name="default" > 
  at <NuxtLayoutProvider layoutProps= {ref: RefImpl} key="default" name="default"  ... > 
  at <NuxtLayout> 
  at <App key=4 > 
  at <NuxtRoot> @ http://0.0.0.0:3001/_nuxt/@fs/Users/andrejkoval/Dev/vivadzen/src/front/node_modules/@vue/runtime-core/dist/runtime-core.esm-bundler.js?v=fd09ac8d:49
[  103165ms] [WARNING] [intlify] Not found parent scope. use the global scope. @ http://0.0.0.0:3001/_nuxt/node_modules/.cache/vite/client/deps/chunk-LY4OWT6B.js?v=fd09ac8d:3
[  103165ms] [WARNING] [Vue warn]: Hydration style mismatch on JSHandle@node 
  - rendered on server: style="width:1em;height:1em;--c613ce94-iconUrl:url('https://api.iconify.design/ci/shopping-cart-01.svg');"
  - expected on client: style="width:1em;height:1em;"
  Note: this mismatch is check-only. The DOM will not be rectified in production due to performance overhead.
  You should fix the source of the mismatch. 
  at <IconCSS name="ci:shopping-cart-01" class="kratom-product-card__action-icon" > 
  at <ProductCard key=391 product= {id: 391, name: Green Rurut Nano kratom powder - 25g, slug: zeleny-rurut-nano-kratom-prasek-25g, price: 140.00, oldPrice: null} > 
  at <Index onVnodeUnmounted=fn<onVnodeUnmounted> ref=Ref< undefined > > 
  at <RouteProvider key="/en/catalog" vnode= {__v_isVNode: true, __v_skip: true, type: Object, props: Object, key: null} route= {fullPath: /en/catalog, hash: , query: Object, name: catalog___en, path: /en/catalog}  ... > 
  at <RouterView name=undefined route=undefined > 
  at <NuxtPage> 
  at <Body style= {background: #f8f1e6} > 
  at <Html lang="en-US" dir="ltr" > 
  at <Default ref=Ref< undefined > > 
  at <AsyncComponentWrapper ref=Ref< undefined > > 
  at <LayoutLoader key="default" layoutProps= {ref: RefImpl} name="default" > 
  at <NuxtLayoutProvider layoutProps= {ref: RefImpl} key="default" name="default"  ... > 
  at <NuxtLayout> 
  at <App key=4 > 
  at <NuxtRoot> @ http://0.0.0.0:3001/_nuxt/@fs/Users/andrejkoval/Dev/vivadzen/src/front/node_modules/@vue/runtime-core/dist/runtime-core.esm-bundler.js?v=fd09ac8d:49
[  103166ms] [WARNING] [intlify] Not found parent scope. use the global scope. @ http://0.0.0.0:3001/_nuxt/node_modules/.cache/vite/client/deps/chunk-LY4OWT6B.js?v=fd09ac8d:3
[  103166ms] [WARNING] [Vue warn]: Hydration style mismatch on JSHandle@node 
  - rendered on server: style="width:1em;height:1em;--c613ce94-iconUrl:url('https://api.iconify.design/ci/shopping-cart-01.svg');"
  - expected on client: style="width:1em;height:1em;"
  Note: this mismatch is check-only. The DOM will not be rectified in production due to performance overhead.
  You should fix the source of the mismatch. 
  at <IconCSS name="ci:shopping-cart-01" class="kratom-product-card__action-icon" > 
  at <ProductCard key=336 product= {id: 336, name: White Maeng Da Kratom powder, slug: bila-maeng-da-kratom-prasek-25g, price: 130.00, oldPrice: null} > 
  at <Index onVnodeUnmounted=fn<onVnodeUnmounted> ref=Ref< undefined > > 
  at <RouteProvider key="/en/catalog" vnode= {__v_isVNode: true, __v_skip: true, type: Object, props: Object, key: null} route= {fullPath: /en/catalog, hash: , query: Object, name: catalog___en, path: /en/catalog}  ... > 
  at <RouterView name=undefined route=undefined > 
  at <NuxtPage> 
  at <Body style= {background: #f8f1e6} > 
  at <Html lang="en-US" dir="ltr" > 
  at <Default ref=Ref< undefined > > 
  at <AsyncComponentWrapper ref=Ref< undefined > > 
  at <LayoutLoader key="default" layoutProps= {ref: RefImpl} name="default" > 
  at <NuxtLayoutProvider layoutProps= {ref: RefImpl} key="default" name="default"  ... > 
  at <NuxtLayout> 
  at <App key=4 > 
  at <NuxtRoot> @ http://0.0.0.0:3001/_nuxt/@fs/Users/andrejkoval/Dev/vivadzen/src/front/node_modules/@vue/runtime-core/dist/runtime-core.esm-bundler.js?v=fd09ac8d:49
[  103168ms] [WARNING] [intlify] Not found parent scope. use the global scope. @ http://0.0.0.0:3001/_nuxt/node_modules/.cache/vite/client/deps/chunk-LY4OWT6B.js?v=fd09ac8d:3
[  103168ms] [WARNING] [Vue warn]: Hydration style mismatch on JSHandle@node 
  - rendered on server: style="width:1em;height:1em;--c613ce94-iconUrl:url('https://api.iconify.design/ci/shopping-cart-01.svg');"
  - expected on client: style="width:1em;height:1em;"
  Note: this mismatch is check-only. The DOM will not be rectified in production due to performance overhead.
  You should fix the source of the mismatch. 
  at <IconCSS name="ci:shopping-cart-01" class="kratom-product-card__action-icon" > 
  at <ProductCard key=334 product= {id: 334, name: White Elephant Kratom powder, slug: bily-slon-kratom-prasek-25g, price: 140.00, oldPrice: null} > 
  at <Index onVnodeUnmounted=fn<onVnodeUnmounted> ref=Ref< undefined > > 
  at <RouteProvider key="/en/catalog" vnode= {__v_isVNode: true, __v_skip: true, type: Object, props: Object, key: null} route= {fullPath: /en/catalog, hash: , query: Object, name: catalog___en, path: /en/catalog}  ... > 
  at <RouterView name=undefined route=undefined > 
  at <NuxtPage> 
  at <Body style= {background: #f8f1e6} > 
  at <Html lang="en-US" dir="ltr" > 
  at <Default ref=Ref< undefined > > 
  at <AsyncComponentWrapper ref=Ref< undefined > > 
  at <LayoutLoader key="default" layoutProps= {ref: RefImpl} name="default" > 
  at <NuxtLayoutProvider layoutProps= {ref: RefImpl} key="default" name="default"  ... > 
  at <NuxtLayout> 
  at <App key=4 > 
  at <NuxtRoot> @ http://0.0.0.0:3001/_nuxt/@fs/Users/andrejkoval/Dev/vivadzen/src/front/node_modules/@vue/runtime-core/dist/runtime-core.esm-bundler.js?v=fd09ac8d:49
[  103168ms] [WARNING] [intlify] Not found parent scope. use the global scope. @ http://0.0.0.0:3001/_nuxt/node_modules/.cache/vite/client/deps/chunk-LY4OWT6B.js?v=fd09ac8d:3
[  103169ms] [WARNING] [Vue warn]: Hydration style mismatch on JSHandle@node 
  - rendered on server: style="width:1em;height:1em;--c613ce94-iconUrl:url('https://api.iconify.design/ci/shopping-cart-01.svg');"
  - expected on client: style="width:1em;height:1em;"
  Note: this mismatch is check-only. The DOM will not be rectified in production due to performance overhead.
  You should fix the source of the mismatch. 
  at <IconCSS name="ci:shopping-cart-01" class="kratom-product-card__action-icon" > 
  at <ProductCard key=333 product= {id: 333, name: Green Thai Kratom powder, slug: zeleny-thajsky-kratom-prasek-25g, price: 130.00, oldPrice: null} > 
  at <Index onVnodeUnmounted=fn<onVnodeUnmounted> ref=Ref< undefined > > 
  at <RouteProvider key="/en/catalog" vnode= {__v_isVNode: true, __v_skip: true, type: Object, props: Object, key: null} route= {fullPath: /en/catalog, hash: , query: Object, name: catalog___en, path: /en/catalog}  ... > 
  at <RouterView name=undefined route=undefined > 
  at <NuxtPage> 
  at <Body style= {background: #f8f1e6} > 
  at <Html lang="en-US" dir="ltr" > 
  at <Default ref=Ref< undefined > > 
  at <AsyncComponentWrapper ref=Ref< undefined > > 
  at <LayoutLoader key="default" layoutProps= {ref: RefImpl} name="default" > 
  at <NuxtLayoutProvider layoutProps= {ref: RefImpl} key="default" name="default"  ... > 
  at <NuxtLayout> 
  at <App key=4 > 
  at <NuxtRoot> @ http://0.0.0.0:3001/_nuxt/@fs/Users/andrejkoval/Dev/vivadzen/src/front/node_modules/@vue/runtime-core/dist/runtime-core.esm-bundler.js?v=fd09ac8d:49
[  103169ms] [WARNING] [intlify] Not found parent scope. use the global scope. @ http://0.0.0.0:3001/_nuxt/node_modules/.cache/vite/client/deps/chunk-LY4OWT6B.js?v=fd09ac8d:3
[  103169ms] [WARNING] [Vue warn]: Hydration style mismatch on JSHandle@node 
  - rendered on server: style="width:1em;height:1em;--c613ce94-iconUrl:url('https://api.iconify.design/ci/shopping-cart-01.svg');"
  - expected on client: style="width:1em;height:1em;"
  Note: this mismatch is check-only. The DOM will not be rectified in production due to performance overhead.
  You should fix the source of the mismatch. 
  at <IconCSS name="ci:shopping-cart-01" class="kratom-product-card__action-icon" > 
  at <ProductCard key=332 product= {id: 332, name: Red Maeng Da Kratom powder, slug: cervena-maeng-da-kratom-prasek-25g, price: 130.00, oldPrice: null} > 
  at <Index onVnodeUnmounted=fn<onVnodeUnmounted> ref=Ref< undefined > > 
  at <RouteProvider key="/en/catalog" vnode= {__v_isVNode: true, __v_skip: true, type: Object, props: Object, key: null} route= {fullPath: /en/catalog, hash: , query: Object, name: catalog___en, path: /en/catalog}  ... > 
  at <RouterView name=undefined route=undefined > 
  at <NuxtPage> 
  at <Body style= {background: #f8f1e6} > 
  at <Html lang="en-US" dir="ltr" > 
  at <Default ref=Ref< undefined > > 
  at <AsyncComponentWrapper ref=Ref< undefined > > 
  at <LayoutLoader key="default" layoutProps= {ref: RefImpl} name="default" > 
  at <NuxtLayoutProvider layoutProps= {ref: RefImpl} key="default" name="default"  ... > 
  at <NuxtLayout> 
  at <App key=4 > 
  at <NuxtRoot> @ http://0.0.0.0:3001/_nuxt/@fs/Users/andrejkoval/Dev/vivadzen/src/front/node_modules/@vue/runtime-core/dist/runtime-core.esm-bundler.js?v=fd09ac8d:49
[  103171ms] [WARNING] [intlify] Not found parent scope. use the global scope. @ http://0.0.0.0:3001/_nuxt/node_modules/.cache/vite/client/deps/chunk-LY4OWT6B.js?v=fd09ac8d:3
[  103171ms] [WARNING] [Vue warn]: Hydration style mismatch on JSHandle@node 
  - rendered on server: style="width:1em;height:1em;--c613ce94-iconUrl:url('https://api.iconify.design/ci/shopping-cart-01.svg');"
  - expected on client: style="width:1em;height:1em;"
  Note: this mismatch is check-only. The DOM will not be rectified in production due to performance overhead.
  You should fix the source of the mismatch. 
  at <IconCSS name="ci:shopping-cart-01" class="kratom-product-card__action-icon" > 
  at <ProductCard key=331 product= {id: 331, name: Green Maeng Da Kratom powder, slug: zelena-maeng-da-kratom-prasek-25g, price: 130.00, oldPrice: null} > 
  at <Index onVnodeUnmounted=fn<onVnodeUnmounted> ref=Ref< undefined > > 
  at <RouteProvider key="/en/catalog" vnode= {__v_isVNode: true, __v_skip: true, type: Object, props: Object, key: null} route= {fullPath: /en/catalog, hash: , query: Object, name: catalog___en, path: /en/catalog}  ... > 
  at <RouterView name=undefined route=undefined > 
  at <NuxtPage> 
  at <Body style= {background: #f8f1e6} > 
  at <Html lang="en-US" dir="ltr" > 
  at <Default ref=Ref< undefined > > 
  at <AsyncComponentWrapper ref=Ref< undefined > > 
  at <LayoutLoader key="default" layoutProps= {ref: RefImpl} name="default" > 
  at <NuxtLayoutProvider layoutProps= {ref: RefImpl} key="default" name="default"  ... > 
  at <NuxtLayout> 
  at <App key=4 > 
  at <NuxtRoot> @ http://0.0.0.0:3001/_nuxt/@fs/Users/andrejkoval/Dev/vivadzen/src/front/node_modules/@vue/runtime-core/dist/runtime-core.esm-bundler.js?v=fd09ac8d:49
[  103173ms] [LOG] [nuxt-app] page:finish: 1.27197265625 ms [Object] @ http://0.0.0.0:3001/_nuxt/@fs/Users/andrejkoval/Dev/vivadzen/src/front/node_modules/hookable/dist/index.mjs?v=fd09ac8d:271
[  103174ms] [LOG] [nuxt-app] page:loading:end: 0.30908203125 ms [] @ http://0.0.0.0:3001/_nuxt/@fs/Users/andrejkoval/Dev/vivadzen/src/front/node_modules/hookable/dist/index.mjs?v=fd09ac8d:271
[  103177ms] [WARNING] [intlify] Not found 'logo_alt' key in 'en' locale messages. @ http://0.0.0.0:3001/_nuxt/node_modules/.cache/vite/client/deps/chunk-LY4OWT6B.js?v=fd09ac8d:3
[  103177ms] [WARNING] [intlify] Fall back to translate 'logo_alt' key with 'cs' locale. @ http://0.0.0.0:3001/_nuxt/node_modules/.cache/vite/client/deps/chunk-LY4OWT6B.js?v=fd09ac8d:3
[  103177ms] [WARNING] [intlify] Not found 'logo_alt' key in 'cs' locale messages. @ http://0.0.0.0:3001/_nuxt/node_modules/.cache/vite/client/deps/chunk-LY4OWT6B.js?v=fd09ac8d:3
[  103177ms] [WARNING] [intlify] Fall back to translate 'logo_alt' with root locale. @ http://0.0.0.0:3001/_nuxt/node_modules/.cache/vite/client/deps/chunk-LY4OWT6B.js?v=fd09ac8d:3
[  103177ms] [WARNING] [intlify] Not found 'logo_alt' key in 'en' locale messages. @ http://0.0.0.0:3001/_nuxt/node_modules/.cache/vite/client/deps/chunk-LY4OWT6B.js?v=fd09ac8d:3
[  103177ms] [WARNING] [intlify] Fall back to translate 'logo_alt' key with 'cs' locale. @ http://0.0.0.0:3001/_nuxt/node_modules/.cache/vite/client/deps/chunk-LY4OWT6B.js?v=fd09ac8d:3
[  103177ms] [WARNING] [intlify] Not found 'logo_alt' key in 'cs' locale messages. @ http://0.0.0.0:3001/_nuxt/node_modules/.cache/vite/client/deps/chunk-LY4OWT6B.js?v=fd09ac8d:3
[  103178ms] [WARNING] [intlify] Not found 'title.cart' key in 'en' locale messages. @ http://0.0.0.0:3001/_nuxt/node_modules/.cache/vite/client/deps/chunk-LY4OWT6B.js?v=fd09ac8d:3
[  103178ms] [WARNING] [intlify] Fall back to translate 'title.cart' key with 'cs' locale. @ http://0.0.0.0:3001/_nuxt/node_modules/.cache/vite/client/deps/chunk-LY4OWT6B.js?v=fd09ac8d:3
[  103178ms] [WARNING] [intlify] Not found 'title.cart' key in 'cs' locale messages. @ http://0.0.0.0:3001/_nuxt/node_modules/.cache/vite/client/deps/chunk-LY4OWT6B.js?v=fd09ac8d:3
[  103178ms] [WARNING] [intlify] Fall back to translate 'title.cart' with root locale. @ http://0.0.0.0:3001/_nuxt/node_modules/.cache/vite/client/deps/chunk-LY4OWT6B.js?v=fd09ac8d:3
[  103181ms] [WARNING] [intlify] Not found 'logo_alt' key in 'en' locale messages. @ http://0.0.0.0:3001/_nuxt/node_modules/.cache/vite/client/deps/chunk-LY4OWT6B.js?v=fd09ac8d:3
[  103181ms] [WARNING] [intlify] Fall back to translate 'logo_alt' key with 'cs' locale. @ http://0.0.0.0:3001/_nuxt/node_modules/.cache/vite/client/deps/chunk-LY4OWT6B.js?v=fd09ac8d:3
[  103181ms] [WARNING] [intlify] Not found 'logo_alt' key in 'cs' locale messages. @ http://0.0.0.0:3001/_nuxt/node_modules/.cache/vite/client/deps/chunk-LY4OWT6B.js?v=fd09ac8d:3
[  103181ms] [WARNING] [intlify] Fall back to translate 'logo_alt' with root locale. @ http://0.0.0.0:3001/_nuxt/node_modules/.cache/vite/client/deps/chunk-LY4OWT6B.js?v=fd09ac8d:3
[  103181ms] [WARNING] [intlify] Not found 'logo_alt' key in 'en' locale messages. @ http://0.0.0.0:3001/_nuxt/node_modules/.cache/vite/client/deps/chunk-LY4OWT6B.js?v=fd09ac8d:3
[  103181ms] [WARNING] [intlify] Fall back to translate 'logo_alt' key with 'cs' locale. @ http://0.0.0.0:3001/_nuxt/node_modules/.cache/vite/client/deps/chunk-LY4OWT6B.js?v=fd09ac8d:3
[  103181ms] [WARNING] [intlify] Not found 'logo_alt' key in 'cs' locale messages. @ http://0.0.0.0:3001/_nuxt/node_modules/.cache/vite/client/deps/chunk-LY4OWT6B.js?v=fd09ac8d:3
[  103182ms] [WARNING] [intlify] Not found 'title.cart' key in 'en' locale messages. @ http://0.0.0.0:3001/_nuxt/node_modules/.cache/vite/client/deps/chunk-LY4OWT6B.js?v=fd09ac8d:3
[  103182ms] [WARNING] [intlify] Fall back to translate 'title.cart' key with 'cs' locale. @ http://0.0.0.0:3001/_nuxt/node_modules/.cache/vite/client/deps/chunk-LY4OWT6B.js?v=fd09ac8d:3
[  103182ms] [WARNING] [intlify] Not found 'title.cart' key in 'cs' locale messages. @ http://0.0.0.0:3001/_nuxt/node_modules/.cache/vite/client/deps/chunk-LY4OWT6B.js?v=fd09ac8d:3
[  103182ms] [WARNING] [intlify] Fall back to translate 'title.cart' with root locale. @ http://0.0.0.0:3001/_nuxt/node_modules/.cache/vite/client/deps/chunk-LY4OWT6B.js?v=fd09ac8d:3
[  103186ms] [LOG] [nuxt-app] schema-org:meta: 0.05908203125 ms [Object] @ http://0.0.0.0:3001/_nuxt/@fs/Users/andrejkoval/Dev/vivadzen/src/front/node_modules/hookable/dist/index.mjs?v=fd09ac8d:271
[  103187ms] [LOG] [nuxt-app] app:suspense:resolve: 7.5 ms [] @ http://0.0.0.0:3001/_nuxt/@fs/Users/andrejkoval/Dev/vivadzen/src/front/node_modules/hookable/dist/index.mjs?v=fd09ac8d:271
[  103212ms] [LOG] [nuxt-app] link:prefetch: 1.2919921875 ms [/en/catalog] @ http://0.0.0.0:3001/_nuxt/@fs/Users/andrejkoval/Dev/vivadzen/src/front/node_modules/hookable/dist/index.mjs?v=fd09ac8d:271
[  103212ms] [LOG] [nuxt-app] link:prefetch : 1.321044921875 ms [/en/blog] @ http://0.0.0.0:3001/_nuxt/@fs/Users/andrejkoval/Dev/vivadzen/src/front/node_modules/hookable/dist/index.mjs?v=fd09ac8d:271
[  103213ms] [LOG] [nuxt-app] link:prefetch  : 1.212158203125 ms [/en/about] @ http://0.0.0.0:3001/_nuxt/@fs/Users/andrejkoval/Dev/vivadzen/src/front/node_modules/hookable/dist/index.mjs?v=fd09ac8d:271
[  103213ms] [LOG] [nuxt-app] link:prefetch   : 1.259033203125 ms [/en/contacts] @ http://0.0.0.0:3001/_nuxt/@fs/Users/andrejkoval/Dev/vivadzen/src/front/node_modules/hookable/dist/index.mjs?v=fd09ac8d:271
[  103213ms] [LOG] [nuxt-app] link:prefetch    : 1.2490234375 ms [/en/zeleny-rurut-nano-kratom-prasek-25g] @ http://0.0.0.0:3001/_nuxt/@fs/Users/andrejkoval/Dev/vivadzen/src/front/node_modules/hookable/dist/index.mjs?v=fd09ac8d:271
[  103213ms] [LOG] [nuxt-app] link:prefetch     : 1.255859375 ms [/en/zeleny-rurut-nano-kratom-prasek-25g] @ http://0.0.0.0:3001/_nuxt/@fs/Users/andrejkoval/Dev/vivadzen/src/front/node_modules/hookable/dist/index.mjs?v=fd09ac8d:271
[  103213ms] [LOG] [nuxt-app] link:prefetch      : 1.31103515625 ms [/en/bila-maeng-da-kratom-prasek-25g] @ http://0.0.0.0:3001/_nuxt/@fs/Users/andrejkoval/Dev/vivadzen/src/front/node_modules/hookable/dist/index.mjs?v=fd09ac8d:271
[  103213ms] [LOG] [nuxt-app] link:prefetch       : 1.364013671875 ms [/en/bila-maeng-da-kratom-prasek-25g] @ http://0.0.0.0:3001/_nuxt/@fs/Users/andrejkoval/Dev/vivadzen/src/front/node_modules/hookable/dist/index.mjs?v=fd09ac8d:271
[  103213ms] [LOG] [nuxt-app] link:prefetch        : 1.434814453125 ms [/en/bily-slon-kratom-prasek-25g] @ http://0.0.0.0:3001/_nuxt/@fs/Users/andrejkoval/Dev/vivadzen/src/front/node_modules/hookable/dist/index.mjs?v=fd09ac8d:271
[  103213ms] [LOG] [nuxt-app] link:prefetch         : 1.48583984375 ms [/en/bily-slon-kratom-prasek-25g] @ http://0.0.0.0:3001/_nuxt/@fs/Users/andrejkoval/Dev/vivadzen/src/front/node_modules/hookable/dist/index.mjs?v=fd09ac8d:271
[  103213ms] [LOG] [nuxt-app] link:prefetch          : 1.538818359375 ms [/en/zeleny-thajsky-kratom-prasek-25g] @ http://0.0.0.0:3001/_nuxt/@fs/Users/andrejkoval/Dev/vivadzen/src/front/node_modules/hookable/dist/index.mjs?v=fd09ac8d:271
[  103213ms] [LOG] [nuxt-app] link:prefetch           : 1.590087890625 ms [/en/zeleny-thajsky-kratom-prasek-25g] @ http://0.0.0.0:3001/_nuxt/@fs/Users/andrejkoval/Dev/vivadzen/src/front/node_modules/hookable/dist/index.mjs?v=fd09ac8d:271
[  103213ms] [LOG] [nuxt-app] link:prefetch            : 1.64111328125 ms [/en/cervena-maeng-da-kratom-prasek-25g] @ http://0.0.0.0:3001/_nuxt/@fs/Users/andrejkoval/Dev/vivadzen/src/front/node_modules/hookable/dist/index.mjs?v=fd09ac8d:271
[  103213ms] [LOG] [nuxt-app] link:prefetch             : 1.696044921875 ms [/en/zelena-maeng-da-kratom-prasek-25g] @ http://0.0.0.0:3001/_nuxt/@fs/Users/andrejkoval/Dev/vivadzen/src/front/node_modules/hookable/dist/index.mjs?v=fd09ac8d:271
[  106752ms] [LOG] [nuxt-delay-hydration] Hydration event timeout @ http://0.0.0.0:3001/en/catalog:135
[  150671ms] [LOG] [nuxt-app] i18n:beforeLocaleSwitch: 0.115966796875 ms [Object] @ http://0.0.0.0:3001/_nuxt/@fs/Users/andrejkoval/Dev/vivadzen/src/front/node_modules/hookable/dist/index.mjs?v=fd09ac8d:271
[  150677ms] [LOG] %cssr%c %s: %s 
      background: #7f8c8d;
      border-radius: 0.5em;
      color: white;
      font-weight: bold;
      padding: 2px 0.5em;
      [nitro-runtime] request 0.362ms 
  at timeLogImpl (node:internal/console/constructor)
  at node:internal/console/constructor
  at timeLogImpl (node:internal/util/debuglog)
 @ http://0.0.0.0:3001/_nuxt/@fs/Users/andrejkoval/Dev/vivadzen/src/front/node_modules/consola/dist/browser.mjs?v=fd09ac8d:47
[  150677ms] [LOG] %cssr%c %s: %s 
      background: #7f8c8d;
      border-radius: 0.5em;
      color: white;
      font-weight: bold;
      padding: 2px 0.5em;
      [nitro-runtime] site-config:init 0.02ms 
  at timeLogImpl (node:internal/console/constructor)
  at node:internal/console/constructor
  at timeLogImpl (node:internal/util/debuglog)
 @ http://0.0.0.0:3001/_nuxt/@fs/Users/andrejkoval/Dev/vivadzen/src/front/node_modules/consola/dist/browser.mjs?v=fd09ac8d:47
[  150677ms] [LOG] %cssr%c %s: %s 
      background: #7f8c8d;
      border-radius: 0.5em;
      color: white;
      font-weight: bold;
      padding: 2px 0.5em;
      [nitro-runtime] render:before 0.004ms 
  at timeLogImpl (node:internal/console/constructor)
  at node:internal/console/constructor
  at timeLogImpl (node:internal/util/debuglog)
 @ http://0.0.0.0:3001/_nuxt/@fs/Users/andrejkoval/Dev/vivadzen/src/front/node_modules/consola/dist/browser.mjs?v=fd09ac8d:47
[  150677ms] [LOG] %cssr%c %s: %s 
      background: #7f8c8d;
      border-radius: 0.5em;
      color: white;
      font-weight: bold;
      padding: 2px 0.5em;
      [nuxt-app] i18n:beforeLocaleSwitch 0.011ms 
  at timeLogImpl (node:internal/console/constructor)
  at node:internal/console/constructor
  at timeLogImpl (node:internal/util/debuglog)
 @ http://0.0.0.0:3001/_nuxt/@fs/Users/andrejkoval/Dev/vivadzen/src/front/node_modules/consola/dist/browser.mjs?v=fd09ac8d:47
[  150677ms] [LOG] %cssr%c %s: %s 
      background: #7f8c8d;
      border-radius: 0.5em;
      color: white;
      font-weight: bold;
      padding: 2px 0.5em;
      [nuxt-app] page:loading:start 0.003ms 
  at timeLogImpl (node:internal/console/constructor)
  at node:internal/console/constructor
  at timeLogImpl (node:internal/util/debuglog)
 @ http://0.0.0.0:3001/_nuxt/@fs/Users/andrejkoval/Dev/vivadzen/src/front/node_modules/consola/dist/browser.mjs?v=fd09ac8d:47
[  150677ms] [LOG] %cssr%c %s: %s 
      background: #7f8c8d;
      border-radius: 0.5em;
      color: white;
      font-weight: bold;
      padding: 2px 0.5em;
      [nuxt-app] i18n:beforeLocaleSwitch 0.01ms 
  at timeLogImpl (node:internal/console/constructor)
  at node:internal/console/constructor
  at timeLogImpl (node:internal/util/debuglog)
 @ http://0.0.0.0:3001/_nuxt/@fs/Users/andrejkoval/Dev/vivadzen/src/front/node_modules/consola/dist/browser.mjs?v=fd09ac8d:47
[  150677ms] [LOG] %cssr%c %s: %s 
      background: #7f8c8d;
      border-radius: 0.5em;
      color: white;
      font-weight: bold;
      padding: 2px 0.5em;
      [nuxt-app] app:created 4.278ms 
  at timeLogImpl (node:internal/console/constructor)
  at node:internal/console/constructor
  at timeLogImpl (node:internal/util/debuglog)
 @ http://0.0.0.0:3001/_nuxt/@fs/Users/andrejkoval/Dev/vivadzen/src/front/node_modules/consola/dist/browser.mjs?v=fd09ac8d:47
[  150677ms] [LOG] %cssr%c %s: %s 
      background: #7f8c8d;
      border-radius: 0.5em;
      color: white;
      font-weight: bold;
      padding: 2px 0.5em;
      [nuxt-app] vue:setup 0.002ms 
  at timeLogImpl (node:internal/console/constructor)
  at node:internal/console/constructor
  at timeLogImpl (node:internal/util/debuglog)
 @ http://0.0.0.0:3001/_nuxt/@fs/Users/andrejkoval/Dev/vivadzen/src/front/node_modules/consola/dist/browser.mjs?v=fd09ac8d:47
[  150677ms] [WARNING] %cssr:warn%c [intlify] Not found 'logo_alt' key in 'en' locale messages. 
      background: #f39c12;
      border-radius: 0.5em;
      color: white;
      font-weight: bold;
      padding: 2px 0.5em;
      
  at warn (/Users/andrejkoval/Dev/vivadzen/src/front/node_modules/@intlify/shared/dist/shared.mjs)
  at handleMissing (/Users/andrejkoval/Dev/vivadzen/src/front/node_modules/@intlify/core-base/dist/core-base.mjs)
  at resolveMessageFormat (/Users/andrejkoval/Dev/vivadzen/src/front/node_modules/@intlify/core-base/dist/core-base.mjs)
 @ http://0.0.0.0:3001/_nuxt/@fs/Users/andrejkoval/Dev/vivadzen/src/front/node_modules/consola/dist/browser.mjs?v=fd09ac8d:47
[  150677ms] [WARNING] %cssr:warn%c [intlify] Fall back to translate 'logo_alt' key with 'cs' locale. 
      background: #f39c12;
      border-radius: 0.5em;
      color: white;
      font-weight: bold;
      padding: 2px 0.5em;
      
  at warn (/Users/andrejkoval/Dev/vivadzen/src/front/node_modules/@intlify/shared/dist/shared.mjs)
  at resolveMessageFormat (/Users/andrejkoval/Dev/vivadzen/src/front/node_modules/@intlify/core-base/dist/core-base.mjs)
  at translate (/Users/andrejkoval/Dev/vivadzen/src/front/node_modules/@intlify/core-base/dist/core-base.mjs)
 @ http://0.0.0.0:3001/_nuxt/@fs/Users/andrejkoval/Dev/vivadzen/src/front/node_modules/consola/dist/browser.mjs?v=fd09ac8d:47
[  150677ms] [WARNING] %cssr:warn%c [intlify] Not found 'logo_alt' key in 'cs' locale messages. 
      background: #f39c12;
      border-radius: 0.5em;
      color: white;
      font-weight: bold;
      padding: 2px 0.5em;
      
  at warn (/Users/andrejkoval/Dev/vivadzen/src/front/node_modules/@intlify/shared/dist/shared.mjs)
  at handleMissing (/Users/andrejkoval/Dev/vivadzen/src/front/node_modules/@intlify/core-base/dist/core-base.mjs)
  at resolveMessageFormat (/Users/andrejkoval/Dev/vivadzen/src/front/node_modules/@intlify/core-base/dist/core-base.mjs)
 @ http://0.0.0.0:3001/_nuxt/@fs/Users/andrejkoval/Dev/vivadzen/src/front/node_modules/consola/dist/browser.mjs?v=fd09ac8d:47
[  150677ms] [WARNING] %cssr:warn%c [intlify] Fall back to translate 'logo_alt' with root locale. 
      background: #f39c12;
      border-radius: 0.5em;
      color: white;
      font-weight: bold;
      padding: 2px 0.5em;
      
  at warn (/Users/andrejkoval/Dev/vivadzen/src/front/node_modules/@intlify/shared/dist/shared.mjs)
  at wrapWithDeps (/Users/andrejkoval/Dev/vivadzen/src/front/node_modules/vue-i18n/dist/vue-i18n.mjs)
  at Proxy.t (/Users/andrejkoval/Dev/vivadzen/src/front/node_modules/vue-i18n/dist/vue-i18n.mjs)
 @ http://0.0.0.0:3001/_nuxt/@fs/Users/andrejkoval/Dev/vivadzen/src/front/node_modules/consola/dist/browser.mjs?v=fd09ac8d:47
[  150677ms] [WARNING] %cssr:warn%c [intlify] Not found 'logo_alt' key in 'en' locale messages. 
      background: #f39c12;
      border-radius: 0.5em;
      color: white;
      font-weight: bold;
      padding: 2px 0.5em;
      
  at warn (/Users/andrejkoval/Dev/vivadzen/src/front/node_modules/@intlify/shared/dist/shared.mjs)
  at handleMissing (/Users/andrejkoval/Dev/vivadzen/src/front/node_modules/@intlify/core-base/dist/core-base.mjs)
  at resolveMessageFormat (/Users/andrejkoval/Dev/vivadzen/src/front/node_modules/@intlify/core-base/dist/core-base.mjs)
 @ http://0.0.0.0:3001/_nuxt/@fs/Users/andrejkoval/Dev/vivadzen/src/front/node_modules/consola/dist/browser.mjs?v=fd09ac8d:47
[  150677ms] [WARNING] %cssr:warn%c [intlify] Fall back to translate 'logo_alt' key with 'cs' locale. 
      background: #f39c12;
      border-radius: 0.5em;
      color: white;
      font-weight: bold;
      padding: 2px 0.5em;
      
  at warn (/Users/andrejkoval/Dev/vivadzen/src/front/node_modules/@intlify/shared/dist/shared.mjs)
  at resolveMessageFormat (/Users/andrejkoval/Dev/vivadzen/src/front/node_modules/@intlify/core-base/dist/core-base.mjs)
  at translate (/Users/andrejkoval/Dev/vivadzen/src/front/node_modules/@intlify/core-base/dist/core-base.mjs)
 @ http://0.0.0.0:3001/_nuxt/@fs/Users/andrejkoval/Dev/vivadzen/src/front/node_modules/consola/dist/browser.mjs?v=fd09ac8d:47
[  150677ms] [WARNING] %cssr:warn%c [intlify] Not found 'logo_alt' key in 'cs' locale messages. 
      background: #f39c12;
      border-radius: 0.5em;
      color: white;
      font-weight: bold;
      padding: 2px 0.5em;
      
  at warn (/Users/andrejkoval/Dev/vivadzen/src/front/node_modules/@intlify/shared/dist/shared.mjs)
  at handleMissing (/Users/andrejkoval/Dev/vivadzen/src/front/node_modules/@intlify/core-base/dist/core-base.mjs)
  at resolveMessageFormat (/Users/andrejkoval/Dev/vivadzen/src/front/node_modules/@intlify/core-base/dist/core-base.mjs)
 @ http://0.0.0.0:3001/_nuxt/@fs/Users/andrejkoval/Dev/vivadzen/src/front/node_modules/consola/dist/browser.mjs?v=fd09ac8d:47
[  150677ms] [WARNING] %cssr:warn%c [intlify] Not found 'title.cart' key in 'en' locale messages. 
      background: #f39c12;
      border-radius: 0.5em;
      color: white;
      font-weight: bold;
      padding: 2px 0.5em;
      
  at warn (/Users/andrejkoval/Dev/vivadzen/src/front/node_modules/@intlify/shared/dist/shared.mjs)
  at handleMissing (/Users/andrejkoval/Dev/vivadzen/src/front/node_modules/@intlify/core-base/dist/core-base.mjs)
  at resolveMessageFormat (/Users/andrejkoval/Dev/vivadzen/src/front/node_modules/@intlify/core-base/dist/core-base.mjs)
 @ http://0.0.0.0:3001/_nuxt/@fs/Users/andrejkoval/Dev/vivadzen/src/front/node_modules/consola/dist/browser.mjs?v=fd09ac8d:47
[  150677ms] [WARNING] %cssr:warn%c [intlify] Fall back to translate 'title.cart' key with 'cs' locale. 
      background: #f39c12;
      border-radius: 0.5em;
      color: white;
      font-weight: bold;
      padding: 2px 0.5em;
      
  at warn (/Users/andrejkoval/Dev/vivadzen/src/front/node_modules/@intlify/shared/dist/shared.mjs)
  at resolveMessageFormat (/Users/andrejkoval/Dev/vivadzen/src/front/node_modules/@intlify/core-base/dist/core-base.mjs)
  at translate (/Users/andrejkoval/Dev/vivadzen/src/front/node_modules/@intlify/core-base/dist/core-base.mjs)
 @ http://0.0.0.0:3001/_nuxt/@fs/Users/andrejkoval/Dev/vivadzen/src/front/node_modules/consola/dist/browser.mjs?v=fd09ac8d:47
[  150677ms] [WARNING] %cssr:warn%c [intlify] Not found 'title.cart' key in 'cs' locale messages. 
      background: #f39c12;
      border-radius: 0.5em;
      color: white;
      font-weight: bold;
      padding: 2px 0.5em;
      
  at warn (/Users/andrejkoval/Dev/vivadzen/src/front/node_modules/@intlify/shared/dist/shared.mjs)
  at handleMissing (/Users/andrejkoval/Dev/vivadzen/src/front/node_modules/@intlify/core-base/dist/core-base.mjs)
  at resolveMessageFormat (/Users/andrejkoval/Dev/vivadzen/src/front/node_modules/@intlify/core-base/dist/core-base.mjs)
 @ http://0.0.0.0:3001/_nuxt/@fs/Users/andrejkoval/Dev/vivadzen/src/front/node_modules/consola/dist/browser.mjs?v=fd09ac8d:47
[  150677ms] [WARNING] %cssr:warn%c [intlify] Fall back to translate 'title.cart' with root locale. 
      background: #f39c12;
      border-radius: 0.5em;
      color: white;
      font-weight: bold;
      padding: 2px 0.5em;
      
  at warn (/Users/andrejkoval/Dev/vivadzen/src/front/node_modules/@intlify/shared/dist/shared.mjs)
  at wrapWithDeps (/Users/andrejkoval/Dev/vivadzen/src/front/node_modules/vue-i18n/dist/vue-i18n.mjs)
  at Proxy.t (/Users/andrejkoval/Dev/vivadzen/src/front/node_modules/vue-i18n/dist/vue-i18n.mjs)
 @ http://0.0.0.0:3001/_nuxt/@fs/Users/andrejkoval/Dev/vivadzen/src/front/node_modules/consola/dist/browser.mjs?v=fd09ac8d:47
[  150677ms] [WARNING] %cssr:warn%c [intlify] Not found parent scope. use the global scope. 
      background: #f39c12;
      border-radius: 0.5em;
      color: white;
      font-weight: bold;
      padding: 2px 0.5em;
      
  at warn (/Users/andrejkoval/Dev/vivadzen/src/front/node_modules/@intlify/shared/dist/shared.mjs)
  at useI18n (/Users/andrejkoval/Dev/vivadzen/src/front/node_modules/vue-i18n/dist/vue-i18n.mjs)
  at setup (/Users/andrejkoval/Dev/vivadzen/src/front/node_modules/vue-i18n/dist/vue-i18n.mjs)
 @ http://0.0.0.0:3001/_nuxt/@fs/Users/andrejkoval/Dev/vivadzen/src/front/node_modules/consola/dist/browser.mjs?v=fd09ac8d:47
[  150677ms] [WARNING] %cssr:warn%c [intlify] Not found parent scope. use the global scope. 
      background: #f39c12;
      border-radius: 0.5em;
      color: white;
      font-weight: bold;
      padding: 2px 0.5em;
      
  at warn (/Users/andrejkoval/Dev/vivadzen/src/front/node_modules/@intlify/shared/dist/shared.mjs)
  at useI18n (/Users/andrejkoval/Dev/vivadzen/src/front/node_modules/vue-i18n/dist/vue-i18n.mjs)
  at setup (/Users/andrejkoval/Dev/vivadzen/src/front/node_modules/vue-i18n/dist/vue-i18n.mjs)
 @ http://0.0.0.0:3001/_nuxt/@fs/Users/andrejkoval/Dev/vivadzen/src/front/node_modules/consola/dist/browser.mjs?v=fd09ac8d:47
[  150677ms] [WARNING] %cssr:warn%c [intlify] Not found parent scope. use the global scope. 
      background: #f39c12;
      border-radius: 0.5em;
      color: white;
      font-weight: bold;
      padding: 2px 0.5em;
      
  at warn (/Users/andrejkoval/Dev/vivadzen/src/front/node_modules/@intlify/shared/dist/shared.mjs)
  at useI18n (/Users/andrejkoval/Dev/vivadzen/src/front/node_modules/vue-i18n/dist/vue-i18n.mjs)
  at setup (/Users/andrejkoval/Dev/vivadzen/src/front/node_modules/vue-i18n/dist/vue-i18n.mjs)
 @ http://0.0.0.0:3001/_nuxt/@fs/Users/andrejkoval/Dev/vivadzen/src/front/node_modules/consola/dist/browser.mjs?v=fd09ac8d:47
[  150677ms] [WARNING] %cssr:warn%c [intlify] Not found parent scope. use the global scope. 
      background: #f39c12;
      border-radius: 0.5em;
      color: white;
      font-weight: bold;
      padding: 2px 0.5em;
      
  at warn (/Users/andrejkoval/Dev/vivadzen/src/front/node_modules/@intlify/shared/dist/shared.mjs)
  at useI18n (/Users/andrejkoval/Dev/vivadzen/src/front/node_modules/vue-i18n/dist/vue-i18n.mjs)
  at setup (/Users/andrejkoval/Dev/vivadzen/src/front/node_modules/vue-i18n/dist/vue-i18n.mjs)
 @ http://0.0.0.0:3001/_nuxt/@fs/Users/andrejkoval/Dev/vivadzen/src/front/node_modules/consola/dist/browser.mjs?v=fd09ac8d:47
[  150678ms] [WARNING] %cssr:warn%c [intlify] Not found parent scope. use the global scope. 
      background: #f39c12;
      border-radius: 0.5em;
      color: white;
      font-weight: bold;
      padding: 2px 0.5em;
      
  at warn (/Users/andrejkoval/Dev/vivadzen/src/front/node_modules/@intlify/shared/dist/shared.mjs)
  at useI18n (/Users/andrejkoval/Dev/vivadzen/src/front/node_modules/vue-i18n/dist/vue-i18n.mjs)
  at setup (/Users/andrejkoval/Dev/vivadzen/src/front/node_modules/vue-i18n/dist/vue-i18n.mjs)
 @ http://0.0.0.0:3001/_nuxt/@fs/Users/andrejkoval/Dev/vivadzen/src/front/node_modules/consola/dist/browser.mjs?v=fd09ac8d:47
[  150678ms] [WARNING] %cssr:warn%c [intlify] Not found parent scope. use the global scope. 
      background: #f39c12;
      border-radius: 0.5em;
      color: white;
      font-weight: bold;
      padding: 2px 0.5em;
      
  at timeLogImpl (node:internal/console/constructor)
  at node:internal/console/constructor
  at timeLogImpl (node:internal/util/debuglog)
 @ http://0.0.0.0:3001/_nuxt/@fs/Users/andrejkoval/Dev/vivadzen/src/front/node_modules/consola/dist/browser.mjs?v=fd09ac8d:47
[  150678ms] [LOG] %cssr%c %s: %s 
      background: #7f8c8d;
      border-radius: 0.5em;
      color: white;
      font-weight: bold;
      padding: 2px 0.5em;
      [nuxt-app] app:rendered 0.105ms 
  at timeLogImpl (node:internal/console/constructor)
  at node:internal/console/constructor
  at timeLogImpl (node:internal/util/debuglog)
 @ http://0.0.0.0:3001/_nuxt/@fs/Users/andrejkoval/Dev/vivadzen/src/front/node_modules/consola/dist/browser.mjs?v=fd09ac8d:47
[  150678ms] [LOG] %cssr%c %s: %s 
      background: #7f8c8d;
      border-radius: 0.5em;
      color: white;
      font-weight: bold;
      padding: 2px 0.5em;
      [nuxt-app] schema-org:meta 0.004ms 
  at timeLogImpl (node:internal/console/constructor)
  at node:internal/console/constructor
  at timeLogImpl (node:internal/util/debuglog)
 @ http://0.0.0.0:3001/_nuxt/@fs/Users/andrejkoval/Dev/vivadzen/src/front/node_modules/consola/dist/browser.mjs?v=fd09ac8d:47
[  150678ms] [LOG] [nuxt-app] dev:ssr-logs: 1.058837890625 ms [Array(27)] @ http://0.0.0.0:3001/_nuxt/@fs/Users/andrejkoval/Dev/vivadzen/src/front/node_modules/hookable/dist/index.mjs?v=fd09ac8d:271
[  150680ms] [LOG] [nuxt-app] page:loading:start: 0.046875 ms [] @ http://0.0.0.0:3001/_nuxt/@fs/Users/andrejkoval/Dev/vivadzen/src/front/node_modules/hookable/dist/index.mjs?v=fd09ac8d:271
[  150694ms] [WARNING] Timer '[nuxt-app] i18n:beforeLocaleSwitch' already exists @ http://0.0.0.0:3001/_nuxt/@fs/Users/andrejkoval/Dev/vivadzen/src/front/node_modules/hookable/dist/index.mjs?v=fd09ac8d:261
[  150694ms] [LOG] [nuxt-app] i18n:beforeLocaleSwitch: 22.455078125 ms [Object] @ http://0.0.0.0:3001/_nuxt/@fs/Users/andrejkoval/Dev/vivadzen/src/front/node_modules/hookable/dist/index.mjs?v=fd09ac8d:271
[  150694ms] [LOG] [nuxt-app] app:created: 15.072021484375 ms [Object] @ http://0.0.0.0:3001/_nuxt/@fs/Users/andrejkoval/Dev/vivadzen/src/front/node_modules/hookable/dist/index.mjs?v=fd09ac8d:271
[  150694ms] [LOG] [nuxt-app] app:beforeMount: 0.015869140625 ms [Object] @ http://0.0.0.0:3001/_nuxt/@fs/Users/andrejkoval/Dev/vivadzen/src/front/node_modules/hookable/dist/index.mjs?v=fd09ac8d:271
[  150695ms] [LOG] [nuxt-app] vue:setup: 0.1220703125 ms [] @ http://0.0.0.0:3001/_nuxt/@fs/Users/andrejkoval/Dev/vivadzen/src/front/node_modules/hookable/dist/index.mjs?v=fd09ac8d:271
[  150695ms] [INFO] <Suspense> is an experimental feature and its API will likely change. @ http://0.0.0.0:3001/_nuxt/@fs/Users/andrejkoval/Dev/vivadzen/src/front/node_modules/@vue/runtime-core/dist/runtime-core.esm-bundler.js?v=fd09ac8d:7155
[  150696ms] [LOG] [nuxt-app] app:mounted: 0.06689453125 ms [Object] @ http://0.0.0.0:3001/_nuxt/@fs/Users/andrejkoval/Dev/vivadzen/src/front/node_modules/hookable/dist/index.mjs?v=fd09ac8d:271
[  150696ms] [LOG] [Content] WS connect to ws://localhost:4000/ws @ http://0.0.0.0:3001/_nuxt/@fs/Users/andrejkoval/Dev/vivadzen/src/front/node_modules/@nuxt/content/dist/runtime/composables/web-socket.js?v=fd09ac8d:4
[  150742ms] [LOG] [Content] WS connected! @ http://0.0.0.0:3001/_nuxt/@fs/Users/andrejkoval/Dev/vivadzen/src/front/node_modules/@nuxt/content/dist/runtime/composables/web-socket.js?v=fd09ac8d:4
[  150747ms] [WARNING] [intlify] Not found 'logo_alt' key in 'en' locale messages. @ http://0.0.0.0:3001/_nuxt/node_modules/.cache/vite/client/deps/chunk-LY4OWT6B.js?v=fd09ac8d:3
[  150747ms] [WARNING] [intlify] Fall back to translate 'logo_alt' key with 'cs' locale. @ http://0.0.0.0:3001/_nuxt/node_modules/.cache/vite/client/deps/chunk-LY4OWT6B.js?v=fd09ac8d:3
[  150747ms] [WARNING] [intlify] Not found 'logo_alt' key in 'cs' locale messages. @ http://0.0.0.0:3001/_nuxt/node_modules/.cache/vite/client/deps/chunk-LY4OWT6B.js?v=fd09ac8d:3
[  150747ms] [WARNING] [intlify] Fall back to translate 'logo_alt' with root locale. @ http://0.0.0.0:3001/_nuxt/node_modules/.cache/vite/client/deps/chunk-LY4OWT6B.js?v=fd09ac8d:3
[  150747ms] [WARNING] [intlify] Not found 'logo_alt' key in 'en' locale messages. @ http://0.0.0.0:3001/_nuxt/node_modules/.cache/vite/client/deps/chunk-LY4OWT6B.js?v=fd09ac8d:3
[  150748ms] [WARNING] [intlify] Fall back to translate 'logo_alt' key with 'cs' locale. @ http://0.0.0.0:3001/_nuxt/node_modules/.cache/vite/client/deps/chunk-LY4OWT6B.js?v=fd09ac8d:3
[  150748ms] [WARNING] [intlify] Not found 'logo_alt' key in 'cs' locale messages. @ http://0.0.0.0:3001/_nuxt/node_modules/.cache/vite/client/deps/chunk-LY4OWT6B.js?v=fd09ac8d:3
[  150748ms] [WARNING] [intlify] Not found 'title.cart' key in 'en' locale messages. @ http://0.0.0.0:3001/_nuxt/node_modules/.cache/vite/client/deps/chunk-LY4OWT6B.js?v=fd09ac8d:3
[  150748ms] [WARNING] [intlify] Fall back to translate 'title.cart' key with 'cs' locale. @ http://0.0.0.0:3001/_nuxt/node_modules/.cache/vite/client/deps/chunk-LY4OWT6B.js?v=fd09ac8d:3
[  150748ms] [WARNING] [intlify] Not found 'title.cart' key in 'cs' locale messages. @ http://0.0.0.0:3001/_nuxt/node_modules/.cache/vite/client/deps/chunk-LY4OWT6B.js?v=fd09ac8d:3
[  150748ms] [WARNING] [intlify] Fall back to translate 'title.cart' with root locale. @ http://0.0.0.0:3001/_nuxt/node_modules/.cache/vite/client/deps/chunk-LY4OWT6B.js?v=fd09ac8d:3
[  150751ms] [WARNING] [Vue warn]: Hydration style mismatch on JSHandle@node 
  - rendered on server: style="width:1em;height:1em;--c613ce94-iconUrl:url('https://api.iconify.design/iconoir/nav-arrow-down.svg');"
  - expected on client: style="width:1em;height:1em;"
  Note: this mismatch is check-only. The DOM will not be rectified in production due to performance overhead.
  You should fix the source of the mismatch. 
  at <IconCSS name="iconoir:nav-arrow-down" class="lang-switcher__chevron" > 
  at <Header> 
  at <Body style= {background: #f8f1e6} > 
  at <Html lang="en-US" dir="ltr" > 
  at <Default ref=Ref< undefined > > 
  at <AsyncComponentWrapper ref=Ref< undefined > > 
  at <LayoutLoader key="default" layoutProps= {ref: RefImpl} name="default" > 
  at <NuxtLayoutProvider layoutProps= {ref: RefImpl} key="default" name="default"  ... > 
  at <NuxtLayout> 
  at <App key=4 > 
  at <NuxtRoot> @ http://0.0.0.0:3001/_nuxt/@fs/Users/andrejkoval/Dev/vivadzen/src/front/node_modules/@vue/runtime-core/dist/runtime-core.esm-bundler.js?v=fd09ac8d:49
[  150751ms] [ERROR] Hydration completed but contains mismatches. @ http://0.0.0.0:3001/_nuxt/@fs/Users/andrejkoval/Dev/vivadzen/src/front/node_modules/@vue/runtime-core/dist/runtime-core.esm-bundler.js?v=fd09ac8d:1847
[  150752ms] [WARNING] [Vue warn]: Hydration style mismatch on JSHandle@node 
  - rendered on server: style="width:1em;height:1em;--c613ce94-iconUrl:url('https://api.iconify.design/ci/shopping-cart-01.svg');"
  - expected on client: style="width:1em;height:1em;"
  Note: this mismatch is check-only. The DOM will not be rectified in production due to performance overhead.
  You should fix the source of the mismatch. 
  at <IconCSS name="ci:shopping-cart-01" class="hero-header__cart-icon" > 
  at <Header> 
  at <Body style= {background: #f8f1e6} > 
  at <Html lang="en-US" dir="ltr" > 
  at <Default ref=Ref< undefined > > 
  at <AsyncComponentWrapper ref=Ref< undefined > > 
  at <LayoutLoader key="default" layoutProps= {ref: RefImpl} name="default" > 
  at <NuxtLayoutProvider layoutProps= {ref: RefImpl} key="default" name="default"  ... > 
  at <NuxtLayout> 
  at <App key=4 > 
  at <NuxtRoot> @ http://0.0.0.0:3001/_nuxt/@fs/Users/andrejkoval/Dev/vivadzen/src/front/node_modules/@vue/runtime-core/dist/runtime-core.esm-bundler.js?v=fd09ac8d:49
[  150752ms] [WARNING] [Vue warn]: Hydration style mismatch on JSHandle@node 
  - rendered on server: style="width:1em;height:1em;--c613ce94-iconUrl:url('https://api.iconify.design/mynaui/telephone-call.svg');"
  - expected on client: style="width:1em;height:1em;"
  Note: this mismatch is check-only. The DOM will not be rectified in production due to performance overhead.
  You should fix the source of the mismatch. 
  at <IconCSS name="mynaui:telephone-call" class="hero-mobile-menu__contact-icon" > 
  at <Header> 
  at <Body style= {background: #f8f1e6} > 
  at <Html lang="en-US" dir="ltr" > 
  at <Default ref=Ref< undefined > > 
  at <AsyncComponentWrapper ref=Ref< undefined > > 
  at <LayoutLoader key="default" layoutProps= {ref: RefImpl} name="default" > 
  at <NuxtLayoutProvider layoutProps= {ref: RefImpl} key="default" name="default"  ... > 
  at <NuxtLayout> 
  at <App key=4 > 
  at <NuxtRoot> @ http://0.0.0.0:3001/_nuxt/@fs/Users/andrejkoval/Dev/vivadzen/src/front/node_modules/@vue/runtime-core/dist/runtime-core.esm-bundler.js?v=fd09ac8d:49
[  150753ms] [WARNING] [Vue warn]: Hydration style mismatch on JSHandle@node 
  - rendered on server: style="width:1em;height:1em;--c613ce94-iconUrl:url('https://api.iconify.design/ic/round-alternate-email.svg');"
  - expected on client: style="width:1em;height:1em;"
  Note: this mismatch is check-only. The DOM will not be rectified in production due to performance overhead.
  You should fix the source of the mismatch. 
  at <IconCSS name="ic:round-alternate-email" class="hero-mobile-menu__contact-icon" > 
  at <Header> 
  at <Body style= {background: #f8f1e6} > 
  at <Html lang="en-US" dir="ltr" > 
  at <Default ref=Ref< undefined > > 
  at <AsyncComponentWrapper ref=Ref< undefined > > 
  at <LayoutLoader key="default" layoutProps= {ref: RefImpl} name="default" > 
  at <NuxtLayoutProvider layoutProps= {ref: RefImpl} key="default" name="default"  ... > 
  at <NuxtLayout> 
  at <App key=4 > 
  at <NuxtRoot> @ http://0.0.0.0:3001/_nuxt/@fs/Users/andrejkoval/Dev/vivadzen/src/front/node_modules/@vue/runtime-core/dist/runtime-core.esm-bundler.js?v=fd09ac8d:49
[  150753ms] [WARNING] [Vue warn]: Hydration style mismatch on JSHandle@node 
  - rendered on server: style="width:1em;height:1em;--c613ce94-iconUrl:url('https://api.iconify.design/mynaui/location.svg');"
  - expected on client: style="width:1em;height:1em;"
  Note: this mismatch is check-only. The DOM will not be rectified in production due to performance overhead.
  You should fix the source of the mismatch. 
  at <IconCSS name="mynaui:location" class="hero-mobile-menu__contact-icon" > 
  at <Header> 
  at <Body style= {background: #f8f1e6} > 
  at <Html lang="en-US" dir="ltr" > 
  at <Default ref=Ref< undefined > > 
  at <AsyncComponentWrapper ref=Ref< undefined > > 
  at <LayoutLoader key="default" layoutProps= {ref: RefImpl} name="default" > 
  at <NuxtLayoutProvider layoutProps= {ref: RefImpl} key="default" name="default"  ... > 
  at <NuxtLayout> 
  at <App key=4 > 
  at <NuxtRoot> @ http://0.0.0.0:3001/_nuxt/@fs/Users/andrejkoval/Dev/vivadzen/src/front/node_modules/@vue/runtime-core/dist/runtime-core.esm-bundler.js?v=fd09ac8d:49
[  150753ms] [WARNING] [Vue warn]: Hydration style mismatch on JSHandle@node 
  - rendered on server: style="width:1em;height:1em;--c613ce94-iconUrl:url('https://api.iconify.design/mynaui/clock-4.svg');"
  - expected on client: style="width:1em;height:1em;"
  Note: this mismatch is check-only. The DOM will not be rectified in production due to performance overhead.
  You should fix the source of the mismatch. 
  at <IconCSS name="mynaui:clock-4" class="hero-mobile-menu__contact-icon" > 
  at <Header> 
  at <Body style= {background: #f8f1e6} > 
  at <Html lang="en-US" dir="ltr" > 
  at <Default ref=Ref< undefined > > 
  at <AsyncComponentWrapper ref=Ref< undefined > > 
  at <LayoutLoader key="default" layoutProps= {ref: RefImpl} name="default" > 
  at <NuxtLayoutProvider layoutProps= {ref: RefImpl} key="default" name="default"  ... > 
  at <NuxtLayout> 
  at <App key=4 > 
  at <NuxtRoot> @ http://0.0.0.0:3001/_nuxt/@fs/Users/andrejkoval/Dev/vivadzen/src/front/node_modules/@vue/runtime-core/dist/runtime-core.esm-bundler.js?v=fd09ac8d:49
[  150756ms] [WARNING] [Vue warn]: Hydration style mismatch on JSHandle@node 
  - rendered on server: style="width:1em;height:1em;--c613ce94-iconUrl:url('https://api.iconify.design/ph/telegram-logo.svg');"
  - expected on client: style="width:1em;height:1em;"
  Note: this mismatch is check-only. The DOM will not be rectified in production due to performance overhead.
  You should fix the source of the mismatch. 
  at <IconCSS name="ph:telegram-logo" > 
  at <SiteFooter> 
  at <Body style= {background: #f8f1e6} > 
  at <Html lang="en-US" dir="ltr" > 
  at <Default ref=Ref< undefined > > 
  at <AsyncComponentWrapper ref=Ref< undefined > > 
  at <LayoutLoader key="default" layoutProps= {ref: RefImpl} name="default" > 
  at <NuxtLayoutProvider layoutProps= {ref: RefImpl} key="default" name="default"  ... > 
  at <NuxtLayout> 
  at <App key=4 > 
  at <NuxtRoot> @ http://0.0.0.0:3001/_nuxt/@fs/Users/andrejkoval/Dev/vivadzen/src/front/node_modules/@vue/runtime-core/dist/runtime-core.esm-bundler.js?v=fd09ac8d:49
[  150757ms] [WARNING] [Vue warn]: Hydration style mismatch on JSHandle@node 
  - rendered on server: style="width:1em;height:1em;--c613ce94-iconUrl:url('https://api.iconify.design/ph/whatsapp-logo.svg');"
  - expected on client: style="width:1em;height:1em;"
  Note: this mismatch is check-only. The DOM will not be rectified in production due to performance overhead.
  You should fix the source of the mismatch. 
  at <IconCSS name="ph:whatsapp-logo" > 
  at <SiteFooter> 
  at <Body style= {background: #f8f1e6} > 
  at <Html lang="en-US" dir="ltr" > 
  at <Default ref=Ref< undefined > > 
  at <AsyncComponentWrapper ref=Ref< undefined > > 
  at <LayoutLoader key="default" layoutProps= {ref: RefImpl} name="default" > 
  at <NuxtLayoutProvider layoutProps= {ref: RefImpl} key="default" name="default"  ... > 
  at <NuxtLayout> 
  at <App key=4 > 
  at <NuxtRoot> @ http://0.0.0.0:3001/_nuxt/@fs/Users/andrejkoval/Dev/vivadzen/src/front/node_modules/@vue/runtime-core/dist/runtime-core.esm-bundler.js?v=fd09ac8d:49
[  150757ms] [WARNING] [Vue warn]: Hydration style mismatch on JSHandle@node 
  - rendered on server: style="width:1em;height:1em;--c613ce94-iconUrl:url('https://api.iconify.design/iconoir/instagram.svg');"
  - expected on client: style="width:1em;height:1em;"
  Note: this mismatch is check-only. The DOM will not be rectified in production due to performance overhead.
  You should fix the source of the mismatch. 
  at <IconCSS name="iconoir:instagram" > 
  at <SiteFooter> 
  at <Body style= {background: #f8f1e6} > 
  at <Html lang="en-US" dir="ltr" > 
  at <Default ref=Ref< undefined > > 
  at <AsyncComponentWrapper ref=Ref< undefined > > 
  at <LayoutLoader key="default" layoutProps= {ref: RefImpl} name="default" > 
  at <NuxtLayoutProvider layoutProps= {ref: RefImpl} key="default" name="default"  ... > 
  at <NuxtLayout> 
  at <App key=4 > 
  at <NuxtRoot> @ http://0.0.0.0:3001/_nuxt/@fs/Users/andrejkoval/Dev/vivadzen/src/front/node_modules/@vue/runtime-core/dist/runtime-core.esm-bundler.js?v=fd09ac8d:49
[  150761ms] [WARNING] [intlify] Not found parent scope. use the global scope. @ http://0.0.0.0:3001/_nuxt/node_modules/.cache/vite/client/deps/chunk-LY4OWT6B.js?v=fd09ac8d:3
[  150761ms] [WARNING] [Vue warn]: Hydration style mismatch on JSHandle@node 
  - rendered on server: style="width:1em;height:1em;--c613ce94-iconUrl:url('https://api.iconify.design/ci/shopping-cart-01.svg');"
  - expected on client: style="width:1em;height:1em;"
  Note: this mismatch is check-only. The DOM will not be rectified in production due to performance overhead.
  You should fix the source of the mismatch. 
  at <IconCSS name="ci:shopping-cart-01" class="kratom-product-card__action-icon" > 
  at <ProductCard key=391 product= {id: 391, name: Green Rurut Nano kratom powder - 25g, slug: zeleny-rurut-nano-kratom-prasek-25g, price: 140.00, oldPrice: null} > 
  at <Index onVnodeUnmounted=fn<onVnodeUnmounted> ref=Ref< undefined > > 
  at <RouteProvider key="/en/catalog" vnode= {__v_isVNode: true, __v_skip: true, type: Object, props: Object, key: null} route= {fullPath: /en/catalog, hash: , query: Object, name: catalog___en, path: /en/catalog}  ... > 
  at <RouterView name=undefined route=undefined > 
  at <NuxtPage> 
  at <Body style= {background: #f8f1e6} > 
  at <Html lang="en-US" dir="ltr" > 
  at <Default ref=Ref< undefined > > 
  at <AsyncComponentWrapper ref=Ref< undefined > > 
  at <LayoutLoader key="default" layoutProps= {ref: RefImpl} name="default" > 
  at <NuxtLayoutProvider layoutProps= {ref: RefImpl} key="default" name="default"  ... > 
  at <NuxtLayout> 
  at <App key=4 > 
  at <NuxtRoot> @ http://0.0.0.0:3001/_nuxt/@fs/Users/andrejkoval/Dev/vivadzen/src/front/node_modules/@vue/runtime-core/dist/runtime-core.esm-bundler.js?v=fd09ac8d:49
[  150762ms] [WARNING] [intlify] Not found parent scope. use the global scope. @ http://0.0.0.0:3001/_nuxt/node_modules/.cache/vite/client/deps/chunk-LY4OWT6B.js?v=fd09ac8d:3
[  150762ms] [WARNING] [Vue warn]: Hydration style mismatch on JSHandle@node 
  - rendered on server: style="width:1em;height:1em;--c613ce94-iconUrl:url('https://api.iconify.design/ci/shopping-cart-01.svg');"
  - expected on client: style="width:1em;height:1em;"
  Note: this mismatch is check-only. The DOM will not be rectified in production due to performance overhead.
  You should fix the source of the mismatch. 
  at <IconCSS name="ci:shopping-cart-01" class="kratom-product-card__action-icon" > 
  at <ProductCard key=336 product= {id: 336, name: White Maeng Da Kratom powder, slug: bila-maeng-da-kratom-prasek-25g, price: 130.00, oldPrice: null} > 
  at <Index onVnodeUnmounted=fn<onVnodeUnmounted> ref=Ref< undefined > > 
  at <RouteProvider key="/en/catalog" vnode= {__v_isVNode: true, __v_skip: true, type: Object, props: Object, key: null} route= {fullPath: /en/catalog, hash: , query: Object, name: catalog___en, path: /en/catalog}  ... > 
  at <RouterView name=undefined route=undefined > 
  at <NuxtPage> 
  at <Body style= {background: #f8f1e6} > 
  at <Html lang="en-US" dir="ltr" > 
  at <Default ref=Ref< undefined > > 
  at <AsyncComponentWrapper ref=Ref< undefined > > 
  at <LayoutLoader key="default" layoutProps= {ref: RefImpl} name="default" > 
  at <NuxtLayoutProvider layoutProps= {ref: RefImpl} key="default" name="default"  ... > 
  at <NuxtLayout> 
  at <App key=4 > 
  at <NuxtRoot> @ http://0.0.0.0:3001/_nuxt/@fs/Users/andrejkoval/Dev/vivadzen/src/front/node_modules/@vue/runtime-core/dist/runtime-core.esm-bundler.js?v=fd09ac8d:49
[  150762ms] [WARNING] [intlify] Not found parent scope. use the global scope. @ http://0.0.0.0:3001/_nuxt/node_modules/.cache/vite/client/deps/chunk-LY4OWT6B.js?v=fd09ac8d:3
[  150763ms] [WARNING] [Vue warn]: Hydration style mismatch on JSHandle@node 
  - rendered on server: style="width:1em;height:1em;--c613ce94-iconUrl:url('https://api.iconify.design/ci/shopping-cart-01.svg');"
  - expected on client: style="width:1em;height:1em;"
  Note: this mismatch is check-only. The DOM will not be rectified in production due to performance overhead.
  You should fix the source of the mismatch. 
  at <IconCSS name="ci:shopping-cart-01" class="kratom-product-card__action-icon" > 
  at <ProductCard key=334 product= {id: 334, name: White Elephant Kratom powder, slug: bily-slon-kratom-prasek-25g, price: 140.00, oldPrice: null} > 
  at <Index onVnodeUnmounted=fn<onVnodeUnmounted> ref=Ref< undefined > > 
  at <RouteProvider key="/en/catalog" vnode= {__v_isVNode: true, __v_skip: true, type: Object, props: Object, key: null} route= {fullPath: /en/catalog, hash: , query: Object, name: catalog___en, path: /en/catalog}  ... > 
  at <RouterView name=undefined route=undefined > 
  at <NuxtPage> 
  at <Body style= {background: #f8f1e6} > 
  at <Html lang="en-US" dir="ltr" > 
  at <Default ref=Ref< undefined > > 
  at <AsyncComponentWrapper ref=Ref< undefined > > 
  at <LayoutLoader key="default" layoutProps= {ref: RefImpl} name="default" > 
  at <NuxtLayoutProvider layoutProps= {ref: RefImpl} key="default" name="default"  ... > 
  at <NuxtLayout> 
  at <App key=4 > 
  at <NuxtRoot> @ http://0.0.0.0:3001/_nuxt/@fs/Users/andrejkoval/Dev/vivadzen/src/front/node_modules/@vue/runtime-core/dist/runtime-core.esm-bundler.js?v=fd09ac8d:49
[  150763ms] [WARNING] [intlify] Not found parent scope. use the global scope. @ http://0.0.0.0:3001/_nuxt/node_modules/.cache/vite/client/deps/chunk-LY4OWT6B.js?v=fd09ac8d:3
[  150763ms] [WARNING] [Vue warn]: Hydration style mismatch on JSHandle@node 
  - rendered on server: style="width:1em;height:1em;--c613ce94-iconUrl:url('https://api.iconify.design/ci/shopping-cart-01.svg');"
  - expected on client: style="width:1em;height:1em;"
  Note: this mismatch is check-only. The DOM will not be rectified in production due to performance overhead.
  You should fix the source of the mismatch. 
  at <IconCSS name="ci:shopping-cart-01" class="kratom-product-card__action-icon" > 
  at <ProductCard key=333 product= {id: 333, name: Green Thai Kratom powder, slug: zeleny-thajsky-kratom-prasek-25g, price: 130.00, oldPrice: null} > 
  at <Index onVnodeUnmounted=fn<onVnodeUnmounted> ref=Ref< undefined > > 
  at <RouteProvider key="/en/catalog" vnode= {__v_isVNode: true, __v_skip: true, type: Object, props: Object, key: null} route= {fullPath: /en/catalog, hash: , query: Object, name: catalog___en, path: /en/catalog}  ... > 
  at <RouterView name=undefined route=undefined > 
  at <NuxtPage> 
  at <Body style= {background: #f8f1e6} > 
  at <Html lang="en-US" dir="ltr" > 
  at <Default ref=Ref< undefined > > 
  at <AsyncComponentWrapper ref=Ref< undefined > > 
  at <LayoutLoader key="default" layoutProps= {ref: RefImpl} name="default" > 
  at <NuxtLayoutProvider layoutProps= {ref: RefImpl} key="default" name="default"  ... > 
  at <NuxtLayout> 
  at <App key=4 > 
  at <NuxtRoot> @ http://0.0.0.0:3001/_nuxt/@fs/Users/andrejkoval/Dev/vivadzen/src/front/node_modules/@vue/runtime-core/dist/runtime-core.esm-bundler.js?v=fd09ac8d:49
[  150764ms] [WARNING] [intlify] Not found parent scope. use the global scope. @ http://0.0.0.0:3001/_nuxt/node_modules/.cache/vite/client/deps/chunk-LY4OWT6B.js?v=fd09ac8d:3
[  150764ms] [WARNING] [Vue warn]: Hydration style mismatch on JSHandle@node 
  - rendered on server: style="width:1em;height:1em;--c613ce94-iconUrl:url('https://api.iconify.design/ci/shopping-cart-01.svg');"
  - expected on client: style="width:1em;height:1em;"
  Note: this mismatch is check-only. The DOM will not be rectified in production due to performance overhead.
  You should fix the source of the mismatch. 
  at <IconCSS name="ci:shopping-cart-01" class="kratom-product-card__action-icon" > 
  at <ProductCard key=332 product= {id: 332, name: Red Maeng Da Kratom powder, slug: cervena-maeng-da-kratom-prasek-25g, price: 130.00, oldPrice: null} > 
  at <Index onVnodeUnmounted=fn<onVnodeUnmounted> ref=Ref< undefined > > 
  at <RouteProvider key="/en/catalog" vnode= {__v_isVNode: true, __v_skip: true, type: Object, props: Object, key: null} route= {fullPath: /en/catalog, hash: , query: Object, name: catalog___en, path: /en/catalog}  ... > 
  at <RouterView name=undefined route=undefined > 
  at <NuxtPage> 
  at <Body style= {background: #f8f1e6} > 
  at <Html lang="en-US" dir="ltr" > 
  at <Default ref=Ref< undefined > > 
  at <AsyncComponentWrapper ref=Ref< undefined > > 
  at <LayoutLoader key="default" layoutProps= {ref: RefImpl} name="default" > 
  at <NuxtLayoutProvider layoutProps= {ref: RefImpl} key="default" name="default"  ... > 
  at <NuxtLayout> 
  at <App key=4 > 
  at <NuxtRoot> @ http://0.0.0.0:3001/_nuxt/@fs/Users/andrejkoval/Dev/vivadzen/src/front/node_modules/@vue/runtime-core/dist/runtime-core.esm-bundler.js?v=fd09ac8d:49
[  150765ms] [WARNING] [intlify] Not found parent scope. use the global scope. @ http://0.0.0.0:3001/_nuxt/node_modules/.cache/vite/client/deps/chunk-LY4OWT6B.js?v=fd09ac8d:3
[  150766ms] [WARNING] [Vue warn]: Hydration style mismatch on JSHandle@node 
  - rendered on server: style="width:1em;height:1em;--c613ce94-iconUrl:url('https://api.iconify.design/ci/shopping-cart-01.svg');"
  - expected on client: style="width:1em;height:1em;"
  Note: this mismatch is check-only. The DOM will not be rectified in production due to performance overhead.
  You should fix the source of the mismatch. 
  at <IconCSS name="ci:shopping-cart-01" class="kratom-product-card__action-icon" > 
  at <ProductCard key=331 product= {id: 331, name: Green Maeng Da Kratom powder, slug: zelena-maeng-da-kratom-prasek-25g, price: 130.00, oldPrice: null} > 
  at <Index onVnodeUnmounted=fn<onVnodeUnmounted> ref=Ref< undefined > > 
  at <RouteProvider key="/en/catalog" vnode= {__v_isVNode: true, __v_skip: true, type: Object, props: Object, key: null} route= {fullPath: /en/catalog, hash: , query: Object, name: catalog___en, path: /en/catalog}  ... > 
  at <RouterView name=undefined route=undefined > 
  at <NuxtPage> 
  at <Body style= {background: #f8f1e6} > 
  at <Html lang="en-US" dir="ltr" > 
  at <Default ref=Ref< undefined > > 
  at <AsyncComponentWrapper ref=Ref< undefined > > 
  at <LayoutLoader key="default" layoutProps= {ref: RefImpl} name="default" > 
  at <NuxtLayoutProvider layoutProps= {ref: RefImpl} key="default" name="default"  ... > 
  at <NuxtLayout> 
  at <App key=4 > 
  at <NuxtRoot> @ http://0.0.0.0:3001/_nuxt/@fs/Users/andrejkoval/Dev/vivadzen/src/front/node_modules/@vue/runtime-core/dist/runtime-core.esm-bundler.js?v=fd09ac8d:49
[  150767ms] [LOG] [nuxt-app] page:finish: 1.551025390625 ms [Object] @ http://0.0.0.0:3001/_nuxt/@fs/Users/andrejkoval/Dev/vivadzen/src/front/node_modules/hookable/dist/index.mjs?v=fd09ac8d:271
[  150768ms] [LOG] [nuxt-app] page:loading:end: 0.278076171875 ms [] @ http://0.0.0.0:3001/_nuxt/@fs/Users/andrejkoval/Dev/vivadzen/src/front/node_modules/hookable/dist/index.mjs?v=fd09ac8d:271
[  150772ms] [WARNING] [intlify] Not found 'logo_alt' key in 'en' locale messages. @ http://0.0.0.0:3001/_nuxt/node_modules/.cache/vite/client/deps/chunk-LY4OWT6B.js?v=fd09ac8d:3
[  150773ms] [WARNING] [intlify] Fall back to translate 'logo_alt' key with 'cs' locale. @ http://0.0.0.0:3001/_nuxt/node_modules/.cache/vite/client/deps/chunk-LY4OWT6B.js?v=fd09ac8d:3
[  150773ms] [WARNING] [intlify] Not found 'logo_alt' key in 'cs' locale messages. @ http://0.0.0.0:3001/_nuxt/node_modules/.cache/vite/client/deps/chunk-LY4OWT6B.js?v=fd09ac8d:3
[  150773ms] [WARNING] [intlify] Fall back to translate 'logo_alt' with root locale. @ http://0.0.0.0:3001/_nuxt/node_modules/.cache/vite/client/deps/chunk-LY4OWT6B.js?v=fd09ac8d:3
[  150773ms] [WARNING] [intlify] Not found 'logo_alt' key in 'en' locale messages. @ http://0.0.0.0:3001/_nuxt/node_modules/.cache/vite/client/deps/chunk-LY4OWT6B.js?v=fd09ac8d:3
[  150773ms] [WARNING] [intlify] Fall back to translate 'logo_alt' key with 'cs' locale. @ http://0.0.0.0:3001/_nuxt/node_modules/.cache/vite/client/deps/chunk-LY4OWT6B.js?v=fd09ac8d:3
[  150773ms] [WARNING] [intlify] Not found 'logo_alt' key in 'cs' locale messages. @ http://0.0.0.0:3001/_nuxt/node_modules/.cache/vite/client/deps/chunk-LY4OWT6B.js?v=fd09ac8d:3
[  150773ms] [WARNING] [intlify] Not found 'title.cart' key in 'en' locale messages. @ http://0.0.0.0:3001/_nuxt/node_modules/.cache/vite/client/deps/chunk-LY4OWT6B.js?v=fd09ac8d:3
[  150773ms] [WARNING] [intlify] Fall back to translate 'title.cart' key with 'cs' locale. @ http://0.0.0.0:3001/_nuxt/node_modules/.cache/vite/client/deps/chunk-LY4OWT6B.js?v=fd09ac8d:3
[  150773ms] [WARNING] [intlify] Not found 'title.cart' key in 'cs' locale messages. @ http://0.0.0.0:3001/_nuxt/node_modules/.cache/vite/client/deps/chunk-LY4OWT6B.js?v=fd09ac8d:3
[  150773ms] [WARNING] [intlify] Fall back to translate 'title.cart' with root locale. @ http://0.0.0.0:3001/_nuxt/node_modules/.cache/vite/client/deps/chunk-LY4OWT6B.js?v=fd09ac8d:3
[  150774ms] [WARNING] [intlify] Not found 'logo_alt' key in 'en' locale messages. @ http://0.0.0.0:3001/_nuxt/node_modules/.cache/vite/client/deps/chunk-LY4OWT6B.js?v=fd09ac8d:3
[  150775ms] [WARNING] [intlify] Fall back to translate 'logo_alt' key with 'cs' locale. @ http://0.0.0.0:3001/_nuxt/node_modules/.cache/vite/client/deps/chunk-LY4OWT6B.js?v=fd09ac8d:3
[  150775ms] [WARNING] [intlify] Not found 'logo_alt' key in 'cs' locale messages. @ http://0.0.0.0:3001/_nuxt/node_modules/.cache/vite/client/deps/chunk-LY4OWT6B.js?v=fd09ac8d:3
[  150775ms] [WARNING] [intlify] Fall back to translate 'logo_alt' with root locale. @ http://0.0.0.0:3001/_nuxt/node_modules/.cache/vite/client/deps/chunk-LY4OWT6B.js?v=fd09ac8d:3
[  150775ms] [WARNING] [intlify] Not found 'logo_alt' key in 'en' locale messages. @ http://0.0.0.0:3001/_nuxt/node_modules/.cache/vite/client/deps/chunk-LY4OWT6B.js?v=fd09ac8d:3
[  150775ms] [WARNING] [intlify] Fall back to translate 'logo_alt' key with 'cs' locale. @ http://0.0.0.0:3001/_nuxt/node_modules/.cache/vite/client/deps/chunk-LY4OWT6B.js?v=fd09ac8d:3
[  150775ms] [WARNING] [intlify] Not found 'logo_alt' key in 'cs' locale messages. @ http://0.0.0.0:3001/_nuxt/node_modules/.cache/vite/client/deps/chunk-LY4OWT6B.js?v=fd09ac8d:3
[  150775ms] [WARNING] [intlify] Not found 'title.cart' key in 'en' locale messages. @ http://0.0.0.0:3001/_nuxt/node_modules/.cache/vite/client/deps/chunk-LY4OWT6B.js?v=fd09ac8d:3
[  150775ms] [WARNING] [intlify] Fall back to translate 'title.cart' key with 'cs' locale. @ http://0.0.0.0:3001/_nuxt/node_modules/.cache/vite/client/deps/chunk-LY4OWT6B.js?v=fd09ac8d:3
[  150775ms] [WARNING] [intlify] Not found 'title.cart' key in 'cs' locale messages. @ http://0.0.0.0:3001/_nuxt/node_modules/.cache/vite/client/deps/chunk-LY4OWT6B.js?v=fd09ac8d:3
[  150775ms] [WARNING] [intlify] Fall back to translate 'title.cart' with root locale. @ http://0.0.0.0:3001/_nuxt/node_modules/.cache/vite/client/deps/chunk-LY4OWT6B.js?v=fd09ac8d:3
[  150782ms] [LOG] [nuxt-app] schema-org:meta: 0.052001953125 ms [Object] @ http://0.0.0.0:3001/_nuxt/@fs/Users/andrejkoval/Dev/vivadzen/src/front/node_modules/hookable/dist/index.mjs?v=fd09ac8d:271
[  150782ms] [LOG] [nuxt-app] app:suspense:resolve: 8.465087890625 ms [] @ http://0.0.0.0:3001/_nuxt/@fs/Users/andrejkoval/Dev/vivadzen/src/front/node_modules/hookable/dist/index.mjs?v=fd09ac8d:271
[  150807ms] [LOG] [nuxt-app] link:prefetch: 1.4619140625 ms [/en/catalog] @ http://0.0.0.0:3001/_nuxt/@fs/Users/andrejkoval/Dev/vivadzen/src/front/node_modules/hookable/dist/index.mjs?v=fd09ac8d:271
[  150807ms] [LOG] [nuxt-app] link:prefetch : 1.52685546875 ms [/en/blog] @ http://0.0.0.0:3001/_nuxt/@fs/Users/andrejkoval/Dev/vivadzen/src/front/node_modules/hookable/dist/index.mjs?v=fd09ac8d:271
[  150808ms] [LOG] [nuxt-app] link:prefetch  : 1.4189453125 ms [/en/about] @ http://0.0.0.0:3001/_nuxt/@fs/Users/andrejkoval/Dev/vivadzen/src/front/node_modules/hookable/dist/index.mjs?v=fd09ac8d:271
[  150808ms] [LOG] [nuxt-app] link:prefetch   : 1.427001953125 ms [/en/contacts] @ http://0.0.0.0:3001/_nuxt/@fs/Users/andrejkoval/Dev/vivadzen/src/front/node_modules/hookable/dist/index.mjs?v=fd09ac8d:271
[  150808ms] [LOG] [nuxt-app] link:prefetch    : 1.43310546875 ms [/en/zeleny-rurut-nano-kratom-prasek-25g] @ http://0.0.0.0:3001/_nuxt/@fs/Users/andrejkoval/Dev/vivadzen/src/front/node_modules/hookable/dist/index.mjs?v=fd09ac8d:271
[  150808ms] [LOG] [nuxt-app] link:prefetch     : 1.427978515625 ms [/en/zeleny-rurut-nano-kratom-prasek-25g] @ http://0.0.0.0:3001/_nuxt/@fs/Users/andrejkoval/Dev/vivadzen/src/front/node_modules/hookable/dist/index.mjs?v=fd09ac8d:271
[  150808ms] [LOG] [nuxt-app] link:prefetch      : 1.496826171875 ms [/en/bila-maeng-da-kratom-prasek-25g] @ http://0.0.0.0:3001/_nuxt/@fs/Users/andrejkoval/Dev/vivadzen/src/front/node_modules/hookable/dist/index.mjs?v=fd09ac8d:271
[  150808ms] [LOG] [nuxt-app] link:prefetch       : 1.54296875 ms [/en/bila-maeng-da-kratom-prasek-25g] @ http://0.0.0.0:3001/_nuxt/@fs/Users/andrejkoval/Dev/vivadzen/src/front/node_modules/hookable/dist/index.mjs?v=fd09ac8d:271
[  150808ms] [LOG] [nuxt-app] link:prefetch        : 1.60107421875 ms [/en/bily-slon-kratom-prasek-25g] @ http://0.0.0.0:3001/_nuxt/@fs/Users/andrejkoval/Dev/vivadzen/src/front/node_modules/hookable/dist/index.mjs?v=fd09ac8d:271
[  150808ms] [LOG] [nuxt-app] link:prefetch         : 1.654052734375 ms [/en/bily-slon-kratom-prasek-25g] @ http://0.0.0.0:3001/_nuxt/@fs/Users/andrejkoval/Dev/vivadzen/src/front/node_modules/hookable/dist/index.mjs?v=fd09ac8d:271
[  150808ms] [LOG] [nuxt-app] link:prefetch          : 1.700927734375 ms [/en/zeleny-thajsky-kratom-prasek-25g] @ http://0.0.0.0:3001/_nuxt/@fs/Users/andrejkoval/Dev/vivadzen/src/front/node_modules/hookable/dist/index.mjs?v=fd09ac8d:271
[  150808ms] [LOG] [nuxt-app] link:prefetch           : 1.753173828125 ms [/en/zeleny-thajsky-kratom-prasek-25g] @ http://0.0.0.0:3001/_nuxt/@fs/Users/andrejkoval/Dev/vivadzen/src/front/node_modules/hookable/dist/index.mjs?v=fd09ac8d:271
[  150808ms] [LOG] [nuxt-app] link:prefetch            : 1.803955078125 ms [/en/cervena-maeng-da-kratom-prasek-25g] @ http://0.0.0.0:3001/_nuxt/@fs/Users/andrejkoval/Dev/vivadzen/src/front/node_modules/hookable/dist/index.mjs?v=fd09ac8d:271
[  150808ms] [LOG] [nuxt-app] link:prefetch             : 1.85693359375 ms [/en/zelena-maeng-da-kratom-prasek-25g] @ http://0.0.0.0:3001/_nuxt/@fs/Users/andrejkoval/Dev/vivadzen/src/front/node_modules/hookable/dist/index.mjs?v=fd09ac8d:271
[  154448ms] [LOG] [nuxt-delay-hydration] Hydration event timeout @ http://0.0.0.0:3001/en/catalog:135
[  267686ms] [LOG] [nuxt-app] i18n:beforeLocaleSwitch: 0.14990234375 ms [Object] @ http://0.0.0.0:3001/_nuxt/@fs/Users/andrejkoval/Dev/vivadzen/src/front/node_modules/hookable/dist/index.mjs?v=fd09ac8d:271
[  267691ms] [LOG] %cssr%c %s: %s 
      background: #7f8c8d;
      border-radius: 0.5em;
      color: white;
      font-weight: bold;
      padding: 2px 0.5em;
      [nitro-runtime] request 0.212ms 
  at timeLogImpl (node:internal/console/constructor)
  at node:internal/console/constructor
  at timeLogImpl (node:internal/util/debuglog)
 @ http://0.0.0.0:3001/_nuxt/@fs/Users/andrejkoval/Dev/vivadzen/src/front/node_modules/consola/dist/browser.mjs?v=fd09ac8d:47
[  267691ms] [LOG] %cssr%c %s: %s 
      background: #7f8c8d;
      border-radius: 0.5em;
      color: white;
      font-weight: bold;
      padding: 2px 0.5em;
      [nitro-runtime] site-config:init 0.021ms 
  at timeLogImpl (node:internal/console/constructor)
  at node:internal/console/constructor
  at timeLogImpl (node:internal/util/debuglog)
 @ http://0.0.0.0:3001/_nuxt/@fs/Users/andrejkoval/Dev/vivadzen/src/front/node_modules/consola/dist/browser.mjs?v=fd09ac8d:47
[  267691ms] [LOG] %cssr%c %s: %s 
      background: #7f8c8d;
      border-radius: 0.5em;
      color: white;
      font-weight: bold;
      padding: 2px 0.5em;
      [nitro-runtime] render:before 0.004ms 
  at timeLogImpl (node:internal/console/constructor)
  at node:internal/console/constructor
  at timeLogImpl (node:internal/util/debuglog)
 @ http://0.0.0.0:3001/_nuxt/@fs/Users/andrejkoval/Dev/vivadzen/src/front/node_modules/consola/dist/browser.mjs?v=fd09ac8d:47
[  267691ms] [LOG] %cssr%c %s: %s 
      background: #7f8c8d;
      border-radius: 0.5em;
      color: white;
      font-weight: bold;
      padding: 2px 0.5em;
      [nuxt-app] i18n:beforeLocaleSwitch 0.009ms 
  at timeLogImpl (node:internal/console/constructor)
  at node:internal/console/constructor
  at timeLogImpl (node:internal/util/debuglog)
 @ http://0.0.0.0:3001/_nuxt/@fs/Users/andrejkoval/Dev/vivadzen/src/front/node_modules/consola/dist/browser.mjs?v=fd09ac8d:47
[  267691ms] [LOG] %cssr%c %s: %s 
      background: #7f8c8d;
      border-radius: 0.5em;
      color: white;
      font-weight: bold;
      padding: 2px 0.5em;
      [nuxt-app] page:loading:start 0.003ms 
  at timeLogImpl (node:internal/console/constructor)
  at node:internal/console/constructor
  at timeLogImpl (node:internal/util/debuglog)
 @ http://0.0.0.0:3001/_nuxt/@fs/Users/andrejkoval/Dev/vivadzen/src/front/node_modules/consola/dist/browser.mjs?v=fd09ac8d:47
[  267692ms] [LOG] %cssr%c %s: %s 
      background: #7f8c8d;
      border-radius: 0.5em;
      color: white;
      font-weight: bold;
      padding: 2px 0.5em;
      [nuxt-app] i18n:beforeLocaleSwitch 0.006ms 
  at timeLogImpl (node:internal/console/constructor)
  at node:internal/console/constructor
  at timeLogImpl (node:internal/util/debuglog)
 @ http://0.0.0.0:3001/_nuxt/@fs/Users/andrejkoval/Dev/vivadzen/src/front/node_modules/consola/dist/browser.mjs?v=fd09ac8d:47
[  267692ms] [LOG] %cssr%c %s: %s 
      background: #7f8c8d;
      border-radius: 0.5em;
      color: white;
      font-weight: bold;
      padding: 2px 0.5em;
      [nuxt-app] app:created 5.086ms 
  at timeLogImpl (node:internal/console/constructor)
  at node:internal/console/constructor
  at timeLogImpl (node:internal/util/debuglog)
 @ http://0.0.0.0:3001/_nuxt/@fs/Users/andrejkoval/Dev/vivadzen/src/front/node_modules/consola/dist/browser.mjs?v=fd09ac8d:47
[  267692ms] [LOG] %cssr%c %s: %s 
      background: #7f8c8d;
      border-radius: 0.5em;
      color: white;
      font-weight: bold;
      padding: 2px 0.5em;
      [nuxt-app] vue:setup 0.002ms 
  at timeLogImpl (node:internal/console/constructor)
  at node:internal/console/constructor
  at timeLogImpl (node:internal/util/debuglog)
 @ http://0.0.0.0:3001/_nuxt/@fs/Users/andrejkoval/Dev/vivadzen/src/front/node_modules/consola/dist/browser.mjs?v=fd09ac8d:47
[  267692ms] [WARNING] %cssr:warn%c [intlify] Not found 'logo_alt' key in 'en' locale messages. 
      background: #f39c12;
      border-radius: 0.5em;
      color: white;
      font-weight: bold;
      padding: 2px 0.5em;
      
  at warn (/Users/andrejkoval/Dev/vivadzen/src/front/node_modules/@intlify/shared/dist/shared.mjs)
  at handleMissing (/Users/andrejkoval/Dev/vivadzen/src/front/node_modules/@intlify/core-base/dist/core-base.mjs)
  at resolveMessageFormat (/Users/andrejkoval/Dev/vivadzen/src/front/node_modules/@intlify/core-base/dist/core-base.mjs)
 @ http://0.0.0.0:3001/_nuxt/@fs/Users/andrejkoval/Dev/vivadzen/src/front/node_modules/consola/dist/browser.mjs?v=fd09ac8d:47
[  267692ms] [WARNING] %cssr:warn%c [intlify] Fall back to translate 'logo_alt' key with 'cs' locale. 
      background: #f39c12;
      border-radius: 0.5em;
      color: white;
      font-weight: bold;
      padding: 2px 0.5em;
      
  at warn (/Users/andrejkoval/Dev/vivadzen/src/front/node_modules/@intlify/shared/dist/shared.mjs)
  at resolveMessageFormat (/Users/andrejkoval/Dev/vivadzen/src/front/node_modules/@intlify/core-base/dist/core-base.mjs)
  at translate (/Users/andrejkoval/Dev/vivadzen/src/front/node_modules/@intlify/core-base/dist/core-base.mjs)
 @ http://0.0.0.0:3001/_nuxt/@fs/Users/andrejkoval/Dev/vivadzen/src/front/node_modules/consola/dist/browser.mjs?v=fd09ac8d:47
[  267692ms] [WARNING] %cssr:warn%c [intlify] Not found 'logo_alt' key in 'cs' locale messages. 
      background: #f39c12;
      border-radius: 0.5em;
      color: white;
      font-weight: bold;
      padding: 2px 0.5em;
      
  at warn (/Users/andrejkoval/Dev/vivadzen/src/front/node_modules/@intlify/shared/dist/shared.mjs)
  at handleMissing (/Users/andrejkoval/Dev/vivadzen/src/front/node_modules/@intlify/core-base/dist/core-base.mjs)
  at resolveMessageFormat (/Users/andrejkoval/Dev/vivadzen/src/front/node_modules/@intlify/core-base/dist/core-base.mjs)
 @ http://0.0.0.0:3001/_nuxt/@fs/Users/andrejkoval/Dev/vivadzen/src/front/node_modules/consola/dist/browser.mjs?v=fd09ac8d:47
[  267692ms] [WARNING] %cssr:warn%c [intlify] Fall back to translate 'logo_alt' with root locale. 
      background: #f39c12;
      border-radius: 0.5em;
      color: white;
      font-weight: bold;
      padding: 2px 0.5em;
      
  at warn (/Users/andrejkoval/Dev/vivadzen/src/front/node_modules/@intlify/shared/dist/shared.mjs)
  at wrapWithDeps (/Users/andrejkoval/Dev/vivadzen/src/front/node_modules/vue-i18n/dist/vue-i18n.mjs)
  at Proxy.t (/Users/andrejkoval/Dev/vivadzen/src/front/node_modules/vue-i18n/dist/vue-i18n.mjs)
 @ http://0.0.0.0:3001/_nuxt/@fs/Users/andrejkoval/Dev/vivadzen/src/front/node_modules/consola/dist/browser.mjs?v=fd09ac8d:47
[  267692ms] [WARNING] %cssr:warn%c [intlify] Not found 'logo_alt' key in 'en' locale messages. 
      background: #f39c12;
      border-radius: 0.5em;
      color: white;
      font-weight: bold;
      padding: 2px 0.5em;
      
  at warn (/Users/andrejkoval/Dev/vivadzen/src/front/node_modules/@intlify/shared/dist/shared.mjs)
  at handleMissing (/Users/andrejkoval/Dev/vivadzen/src/front/node_modules/@intlify/core-base/dist/core-base.mjs)
  at resolveMessageFormat (/Users/andrejkoval/Dev/vivadzen/src/front/node_modules/@intlify/core-base/dist/core-base.mjs)
 @ http://0.0.0.0:3001/_nuxt/@fs/Users/andrejkoval/Dev/vivadzen/src/front/node_modules/consola/dist/browser.mjs?v=fd09ac8d:47
[  267692ms] [WARNING] %cssr:warn%c [intlify] Fall back to translate 'logo_alt' key with 'cs' locale. 
      background: #f39c12;
      border-radius: 0.5em;
      color: white;
      font-weight: bold;
      padding: 2px 0.5em;
      
  at warn (/Users/andrejkoval/Dev/vivadzen/src/front/node_modules/@intlify/shared/dist/shared.mjs)
  at resolveMessageFormat (/Users/andrejkoval/Dev/vivadzen/src/front/node_modules/@intlify/core-base/dist/core-base.mjs)
  at translate (/Users/andrejkoval/Dev/vivadzen/src/front/node_modules/@intlify/core-base/dist/core-base.mjs)
 @ http://0.0.0.0:3001/_nuxt/@fs/Users/andrejkoval/Dev/vivadzen/src/front/node_modules/consola/dist/browser.mjs?v=fd09ac8d:47
[  267692ms] [WARNING] %cssr:warn%c [intlify] Not found 'logo_alt' key in 'cs' locale messages. 
      background: #f39c12;
      border-radius: 0.5em;
      color: white;
      font-weight: bold;
      padding: 2px 0.5em;
      
  at warn (/Users/andrejkoval/Dev/vivadzen/src/front/node_modules/@intlify/shared/dist/shared.mjs)
  at handleMissing (/Users/andrejkoval/Dev/vivadzen/src/front/node_modules/@intlify/core-base/dist/core-base.mjs)
  at resolveMessageFormat (/Users/andrejkoval/Dev/vivadzen/src/front/node_modules/@intlify/core-base/dist/core-base.mjs)
 @ http://0.0.0.0:3001/_nuxt/@fs/Users/andrejkoval/Dev/vivadzen/src/front/node_modules/consola/dist/browser.mjs?v=fd09ac8d:47
[  267692ms] [WARNING] %cssr:warn%c [intlify] Not found 'title.cart' key in 'en' locale messages. 
      background: #f39c12;
      border-radius: 0.5em;
      color: white;
      font-weight: bold;
      padding: 2px 0.5em;
      
  at warn (/Users/andrejkoval/Dev/vivadzen/src/front/node_modules/@intlify/shared/dist/shared.mjs)
  at handleMissing (/Users/andrejkoval/Dev/vivadzen/src/front/node_modules/@intlify/core-base/dist/core-base.mjs)
  at resolveMessageFormat (/Users/andrejkoval/Dev/vivadzen/src/front/node_modules/@intlify/core-base/dist/core-base.mjs)
 @ http://0.0.0.0:3001/_nuxt/@fs/Users/andrejkoval/Dev/vivadzen/src/front/node_modules/consola/dist/browser.mjs?v=fd09ac8d:47
[  267692ms] [WARNING] %cssr:warn%c [intlify] Fall back to translate 'title.cart' key with 'cs' locale. 
      background: #f39c12;
      border-radius: 0.5em;
      color: white;
      font-weight: bold;
      padding: 2px 0.5em;
      
  at warn (/Users/andrejkoval/Dev/vivadzen/src/front/node_modules/@intlify/shared/dist/shared.mjs)
  at resolveMessageFormat (/Users/andrejkoval/Dev/vivadzen/src/front/node_modules/@intlify/core-base/dist/core-base.mjs)
  at translate (/Users/andrejkoval/Dev/vivadzen/src/front/node_modules/@intlify/core-base/dist/core-base.mjs)
 @ http://0.0.0.0:3001/_nuxt/@fs/Users/andrejkoval/Dev/vivadzen/src/front/node_modules/consola/dist/browser.mjs?v=fd09ac8d:47
[  267692ms] [WARNING] %cssr:warn%c [intlify] Not found 'title.cart' key in 'cs' locale messages. 
      background: #f39c12;
      border-radius: 0.5em;
      color: white;
      font-weight: bold;
      padding: 2px 0.5em;
      
  at warn (/Users/andrejkoval/Dev/vivadzen/src/front/node_modules/@intlify/shared/dist/shared.mjs)
  at handleMissing (/Users/andrejkoval/Dev/vivadzen/src/front/node_modules/@intlify/core-base/dist/core-base.mjs)
  at resolveMessageFormat (/Users/andrejkoval/Dev/vivadzen/src/front/node_modules/@intlify/core-base/dist/core-base.mjs)
 @ http://0.0.0.0:3001/_nuxt/@fs/Users/andrejkoval/Dev/vivadzen/src/front/node_modules/consola/dist/browser.mjs?v=fd09ac8d:47
[  267692ms] [WARNING] %cssr:warn%c [intlify] Fall back to translate 'title.cart' with root locale. 
      background: #f39c12;
      border-radius: 0.5em;
      color: white;
      font-weight: bold;
      padding: 2px 0.5em;
      
  at warn (/Users/andrejkoval/Dev/vivadzen/src/front/node_modules/@intlify/shared/dist/shared.mjs)
  at wrapWithDeps (/Users/andrejkoval/Dev/vivadzen/src/front/node_modules/vue-i18n/dist/vue-i18n.mjs)
  at Proxy.t (/Users/andrejkoval/Dev/vivadzen/src/front/node_modules/vue-i18n/dist/vue-i18n.mjs)
 @ http://0.0.0.0:3001/_nuxt/@fs/Users/andrejkoval/Dev/vivadzen/src/front/node_modules/consola/dist/browser.mjs?v=fd09ac8d:47
[  267692ms] [WARNING] %cssr:warn%c [intlify] Not found parent scope. use the global scope. 
      background: #f39c12;
      border-radius: 0.5em;
      color: white;
      font-weight: bold;
      padding: 2px 0.5em;
      
  at warn (/Users/andrejkoval/Dev/vivadzen/src/front/node_modules/@intlify/shared/dist/shared.mjs)
  at useI18n (/Users/andrejkoval/Dev/vivadzen/src/front/node_modules/vue-i18n/dist/vue-i18n.mjs)
  at setup (/Users/andrejkoval/Dev/vivadzen/src/front/node_modules/vue-i18n/dist/vue-i18n.mjs)
 @ http://0.0.0.0:3001/_nuxt/@fs/Users/andrejkoval/Dev/vivadzen/src/front/node_modules/consola/dist/browser.mjs?v=fd09ac8d:47
[  267692ms] [WARNING] %cssr:warn%c [intlify] Not found parent scope. use the global scope. 
      background: #f39c12;
      border-radius: 0.5em;
      color: white;
      font-weight: bold;
      padding: 2px 0.5em;
      
  at warn (/Users/andrejkoval/Dev/vivadzen/src/front/node_modules/@intlify/shared/dist/shared.mjs)
  at useI18n (/Users/andrejkoval/Dev/vivadzen/src/front/node_modules/vue-i18n/dist/vue-i18n.mjs)
  at setup (/Users/andrejkoval/Dev/vivadzen/src/front/node_modules/vue-i18n/dist/vue-i18n.mjs)
 @ http://0.0.0.0:3001/_nuxt/@fs/Users/andrejkoval/Dev/vivadzen/src/front/node_modules/consola/dist/browser.mjs?v=fd09ac8d:47
[  267692ms] [WARNING] %cssr:warn%c [intlify] Not found parent scope. use the global scope. 
      background: #f39c12;
      border-radius: 0.5em;
      color: white;
      font-weight: bold;
      padding: 2px 0.5em;
      
  at warn (/Users/andrejkoval/Dev/vivadzen/src/front/node_modules/@intlify/shared/dist/shared.mjs)
  at useI18n (/Users/andrejkoval/Dev/vivadzen/src/front/node_modules/vue-i18n/dist/vue-i18n.mjs)
  at setup (/Users/andrejkoval/Dev/vivadzen/src/front/node_modules/vue-i18n/dist/vue-i18n.mjs)
 @ http://0.0.0.0:3001/_nuxt/@fs/Users/andrejkoval/Dev/vivadzen/src/front/node_modules/consola/dist/browser.mjs?v=fd09ac8d:47
[  267692ms] [WARNING] %cssr:warn%c [intlify] Not found parent scope. use the global scope. 
      background: #f39c12;
      border-radius: 0.5em;
      color: white;
      font-weight: bold;
      padding: 2px 0.5em;
      
  at warn (/Users/andrejkoval/Dev/vivadzen/src/front/node_modules/@intlify/shared/dist/shared.mjs)
  at useI18n (/Users/andrejkoval/Dev/vivadzen/src/front/node_modules/vue-i18n/dist/vue-i18n.mjs)
  at setup (/Users/andrejkoval/Dev/vivadzen/src/front/node_modules/vue-i18n/dist/vue-i18n.mjs)
 @ http://0.0.0.0:3001/_nuxt/@fs/Users/andrejkoval/Dev/vivadzen/src/front/node_modules/consola/dist/browser.mjs?v=fd09ac8d:47
[  267692ms] [WARNING] %cssr:warn%c [intlify] Not found parent scope. use the global scope. 
      background: #f39c12;
      border-radius: 0.5em;
      color: white;
      font-weight: bold;
      padding: 2px 0.5em;
      
  at warn (/Users/andrejkoval/Dev/vivadzen/src/front/node_modules/@intlify/shared/dist/shared.mjs)
  at useI18n (/Users/andrejkoval/Dev/vivadzen/src/front/node_modules/vue-i18n/dist/vue-i18n.mjs)
  at setup (/Users/andrejkoval/Dev/vivadzen/src/front/node_modules/vue-i18n/dist/vue-i18n.mjs)
 @ http://0.0.0.0:3001/_nuxt/@fs/Users/andrejkoval/Dev/vivadzen/src/front/node_modules/consola/dist/browser.mjs?v=fd09ac8d:47
[  267692ms] [WARNING] %cssr:warn%c [intlify] Not found parent scope. use the global scope. 
      background: #f39c12;
      border-radius: 0.5em;
      color: white;
      font-weight: bold;
      padding: 2px 0.5em;
      
  at timeLogImpl (node:internal/console/constructor)
  at node:internal/console/constructor
  at timeLogImpl (node:internal/util/debuglog)
 @ http://0.0.0.0:3001/_nuxt/@fs/Users/andrejkoval/Dev/vivadzen/src/front/node_modules/consola/dist/browser.mjs?v=fd09ac8d:47
[  267692ms] [LOG] %cssr%c %s: %s 
      background: #7f8c8d;
      border-radius: 0.5em;
      color: white;
      font-weight: bold;
      padding: 2px 0.5em;
      [nuxt-app] app:rendered 0.091ms 
  at timeLogImpl (node:internal/console/constructor)
  at node:internal/console/constructor
  at timeLogImpl (node:internal/util/debuglog)
 @ http://0.0.0.0:3001/_nuxt/@fs/Users/andrejkoval/Dev/vivadzen/src/front/node_modules/consola/dist/browser.mjs?v=fd09ac8d:47
[  267692ms] [LOG] %cssr%c %s: %s 
      background: #7f8c8d;
      border-radius: 0.5em;
      color: white;
      font-weight: bold;
      padding: 2px 0.5em;
      [nuxt-app] schema-org:meta 0.003ms 
  at timeLogImpl (node:internal/console/constructor)
  at node:internal/console/constructor
  at timeLogImpl (node:internal/util/debuglog)
 @ http://0.0.0.0:3001/_nuxt/@fs/Users/andrejkoval/Dev/vivadzen/src/front/node_modules/consola/dist/browser.mjs?v=fd09ac8d:47
[  267692ms] [LOG] [nuxt-app] dev:ssr-logs: 0.89599609375 ms [Array(27)] @ http://0.0.0.0:3001/_nuxt/@fs/Users/andrejkoval/Dev/vivadzen/src/front/node_modules/hookable/dist/index.mjs?v=fd09ac8d:271
[  267695ms] [LOG] [nuxt-app] page:loading:start: 0.05810546875 ms [] @ http://0.0.0.0:3001/_nuxt/@fs/Users/andrejkoval/Dev/vivadzen/src/front/node_modules/hookable/dist/index.mjs?v=fd09ac8d:271
[  267715ms] [WARNING] Timer '[nuxt-app] i18n:beforeLocaleSwitch' already exists @ http://0.0.0.0:3001/_nuxt/@fs/Users/andrejkoval/Dev/vivadzen/src/front/node_modules/hookable/dist/index.mjs?v=fd09ac8d:261
[  267715ms] [LOG] [nuxt-app] i18n:beforeLocaleSwitch: 29.15087890625 ms [Object] @ http://0.0.0.0:3001/_nuxt/@fs/Users/andrejkoval/Dev/vivadzen/src/front/node_modules/hookable/dist/index.mjs?v=fd09ac8d:271
[  267716ms] [LOG] [nuxt-app] app:created: 21.349853515625 ms [Object] @ http://0.0.0.0:3001/_nuxt/@fs/Users/andrejkoval/Dev/vivadzen/src/front/node_modules/hookable/dist/index.mjs?v=fd09ac8d:271
[  267716ms] [LOG] [nuxt-app] app:beforeMount: 0.01318359375 ms [Object] @ http://0.0.0.0:3001/_nuxt/@fs/Users/andrejkoval/Dev/vivadzen/src/front/node_modules/hookable/dist/index.mjs?v=fd09ac8d:271
[  267716ms] [LOG] [nuxt-app] vue:setup: 0.177978515625 ms [] @ http://0.0.0.0:3001/_nuxt/@fs/Users/andrejkoval/Dev/vivadzen/src/front/node_modules/hookable/dist/index.mjs?v=fd09ac8d:271
[  267717ms] [INFO] <Suspense> is an experimental feature and its API will likely change. @ http://0.0.0.0:3001/_nuxt/@fs/Users/andrejkoval/Dev/vivadzen/src/front/node_modules/@vue/runtime-core/dist/runtime-core.esm-bundler.js?v=fd09ac8d:7155
[  267717ms] [LOG] [nuxt-app] app:mounted: 0.06298828125 ms [Object] @ http://0.0.0.0:3001/_nuxt/@fs/Users/andrejkoval/Dev/vivadzen/src/front/node_modules/hookable/dist/index.mjs?v=fd09ac8d:271
[  267717ms] [LOG] [Content] WS connect to ws://localhost:4000/ws @ http://0.0.0.0:3001/_nuxt/@fs/Users/andrejkoval/Dev/vivadzen/src/front/node_modules/@nuxt/content/dist/runtime/composables/web-socket.js?v=fd09ac8d:4
[  267750ms] [LOG] [Content] WS connected! @ http://0.0.0.0:3001/_nuxt/@fs/Users/andrejkoval/Dev/vivadzen/src/front/node_modules/@nuxt/content/dist/runtime/composables/web-socket.js?v=fd09ac8d:4
[  267757ms] [WARNING] [intlify] Not found 'logo_alt' key in 'en' locale messages. @ http://0.0.0.0:3001/_nuxt/node_modules/.cache/vite/client/deps/chunk-LY4OWT6B.js?v=fd09ac8d:3
[  267757ms] [WARNING] [intlify] Fall back to translate 'logo_alt' key with 'cs' locale. @ http://0.0.0.0:3001/_nuxt/node_modules/.cache/vite/client/deps/chunk-LY4OWT6B.js?v=fd09ac8d:3
[  267758ms] [WARNING] [intlify] Not found 'logo_alt' key in 'cs' locale messages. @ http://0.0.0.0:3001/_nuxt/node_modules/.cache/vite/client/deps/chunk-LY4OWT6B.js?v=fd09ac8d:3
[  267758ms] [WARNING] [intlify] Fall back to translate 'logo_alt' with root locale. @ http://0.0.0.0:3001/_nuxt/node_modules/.cache/vite/client/deps/chunk-LY4OWT6B.js?v=fd09ac8d:3
[  267758ms] [WARNING] [intlify] Not found 'logo_alt' key in 'en' locale messages. @ http://0.0.0.0:3001/_nuxt/node_modules/.cache/vite/client/deps/chunk-LY4OWT6B.js?v=fd09ac8d:3
[  267758ms] [WARNING] [intlify] Fall back to translate 'logo_alt' key with 'cs' locale. @ http://0.0.0.0:3001/_nuxt/node_modules/.cache/vite/client/deps/chunk-LY4OWT6B.js?v=fd09ac8d:3
[  267758ms] [WARNING] [intlify] Not found 'logo_alt' key in 'cs' locale messages. @ http://0.0.0.0:3001/_nuxt/node_modules/.cache/vite/client/deps/chunk-LY4OWT6B.js?v=fd09ac8d:3
[  267758ms] [WARNING] [intlify] Not found 'title.cart' key in 'en' locale messages. @ http://0.0.0.0:3001/_nuxt/node_modules/.cache/vite/client/deps/chunk-LY4OWT6B.js?v=fd09ac8d:3
[  267758ms] [WARNING] [intlify] Fall back to translate 'title.cart' key with 'cs' locale. @ http://0.0.0.0:3001/_nuxt/node_modules/.cache/vite/client/deps/chunk-LY4OWT6B.js?v=fd09ac8d:3
[  267759ms] [WARNING] [intlify] Not found 'title.cart' key in 'cs' locale messages. @ http://0.0.0.0:3001/_nuxt/node_modules/.cache/vite/client/deps/chunk-LY4OWT6B.js?v=fd09ac8d:3
[  267759ms] [WARNING] [intlify] Fall back to translate 'title.cart' with root locale. @ http://0.0.0.0:3001/_nuxt/node_modules/.cache/vite/client/deps/chunk-LY4OWT6B.js?v=fd09ac8d:3
[  267762ms] [WARNING] [Vue warn]: Hydration style mismatch on JSHandle@node 
  - rendered on server: style="width:1em;height:1em;--c613ce94-iconUrl:url('https://api.iconify.design/iconoir/nav-arrow-down.svg');"
  - expected on client: style="width:1em;height:1em;"
  Note: this mismatch is check-only. The DOM will not be rectified in production due to performance overhead.
  You should fix the source of the mismatch. 
  at <IconCSS name="iconoir:nav-arrow-down" class="lang-switcher__chevron" > 
  at <Header> 
  at <Body style= {background: #f8f1e6} > 
  at <Html lang="en-US" dir="ltr" > 
  at <Default ref=Ref< undefined > > 
  at <AsyncComponentWrapper ref=Ref< undefined > > 
  at <LayoutLoader key="default" layoutProps= {ref: RefImpl} name="default" > 
  at <NuxtLayoutProvider layoutProps= {ref: RefImpl} key="default" name="default"  ... > 
  at <NuxtLayout> 
  at <App key=4 > 
  at <NuxtRoot> @ http://0.0.0.0:3001/_nuxt/@fs/Users/andrejkoval/Dev/vivadzen/src/front/node_modules/@vue/runtime-core/dist/runtime-core.esm-bundler.js?v=fd09ac8d:49
[  267762ms] [ERROR] Hydration completed but contains mismatches. @ http://0.0.0.0:3001/_nuxt/@fs/Users/andrejkoval/Dev/vivadzen/src/front/node_modules/@vue/runtime-core/dist/runtime-core.esm-bundler.js?v=fd09ac8d:1847
[  267762ms] [WARNING] [Vue warn]: Hydration style mismatch on JSHandle@node 
  - rendered on server: style="width:1em;height:1em;--c613ce94-iconUrl:url('https://api.iconify.design/ci/shopping-cart-01.svg');"
  - expected on client: style="width:1em;height:1em;"
  Note: this mismatch is check-only. The DOM will not be rectified in production due to performance overhead.
  You should fix the source of the mismatch. 
  at <IconCSS name="ci:shopping-cart-01" class="hero-header__cart-icon" > 
  at <Header> 
  at <Body style= {background: #f8f1e6} > 
  at <Html lang="en-US" dir="ltr" > 
  at <Default ref=Ref< undefined > > 
  at <AsyncComponentWrapper ref=Ref< undefined > > 
  at <LayoutLoader key="default" layoutProps= {ref: RefImpl} name="default" > 
  at <NuxtLayoutProvider layoutProps= {ref: RefImpl} key="default" name="default"  ... > 
  at <NuxtLayout> 
  at <App key=4 > 
  at <NuxtRoot> @ http://0.0.0.0:3001/_nuxt/@fs/Users/andrejkoval/Dev/vivadzen/src/front/node_modules/@vue/runtime-core/dist/runtime-core.esm-bundler.js?v=fd09ac8d:49
[  267763ms] [WARNING] [Vue warn]: Hydration style mismatch on JSHandle@node 
  - rendered on server: style="width:1em;height:1em;--c613ce94-iconUrl:url('https://api.iconify.design/mynaui/telephone-call.svg');"
  - expected on client: style="width:1em;height:1em;"
  Note: this mismatch is check-only. The DOM will not be rectified in production due to performance overhead.
  You should fix the source of the mismatch. 
  at <IconCSS name="mynaui:telephone-call" class="hero-mobile-menu__contact-icon" > 
  at <Header> 
  at <Body style= {background: #f8f1e6} > 
  at <Html lang="en-US" dir="ltr" > 
  at <Default ref=Ref< undefined > > 
  at <AsyncComponentWrapper ref=Ref< undefined > > 
  at <LayoutLoader key="default" layoutProps= {ref: RefImpl} name="default" > 
  at <NuxtLayoutProvider layoutProps= {ref: RefImpl} key="default" name="default"  ... > 
  at <NuxtLayout> 
  at <App key=4 > 
  at <NuxtRoot> @ http://0.0.0.0:3001/_nuxt/@fs/Users/andrejkoval/Dev/vivadzen/src/front/node_modules/@vue/runtime-core/dist/runtime-core.esm-bundler.js?v=fd09ac8d:49
[  267763ms] [WARNING] [Vue warn]: Hydration style mismatch on JSHandle@node 
  - rendered on server: style="width:1em;height:1em;--c613ce94-iconUrl:url('https://api.iconify.design/ic/round-alternate-email.svg');"
  - expected on client: style="width:1em;height:1em;"
  Note: this mismatch is check-only. The DOM will not be rectified in production due to performance overhead.
  You should fix the source of the mismatch. 
  at <IconCSS name="ic:round-alternate-email" class="hero-mobile-menu__contact-icon" > 
  at <Header> 
  at <Body style= {background: #f8f1e6} > 
  at <Html lang="en-US" dir="ltr" > 
  at <Default ref=Ref< undefined > > 
  at <AsyncComponentWrapper ref=Ref< undefined > > 
  at <LayoutLoader key="default" layoutProps= {ref: RefImpl} name="default" > 
  at <NuxtLayoutProvider layoutProps= {ref: RefImpl} key="default" name="default"  ... > 
  at <NuxtLayout> 
  at <App key=4 > 
  at <NuxtRoot> @ http://0.0.0.0:3001/_nuxt/@fs/Users/andrejkoval/Dev/vivadzen/src/front/node_modules/@vue/runtime-core/dist/runtime-core.esm-bundler.js?v=fd09ac8d:49
[  267763ms] [WARNING] [Vue warn]: Hydration style mismatch on JSHandle@node 
  - rendered on server: style="width:1em;height:1em;--c613ce94-iconUrl:url('https://api.iconify.design/mynaui/location.svg');"
  - expected on client: style="width:1em;height:1em;"
  Note: this mismatch is check-only. The DOM will not be rectified in production due to performance overhead.
  You should fix the source of the mismatch. 
  at <IconCSS name="mynaui:location" class="hero-mobile-menu__contact-icon" > 
  at <Header> 
  at <Body style= {background: #f8f1e6} > 
  at <Html lang="en-US" dir="ltr" > 
  at <Default ref=Ref< undefined > > 
  at <AsyncComponentWrapper ref=Ref< undefined > > 
  at <LayoutLoader key="default" layoutProps= {ref: RefImpl} name="default" > 
  at <NuxtLayoutProvider layoutProps= {ref: RefImpl} key="default" name="default"  ... > 
  at <NuxtLayout> 
  at <App key=4 > 
  at <NuxtRoot> @ http://0.0.0.0:3001/_nuxt/@fs/Users/andrejkoval/Dev/vivadzen/src/front/node_modules/@vue/runtime-core/dist/runtime-core.esm-bundler.js?v=fd09ac8d:49
[  267763ms] [WARNING] [Vue warn]: Hydration style mismatch on JSHandle@node 
  - rendered on server: style="width:1em;height:1em;--c613ce94-iconUrl:url('https://api.iconify.design/mynaui/clock-4.svg');"
  - expected on client: style="width:1em;height:1em;"
  Note: this mismatch is check-only. The DOM will not be rectified in production due to performance overhead.
  You should fix the source of the mismatch. 
  at <IconCSS name="mynaui:clock-4" class="hero-mobile-menu__contact-icon" > 
  at <Header> 
  at <Body style= {background: #f8f1e6} > 
  at <Html lang="en-US" dir="ltr" > 
  at <Default ref=Ref< undefined > > 
  at <AsyncComponentWrapper ref=Ref< undefined > > 
  at <LayoutLoader key="default" layoutProps= {ref: RefImpl} name="default" > 
  at <NuxtLayoutProvider layoutProps= {ref: RefImpl} key="default" name="default"  ... > 
  at <NuxtLayout> 
  at <App key=4 > 
  at <NuxtRoot> @ http://0.0.0.0:3001/_nuxt/@fs/Users/andrejkoval/Dev/vivadzen/src/front/node_modules/@vue/runtime-core/dist/runtime-core.esm-bundler.js?v=fd09ac8d:49
[  267766ms] [WARNING] [Vue warn]: Hydration style mismatch on JSHandle@node 
  - rendered on server: style="width:1em;height:1em;--c613ce94-iconUrl:url('https://api.iconify.design/ph/telegram-logo.svg');"
  - expected on client: style="width:1em;height:1em;"
  Note: this mismatch is check-only. The DOM will not be rectified in production due to performance overhead.
  You should fix the source of the mismatch. 
  at <IconCSS name="ph:telegram-logo" > 
  at <SiteFooter> 
  at <Body style= {background: #f8f1e6} > 
  at <Html lang="en-US" dir="ltr" > 
  at <Default ref=Ref< undefined > > 
  at <AsyncComponentWrapper ref=Ref< undefined > > 
  at <LayoutLoader key="default" layoutProps= {ref: RefImpl} name="default" > 
  at <NuxtLayoutProvider layoutProps= {ref: RefImpl} key="default" name="default"  ... > 
  at <NuxtLayout> 
  at <App key=4 > 
  at <NuxtRoot> @ http://0.0.0.0:3001/_nuxt/@fs/Users/andrejkoval/Dev/vivadzen/src/front/node_modules/@vue/runtime-core/dist/runtime-core.esm-bundler.js?v=fd09ac8d:49
[  267766ms] [WARNING] [Vue warn]: Hydration style mismatch on JSHandle@node 
  - rendered on server: style="width:1em;height:1em;--c613ce94-iconUrl:url('https://api.iconify.design/ph/whatsapp-logo.svg');"
  - expected on client: style="width:1em;height:1em;"
  Note: this mismatch is check-only. The DOM will not be rectified in production due to performance overhead.
  You should fix the source of the mismatch. 
  at <IconCSS name="ph:whatsapp-logo" > 
  at <SiteFooter> 
  at <Body style= {background: #f8f1e6} > 
  at <Html lang="en-US" dir="ltr" > 
  at <Default ref=Ref< undefined > > 
  at <AsyncComponentWrapper ref=Ref< undefined > > 
  at <LayoutLoader key="default" layoutProps= {ref: RefImpl} name="default" > 
  at <NuxtLayoutProvider layoutProps= {ref: RefImpl} key="default" name="default"  ... > 
  at <NuxtLayout> 
  at <App key=4 > 
  at <NuxtRoot> @ http://0.0.0.0:3001/_nuxt/@fs/Users/andrejkoval/Dev/vivadzen/src/front/node_modules/@vue/runtime-core/dist/runtime-core.esm-bundler.js?v=fd09ac8d:49
[  267766ms] [WARNING] [Vue warn]: Hydration style mismatch on JSHandle@node 
  - rendered on server: style="width:1em;height:1em;--c613ce94-iconUrl:url('https://api.iconify.design/iconoir/instagram.svg');"
  - expected on client: style="width:1em;height:1em;"
  Note: this mismatch is check-only. The DOM will not be rectified in production due to performance overhead.
  You should fix the source of the mismatch. 
  at <IconCSS name="iconoir:instagram" > 
  at <SiteFooter> 
  at <Body style= {background: #f8f1e6} > 
  at <Html lang="en-US" dir="ltr" > 
  at <Default ref=Ref< undefined > > 
  at <AsyncComponentWrapper ref=Ref< undefined > > 
  at <LayoutLoader key="default" layoutProps= {ref: RefImpl} name="default" > 
  at <NuxtLayoutProvider layoutProps= {ref: RefImpl} key="default" name="default"  ... > 
  at <NuxtLayout> 
  at <App key=4 > 
  at <NuxtRoot> @ http://0.0.0.0:3001/_nuxt/@fs/Users/andrejkoval/Dev/vivadzen/src/front/node_modules/@vue/runtime-core/dist/runtime-core.esm-bundler.js?v=fd09ac8d:49
[  267770ms] [WARNING] [intlify] Not found parent scope. use the global scope. @ http://0.0.0.0:3001/_nuxt/node_modules/.cache/vite/client/deps/chunk-LY4OWT6B.js?v=fd09ac8d:3
[  267770ms] [WARNING] [Vue warn]: Hydration style mismatch on JSHandle@node 
  - rendered on server: style="width:1em;height:1em;--c613ce94-iconUrl:url('https://api.iconify.design/ci/shopping-cart-01.svg');"
  - expected on client: style="width:1em;height:1em;"
  Note: this mismatch is check-only. The DOM will not be rectified in production due to performance overhead.
  You should fix the source of the mismatch. 
  at <IconCSS name="ci:shopping-cart-01" class="kratom-product-card__action-icon" > 
  at <ProductCard key=391 product= {id: 391, name: Green Rurut Nano kratom powder - 25g, slug: zeleny-rurut-nano-kratom-prasek-25g, price: 140.00, oldPrice: null} > 
  at <Index onVnodeUnmounted=fn<onVnodeUnmounted> ref=Ref< undefined > > 
  at <RouteProvider key="/en/catalog" vnode= {__v_isVNode: true, __v_skip: true, type: Object, props: Object, key: null} route= {fullPath: /en/catalog, hash: , query: Object, name: catalog___en, path: /en/catalog}  ... > 
  at <RouterView name=undefined route=undefined > 
  at <NuxtPage> 
  at <Body style= {background: #f8f1e6} > 
  at <Html lang="en-US" dir="ltr" > 
  at <Default ref=Ref< undefined > > 
  at <AsyncComponentWrapper ref=Ref< undefined > > 
  at <LayoutLoader key="default" layoutProps= {ref: RefImpl} name="default" > 
  at <NuxtLayoutProvider layoutProps= {ref: RefImpl} key="default" name="default"  ... > 
  at <NuxtLayout> 
  at <App key=4 > 
  at <NuxtRoot> @ http://0.0.0.0:3001/_nuxt/@fs/Users/andrejkoval/Dev/vivadzen/src/front/node_modules/@vue/runtime-core/dist/runtime-core.esm-bundler.js?v=fd09ac8d:49
[  267771ms] [WARNING] [intlify] Not found parent scope. use the global scope. @ http://0.0.0.0:3001/_nuxt/node_modules/.cache/vite/client/deps/chunk-LY4OWT6B.js?v=fd09ac8d:3
[  267771ms] [WARNING] [Vue warn]: Hydration style mismatch on JSHandle@node 
  - rendered on server: style="width:1em;height:1em;--c613ce94-iconUrl:url('https://api.iconify.design/ci/shopping-cart-01.svg');"
  - expected on client: style="width:1em;height:1em;"
  Note: this mismatch is check-only. The DOM will not be rectified in production due to performance overhead.
  You should fix the source of the mismatch. 
  at <IconCSS name="ci:shopping-cart-01" class="kratom-product-card__action-icon" > 
  at <ProductCard key=336 product= {id: 336, name: White Maeng Da Kratom powder, slug: bila-maeng-da-kratom-prasek-25g, price: 130.00, oldPrice: null} > 
  at <Index onVnodeUnmounted=fn<onVnodeUnmounted> ref=Ref< undefined > > 
  at <RouteProvider key="/en/catalog" vnode= {__v_isVNode: true, __v_skip: true, type: Object, props: Object, key: null} route= {fullPath: /en/catalog, hash: , query: Object, name: catalog___en, path: /en/catalog}  ... > 
  at <RouterView name=undefined route=undefined > 
  at <NuxtPage> 
  at <Body style= {background: #f8f1e6} > 
  at <Html lang="en-US" dir="ltr" > 
  at <Default ref=Ref< undefined > > 
  at <AsyncComponentWrapper ref=Ref< undefined > > 
  at <LayoutLoader key="default" layoutProps= {ref: RefImpl} name="default" > 
  at <NuxtLayoutProvider layoutProps= {ref: RefImpl} key="default" name="default"  ... > 
  at <NuxtLayout> 
  at <App key=4 > 
  at <NuxtRoot> @ http://0.0.0.0:3001/_nuxt/@fs/Users/andrejkoval/Dev/vivadzen/src/front/node_modules/@vue/runtime-core/dist/runtime-core.esm-bundler.js?v=fd09ac8d:49
[  267772ms] [WARNING] [intlify] Not found parent scope. use the global scope. @ http://0.0.0.0:3001/_nuxt/node_modules/.cache/vite/client/deps/chunk-LY4OWT6B.js?v=fd09ac8d:3
[  267772ms] [WARNING] [Vue warn]: Hydration style mismatch on JSHandle@node 
  - rendered on server: style="width:1em;height:1em;--c613ce94-iconUrl:url('https://api.iconify.design/ci/shopping-cart-01.svg');"
  - expected on client: style="width:1em;height:1em;"
  Note: this mismatch is check-only. The DOM will not be rectified in production due to performance overhead.
  You should fix the source of the mismatch. 
  at <IconCSS name="ci:shopping-cart-01" class="kratom-product-card__action-icon" > 
  at <ProductCard key=334 product= {id: 334, name: White Elephant Kratom powder, slug: bily-slon-kratom-prasek-25g, price: 140.00, oldPrice: null} > 
  at <Index onVnodeUnmounted=fn<onVnodeUnmounted> ref=Ref< undefined > > 
  at <RouteProvider key="/en/catalog" vnode= {__v_isVNode: true, __v_skip: true, type: Object, props: Object, key: null} route= {fullPath: /en/catalog, hash: , query: Object, name: catalog___en, path: /en/catalog}  ... > 
  at <RouterView name=undefined route=undefined > 
  at <NuxtPage> 
  at <Body style= {background: #f8f1e6} > 
  at <Html lang="en-US" dir="ltr" > 
  at <Default ref=Ref< undefined > > 
  at <AsyncComponentWrapper ref=Ref< undefined > > 
  at <LayoutLoader key="default" layoutProps= {ref: RefImpl} name="default" > 
  at <NuxtLayoutProvider layoutProps= {ref: RefImpl} key="default" name="default"  ... > 
  at <NuxtLayout> 
  at <App key=4 > 
  at <NuxtRoot> @ http://0.0.0.0:3001/_nuxt/@fs/Users/andrejkoval/Dev/vivadzen/src/front/node_modules/@vue/runtime-core/dist/runtime-core.esm-bundler.js?v=fd09ac8d:49
[  267773ms] [WARNING] [intlify] Not found parent scope. use the global scope. @ http://0.0.0.0:3001/_nuxt/node_modules/.cache/vite/client/deps/chunk-LY4OWT6B.js?v=fd09ac8d:3
[  267773ms] [WARNING] [Vue warn]: Hydration style mismatch on JSHandle@node 
  - rendered on server: style="width:1em;height:1em;--c613ce94-iconUrl:url('https://api.iconify.design/ci/shopping-cart-01.svg');"
  - expected on client: style="width:1em;height:1em;"
  Note: this mismatch is check-only. The DOM will not be rectified in production due to performance overhead.
  You should fix the source of the mismatch. 
  at <IconCSS name="ci:shopping-cart-01" class="kratom-product-card__action-icon" > 
  at <ProductCard key=333 product= {id: 333, name: Green Thai Kratom powder, slug: zeleny-thajsky-kratom-prasek-25g, price: 130.00, oldPrice: null} > 
  at <Index onVnodeUnmounted=fn<onVnodeUnmounted> ref=Ref< undefined > > 
  at <RouteProvider key="/en/catalog" vnode= {__v_isVNode: true, __v_skip: true, type: Object, props: Object, key: null} route= {fullPath: /en/catalog, hash: , query: Object, name: catalog___en, path: /en/catalog}  ... > 
  at <RouterView name=undefined route=undefined > 
  at <NuxtPage> 
  at <Body style= {background: #f8f1e6} > 
  at <Html lang="en-US" dir="ltr" > 
  at <Default ref=Ref< undefined > > 
  at <AsyncComponentWrapper ref=Ref< undefined > > 
  at <LayoutLoader key="default" layoutProps= {ref: RefImpl} name="default" > 
  at <NuxtLayoutProvider layoutProps= {ref: RefImpl} key="default" name="default"  ... > 
  at <NuxtLayout> 
  at <App key=4 > 
  at <NuxtRoot> @ http://0.0.0.0:3001/_nuxt/@fs/Users/andrejkoval/Dev/vivadzen/src/front/node_modules/@vue/runtime-core/dist/runtime-core.esm-bundler.js?v=fd09ac8d:49
[  267774ms] [WARNING] [intlify] Not found parent scope. use the global scope. @ http://0.0.0.0:3001/_nuxt/node_modules/.cache/vite/client/deps/chunk-LY4OWT6B.js?v=fd09ac8d:3
[  267774ms] [WARNING] [Vue warn]: Hydration style mismatch on JSHandle@node 
  - rendered on server: style="width:1em;height:1em;--c613ce94-iconUrl:url('https://api.iconify.design/ci/shopping-cart-01.svg');"
  - expected on client: style="width:1em;height:1em;"
  Note: this mismatch is check-only. The DOM will not be rectified in production due to performance overhead.
  You should fix the source of the mismatch. 
  at <IconCSS name="ci:shopping-cart-01" class="kratom-product-card__action-icon" > 
  at <ProductCard key=332 product= {id: 332, name: Red Maeng Da Kratom powder, slug: cervena-maeng-da-kratom-prasek-25g, price: 130.00, oldPrice: null} > 
  at <Index onVnodeUnmounted=fn<onVnodeUnmounted> ref=Ref< undefined > > 
  at <RouteProvider key="/en/catalog" vnode= {__v_isVNode: true, __v_skip: true, type: Object, props: Object, key: null} route= {fullPath: /en/catalog, hash: , query: Object, name: catalog___en, path: /en/catalog}  ... > 
  at <RouterView name=undefined route=undefined > 
  at <NuxtPage> 
  at <Body style= {background: #f8f1e6} > 
  at <Html lang="en-US" dir="ltr" > 
  at <Default ref=Ref< undefined > > 
  at <AsyncComponentWrapper ref=Ref< undefined > > 
  at <LayoutLoader key="default" layoutProps= {ref: RefImpl} name="default" > 
  at <NuxtLayoutProvider layoutProps= {ref: RefImpl} key="default" name="default"  ... > 
  at <NuxtLayout> 
  at <App key=4 > 
  at <NuxtRoot> @ http://0.0.0.0:3001/_nuxt/@fs/Users/andrejkoval/Dev/vivadzen/src/front/node_modules/@vue/runtime-core/dist/runtime-core.esm-bundler.js?v=fd09ac8d:49
[  267774ms] [WARNING] [intlify] Not found parent scope. use the global scope. @ http://0.0.0.0:3001/_nuxt/node_modules/.cache/vite/client/deps/chunk-LY4OWT6B.js?v=fd09ac8d:3
[  267775ms] [WARNING] [Vue warn]: Hydration style mismatch on JSHandle@node 
  - rendered on server: style="width:1em;height:1em;--c613ce94-iconUrl:url('https://api.iconify.design/ci/shopping-cart-01.svg');"
  - expected on client: style="width:1em;height:1em;"
  Note: this mismatch is check-only. The DOM will not be rectified in production due to performance overhead.
  You should fix the source of the mismatch. 
  at <IconCSS name="ci:shopping-cart-01" class="kratom-product-card__action-icon" > 
  at <ProductCard key=331 product= {id: 331, name: Green Maeng Da Kratom powder, slug: zelena-maeng-da-kratom-prasek-25g, price: 130.00, oldPrice: null} > 
  at <Index onVnodeUnmounted=fn<onVnodeUnmounted> ref=Ref< undefined > > 
  at <RouteProvider key="/en/catalog" vnode= {__v_isVNode: true, __v_skip: true, type: Object, props: Object, key: null} route= {fullPath: /en/catalog, hash: , query: Object, name: catalog___en, path: /en/catalog}  ... > 
  at <RouterView name=undefined route=undefined > 
  at <NuxtPage> 
  at <Body style= {background: #f8f1e6} > 
  at <Html lang="en-US" dir="ltr" > 
  at <Default ref=Ref< undefined > > 
  at <AsyncComponentWrapper ref=Ref< undefined > > 
  at <LayoutLoader key="default" layoutProps= {ref: RefImpl} name="default" > 
  at <NuxtLayoutProvider layoutProps= {ref: RefImpl} key="default" name="default"  ... > 
  at <NuxtLayout> 
  at <App key=4 > 
  at <NuxtRoot> @ http://0.0.0.0:3001/_nuxt/@fs/Users/andrejkoval/Dev/vivadzen/src/front/node_modules/@vue/runtime-core/dist/runtime-core.esm-bundler.js?v=fd09ac8d:49
[  267776ms] [LOG] [nuxt-app] page:finish: 0.756103515625 ms [Object] @ http://0.0.0.0:3001/_nuxt/@fs/Users/andrejkoval/Dev/vivadzen/src/front/node_modules/hookable/dist/index.mjs?v=fd09ac8d:271
[  267776ms] [LOG] [nuxt-app] page:loading:end: 0.27001953125 ms [] @ http://0.0.0.0:3001/_nuxt/@fs/Users/andrejkoval/Dev/vivadzen/src/front/node_modules/hookable/dist/index.mjs?v=fd09ac8d:271
[  267781ms] [WARNING] [intlify] Not found 'logo_alt' key in 'en' locale messages. @ http://0.0.0.0:3001/_nuxt/node_modules/.cache/vite/client/deps/chunk-LY4OWT6B.js?v=fd09ac8d:3
[  267781ms] [WARNING] [intlify] Fall back to translate 'logo_alt' key with 'cs' locale. @ http://0.0.0.0:3001/_nuxt/node_modules/.cache/vite/client/deps/chunk-LY4OWT6B.js?v=fd09ac8d:3
[  267781ms] [WARNING] [intlify] Not found 'logo_alt' key in 'cs' locale messages. @ http://0.0.0.0:3001/_nuxt/node_modules/.cache/vite/client/deps/chunk-LY4OWT6B.js?v=fd09ac8d:3
[  267781ms] [WARNING] [intlify] Fall back to translate 'logo_alt' with root locale. @ http://0.0.0.0:3001/_nuxt/node_modules/.cache/vite/client/deps/chunk-LY4OWT6B.js?v=fd09ac8d:3
[  267781ms] [WARNING] [intlify] Not found 'logo_alt' key in 'en' locale messages. @ http://0.0.0.0:3001/_nuxt/node_modules/.cache/vite/client/deps/chunk-LY4OWT6B.js?v=fd09ac8d:3
[  267781ms] [WARNING] [intlify] Fall back to translate 'logo_alt' key with 'cs' locale. @ http://0.0.0.0:3001/_nuxt/node_modules/.cache/vite/client/deps/chunk-LY4OWT6B.js?v=fd09ac8d:3
[  267781ms] [WARNING] [intlify] Not found 'logo_alt' key in 'cs' locale messages. @ http://0.0.0.0:3001/_nuxt/node_modules/.cache/vite/client/deps/chunk-LY4OWT6B.js?v=fd09ac8d:3
[  267782ms] [WARNING] [intlify] Not found 'title.cart' key in 'en' locale messages. @ http://0.0.0.0:3001/_nuxt/node_modules/.cache/vite/client/deps/chunk-LY4OWT6B.js?v=fd09ac8d:3
[  267782ms] [WARNING] [intlify] Fall back to translate 'title.cart' key with 'cs' locale. @ http://0.0.0.0:3001/_nuxt/node_modules/.cache/vite/client/deps/chunk-LY4OWT6B.js?v=fd09ac8d:3
[  267782ms] [WARNING] [intlify] Not found 'title.cart' key in 'cs' locale messages. @ http://0.0.0.0:3001/_nuxt/node_modules/.cache/vite/client/deps/chunk-LY4OWT6B.js?v=fd09ac8d:3
[  267782ms] [WARNING] [intlify] Fall back to translate 'title.cart' with root locale. @ http://0.0.0.0:3001/_nuxt/node_modules/.cache/vite/client/deps/chunk-LY4OWT6B.js?v=fd09ac8d:3
[  267783ms] [WARNING] [intlify] Not found 'logo_alt' key in 'en' locale messages. @ http://0.0.0.0:3001/_nuxt/node_modules/.cache/vite/client/deps/chunk-LY4OWT6B.js?v=fd09ac8d:3
[  267783ms] [WARNING] [intlify] Fall back to translate 'logo_alt' key with 'cs' locale. @ http://0.0.0.0:3001/_nuxt/node_modules/.cache/vite/client/deps/chunk-LY4OWT6B.js?v=fd09ac8d:3
[  267783ms] [WARNING] [intlify] Not found 'logo_alt' key in 'cs' locale messages. @ http://0.0.0.0:3001/_nuxt/node_modules/.cache/vite/client/deps/chunk-LY4OWT6B.js?v=fd09ac8d:3
[  267783ms] [WARNING] [intlify] Fall back to translate 'logo_alt' with root locale. @ http://0.0.0.0:3001/_nuxt/node_modules/.cache/vite/client/deps/chunk-LY4OWT6B.js?v=fd09ac8d:3
[  267783ms] [WARNING] [intlify] Not found 'logo_alt' key in 'en' locale messages. @ http://0.0.0.0:3001/_nuxt/node_modules/.cache/vite/client/deps/chunk-LY4OWT6B.js?v=fd09ac8d:3
[  267783ms] [WARNING] [intlify] Fall back to translate 'logo_alt' key with 'cs' locale. @ http://0.0.0.0:3001/_nuxt/node_modules/.cache/vite/client/deps/chunk-LY4OWT6B.js?v=fd09ac8d:3
[  267783ms] [WARNING] [intlify] Not found 'logo_alt' key in 'cs' locale messages. @ http://0.0.0.0:3001/_nuxt/node_modules/.cache/vite/client/deps/chunk-LY4OWT6B.js?v=fd09ac8d:3
[  267784ms] [WARNING] [intlify] Not found 'title.cart' key in 'en' locale messages. @ http://0.0.0.0:3001/_nuxt/node_modules/.cache/vite/client/deps/chunk-LY4OWT6B.js?v=fd09ac8d:3
[  267784ms] [WARNING] [intlify] Fall back to translate 'title.cart' key with 'cs' locale. @ http://0.0.0.0:3001/_nuxt/node_modules/.cache/vite/client/deps/chunk-LY4OWT6B.js?v=fd09ac8d:3
[  267784ms] [WARNING] [intlify] Not found 'title.cart' key in 'cs' locale messages. @ http://0.0.0.0:3001/_nuxt/node_modules/.cache/vite/client/deps/chunk-LY4OWT6B.js?v=fd09ac8d:3
[  267784ms] [WARNING] [intlify] Fall back to translate 'title.cart' with root locale. @ http://0.0.0.0:3001/_nuxt/node_modules/.cache/vite/client/deps/chunk-LY4OWT6B.js?v=fd09ac8d:3
[  267789ms] [LOG] [nuxt-app] schema-org:meta: 0.06201171875 ms [Object] @ http://0.0.0.0:3001/_nuxt/@fs/Users/andrejkoval/Dev/vivadzen/src/front/node_modules/hookable/dist/index.mjs?v=fd09ac8d:271
[  267789ms] [LOG] [nuxt-app] app:suspense:resolve: 6.3369140625 ms [] @ http://0.0.0.0:3001/_nuxt/@fs/Users/andrejkoval/Dev/vivadzen/src/front/node_modules/hookable/dist/index.mjs?v=fd09ac8d:271
[  267811ms] [LOG] [nuxt-app] link:prefetch: 1.386962890625 ms [/en/catalog] @ http://0.0.0.0:3001/_nuxt/@fs/Users/andrejkoval/Dev/vivadzen/src/front/node_modules/hookable/dist/index.mjs?v=fd09ac8d:271
[  267812ms] [LOG] [nuxt-app] link:prefetch : 1.483154296875 ms [/en/blog] @ http://0.0.0.0:3001/_nuxt/@fs/Users/andrejkoval/Dev/vivadzen/src/front/node_modules/hookable/dist/index.mjs?v=fd09ac8d:271
[  267812ms] [LOG] [nuxt-app] link:prefetch  : 1.35400390625 ms [/en/about] @ http://0.0.0.0:3001/_nuxt/@fs/Users/andrejkoval/Dev/vivadzen/src/front/node_modules/hookable/dist/index.mjs?v=fd09ac8d:271
[  267812ms] [LOG] [nuxt-app] link:prefetch   : 1.343017578125 ms [/en/contacts] @ http://0.0.0.0:3001/_nuxt/@fs/Users/andrejkoval/Dev/vivadzen/src/front/node_modules/hookable/dist/index.mjs?v=fd09ac8d:271
[  267812ms] [LOG] [nuxt-app] link:prefetch    : 1.340087890625 ms [/en/zeleny-rurut-nano-kratom-prasek-25g] @ http://0.0.0.0:3001/_nuxt/@fs/Users/andrejkoval/Dev/vivadzen/src/front/node_modules/hookable/dist/index.mjs?v=fd09ac8d:271
[  267812ms] [LOG] [nuxt-app] link:prefetch     : 1.359130859375 ms [/en/zeleny-rurut-nano-kratom-prasek-25g] @ http://0.0.0.0:3001/_nuxt/@fs/Users/andrejkoval/Dev/vivadzen/src/front/node_modules/hookable/dist/index.mjs?v=fd09ac8d:271
[  267812ms] [LOG] [nuxt-app] link:prefetch      : 1.408203125 ms [/en/bila-maeng-da-kratom-prasek-25g] @ http://0.0.0.0:3001/_nuxt/@fs/Users/andrejkoval/Dev/vivadzen/src/front/node_modules/hookable/dist/index.mjs?v=fd09ac8d:271
[  267812ms] [LOG] [nuxt-app] link:prefetch       : 1.453857421875 ms [/en/bila-maeng-da-kratom-prasek-25g] @ http://0.0.0.0:3001/_nuxt/@fs/Users/andrejkoval/Dev/vivadzen/src/front/node_modules/hookable/dist/index.mjs?v=fd09ac8d:271
[  267812ms] [LOG] [nuxt-app] link:prefetch        : 1.51806640625 ms [/en/bily-slon-kratom-prasek-25g] @ http://0.0.0.0:3001/_nuxt/@fs/Users/andrejkoval/Dev/vivadzen/src/front/node_modules/hookable/dist/index.mjs?v=fd09ac8d:271
[  267812ms] [LOG] [nuxt-app] link:prefetch         : 1.56591796875 ms [/en/bily-slon-kratom-prasek-25g] @ http://0.0.0.0:3001/_nuxt/@fs/Users/andrejkoval/Dev/vivadzen/src/front/node_modules/hookable/dist/index.mjs?v=fd09ac8d:271
[  267812ms] [LOG] [nuxt-app] link:prefetch          : 1.615966796875 ms [/en/zeleny-thajsky-kratom-prasek-25g] @ http://0.0.0.0:3001/_nuxt/@fs/Users/andrejkoval/Dev/vivadzen/src/front/node_modules/hookable/dist/index.mjs?v=fd09ac8d:271
[  267812ms] [LOG] [nuxt-app] link:prefetch           : 1.66796875 ms [/en/zeleny-thajsky-kratom-prasek-25g] @ http://0.0.0.0:3001/_nuxt/@fs/Users/andrejkoval/Dev/vivadzen/src/front/node_modules/hookable/dist/index.mjs?v=fd09ac8d:271
[  267812ms] [LOG] [nuxt-app] link:prefetch            : 1.735107421875 ms [/en/cervena-maeng-da-kratom-prasek-25g] @ http://0.0.0.0:3001/_nuxt/@fs/Users/andrejkoval/Dev/vivadzen/src/front/node_modules/hookable/dist/index.mjs?v=fd09ac8d:271
[  267812ms] [LOG] [nuxt-app] link:prefetch             : 1.7900390625 ms [/en/zelena-maeng-da-kratom-prasek-25g] @ http://0.0.0.0:3001/_nuxt/@fs/Users/andrejkoval/Dev/vivadzen/src/front/node_modules/hookable/dist/index.mjs?v=fd09ac8d:271
[  271461ms] [LOG] [nuxt-delay-hydration] Hydration event timeout @ http://0.0.0.0:3001/en/catalog:135
[  348054ms] [LOG] [nuxt-app] i18n:beforeLocaleSwitch: 0.137939453125 ms [Object] @ http://0.0.0.0:3001/_nuxt/@fs/Users/andrejkoval/Dev/vivadzen/src/front/node_modules/hookable/dist/index.mjs?v=fd09ac8d:271
[  348059ms] [LOG] %cssr%c %s: %s 
      background: #7f8c8d;
      border-radius: 0.5em;
      color: white;
      font-weight: bold;
      padding: 2px 0.5em;
      [nitro-runtime] request 0.123ms 
  at timeLogImpl (node:internal/console/constructor)
  at node:internal/console/constructor
  at timeLogImpl (node:internal/util/debuglog)
 @ http://0.0.0.0:3001/_nuxt/@fs/Users/andrejkoval/Dev/vivadzen/src/front/node_modules/consola/dist/browser.mjs?v=fd09ac8d:47
[  348059ms] [LOG] %cssr%c %s: %s 
      background: #7f8c8d;
      border-radius: 0.5em;
      color: white;
      font-weight: bold;
      padding: 2px 0.5em;
      [nitro-runtime] site-config:init 0.019ms 
  at timeLogImpl (node:internal/console/constructor)
  at node:internal/console/constructor
  at timeLogImpl (node:internal/util/debuglog)
 @ http://0.0.0.0:3001/_nuxt/@fs/Users/andrejkoval/Dev/vivadzen/src/front/node_modules/consola/dist/browser.mjs?v=fd09ac8d:47
[  348059ms] [LOG] %cssr%c %s: %s 
      background: #7f8c8d;
      border-radius: 0.5em;
      color: white;
      font-weight: bold;
      padding: 2px 0.5em;
      [nitro-runtime] render:before 0.004ms 
  at timeLogImpl (node:internal/console/constructor)
  at node:internal/console/constructor
  at timeLogImpl (node:internal/util/debuglog)
 @ http://0.0.0.0:3001/_nuxt/@fs/Users/andrejkoval/Dev/vivadzen/src/front/node_modules/consola/dist/browser.mjs?v=fd09ac8d:47
[  348060ms] [LOG] %cssr%c %s: %s 
      background: #7f8c8d;
      border-radius: 0.5em;
      color: white;
      font-weight: bold;
      padding: 2px 0.5em;
      [nuxt-app] i18n:beforeLocaleSwitch 0.013ms 
  at timeLogImpl (node:internal/console/constructor)
  at node:internal/console/constructor
  at timeLogImpl (node:internal/util/debuglog)
 @ http://0.0.0.0:3001/_nuxt/@fs/Users/andrejkoval/Dev/vivadzen/src/front/node_modules/consola/dist/browser.mjs?v=fd09ac8d:47
[  348060ms] [LOG] %cssr%c %s: %s 
      background: #7f8c8d;
      border-radius: 0.5em;
      color: white;
      font-weight: bold;
      padding: 2px 0.5em;
      [nuxt-app] page:loading:start 0.004ms 
  at timeLogImpl (node:internal/console/constructor)
  at node:internal/console/constructor
  at timeLogImpl (node:internal/util/debuglog)
 @ http://0.0.0.0:3001/_nuxt/@fs/Users/andrejkoval/Dev/vivadzen/src/front/node_modules/consola/dist/browser.mjs?v=fd09ac8d:47
[  348060ms] [LOG] %cssr%c %s: %s 
      background: #7f8c8d;
      border-radius: 0.5em;
      color: white;
      font-weight: bold;
      padding: 2px 0.5em;
      [nuxt-app] i18n:beforeLocaleSwitch 0.013ms 
  at timeLogImpl (node:internal/console/constructor)
  at node:internal/console/constructor
  at timeLogImpl (node:internal/util/debuglog)
 @ http://0.0.0.0:3001/_nuxt/@fs/Users/andrejkoval/Dev/vivadzen/src/front/node_modules/consola/dist/browser.mjs?v=fd09ac8d:47
[  348060ms] [LOG] %cssr%c %s: %s 
      background: #7f8c8d;
      border-radius: 0.5em;
      color: white;
      font-weight: bold;
      padding: 2px 0.5em;
      [nuxt-app] app:created 4.554ms 
  at timeLogImpl (node:internal/console/constructor)
  at node:internal/console/constructor
  at timeLogImpl (node:internal/util/debuglog)
 @ http://0.0.0.0:3001/_nuxt/@fs/Users/andrejkoval/Dev/vivadzen/src/front/node_modules/consola/dist/browser.mjs?v=fd09ac8d:47
[  348060ms] [LOG] %cssr%c %s: %s 
      background: #7f8c8d;
      border-radius: 0.5em;
      color: white;
      font-weight: bold;
      padding: 2px 0.5em;
      [nuxt-app] vue:setup 0.002ms 
  at timeLogImpl (node:internal/console/constructor)
  at node:internal/console/constructor
  at timeLogImpl (node:internal/util/debuglog)
 @ http://0.0.0.0:3001/_nuxt/@fs/Users/andrejkoval/Dev/vivadzen/src/front/node_modules/consola/dist/browser.mjs?v=fd09ac8d:47
[  348060ms] [WARNING] %cssr:warn%c [intlify] Not found 'logo_alt' key in 'en' locale messages. 
      background: #f39c12;
      border-radius: 0.5em;
      color: white;
      font-weight: bold;
      padding: 2px 0.5em;
      
  at warn (/Users/andrejkoval/Dev/vivadzen/src/front/node_modules/@intlify/shared/dist/shared.mjs)
  at handleMissing (/Users/andrejkoval/Dev/vivadzen/src/front/node_modules/@intlify/core-base/dist/core-base.mjs)
  at resolveMessageFormat (/Users/andrejkoval/Dev/vivadzen/src/front/node_modules/@intlify/core-base/dist/core-base.mjs)
 @ http://0.0.0.0:3001/_nuxt/@fs/Users/andrejkoval/Dev/vivadzen/src/front/node_modules/consola/dist/browser.mjs?v=fd09ac8d:47
[  348060ms] [WARNING] %cssr:warn%c [intlify] Fall back to translate 'logo_alt' key with 'cs' locale. 
      background: #f39c12;
      border-radius: 0.5em;
      color: white;
      font-weight: bold;
      padding: 2px 0.5em;
      
  at warn (/Users/andrejkoval/Dev/vivadzen/src/front/node_modules/@intlify/shared/dist/shared.mjs)
  at resolveMessageFormat (/Users/andrejkoval/Dev/vivadzen/src/front/node_modules/@intlify/core-base/dist/core-base.mjs)
  at translate (/Users/andrejkoval/Dev/vivadzen/src/front/node_modules/@intlify/core-base/dist/core-base.mjs)
 @ http://0.0.0.0:3001/_nuxt/@fs/Users/andrejkoval/Dev/vivadzen/src/front/node_modules/consola/dist/browser.mjs?v=fd09ac8d:47
[  348060ms] [WARNING] %cssr:warn%c [intlify] Not found 'logo_alt' key in 'cs' locale messages. 
      background: #f39c12;
      border-radius: 0.5em;
      color: white;
      font-weight: bold;
      padding: 2px 0.5em;
      
  at warn (/Users/andrejkoval/Dev/vivadzen/src/front/node_modules/@intlify/shared/dist/shared.mjs)
  at handleMissing (/Users/andrejkoval/Dev/vivadzen/src/front/node_modules/@intlify/core-base/dist/core-base.mjs)
  at resolveMessageFormat (/Users/andrejkoval/Dev/vivadzen/src/front/node_modules/@intlify/core-base/dist/core-base.mjs)
 @ http://0.0.0.0:3001/_nuxt/@fs/Users/andrejkoval/Dev/vivadzen/src/front/node_modules/consola/dist/browser.mjs?v=fd09ac8d:47
[  348060ms] [WARNING] %cssr:warn%c [intlify] Fall back to translate 'logo_alt' with root locale. 
      background: #f39c12;
      border-radius: 0.5em;
      color: white;
      font-weight: bold;
      padding: 2px 0.5em;
      
  at warn (/Users/andrejkoval/Dev/vivadzen/src/front/node_modules/@intlify/shared/dist/shared.mjs)
  at wrapWithDeps (/Users/andrejkoval/Dev/vivadzen/src/front/node_modules/vue-i18n/dist/vue-i18n.mjs)
  at Proxy.t (/Users/andrejkoval/Dev/vivadzen/src/front/node_modules/vue-i18n/dist/vue-i18n.mjs)
 @ http://0.0.0.0:3001/_nuxt/@fs/Users/andrejkoval/Dev/vivadzen/src/front/node_modules/consola/dist/browser.mjs?v=fd09ac8d:47
[  348060ms] [WARNING] %cssr:warn%c [intlify] Not found 'logo_alt' key in 'en' locale messages. 
      background: #f39c12;
      border-radius: 0.5em;
      color: white;
      font-weight: bold;
      padding: 2px 0.5em;
      
  at warn (/Users/andrejkoval/Dev/vivadzen/src/front/node_modules/@intlify/shared/dist/shared.mjs)
  at handleMissing (/Users/andrejkoval/Dev/vivadzen/src/front/node_modules/@intlify/core-base/dist/core-base.mjs)
  at resolveMessageFormat (/Users/andrejkoval/Dev/vivadzen/src/front/node_modules/@intlify/core-base/dist/core-base.mjs)
 @ http://0.0.0.0:3001/_nuxt/@fs/Users/andrejkoval/Dev/vivadzen/src/front/node_modules/consola/dist/browser.mjs?v=fd09ac8d:47
[  348060ms] [WARNING] %cssr:warn%c [intlify] Fall back to translate 'logo_alt' key with 'cs' locale. 
      background: #f39c12;
      border-radius: 0.5em;
      color: white;
      font-weight: bold;
      padding: 2px 0.5em;
      
  at warn (/Users/andrejkoval/Dev/vivadzen/src/front/node_modules/@intlify/shared/dist/shared.mjs)
  at resolveMessageFormat (/Users/andrejkoval/Dev/vivadzen/src/front/node_modules/@intlify/core-base/dist/core-base.mjs)
  at translate (/Users/andrejkoval/Dev/vivadzen/src/front/node_modules/@intlify/core-base/dist/core-base.mjs)
 @ http://0.0.0.0:3001/_nuxt/@fs/Users/andrejkoval/Dev/vivadzen/src/front/node_modules/consola/dist/browser.mjs?v=fd09ac8d:47
[  348060ms] [WARNING] %cssr:warn%c [intlify] Not found 'logo_alt' key in 'cs' locale messages. 
      background: #f39c12;
      border-radius: 0.5em;
      color: white;
      font-weight: bold;
      padding: 2px 0.5em;
      
  at warn (/Users/andrejkoval/Dev/vivadzen/src/front/node_modules/@intlify/shared/dist/shared.mjs)
  at handleMissing (/Users/andrejkoval/Dev/vivadzen/src/front/node_modules/@intlify/core-base/dist/core-base.mjs)
  at resolveMessageFormat (/Users/andrejkoval/Dev/vivadzen/src/front/node_modules/@intlify/core-base/dist/core-base.mjs)
 @ http://0.0.0.0:3001/_nuxt/@fs/Users/andrejkoval/Dev/vivadzen/src/front/node_modules/consola/dist/browser.mjs?v=fd09ac8d:47
[  348060ms] [WARNING] %cssr:warn%c [intlify] Not found 'title.cart' key in 'en' locale messages. 
      background: #f39c12;
      border-radius: 0.5em;
      color: white;
      font-weight: bold;
      padding: 2px 0.5em;
      
  at warn (/Users/andrejkoval/Dev/vivadzen/src/front/node_modules/@intlify/shared/dist/shared.mjs)
  at handleMissing (/Users/andrejkoval/Dev/vivadzen/src/front/node_modules/@intlify/core-base/dist/core-base.mjs)
  at resolveMessageFormat (/Users/andrejkoval/Dev/vivadzen/src/front/node_modules/@intlify/core-base/dist/core-base.mjs)
 @ http://0.0.0.0:3001/_nuxt/@fs/Users/andrejkoval/Dev/vivadzen/src/front/node_modules/consola/dist/browser.mjs?v=fd09ac8d:47
[  348060ms] [WARNING] %cssr:warn%c [intlify] Fall back to translate 'title.cart' key with 'cs' locale. 
      background: #f39c12;
      border-radius: 0.5em;
      color: white;
      font-weight: bold;
      padding: 2px 0.5em;
      
  at warn (/Users/andrejkoval/Dev/vivadzen/src/front/node_modules/@intlify/shared/dist/shared.mjs)
  at resolveMessageFormat (/Users/andrejkoval/Dev/vivadzen/src/front/node_modules/@intlify/core-base/dist/core-base.mjs)
  at translate (/Users/andrejkoval/Dev/vivadzen/src/front/node_modules/@intlify/core-base/dist/core-base.mjs)
 @ http://0.0.0.0:3001/_nuxt/@fs/Users/andrejkoval/Dev/vivadzen/src/front/node_modules/consola/dist/browser.mjs?v=fd09ac8d:47
[  348060ms] [WARNING] %cssr:warn%c [intlify] Not found 'title.cart' key in 'cs' locale messages. 
      background: #f39c12;
      border-radius: 0.5em;
      color: white;
      font-weight: bold;
      padding: 2px 0.5em;
      
  at warn (/Users/andrejkoval/Dev/vivadzen/src/front/node_modules/@intlify/shared/dist/shared.mjs)
  at handleMissing (/Users/andrejkoval/Dev/vivadzen/src/front/node_modules/@intlify/core-base/dist/core-base.mjs)
  at resolveMessageFormat (/Users/andrejkoval/Dev/vivadzen/src/front/node_modules/@intlify/core-base/dist/core-base.mjs)
 @ http://0.0.0.0:3001/_nuxt/@fs/Users/andrejkoval/Dev/vivadzen/src/front/node_modules/consola/dist/browser.mjs?v=fd09ac8d:47
[  348060ms] [WARNING] %cssr:warn%c [intlify] Fall back to translate 'title.cart' with root locale. 
      background: #f39c12;
      border-radius: 0.5em;
      color: white;
      font-weight: bold;
      padding: 2px 0.5em;
      
  at warn (/Users/andrejkoval/Dev/vivadzen/src/front/node_modules/@intlify/shared/dist/shared.mjs)
  at wrapWithDeps (/Users/andrejkoval/Dev/vivadzen/src/front/node_modules/vue-i18n/dist/vue-i18n.mjs)
  at Proxy.t (/Users/andrejkoval/Dev/vivadzen/src/front/node_modules/vue-i18n/dist/vue-i18n.mjs)
 @ http://0.0.0.0:3001/_nuxt/@fs/Users/andrejkoval/Dev/vivadzen/src/front/node_modules/consola/dist/browser.mjs?v=fd09ac8d:47
[  348060ms] [WARNING] %cssr:warn%c [intlify] Not found parent scope. use the global scope. 
      background: #f39c12;
      border-radius: 0.5em;
      color: white;
      font-weight: bold;
      padding: 2px 0.5em;
      
  at warn (/Users/andrejkoval/Dev/vivadzen/src/front/node_modules/@intlify/shared/dist/shared.mjs)
  at useI18n (/Users/andrejkoval/Dev/vivadzen/src/front/node_modules/vue-i18n/dist/vue-i18n.mjs)
  at setup (/Users/andrejkoval/Dev/vivadzen/src/front/node_modules/vue-i18n/dist/vue-i18n.mjs)
 @ http://0.0.0.0:3001/_nuxt/@fs/Users/andrejkoval/Dev/vivadzen/src/front/node_modules/consola/dist/browser.mjs?v=fd09ac8d:47
[  348060ms] [WARNING] %cssr:warn%c [intlify] Not found parent scope. use the global scope. 
      background: #f39c12;
      border-radius: 0.5em;
      color: white;
      font-weight: bold;
      padding: 2px 0.5em;
      
  at warn (/Users/andrejkoval/Dev/vivadzen/src/front/node_modules/@intlify/shared/dist/shared.mjs)
  at useI18n (/Users/andrejkoval/Dev/vivadzen/src/front/node_modules/vue-i18n/dist/vue-i18n.mjs)
  at setup (/Users/andrejkoval/Dev/vivadzen/src/front/node_modules/vue-i18n/dist/vue-i18n.mjs)
 @ http://0.0.0.0:3001/_nuxt/@fs/Users/andrejkoval/Dev/vivadzen/src/front/node_modules/consola/dist/browser.mjs?v=fd09ac8d:47
[  348060ms] [WARNING] %cssr:warn%c [intlify] Not found parent scope. use the global scope. 
      background: #f39c12;
      border-radius: 0.5em;
      color: white;
      font-weight: bold;
      padding: 2px 0.5em;
      
  at warn (/Users/andrejkoval/Dev/vivadzen/src/front/node_modules/@intlify/shared/dist/shared.mjs)
  at useI18n (/Users/andrejkoval/Dev/vivadzen/src/front/node_modules/vue-i18n/dist/vue-i18n.mjs)
  at setup (/Users/andrejkoval/Dev/vivadzen/src/front/node_modules/vue-i18n/dist/vue-i18n.mjs)
 @ http://0.0.0.0:3001/_nuxt/@fs/Users/andrejkoval/Dev/vivadzen/src/front/node_modules/consola/dist/browser.mjs?v=fd09ac8d:47
[  348060ms] [WARNING] %cssr:warn%c [intlify] Not found parent scope. use the global scope. 
      background: #f39c12;
      border-radius: 0.5em;
      color: white;
      font-weight: bold;
      padding: 2px 0.5em;
      
  at warn (/Users/andrejkoval/Dev/vivadzen/src/front/node_modules/@intlify/shared/dist/shared.mjs)
  at useI18n (/Users/andrejkoval/Dev/vivadzen/src/front/node_modules/vue-i18n/dist/vue-i18n.mjs)
  at setup (/Users/andrejkoval/Dev/vivadzen/src/front/node_modules/vue-i18n/dist/vue-i18n.mjs)
 @ http://0.0.0.0:3001/_nuxt/@fs/Users/andrejkoval/Dev/vivadzen/src/front/node_modules/consola/dist/browser.mjs?v=fd09ac8d:47
[  348060ms] [WARNING] %cssr:warn%c [intlify] Not found parent scope. use the global scope. 
      background: #f39c12;
      border-radius: 0.5em;
      color: white;
      font-weight: bold;
      padding: 2px 0.5em;
      
  at warn (/Users/andrejkoval/Dev/vivadzen/src/front/node_modules/@intlify/shared/dist/shared.mjs)
  at useI18n (/Users/andrejkoval/Dev/vivadzen/src/front/node_modules/vue-i18n/dist/vue-i18n.mjs)
  at setup (/Users/andrejkoval/Dev/vivadzen/src/front/node_modules/vue-i18n/dist/vue-i18n.mjs)
 @ http://0.0.0.0:3001/_nuxt/@fs/Users/andrejkoval/Dev/vivadzen/src/front/node_modules/consola/dist/browser.mjs?v=fd09ac8d:47
[  348060ms] [WARNING] %cssr:warn%c [intlify] Not found parent scope. use the global scope. 
      background: #f39c12;
      border-radius: 0.5em;
      color: white;
      font-weight: bold;
      padding: 2px 0.5em;
      
  at timeLogImpl (node:internal/console/constructor)
  at node:internal/console/constructor
  at timeLogImpl (node:internal/util/debuglog)
 @ http://0.0.0.0:3001/_nuxt/@fs/Users/andrejkoval/Dev/vivadzen/src/front/node_modules/consola/dist/browser.mjs?v=fd09ac8d:47
[  348060ms] [LOG] %cssr%c %s: %s 
      background: #7f8c8d;
      border-radius: 0.5em;
      color: white;
      font-weight: bold;
      padding: 2px 0.5em;
      [nuxt-app] app:rendered 0.303ms 
  at timeLogImpl (node:internal/console/constructor)
  at node:internal/console/constructor
  at timeLogImpl (node:internal/util/debuglog)
 @ http://0.0.0.0:3001/_nuxt/@fs/Users/andrejkoval/Dev/vivadzen/src/front/node_modules/consola/dist/browser.mjs?v=fd09ac8d:47
[  348060ms] [LOG] %cssr%c %s: %s 
      background: #7f8c8d;
      border-radius: 0.5em;
      color: white;
      font-weight: bold;
      padding: 2px 0.5em;
      [nuxt-app] schema-org:meta 0.003ms 
  at timeLogImpl (node:internal/console/constructor)
  at node:internal/console/constructor
  at timeLogImpl (node:internal/util/debuglog)
 @ http://0.0.0.0:3001/_nuxt/@fs/Users/andrejkoval/Dev/vivadzen/src/front/node_modules/consola/dist/browser.mjs?v=fd09ac8d:47
[  348060ms] [LOG] [nuxt-app] dev:ssr-logs: 1 ms [Array(27)] @ http://0.0.0.0:3001/_nuxt/@fs/Users/andrejkoval/Dev/vivadzen/src/front/node_modules/hookable/dist/index.mjs?v=fd09ac8d:271
[  348064ms] [LOG] [nuxt-app] page:loading:start: 0.130859375 ms [] @ http://0.0.0.0:3001/_nuxt/@fs/Users/andrejkoval/Dev/vivadzen/src/front/node_modules/hookable/dist/index.mjs?v=fd09ac8d:271
[  348088ms] [WARNING] Timer '[nuxt-app] i18n:beforeLocaleSwitch' already exists @ http://0.0.0.0:3001/_nuxt/@fs/Users/andrejkoval/Dev/vivadzen/src/front/node_modules/hookable/dist/index.mjs?v=fd09ac8d:261
[  348088ms] [LOG] [nuxt-app] i18n:beforeLocaleSwitch: 33.5849609375 ms [Object] @ http://0.0.0.0:3001/_nuxt/@fs/Users/andrejkoval/Dev/vivadzen/src/front/node_modules/hookable/dist/index.mjs?v=fd09ac8d:271
[  348088ms] [LOG] [nuxt-app] app:created: 25.132080078125 ms [Object] @ http://0.0.0.0:3001/_nuxt/@fs/Users/andrejkoval/Dev/vivadzen/src/front/node_modules/hookable/dist/index.mjs?v=fd09ac8d:271
[  348088ms] [LOG] [nuxt-app] app:beforeMount: 0.01806640625 ms [Object] @ http://0.0.0.0:3001/_nuxt/@fs/Users/andrejkoval/Dev/vivadzen/src/front/node_modules/hookable/dist/index.mjs?v=fd09ac8d:271
[  348089ms] [LOG] [nuxt-app] vue:setup: 0.135986328125 ms [] @ http://0.0.0.0:3001/_nuxt/@fs/Users/andrejkoval/Dev/vivadzen/src/front/node_modules/hookable/dist/index.mjs?v=fd09ac8d:271
[  348089ms] [INFO] <Suspense> is an experimental feature and its API will likely change. @ http://0.0.0.0:3001/_nuxt/@fs/Users/andrejkoval/Dev/vivadzen/src/front/node_modules/@vue/runtime-core/dist/runtime-core.esm-bundler.js?v=fd09ac8d:7155
[  348090ms] [LOG] [nuxt-app] app:mounted: 0.059814453125 ms [Object] @ http://0.0.0.0:3001/_nuxt/@fs/Users/andrejkoval/Dev/vivadzen/src/front/node_modules/hookable/dist/index.mjs?v=fd09ac8d:271
[  348091ms] [LOG] [Content] WS connect to ws://localhost:4000/ws @ http://0.0.0.0:3001/_nuxt/@fs/Users/andrejkoval/Dev/vivadzen/src/front/node_modules/@nuxt/content/dist/runtime/composables/web-socket.js?v=fd09ac8d:4
[  348136ms] [LOG] [Content] WS connected! @ http://0.0.0.0:3001/_nuxt/@fs/Users/andrejkoval/Dev/vivadzen/src/front/node_modules/@nuxt/content/dist/runtime/composables/web-socket.js?v=fd09ac8d:4
[  348145ms] [WARNING] [intlify] Not found 'logo_alt' key in 'en' locale messages. @ http://0.0.0.0:3001/_nuxt/node_modules/.cache/vite/client/deps/chunk-LY4OWT6B.js?v=fd09ac8d:3
[  348145ms] [WARNING] [intlify] Fall back to translate 'logo_alt' key with 'cs' locale. @ http://0.0.0.0:3001/_nuxt/node_modules/.cache/vite/client/deps/chunk-LY4OWT6B.js?v=fd09ac8d:3
[  348145ms] [WARNING] [intlify] Not found 'logo_alt' key in 'cs' locale messages. @ http://0.0.0.0:3001/_nuxt/node_modules/.cache/vite/client/deps/chunk-LY4OWT6B.js?v=fd09ac8d:3
[  348145ms] [WARNING] [intlify] Fall back to translate 'logo_alt' with root locale. @ http://0.0.0.0:3001/_nuxt/node_modules/.cache/vite/client/deps/chunk-LY4OWT6B.js?v=fd09ac8d:3
[  348145ms] [WARNING] [intlify] Not found 'logo_alt' key in 'en' locale messages. @ http://0.0.0.0:3001/_nuxt/node_modules/.cache/vite/client/deps/chunk-LY4OWT6B.js?v=fd09ac8d:3
[  348146ms] [WARNING] [intlify] Fall back to translate 'logo_alt' key with 'cs' locale. @ http://0.0.0.0:3001/_nuxt/node_modules/.cache/vite/client/deps/chunk-LY4OWT6B.js?v=fd09ac8d:3
[  348146ms] [WARNING] [intlify] Not found 'logo_alt' key in 'cs' locale messages. @ http://0.0.0.0:3001/_nuxt/node_modules/.cache/vite/client/deps/chunk-LY4OWT6B.js?v=fd09ac8d:3
[  348146ms] [WARNING] [intlify] Not found 'title.cart' key in 'en' locale messages. @ http://0.0.0.0:3001/_nuxt/node_modules/.cache/vite/client/deps/chunk-LY4OWT6B.js?v=fd09ac8d:3
[  348146ms] [WARNING] [intlify] Fall back to translate 'title.cart' key with 'cs' locale. @ http://0.0.0.0:3001/_nuxt/node_modules/.cache/vite/client/deps/chunk-LY4OWT6B.js?v=fd09ac8d:3
[  348146ms] [WARNING] [intlify] Not found 'title.cart' key in 'cs' locale messages. @ http://0.0.0.0:3001/_nuxt/node_modules/.cache/vite/client/deps/chunk-LY4OWT6B.js?v=fd09ac8d:3
[  348146ms] [WARNING] [intlify] Fall back to translate 'title.cart' with root locale. @ http://0.0.0.0:3001/_nuxt/node_modules/.cache/vite/client/deps/chunk-LY4OWT6B.js?v=fd09ac8d:3
[  348149ms] [WARNING] [Vue warn]: Hydration style mismatch on JSHandle@node 
  - rendered on server: style="width:1em;height:1em;--c613ce94-iconUrl:url('https://api.iconify.design/iconoir/nav-arrow-down.svg');"
  - expected on client: style="width:1em;height:1em;"
  Note: this mismatch is check-only. The DOM will not be rectified in production due to performance overhead.
  You should fix the source of the mismatch. 
  at <IconCSS name="iconoir:nav-arrow-down" class="lang-switcher__chevron" > 
  at <Header> 
  at <Body style= {background: #f8f1e6} > 
  at <Html lang="en-US" dir="ltr" > 
  at <Default ref=Ref< undefined > > 
  at <AsyncComponentWrapper ref=Ref< undefined > > 
  at <LayoutLoader key="default" layoutProps= {ref: RefImpl} name="default" > 
  at <NuxtLayoutProvider layoutProps= {ref: RefImpl} key="default" name="default"  ... > 
  at <NuxtLayout> 
  at <App key=4 > 
  at <NuxtRoot> @ http://0.0.0.0:3001/_nuxt/@fs/Users/andrejkoval/Dev/vivadzen/src/front/node_modules/@vue/runtime-core/dist/runtime-core.esm-bundler.js?v=fd09ac8d:49
[  348149ms] [ERROR] Hydration completed but contains mismatches. @ http://0.0.0.0:3001/_nuxt/@fs/Users/andrejkoval/Dev/vivadzen/src/front/node_modules/@vue/runtime-core/dist/runtime-core.esm-bundler.js?v=fd09ac8d:1847
[  348149ms] [WARNING] [Vue warn]: Hydration style mismatch on JSHandle@node 
  - rendered on server: style="width:1em;height:1em;--c613ce94-iconUrl:url('https://api.iconify.design/ci/shopping-cart-01.svg');"
  - expected on client: style="width:1em;height:1em;"
  Note: this mismatch is check-only. The DOM will not be rectified in production due to performance overhead.
  You should fix the source of the mismatch. 
  at <IconCSS name="ci:shopping-cart-01" class="hero-header__cart-icon" > 
  at <Header> 
  at <Body style= {background: #f8f1e6} > 
  at <Html lang="en-US" dir="ltr" > 
  at <Default ref=Ref< undefined > > 
  at <AsyncComponentWrapper ref=Ref< undefined > > 
  at <LayoutLoader key="default" layoutProps= {ref: RefImpl} name="default" > 
  at <NuxtLayoutProvider layoutProps= {ref: RefImpl} key="default" name="default"  ... > 
  at <NuxtLayout> 
  at <App key=4 > 
  at <NuxtRoot> @ http://0.0.0.0:3001/_nuxt/@fs/Users/andrejkoval/Dev/vivadzen/src/front/node_modules/@vue/runtime-core/dist/runtime-core.esm-bundler.js?v=fd09ac8d:49
[  348150ms] [WARNING] [Vue warn]: Hydration style mismatch on JSHandle@node 
  - rendered on server: style="width:1em;height:1em;--c613ce94-iconUrl:url('https://api.iconify.design/mynaui/telephone-call.svg');"
  - expected on client: style="width:1em;height:1em;"
  Note: this mismatch is check-only. The DOM will not be rectified in production due to performance overhead.
  You should fix the source of the mismatch. 
  at <IconCSS name="mynaui:telephone-call" class="hero-mobile-menu__contact-icon" > 
  at <Header> 
  at <Body style= {background: #f8f1e6} > 
  at <Html lang="en-US" dir="ltr" > 
  at <Default ref=Ref< undefined > > 
  at <AsyncComponentWrapper ref=Ref< undefined > > 
  at <LayoutLoader key="default" layoutProps= {ref: RefImpl} name="default" > 
  at <NuxtLayoutProvider layoutProps= {ref: RefImpl} key="default" name="default"  ... > 
  at <NuxtLayout> 
  at <App key=4 > 
  at <NuxtRoot> @ http://0.0.0.0:3001/_nuxt/@fs/Users/andrejkoval/Dev/vivadzen/src/front/node_modules/@vue/runtime-core/dist/runtime-core.esm-bundler.js?v=fd09ac8d:49
[  348150ms] [WARNING] [Vue warn]: Hydration style mismatch on JSHandle@node 
  - rendered on server: style="width:1em;height:1em;--c613ce94-iconUrl:url('https://api.iconify.design/ic/round-alternate-email.svg');"
  - expected on client: style="width:1em;height:1em;"
  Note: this mismatch is check-only. The DOM will not be rectified in production due to performance overhead.
  You should fix the source of the mismatch. 
  at <IconCSS name="ic:round-alternate-email" class="hero-mobile-menu__contact-icon" > 
  at <Header> 
  at <Body style= {background: #f8f1e6} > 
  at <Html lang="en-US" dir="ltr" > 
  at <Default ref=Ref< undefined > > 
  at <AsyncComponentWrapper ref=Ref< undefined > > 
  at <LayoutLoader key="default" layoutProps= {ref: RefImpl} name="default" > 
  at <NuxtLayoutProvider layoutProps= {ref: RefImpl} key="default" name="default"  ... > 
  at <NuxtLayout> 
  at <App key=4 > 
  at <NuxtRoot> @ http://0.0.0.0:3001/_nuxt/@fs/Users/andrejkoval/Dev/vivadzen/src/front/node_modules/@vue/runtime-core/dist/runtime-core.esm-bundler.js?v=fd09ac8d:49
[  348151ms] [WARNING] [Vue warn]: Hydration style mismatch on JSHandle@node 
  - rendered on server: style="width:1em;height:1em;--c613ce94-iconUrl:url('https://api.iconify.design/mynaui/location.svg');"
  - expected on client: style="width:1em;height:1em;"
  Note: this mismatch is check-only. The DOM will not be rectified in production due to performance overhead.
  You should fix the source of the mismatch. 
  at <IconCSS name="mynaui:location" class="hero-mobile-menu__contact-icon" > 
  at <Header> 
  at <Body style= {background: #f8f1e6} > 
  at <Html lang="en-US" dir="ltr" > 
  at <Default ref=Ref< undefined > > 
  at <AsyncComponentWrapper ref=Ref< undefined > > 
  at <LayoutLoader key="default" layoutProps= {ref: RefImpl} name="default" > 
  at <NuxtLayoutProvider layoutProps= {ref: RefImpl} key="default" name="default"  ... > 
  at <NuxtLayout> 
  at <App key=4 > 
  at <NuxtRoot> @ http://0.0.0.0:3001/_nuxt/@fs/Users/andrejkoval/Dev/vivadzen/src/front/node_modules/@vue/runtime-core/dist/runtime-core.esm-bundler.js?v=fd09ac8d:49
[  348151ms] [WARNING] [Vue warn]: Hydration style mismatch on JSHandle@node 
  - rendered on server: style="width:1em;height:1em;--c613ce94-iconUrl:url('https://api.iconify.design/mynaui/clock-4.svg');"
  - expected on client: style="width:1em;height:1em;"
  Note: this mismatch is check-only. The DOM will not be rectified in production due to performance overhead.
  You should fix the source of the mismatch. 
  at <IconCSS name="mynaui:clock-4" class="hero-mobile-menu__contact-icon" > 
  at <Header> 
  at <Body style= {background: #f8f1e6} > 
  at <Html lang="en-US" dir="ltr" > 
  at <Default ref=Ref< undefined > > 
  at <AsyncComponentWrapper ref=Ref< undefined > > 
  at <LayoutLoader key="default" layoutProps= {ref: RefImpl} name="default" > 
  at <NuxtLayoutProvider layoutProps= {ref: RefImpl} key="default" name="default"  ... > 
  at <NuxtLayout> 
  at <App key=4 > 
  at <NuxtRoot> @ http://0.0.0.0:3001/_nuxt/@fs/Users/andrejkoval/Dev/vivadzen/src/front/node_modules/@vue/runtime-core/dist/runtime-core.esm-bundler.js?v=fd09ac8d:49
[  348153ms] [WARNING] [Vue warn]: Hydration style mismatch on JSHandle@node 
  - rendered on server: style="width:1em;height:1em;--c613ce94-iconUrl:url('https://api.iconify.design/ph/telegram-logo.svg');"
  - expected on client: style="width:1em;height:1em;"
  Note: this mismatch is check-only. The DOM will not be rectified in production due to performance overhead.
  You should fix the source of the mismatch. 
  at <IconCSS name="ph:telegram-logo" > 
  at <SiteFooter> 
  at <Body style= {background: #f8f1e6} > 
  at <Html lang="en-US" dir="ltr" > 
  at <Default ref=Ref< undefined > > 
  at <AsyncComponentWrapper ref=Ref< undefined > > 
  at <LayoutLoader key="default" layoutProps= {ref: RefImpl} name="default" > 
  at <NuxtLayoutProvider layoutProps= {ref: RefImpl} key="default" name="default"  ... > 
  at <NuxtLayout> 
  at <App key=4 > 
  at <NuxtRoot> @ http://0.0.0.0:3001/_nuxt/@fs/Users/andrejkoval/Dev/vivadzen/src/front/node_modules/@vue/runtime-core/dist/runtime-core.esm-bundler.js?v=fd09ac8d:49
[  348154ms] [WARNING] [Vue warn]: Hydration style mismatch on JSHandle@node 
  - rendered on server: style="width:1em;height:1em;--c613ce94-iconUrl:url('https://api.iconify.design/ph/whatsapp-logo.svg');"
  - expected on client: style="width:1em;height:1em;"
  Note: this mismatch is check-only. The DOM will not be rectified in production due to performance overhead.
  You should fix the source of the mismatch. 
  at <IconCSS name="ph:whatsapp-logo" > 
  at <SiteFooter> 
  at <Body style= {background: #f8f1e6} > 
  at <Html lang="en-US" dir="ltr" > 
  at <Default ref=Ref< undefined > > 
  at <AsyncComponentWrapper ref=Ref< undefined > > 
  at <LayoutLoader key="default" layoutProps= {ref: RefImpl} name="default" > 
  at <NuxtLayoutProvider layoutProps= {ref: RefImpl} key="default" name="default"  ... > 
  at <NuxtLayout> 
  at <App key=4 > 
  at <NuxtRoot> @ http://0.0.0.0:3001/_nuxt/@fs/Users/andrejkoval/Dev/vivadzen/src/front/node_modules/@vue/runtime-core/dist/runtime-core.esm-bundler.js?v=fd09ac8d:49
[  348154ms] [WARNING] [Vue warn]: Hydration style mismatch on JSHandle@node 
  - rendered on server: style="width:1em;height:1em;--c613ce94-iconUrl:url('https://api.iconify.design/iconoir/instagram.svg');"
  - expected on client: style="width:1em;height:1em;"
  Note: this mismatch is check-only. The DOM will not be rectified in production due to performance overhead.
  You should fix the source of the mismatch. 
  at <IconCSS name="iconoir:instagram" > 
  at <SiteFooter> 
  at <Body style= {background: #f8f1e6} > 
  at <Html lang="en-US" dir="ltr" > 
  at <Default ref=Ref< undefined > > 
  at <AsyncComponentWrapper ref=Ref< undefined > > 
  at <LayoutLoader key="default" layoutProps= {ref: RefImpl} name="default" > 
  at <NuxtLayoutProvider layoutProps= {ref: RefImpl} key="default" name="default"  ... > 
  at <NuxtLayout> 
  at <App key=4 > 
  at <NuxtRoot> @ http://0.0.0.0:3001/_nuxt/@fs/Users/andrejkoval/Dev/vivadzen/src/front/node_modules/@vue/runtime-core/dist/runtime-core.esm-bundler.js?v=fd09ac8d:49
[  348160ms] [WARNING] [intlify] Not found parent scope. use the global scope. @ http://0.0.0.0:3001/_nuxt/node_modules/.cache/vite/client/deps/chunk-LY4OWT6B.js?v=fd09ac8d:3
[  348161ms] [WARNING] [Vue warn]: Hydration style mismatch on JSHandle@node 
  - rendered on server: style="width:1em;height:1em;--c613ce94-iconUrl:url('https://api.iconify.design/ci/shopping-cart-01.svg');"
  - expected on client: style="width:1em;height:1em;"
  Note: this mismatch is check-only. The DOM will not be rectified in production due to performance overhead.
  You should fix the source of the mismatch. 
  at <IconCSS name="ci:shopping-cart-01" class="kratom-product-card__action-icon" > 
  at <ProductCard key=391 product= {id: 391, name: Green Rurut Nano kratom powder - 25g, slug: zeleny-rurut-nano-kratom-prasek-25g, price: 140.00, oldPrice: null} > 
  at <Index onVnodeUnmounted=fn<onVnodeUnmounted> ref=Ref< undefined > > 
  at <RouteProvider key="/en/catalog" vnode= {__v_isVNode: true, __v_skip: true, type: Object, props: Object, key: null} route= {fullPath: /en/catalog, hash: , query: Object, name: catalog___en, path: /en/catalog}  ... > 
  at <RouterView name=undefined route=undefined > 
  at <NuxtPage> 
  at <Body style= {background: #f8f1e6} > 
  at <Html lang="en-US" dir="ltr" > 
  at <Default ref=Ref< undefined > > 
  at <AsyncComponentWrapper ref=Ref< undefined > > 
  at <LayoutLoader key="default" layoutProps= {ref: RefImpl} name="default" > 
  at <NuxtLayoutProvider layoutProps= {ref: RefImpl} key="default" name="default"  ... > 
  at <NuxtLayout> 
  at <App key=4 > 
  at <NuxtRoot> @ http://0.0.0.0:3001/_nuxt/@fs/Users/andrejkoval/Dev/vivadzen/src/front/node_modules/@vue/runtime-core/dist/runtime-core.esm-bundler.js?v=fd09ac8d:49
[  348162ms] [WARNING] [intlify] Not found parent scope. use the global scope. @ http://0.0.0.0:3001/_nuxt/node_modules/.cache/vite/client/deps/chunk-LY4OWT6B.js?v=fd09ac8d:3
[  348162ms] [WARNING] [Vue warn]: Hydration style mismatch on JSHandle@node 
  - rendered on server: style="width:1em;height:1em;--c613ce94-iconUrl:url('https://api.iconify.design/ci/shopping-cart-01.svg');"
  - expected on client: style="width:1em;height:1em;"
  Note: this mismatch is check-only. The DOM will not be rectified in production due to performance overhead.
  You should fix the source of the mismatch. 
  at <IconCSS name="ci:shopping-cart-01" class="kratom-product-card__action-icon" > 
  at <ProductCard key=336 product= {id: 336, name: White Maeng Da Kratom powder, slug: bila-maeng-da-kratom-prasek-25g, price: 130.00, oldPrice: null} > 
  at <Index onVnodeUnmounted=fn<onVnodeUnmounted> ref=Ref< undefined > > 
  at <RouteProvider key="/en/catalog" vnode= {__v_isVNode: true, __v_skip: true, type: Object, props: Object, key: null} route= {fullPath: /en/catalog, hash: , query: Object, name: catalog___en, path: /en/catalog}  ... > 
  at <RouterView name=undefined route=undefined > 
  at <NuxtPage> 
  at <Body style= {background: #f8f1e6} > 
  at <Html lang="en-US" dir="ltr" > 
  at <Default ref=Ref< undefined > > 
  at <AsyncComponentWrapper ref=Ref< undefined > > 
  at <LayoutLoader key="default" layoutProps= {ref: RefImpl} name="default" > 
  at <NuxtLayoutProvider layoutProps= {ref: RefImpl} key="default" name="default"  ... > 
  at <NuxtLayout> 
  at <App key=4 > 
  at <NuxtRoot> @ http://0.0.0.0:3001/_nuxt/@fs/Users/andrejkoval/Dev/vivadzen/src/front/node_modules/@vue/runtime-core/dist/runtime-core.esm-bundler.js?v=fd09ac8d:49
[  348163ms] [WARNING] [intlify] Not found parent scope. use the global scope. @ http://0.0.0.0:3001/_nuxt/node_modules/.cache/vite/client/deps/chunk-LY4OWT6B.js?v=fd09ac8d:3
[  348163ms] [WARNING] [Vue warn]: Hydration style mismatch on JSHandle@node 
  - rendered on server: style="width:1em;height:1em;--c613ce94-iconUrl:url('https://api.iconify.design/ci/shopping-cart-01.svg');"
  - expected on client: style="width:1em;height:1em;"
  Note: this mismatch is check-only. The DOM will not be rectified in production due to performance overhead.
  You should fix the source of the mismatch. 
  at <IconCSS name="ci:shopping-cart-01" class="kratom-product-card__action-icon" > 
  at <ProductCard key=334 product= {id: 334, name: White Elephant Kratom powder, slug: bily-slon-kratom-prasek-25g, price: 140.00, oldPrice: null} > 
  at <Index onVnodeUnmounted=fn<onVnodeUnmounted> ref=Ref< undefined > > 
  at <RouteProvider key="/en/catalog" vnode= {__v_isVNode: true, __v_skip: true, type: Object, props: Object, key: null} route= {fullPath: /en/catalog, hash: , query: Object, name: catalog___en, path: /en/catalog}  ... > 
  at <RouterView name=undefined route=undefined > 
  at <NuxtPage> 
  at <Body style= {background: #f8f1e6} > 
  at <Html lang="en-US" dir="ltr" > 
  at <Default ref=Ref< undefined > > 
  at <AsyncComponentWrapper ref=Ref< undefined > > 
  at <LayoutLoader key="default" layoutProps= {ref: RefImpl} name="default" > 
  at <NuxtLayoutProvider layoutProps= {ref: RefImpl} key="default" name="default"  ... > 
  at <NuxtLayout> 
  at <App key=4 > 
  at <NuxtRoot> @ http://0.0.0.0:3001/_nuxt/@fs/Users/andrejkoval/Dev/vivadzen/src/front/node_modules/@vue/runtime-core/dist/runtime-core.esm-bundler.js?v=fd09ac8d:49
[  348165ms] [WARNING] [intlify] Not found parent scope. use the global scope. @ http://0.0.0.0:3001/_nuxt/node_modules/.cache/vite/client/deps/chunk-LY4OWT6B.js?v=fd09ac8d:3
[  348165ms] [WARNING] [Vue warn]: Hydration style mismatch on JSHandle@node 
  - rendered on server: style="width:1em;height:1em;--c613ce94-iconUrl:url('https://api.iconify.design/ci/shopping-cart-01.svg');"
  - expected on client: style="width:1em;height:1em;"
  Note: this mismatch is check-only. The DOM will not be rectified in production due to performance overhead.
  You should fix the source of the mismatch. 
  at <IconCSS name="ci:shopping-cart-01" class="kratom-product-card__action-icon" > 
  at <ProductCard key=333 product= {id: 333, name: Green Thai Kratom powder, slug: zeleny-thajsky-kratom-prasek-25g, price: 130.00, oldPrice: null} > 
  at <Index onVnodeUnmounted=fn<onVnodeUnmounted> ref=Ref< undefined > > 
  at <RouteProvider key="/en/catalog" vnode= {__v_isVNode: true, __v_skip: true, type: Object, props: Object, key: null} route= {fullPath: /en/catalog, hash: , query: Object, name: catalog___en, path: /en/catalog}  ... > 
  at <RouterView name=undefined route=undefined > 
  at <NuxtPage> 
  at <Body style= {background: #f8f1e6} > 
  at <Html lang="en-US" dir="ltr" > 
  at <Default ref=Ref< undefined > > 
  at <AsyncComponentWrapper ref=Ref< undefined > > 
  at <LayoutLoader key="default" layoutProps= {ref: RefImpl} name="default" > 
  at <NuxtLayoutProvider layoutProps= {ref: RefImpl} key="default" name="default"  ... > 
  at <NuxtLayout> 
  at <App key=4 > 
  at <NuxtRoot> @ http://0.0.0.0:3001/_nuxt/@fs/Users/andrejkoval/Dev/vivadzen/src/front/node_modules/@vue/runtime-core/dist/runtime-core.esm-bundler.js?v=fd09ac8d:49
[  348166ms] [WARNING] [intlify] Not found parent scope. use the global scope. @ http://0.0.0.0:3001/_nuxt/node_modules/.cache/vite/client/deps/chunk-LY4OWT6B.js?v=fd09ac8d:3
[  348167ms] [WARNING] [Vue warn]: Hydration style mismatch on JSHandle@node 
  - rendered on server: style="width:1em;height:1em;--c613ce94-iconUrl:url('https://api.iconify.design/ci/shopping-cart-01.svg');"
  - expected on client: style="width:1em;height:1em;"
  Note: this mismatch is check-only. The DOM will not be rectified in production due to performance overhead.
  You should fix the source of the mismatch. 
  at <IconCSS name="ci:shopping-cart-01" class="kratom-product-card__action-icon" > 
  at <ProductCard key=332 product= {id: 332, name: Red Maeng Da Kratom powder, slug: cervena-maeng-da-kratom-prasek-25g, price: 130.00, oldPrice: null} > 
  at <Index onVnodeUnmounted=fn<onVnodeUnmounted> ref=Ref< undefined > > 
  at <RouteProvider key="/en/catalog" vnode= {__v_isVNode: true, __v_skip: true, type: Object, props: Object, key: null} route= {fullPath: /en/catalog, hash: , query: Object, name: catalog___en, path: /en/catalog}  ... > 
  at <RouterView name=undefined route=undefined > 
  at <NuxtPage> 
  at <Body style= {background: #f8f1e6} > 
  at <Html lang="en-US" dir="ltr" > 
  at <Default ref=Ref< undefined > > 
  at <AsyncComponentWrapper ref=Ref< undefined > > 
  at <LayoutLoader key="default" layoutProps= {ref: RefImpl} name="default" > 
  at <NuxtLayoutProvider layoutProps= {ref: RefImpl} key="default" name="default"  ... > 
  at <NuxtLayout> 
  at <App key=4 > 
  at <NuxtRoot> @ http://0.0.0.0:3001/_nuxt/@fs/Users/andrejkoval/Dev/vivadzen/src/front/node_modules/@vue/runtime-core/dist/runtime-core.esm-bundler.js?v=fd09ac8d:49
[  348167ms] [WARNING] [intlify] Not found parent scope. use the global scope. @ http://0.0.0.0:3001/_nuxt/node_modules/.cache/vite/client/deps/chunk-LY4OWT6B.js?v=fd09ac8d:3
[  348167ms] [WARNING] [Vue warn]: Hydration style mismatch on JSHandle@node 
  - rendered on server: style="width:1em;height:1em;--c613ce94-iconUrl:url('https://api.iconify.design/ci/shopping-cart-01.svg');"
  - expected on client: style="width:1em;height:1em;"
  Note: this mismatch is check-only. The DOM will not be rectified in production due to performance overhead.
  You should fix the source of the mismatch. 
  at <IconCSS name="ci:shopping-cart-01" class="kratom-product-card__action-icon" > 
  at <ProductCard key=331 product= {id: 331, name: Green Maeng Da Kratom powder, slug: zelena-maeng-da-kratom-prasek-25g, price: 130.00, oldPrice: null} > 
  at <Index onVnodeUnmounted=fn<onVnodeUnmounted> ref=Ref< undefined > > 
  at <RouteProvider key="/en/catalog" vnode= {__v_isVNode: true, __v_skip: true, type: Object, props: Object, key: null} route= {fullPath: /en/catalog, hash: , query: Object, name: catalog___en, path: /en/catalog}  ... > 
  at <RouterView name=undefined route=undefined > 
  at <NuxtPage> 
  at <Body style= {background: #f8f1e6} > 
  at <Html lang="en-US" dir="ltr" > 
  at <Default ref=Ref< undefined > > 
  at <AsyncComponentWrapper ref=Ref< undefined > > 
  at <LayoutLoader key="default" layoutProps= {ref: RefImpl} name="default" > 
  at <NuxtLayoutProvider layoutProps= {ref: RefImpl} key="default" name="default"  ... > 
  at <NuxtLayout> 
  at <App key=4 > 
  at <NuxtRoot> @ http://0.0.0.0:3001/_nuxt/@fs/Users/andrejkoval/Dev/vivadzen/src/front/node_modules/@vue/runtime-core/dist/runtime-core.esm-bundler.js?v=fd09ac8d:49
[  348169ms] [LOG] [nuxt-app] page:finish: 0.866943359375 ms [Object] @ http://0.0.0.0:3001/_nuxt/@fs/Users/andrejkoval/Dev/vivadzen/src/front/node_modules/hookable/dist/index.mjs?v=fd09ac8d:271
[  348169ms] [LOG] [nuxt-app] page:loading:end: 0.27880859375 ms [] @ http://0.0.0.0:3001/_nuxt/@fs/Users/andrejkoval/Dev/vivadzen/src/front/node_modules/hookable/dist/index.mjs?v=fd09ac8d:271
[  348173ms] [WARNING] [intlify] Not found 'logo_alt' key in 'en' locale messages. @ http://0.0.0.0:3001/_nuxt/node_modules/.cache/vite/client/deps/chunk-LY4OWT6B.js?v=fd09ac8d:3
[  348173ms] [WARNING] [intlify] Fall back to translate 'logo_alt' key with 'cs' locale. @ http://0.0.0.0:3001/_nuxt/node_modules/.cache/vite/client/deps/chunk-LY4OWT6B.js?v=fd09ac8d:3
[  348173ms] [WARNING] [intlify] Not found 'logo_alt' key in 'cs' locale messages. @ http://0.0.0.0:3001/_nuxt/node_modules/.cache/vite/client/deps/chunk-LY4OWT6B.js?v=fd09ac8d:3
[  348173ms] [WARNING] [intlify] Fall back to translate 'logo_alt' with root locale. @ http://0.0.0.0:3001/_nuxt/node_modules/.cache/vite/client/deps/chunk-LY4OWT6B.js?v=fd09ac8d:3
[  348173ms] [WARNING] [intlify] Not found 'logo_alt' key in 'en' locale messages. @ http://0.0.0.0:3001/_nuxt/node_modules/.cache/vite/client/deps/chunk-LY4OWT6B.js?v=fd09ac8d:3
[  348173ms] [WARNING] [intlify] Fall back to translate 'logo_alt' key with 'cs' locale. @ http://0.0.0.0:3001/_nuxt/node_modules/.cache/vite/client/deps/chunk-LY4OWT6B.js?v=fd09ac8d:3
[  348173ms] [WARNING] [intlify] Not found 'logo_alt' key in 'cs' locale messages. @ http://0.0.0.0:3001/_nuxt/node_modules/.cache/vite/client/deps/chunk-LY4OWT6B.js?v=fd09ac8d:3
[  348174ms] [WARNING] [intlify] Not found 'title.cart' key in 'en' locale messages. @ http://0.0.0.0:3001/_nuxt/node_modules/.cache/vite/client/deps/chunk-LY4OWT6B.js?v=fd09ac8d:3
[  348174ms] [WARNING] [intlify] Fall back to translate 'title.cart' key with 'cs' locale. @ http://0.0.0.0:3001/_nuxt/node_modules/.cache/vite/client/deps/chunk-LY4OWT6B.js?v=fd09ac8d:3
[  348174ms] [WARNING] [intlify] Not found 'title.cart' key in 'cs' locale messages. @ http://0.0.0.0:3001/_nuxt/node_modules/.cache/vite/client/deps/chunk-LY4OWT6B.js?v=fd09ac8d:3
[  348174ms] [WARNING] [intlify] Fall back to translate 'title.cart' with root locale. @ http://0.0.0.0:3001/_nuxt/node_modules/.cache/vite/client/deps/chunk-LY4OWT6B.js?v=fd09ac8d:3
[  348175ms] [WARNING] [intlify] Not found 'logo_alt' key in 'en' locale messages. @ http://0.0.0.0:3001/_nuxt/node_modules/.cache/vite/client/deps/chunk-LY4OWT6B.js?v=fd09ac8d:3
[  348176ms] [WARNING] [intlify] Fall back to translate 'logo_alt' key with 'cs' locale. @ http://0.0.0.0:3001/_nuxt/node_modules/.cache/vite/client/deps/chunk-LY4OWT6B.js?v=fd09ac8d:3
[  348176ms] [WARNING] [intlify] Not found 'logo_alt' key in 'cs' locale messages. @ http://0.0.0.0:3001/_nuxt/node_modules/.cache/vite/client/deps/chunk-LY4OWT6B.js?v=fd09ac8d:3
[  348176ms] [WARNING] [intlify] Fall back to translate 'logo_alt' with root locale. @ http://0.0.0.0:3001/_nuxt/node_modules/.cache/vite/client/deps/chunk-LY4OWT6B.js?v=fd09ac8d:3
[  348176ms] [WARNING] [intlify] Not found 'logo_alt' key in 'en' locale messages. @ http://0.0.0.0:3001/_nuxt/node_modules/.cache/vite/client/deps/chunk-LY4OWT6B.js?v=fd09ac8d:3
[  348176ms] [WARNING] [intlify] Fall back to translate 'logo_alt' key with 'cs' locale. @ http://0.0.0.0:3001/_nuxt/node_modules/.cache/vite/client/deps/chunk-LY4OWT6B.js?v=fd09ac8d:3
[  348176ms] [WARNING] [intlify] Not found 'logo_alt' key in 'cs' locale messages. @ http://0.0.0.0:3001/_nuxt/node_modules/.cache/vite/client/deps/chunk-LY4OWT6B.js?v=fd09ac8d:3
[  348176ms] [WARNING] [intlify] Not found 'title.cart' key in 'en' locale messages. @ http://0.0.0.0:3001/_nuxt/node_modules/.cache/vite/client/deps/chunk-LY4OWT6B.js?v=fd09ac8d:3
[  348176ms] [WARNING] [intlify] Fall back to translate 'title.cart' key with 'cs' locale. @ http://0.0.0.0:3001/_nuxt/node_modules/.cache/vite/client/deps/chunk-LY4OWT6B.js?v=fd09ac8d:3
[  348176ms] [WARNING] [intlify] Not found 'title.cart' key in 'cs' locale messages. @ http://0.0.0.0:3001/_nuxt/node_modules/.cache/vite/client/deps/chunk-LY4OWT6B.js?v=fd09ac8d:3
[  348176ms] [WARNING] [intlify] Fall back to translate 'title.cart' with root locale. @ http://0.0.0.0:3001/_nuxt/node_modules/.cache/vite/client/deps/chunk-LY4OWT6B.js?v=fd09ac8d:3
[  348181ms] [LOG] [nuxt-app] schema-org:meta: 0.070068359375 ms [Object] @ http://0.0.0.0:3001/_nuxt/@fs/Users/andrejkoval/Dev/vivadzen/src/front/node_modules/hookable/dist/index.mjs?v=fd09ac8d:271
[  348182ms] [LOG] [nuxt-app] app:suspense:resolve: 6.802978515625 ms [] @ http://0.0.0.0:3001/_nuxt/@fs/Users/andrejkoval/Dev/vivadzen/src/front/node_modules/hookable/dist/index.mjs?v=fd09ac8d:271
[  348205ms] [LOG] [nuxt-app] link:prefetch: 1.241943359375 ms [/en/catalog] @ http://0.0.0.0:3001/_nuxt/@fs/Users/andrejkoval/Dev/vivadzen/src/front/node_modules/hookable/dist/index.mjs?v=fd09ac8d:271
[  348205ms] [LOG] [nuxt-app] link:prefetch : 1.277099609375 ms [/en/blog] @ http://0.0.0.0:3001/_nuxt/@fs/Users/andrejkoval/Dev/vivadzen/src/front/node_modules/hookable/dist/index.mjs?v=fd09ac8d:271
[  348205ms] [LOG] [nuxt-app] link:prefetch  : 1.125 ms [/en/about] @ http://0.0.0.0:3001/_nuxt/@fs/Users/andrejkoval/Dev/vivadzen/src/front/node_modules/hookable/dist/index.mjs?v=fd09ac8d:271
[  348205ms] [LOG] [nuxt-app] link:prefetch   : 1.125 ms [/en/contacts] @ http://0.0.0.0:3001/_nuxt/@fs/Users/andrejkoval/Dev/vivadzen/src/front/node_modules/hookable/dist/index.mjs?v=fd09ac8d:271
[  348205ms] [LOG] [nuxt-app] link:prefetch    : 1.136962890625 ms [/en/zeleny-rurut-nano-kratom-prasek-25g] @ http://0.0.0.0:3001/_nuxt/@fs/Users/andrejkoval/Dev/vivadzen/src/front/node_modules/hookable/dist/index.mjs?v=fd09ac8d:271
[  348206ms] [LOG] [nuxt-app] link:prefetch     : 1.138916015625 ms [/en/zeleny-rurut-nano-kratom-prasek-25g] @ http://0.0.0.0:3001/_nuxt/@fs/Users/andrejkoval/Dev/vivadzen/src/front/node_modules/hookable/dist/index.mjs?v=fd09ac8d:271
[  348206ms] [LOG] [nuxt-app] link:prefetch      : 1.197021484375 ms [/en/bila-maeng-da-kratom-prasek-25g] @ http://0.0.0.0:3001/_nuxt/@fs/Users/andrejkoval/Dev/vivadzen/src/front/node_modules/hookable/dist/index.mjs?v=fd09ac8d:271
[  348206ms] [LOG] [nuxt-app] link:prefetch       : 1.2548828125 ms [/en/bila-maeng-da-kratom-prasek-25g] @ http://0.0.0.0:3001/_nuxt/@fs/Users/andrejkoval/Dev/vivadzen/src/front/node_modules/hookable/dist/index.mjs?v=fd09ac8d:271
[  348206ms] [LOG] [nuxt-app] link:prefetch        : 1.317138671875 ms [/en/bily-slon-kratom-prasek-25g] @ http://0.0.0.0:3001/_nuxt/@fs/Users/andrejkoval/Dev/vivadzen/src/front/node_modules/hookable/dist/index.mjs?v=fd09ac8d:271
[  348206ms] [LOG] [nuxt-app] link:prefetch         : 1.368896484375 ms [/en/bily-slon-kratom-prasek-25g] @ http://0.0.0.0:3001/_nuxt/@fs/Users/andrejkoval/Dev/vivadzen/src/front/node_modules/hookable/dist/index.mjs?v=fd09ac8d:271
[  348206ms] [LOG] [nuxt-app] link:prefetch          : 1.4169921875 ms [/en/zeleny-thajsky-kratom-prasek-25g] @ http://0.0.0.0:3001/_nuxt/@fs/Users/andrejkoval/Dev/vivadzen/src/front/node_modules/hookable/dist/index.mjs?v=fd09ac8d:271
[  348206ms] [LOG] [nuxt-app] link:prefetch           : 1.47216796875 ms [/en/zeleny-thajsky-kratom-prasek-25g] @ http://0.0.0.0:3001/_nuxt/@fs/Users/andrejkoval/Dev/vivadzen/src/front/node_modules/hookable/dist/index.mjs?v=fd09ac8d:271
[  348206ms] [LOG] [nuxt-app] link:prefetch            : 1.52197265625 ms [/en/cervena-maeng-da-kratom-prasek-25g] @ http://0.0.0.0:3001/_nuxt/@fs/Users/andrejkoval/Dev/vivadzen/src/front/node_modules/hookable/dist/index.mjs?v=fd09ac8d:271
[  348206ms] [LOG] [nuxt-app] link:prefetch             : 1.5888671875 ms [/en/zelena-maeng-da-kratom-prasek-25g] @ http://0.0.0.0:3001/_nuxt/@fs/Users/andrejkoval/Dev/vivadzen/src/front/node_modules/hookable/dist/index.mjs?v=fd09ac8d:271
[  351775ms] [LOG] [nuxt-delay-hydration] Hydration event timeout @ http://0.0.0.0:3001/en/catalog:135
[  361642ms] [WARNING] [intlify] Not found 'logo_alt' key in 'en' locale messages. @ http://0.0.0.0:3001/_nuxt/node_modules/.cache/vite/client/deps/chunk-LY4OWT6B.js?v=fd09ac8d:3
[  361642ms] [WARNING] [intlify] Fall back to translate 'logo_alt' key with 'cs' locale. @ http://0.0.0.0:3001/_nuxt/node_modules/.cache/vite/client/deps/chunk-LY4OWT6B.js?v=fd09ac8d:3
[  361642ms] [WARNING] [intlify] Not found 'logo_alt' key in 'cs' locale messages. @ http://0.0.0.0:3001/_nuxt/node_modules/.cache/vite/client/deps/chunk-LY4OWT6B.js?v=fd09ac8d:3
[  361642ms] [WARNING] [intlify] Fall back to translate 'logo_alt' with root locale. @ http://0.0.0.0:3001/_nuxt/node_modules/.cache/vite/client/deps/chunk-LY4OWT6B.js?v=fd09ac8d:3
[  361642ms] [WARNING] [intlify] Not found 'logo_alt' key in 'en' locale messages. @ http://0.0.0.0:3001/_nuxt/node_modules/.cache/vite/client/deps/chunk-LY4OWT6B.js?v=fd09ac8d:3
[  361642ms] [WARNING] [intlify] Fall back to translate 'logo_alt' key with 'cs' locale. @ http://0.0.0.0:3001/_nuxt/node_modules/.cache/vite/client/deps/chunk-LY4OWT6B.js?v=fd09ac8d:3
[  361642ms] [WARNING] [intlify] Not found 'logo_alt' key in 'cs' locale messages. @ http://0.0.0.0:3001/_nuxt/node_modules/.cache/vite/client/deps/chunk-LY4OWT6B.js?v=fd09ac8d:3
[  361643ms] [WARNING] [intlify] Not found 'title.cart' key in 'en' locale messages. @ http://0.0.0.0:3001/_nuxt/node_modules/.cache/vite/client/deps/chunk-LY4OWT6B.js?v=fd09ac8d:3
[  361643ms] [WARNING] [intlify] Fall back to translate 'title.cart' key with 'cs' locale. @ http://0.0.0.0:3001/_nuxt/node_modules/.cache/vite/client/deps/chunk-LY4OWT6B.js?v=fd09ac8d:3
[  361643ms] [WARNING] [intlify] Not found 'title.cart' key in 'cs' locale messages. @ http://0.0.0.0:3001/_nuxt/node_modules/.cache/vite/client/deps/chunk-LY4OWT6B.js?v=fd09ac8d:3
[  361643ms] [WARNING] [intlify] Fall back to translate 'title.cart' with root locale. @ http://0.0.0.0:3001/_nuxt/node_modules/.cache/vite/client/deps/chunk-LY4OWT6B.js?v=fd09ac8d:3
[  540903ms] [LOG] [nuxt-delay-hydration] Hydration event MouseEvent @ http://0.0.0.0:3001/en/catalog:135
[  541224ms] [LOG] [nuxt-app] i18n:beforeLocaleSwitch: 0.18603515625 ms [Object] @ http://0.0.0.0:3001/_nuxt/@fs/Users/andrejkoval/Dev/vivadzen/src/front/node_modules/hookable/dist/index.mjs?v=fd09ac8d:271
[  541232ms] [LOG] %cssr%c %s: %s 
      background: #7f8c8d;
      border-radius: 0.5em;
      color: white;
      font-weight: bold;
      padding: 2px 0.5em;
      [nitro-runtime] request 0.17ms 
  at timeLogImpl (node:internal/console/constructor)
  at node:internal/console/constructor
  at timeLogImpl (node:internal/util/debuglog)
 @ http://0.0.0.0:3001/_nuxt/@fs/Users/andrejkoval/Dev/vivadzen/src/front/node_modules/consola/dist/browser.mjs?v=fd09ac8d:47
[  541232ms] [LOG] %cssr%c %s: %s 
      background: #7f8c8d;
      border-radius: 0.5em;
      color: white;
      font-weight: bold;
      padding: 2px 0.5em;
      [nitro-runtime] site-config:init 0.016ms 
  at timeLogImpl (node:internal/console/constructor)
  at node:internal/console/constructor
  at timeLogImpl (node:internal/util/debuglog)
 @ http://0.0.0.0:3001/_nuxt/@fs/Users/andrejkoval/Dev/vivadzen/src/front/node_modules/consola/dist/browser.mjs?v=fd09ac8d:47
[  541233ms] [LOG] %cssr%c %s: %s 
      background: #7f8c8d;
      border-radius: 0.5em;
      color: white;
      font-weight: bold;
      padding: 2px 0.5em;
      [nitro-runtime] render:before 0.017ms 
  at timeLogImpl (node:internal/console/constructor)
  at node:internal/console/constructor
  at timeLogImpl (node:internal/util/debuglog)
 @ http://0.0.0.0:3001/_nuxt/@fs/Users/andrejkoval/Dev/vivadzen/src/front/node_modules/consola/dist/browser.mjs?v=fd09ac8d:47
[  541233ms] [LOG] %cssr%c %s: %s 
      background: #7f8c8d;
      border-radius: 0.5em;
      color: white;
      font-weight: bold;
      padding: 2px 0.5em;
      [nuxt-app] i18n:beforeLocaleSwitch 0.012ms 
  at timeLogImpl (node:internal/console/constructor)
  at node:internal/console/constructor
  at timeLogImpl (node:internal/util/debuglog)
 @ http://0.0.0.0:3001/_nuxt/@fs/Users/andrejkoval/Dev/vivadzen/src/front/node_modules/consola/dist/browser.mjs?v=fd09ac8d:47
[  541233ms] [LOG] %cssr%c %s: %s 
      background: #7f8c8d;
      border-radius: 0.5em;
      color: white;
      font-weight: bold;
      padding: 2px 0.5em;
      [nuxt-app] page:loading:start 0.003ms 
  at timeLogImpl (node:internal/console/constructor)
  at node:internal/console/constructor
  at timeLogImpl (node:internal/util/debuglog)
 @ http://0.0.0.0:3001/_nuxt/@fs/Users/andrejkoval/Dev/vivadzen/src/front/node_modules/consola/dist/browser.mjs?v=fd09ac8d:47
[  541233ms] [LOG] %cssr%c %s: %s 
      background: #7f8c8d;
      border-radius: 0.5em;
      color: white;
      font-weight: bold;
      padding: 2px 0.5em;
      [nuxt-app] i18n:beforeLocaleSwitch 0.006ms 
  at timeLogImpl (node:internal/console/constructor)
  at node:internal/console/constructor
  at timeLogImpl (node:internal/util/debuglog)
 @ http://0.0.0.0:3001/_nuxt/@fs/Users/andrejkoval/Dev/vivadzen/src/front/node_modules/consola/dist/browser.mjs?v=fd09ac8d:47
[  541233ms] [LOG] %cssr%c %s: %s 
      background: #7f8c8d;
      border-radius: 0.5em;
      color: white;
      font-weight: bold;
      padding: 2px 0.5em;
      [nuxt-app] app:created 4.21ms 
  at timeLogImpl (node:internal/console/constructor)
  at node:internal/console/constructor
  at timeLogImpl (node:internal/util/debuglog)
 @ http://0.0.0.0:3001/_nuxt/@fs/Users/andrejkoval/Dev/vivadzen/src/front/node_modules/consola/dist/browser.mjs?v=fd09ac8d:47
[  541233ms] [LOG] %cssr%c %s: %s 
      background: #7f8c8d;
      border-radius: 0.5em;
      color: white;
      font-weight: bold;
      padding: 2px 0.5em;
      [nuxt-app] vue:setup 0.002ms 
  at timeLogImpl (node:internal/console/constructor)
  at node:internal/console/constructor
  at timeLogImpl (node:internal/util/debuglog)
 @ http://0.0.0.0:3001/_nuxt/@fs/Users/andrejkoval/Dev/vivadzen/src/front/node_modules/consola/dist/browser.mjs?v=fd09ac8d:47
[  541233ms] [WARNING] %cssr:warn%c [intlify] Not found 'logo_alt' key in 'en' locale messages. 
      background: #f39c12;
      border-radius: 0.5em;
      color: white;
      font-weight: bold;
      padding: 2px 0.5em;
      
  at warn (/Users/andrejkoval/Dev/vivadzen/src/front/node_modules/@intlify/shared/dist/shared.mjs)
  at handleMissing (/Users/andrejkoval/Dev/vivadzen/src/front/node_modules/@intlify/core-base/dist/core-base.mjs)
  at resolveMessageFormat (/Users/andrejkoval/Dev/vivadzen/src/front/node_modules/@intlify/core-base/dist/core-base.mjs)
 @ http://0.0.0.0:3001/_nuxt/@fs/Users/andrejkoval/Dev/vivadzen/src/front/node_modules/consola/dist/browser.mjs?v=fd09ac8d:47
[  541233ms] [WARNING] %cssr:warn%c [intlify] Fall back to translate 'logo_alt' key with 'cs' locale. 
      background: #f39c12;
      border-radius: 0.5em;
      color: white;
      font-weight: bold;
      padding: 2px 0.5em;
      
  at warn (/Users/andrejkoval/Dev/vivadzen/src/front/node_modules/@intlify/shared/dist/shared.mjs)
  at resolveMessageFormat (/Users/andrejkoval/Dev/vivadzen/src/front/node_modules/@intlify/core-base/dist/core-base.mjs)
  at translate (/Users/andrejkoval/Dev/vivadzen/src/front/node_modules/@intlify/core-base/dist/core-base.mjs)
 @ http://0.0.0.0:3001/_nuxt/@fs/Users/andrejkoval/Dev/vivadzen/src/front/node_modules/consola/dist/browser.mjs?v=fd09ac8d:47
[  541233ms] [WARNING] %cssr:warn%c [intlify] Not found 'logo_alt' key in 'cs' locale messages. 
      background: #f39c12;
      border-radius: 0.5em;
      color: white;
      font-weight: bold;
      padding: 2px 0.5em;
      
  at warn (/Users/andrejkoval/Dev/vivadzen/src/front/node_modules/@intlify/shared/dist/shared.mjs)
  at handleMissing (/Users/andrejkoval/Dev/vivadzen/src/front/node_modules/@intlify/core-base/dist/core-base.mjs)
  at resolveMessageFormat (/Users/andrejkoval/Dev/vivadzen/src/front/node_modules/@intlify/core-base/dist/core-base.mjs)
 @ http://0.0.0.0:3001/_nuxt/@fs/Users/andrejkoval/Dev/vivadzen/src/front/node_modules/consola/dist/browser.mjs?v=fd09ac8d:47
[  541233ms] [WARNING] %cssr:warn%c [intlify] Fall back to translate 'logo_alt' with root locale. 
      background: #f39c12;
      border-radius: 0.5em;
      color: white;
      font-weight: bold;
      padding: 2px 0.5em;
      
  at warn (/Users/andrejkoval/Dev/vivadzen/src/front/node_modules/@intlify/shared/dist/shared.mjs)
  at wrapWithDeps (/Users/andrejkoval/Dev/vivadzen/src/front/node_modules/vue-i18n/dist/vue-i18n.mjs)
  at Proxy.t (/Users/andrejkoval/Dev/vivadzen/src/front/node_modules/vue-i18n/dist/vue-i18n.mjs)
 @ http://0.0.0.0:3001/_nuxt/@fs/Users/andrejkoval/Dev/vivadzen/src/front/node_modules/consola/dist/browser.mjs?v=fd09ac8d:47
[  541233ms] [WARNING] %cssr:warn%c [intlify] Not found 'logo_alt' key in 'en' locale messages. 
      background: #f39c12;
      border-radius: 0.5em;
      color: white;
      font-weight: bold;
      padding: 2px 0.5em;
      
  at warn (/Users/andrejkoval/Dev/vivadzen/src/front/node_modules/@intlify/shared/dist/shared.mjs)
  at handleMissing (/Users/andrejkoval/Dev/vivadzen/src/front/node_modules/@intlify/core-base/dist/core-base.mjs)
  at resolveMessageFormat (/Users/andrejkoval/Dev/vivadzen/src/front/node_modules/@intlify/core-base/dist/core-base.mjs)
 @ http://0.0.0.0:3001/_nuxt/@fs/Users/andrejkoval/Dev/vivadzen/src/front/node_modules/consola/dist/browser.mjs?v=fd09ac8d:47
[  541233ms] [WARNING] %cssr:warn%c [intlify] Fall back to translate 'logo_alt' key with 'cs' locale. 
      background: #f39c12;
      border-radius: 0.5em;
      color: white;
      font-weight: bold;
      padding: 2px 0.5em;
      
  at warn (/Users/andrejkoval/Dev/vivadzen/src/front/node_modules/@intlify/shared/dist/shared.mjs)
  at resolveMessageFormat (/Users/andrejkoval/Dev/vivadzen/src/front/node_modules/@intlify/core-base/dist/core-base.mjs)
  at translate (/Users/andrejkoval/Dev/vivadzen/src/front/node_modules/@intlify/core-base/dist/core-base.mjs)
 @ http://0.0.0.0:3001/_nuxt/@fs/Users/andrejkoval/Dev/vivadzen/src/front/node_modules/consola/dist/browser.mjs?v=fd09ac8d:47
[  541233ms] [WARNING] %cssr:warn%c [intlify] Not found 'logo_alt' key in 'cs' locale messages. 
      background: #f39c12;
      border-radius: 0.5em;
      color: white;
      font-weight: bold;
      padding: 2px 0.5em;
      
  at warn (/Users/andrejkoval/Dev/vivadzen/src/front/node_modules/@intlify/shared/dist/shared.mjs)
  at handleMissing (/Users/andrejkoval/Dev/vivadzen/src/front/node_modules/@intlify/core-base/dist/core-base.mjs)
  at resolveMessageFormat (/Users/andrejkoval/Dev/vivadzen/src/front/node_modules/@intlify/core-base/dist/core-base.mjs)
 @ http://0.0.0.0:3001/_nuxt/@fs/Users/andrejkoval/Dev/vivadzen/src/front/node_modules/consola/dist/browser.mjs?v=fd09ac8d:47
[  541233ms] [WARNING] %cssr:warn%c [intlify] Not found 'title.cart' key in 'en' locale messages. 
      background: #f39c12;
      border-radius: 0.5em;
      color: white;
      font-weight: bold;
      padding: 2px 0.5em;
      
  at warn (/Users/andrejkoval/Dev/vivadzen/src/front/node_modules/@intlify/shared/dist/shared.mjs)
  at handleMissing (/Users/andrejkoval/Dev/vivadzen/src/front/node_modules/@intlify/core-base/dist/core-base.mjs)
  at resolveMessageFormat (/Users/andrejkoval/Dev/vivadzen/src/front/node_modules/@intlify/core-base/dist/core-base.mjs)
 @ http://0.0.0.0:3001/_nuxt/@fs/Users/andrejkoval/Dev/vivadzen/src/front/node_modules/consola/dist/browser.mjs?v=fd09ac8d:47
[  541233ms] [WARNING] %cssr:warn%c [intlify] Fall back to translate 'title.cart' key with 'cs' locale. 
      background: #f39c12;
      border-radius: 0.5em;
      color: white;
      font-weight: bold;
      padding: 2px 0.5em;
      
  at warn (/Users/andrejkoval/Dev/vivadzen/src/front/node_modules/@intlify/shared/dist/shared.mjs)
  at resolveMessageFormat (/Users/andrejkoval/Dev/vivadzen/src/front/node_modules/@intlify/core-base/dist/core-base.mjs)
  at translate (/Users/andrejkoval/Dev/vivadzen/src/front/node_modules/@intlify/core-base/dist/core-base.mjs)
 @ http://0.0.0.0:3001/_nuxt/@fs/Users/andrejkoval/Dev/vivadzen/src/front/node_modules/consola/dist/browser.mjs?v=fd09ac8d:47
[  541233ms] [WARNING] %cssr:warn%c [intlify] Not found 'title.cart' key in 'cs' locale messages. 
      background: #f39c12;
      border-radius: 0.5em;
      color: white;
      font-weight: bold;
      padding: 2px 0.5em;
      
  at warn (/Users/andrejkoval/Dev/vivadzen/src/front/node_modules/@intlify/shared/dist/shared.mjs)
  at handleMissing (/Users/andrejkoval/Dev/vivadzen/src/front/node_modules/@intlify/core-base/dist/core-base.mjs)
  at resolveMessageFormat (/Users/andrejkoval/Dev/vivadzen/src/front/node_modules/@intlify/core-base/dist/core-base.mjs)
 @ http://0.0.0.0:3001/_nuxt/@fs/Users/andrejkoval/Dev/vivadzen/src/front/node_modules/consola/dist/browser.mjs?v=fd09ac8d:47
[  541233ms] [WARNING] %cssr:warn%c [intlify] Fall back to translate 'title.cart' with root locale. 
      background: #f39c12;
      border-radius: 0.5em;
      color: white;
      font-weight: bold;
      padding: 2px 0.5em;
      
  at warn (/Users/andrejkoval/Dev/vivadzen/src/front/node_modules/@intlify/shared/dist/shared.mjs)
  at wrapWithDeps (/Users/andrejkoval/Dev/vivadzen/src/front/node_modules/vue-i18n/dist/vue-i18n.mjs)
  at Proxy.t (/Users/andrejkoval/Dev/vivadzen/src/front/node_modules/vue-i18n/dist/vue-i18n.mjs)
 @ http://0.0.0.0:3001/_nuxt/@fs/Users/andrejkoval/Dev/vivadzen/src/front/node_modules/consola/dist/browser.mjs?v=fd09ac8d:47
[  541234ms] [WARNING] %cssr:warn%c [intlify] Not found parent scope. use the global scope. 
      background: #f39c12;
      border-radius: 0.5em;
      color: white;
      font-weight: bold;
      padding: 2px 0.5em;
      
  at warn (/Users/andrejkoval/Dev/vivadzen/src/front/node_modules/@intlify/shared/dist/shared.mjs)
  at useI18n (/Users/andrejkoval/Dev/vivadzen/src/front/node_modules/vue-i18n/dist/vue-i18n.mjs)
  at setup (/Users/andrejkoval/Dev/vivadzen/src/front/node_modules/vue-i18n/dist/vue-i18n.mjs)
 @ http://0.0.0.0:3001/_nuxt/@fs/Users/andrejkoval/Dev/vivadzen/src/front/node_modules/consola/dist/browser.mjs?v=fd09ac8d:47
[  541234ms] [WARNING] %cssr:warn%c [intlify] Not found parent scope. use the global scope. 
      background: #f39c12;
      border-radius: 0.5em;
      color: white;
      font-weight: bold;
      padding: 2px 0.5em;
      
  at warn (/Users/andrejkoval/Dev/vivadzen/src/front/node_modules/@intlify/shared/dist/shared.mjs)
  at useI18n (/Users/andrejkoval/Dev/vivadzen/src/front/node_modules/vue-i18n/dist/vue-i18n.mjs)
  at setup (/Users/andrejkoval/Dev/vivadzen/src/front/node_modules/vue-i18n/dist/vue-i18n.mjs)
 @ http://0.0.0.0:3001/_nuxt/@fs/Users/andrejkoval/Dev/vivadzen/src/front/node_modules/consola/dist/browser.mjs?v=fd09ac8d:47
[  541234ms] [WARNING] %cssr:warn%c [intlify] Not found parent scope. use the global scope. 
      background: #f39c12;
      border-radius: 0.5em;
      color: white;
      font-weight: bold;
      padding: 2px 0.5em;
      
  at warn (/Users/andrejkoval/Dev/vivadzen/src/front/node_modules/@intlify/shared/dist/shared.mjs)
  at useI18n (/Users/andrejkoval/Dev/vivadzen/src/front/node_modules/vue-i18n/dist/vue-i18n.mjs)
  at setup (/Users/andrejkoval/Dev/vivadzen/src/front/node_modules/vue-i18n/dist/vue-i18n.mjs)
 @ http://0.0.0.0:3001/_nuxt/@fs/Users/andrejkoval/Dev/vivadzen/src/front/node_modules/consola/dist/browser.mjs?v=fd09ac8d:47
[  541234ms] [WARNING] %cssr:warn%c [intlify] Not found parent scope. use the global scope. 
      background: #f39c12;
      border-radius: 0.5em;
      color: white;
      font-weight: bold;
      padding: 2px 0.5em;
      
  at warn (/Users/andrejkoval/Dev/vivadzen/src/front/node_modules/@intlify/shared/dist/shared.mjs)
  at useI18n (/Users/andrejkoval/Dev/vivadzen/src/front/node_modules/vue-i18n/dist/vue-i18n.mjs)
  at setup (/Users/andrejkoval/Dev/vivadzen/src/front/node_modules/vue-i18n/dist/vue-i18n.mjs)
 @ http://0.0.0.0:3001/_nuxt/@fs/Users/andrejkoval/Dev/vivadzen/src/front/node_modules/consola/dist/browser.mjs?v=fd09ac8d:47
[  541234ms] [WARNING] %cssr:warn%c [intlify] Not found parent scope. use the global scope. 
      background: #f39c12;
      border-radius: 0.5em;
      color: white;
      font-weight: bold;
      padding: 2px 0.5em;
      
  at warn (/Users/andrejkoval/Dev/vivadzen/src/front/node_modules/@intlify/shared/dist/shared.mjs)
  at useI18n (/Users/andrejkoval/Dev/vivadzen/src/front/node_modules/vue-i18n/dist/vue-i18n.mjs)
  at setup (/Users/andrejkoval/Dev/vivadzen/src/front/node_modules/vue-i18n/dist/vue-i18n.mjs)
 @ http://0.0.0.0:3001/_nuxt/@fs/Users/andrejkoval/Dev/vivadzen/src/front/node_modules/consola/dist/browser.mjs?v=fd09ac8d:47
[  541234ms] [WARNING] %cssr:warn%c [intlify] Not found parent scope. use the global scope. 
      background: #f39c12;
      border-radius: 0.5em;
      color: white;
      font-weight: bold;
      padding: 2px 0.5em;
      
  at timeLogImpl (node:internal/console/constructor)
  at node:internal/console/constructor
  at timeLogImpl (node:internal/util/debuglog)
 @ http://0.0.0.0:3001/_nuxt/@fs/Users/andrejkoval/Dev/vivadzen/src/front/node_modules/consola/dist/browser.mjs?v=fd09ac8d:47
[  541234ms] [LOG] %cssr%c %s: %s 
      background: #7f8c8d;
      border-radius: 0.5em;
      color: white;
      font-weight: bold;
      padding: 2px 0.5em;
      [nuxt-app] app:rendered 0.083ms 
  at timeLogImpl (node:internal/console/constructor)
  at node:internal/console/constructor
  at timeLogImpl (node:internal/util/debuglog)
 @ http://0.0.0.0:3001/_nuxt/@fs/Users/andrejkoval/Dev/vivadzen/src/front/node_modules/consola/dist/browser.mjs?v=fd09ac8d:47
[  541234ms] [LOG] %cssr%c %s: %s 
      background: #7f8c8d;
      border-radius: 0.5em;
      color: white;
      font-weight: bold;
      padding: 2px 0.5em;
      [nuxt-app] schema-org:meta 0.004ms 
  at timeLogImpl (node:internal/console/constructor)
  at node:internal/console/constructor
  at timeLogImpl (node:internal/util/debuglog)
 @ http://0.0.0.0:3001/_nuxt/@fs/Users/andrejkoval/Dev/vivadzen/src/front/node_modules/consola/dist/browser.mjs?v=fd09ac8d:47
[  541234ms] [LOG] [nuxt-app] dev:ssr-logs: 1.921875 ms [Array(27)] @ http://0.0.0.0:3001/_nuxt/@fs/Users/andrejkoval/Dev/vivadzen/src/front/node_modules/hookable/dist/index.mjs?v=fd09ac8d:271
[  541238ms] [LOG] [nuxt-app] page:loading:start: 0.122802734375 ms [] @ http://0.0.0.0:3001/_nuxt/@fs/Users/andrejkoval/Dev/vivadzen/src/front/node_modules/hookable/dist/index.mjs?v=fd09ac8d:271
[  541254ms] [WARNING] Timer '[nuxt-app] i18n:beforeLocaleSwitch' already exists @ http://0.0.0.0:3001/_nuxt/@fs/Users/andrejkoval/Dev/vivadzen/src/front/node_modules/hookable/dist/index.mjs?v=fd09ac8d:261
[  541255ms] [LOG] [nuxt-app] i18n:beforeLocaleSwitch: 30.554931640625 ms [Object] @ http://0.0.0.0:3001/_nuxt/@fs/Users/andrejkoval/Dev/vivadzen/src/front/node_modules/hookable/dist/index.mjs?v=fd09ac8d:271
[  541256ms] [LOG] [nuxt-app] app:created: 18.493896484375 ms [Object] @ http://0.0.0.0:3001/_nuxt/@fs/Users/andrejkoval/Dev/vivadzen/src/front/node_modules/hookable/dist/index.mjs?v=fd09ac8d:271
[  541257ms] [LOG] [nuxt-app] app:beforeMount: 0.041015625 ms [Object] @ http://0.0.0.0:3001/_nuxt/@fs/Users/andrejkoval/Dev/vivadzen/src/front/node_modules/hookable/dist/index.mjs?v=fd09ac8d:271
[  541258ms] [LOG] [nuxt-app] vue:setup: 0.090087890625 ms [] @ http://0.0.0.0:3001/_nuxt/@fs/Users/andrejkoval/Dev/vivadzen/src/front/node_modules/hookable/dist/index.mjs?v=fd09ac8d:271
[  541259ms] [INFO] <Suspense> is an experimental feature and its API will likely change. @ http://0.0.0.0:3001/_nuxt/@fs/Users/andrejkoval/Dev/vivadzen/src/front/node_modules/@vue/runtime-core/dist/runtime-core.esm-bundler.js?v=fd09ac8d:7155
[  541261ms] [LOG] [nuxt-app] app:mounted: 0.157958984375 ms [Object] @ http://0.0.0.0:3001/_nuxt/@fs/Users/andrejkoval/Dev/vivadzen/src/front/node_modules/hookable/dist/index.mjs?v=fd09ac8d:271
[  541262ms] [LOG] [Content] WS connect to ws://localhost:4000/ws @ http://0.0.0.0:3001/_nuxt/@fs/Users/andrejkoval/Dev/vivadzen/src/front/node_modules/@nuxt/content/dist/runtime/composables/web-socket.js?v=fd09ac8d:4
[  541296ms] [LOG] [Content] WS connected! @ http://0.0.0.0:3001/_nuxt/@fs/Users/andrejkoval/Dev/vivadzen/src/front/node_modules/@nuxt/content/dist/runtime/composables/web-socket.js?v=fd09ac8d:4
[  541321ms] [WARNING] [intlify] Not found 'logo_alt' key in 'en' locale messages. @ http://0.0.0.0:3001/_nuxt/node_modules/.cache/vite/client/deps/chunk-LY4OWT6B.js?v=fd09ac8d:3
[  541322ms] [WARNING] [intlify] Fall back to translate 'logo_alt' key with 'cs' locale. @ http://0.0.0.0:3001/_nuxt/node_modules/.cache/vite/client/deps/chunk-LY4OWT6B.js?v=fd09ac8d:3
[  541322ms] [WARNING] [intlify] Not found 'logo_alt' key in 'cs' locale messages. @ http://0.0.0.0:3001/_nuxt/node_modules/.cache/vite/client/deps/chunk-LY4OWT6B.js?v=fd09ac8d:3
[  541322ms] [WARNING] [intlify] Fall back to translate 'logo_alt' with root locale. @ http://0.0.0.0:3001/_nuxt/node_modules/.cache/vite/client/deps/chunk-LY4OWT6B.js?v=fd09ac8d:3
[  541323ms] [WARNING] [intlify] Not found 'logo_alt' key in 'en' locale messages. @ http://0.0.0.0:3001/_nuxt/node_modules/.cache/vite/client/deps/chunk-LY4OWT6B.js?v=fd09ac8d:3
[  541323ms] [WARNING] [intlify] Fall back to translate 'logo_alt' key with 'cs' locale. @ http://0.0.0.0:3001/_nuxt/node_modules/.cache/vite/client/deps/chunk-LY4OWT6B.js?v=fd09ac8d:3
[  541323ms] [WARNING] [intlify] Not found 'logo_alt' key in 'cs' locale messages. @ http://0.0.0.0:3001/_nuxt/node_modules/.cache/vite/client/deps/chunk-LY4OWT6B.js?v=fd09ac8d:3
[  541324ms] [WARNING] [intlify] Not found 'title.cart' key in 'en' locale messages. @ http://0.0.0.0:3001/_nuxt/node_modules/.cache/vite/client/deps/chunk-LY4OWT6B.js?v=fd09ac8d:3
[  541324ms] [WARNING] [intlify] Fall back to translate 'title.cart' key with 'cs' locale. @ http://0.0.0.0:3001/_nuxt/node_modules/.cache/vite/client/deps/chunk-LY4OWT6B.js?v=fd09ac8d:3
[  541324ms] [WARNING] [intlify] Not found 'title.cart' key in 'cs' locale messages. @ http://0.0.0.0:3001/_nuxt/node_modules/.cache/vite/client/deps/chunk-LY4OWT6B.js?v=fd09ac8d:3
[  541325ms] [WARNING] [intlify] Fall back to translate 'title.cart' with root locale. @ http://0.0.0.0:3001/_nuxt/node_modules/.cache/vite/client/deps/chunk-LY4OWT6B.js?v=fd09ac8d:3
[  541330ms] [WARNING] [Vue warn]: Hydration style mismatch on JSHandle@node 
  - rendered on server: style="width:1em;height:1em;--c613ce94-iconUrl:url('https://api.iconify.design/iconoir/nav-arrow-down.svg');"
  - expected on client: style="width:1em;height:1em;"
  Note: this mismatch is check-only. The DOM will not be rectified in production due to performance overhead.
  You should fix the source of the mismatch. 
  at <IconCSS name="iconoir:nav-arrow-down" class="lang-switcher__chevron" > 
  at <Header> 
  at <Body style= {background: #f8f1e6} > 
  at <Html lang="en-US" dir="ltr" > 
  at <Default ref=Ref< undefined > > 
  at <AsyncComponentWrapper ref=Ref< undefined > > 
  at <LayoutLoader key="default" layoutProps= {ref: RefImpl} name="default" > 
  at <NuxtLayoutProvider layoutProps= {ref: RefImpl} key="default" name="default"  ... > 
  at <NuxtLayout> 
  at <App key=4 > 
  at <NuxtRoot> @ http://0.0.0.0:3001/_nuxt/@fs/Users/andrejkoval/Dev/vivadzen/src/front/node_modules/@vue/runtime-core/dist/runtime-core.esm-bundler.js?v=fd09ac8d:49
[  541330ms] [ERROR] Hydration completed but contains mismatches. @ http://0.0.0.0:3001/_nuxt/@fs/Users/andrejkoval/Dev/vivadzen/src/front/node_modules/@vue/runtime-core/dist/runtime-core.esm-bundler.js?v=fd09ac8d:1847
[  541331ms] [WARNING] [Vue warn]: Hydration style mismatch on JSHandle@node 
  - rendered on server: style="width:1em;height:1em;--c613ce94-iconUrl:url('https://api.iconify.design/ci/shopping-cart-01.svg');"
  - expected on client: style="width:1em;height:1em;"
  Note: this mismatch is check-only. The DOM will not be rectified in production due to performance overhead.
  You should fix the source of the mismatch. 
  at <IconCSS name="ci:shopping-cart-01" class="hero-header__cart-icon" > 
  at <Header> 
  at <Body style= {background: #f8f1e6} > 
  at <Html lang="en-US" dir="ltr" > 
  at <Default ref=Ref< undefined > > 
  at <AsyncComponentWrapper ref=Ref< undefined > > 
  at <LayoutLoader key="default" layoutProps= {ref: RefImpl} name="default" > 
  at <NuxtLayoutProvider layoutProps= {ref: RefImpl} key="default" name="default"  ... > 
  at <NuxtLayout> 
  at <App key=4 > 
  at <NuxtRoot> @ http://0.0.0.0:3001/_nuxt/@fs/Users/andrejkoval/Dev/vivadzen/src/front/node_modules/@vue/runtime-core/dist/runtime-core.esm-bundler.js?v=fd09ac8d:49
[  541332ms] [WARNING] [Vue warn]: Hydration style mismatch on JSHandle@node 
  - rendered on server: style="width:1em;height:1em;--c613ce94-iconUrl:url('https://api.iconify.design/mynaui/telephone-call.svg');"
  - expected on client: style="width:1em;height:1em;"
  Note: this mismatch is check-only. The DOM will not be rectified in production due to performance overhead.
  You should fix the source of the mismatch. 
  at <IconCSS name="mynaui:telephone-call" class="hero-mobile-menu__contact-icon" > 
  at <Header> 
  at <Body style= {background: #f8f1e6} > 
  at <Html lang="en-US" dir="ltr" > 
  at <Default ref=Ref< undefined > > 
  at <AsyncComponentWrapper ref=Ref< undefined > > 
  at <LayoutLoader key="default" layoutProps= {ref: RefImpl} name="default" > 
  at <NuxtLayoutProvider layoutProps= {ref: RefImpl} key="default" name="default"  ... > 
  at <NuxtLayout> 
  at <App key=4 > 
  at <NuxtRoot> @ http://0.0.0.0:3001/_nuxt/@fs/Users/andrejkoval/Dev/vivadzen/src/front/node_modules/@vue/runtime-core/dist/runtime-core.esm-bundler.js?v=fd09ac8d:49
[  541332ms] [WARNING] [Vue warn]: Hydration style mismatch on JSHandle@node 
  - rendered on server: style="width:1em;height:1em;--c613ce94-iconUrl:url('https://api.iconify.design/ic/round-alternate-email.svg');"
  - expected on client: style="width:1em;height:1em;"
  Note: this mismatch is check-only. The DOM will not be rectified in production due to performance overhead.
  You should fix the source of the mismatch. 
  at <IconCSS name="ic:round-alternate-email" class="hero-mobile-menu__contact-icon" > 
  at <Header> 
  at <Body style= {background: #f8f1e6} > 
  at <Html lang="en-US" dir="ltr" > 
  at <Default ref=Ref< undefined > > 
  at <AsyncComponentWrapper ref=Ref< undefined > > 
  at <LayoutLoader key="default" layoutProps= {ref: RefImpl} name="default" > 
  at <NuxtLayoutProvider layoutProps= {ref: RefImpl} key="default" name="default"  ... > 
  at <NuxtLayout> 
  at <App key=4 > 
  at <NuxtRoot> @ http://0.0.0.0:3001/_nuxt/@fs/Users/andrejkoval/Dev/vivadzen/src/front/node_modules/@vue/runtime-core/dist/runtime-core.esm-bundler.js?v=fd09ac8d:49
[  541333ms] [WARNING] [Vue warn]: Hydration style mismatch on JSHandle@node 
  - rendered on server: style="width:1em;height:1em;--c613ce94-iconUrl:url('https://api.iconify.design/mynaui/location.svg');"
  - expected on client: style="width:1em;height:1em;"
  Note: this mismatch is check-only. The DOM will not be rectified in production due to performance overhead.
  You should fix the source of the mismatch. 
  at <IconCSS name="mynaui:location" class="hero-mobile-menu__contact-icon" > 
  at <Header> 
  at <Body style= {background: #f8f1e6} > 
  at <Html lang="en-US" dir="ltr" > 
  at <Default ref=Ref< undefined > > 
  at <AsyncComponentWrapper ref=Ref< undefined > > 
  at <LayoutLoader key="default" layoutProps= {ref: RefImpl} name="default" > 
  at <NuxtLayoutProvider layoutProps= {ref: RefImpl} key="default" name="default"  ... > 
  at <NuxtLayout> 
  at <App key=4 > 
  at <NuxtRoot> @ http://0.0.0.0:3001/_nuxt/@fs/Users/andrejkoval/Dev/vivadzen/src/front/node_modules/@vue/runtime-core/dist/runtime-core.esm-bundler.js?v=fd09ac8d:49
[  541333ms] [WARNING] [Vue warn]: Hydration style mismatch on JSHandle@node 
  - rendered on server: style="width:1em;height:1em;--c613ce94-iconUrl:url('https://api.iconify.design/mynaui/clock-4.svg');"
  - expected on client: style="width:1em;height:1em;"
  Note: this mismatch is check-only. The DOM will not be rectified in production due to performance overhead.
  You should fix the source of the mismatch. 
  at <IconCSS name="mynaui:clock-4" class="hero-mobile-menu__contact-icon" > 
  at <Header> 
  at <Body style= {background: #f8f1e6} > 
  at <Html lang="en-US" dir="ltr" > 
  at <Default ref=Ref< undefined > > 
  at <AsyncComponentWrapper ref=Ref< undefined > > 
  at <LayoutLoader key="default" layoutProps= {ref: RefImpl} name="default" > 
  at <NuxtLayoutProvider layoutProps= {ref: RefImpl} key="default" name="default"  ... > 
  at <NuxtLayout> 
  at <App key=4 > 
  at <NuxtRoot> @ http://0.0.0.0:3001/_nuxt/@fs/Users/andrejkoval/Dev/vivadzen/src/front/node_modules/@vue/runtime-core/dist/runtime-core.esm-bundler.js?v=fd09ac8d:49
[  541337ms] [WARNING] [Vue warn]: Hydration style mismatch on JSHandle@node 
  - rendered on server: style="width:1em;height:1em;--c613ce94-iconUrl:url('https://api.iconify.design/ph/telegram-logo.svg');"
  - expected on client: style="width:1em;height:1em;"
  Note: this mismatch is check-only. The DOM will not be rectified in production due to performance overhead.
  You should fix the source of the mismatch. 
  at <IconCSS name="ph:telegram-logo" > 
  at <SiteFooter> 
  at <Body style= {background: #f8f1e6} > 
  at <Html lang="en-US" dir="ltr" > 
  at <Default ref=Ref< undefined > > 
  at <AsyncComponentWrapper ref=Ref< undefined > > 
  at <LayoutLoader key="default" layoutProps= {ref: RefImpl} name="default" > 
  at <NuxtLayoutProvider layoutProps= {ref: RefImpl} key="default" name="default"  ... > 
  at <NuxtLayout> 
  at <App key=4 > 
  at <NuxtRoot> @ http://0.0.0.0:3001/_nuxt/@fs/Users/andrejkoval/Dev/vivadzen/src/front/node_modules/@vue/runtime-core/dist/runtime-core.esm-bundler.js?v=fd09ac8d:49
[  541338ms] [WARNING] [Vue warn]: Hydration style mismatch on JSHandle@node 
  - rendered on server: style="width:1em;height:1em;--c613ce94-iconUrl:url('https://api.iconify.design/ph/whatsapp-logo.svg');"
  - expected on client: style="width:1em;height:1em;"
  Note: this mismatch is check-only. The DOM will not be rectified in production due to performance overhead.
  You should fix the source of the mismatch. 
  at <IconCSS name="ph:whatsapp-logo" > 
  at <SiteFooter> 
  at <Body style= {background: #f8f1e6} > 
  at <Html lang="en-US" dir="ltr" > 
  at <Default ref=Ref< undefined > > 
  at <AsyncComponentWrapper ref=Ref< undefined > > 
  at <LayoutLoader key="default" layoutProps= {ref: RefImpl} name="default" > 
  at <NuxtLayoutProvider layoutProps= {ref: RefImpl} key="default" name="default"  ... > 
  at <NuxtLayout> 
  at <App key=4 > 
  at <NuxtRoot> @ http://0.0.0.0:3001/_nuxt/@fs/Users/andrejkoval/Dev/vivadzen/src/front/node_modules/@vue/runtime-core/dist/runtime-core.esm-bundler.js?v=fd09ac8d:49
[  541338ms] [WARNING] [Vue warn]: Hydration style mismatch on JSHandle@node 
  - rendered on server: style="width:1em;height:1em;--c613ce94-iconUrl:url('https://api.iconify.design/iconoir/instagram.svg');"
  - expected on client: style="width:1em;height:1em;"
  Note: this mismatch is check-only. The DOM will not be rectified in production due to performance overhead.
  You should fix the source of the mismatch. 
  at <IconCSS name="iconoir:instagram" > 
  at <SiteFooter> 
  at <Body style= {background: #f8f1e6} > 
  at <Html lang="en-US" dir="ltr" > 
  at <Default ref=Ref< undefined > > 
  at <AsyncComponentWrapper ref=Ref< undefined > > 
  at <LayoutLoader key="default" layoutProps= {ref: RefImpl} name="default" > 
  at <NuxtLayoutProvider layoutProps= {ref: RefImpl} key="default" name="default"  ... > 
  at <NuxtLayout> 
  at <App key=4 > 
  at <NuxtRoot> @ http://0.0.0.0:3001/_nuxt/@fs/Users/andrejkoval/Dev/vivadzen/src/front/node_modules/@vue/runtime-core/dist/runtime-core.esm-bundler.js?v=fd09ac8d:49
[  541342ms] [WARNING] [intlify] Not found parent scope. use the global scope. @ http://0.0.0.0:3001/_nuxt/node_modules/.cache/vite/client/deps/chunk-LY4OWT6B.js?v=fd09ac8d:3
[  541343ms] [WARNING] [Vue warn]: Hydration style mismatch on JSHandle@node 
  - rendered on server: style="width:1em;height:1em;--c613ce94-iconUrl:url('https://api.iconify.design/ci/shopping-cart-01.svg');"
  - expected on client: style="width:1em;height:1em;"
  Note: this mismatch is check-only. The DOM will not be rectified in production due to performance overhead.
  You should fix the source of the mismatch. 
  at <IconCSS name="ci:shopping-cart-01" class="kratom-product-card__action-icon" > 
  at <ProductCard key=391 product= {id: 391, name: Green Rurut Nano kratom powder - 25g, slug: zeleny-rurut-nano-kratom-prasek-25g, price: 140.00, oldPrice: null} > 
  at <Index onVnodeUnmounted=fn<onVnodeUnmounted> ref=Ref< undefined > > 
  at <RouteProvider key="/en/catalog" vnode= {__v_isVNode: true, __v_skip: true, type: Object, props: Object, key: null} route= {fullPath: /en/catalog, hash: , query: Object, name: catalog___en, path: /en/catalog}  ... > 
  at <RouterView name=undefined route=undefined > 
  at <NuxtPage> 
  at <Body style= {background: #f8f1e6} > 
  at <Html lang="en-US" dir="ltr" > 
  at <Default ref=Ref< undefined > > 
  at <AsyncComponentWrapper ref=Ref< undefined > > 
  at <LayoutLoader key="default" layoutProps= {ref: RefImpl} name="default" > 
  at <NuxtLayoutProvider layoutProps= {ref: RefImpl} key="default" name="default"  ... > 
  at <NuxtLayout> 
  at <App key=4 > 
  at <NuxtRoot> @ http://0.0.0.0:3001/_nuxt/@fs/Users/andrejkoval/Dev/vivadzen/src/front/node_modules/@vue/runtime-core/dist/runtime-core.esm-bundler.js?v=fd09ac8d:49
[  541345ms] [WARNING] [intlify] Not found parent scope. use the global scope. @ http://0.0.0.0:3001/_nuxt/node_modules/.cache/vite/client/deps/chunk-LY4OWT6B.js?v=fd09ac8d:3
[  541345ms] [WARNING] [Vue warn]: Hydration style mismatch on JSHandle@node 
  - rendered on server: style="width:1em;height:1em;--c613ce94-iconUrl:url('https://api.iconify.design/ci/shopping-cart-01.svg');"
  - expected on client: style="width:1em;height:1em;"
  Note: this mismatch is check-only. The DOM will not be rectified in production due to performance overhead.
  You should fix the source of the mismatch. 
  at <IconCSS name="ci:shopping-cart-01" class="kratom-product-card__action-icon" > 
  at <ProductCard key=336 product= {id: 336, name: White Maeng Da Kratom powder, slug: bila-maeng-da-kratom-prasek-25g, price: 130.00, oldPrice: null} > 
  at <Index onVnodeUnmounted=fn<onVnodeUnmounted> ref=Ref< undefined > > 
  at <RouteProvider key="/en/catalog" vnode= {__v_isVNode: true, __v_skip: true, type: Object, props: Object, key: null} route= {fullPath: /en/catalog, hash: , query: Object, name: catalog___en, path: /en/catalog}  ... > 
  at <RouterView name=undefined route=undefined > 
  at <NuxtPage> 
  at <Body style= {background: #f8f1e6} > 
  at <Html lang="en-US" dir="ltr" > 
  at <Default ref=Ref< undefined > > 
  at <AsyncComponentWrapper ref=Ref< undefined > > 
  at <LayoutLoader key="default" layoutProps= {ref: RefImpl} name="default" > 
  at <NuxtLayoutProvider layoutProps= {ref: RefImpl} key="default" name="default"  ... > 
  at <NuxtLayout> 
  at <App key=4 > 
  at <NuxtRoot> @ http://0.0.0.0:3001/_nuxt/@fs/Users/andrejkoval/Dev/vivadzen/src/front/node_modules/@vue/runtime-core/dist/runtime-core.esm-bundler.js?v=fd09ac8d:49
[  541347ms] [WARNING] [intlify] Not found parent scope. use the global scope. @ http://0.0.0.0:3001/_nuxt/node_modules/.cache/vite/client/deps/chunk-LY4OWT6B.js?v=fd09ac8d:3
[  541347ms] [WARNING] [Vue warn]: Hydration style mismatch on JSHandle@node 
  - rendered on server: style="width:1em;height:1em;--c613ce94-iconUrl:url('https://api.iconify.design/ci/shopping-cart-01.svg');"
  - expected on client: style="width:1em;height:1em;"
  Note: this mismatch is check-only. The DOM will not be rectified in production due to performance overhead.
  You should fix the source of the mismatch. 
  at <IconCSS name="ci:shopping-cart-01" class="kratom-product-card__action-icon" > 
  at <ProductCard key=334 product= {id: 334, name: White Elephant Kratom powder, slug: bily-slon-kratom-prasek-25g, price: 140.00, oldPrice: null} > 
  at <Index onVnodeUnmounted=fn<onVnodeUnmounted> ref=Ref< undefined > > 
  at <RouteProvider key="/en/catalog" vnode= {__v_isVNode: true, __v_skip: true, type: Object, props: Object, key: null} route= {fullPath: /en/catalog, hash: , query: Object, name: catalog___en, path: /en/catalog}  ... > 
  at <RouterView name=undefined route=undefined > 
  at <NuxtPage> 
  at <Body style= {background: #f8f1e6} > 
  at <Html lang="en-US" dir="ltr" > 
  at <Default ref=Ref< undefined > > 
  at <AsyncComponentWrapper ref=Ref< undefined > > 
  at <LayoutLoader key="default" layoutProps= {ref: RefImpl} name="default" > 
  at <NuxtLayoutProvider layoutProps= {ref: RefImpl} key="default" name="default"  ... > 
  at <NuxtLayout> 
  at <App key=4 > 
  at <NuxtRoot> @ http://0.0.0.0:3001/_nuxt/@fs/Users/andrejkoval/Dev/vivadzen/src/front/node_modules/@vue/runtime-core/dist/runtime-core.esm-bundler.js?v=fd09ac8d:49
[  541348ms] [WARNING] [intlify] Not found parent scope. use the global scope. @ http://0.0.0.0:3001/_nuxt/node_modules/.cache/vite/client/deps/chunk-LY4OWT6B.js?v=fd09ac8d:3
[  541349ms] [WARNING] [Vue warn]: Hydration style mismatch on JSHandle@node 
  - rendered on server: style="width:1em;height:1em;--c613ce94-iconUrl:url('https://api.iconify.design/ci/shopping-cart-01.svg');"
  - expected on client: style="width:1em;height:1em;"
  Note: this mismatch is check-only. The DOM will not be rectified in production due to performance overhead.
  You should fix the source of the mismatch. 
  at <IconCSS name="ci:shopping-cart-01" class="kratom-product-card__action-icon" > 
  at <ProductCard key=333 product= {id: 333, name: Green Thai Kratom powder, slug: zeleny-thajsky-kratom-prasek-25g, price: 130.00, oldPrice: null} > 
  at <Index onVnodeUnmounted=fn<onVnodeUnmounted> ref=Ref< undefined > > 
  at <RouteProvider key="/en/catalog" vnode= {__v_isVNode: true, __v_skip: true, type: Object, props: Object, key: null} route= {fullPath: /en/catalog, hash: , query: Object, name: catalog___en, path: /en/catalog}  ... > 
  at <RouterView name=undefined route=undefined > 
  at <NuxtPage> 
  at <Body style= {background: #f8f1e6} > 
  at <Html lang="en-US" dir="ltr" > 
  at <Default ref=Ref< undefined > > 
  at <AsyncComponentWrapper ref=Ref< undefined > > 
  at <LayoutLoader key="default" layoutProps= {ref: RefImpl} name="default" > 
  at <NuxtLayoutProvider layoutProps= {ref: RefImpl} key="default" name="default"  ... > 
  at <NuxtLayout> 
  at <App key=4 > 
  at <NuxtRoot> @ http://0.0.0.0:3001/_nuxt/@fs/Users/andrejkoval/Dev/vivadzen/src/front/node_modules/@vue/runtime-core/dist/runtime-core.esm-bundler.js?v=fd09ac8d:49
[  541350ms] [WARNING] [intlify] Not found parent scope. use the global scope. @ http://0.0.0.0:3001/_nuxt/node_modules/.cache/vite/client/deps/chunk-LY4OWT6B.js?v=fd09ac8d:3
[  541350ms] [WARNING] [Vue warn]: Hydration style mismatch on JSHandle@node 
  - rendered on server: style="width:1em;height:1em;--c613ce94-iconUrl:url('https://api.iconify.design/ci/shopping-cart-01.svg');"
  - expected on client: style="width:1em;height:1em;"
  Note: this mismatch is check-only. The DOM will not be rectified in production due to performance overhead.
  You should fix the source of the mismatch. 
  at <IconCSS name="ci:shopping-cart-01" class="kratom-product-card__action-icon" > 
  at <ProductCard key=332 product= {id: 332, name: Red Maeng Da Kratom powder, slug: cervena-maeng-da-kratom-prasek-25g, price: 130.00, oldPrice: null} > 
  at <Index onVnodeUnmounted=fn<onVnodeUnmounted> ref=Ref< undefined > > 
  at <RouteProvider key="/en/catalog" vnode= {__v_isVNode: true, __v_skip: true, type: Object, props: Object, key: null} route= {fullPath: /en/catalog, hash: , query: Object, name: catalog___en, path: /en/catalog}  ... > 
  at <RouterView name=undefined route=undefined > 
  at <NuxtPage> 
  at <Body style= {background: #f8f1e6} > 
  at <Html lang="en-US" dir="ltr" > 
  at <Default ref=Ref< undefined > > 
  at <AsyncComponentWrapper ref=Ref< undefined > > 
  at <LayoutLoader key="default" layoutProps= {ref: RefImpl} name="default" > 
  at <NuxtLayoutProvider layoutProps= {ref: RefImpl} key="default" name="default"  ... > 
  at <NuxtLayout> 
  at <App key=4 > 
  at <NuxtRoot> @ http://0.0.0.0:3001/_nuxt/@fs/Users/andrejkoval/Dev/vivadzen/src/front/node_modules/@vue/runtime-core/dist/runtime-core.esm-bundler.js?v=fd09ac8d:49
[  541351ms] [WARNING] [intlify] Not found parent scope. use the global scope. @ http://0.0.0.0:3001/_nuxt/node_modules/.cache/vite/client/deps/chunk-LY4OWT6B.js?v=fd09ac8d:3
[  541352ms] [WARNING] [Vue warn]: Hydration style mismatch on JSHandle@node 
  - rendered on server: style="width:1em;height:1em;--c613ce94-iconUrl:url('https://api.iconify.design/ci/shopping-cart-01.svg');"
  - expected on client: style="width:1em;height:1em;"
  Note: this mismatch is check-only. The DOM will not be rectified in production due to performance overhead.
  You should fix the source of the mismatch. 
  at <IconCSS name="ci:shopping-cart-01" class="kratom-product-card__action-icon" > 
  at <ProductCard key=331 product= {id: 331, name: Green Maeng Da Kratom powder, slug: zelena-maeng-da-kratom-prasek-25g, price: 130.00, oldPrice: null} > 
  at <Index onVnodeUnmounted=fn<onVnodeUnmounted> ref=Ref< undefined > > 
  at <RouteProvider key="/en/catalog" vnode= {__v_isVNode: true, __v_skip: true, type: Object, props: Object, key: null} route= {fullPath: /en/catalog, hash: , query: Object, name: catalog___en, path: /en/catalog}  ... > 
  at <RouterView name=undefined route=undefined > 
  at <NuxtPage> 
  at <Body style= {background: #f8f1e6} > 
  at <Html lang="en-US" dir="ltr" > 
  at <Default ref=Ref< undefined > > 
  at <AsyncComponentWrapper ref=Ref< undefined > > 
  at <LayoutLoader key="default" layoutProps= {ref: RefImpl} name="default" > 
  at <NuxtLayoutProvider layoutProps= {ref: RefImpl} key="default" name="default"  ... > 
  at <NuxtLayout> 
  at <App key=4 > 
  at <NuxtRoot> @ http://0.0.0.0:3001/_nuxt/@fs/Users/andrejkoval/Dev/vivadzen/src/front/node_modules/@vue/runtime-core/dist/runtime-core.esm-bundler.js?v=fd09ac8d:49
[  541354ms] [LOG] [nuxt-app] page:finish: 1.760009765625 ms [Object] @ http://0.0.0.0:3001/_nuxt/@fs/Users/andrejkoval/Dev/vivadzen/src/front/node_modules/hookable/dist/index.mjs?v=fd09ac8d:271
[  541355ms] [LOG] [nuxt-app] page:loading:end: 0.72705078125 ms [] @ http://0.0.0.0:3001/_nuxt/@fs/Users/andrejkoval/Dev/vivadzen/src/front/node_modules/hookable/dist/index.mjs?v=fd09ac8d:271
[  541364ms] [WARNING] [intlify] Not found 'logo_alt' key in 'en' locale messages. @ http://0.0.0.0:3001/_nuxt/node_modules/.cache/vite/client/deps/chunk-LY4OWT6B.js?v=fd09ac8d:3
[  541364ms] [WARNING] [intlify] Fall back to translate 'logo_alt' key with 'cs' locale. @ http://0.0.0.0:3001/_nuxt/node_modules/.cache/vite/client/deps/chunk-LY4OWT6B.js?v=fd09ac8d:3
[  541364ms] [WARNING] [intlify] Not found 'logo_alt' key in 'cs' locale messages. @ http://0.0.0.0:3001/_nuxt/node_modules/.cache/vite/client/deps/chunk-LY4OWT6B.js?v=fd09ac8d:3
[  541364ms] [WARNING] [intlify] Fall back to translate 'logo_alt' with root locale. @ http://0.0.0.0:3001/_nuxt/node_modules/.cache/vite/client/deps/chunk-LY4OWT6B.js?v=fd09ac8d:3
[  541365ms] [WARNING] [intlify] Not found 'logo_alt' key in 'en' locale messages. @ http://0.0.0.0:3001/_nuxt/node_modules/.cache/vite/client/deps/chunk-LY4OWT6B.js?v=fd09ac8d:3
[  541365ms] [WARNING] [intlify] Fall back to translate 'logo_alt' key with 'cs' locale. @ http://0.0.0.0:3001/_nuxt/node_modules/.cache/vite/client/deps/chunk-LY4OWT6B.js?v=fd09ac8d:3
[  541365ms] [WARNING] [intlify] Not found 'logo_alt' key in 'cs' locale messages. @ http://0.0.0.0:3001/_nuxt/node_modules/.cache/vite/client/deps/chunk-LY4OWT6B.js?v=fd09ac8d:3
[  541365ms] [WARNING] [intlify] Not found 'title.cart' key in 'en' locale messages. @ http://0.0.0.0:3001/_nuxt/node_modules/.cache/vite/client/deps/chunk-LY4OWT6B.js?v=fd09ac8d:3
[  541366ms] [WARNING] [intlify] Fall back to translate 'title.cart' key with 'cs' locale. @ http://0.0.0.0:3001/_nuxt/node_modules/.cache/vite/client/deps/chunk-LY4OWT6B.js?v=fd09ac8d:3
[  541366ms] [WARNING] [intlify] Not found 'title.cart' key in 'cs' locale messages. @ http://0.0.0.0:3001/_nuxt/node_modules/.cache/vite/client/deps/chunk-LY4OWT6B.js?v=fd09ac8d:3
[  541366ms] [WARNING] [intlify] Fall back to translate 'title.cart' with root locale. @ http://0.0.0.0:3001/_nuxt/node_modules/.cache/vite/client/deps/chunk-LY4OWT6B.js?v=fd09ac8d:3
[  541369ms] [WARNING] [intlify] Not found 'logo_alt' key in 'en' locale messages. @ http://0.0.0.0:3001/_nuxt/node_modules/.cache/vite/client/deps/chunk-LY4OWT6B.js?v=fd09ac8d:3
[  541369ms] [WARNING] [intlify] Fall back to translate 'logo_alt' key with 'cs' locale. @ http://0.0.0.0:3001/_nuxt/node_modules/.cache/vite/client/deps/chunk-LY4OWT6B.js?v=fd09ac8d:3
[  541369ms] [WARNING] [intlify] Not found 'logo_alt' key in 'cs' locale messages. @ http://0.0.0.0:3001/_nuxt/node_modules/.cache/vite/client/deps/chunk-LY4OWT6B.js?v=fd09ac8d:3
[  541369ms] [WARNING] [intlify] Fall back to translate 'logo_alt' with root locale. @ http://0.0.0.0:3001/_nuxt/node_modules/.cache/vite/client/deps/chunk-LY4OWT6B.js?v=fd09ac8d:3
[  541370ms] [WARNING] [intlify] Not found 'logo_alt' key in 'en' locale messages. @ http://0.0.0.0:3001/_nuxt/node_modules/.cache/vite/client/deps/chunk-LY4OWT6B.js?v=fd09ac8d:3
[  541370ms] [WARNING] [intlify] Fall back to translate 'logo_alt' key with 'cs' locale. @ http://0.0.0.0:3001/_nuxt/node_modules/.cache/vite/client/deps/chunk-LY4OWT6B.js?v=fd09ac8d:3
[  541370ms] [WARNING] [intlify] Not found 'logo_alt' key in 'cs' locale messages. @ http://0.0.0.0:3001/_nuxt/node_modules/.cache/vite/client/deps/chunk-LY4OWT6B.js?v=fd09ac8d:3
[  541370ms] [WARNING] [intlify] Not found 'title.cart' key in 'en' locale messages. @ http://0.0.0.0:3001/_nuxt/node_modules/.cache/vite/client/deps/chunk-LY4OWT6B.js?v=fd09ac8d:3
[  541371ms] [WARNING] [intlify] Fall back to translate 'title.cart' key with 'cs' locale. @ http://0.0.0.0:3001/_nuxt/node_modules/.cache/vite/client/deps/chunk-LY4OWT6B.js?v=fd09ac8d:3
[  541371ms] [WARNING] [intlify] Not found 'title.cart' key in 'cs' locale messages. @ http://0.0.0.0:3001/_nuxt/node_modules/.cache/vite/client/deps/chunk-LY4OWT6B.js?v=fd09ac8d:3
[  541371ms] [WARNING] [intlify] Fall back to translate 'title.cart' with root locale. @ http://0.0.0.0:3001/_nuxt/node_modules/.cache/vite/client/deps/chunk-LY4OWT6B.js?v=fd09ac8d:3
[  541386ms] [LOG] [nuxt-app] schema-org:meta: 0.0869140625 ms [Object] @ http://0.0.0.0:3001/_nuxt/@fs/Users/andrejkoval/Dev/vivadzen/src/front/node_modules/hookable/dist/index.mjs?v=fd09ac8d:271
[  541387ms] [LOG] [nuxt-app] app:suspense:resolve: 19.325927734375 ms [] @ http://0.0.0.0:3001/_nuxt/@fs/Users/andrejkoval/Dev/vivadzen/src/front/node_modules/hookable/dist/index.mjs?v=fd09ac8d:271
[  541409ms] [LOG] [nuxt-app] link:prefetch: 0.847900390625 ms [/en/zeleny-rurut-nano-kratom-prasek-25g] @ http://0.0.0.0:3001/_nuxt/@fs/Users/andrejkoval/Dev/vivadzen/src/front/node_modules/hookable/dist/index.mjs?v=fd09ac8d:271
[  541410ms] [LOG] [nuxt-app] link:prefetch : 0.677001953125 ms [/en/zeleny-rurut-nano-kratom-prasek-25g] @ http://0.0.0.0:3001/_nuxt/@fs/Users/andrejkoval/Dev/vivadzen/src/front/node_modules/hookable/dist/index.mjs?v=fd09ac8d:271
[  543919ms] [WARNING] [intlify] Not found 'logo_alt' key in 'en' locale messages. @ http://0.0.0.0:3001/_nuxt/node_modules/.cache/vite/client/deps/chunk-LY4OWT6B.js?v=fd09ac8d:3
[  543919ms] [WARNING] [intlify] Fall back to translate 'logo_alt' key with 'cs' locale. @ http://0.0.0.0:3001/_nuxt/node_modules/.cache/vite/client/deps/chunk-LY4OWT6B.js?v=fd09ac8d:3
[  543919ms] [WARNING] [intlify] Not found 'logo_alt' key in 'cs' locale messages. @ http://0.0.0.0:3001/_nuxt/node_modules/.cache/vite/client/deps/chunk-LY4OWT6B.js?v=fd09ac8d:3
[  543919ms] [WARNING] [intlify] Fall back to translate 'logo_alt' with root locale. @ http://0.0.0.0:3001/_nuxt/node_modules/.cache/vite/client/deps/chunk-LY4OWT6B.js?v=fd09ac8d:3
[  543919ms] [WARNING] [intlify] Not found 'logo_alt' key in 'en' locale messages. @ http://0.0.0.0:3001/_nuxt/node_modules/.cache/vite/client/deps/chunk-LY4OWT6B.js?v=fd09ac8d:3
[  543919ms] [WARNING] [intlify] Fall back to translate 'logo_alt' key with 'cs' locale. @ http://0.0.0.0:3001/_nuxt/node_modules/.cache/vite/client/deps/chunk-LY4OWT6B.js?v=fd09ac8d:3
[  543919ms] [WARNING] [intlify] Not found 'logo_alt' key in 'cs' locale messages. @ http://0.0.0.0:3001/_nuxt/node_modules/.cache/vite/client/deps/chunk-LY4OWT6B.js?v=fd09ac8d:3
[  543920ms] [WARNING] [intlify] Not found 'title.cart' key in 'en' locale messages. @ http://0.0.0.0:3001/_nuxt/node_modules/.cache/vite/client/deps/chunk-LY4OWT6B.js?v=fd09ac8d:3
[  543920ms] [WARNING] [intlify] Fall back to translate 'title.cart' key with 'cs' locale. @ http://0.0.0.0:3001/_nuxt/node_modules/.cache/vite/client/deps/chunk-LY4OWT6B.js?v=fd09ac8d:3
[  543920ms] [WARNING] [intlify] Not found 'title.cart' key in 'cs' locale messages. @ http://0.0.0.0:3001/_nuxt/node_modules/.cache/vite/client/deps/chunk-LY4OWT6B.js?v=fd09ac8d:3
[  543920ms] [WARNING] [intlify] Fall back to translate 'title.cart' with root locale. @ http://0.0.0.0:3001/_nuxt/node_modules/.cache/vite/client/deps/chunk-LY4OWT6B.js?v=fd09ac8d:3
[  543929ms] [WARNING] Timer '[nuxt-app] link:prefetch' already exists @ http://0.0.0.0:3001/_nuxt/@fs/Users/andrejkoval/Dev/vivadzen/src/front/node_modules/hookable/dist/index.mjs?v=fd09ac8d:261
[  543929ms] [LOG] [nuxt-app] link:prefetch: 2520.7939453125 ms [/en/bila-maeng-da-kratom-prasek-25g] @ http://0.0.0.0:3001/_nuxt/@fs/Users/andrejkoval/Dev/vivadzen/src/front/node_modules/hookable/dist/index.mjs?v=fd09ac8d:271
[  543930ms] [WARNING] [intlify] Not found 'logo_alt' key in 'en' locale messages. @ http://0.0.0.0:3001/_nuxt/node_modules/.cache/vite/client/deps/chunk-LY4OWT6B.js?v=fd09ac8d:3
[  543930ms] [WARNING] [intlify] Fall back to translate 'logo_alt' key with 'cs' locale. @ http://0.0.0.0:3001/_nuxt/node_modules/.cache/vite/client/deps/chunk-LY4OWT6B.js?v=fd09ac8d:3
[  543930ms] [WARNING] [intlify] Not found 'logo_alt' key in 'cs' locale messages. @ http://0.0.0.0:3001/_nuxt/node_modules/.cache/vite/client/deps/chunk-LY4OWT6B.js?v=fd09ac8d:3
[  543930ms] [WARNING] [intlify] Fall back to translate 'logo_alt' with root locale. @ http://0.0.0.0:3001/_nuxt/node_modules/.cache/vite/client/deps/chunk-LY4OWT6B.js?v=fd09ac8d:3
[  543930ms] [WARNING] [intlify] Not found 'logo_alt' key in 'en' locale messages. @ http://0.0.0.0:3001/_nuxt/node_modules/.cache/vite/client/deps/chunk-LY4OWT6B.js?v=fd09ac8d:3
[  543930ms] [WARNING] [intlify] Fall back to translate 'logo_alt' key with 'cs' locale. @ http://0.0.0.0:3001/_nuxt/node_modules/.cache/vite/client/deps/chunk-LY4OWT6B.js?v=fd09ac8d:3
[  543930ms] [WARNING] [intlify] Not found 'logo_alt' key in 'cs' locale messages. @ http://0.0.0.0:3001/_nuxt/node_modules/.cache/vite/client/deps/chunk-LY4OWT6B.js?v=fd09ac8d:3
[  543931ms] [WARNING] [intlify] Not found 'title.cart' key in 'en' locale messages. @ http://0.0.0.0:3001/_nuxt/node_modules/.cache/vite/client/deps/chunk-LY4OWT6B.js?v=fd09ac8d:3
[  543931ms] [WARNING] [intlify] Fall back to translate 'title.cart' key with 'cs' locale. @ http://0.0.0.0:3001/_nuxt/node_modules/.cache/vite/client/deps/chunk-LY4OWT6B.js?v=fd09ac8d:3
[  543931ms] [WARNING] [intlify] Not found 'title.cart' key in 'cs' locale messages. @ http://0.0.0.0:3001/_nuxt/node_modules/.cache/vite/client/deps/chunk-LY4OWT6B.js?v=fd09ac8d:3
[  543931ms] [WARNING] [intlify] Fall back to translate 'title.cart' with root locale. @ http://0.0.0.0:3001/_nuxt/node_modules/.cache/vite/client/deps/chunk-LY4OWT6B.js?v=fd09ac8d:3
[  543961ms] [WARNING] Timer '[nuxt-app] link:prefetch' already exists @ http://0.0.0.0:3001/_nuxt/@fs/Users/andrejkoval/Dev/vivadzen/src/front/node_modules/hookable/dist/index.mjs?v=fd09ac8d:261
[  543961ms] [WARNING] Timer '[nuxt-app] link:prefetch ' already exists @ http://0.0.0.0:3001/_nuxt/@fs/Users/andrejkoval/Dev/vivadzen/src/front/node_modules/hookable/dist/index.mjs?v=fd09ac8d:261
[  543962ms] [LOG] [nuxt-app] link:prefetch: 2553.305908203125 ms [/en/bila-maeng-da-kratom-prasek-25g] @ http://0.0.0.0:3001/_nuxt/@fs/Users/andrejkoval/Dev/vivadzen/src/front/node_modules/hookable/dist/index.mjs?v=fd09ac8d:271
[  543962ms] [LOG] [nuxt-app] link:prefetch : 2553.1650390625 ms [/en/bily-slon-kratom-prasek-25g] @ http://0.0.0.0:3001/_nuxt/@fs/Users/andrejkoval/Dev/vivadzen/src/front/node_modules/hookable/dist/index.mjs?v=fd09ac8d:271
[  543962ms] [LOG] [nuxt-app] link:prefetch  : 1.160888671875 ms [/en/bily-slon-kratom-prasek-25g] @ http://0.0.0.0:3001/_nuxt/@fs/Users/andrejkoval/Dev/vivadzen/src/front/node_modules/hookable/dist/index.mjs?v=fd09ac8d:271
[  543962ms] [LOG] [nuxt-app] link:prefetch   : 1.241943359375 ms [/en/zeleny-thajsky-kratom-prasek-25g] @ http://0.0.0.0:3001/_nuxt/@fs/Users/andrejkoval/Dev/vivadzen/src/front/node_modules/hookable/dist/index.mjs?v=fd09ac8d:271
[  543963ms] [LOG] [nuxt-app] link:prefetch    : 1.52392578125 ms [/en/zeleny-thajsky-kratom-prasek-25g] @ http://0.0.0.0:3001/_nuxt/@fs/Users/andrejkoval/Dev/vivadzen/src/front/node_modules/hookable/dist/index.mjs?v=fd09ac8d:271
[  543963ms] [LOG] [nuxt-app] link:prefetch     : 1.757080078125 ms [/en/cervena-maeng-da-kratom-prasek-25g] @ http://0.0.0.0:3001/_nuxt/@fs/Users/andrejkoval/Dev/vivadzen/src/front/node_modules/hookable/dist/index.mjs?v=fd09ac8d:271
[  543963ms] [LOG] [nuxt-app] link:prefetch      : 2.0869140625 ms [/en/cervena-maeng-da-kratom-prasek-25g] @ http://0.0.0.0:3001/_nuxt/@fs/Users/andrejkoval/Dev/vivadzen/src/front/node_modules/hookable/dist/index.mjs?v=fd09ac8d:271
[  543964ms] [LOG] [nuxt-app] link:prefetch       : 2.359130859375 ms [/en/zelena-maeng-da-kratom-prasek-25g] @ http://0.0.0.0:3001/_nuxt/@fs/Users/andrejkoval/Dev/vivadzen/src/front/node_modules/hookable/dist/index.mjs?v=fd09ac8d:271
[  543964ms] [LOG] [nuxt-app] link:prefetch        : 2.60595703125 ms [/en/zelena-maeng-da-kratom-prasek-25g] @ http://0.0.0.0:3001/_nuxt/@fs/Users/andrejkoval/Dev/vivadzen/src/front/node_modules/hookable/dist/index.mjs?v=fd09ac8d:271
[  544491ms] [WARNING] [intlify] Not found 'logo_alt' key in 'en' locale messages. @ http://0.0.0.0:3001/_nuxt/node_modules/.cache/vite/client/deps/chunk-LY4OWT6B.js?v=fd09ac8d:3
[  544491ms] [WARNING] [intlify] Fall back to translate 'logo_alt' key with 'cs' locale. @ http://0.0.0.0:3001/_nuxt/node_modules/.cache/vite/client/deps/chunk-LY4OWT6B.js?v=fd09ac8d:3
[  544491ms] [WARNING] [intlify] Not found 'logo_alt' key in 'cs' locale messages. @ http://0.0.0.0:3001/_nuxt/node_modules/.cache/vite/client/deps/chunk-LY4OWT6B.js?v=fd09ac8d:3
[  544491ms] [WARNING] [intlify] Fall back to translate 'logo_alt' with root locale. @ http://0.0.0.0:3001/_nuxt/node_modules/.cache/vite/client/deps/chunk-LY4OWT6B.js?v=fd09ac8d:3
[  544491ms] [WARNING] [intlify] Not found 'logo_alt' key in 'en' locale messages. @ http://0.0.0.0:3001/_nuxt/node_modules/.cache/vite/client/deps/chunk-LY4OWT6B.js?v=fd09ac8d:3
[  544491ms] [WARNING] [intlify] Fall back to translate 'logo_alt' key with 'cs' locale. @ http://0.0.0.0:3001/_nuxt/node_modules/.cache/vite/client/deps/chunk-LY4OWT6B.js?v=fd09ac8d:3
[  544491ms] [WARNING] [intlify] Not found 'logo_alt' key in 'cs' locale messages. @ http://0.0.0.0:3001/_nuxt/node_modules/.cache/vite/client/deps/chunk-LY4OWT6B.js?v=fd09ac8d:3
[  544491ms] [WARNING] [intlify] Not found 'title.cart' key in 'en' locale messages. @ http://0.0.0.0:3001/_nuxt/node_modules/.cache/vite/client/deps/chunk-LY4OWT6B.js?v=fd09ac8d:3
[  544491ms] [WARNING] [intlify] Fall back to translate 'title.cart' key with 'cs' locale. @ http://0.0.0.0:3001/_nuxt/node_modules/.cache/vite/client/deps/chunk-LY4OWT6B.js?v=fd09ac8d:3
[  544492ms] [WARNING] [intlify] Not found 'title.cart' key in 'cs' locale messages. @ http://0.0.0.0:3001/_nuxt/node_modules/.cache/vite/client/deps/chunk-LY4OWT6B.js?v=fd09ac8d:3
[  544492ms] [WARNING] [intlify] Fall back to translate 'title.cart' with root locale. @ http://0.0.0.0:3001/_nuxt/node_modules/.cache/vite/client/deps/chunk-LY4OWT6B.js?v=fd09ac8d:3
[  544547ms] [WARNING] Timer '[nuxt-app] link:prefetch' already exists @ http://0.0.0.0:3001/_nuxt/@fs/Users/andrejkoval/Dev/vivadzen/src/front/node_modules/hookable/dist/index.mjs?v=fd09ac8d:261
[  544547ms] [WARNING] Timer '[nuxt-app] link:prefetch ' already exists @ http://0.0.0.0:3001/_nuxt/@fs/Users/andrejkoval/Dev/vivadzen/src/front/node_modules/hookable/dist/index.mjs?v=fd09ac8d:261
[  544548ms] [WARNING] Timer '[nuxt-app] link:prefetch  ' already exists @ http://0.0.0.0:3001/_nuxt/@fs/Users/andrejkoval/Dev/vivadzen/src/front/node_modules/hookable/dist/index.mjs?v=fd09ac8d:261
[  544549ms] [WARNING] Timer '[nuxt-app] link:prefetch   ' already exists @ http://0.0.0.0:3001/_nuxt/@fs/Users/andrejkoval/Dev/vivadzen/src/front/node_modules/hookable/dist/index.mjs?v=fd09ac8d:261
[  544550ms] [LOG] [nuxt-app] link:prefetch: 3141.409912109375 ms [/en/catalog] @ http://0.0.0.0:3001/_nuxt/@fs/Users/andrejkoval/Dev/vivadzen/src/front/node_modules/hookable/dist/index.mjs?v=fd09ac8d:271
[  544550ms] [LOG] [nuxt-app] link:prefetch : 3141.37109375 ms [/en/blog] @ http://0.0.0.0:3001/_nuxt/@fs/Users/andrejkoval/Dev/vivadzen/src/front/node_modules/hookable/dist/index.mjs?v=fd09ac8d:271
[  544551ms] [LOG] [nuxt-app] link:prefetch  : 589.6708984375 ms [/en/about] @ http://0.0.0.0:3001/_nuxt/@fs/Users/andrejkoval/Dev/vivadzen/src/front/node_modules/hookable/dist/index.mjs?v=fd09ac8d:271
[  544551ms] [LOG] [nuxt-app] link:prefetch   : 589.97900390625 ms [/en/contacts] @ http://0.0.0.0:3001/_nuxt/@fs/Users/andrejkoval/Dev/vivadzen/src/front/node_modules/hookable/dist/index.mjs?v=fd09ac8d:271
[  807636ms] [LOG] [nuxt-app] i18n:beforeLocaleSwitch: 0.173828125 ms [Object] @ http://0.0.0.0:3001/_nuxt/@fs/Users/andrejkoval/Dev/vivadzen/src/front/node_modules/hookable/dist/index.mjs?v=fd09ac8d:271
[  807643ms] [LOG] %cssr%c %s: %s 
      background: #7f8c8d;
      border-radius: 0.5em;
      color: white;
      font-weight: bold;
      padding: 2px 0.5em;
      [nitro-runtime] request 0.22ms 
  at timeLogImpl (node:internal/console/constructor)
  at node:internal/console/constructor
  at timeLogImpl (node:internal/util/debuglog)
 @ http://0.0.0.0:3001/_nuxt/@fs/Users/andrejkoval/Dev/vivadzen/src/front/node_modules/consola/dist/browser.mjs?v=fd09ac8d:47
[  807643ms] [LOG] %cssr%c %s: %s 
      background: #7f8c8d;
      border-radius: 0.5em;
      color: white;
      font-weight: bold;
      padding: 2px 0.5em;
      [nitro-runtime] site-config:init 0.015ms 
  at timeLogImpl (node:internal/console/constructor)
  at node:internal/console/constructor
  at timeLogImpl (node:internal/util/debuglog)
 @ http://0.0.0.0:3001/_nuxt/@fs/Users/andrejkoval/Dev/vivadzen/src/front/node_modules/consola/dist/browser.mjs?v=fd09ac8d:47
[  807643ms] [LOG] %cssr%c %s: %s 
      background: #7f8c8d;
      border-radius: 0.5em;
      color: white;
      font-weight: bold;
      padding: 2px 0.5em;
      [nitro-runtime] render:before 0.005ms 
  at timeLogImpl (node:internal/console/constructor)
  at node:internal/console/constructor
  at timeLogImpl (node:internal/util/debuglog)
 @ http://0.0.0.0:3001/_nuxt/@fs/Users/andrejkoval/Dev/vivadzen/src/front/node_modules/consola/dist/browser.mjs?v=fd09ac8d:47
[  807644ms] [LOG] %cssr%c %s: %s 
      background: #7f8c8d;
      border-radius: 0.5em;
      color: white;
      font-weight: bold;
      padding: 2px 0.5em;
      [nuxt-app] i18n:beforeLocaleSwitch 0.006ms 
  at timeLogImpl (node:internal/console/constructor)
  at node:internal/console/constructor
  at timeLogImpl (node:internal/util/debuglog)
 @ http://0.0.0.0:3001/_nuxt/@fs/Users/andrejkoval/Dev/vivadzen/src/front/node_modules/consola/dist/browser.mjs?v=fd09ac8d:47
[  807644ms] [LOG] %cssr%c %s: %s 
      background: #7f8c8d;
      border-radius: 0.5em;
      color: white;
      font-weight: bold;
      padding: 2px 0.5em;
      [nuxt-app] page:loading:start 0.003ms 
  at timeLogImpl (node:internal/console/constructor)
  at node:internal/console/constructor
  at timeLogImpl (node:internal/util/debuglog)
 @ http://0.0.0.0:3001/_nuxt/@fs/Users/andrejkoval/Dev/vivadzen/src/front/node_modules/consola/dist/browser.mjs?v=fd09ac8d:47
[  807644ms] [LOG] %cssr%c %s: %s 
      background: #7f8c8d;
      border-radius: 0.5em;
      color: white;
      font-weight: bold;
      padding: 2px 0.5em;
      [nuxt-app] i18n:beforeLocaleSwitch 0.004ms 
  at timeLogImpl (node:internal/console/constructor)
  at node:internal/console/constructor
  at timeLogImpl (node:internal/util/debuglog)
 @ http://0.0.0.0:3001/_nuxt/@fs/Users/andrejkoval/Dev/vivadzen/src/front/node_modules/consola/dist/browser.mjs?v=fd09ac8d:47
[  807644ms] [LOG] %cssr%c %s: %s 
      background: #7f8c8d;
      border-radius: 0.5em;
      color: white;
      font-weight: bold;
      padding: 2px 0.5em;
      [nuxt-app] app:created 3.552ms 
  at timeLogImpl (node:internal/console/constructor)
  at node:internal/console/constructor
  at timeLogImpl (node:internal/util/debuglog)
 @ http://0.0.0.0:3001/_nuxt/@fs/Users/andrejkoval/Dev/vivadzen/src/front/node_modules/consola/dist/browser.mjs?v=fd09ac8d:47
[  807644ms] [LOG] %cssr%c %s: %s 
      background: #7f8c8d;
      border-radius: 0.5em;
      color: white;
      font-weight: bold;
      padding: 2px 0.5em;
      [nuxt-app] vue:setup 0.001ms 
  at timeLogImpl (node:internal/console/constructor)
  at node:internal/console/constructor
  at timeLogImpl (node:internal/util/debuglog)
 @ http://0.0.0.0:3001/_nuxt/@fs/Users/andrejkoval/Dev/vivadzen/src/front/node_modules/consola/dist/browser.mjs?v=fd09ac8d:47
[  807644ms] [WARNING] %cssr:warn%c [intlify] Not found 'logo_alt' key in 'en' locale messages. 
      background: #f39c12;
      border-radius: 0.5em;
      color: white;
      font-weight: bold;
      padding: 2px 0.5em;
      
  at warn (/Users/andrejkoval/Dev/vivadzen/src/front/node_modules/@intlify/shared/dist/shared.mjs)
  at handleMissing (/Users/andrejkoval/Dev/vivadzen/src/front/node_modules/@intlify/core-base/dist/core-base.mjs)
  at resolveMessageFormat (/Users/andrejkoval/Dev/vivadzen/src/front/node_modules/@intlify/core-base/dist/core-base.mjs)
 @ http://0.0.0.0:3001/_nuxt/@fs/Users/andrejkoval/Dev/vivadzen/src/front/node_modules/consola/dist/browser.mjs?v=fd09ac8d:47
[  807644ms] [WARNING] %cssr:warn%c [intlify] Fall back to translate 'logo_alt' key with 'cs' locale. 
      background: #f39c12;
      border-radius: 0.5em;
      color: white;
      font-weight: bold;
      padding: 2px 0.5em;
      
  at warn (/Users/andrejkoval/Dev/vivadzen/src/front/node_modules/@intlify/shared/dist/shared.mjs)
  at resolveMessageFormat (/Users/andrejkoval/Dev/vivadzen/src/front/node_modules/@intlify/core-base/dist/core-base.mjs)
  at translate (/Users/andrejkoval/Dev/vivadzen/src/front/node_modules/@intlify/core-base/dist/core-base.mjs)
 @ http://0.0.0.0:3001/_nuxt/@fs/Users/andrejkoval/Dev/vivadzen/src/front/node_modules/consola/dist/browser.mjs?v=fd09ac8d:47
[  807644ms] [WARNING] %cssr:warn%c [intlify] Not found 'logo_alt' key in 'cs' locale messages. 
      background: #f39c12;
      border-radius: 0.5em;
      color: white;
      font-weight: bold;
      padding: 2px 0.5em;
      
  at warn (/Users/andrejkoval/Dev/vivadzen/src/front/node_modules/@intlify/shared/dist/shared.mjs)
  at handleMissing (/Users/andrejkoval/Dev/vivadzen/src/front/node_modules/@intlify/core-base/dist/core-base.mjs)
  at resolveMessageFormat (/Users/andrejkoval/Dev/vivadzen/src/front/node_modules/@intlify/core-base/dist/core-base.mjs)
 @ http://0.0.0.0:3001/_nuxt/@fs/Users/andrejkoval/Dev/vivadzen/src/front/node_modules/consola/dist/browser.mjs?v=fd09ac8d:47
[  807644ms] [WARNING] %cssr:warn%c [intlify] Fall back to translate 'logo_alt' with root locale. 
      background: #f39c12;
      border-radius: 0.5em;
      color: white;
      font-weight: bold;
      padding: 2px 0.5em;
      
  at warn (/Users/andrejkoval/Dev/vivadzen/src/front/node_modules/@intlify/shared/dist/shared.mjs)
  at wrapWithDeps (/Users/andrejkoval/Dev/vivadzen/src/front/node_modules/vue-i18n/dist/vue-i18n.mjs)
  at Proxy.t (/Users/andrejkoval/Dev/vivadzen/src/front/node_modules/vue-i18n/dist/vue-i18n.mjs)
 @ http://0.0.0.0:3001/_nuxt/@fs/Users/andrejkoval/Dev/vivadzen/src/front/node_modules/consola/dist/browser.mjs?v=fd09ac8d:47
[  807644ms] [WARNING] %cssr:warn%c [intlify] Not found 'logo_alt' key in 'en' locale messages. 
      background: #f39c12;
      border-radius: 0.5em;
      color: white;
      font-weight: bold;
      padding: 2px 0.5em;
      
  at warn (/Users/andrejkoval/Dev/vivadzen/src/front/node_modules/@intlify/shared/dist/shared.mjs)
  at handleMissing (/Users/andrejkoval/Dev/vivadzen/src/front/node_modules/@intlify/core-base/dist/core-base.mjs)
  at resolveMessageFormat (/Users/andrejkoval/Dev/vivadzen/src/front/node_modules/@intlify/core-base/dist/core-base.mjs)
 @ http://0.0.0.0:3001/_nuxt/@fs/Users/andrejkoval/Dev/vivadzen/src/front/node_modules/consola/dist/browser.mjs?v=fd09ac8d:47
[  807644ms] [WARNING] %cssr:warn%c [intlify] Fall back to translate 'logo_alt' key with 'cs' locale. 
      background: #f39c12;
      border-radius: 0.5em;
      color: white;
      font-weight: bold;
      padding: 2px 0.5em;
      
  at warn (/Users/andrejkoval/Dev/vivadzen/src/front/node_modules/@intlify/shared/dist/shared.mjs)
  at resolveMessageFormat (/Users/andrejkoval/Dev/vivadzen/src/front/node_modules/@intlify/core-base/dist/core-base.mjs)
  at translate (/Users/andrejkoval/Dev/vivadzen/src/front/node_modules/@intlify/core-base/dist/core-base.mjs)
 @ http://0.0.0.0:3001/_nuxt/@fs/Users/andrejkoval/Dev/vivadzen/src/front/node_modules/consola/dist/browser.mjs?v=fd09ac8d:47
[  807644ms] [WARNING] %cssr:warn%c [intlify] Not found 'logo_alt' key in 'cs' locale messages. 
      background: #f39c12;
      border-radius: 0.5em;
      color: white;
      font-weight: bold;
      padding: 2px 0.5em;
      
  at warn (/Users/andrejkoval/Dev/vivadzen/src/front/node_modules/@intlify/shared/dist/shared.mjs)
  at handleMissing (/Users/andrejkoval/Dev/vivadzen/src/front/node_modules/@intlify/core-base/dist/core-base.mjs)
  at resolveMessageFormat (/Users/andrejkoval/Dev/vivadzen/src/front/node_modules/@intlify/core-base/dist/core-base.mjs)
 @ http://0.0.0.0:3001/_nuxt/@fs/Users/andrejkoval/Dev/vivadzen/src/front/node_modules/consola/dist/browser.mjs?v=fd09ac8d:47
[  807644ms] [WARNING] %cssr:warn%c [intlify] Not found 'title.cart' key in 'en' locale messages. 
      background: #f39c12;
      border-radius: 0.5em;
      color: white;
      font-weight: bold;
      padding: 2px 0.5em;
      
  at warn (/Users/andrejkoval/Dev/vivadzen/src/front/node_modules/@intlify/shared/dist/shared.mjs)
  at handleMissing (/Users/andrejkoval/Dev/vivadzen/src/front/node_modules/@intlify/core-base/dist/core-base.mjs)
  at resolveMessageFormat (/Users/andrejkoval/Dev/vivadzen/src/front/node_modules/@intlify/core-base/dist/core-base.mjs)
 @ http://0.0.0.0:3001/_nuxt/@fs/Users/andrejkoval/Dev/vivadzen/src/front/node_modules/consola/dist/browser.mjs?v=fd09ac8d:47
[  807644ms] [WARNING] %cssr:warn%c [intlify] Fall back to translate 'title.cart' key with 'cs' locale. 
      background: #f39c12;
      border-radius: 0.5em;
      color: white;
      font-weight: bold;
      padding: 2px 0.5em;
      
  at warn (/Users/andrejkoval/Dev/vivadzen/src/front/node_modules/@intlify/shared/dist/shared.mjs)
  at resolveMessageFormat (/Users/andrejkoval/Dev/vivadzen/src/front/node_modules/@intlify/core-base/dist/core-base.mjs)
  at translate (/Users/andrejkoval/Dev/vivadzen/src/front/node_modules/@intlify/core-base/dist/core-base.mjs)
 @ http://0.0.0.0:3001/_nuxt/@fs/Users/andrejkoval/Dev/vivadzen/src/front/node_modules/consola/dist/browser.mjs?v=fd09ac8d:47
[  807644ms] [WARNING] %cssr:warn%c [intlify] Not found 'title.cart' key in 'cs' locale messages. 
      background: #f39c12;
      border-radius: 0.5em;
      color: white;
      font-weight: bold;
      padding: 2px 0.5em;
      
  at warn (/Users/andrejkoval/Dev/vivadzen/src/front/node_modules/@intlify/shared/dist/shared.mjs)
  at handleMissing (/Users/andrejkoval/Dev/vivadzen/src/front/node_modules/@intlify/core-base/dist/core-base.mjs)
  at resolveMessageFormat (/Users/andrejkoval/Dev/vivadzen/src/front/node_modules/@intlify/core-base/dist/core-base.mjs)
 @ http://0.0.0.0:3001/_nuxt/@fs/Users/andrejkoval/Dev/vivadzen/src/front/node_modules/consola/dist/browser.mjs?v=fd09ac8d:47
[  807644ms] [WARNING] %cssr:warn%c [intlify] Fall back to translate 'title.cart' with root locale. 
      background: #f39c12;
      border-radius: 0.5em;
      color: white;
      font-weight: bold;
      padding: 2px 0.5em;
      
  at warn (/Users/andrejkoval/Dev/vivadzen/src/front/node_modules/@intlify/shared/dist/shared.mjs)
  at wrapWithDeps (/Users/andrejkoval/Dev/vivadzen/src/front/node_modules/vue-i18n/dist/vue-i18n.mjs)
  at Proxy.t (/Users/andrejkoval/Dev/vivadzen/src/front/node_modules/vue-i18n/dist/vue-i18n.mjs)
 @ http://0.0.0.0:3001/_nuxt/@fs/Users/andrejkoval/Dev/vivadzen/src/front/node_modules/consola/dist/browser.mjs?v=fd09ac8d:47
[  807644ms] [WARNING] %cssr:warn%c [intlify] Not found parent scope. use the global scope. 
      background: #f39c12;
      border-radius: 0.5em;
      color: white;
      font-weight: bold;
      padding: 2px 0.5em;
      
  at warn (/Users/andrejkoval/Dev/vivadzen/src/front/node_modules/@intlify/shared/dist/shared.mjs)
  at useI18n (/Users/andrejkoval/Dev/vivadzen/src/front/node_modules/vue-i18n/dist/vue-i18n.mjs)
  at setup (/Users/andrejkoval/Dev/vivadzen/src/front/node_modules/vue-i18n/dist/vue-i18n.mjs)
 @ http://0.0.0.0:3001/_nuxt/@fs/Users/andrejkoval/Dev/vivadzen/src/front/node_modules/consola/dist/browser.mjs?v=fd09ac8d:47
[  807645ms] [WARNING] %cssr:warn%c [intlify] Not found parent scope. use the global scope. 
      background: #f39c12;
      border-radius: 0.5em;
      color: white;
      font-weight: bold;
      padding: 2px 0.5em;
      
  at warn (/Users/andrejkoval/Dev/vivadzen/src/front/node_modules/@intlify/shared/dist/shared.mjs)
  at useI18n (/Users/andrejkoval/Dev/vivadzen/src/front/node_modules/vue-i18n/dist/vue-i18n.mjs)
  at setup (/Users/andrejkoval/Dev/vivadzen/src/front/node_modules/vue-i18n/dist/vue-i18n.mjs)
 @ http://0.0.0.0:3001/_nuxt/@fs/Users/andrejkoval/Dev/vivadzen/src/front/node_modules/consola/dist/browser.mjs?v=fd09ac8d:47
[  807645ms] [WARNING] %cssr:warn%c [intlify] Not found parent scope. use the global scope. 
      background: #f39c12;
      border-radius: 0.5em;
      color: white;
      font-weight: bold;
      padding: 2px 0.5em;
      
  at warn (/Users/andrejkoval/Dev/vivadzen/src/front/node_modules/@intlify/shared/dist/shared.mjs)
  at useI18n (/Users/andrejkoval/Dev/vivadzen/src/front/node_modules/vue-i18n/dist/vue-i18n.mjs)
  at setup (/Users/andrejkoval/Dev/vivadzen/src/front/node_modules/vue-i18n/dist/vue-i18n.mjs)
 @ http://0.0.0.0:3001/_nuxt/@fs/Users/andrejkoval/Dev/vivadzen/src/front/node_modules/consola/dist/browser.mjs?v=fd09ac8d:47
[  807645ms] [WARNING] %cssr:warn%c [intlify] Not found parent scope. use the global scope. 
      background: #f39c12;
      border-radius: 0.5em;
      color: white;
      font-weight: bold;
      padding: 2px 0.5em;
      
  at warn (/Users/andrejkoval/Dev/vivadzen/src/front/node_modules/@intlify/shared/dist/shared.mjs)
  at useI18n (/Users/andrejkoval/Dev/vivadzen/src/front/node_modules/vue-i18n/dist/vue-i18n.mjs)
  at setup (/Users/andrejkoval/Dev/vivadzen/src/front/node_modules/vue-i18n/dist/vue-i18n.mjs)
 @ http://0.0.0.0:3001/_nuxt/@fs/Users/andrejkoval/Dev/vivadzen/src/front/node_modules/consola/dist/browser.mjs?v=fd09ac8d:47
[  807645ms] [WARNING] %cssr:warn%c [intlify] Not found parent scope. use the global scope. 
      background: #f39c12;
      border-radius: 0.5em;
      color: white;
      font-weight: bold;
      padding: 2px 0.5em;
      
  at warn (/Users/andrejkoval/Dev/vivadzen/src/front/node_modules/@intlify/shared/dist/shared.mjs)
  at useI18n (/Users/andrejkoval/Dev/vivadzen/src/front/node_modules/vue-i18n/dist/vue-i18n.mjs)
  at setup (/Users/andrejkoval/Dev/vivadzen/src/front/node_modules/vue-i18n/dist/vue-i18n.mjs)
 @ http://0.0.0.0:3001/_nuxt/@fs/Users/andrejkoval/Dev/vivadzen/src/front/node_modules/consola/dist/browser.mjs?v=fd09ac8d:47
[  807645ms] [WARNING] %cssr:warn%c [intlify] Not found parent scope. use the global scope. 
      background: #f39c12;
      border-radius: 0.5em;
      color: white;
      font-weight: bold;
      padding: 2px 0.5em;
      
  at timeLogImpl (node:internal/console/constructor)
  at node:internal/console/constructor
  at timeLogImpl (node:internal/util/debuglog)
 @ http://0.0.0.0:3001/_nuxt/@fs/Users/andrejkoval/Dev/vivadzen/src/front/node_modules/consola/dist/browser.mjs?v=fd09ac8d:47
[  807645ms] [LOG] %cssr%c %s: %s 
      background: #7f8c8d;
      border-radius: 0.5em;
      color: white;
      font-weight: bold;
      padding: 2px 0.5em;
      [nuxt-app] app:rendered 0.088ms 
  at timeLogImpl (node:internal/console/constructor)
  at node:internal/console/constructor
  at timeLogImpl (node:internal/util/debuglog)
 @ http://0.0.0.0:3001/_nuxt/@fs/Users/andrejkoval/Dev/vivadzen/src/front/node_modules/consola/dist/browser.mjs?v=fd09ac8d:47
[  807645ms] [LOG] %cssr%c %s: %s 
      background: #7f8c8d;
      border-radius: 0.5em;
      color: white;
      font-weight: bold;
      padding: 2px 0.5em;
      [nuxt-app] schema-org:meta 0.004ms 
  at timeLogImpl (node:internal/console/constructor)
  at node:internal/console/constructor
  at timeLogImpl (node:internal/util/debuglog)
 @ http://0.0.0.0:3001/_nuxt/@fs/Users/andrejkoval/Dev/vivadzen/src/front/node_modules/consola/dist/browser.mjs?v=fd09ac8d:47
[  807645ms] [LOG] [nuxt-app] dev:ssr-logs: 1.903076171875 ms [Array(27)] @ http://0.0.0.0:3001/_nuxt/@fs/Users/andrejkoval/Dev/vivadzen/src/front/node_modules/hookable/dist/index.mjs?v=fd09ac8d:271
[  807649ms] [LOG] [nuxt-app] page:loading:start: 0.116943359375 ms [] @ http://0.0.0.0:3001/_nuxt/@fs/Users/andrejkoval/Dev/vivadzen/src/front/node_modules/hookable/dist/index.mjs?v=fd09ac8d:271
[  807665ms] [WARNING] Timer '[nuxt-app] i18n:beforeLocaleSwitch' already exists @ http://0.0.0.0:3001/_nuxt/@fs/Users/andrejkoval/Dev/vivadzen/src/front/node_modules/hookable/dist/index.mjs?v=fd09ac8d:261
[  807665ms] [LOG] [nuxt-app] i18n:beforeLocaleSwitch: 28.6240234375 ms [Object] @ http://0.0.0.0:3001/_nuxt/@fs/Users/andrejkoval/Dev/vivadzen/src/front/node_modules/hookable/dist/index.mjs?v=fd09ac8d:271
[  807666ms] [LOG] [nuxt-app] app:created: 17.09912109375 ms [Object] @ http://0.0.0.0:3001/_nuxt/@fs/Users/andrejkoval/Dev/vivadzen/src/front/node_modules/hookable/dist/index.mjs?v=fd09ac8d:271
[  807666ms] [LOG] [nuxt-app] app:beforeMount: 0.044921875 ms [Object] @ http://0.0.0.0:3001/_nuxt/@fs/Users/andrejkoval/Dev/vivadzen/src/front/node_modules/hookable/dist/index.mjs?v=fd09ac8d:271
[  807668ms] [LOG] [nuxt-app] vue:setup: 0.08984375 ms [] @ http://0.0.0.0:3001/_nuxt/@fs/Users/andrejkoval/Dev/vivadzen/src/front/node_modules/hookable/dist/index.mjs?v=fd09ac8d:271
[  807669ms] [INFO] <Suspense> is an experimental feature and its API will likely change. @ http://0.0.0.0:3001/_nuxt/@fs/Users/andrejkoval/Dev/vivadzen/src/front/node_modules/@vue/runtime-core/dist/runtime-core.esm-bundler.js?v=fd09ac8d:7155
[  807670ms] [LOG] [nuxt-app] app:mounted: 0.133056640625 ms [Object] @ http://0.0.0.0:3001/_nuxt/@fs/Users/andrejkoval/Dev/vivadzen/src/front/node_modules/hookable/dist/index.mjs?v=fd09ac8d:271
[  807671ms] [LOG] [Content] WS connect to ws://localhost:4000/ws @ http://0.0.0.0:3001/_nuxt/@fs/Users/andrejkoval/Dev/vivadzen/src/front/node_modules/@nuxt/content/dist/runtime/composables/web-socket.js?v=fd09ac8d:4
[  807715ms] [LOG] [Content] WS connected! @ http://0.0.0.0:3001/_nuxt/@fs/Users/andrejkoval/Dev/vivadzen/src/front/node_modules/@nuxt/content/dist/runtime/composables/web-socket.js?v=fd09ac8d:4
[  807726ms] [WARNING] [intlify] Not found 'logo_alt' key in 'en' locale messages. @ http://0.0.0.0:3001/_nuxt/node_modules/.cache/vite/client/deps/chunk-LY4OWT6B.js?v=fd09ac8d:3
[  807726ms] [WARNING] [intlify] Fall back to translate 'logo_alt' key with 'cs' locale. @ http://0.0.0.0:3001/_nuxt/node_modules/.cache/vite/client/deps/chunk-LY4OWT6B.js?v=fd09ac8d:3
[  807727ms] [WARNING] [intlify] Not found 'logo_alt' key in 'cs' locale messages. @ http://0.0.0.0:3001/_nuxt/node_modules/.cache/vite/client/deps/chunk-LY4OWT6B.js?v=fd09ac8d:3
[  807727ms] [WARNING] [intlify] Fall back to translate 'logo_alt' with root locale. @ http://0.0.0.0:3001/_nuxt/node_modules/.cache/vite/client/deps/chunk-LY4OWT6B.js?v=fd09ac8d:3
[  807727ms] [WARNING] [intlify] Not found 'logo_alt' key in 'en' locale messages. @ http://0.0.0.0:3001/_nuxt/node_modules/.cache/vite/client/deps/chunk-LY4OWT6B.js?v=fd09ac8d:3
[  807727ms] [WARNING] [intlify] Fall back to translate 'logo_alt' key with 'cs' locale. @ http://0.0.0.0:3001/_nuxt/node_modules/.cache/vite/client/deps/chunk-LY4OWT6B.js?v=fd09ac8d:3
[  807727ms] [WARNING] [intlify] Not found 'logo_alt' key in 'cs' locale messages. @ http://0.0.0.0:3001/_nuxt/node_modules/.cache/vite/client/deps/chunk-LY4OWT6B.js?v=fd09ac8d:3
[  807728ms] [WARNING] [intlify] Not found 'title.cart' key in 'en' locale messages. @ http://0.0.0.0:3001/_nuxt/node_modules/.cache/vite/client/deps/chunk-LY4OWT6B.js?v=fd09ac8d:3
[  807728ms] [WARNING] [intlify] Fall back to translate 'title.cart' key with 'cs' locale. @ http://0.0.0.0:3001/_nuxt/node_modules/.cache/vite/client/deps/chunk-LY4OWT6B.js?v=fd09ac8d:3
[  807729ms] [WARNING] [intlify] Not found 'title.cart' key in 'cs' locale messages. @ http://0.0.0.0:3001/_nuxt/node_modules/.cache/vite/client/deps/chunk-LY4OWT6B.js?v=fd09ac8d:3
[  807729ms] [WARNING] [intlify] Fall back to translate 'title.cart' with root locale. @ http://0.0.0.0:3001/_nuxt/node_modules/.cache/vite/client/deps/chunk-LY4OWT6B.js?v=fd09ac8d:3
[  807734ms] [WARNING] [Vue warn]: Hydration style mismatch on JSHandle@node 
  - rendered on server: style="width:1em;height:1em;--c613ce94-iconUrl:url('https://api.iconify.design/iconoir/nav-arrow-down.svg');"
  - expected on client: style="width:1em;height:1em;"
  Note: this mismatch is check-only. The DOM will not be rectified in production due to performance overhead.
  You should fix the source of the mismatch. 
  at <IconCSS name="iconoir:nav-arrow-down" class="lang-switcher__chevron" > 
  at <Header> 
  at <Body style= {background: #f8f1e6} > 
  at <Html lang="en-US" dir="ltr" > 
  at <Default ref=Ref< undefined > > 
  at <AsyncComponentWrapper ref=Ref< undefined > > 
  at <LayoutLoader key="default" layoutProps= {ref: RefImpl} name="default" > 
  at <NuxtLayoutProvider layoutProps= {ref: RefImpl} key="default" name="default"  ... > 
  at <NuxtLayout> 
  at <App key=4 > 
  at <NuxtRoot> @ http://0.0.0.0:3001/_nuxt/@fs/Users/andrejkoval/Dev/vivadzen/src/front/node_modules/@vue/runtime-core/dist/runtime-core.esm-bundler.js?v=fd09ac8d:49
[  807734ms] [ERROR] Hydration completed but contains mismatches. @ http://0.0.0.0:3001/_nuxt/@fs/Users/andrejkoval/Dev/vivadzen/src/front/node_modules/@vue/runtime-core/dist/runtime-core.esm-bundler.js?v=fd09ac8d:1847
[  807734ms] [WARNING] [Vue warn]: Hydration style mismatch on JSHandle@node 
  - rendered on server: style="width:1em;height:1em;--c613ce94-iconUrl:url('https://api.iconify.design/ci/shopping-cart-01.svg');"
  - expected on client: style="width:1em;height:1em;"
  Note: this mismatch is check-only. The DOM will not be rectified in production due to performance overhead.
  You should fix the source of the mismatch. 
  at <IconCSS name="ci:shopping-cart-01" class="hero-header__cart-icon" > 
  at <Header> 
  at <Body style= {background: #f8f1e6} > 
  at <Html lang="en-US" dir="ltr" > 
  at <Default ref=Ref< undefined > > 
  at <AsyncComponentWrapper ref=Ref< undefined > > 
  at <LayoutLoader key="default" layoutProps= {ref: RefImpl} name="default" > 
  at <NuxtLayoutProvider layoutProps= {ref: RefImpl} key="default" name="default"  ... > 
  at <NuxtLayout> 
  at <App key=4 > 
  at <NuxtRoot> @ http://0.0.0.0:3001/_nuxt/@fs/Users/andrejkoval/Dev/vivadzen/src/front/node_modules/@vue/runtime-core/dist/runtime-core.esm-bundler.js?v=fd09ac8d:49
[  807736ms] [WARNING] [Vue warn]: Hydration style mismatch on JSHandle@node 
  - rendered on server: style="width:1em;height:1em;--c613ce94-iconUrl:url('https://api.iconify.design/mynaui/telephone-call.svg');"
  - expected on client: style="width:1em;height:1em;"
  Note: this mismatch is check-only. The DOM will not be rectified in production due to performance overhead.
  You should fix the source of the mismatch. 
  at <IconCSS name="mynaui:telephone-call" class="hero-mobile-menu__contact-icon" > 
  at <Header> 
  at <Body style= {background: #f8f1e6} > 
  at <Html lang="en-US" dir="ltr" > 
  at <Default ref=Ref< undefined > > 
  at <AsyncComponentWrapper ref=Ref< undefined > > 
  at <LayoutLoader key="default" layoutProps= {ref: RefImpl} name="default" > 
  at <NuxtLayoutProvider layoutProps= {ref: RefImpl} key="default" name="default"  ... > 
  at <NuxtLayout> 
  at <App key=4 > 
  at <NuxtRoot> @ http://0.0.0.0:3001/_nuxt/@fs/Users/andrejkoval/Dev/vivadzen/src/front/node_modules/@vue/runtime-core/dist/runtime-core.esm-bundler.js?v=fd09ac8d:49
[  807736ms] [WARNING] [Vue warn]: Hydration style mismatch on JSHandle@node 
  - rendered on server: style="width:1em;height:1em;--c613ce94-iconUrl:url('https://api.iconify.design/ic/round-alternate-email.svg');"
  - expected on client: style="width:1em;height:1em;"
  Note: this mismatch is check-only. The DOM will not be rectified in production due to performance overhead.
  You should fix the source of the mismatch. 
  at <IconCSS name="ic:round-alternate-email" class="hero-mobile-menu__contact-icon" > 
  at <Header> 
  at <Body style= {background: #f8f1e6} > 
  at <Html lang="en-US" dir="ltr" > 
  at <Default ref=Ref< undefined > > 
  at <AsyncComponentWrapper ref=Ref< undefined > > 
  at <LayoutLoader key="default" layoutProps= {ref: RefImpl} name="default" > 
  at <NuxtLayoutProvider layoutProps= {ref: RefImpl} key="default" name="default"  ... > 
  at <NuxtLayout> 
  at <App key=4 > 
  at <NuxtRoot> @ http://0.0.0.0:3001/_nuxt/@fs/Users/andrejkoval/Dev/vivadzen/src/front/node_modules/@vue/runtime-core/dist/runtime-core.esm-bundler.js?v=fd09ac8d:49
[  807736ms] [WARNING] [Vue warn]: Hydration style mismatch on JSHandle@node 
  - rendered on server: style="width:1em;height:1em;--c613ce94-iconUrl:url('https://api.iconify.design/mynaui/location.svg');"
  - expected on client: style="width:1em;height:1em;"
  Note: this mismatch is check-only. The DOM will not be rectified in production due to performance overhead.
  You should fix the source of the mismatch. 
  at <IconCSS name="mynaui:location" class="hero-mobile-menu__contact-icon" > 
  at <Header> 
  at <Body style= {background: #f8f1e6} > 
  at <Html lang="en-US" dir="ltr" > 
  at <Default ref=Ref< undefined > > 
  at <AsyncComponentWrapper ref=Ref< undefined > > 
  at <LayoutLoader key="default" layoutProps= {ref: RefImpl} name="default" > 
  at <NuxtLayoutProvider layoutProps= {ref: RefImpl} key="default" name="default"  ... > 
  at <NuxtLayout> 
  at <App key=4 > 
  at <NuxtRoot> @ http://0.0.0.0:3001/_nuxt/@fs/Users/andrejkoval/Dev/vivadzen/src/front/node_modules/@vue/runtime-core/dist/runtime-core.esm-bundler.js?v=fd09ac8d:49
[  807737ms] [WARNING] [Vue warn]: Hydration style mismatch on JSHandle@node 
  - rendered on server: style="width:1em;height:1em;--c613ce94-iconUrl:url('https://api.iconify.design/mynaui/clock-4.svg');"
  - expected on client: style="width:1em;height:1em;"
  Note: this mismatch is check-only. The DOM will not be rectified in production due to performance overhead.
  You should fix the source of the mismatch. 
  at <IconCSS name="mynaui:clock-4" class="hero-mobile-menu__contact-icon" > 
  at <Header> 
  at <Body style= {background: #f8f1e6} > 
  at <Html lang="en-US" dir="ltr" > 
  at <Default ref=Ref< undefined > > 
  at <AsyncComponentWrapper ref=Ref< undefined > > 
  at <LayoutLoader key="default" layoutProps= {ref: RefImpl} name="default" > 
  at <NuxtLayoutProvider layoutProps= {ref: RefImpl} key="default" name="default"  ... > 
  at <NuxtLayout> 
  at <App key=4 > 
  at <NuxtRoot> @ http://0.0.0.0:3001/_nuxt/@fs/Users/andrejkoval/Dev/vivadzen/src/front/node_modules/@vue/runtime-core/dist/runtime-core.esm-bundler.js?v=fd09ac8d:49
[  807741ms] [WARNING] [Vue warn]: Hydration style mismatch on JSHandle@node 
  - rendered on server: style="width:1em;height:1em;--c613ce94-iconUrl:url('https://api.iconify.design/ph/telegram-logo.svg');"
  - expected on client: style="width:1em;height:1em;"
  Note: this mismatch is check-only. The DOM will not be rectified in production due to performance overhead.
  You should fix the source of the mismatch. 
  at <IconCSS name="ph:telegram-logo" > 
  at <SiteFooter> 
  at <Body style= {background: #f8f1e6} > 
  at <Html lang="en-US" dir="ltr" > 
  at <Default ref=Ref< undefined > > 
  at <AsyncComponentWrapper ref=Ref< undefined > > 
  at <LayoutLoader key="default" layoutProps= {ref: RefImpl} name="default" > 
  at <NuxtLayoutProvider layoutProps= {ref: RefImpl} key="default" name="default"  ... > 
  at <NuxtLayout> 
  at <App key=4 > 
  at <NuxtRoot> @ http://0.0.0.0:3001/_nuxt/@fs/Users/andrejkoval/Dev/vivadzen/src/front/node_modules/@vue/runtime-core/dist/runtime-core.esm-bundler.js?v=fd09ac8d:49
[  807741ms] [WARNING] [Vue warn]: Hydration style mismatch on JSHandle@node 
  - rendered on server: style="width:1em;height:1em;--c613ce94-iconUrl:url('https://api.iconify.design/ph/whatsapp-logo.svg');"
  - expected on client: style="width:1em;height:1em;"
  Note: this mismatch is check-only. The DOM will not be rectified in production due to performance overhead.
  You should fix the source of the mismatch. 
  at <IconCSS name="ph:whatsapp-logo" > 
  at <SiteFooter> 
  at <Body style= {background: #f8f1e6} > 
  at <Html lang="en-US" dir="ltr" > 
  at <Default ref=Ref< undefined > > 
  at <AsyncComponentWrapper ref=Ref< undefined > > 
  at <LayoutLoader key="default" layoutProps= {ref: RefImpl} name="default" > 
  at <NuxtLayoutProvider layoutProps= {ref: RefImpl} key="default" name="default"  ... > 
  at <NuxtLayout> 
  at <App key=4 > 
  at <NuxtRoot> @ http://0.0.0.0:3001/_nuxt/@fs/Users/andrejkoval/Dev/vivadzen/src/front/node_modules/@vue/runtime-core/dist/runtime-core.esm-bundler.js?v=fd09ac8d:49
[  807742ms] [WARNING] [Vue warn]: Hydration style mismatch on JSHandle@node 
  - rendered on server: style="width:1em;height:1em;--c613ce94-iconUrl:url('https://api.iconify.design/iconoir/instagram.svg');"
  - expected on client: style="width:1em;height:1em;"
  Note: this mismatch is check-only. The DOM will not be rectified in production due to performance overhead.
  You should fix the source of the mismatch. 
  at <IconCSS name="iconoir:instagram" > 
  at <SiteFooter> 
  at <Body style= {background: #f8f1e6} > 
  at <Html lang="en-US" dir="ltr" > 
  at <Default ref=Ref< undefined > > 
  at <AsyncComponentWrapper ref=Ref< undefined > > 
  at <LayoutLoader key="default" layoutProps= {ref: RefImpl} name="default" > 
  at <NuxtLayoutProvider layoutProps= {ref: RefImpl} key="default" name="default"  ... > 
  at <NuxtLayout> 
  at <App key=4 > 
  at <NuxtRoot> @ http://0.0.0.0:3001/_nuxt/@fs/Users/andrejkoval/Dev/vivadzen/src/front/node_modules/@vue/runtime-core/dist/runtime-core.esm-bundler.js?v=fd09ac8d:49
[  807746ms] [WARNING] [intlify] Not found parent scope. use the global scope. @ http://0.0.0.0:3001/_nuxt/node_modules/.cache/vite/client/deps/chunk-LY4OWT6B.js?v=fd09ac8d:3
[  807747ms] [WARNING] [Vue warn]: Hydration style mismatch on JSHandle@node 
  - rendered on server: style="width:1em;height:1em;--c613ce94-iconUrl:url('https://api.iconify.design/ci/shopping-cart-01.svg');"
  - expected on client: style="width:1em;height:1em;"
  Note: this mismatch is check-only. The DOM will not be rectified in production due to performance overhead.
  You should fix the source of the mismatch. 
  at <IconCSS name="ci:shopping-cart-01" class="kratom-product-card__action-icon" > 
  at <ProductCard key=391 product= {id: 391, name: Green Rurut Nano kratom powder - 25g, slug: zeleny-rurut-nano-kratom-prasek-25g, price: 140.00, oldPrice: null} > 
  at <Index onVnodeUnmounted=fn<onVnodeUnmounted> ref=Ref< undefined > > 
  at <RouteProvider key="/en/catalog" vnode= {__v_isVNode: true, __v_skip: true, type: Object, props: Object, key: null} route= {fullPath: /en/catalog, hash: , query: Object, name: catalog___en, path: /en/catalog}  ... > 
  at <RouterView name=undefined route=undefined > 
  at <NuxtPage> 
  at <Body style= {background: #f8f1e6} > 
  at <Html lang="en-US" dir="ltr" > 
  at <Default ref=Ref< undefined > > 
  at <AsyncComponentWrapper ref=Ref< undefined > > 
  at <LayoutLoader key="default" layoutProps= {ref: RefImpl} name="default" > 
  at <NuxtLayoutProvider layoutProps= {ref: RefImpl} key="default" name="default"  ... > 
  at <NuxtLayout> 
  at <App key=4 > 
  at <NuxtRoot> @ http://0.0.0.0:3001/_nuxt/@fs/Users/andrejkoval/Dev/vivadzen/src/front/node_modules/@vue/runtime-core/dist/runtime-core.esm-bundler.js?v=fd09ac8d:49
[  807749ms] [WARNING] [intlify] Not found parent scope. use the global scope. @ http://0.0.0.0:3001/_nuxt/node_modules/.cache/vite/client/deps/chunk-LY4OWT6B.js?v=fd09ac8d:3
[  807749ms] [WARNING] [Vue warn]: Hydration style mismatch on JSHandle@node 
  - rendered on server: style="width:1em;height:1em;--c613ce94-iconUrl:url('https://api.iconify.design/ci/shopping-cart-01.svg');"
  - expected on client: style="width:1em;height:1em;"
  Note: this mismatch is check-only. The DOM will not be rectified in production due to performance overhead.
  You should fix the source of the mismatch. 
  at <IconCSS name="ci:shopping-cart-01" class="kratom-product-card__action-icon" > 
  at <ProductCard key=336 product= {id: 336, name: White Maeng Da Kratom powder, slug: bila-maeng-da-kratom-prasek-25g, price: 130.00, oldPrice: null} > 
  at <Index onVnodeUnmounted=fn<onVnodeUnmounted> ref=Ref< undefined > > 
  at <RouteProvider key="/en/catalog" vnode= {__v_isVNode: true, __v_skip: true, type: Object, props: Object, key: null} route= {fullPath: /en/catalog, hash: , query: Object, name: catalog___en, path: /en/catalog}  ... > 
  at <RouterView name=undefined route=undefined > 
  at <NuxtPage> 
  at <Body style= {background: #f8f1e6} > 
  at <Html lang="en-US" dir="ltr" > 
  at <Default ref=Ref< undefined > > 
  at <AsyncComponentWrapper ref=Ref< undefined > > 
  at <LayoutLoader key="default" layoutProps= {ref: RefImpl} name="default" > 
  at <NuxtLayoutProvider layoutProps= {ref: RefImpl} key="default" name="default"  ... > 
  at <NuxtLayout> 
  at <App key=4 > 
  at <NuxtRoot> @ http://0.0.0.0:3001/_nuxt/@fs/Users/andrejkoval/Dev/vivadzen/src/front/node_modules/@vue/runtime-core/dist/runtime-core.esm-bundler.js?v=fd09ac8d:49
[  807750ms] [WARNING] [intlify] Not found parent scope. use the global scope. @ http://0.0.0.0:3001/_nuxt/node_modules/.cache/vite/client/deps/chunk-LY4OWT6B.js?v=fd09ac8d:3
[  807750ms] [WARNING] [Vue warn]: Hydration style mismatch on JSHandle@node 
  - rendered on server: style="width:1em;height:1em;--c613ce94-iconUrl:url('https://api.iconify.design/ci/shopping-cart-01.svg');"
  - expected on client: style="width:1em;height:1em;"
  Note: this mismatch is check-only. The DOM will not be rectified in production due to performance overhead.
  You should fix the source of the mismatch. 
  at <IconCSS name="ci:shopping-cart-01" class="kratom-product-card__action-icon" > 
  at <ProductCard key=334 product= {id: 334, name: White Elephant Kratom powder, slug: bily-slon-kratom-prasek-25g, price: 140.00, oldPrice: null} > 
  at <Index onVnodeUnmounted=fn<onVnodeUnmounted> ref=Ref< undefined > > 
  at <RouteProvider key="/en/catalog" vnode= {__v_isVNode: true, __v_skip: true, type: Object, props: Object, key: null} route= {fullPath: /en/catalog, hash: , query: Object, name: catalog___en, path: /en/catalog}  ... > 
  at <RouterView name=undefined route=undefined > 
  at <NuxtPage> 
  at <Body style= {background: #f8f1e6} > 
  at <Html lang="en-US" dir="ltr" > 
  at <Default ref=Ref< undefined > > 
  at <AsyncComponentWrapper ref=Ref< undefined > > 
  at <LayoutLoader key="default" layoutProps= {ref: RefImpl} name="default" > 
  at <NuxtLayoutProvider layoutProps= {ref: RefImpl} key="default" name="default"  ... > 
  at <NuxtLayout> 
  at <App key=4 > 
  at <NuxtRoot> @ http://0.0.0.0:3001/_nuxt/@fs/Users/andrejkoval/Dev/vivadzen/src/front/node_modules/@vue/runtime-core/dist/runtime-core.esm-bundler.js?v=fd09ac8d:49
[  807751ms] [WARNING] [intlify] Not found parent scope. use the global scope. @ http://0.0.0.0:3001/_nuxt/node_modules/.cache/vite/client/deps/chunk-LY4OWT6B.js?v=fd09ac8d:3
[  807752ms] [WARNING] [Vue warn]: Hydration style mismatch on JSHandle@node 
  - rendered on server: style="width:1em;height:1em;--c613ce94-iconUrl:url('https://api.iconify.design/ci/shopping-cart-01.svg');"
  - expected on client: style="width:1em;height:1em;"
  Note: this mismatch is check-only. The DOM will not be rectified in production due to performance overhead.
  You should fix the source of the mismatch. 
  at <IconCSS name="ci:shopping-cart-01" class="kratom-product-card__action-icon" > 
  at <ProductCard key=333 product= {id: 333, name: Green Thai Kratom powder, slug: zeleny-thajsky-kratom-prasek-25g, price: 130.00, oldPrice: null} > 
  at <Index onVnodeUnmounted=fn<onVnodeUnmounted> ref=Ref< undefined > > 
  at <RouteProvider key="/en/catalog" vnode= {__v_isVNode: true, __v_skip: true, type: Object, props: Object, key: null} route= {fullPath: /en/catalog, hash: , query: Object, name: catalog___en, path: /en/catalog}  ... > 
  at <RouterView name=undefined route=undefined > 
  at <NuxtPage> 
  at <Body style= {background: #f8f1e6} > 
  at <Html lang="en-US" dir="ltr" > 
  at <Default ref=Ref< undefined > > 
  at <AsyncComponentWrapper ref=Ref< undefined > > 
  at <LayoutLoader key="default" layoutProps= {ref: RefImpl} name="default" > 
  at <NuxtLayoutProvider layoutProps= {ref: RefImpl} key="default" name="default"  ... > 
  at <NuxtLayout> 
  at <App key=4 > 
  at <NuxtRoot> @ http://0.0.0.0:3001/_nuxt/@fs/Users/andrejkoval/Dev/vivadzen/src/front/node_modules/@vue/runtime-core/dist/runtime-core.esm-bundler.js?v=fd09ac8d:49
[  807753ms] [WARNING] [intlify] Not found parent scope. use the global scope. @ http://0.0.0.0:3001/_nuxt/node_modules/.cache/vite/client/deps/chunk-LY4OWT6B.js?v=fd09ac8d:3
[  807754ms] [WARNING] [Vue warn]: Hydration style mismatch on JSHandle@node 
  - rendered on server: style="width:1em;height:1em;--c613ce94-iconUrl:url('https://api.iconify.design/ci/shopping-cart-01.svg');"
  - expected on client: style="width:1em;height:1em;"
  Note: this mismatch is check-only. The DOM will not be rectified in production due to performance overhead.
  You should fix the source of the mismatch. 
  at <IconCSS name="ci:shopping-cart-01" class="kratom-product-card__action-icon" > 
  at <ProductCard key=332 product= {id: 332, name: Red Maeng Da Kratom powder, slug: cervena-maeng-da-kratom-prasek-25g, price: 130.00, oldPrice: null} > 
  at <Index onVnodeUnmounted=fn<onVnodeUnmounted> ref=Ref< undefined > > 
  at <RouteProvider key="/en/catalog" vnode= {__v_isVNode: true, __v_skip: true, type: Object, props: Object, key: null} route= {fullPath: /en/catalog, hash: , query: Object, name: catalog___en, path: /en/catalog}  ... > 
  at <RouterView name=undefined route=undefined > 
  at <NuxtPage> 
  at <Body style= {background: #f8f1e6} > 
  at <Html lang="en-US" dir="ltr" > 
  at <Default ref=Ref< undefined > > 
  at <AsyncComponentWrapper ref=Ref< undefined > > 
  at <LayoutLoader key="default" layoutProps= {ref: RefImpl} name="default" > 
  at <NuxtLayoutProvider layoutProps= {ref: RefImpl} key="default" name="default"  ... > 
  at <NuxtLayout> 
  at <App key=4 > 
  at <NuxtRoot> @ http://0.0.0.0:3001/_nuxt/@fs/Users/andrejkoval/Dev/vivadzen/src/front/node_modules/@vue/runtime-core/dist/runtime-core.esm-bundler.js?v=fd09ac8d:49
[  807755ms] [WARNING] [intlify] Not found parent scope. use the global scope. @ http://0.0.0.0:3001/_nuxt/node_modules/.cache/vite/client/deps/chunk-LY4OWT6B.js?v=fd09ac8d:3
[  807755ms] [WARNING] [Vue warn]: Hydration style mismatch on JSHandle@node 
  - rendered on server: style="width:1em;height:1em;--c613ce94-iconUrl:url('https://api.iconify.design/ci/shopping-cart-01.svg');"
  - expected on client: style="width:1em;height:1em;"
  Note: this mismatch is check-only. The DOM will not be rectified in production due to performance overhead.
  You should fix the source of the mismatch. 
  at <IconCSS name="ci:shopping-cart-01" class="kratom-product-card__action-icon" > 
  at <ProductCard key=331 product= {id: 331, name: Green Maeng Da Kratom powder, slug: zelena-maeng-da-kratom-prasek-25g, price: 130.00, oldPrice: null} > 
  at <Index onVnodeUnmounted=fn<onVnodeUnmounted> ref=Ref< undefined > > 
  at <RouteProvider key="/en/catalog" vnode= {__v_isVNode: true, __v_skip: true, type: Object, props: Object, key: null} route= {fullPath: /en/catalog, hash: , query: Object, name: catalog___en, path: /en/catalog}  ... > 
  at <RouterView name=undefined route=undefined > 
  at <NuxtPage> 
  at <Body style= {background: #f8f1e6} > 
  at <Html lang="en-US" dir="ltr" > 
  at <Default ref=Ref< undefined > > 
  at <AsyncComponentWrapper ref=Ref< undefined > > 
  at <LayoutLoader key="default" layoutProps= {ref: RefImpl} name="default" > 
  at <NuxtLayoutProvider layoutProps= {ref: RefImpl} key="default" name="default"  ... > 
  at <NuxtLayout> 
  at <App key=4 > 
  at <NuxtRoot> @ http://0.0.0.0:3001/_nuxt/@fs/Users/andrejkoval/Dev/vivadzen/src/front/node_modules/@vue/runtime-core/dist/runtime-core.esm-bundler.js?v=fd09ac8d:49
[  807757ms] [LOG] [nuxt-app] page:finish: 1.634033203125 ms [Object] @ http://0.0.0.0:3001/_nuxt/@fs/Users/andrejkoval/Dev/vivadzen/src/front/node_modules/hookable/dist/index.mjs?v=fd09ac8d:271
[  807758ms] [LOG] [nuxt-app] page:loading:end: 0.617919921875 ms [] @ http://0.0.0.0:3001/_nuxt/@fs/Users/andrejkoval/Dev/vivadzen/src/front/node_modules/hookable/dist/index.mjs?v=fd09ac8d:271
[  807771ms] [WARNING] [intlify] Not found 'logo_alt' key in 'en' locale messages. @ http://0.0.0.0:3001/_nuxt/node_modules/.cache/vite/client/deps/chunk-LY4OWT6B.js?v=fd09ac8d:3
[  807771ms] [WARNING] [intlify] Fall back to translate 'logo_alt' key with 'cs' locale. @ http://0.0.0.0:3001/_nuxt/node_modules/.cache/vite/client/deps/chunk-LY4OWT6B.js?v=fd09ac8d:3
[  807771ms] [WARNING] [intlify] Not found 'logo_alt' key in 'cs' locale messages. @ http://0.0.0.0:3001/_nuxt/node_modules/.cache/vite/client/deps/chunk-LY4OWT6B.js?v=fd09ac8d:3
[  807771ms] [WARNING] [intlify] Fall back to translate 'logo_alt' with root locale. @ http://0.0.0.0:3001/_nuxt/node_modules/.cache/vite/client/deps/chunk-LY4OWT6B.js?v=fd09ac8d:3
[  807772ms] [WARNING] [intlify] Not found 'logo_alt' key in 'en' locale messages. @ http://0.0.0.0:3001/_nuxt/node_modules/.cache/vite/client/deps/chunk-LY4OWT6B.js?v=fd09ac8d:3
[  807772ms] [WARNING] [intlify] Fall back to translate 'logo_alt' key with 'cs' locale. @ http://0.0.0.0:3001/_nuxt/node_modules/.cache/vite/client/deps/chunk-LY4OWT6B.js?v=fd09ac8d:3
[  807772ms] [WARNING] [intlify] Not found 'logo_alt' key in 'cs' locale messages. @ http://0.0.0.0:3001/_nuxt/node_modules/.cache/vite/client/deps/chunk-LY4OWT6B.js?v=fd09ac8d:3
[  807772ms] [WARNING] [intlify] Not found 'title.cart' key in 'en' locale messages. @ http://0.0.0.0:3001/_nuxt/node_modules/.cache/vite/client/deps/chunk-LY4OWT6B.js?v=fd09ac8d:3
[  807772ms] [WARNING] [intlify] Fall back to translate 'title.cart' key with 'cs' locale. @ http://0.0.0.0:3001/_nuxt/node_modules/.cache/vite/client/deps/chunk-LY4OWT6B.js?v=fd09ac8d:3
[  807773ms] [WARNING] [intlify] Not found 'title.cart' key in 'cs' locale messages. @ http://0.0.0.0:3001/_nuxt/node_modules/.cache/vite/client/deps/chunk-LY4OWT6B.js?v=fd09ac8d:3
[  807773ms] [WARNING] [intlify] Fall back to translate 'title.cart' with root locale. @ http://0.0.0.0:3001/_nuxt/node_modules/.cache/vite/client/deps/chunk-LY4OWT6B.js?v=fd09ac8d:3
[  807776ms] [WARNING] [intlify] Not found 'logo_alt' key in 'en' locale messages. @ http://0.0.0.0:3001/_nuxt/node_modules/.cache/vite/client/deps/chunk-LY4OWT6B.js?v=fd09ac8d:3
[  807777ms] [WARNING] [intlify] Fall back to translate 'logo_alt' key with 'cs' locale. @ http://0.0.0.0:3001/_nuxt/node_modules/.cache/vite/client/deps/chunk-LY4OWT6B.js?v=fd09ac8d:3
[  807777ms] [WARNING] [intlify] Not found 'logo_alt' key in 'cs' locale messages. @ http://0.0.0.0:3001/_nuxt/node_modules/.cache/vite/client/deps/chunk-LY4OWT6B.js?v=fd09ac8d:3
[  807777ms] [WARNING] [intlify] Fall back to translate 'logo_alt' with root locale. @ http://0.0.0.0:3001/_nuxt/node_modules/.cache/vite/client/deps/chunk-LY4OWT6B.js?v=fd09ac8d:3
[  807777ms] [WARNING] [intlify] Not found 'logo_alt' key in 'en' locale messages. @ http://0.0.0.0:3001/_nuxt/node_modules/.cache/vite/client/deps/chunk-LY4OWT6B.js?v=fd09ac8d:3
[  807777ms] [WARNING] [intlify] Fall back to translate 'logo_alt' key with 'cs' locale. @ http://0.0.0.0:3001/_nuxt/node_modules/.cache/vite/client/deps/chunk-LY4OWT6B.js?v=fd09ac8d:3
[  807778ms] [WARNING] [intlify] Not found 'logo_alt' key in 'cs' locale messages. @ http://0.0.0.0:3001/_nuxt/node_modules/.cache/vite/client/deps/chunk-LY4OWT6B.js?v=fd09ac8d:3
[  807778ms] [WARNING] [intlify] Not found 'title.cart' key in 'en' locale messages. @ http://0.0.0.0:3001/_nuxt/node_modules/.cache/vite/client/deps/chunk-LY4OWT6B.js?v=fd09ac8d:3
[  807778ms] [WARNING] [intlify] Fall back to translate 'title.cart' key with 'cs' locale. @ http://0.0.0.0:3001/_nuxt/node_modules/.cache/vite/client/deps/chunk-LY4OWT6B.js?v=fd09ac8d:3
[  807778ms] [WARNING] [intlify] Not found 'title.cart' key in 'cs' locale messages. @ http://0.0.0.0:3001/_nuxt/node_modules/.cache/vite/client/deps/chunk-LY4OWT6B.js?v=fd09ac8d:3
[  807778ms] [WARNING] [intlify] Fall back to translate 'title.cart' with root locale. @ http://0.0.0.0:3001/_nuxt/node_modules/.cache/vite/client/deps/chunk-LY4OWT6B.js?v=fd09ac8d:3
[  807791ms] [LOG] [nuxt-app] schema-org:meta: 0.07177734375 ms [Object] @ http://0.0.0.0:3001/_nuxt/@fs/Users/andrejkoval/Dev/vivadzen/src/front/node_modules/hookable/dist/index.mjs?v=fd09ac8d:271
[  807792ms] [LOG] [nuxt-app] app:suspense:resolve: 16.14990234375 ms [] @ http://0.0.0.0:3001/_nuxt/@fs/Users/andrejkoval/Dev/vivadzen/src/front/node_modules/hookable/dist/index.mjs?v=fd09ac8d:271
[  807815ms] [LOG] [nuxt-app] link:prefetch: 1.91796875 ms [/en/catalog] @ http://0.0.0.0:3001/_nuxt/@fs/Users/andrejkoval/Dev/vivadzen/src/front/node_modules/hookable/dist/index.mjs?v=fd09ac8d:271
[  807815ms] [LOG] [nuxt-app] link:prefetch : 1.927978515625 ms [/en/blog] @ http://0.0.0.0:3001/_nuxt/@fs/Users/andrejkoval/Dev/vivadzen/src/front/node_modules/hookable/dist/index.mjs?v=fd09ac8d:271
[  807815ms] [LOG] [nuxt-app] link:prefetch  : 1.85400390625 ms [/en/about] @ http://0.0.0.0:3001/_nuxt/@fs/Users/andrejkoval/Dev/vivadzen/src/front/node_modules/hookable/dist/index.mjs?v=fd09ac8d:271
[  807815ms] [LOG] [nuxt-app] link:prefetch   : 1.85498046875 ms [/en/contacts] @ http://0.0.0.0:3001/_nuxt/@fs/Users/andrejkoval/Dev/vivadzen/src/front/node_modules/hookable/dist/index.mjs?v=fd09ac8d:271
[  807815ms] [LOG] [nuxt-app] link:prefetch    : 1.866943359375 ms [/en/zeleny-rurut-nano-kratom-prasek-25g] @ http://0.0.0.0:3001/_nuxt/@fs/Users/andrejkoval/Dev/vivadzen/src/front/node_modules/hookable/dist/index.mjs?v=fd09ac8d:271
[  807815ms] [LOG] [nuxt-app] link:prefetch     : 1.8818359375 ms [/en/zeleny-rurut-nano-kratom-prasek-25g] @ http://0.0.0.0:3001/_nuxt/@fs/Users/andrejkoval/Dev/vivadzen/src/front/node_modules/hookable/dist/index.mjs?v=fd09ac8d:271
[  807815ms] [LOG] [nuxt-app] link:prefetch      : 1.967041015625 ms [/en/bila-maeng-da-kratom-prasek-25g] @ http://0.0.0.0:3001/_nuxt/@fs/Users/andrejkoval/Dev/vivadzen/src/front/node_modules/hookable/dist/index.mjs?v=fd09ac8d:271
[  807815ms] [LOG] [nuxt-app] link:prefetch       : 2.041015625 ms [/en/bila-maeng-da-kratom-prasek-25g] @ http://0.0.0.0:3001/_nuxt/@fs/Users/andrejkoval/Dev/vivadzen/src/front/node_modules/hookable/dist/index.mjs?v=fd09ac8d:271
[  807816ms] [LOG] [nuxt-app] link:prefetch        : 2.126953125 ms [/en/bily-slon-kratom-prasek-25g] @ http://0.0.0.0:3001/_nuxt/@fs/Users/andrejkoval/Dev/vivadzen/src/front/node_modules/hookable/dist/index.mjs?v=fd09ac8d:271
[  807816ms] [LOG] [nuxt-app] link:prefetch         : 2.218017578125 ms [/en/bily-slon-kratom-prasek-25g] @ http://0.0.0.0:3001/_nuxt/@fs/Users/andrejkoval/Dev/vivadzen/src/front/node_modules/hookable/dist/index.mjs?v=fd09ac8d:271
[  807816ms] [LOG] [nuxt-app] link:prefetch          : 2.301025390625 ms [/en/zeleny-thajsky-kratom-prasek-25g] @ http://0.0.0.0:3001/_nuxt/@fs/Users/andrejkoval/Dev/vivadzen/src/front/node_modules/hookable/dist/index.mjs?v=fd09ac8d:271
[  807816ms] [LOG] [nuxt-app] link:prefetch           : 2.37890625 ms [/en/zeleny-thajsky-kratom-prasek-25g] @ http://0.0.0.0:3001/_nuxt/@fs/Users/andrejkoval/Dev/vivadzen/src/front/node_modules/hookable/dist/index.mjs?v=fd09ac8d:271
[  807816ms] [LOG] [nuxt-app] link:prefetch            : 2.468994140625 ms [/en/cervena-maeng-da-kratom-prasek-25g] @ http://0.0.0.0:3001/_nuxt/@fs/Users/andrejkoval/Dev/vivadzen/src/front/node_modules/hookable/dist/index.mjs?v=fd09ac8d:271
[  807816ms] [LOG] [nuxt-app] link:prefetch             : 2.533203125 ms [/en/cervena-maeng-da-kratom-prasek-25g] @ http://0.0.0.0:3001/_nuxt/@fs/Users/andrejkoval/Dev/vivadzen/src/front/node_modules/hookable/dist/index.mjs?v=fd09ac8d:271
[  807816ms] [LOG] [nuxt-app] link:prefetch              : 2.60302734375 ms [/en/zelena-maeng-da-kratom-prasek-25g] @ http://0.0.0.0:3001/_nuxt/@fs/Users/andrejkoval/Dev/vivadzen/src/front/node_modules/hookable/dist/index.mjs?v=fd09ac8d:271
[  807816ms] [LOG] [nuxt-app] link:prefetch               : 2.66796875 ms [/en/zelena-maeng-da-kratom-prasek-25g] @ http://0.0.0.0:3001/_nuxt/@fs/Users/andrejkoval/Dev/vivadzen/src/front/node_modules/hookable/dist/index.mjs?v=fd09ac8d:271
[  811271ms] [LOG] [nuxt-delay-hydration] Hydration event timeout @ http://0.0.0.0:3001/en/catalog:135
[ 1105677ms] [WARNING] [intlify] Not found parent scope. use the global scope. @ http://0.0.0.0:3001/_nuxt/node_modules/.cache/vite/client/deps/chunk-LY4OWT6B.js?v=fd09ac8d:3
[ 1105681ms] [WARNING] [intlify] Not found parent scope. use the global scope. @ http://0.0.0.0:3001/_nuxt/node_modules/.cache/vite/client/deps/chunk-LY4OWT6B.js?v=fd09ac8d:3
[ 1105683ms] [WARNING] [intlify] Not found parent scope. use the global scope. @ http://0.0.0.0:3001/_nuxt/node_modules/.cache/vite/client/deps/chunk-LY4OWT6B.js?v=fd09ac8d:3
[ 1105685ms] [WARNING] [intlify] Not found parent scope. use the global scope. @ http://0.0.0.0:3001/_nuxt/node_modules/.cache/vite/client/deps/chunk-LY4OWT6B.js?v=fd09ac8d:3
[ 1105686ms] [WARNING] [intlify] Not found parent scope. use the global scope. @ http://0.0.0.0:3001/_nuxt/node_modules/.cache/vite/client/deps/chunk-LY4OWT6B.js?v=fd09ac8d:3
[ 1105700ms] [WARNING] [intlify] Not found parent scope. use the global scope. @ http://0.0.0.0:3001/_nuxt/node_modules/.cache/vite/client/deps/chunk-LY4OWT6B.js?v=fd09ac8d:3
[ 1106149ms] [WARNING] Timer '[nuxt-app] link:prefetch' already exists @ http://0.0.0.0:3001/_nuxt/@fs/Users/andrejkoval/Dev/vivadzen/src/front/node_modules/hookable/dist/index.mjs?v=fd09ac8d:261
[ 1106149ms] [WARNING] Timer '[nuxt-app] link:prefetch ' already exists @ http://0.0.0.0:3001/_nuxt/@fs/Users/andrejkoval/Dev/vivadzen/src/front/node_modules/hookable/dist/index.mjs?v=fd09ac8d:261
[ 1106149ms] [WARNING] Timer '[nuxt-app] link:prefetch  ' already exists @ http://0.0.0.0:3001/_nuxt/@fs/Users/andrejkoval/Dev/vivadzen/src/front/node_modules/hookable/dist/index.mjs?v=fd09ac8d:261
[ 1106149ms] [WARNING] Timer '[nuxt-app] link:prefetch   ' already exists @ http://0.0.0.0:3001/_nuxt/@fs/Users/andrejkoval/Dev/vivadzen/src/front/node_modules/hookable/dist/index.mjs?v=fd09ac8d:261
[ 1106150ms] [WARNING] Timer '[nuxt-app] link:prefetch    ' already exists @ http://0.0.0.0:3001/_nuxt/@fs/Users/andrejkoval/Dev/vivadzen/src/front/node_modules/hookable/dist/index.mjs?v=fd09ac8d:261
[ 1106150ms] [WARNING] Timer '[nuxt-app] link:prefetch     ' already exists @ http://0.0.0.0:3001/_nuxt/@fs/Users/andrejkoval/Dev/vivadzen/src/front/node_modules/hookable/dist/index.mjs?v=fd09ac8d:261
[ 1106150ms] [WARNING] Timer '[nuxt-app] link:prefetch      ' already exists @ http://0.0.0.0:3001/_nuxt/@fs/Users/andrejkoval/Dev/vivadzen/src/front/node_modules/hookable/dist/index.mjs?v=fd09ac8d:261
[ 1106150ms] [WARNING] Timer '[nuxt-app] link:prefetch       ' already exists @ http://0.0.0.0:3001/_nuxt/@fs/Users/andrejkoval/Dev/vivadzen/src/front/node_modules/hookable/dist/index.mjs?v=fd09ac8d:261
[ 1106150ms] [WARNING] Timer '[nuxt-app] link:prefetch        ' already exists @ http://0.0.0.0:3001/_nuxt/@fs/Users/andrejkoval/Dev/vivadzen/src/front/node_modules/hookable/dist/index.mjs?v=fd09ac8d:261
[ 1106150ms] [WARNING] Timer '[nuxt-app] link:prefetch         ' already exists @ http://0.0.0.0:3001/_nuxt/@fs/Users/andrejkoval/Dev/vivadzen/src/front/node_modules/hookable/dist/index.mjs?v=fd09ac8d:261
[ 1106150ms] [WARNING] Timer '[nuxt-app] link:prefetch          ' already exists @ http://0.0.0.0:3001/_nuxt/@fs/Users/andrejkoval/Dev/vivadzen/src/front/node_modules/hookable/dist/index.mjs?v=fd09ac8d:261
[ 1106150ms] [WARNING] Timer '[nuxt-app] link:prefetch           ' already exists @ http://0.0.0.0:3001/_nuxt/@fs/Users/andrejkoval/Dev/vivadzen/src/front/node_modules/hookable/dist/index.mjs?v=fd09ac8d:261
[ 1106151ms] [LOG] [nuxt-app] link:prefetch: 298337.93896484375 ms [/en/zeleny-rurut-nano-kratom-prasek-25g] @ http://0.0.0.0:3001/_nuxt/@fs/Users/andrejkoval/Dev/vivadzen/src/front/node_modules/hookable/dist/index.mjs?v=fd09ac8d:271
[ 1106151ms] [LOG] [nuxt-app] link:prefetch : 298337.9599609375 ms [/en/zeleny-rurut-nano-kratom-prasek-25g] @ http://0.0.0.0:3001/_nuxt/@fs/Users/andrejkoval/Dev/vivadzen/src/front/node_modules/hookable/dist/index.mjs?v=fd09ac8d:271
[ 1106151ms] [LOG] [nuxt-app] link:prefetch  : 298337.89013671875 ms [/en/bila-maeng-da-kratom-prasek-25g] @ http://0.0.0.0:3001/_nuxt/@fs/Users/andrejkoval/Dev/vivadzen/src/front/node_modules/hookable/dist/index.mjs?v=fd09ac8d:271
[ 1106151ms] [LOG] [nuxt-app] link:prefetch   : 298337.8640136719 ms [/en/bila-maeng-da-kratom-prasek-25g] @ http://0.0.0.0:3001/_nuxt/@fs/Users/andrejkoval/Dev/vivadzen/src/front/node_modules/hookable/dist/index.mjs?v=fd09ac8d:271
[ 1106151ms] [LOG] [nuxt-app] link:prefetch    : 298337.8698730469 ms [/en/bily-slon-kratom-prasek-25g] @ http://0.0.0.0:3001/_nuxt/@fs/Users/andrejkoval/Dev/vivadzen/src/front/node_modules/hookable/dist/index.mjs?v=fd09ac8d:271
[ 1106151ms] [LOG] [nuxt-app] link:prefetch     : 298337.876953125 ms [/en/bily-slon-kratom-prasek-25g] @ http://0.0.0.0:3001/_nuxt/@fs/Users/andrejkoval/Dev/vivadzen/src/front/node_modules/hookable/dist/index.mjs?v=fd09ac8d:271
[ 1106151ms] [LOG] [nuxt-app] link:prefetch      : 298337.9699707031 ms [/en/zeleny-thajsky-kratom-prasek-25g] @ http://0.0.0.0:3001/_nuxt/@fs/Users/andrejkoval/Dev/vivadzen/src/front/node_modules/hookable/dist/index.mjs?v=fd09ac8d:271
[ 1106151ms] [LOG] [nuxt-app] link:prefetch       : 298338.044921875 ms [/en/zeleny-thajsky-kratom-prasek-25g] @ http://0.0.0.0:3001/_nuxt/@fs/Users/andrejkoval/Dev/vivadzen/src/front/node_modules/hookable/dist/index.mjs?v=fd09ac8d:271
[ 1106152ms] [LOG] [nuxt-app] link:prefetch        : 298338.14306640625 ms [/en/cervena-maeng-da-kratom-prasek-25g] @ http://0.0.0.0:3001/_nuxt/@fs/Users/andrejkoval/Dev/vivadzen/src/front/node_modules/hookable/dist/index.mjs?v=fd09ac8d:271
[ 1106152ms] [LOG] [nuxt-app] link:prefetch         : 298338.216796875 ms [/en/cervena-maeng-da-kratom-prasek-25g] @ http://0.0.0.0:3001/_nuxt/@fs/Users/andrejkoval/Dev/vivadzen/src/front/node_modules/hookable/dist/index.mjs?v=fd09ac8d:271
[ 1106152ms] [LOG] [nuxt-app] link:prefetch          : 298338.2919921875 ms [/en/zelena-maeng-da-kratom-prasek-25g] @ http://0.0.0.0:3001/_nuxt/@fs/Users/andrejkoval/Dev/vivadzen/src/front/node_modules/hookable/dist/index.mjs?v=fd09ac8d:271
[ 1106152ms] [LOG] [nuxt-app] link:prefetch           : 298338.3669433594 ms [/en/zelena-maeng-da-kratom-prasek-25g] @ http://0.0.0.0:3001/_nuxt/@fs/Users/andrejkoval/Dev/vivadzen/src/front/node_modules/hookable/dist/index.mjs?v=fd09ac8d:271
[ 1116322ms] [LOG] [nuxt-app] i18n:beforeLocaleSwitch: 0.26318359375 ms [Object] @ http://0.0.0.0:3001/_nuxt/@fs/Users/andrejkoval/Dev/vivadzen/src/front/node_modules/hookable/dist/index.mjs?v=fd09ac8d:271
[ 1116329ms] [LOG] %cssr%c %s: %s 
      background: #7f8c8d;
      border-radius: 0.5em;
      color: white;
      font-weight: bold;
      padding: 2px 0.5em;
      [nitro-runtime] request 3.088ms 
  at timeLogImpl (node:internal/console/constructor)
  at node:internal/console/constructor
  at timeLogImpl (node:internal/util/debuglog)
 @ http://0.0.0.0:3001/_nuxt/@fs/Users/andrejkoval/Dev/vivadzen/src/front/node_modules/consola/dist/browser.mjs?v=fd09ac8d:47
[ 1116329ms] [LOG] %cssr%c %s: %s 
      background: #7f8c8d;
      border-radius: 0.5em;
      color: white;
      font-weight: bold;
      padding: 2px 0.5em;
      [nitro-runtime] site-config:init 0.019ms 
  at timeLogImpl (node:internal/console/constructor)
  at node:internal/console/constructor
  at timeLogImpl (node:internal/util/debuglog)
 @ http://0.0.0.0:3001/_nuxt/@fs/Users/andrejkoval/Dev/vivadzen/src/front/node_modules/consola/dist/browser.mjs?v=fd09ac8d:47
[ 1116329ms] [LOG] %cssr%c %s: %s 
      background: #7f8c8d;
      border-radius: 0.5em;
      color: white;
      font-weight: bold;
      padding: 2px 0.5em;
      [nitro-runtime] render:before 0.047ms 
  at timeLogImpl (node:internal/console/constructor)
  at node:internal/console/constructor
  at timeLogImpl (node:internal/util/debuglog)
 @ http://0.0.0.0:3001/_nuxt/@fs/Users/andrejkoval/Dev/vivadzen/src/front/node_modules/consola/dist/browser.mjs?v=fd09ac8d:47
[ 1116329ms] [LOG] %cssr%c %s: %s 
      background: #7f8c8d;
      border-radius: 0.5em;
      color: white;
      font-weight: bold;
      padding: 2px 0.5em;
      [nuxt-app] i18n:beforeLocaleSwitch 0.011ms 
  at timeLogImpl (node:internal/console/constructor)
  at node:internal/console/constructor
  at timeLogImpl (node:internal/util/debuglog)
 @ http://0.0.0.0:3001/_nuxt/@fs/Users/andrejkoval/Dev/vivadzen/src/front/node_modules/consola/dist/browser.mjs?v=fd09ac8d:47
[ 1116329ms] [LOG] %cssr%c %s: %s 
      background: #7f8c8d;
      border-radius: 0.5em;
      color: white;
      font-weight: bold;
      padding: 2px 0.5em;
      [nuxt-app] page:loading:start 0.003ms 
  at timeLogImpl (node:internal/console/constructor)
  at node:internal/console/constructor
  at timeLogImpl (node:internal/util/debuglog)
 @ http://0.0.0.0:3001/_nuxt/@fs/Users/andrejkoval/Dev/vivadzen/src/front/node_modules/consola/dist/browser.mjs?v=fd09ac8d:47
[ 1116329ms] [LOG] %cssr%c %s: %s 
      background: #7f8c8d;
      border-radius: 0.5em;
      color: white;
      font-weight: bold;
      padding: 2px 0.5em;
      [nuxt-app] i18n:beforeLocaleSwitch 0.004ms 
  at timeLogImpl (node:internal/console/constructor)
  at node:internal/console/constructor
  at timeLogImpl (node:internal/util/debuglog)
 @ http://0.0.0.0:3001/_nuxt/@fs/Users/andrejkoval/Dev/vivadzen/src/front/node_modules/consola/dist/browser.mjs?v=fd09ac8d:47
[ 1116329ms] [LOG] %cssr%c %s: %s 
      background: #7f8c8d;
      border-radius: 0.5em;
      color: white;
      font-weight: bold;
      padding: 2px 0.5em;
      [nuxt-app] app:created 3.917ms 
  at timeLogImpl (node:internal/console/constructor)
  at node:internal/console/constructor
  at timeLogImpl (node:internal/util/debuglog)
 @ http://0.0.0.0:3001/_nuxt/@fs/Users/andrejkoval/Dev/vivadzen/src/front/node_modules/consola/dist/browser.mjs?v=fd09ac8d:47
[ 1116329ms] [LOG] %cssr%c %s: %s 
      background: #7f8c8d;
      border-radius: 0.5em;
      color: white;
      font-weight: bold;
      padding: 2px 0.5em;
      [nuxt-app] vue:setup 0.001ms 
  at timeLogImpl (node:internal/console/constructor)
  at node:internal/console/constructor
  at timeLogImpl (node:internal/util/debuglog)
 @ http://0.0.0.0:3001/_nuxt/@fs/Users/andrejkoval/Dev/vivadzen/src/front/node_modules/consola/dist/browser.mjs?v=fd09ac8d:47
[ 1116330ms] [WARNING] %cssr:warn%c [intlify] Not found 'logo_alt' key in 'en' locale messages. 
      background: #f39c12;
      border-radius: 0.5em;
      color: white;
      font-weight: bold;
      padding: 2px 0.5em;
      
  at warn (/Users/andrejkoval/Dev/vivadzen/src/front/node_modules/@intlify/shared/dist/shared.mjs)
  at handleMissing (/Users/andrejkoval/Dev/vivadzen/src/front/node_modules/@intlify/core-base/dist/core-base.mjs)
  at resolveMessageFormat (/Users/andrejkoval/Dev/vivadzen/src/front/node_modules/@intlify/core-base/dist/core-base.mjs)
 @ http://0.0.0.0:3001/_nuxt/@fs/Users/andrejkoval/Dev/vivadzen/src/front/node_modules/consola/dist/browser.mjs?v=fd09ac8d:47
[ 1116330ms] [WARNING] %cssr:warn%c [intlify] Fall back to translate 'logo_alt' key with 'cs' locale. 
      background: #f39c12;
      border-radius: 0.5em;
      color: white;
      font-weight: bold;
      padding: 2px 0.5em;
      
  at warn (/Users/andrejkoval/Dev/vivadzen/src/front/node_modules/@intlify/shared/dist/shared.mjs)
  at resolveMessageFormat (/Users/andrejkoval/Dev/vivadzen/src/front/node_modules/@intlify/core-base/dist/core-base.mjs)
  at translate (/Users/andrejkoval/Dev/vivadzen/src/front/node_modules/@intlify/core-base/dist/core-base.mjs)
 @ http://0.0.0.0:3001/_nuxt/@fs/Users/andrejkoval/Dev/vivadzen/src/front/node_modules/consola/dist/browser.mjs?v=fd09ac8d:47
[ 1116330ms] [WARNING] %cssr:warn%c [intlify] Not found 'logo_alt' key in 'cs' locale messages. 
      background: #f39c12;
      border-radius: 0.5em;
      color: white;
      font-weight: bold;
      padding: 2px 0.5em;
      
  at warn (/Users/andrejkoval/Dev/vivadzen/src/front/node_modules/@intlify/shared/dist/shared.mjs)
  at handleMissing (/Users/andrejkoval/Dev/vivadzen/src/front/node_modules/@intlify/core-base/dist/core-base.mjs)
  at resolveMessageFormat (/Users/andrejkoval/Dev/vivadzen/src/front/node_modules/@intlify/core-base/dist/core-base.mjs)
 @ http://0.0.0.0:3001/_nuxt/@fs/Users/andrejkoval/Dev/vivadzen/src/front/node_modules/consola/dist/browser.mjs?v=fd09ac8d:47
[ 1116330ms] [WARNING] %cssr:warn%c [intlify] Fall back to translate 'logo_alt' with root locale. 
      background: #f39c12;
      border-radius: 0.5em;
      color: white;
      font-weight: bold;
      padding: 2px 0.5em;
      
  at warn (/Users/andrejkoval/Dev/vivadzen/src/front/node_modules/@intlify/shared/dist/shared.mjs)
  at wrapWithDeps (/Users/andrejkoval/Dev/vivadzen/src/front/node_modules/vue-i18n/dist/vue-i18n.mjs)
  at Proxy.t (/Users/andrejkoval/Dev/vivadzen/src/front/node_modules/vue-i18n/dist/vue-i18n.mjs)
 @ http://0.0.0.0:3001/_nuxt/@fs/Users/andrejkoval/Dev/vivadzen/src/front/node_modules/consola/dist/browser.mjs?v=fd09ac8d:47
[ 1116330ms] [WARNING] %cssr:warn%c [intlify] Not found 'logo_alt' key in 'en' locale messages. 
      background: #f39c12;
      border-radius: 0.5em;
      color: white;
      font-weight: bold;
      padding: 2px 0.5em;
      
  at warn (/Users/andrejkoval/Dev/vivadzen/src/front/node_modules/@intlify/shared/dist/shared.mjs)
  at handleMissing (/Users/andrejkoval/Dev/vivadzen/src/front/node_modules/@intlify/core-base/dist/core-base.mjs)
  at resolveMessageFormat (/Users/andrejkoval/Dev/vivadzen/src/front/node_modules/@intlify/core-base/dist/core-base.mjs)
 @ http://0.0.0.0:3001/_nuxt/@fs/Users/andrejkoval/Dev/vivadzen/src/front/node_modules/consola/dist/browser.mjs?v=fd09ac8d:47
[ 1116330ms] [WARNING] %cssr:warn%c [intlify] Fall back to translate 'logo_alt' key with 'cs' locale. 
      background: #f39c12;
      border-radius: 0.5em;
      color: white;
      font-weight: bold;
      padding: 2px 0.5em;
      
  at warn (/Users/andrejkoval/Dev/vivadzen/src/front/node_modules/@intlify/shared/dist/shared.mjs)
  at resolveMessageFormat (/Users/andrejkoval/Dev/vivadzen/src/front/node_modules/@intlify/core-base/dist/core-base.mjs)
  at translate (/Users/andrejkoval/Dev/vivadzen/src/front/node_modules/@intlify/core-base/dist/core-base.mjs)
 @ http://0.0.0.0:3001/_nuxt/@fs/Users/andrejkoval/Dev/vivadzen/src/front/node_modules/consola/dist/browser.mjs?v=fd09ac8d:47
[ 1116330ms] [WARNING] %cssr:warn%c [intlify] Not found 'logo_alt' key in 'cs' locale messages. 
      background: #f39c12;
      border-radius: 0.5em;
      color: white;
      font-weight: bold;
      padding: 2px 0.5em;
      
  at warn (/Users/andrejkoval/Dev/vivadzen/src/front/node_modules/@intlify/shared/dist/shared.mjs)
  at handleMissing (/Users/andrejkoval/Dev/vivadzen/src/front/node_modules/@intlify/core-base/dist/core-base.mjs)
  at resolveMessageFormat (/Users/andrejkoval/Dev/vivadzen/src/front/node_modules/@intlify/core-base/dist/core-base.mjs)
 @ http://0.0.0.0:3001/_nuxt/@fs/Users/andrejkoval/Dev/vivadzen/src/front/node_modules/consola/dist/browser.mjs?v=fd09ac8d:47
[ 1116330ms] [WARNING] %cssr:warn%c [intlify] Not found 'title.cart' key in 'en' locale messages. 
      background: #f39c12;
      border-radius: 0.5em;
      color: white;
      font-weight: bold;
      padding: 2px 0.5em;
      
  at warn (/Users/andrejkoval/Dev/vivadzen/src/front/node_modules/@intlify/shared/dist/shared.mjs)
  at handleMissing (/Users/andrejkoval/Dev/vivadzen/src/front/node_modules/@intlify/core-base/dist/core-base.mjs)
  at resolveMessageFormat (/Users/andrejkoval/Dev/vivadzen/src/front/node_modules/@intlify/core-base/dist/core-base.mjs)
 @ http://0.0.0.0:3001/_nuxt/@fs/Users/andrejkoval/Dev/vivadzen/src/front/node_modules/consola/dist/browser.mjs?v=fd09ac8d:47
[ 1116330ms] [WARNING] %cssr:warn%c [intlify] Fall back to translate 'title.cart' key with 'cs' locale. 
      background: #f39c12;
      border-radius: 0.5em;
      color: white;
      font-weight: bold;
      padding: 2px 0.5em;
      
  at warn (/Users/andrejkoval/Dev/vivadzen/src/front/node_modules/@intlify/shared/dist/shared.mjs)
  at resolveMessageFormat (/Users/andrejkoval/Dev/vivadzen/src/front/node_modules/@intlify/core-base/dist/core-base.mjs)
  at translate (/Users/andrejkoval/Dev/vivadzen/src/front/node_modules/@intlify/core-base/dist/core-base.mjs)
 @ http://0.0.0.0:3001/_nuxt/@fs/Users/andrejkoval/Dev/vivadzen/src/front/node_modules/consola/dist/browser.mjs?v=fd09ac8d:47
[ 1116330ms] [WARNING] %cssr:warn%c [intlify] Not found 'title.cart' key in 'cs' locale messages. 
      background: #f39c12;
      border-radius: 0.5em;
      color: white;
      font-weight: bold;
      padding: 2px 0.5em;
      
  at warn (/Users/andrejkoval/Dev/vivadzen/src/front/node_modules/@intlify/shared/dist/shared.mjs)
  at handleMissing (/Users/andrejkoval/Dev/vivadzen/src/front/node_modules/@intlify/core-base/dist/core-base.mjs)
  at resolveMessageFormat (/Users/andrejkoval/Dev/vivadzen/src/front/node_modules/@intlify/core-base/dist/core-base.mjs)
 @ http://0.0.0.0:3001/_nuxt/@fs/Users/andrejkoval/Dev/vivadzen/src/front/node_modules/consola/dist/browser.mjs?v=fd09ac8d:47
[ 1116330ms] [WARNING] %cssr:warn%c [intlify] Fall back to translate 'title.cart' with root locale. 
      background: #f39c12;
      border-radius: 0.5em;
      color: white;
      font-weight: bold;
      padding: 2px 0.5em;
      
  at warn (/Users/andrejkoval/Dev/vivadzen/src/front/node_modules/@intlify/shared/dist/shared.mjs)
  at wrapWithDeps (/Users/andrejkoval/Dev/vivadzen/src/front/node_modules/vue-i18n/dist/vue-i18n.mjs)
  at Proxy.t (/Users/andrejkoval/Dev/vivadzen/src/front/node_modules/vue-i18n/dist/vue-i18n.mjs)
 @ http://0.0.0.0:3001/_nuxt/@fs/Users/andrejkoval/Dev/vivadzen/src/front/node_modules/consola/dist/browser.mjs?v=fd09ac8d:47
[ 1116330ms] [WARNING] %cssr:warn%c [intlify] Not found parent scope. use the global scope. 
      background: #f39c12;
      border-radius: 0.5em;
      color: white;
      font-weight: bold;
      padding: 2px 0.5em;
      
  at warn (/Users/andrejkoval/Dev/vivadzen/src/front/node_modules/@intlify/shared/dist/shared.mjs)
  at useI18n (/Users/andrejkoval/Dev/vivadzen/src/front/node_modules/vue-i18n/dist/vue-i18n.mjs)
  at setup (/Users/andrejkoval/Dev/vivadzen/src/front/node_modules/vue-i18n/dist/vue-i18n.mjs)
 @ http://0.0.0.0:3001/_nuxt/@fs/Users/andrejkoval/Dev/vivadzen/src/front/node_modules/consola/dist/browser.mjs?v=fd09ac8d:47
[ 1116330ms] [WARNING] %cssr:warn%c [intlify] Not found parent scope. use the global scope. 
      background: #f39c12;
      border-radius: 0.5em;
      color: white;
      font-weight: bold;
      padding: 2px 0.5em;
      
  at warn (/Users/andrejkoval/Dev/vivadzen/src/front/node_modules/@intlify/shared/dist/shared.mjs)
  at useI18n (/Users/andrejkoval/Dev/vivadzen/src/front/node_modules/vue-i18n/dist/vue-i18n.mjs)
  at setup (/Users/andrejkoval/Dev/vivadzen/src/front/node_modules/vue-i18n/dist/vue-i18n.mjs)
 @ http://0.0.0.0:3001/_nuxt/@fs/Users/andrejkoval/Dev/vivadzen/src/front/node_modules/consola/dist/browser.mjs?v=fd09ac8d:47
[ 1116330ms] [WARNING] %cssr:warn%c [intlify] Not found parent scope. use the global scope. 
      background: #f39c12;
      border-radius: 0.5em;
      color: white;
      font-weight: bold;
      padding: 2px 0.5em;
      
  at warn (/Users/andrejkoval/Dev/vivadzen/src/front/node_modules/@intlify/shared/dist/shared.mjs)
  at useI18n (/Users/andrejkoval/Dev/vivadzen/src/front/node_modules/vue-i18n/dist/vue-i18n.mjs)
  at setup (/Users/andrejkoval/Dev/vivadzen/src/front/node_modules/vue-i18n/dist/vue-i18n.mjs)
 @ http://0.0.0.0:3001/_nuxt/@fs/Users/andrejkoval/Dev/vivadzen/src/front/node_modules/consola/dist/browser.mjs?v=fd09ac8d:47
[ 1116330ms] [WARNING] %cssr:warn%c [intlify] Not found parent scope. use the global scope. 
      background: #f39c12;
      border-radius: 0.5em;
      color: white;
      font-weight: bold;
      padding: 2px 0.5em;
      
  at warn (/Users/andrejkoval/Dev/vivadzen/src/front/node_modules/@intlify/shared/dist/shared.mjs)
  at useI18n (/Users/andrejkoval/Dev/vivadzen/src/front/node_modules/vue-i18n/dist/vue-i18n.mjs)
  at setup (/Users/andrejkoval/Dev/vivadzen/src/front/node_modules/vue-i18n/dist/vue-i18n.mjs)
 @ http://0.0.0.0:3001/_nuxt/@fs/Users/andrejkoval/Dev/vivadzen/src/front/node_modules/consola/dist/browser.mjs?v=fd09ac8d:47
[ 1116331ms] [WARNING] %cssr:warn%c [intlify] Not found parent scope. use the global scope. 
      background: #f39c12;
      border-radius: 0.5em;
      color: white;
      font-weight: bold;
      padding: 2px 0.5em;
      
  at warn (/Users/andrejkoval/Dev/vivadzen/src/front/node_modules/@intlify/shared/dist/shared.mjs)
  at useI18n (/Users/andrejkoval/Dev/vivadzen/src/front/node_modules/vue-i18n/dist/vue-i18n.mjs)
  at setup (/Users/andrejkoval/Dev/vivadzen/src/front/node_modules/vue-i18n/dist/vue-i18n.mjs)
 @ http://0.0.0.0:3001/_nuxt/@fs/Users/andrejkoval/Dev/vivadzen/src/front/node_modules/consola/dist/browser.mjs?v=fd09ac8d:47
[ 1116331ms] [WARNING] %cssr:warn%c [intlify] Not found parent scope. use the global scope. 
      background: #f39c12;
      border-radius: 0.5em;
      color: white;
      font-weight: bold;
      padding: 2px 0.5em;
      
  at timeLogImpl (node:internal/console/constructor)
  at node:internal/console/constructor
  at timeLogImpl (node:internal/util/debuglog)
 @ http://0.0.0.0:3001/_nuxt/@fs/Users/andrejkoval/Dev/vivadzen/src/front/node_modules/consola/dist/browser.mjs?v=fd09ac8d:47
[ 1116331ms] [LOG] %cssr%c %s: %s 
      background: #7f8c8d;
      border-radius: 0.5em;
      color: white;
      font-weight: bold;
      padding: 2px 0.5em;
      [nuxt-app] app:rendered 0.087ms 
  at timeLogImpl (node:internal/console/constructor)
  at node:internal/console/constructor
  at timeLogImpl (node:internal/util/debuglog)
 @ http://0.0.0.0:3001/_nuxt/@fs/Users/andrejkoval/Dev/vivadzen/src/front/node_modules/consola/dist/browser.mjs?v=fd09ac8d:47
[ 1116331ms] [LOG] %cssr%c %s: %s 
      background: #7f8c8d;
      border-radius: 0.5em;
      color: white;
      font-weight: bold;
      padding: 2px 0.5em;
      [nuxt-app] schema-org:meta 0.006ms 
  at timeLogImpl (node:internal/console/constructor)
  at node:internal/console/constructor
  at timeLogImpl (node:internal/util/debuglog)
 @ http://0.0.0.0:3001/_nuxt/@fs/Users/andrejkoval/Dev/vivadzen/src/front/node_modules/consola/dist/browser.mjs?v=fd09ac8d:47
[ 1116331ms] [LOG] [nuxt-app] dev:ssr-logs: 1.98193359375 ms [Array(27)] @ http://0.0.0.0:3001/_nuxt/@fs/Users/andrejkoval/Dev/vivadzen/src/front/node_modules/hookable/dist/index.mjs?v=fd09ac8d:271
[ 1116336ms] [LOG] [nuxt-app] page:loading:start: 0.13623046875 ms [] @ http://0.0.0.0:3001/_nuxt/@fs/Users/andrejkoval/Dev/vivadzen/src/front/node_modules/hookable/dist/index.mjs?v=fd09ac8d:271
[ 1116363ms] [WARNING] Timer '[nuxt-app] i18n:beforeLocaleSwitch' already exists @ http://0.0.0.0:3001/_nuxt/@fs/Users/andrejkoval/Dev/vivadzen/src/front/node_modules/hookable/dist/index.mjs?v=fd09ac8d:261
[ 1116363ms] [LOG] [nuxt-app] i18n:beforeLocaleSwitch: 40.88818359375 ms [Object] @ http://0.0.0.0:3001/_nuxt/@fs/Users/andrejkoval/Dev/vivadzen/src/front/node_modules/hookable/dist/index.mjs?v=fd09ac8d:271
[ 1116365ms] [LOG] [nuxt-app] app:created: 30.016845703125 ms [Object] @ http://0.0.0.0:3001/_nuxt/@fs/Users/andrejkoval/Dev/vivadzen/src/front/node_modules/hookable/dist/index.mjs?v=fd09ac8d:271
[ 1116366ms] [LOG] [nuxt-app] app:beforeMount: 0.10498046875 ms [Object] @ http://0.0.0.0:3001/_nuxt/@fs/Users/andrejkoval/Dev/vivadzen/src/front/node_modules/hookable/dist/index.mjs?v=fd09ac8d:271
[ 1116368ms] [LOG] [nuxt-app] vue:setup: 0.175048828125 ms [] @ http://0.0.0.0:3001/_nuxt/@fs/Users/andrejkoval/Dev/vivadzen/src/front/node_modules/hookable/dist/index.mjs?v=fd09ac8d:271
[ 1116369ms] [INFO] <Suspense> is an experimental feature and its API will likely change. @ http://0.0.0.0:3001/_nuxt/@fs/Users/andrejkoval/Dev/vivadzen/src/front/node_modules/@vue/runtime-core/dist/runtime-core.esm-bundler.js?v=fd09ac8d:7155
[ 1116371ms] [LOG] [nuxt-app] app:mounted: 0.180908203125 ms [Object] @ http://0.0.0.0:3001/_nuxt/@fs/Users/andrejkoval/Dev/vivadzen/src/front/node_modules/hookable/dist/index.mjs?v=fd09ac8d:271
[ 1116372ms] [LOG] [Content] WS connect to ws://localhost:4000/ws @ http://0.0.0.0:3001/_nuxt/@fs/Users/andrejkoval/Dev/vivadzen/src/front/node_modules/@nuxt/content/dist/runtime/composables/web-socket.js?v=fd09ac8d:4
[ 1116431ms] [LOG] [Content] WS connected! @ http://0.0.0.0:3001/_nuxt/@fs/Users/andrejkoval/Dev/vivadzen/src/front/node_modules/@nuxt/content/dist/runtime/composables/web-socket.js?v=fd09ac8d:4
[ 1116445ms] [WARNING] [intlify] Not found 'logo_alt' key in 'en' locale messages. @ http://0.0.0.0:3001/_nuxt/node_modules/.cache/vite/client/deps/chunk-LY4OWT6B.js?v=fd09ac8d:3
[ 1116446ms] [WARNING] [intlify] Fall back to translate 'logo_alt' key with 'cs' locale. @ http://0.0.0.0:3001/_nuxt/node_modules/.cache/vite/client/deps/chunk-LY4OWT6B.js?v=fd09ac8d:3
[ 1116446ms] [WARNING] [intlify] Not found 'logo_alt' key in 'cs' locale messages. @ http://0.0.0.0:3001/_nuxt/node_modules/.cache/vite/client/deps/chunk-LY4OWT6B.js?v=fd09ac8d:3
[ 1116446ms] [WARNING] [intlify] Fall back to translate 'logo_alt' with root locale. @ http://0.0.0.0:3001/_nuxt/node_modules/.cache/vite/client/deps/chunk-LY4OWT6B.js?v=fd09ac8d:3
[ 1116446ms] [WARNING] [intlify] Not found 'logo_alt' key in 'en' locale messages. @ http://0.0.0.0:3001/_nuxt/node_modules/.cache/vite/client/deps/chunk-LY4OWT6B.js?v=fd09ac8d:3
[ 1116446ms] [WARNING] [intlify] Fall back to translate 'logo_alt' key with 'cs' locale. @ http://0.0.0.0:3001/_nuxt/node_modules/.cache/vite/client/deps/chunk-LY4OWT6B.js?v=fd09ac8d:3
[ 1116446ms] [WARNING] [intlify] Not found 'logo_alt' key in 'cs' locale messages. @ http://0.0.0.0:3001/_nuxt/node_modules/.cache/vite/client/deps/chunk-LY4OWT6B.js?v=fd09ac8d:3
[ 1116449ms] [WARNING] [intlify] Not found 'title.cart' key in 'en' locale messages. @ http://0.0.0.0:3001/_nuxt/node_modules/.cache/vite/client/deps/chunk-LY4OWT6B.js?v=fd09ac8d:3
[ 1116449ms] [WARNING] [intlify] Fall back to translate 'title.cart' key with 'cs' locale. @ http://0.0.0.0:3001/_nuxt/node_modules/.cache/vite/client/deps/chunk-LY4OWT6B.js?v=fd09ac8d:3
[ 1116449ms] [WARNING] [intlify] Not found 'title.cart' key in 'cs' locale messages. @ http://0.0.0.0:3001/_nuxt/node_modules/.cache/vite/client/deps/chunk-LY4OWT6B.js?v=fd09ac8d:3
[ 1116449ms] [WARNING] [intlify] Fall back to translate 'title.cart' with root locale. @ http://0.0.0.0:3001/_nuxt/node_modules/.cache/vite/client/deps/chunk-LY4OWT6B.js?v=fd09ac8d:3
[ 1116459ms] [WARNING] [Vue warn]: Hydration style mismatch on JSHandle@node 
  - rendered on server: style="width:1em;height:1em;--c613ce94-iconUrl:url('https://api.iconify.design/iconoir/nav-arrow-down.svg');"
  - expected on client: style="width:1em;height:1em;"
  Note: this mismatch is check-only. The DOM will not be rectified in production due to performance overhead.
  You should fix the source of the mismatch. 
  at <IconCSS name="iconoir:nav-arrow-down" class="lang-switcher__chevron" > 
  at <Header> 
  at <Body style= {background: #f8f1e6} > 
  at <Html lang="en-US" dir="ltr" > 
  at <Default ref=Ref< undefined > > 
  at <AsyncComponentWrapper ref=Ref< undefined > > 
  at <LayoutLoader key="default" layoutProps= {ref: RefImpl} name="default" > 
  at <NuxtLayoutProvider layoutProps= {ref: RefImpl} key="default" name="default"  ... > 
  at <NuxtLayout> 
  at <App key=4 > 
  at <NuxtRoot> @ http://0.0.0.0:3001/_nuxt/@fs/Users/andrejkoval/Dev/vivadzen/src/front/node_modules/@vue/runtime-core/dist/runtime-core.esm-bundler.js?v=fd09ac8d:49
[ 1116460ms] [ERROR] Hydration completed but contains mismatches. @ http://0.0.0.0:3001/_nuxt/@fs/Users/andrejkoval/Dev/vivadzen/src/front/node_modules/@vue/runtime-core/dist/runtime-core.esm-bundler.js?v=fd09ac8d:1847
[ 1116460ms] [WARNING] [Vue warn]: Hydration style mismatch on JSHandle@node 
  - rendered on server: style="width:1em;height:1em;--c613ce94-iconUrl:url('https://api.iconify.design/ci/shopping-cart-01.svg');"
  - expected on client: style="width:1em;height:1em;"
  Note: this mismatch is check-only. The DOM will not be rectified in production due to performance overhead.
  You should fix the source of the mismatch. 
  at <IconCSS name="ci:shopping-cart-01" class="hero-header__cart-icon" > 
  at <Header> 
  at <Body style= {background: #f8f1e6} > 
  at <Html lang="en-US" dir="ltr" > 
  at <Default ref=Ref< undefined > > 
  at <AsyncComponentWrapper ref=Ref< undefined > > 
  at <LayoutLoader key="default" layoutProps= {ref: RefImpl} name="default" > 
  at <NuxtLayoutProvider layoutProps= {ref: RefImpl} key="default" name="default"  ... > 
  at <NuxtLayout> 
  at <App key=4 > 
  at <NuxtRoot> @ http://0.0.0.0:3001/_nuxt/@fs/Users/andrejkoval/Dev/vivadzen/src/front/node_modules/@vue/runtime-core/dist/runtime-core.esm-bundler.js?v=fd09ac8d:49
[ 1116462ms] [WARNING] [Vue warn]: Hydration style mismatch on JSHandle@node 
  - rendered on server: style="width:1em;height:1em;--c613ce94-iconUrl:url('https://api.iconify.design/mynaui/telephone-call.svg');"
  - expected on client: style="width:1em;height:1em;"
  Note: this mismatch is check-only. The DOM will not be rectified in production due to performance overhead.
  You should fix the source of the mismatch. 
  at <IconCSS name="mynaui:telephone-call" class="hero-mobile-menu__contact-icon" > 
  at <Header> 
  at <Body style= {background: #f8f1e6} > 
  at <Html lang="en-US" dir="ltr" > 
  at <Default ref=Ref< undefined > > 
  at <AsyncComponentWrapper ref=Ref< undefined > > 
  at <LayoutLoader key="default" layoutProps= {ref: RefImpl} name="default" > 
  at <NuxtLayoutProvider layoutProps= {ref: RefImpl} key="default" name="default"  ... > 
  at <NuxtLayout> 
  at <App key=4 > 
  at <NuxtRoot> @ http://0.0.0.0:3001/_nuxt/@fs/Users/andrejkoval/Dev/vivadzen/src/front/node_modules/@vue/runtime-core/dist/runtime-core.esm-bundler.js?v=fd09ac8d:49
[ 1116462ms] [WARNING] [Vue warn]: Hydration style mismatch on JSHandle@node 
  - rendered on server: style="width:1em;height:1em;--c613ce94-iconUrl:url('https://api.iconify.design/ic/round-alternate-email.svg');"
  - expected on client: style="width:1em;height:1em;"
  Note: this mismatch is check-only. The DOM will not be rectified in production due to performance overhead.
  You should fix the source of the mismatch. 
  at <IconCSS name="ic:round-alternate-email" class="hero-mobile-menu__contact-icon" > 
  at <Header> 
  at <Body style= {background: #f8f1e6} > 
  at <Html lang="en-US" dir="ltr" > 
  at <Default ref=Ref< undefined > > 
  at <AsyncComponentWrapper ref=Ref< undefined > > 
  at <LayoutLoader key="default" layoutProps= {ref: RefImpl} name="default" > 
  at <NuxtLayoutProvider layoutProps= {ref: RefImpl} key="default" name="default"  ... > 
  at <NuxtLayout> 
  at <App key=4 > 
  at <NuxtRoot> @ http://0.0.0.0:3001/_nuxt/@fs/Users/andrejkoval/Dev/vivadzen/src/front/node_modules/@vue/runtime-core/dist/runtime-core.esm-bundler.js?v=fd09ac8d:49
[ 1116463ms] [WARNING] [Vue warn]: Hydration style mismatch on JSHandle@node 
  - rendered on server: style="width:1em;height:1em;--c613ce94-iconUrl:url('https://api.iconify.design/mynaui/location.svg');"
  - expected on client: style="width:1em;height:1em;"
  Note: this mismatch is check-only. The DOM will not be rectified in production due to performance overhead.
  You should fix the source of the mismatch. 
  at <IconCSS name="mynaui:location" class="hero-mobile-menu__contact-icon" > 
  at <Header> 
  at <Body style= {background: #f8f1e6} > 
  at <Html lang="en-US" dir="ltr" > 
  at <Default ref=Ref< undefined > > 
  at <AsyncComponentWrapper ref=Ref< undefined > > 
  at <LayoutLoader key="default" layoutProps= {ref: RefImpl} name="default" > 
  at <NuxtLayoutProvider layoutProps= {ref: RefImpl} key="default" name="default"  ... > 
  at <NuxtLayout> 
  at <App key=4 > 
  at <NuxtRoot> @ http://0.0.0.0:3001/_nuxt/@fs/Users/andrejkoval/Dev/vivadzen/src/front/node_modules/@vue/runtime-core/dist/runtime-core.esm-bundler.js?v=fd09ac8d:49
[ 1116463ms] [WARNING] [Vue warn]: Hydration style mismatch on JSHandle@node 
  - rendered on server: style="width:1em;height:1em;--c613ce94-iconUrl:url('https://api.iconify.design/mynaui/clock-4.svg');"
  - expected on client: style="width:1em;height:1em;"
  Note: this mismatch is check-only. The DOM will not be rectified in production due to performance overhead.
  You should fix the source of the mismatch. 
  at <IconCSS name="mynaui:clock-4" class="hero-mobile-menu__contact-icon" > 
  at <Header> 
  at <Body style= {background: #f8f1e6} > 
  at <Html lang="en-US" dir="ltr" > 
  at <Default ref=Ref< undefined > > 
  at <AsyncComponentWrapper ref=Ref< undefined > > 
  at <LayoutLoader key="default" layoutProps= {ref: RefImpl} name="default" > 
  at <NuxtLayoutProvider layoutProps= {ref: RefImpl} key="default" name="default"  ... > 
  at <NuxtLayout> 
  at <App key=4 > 
  at <NuxtRoot> @ http://0.0.0.0:3001/_nuxt/@fs/Users/andrejkoval/Dev/vivadzen/src/front/node_modules/@vue/runtime-core/dist/runtime-core.esm-bundler.js?v=fd09ac8d:49
[ 1116467ms] [WARNING] [Vue warn]: Hydration style mismatch on JSHandle@node 
  - rendered on server: style="width:1em;height:1em;--c613ce94-iconUrl:url('https://api.iconify.design/ph/telegram-logo.svg');"
  - expected on client: style="width:1em;height:1em;"
  Note: this mismatch is check-only. The DOM will not be rectified in production due to performance overhead.
  You should fix the source of the mismatch. 
  at <IconCSS name="ph:telegram-logo" > 
  at <SiteFooter> 
  at <Body style= {background: #f8f1e6} > 
  at <Html lang="en-US" dir="ltr" > 
  at <Default ref=Ref< undefined > > 
  at <AsyncComponentWrapper ref=Ref< undefined > > 
  at <LayoutLoader key="default" layoutProps= {ref: RefImpl} name="default" > 
  at <NuxtLayoutProvider layoutProps= {ref: RefImpl} key="default" name="default"  ... > 
  at <NuxtLayout> 
  at <App key=4 > 
  at <NuxtRoot> @ http://0.0.0.0:3001/_nuxt/@fs/Users/andrejkoval/Dev/vivadzen/src/front/node_modules/@vue/runtime-core/dist/runtime-core.esm-bundler.js?v=fd09ac8d:49
[ 1116468ms] [WARNING] [Vue warn]: Hydration style mismatch on JSHandle@node 
  - rendered on server: style="width:1em;height:1em;--c613ce94-iconUrl:url('https://api.iconify.design/ph/whatsapp-logo.svg');"
  - expected on client: style="width:1em;height:1em;"
  Note: this mismatch is check-only. The DOM will not be rectified in production due to performance overhead.
  You should fix the source of the mismatch. 
  at <IconCSS name="ph:whatsapp-logo" > 
  at <SiteFooter> 
  at <Body style= {background: #f8f1e6} > 
  at <Html lang="en-US" dir="ltr" > 
  at <Default ref=Ref< undefined > > 
  at <AsyncComponentWrapper ref=Ref< undefined > > 
  at <LayoutLoader key="default" layoutProps= {ref: RefImpl} name="default" > 
  at <NuxtLayoutProvider layoutProps= {ref: RefImpl} key="default" name="default"  ... > 
  at <NuxtLayout> 
  at <App key=4 > 
  at <NuxtRoot> @ http://0.0.0.0:3001/_nuxt/@fs/Users/andrejkoval/Dev/vivadzen/src/front/node_modules/@vue/runtime-core/dist/runtime-core.esm-bundler.js?v=fd09ac8d:49
[ 1116468ms] [WARNING] [Vue warn]: Hydration style mismatch on JSHandle@node 
  - rendered on server: style="width:1em;height:1em;--c613ce94-iconUrl:url('https://api.iconify.design/iconoir/instagram.svg');"
  - expected on client: style="width:1em;height:1em;"
  Note: this mismatch is check-only. The DOM will not be rectified in production due to performance overhead.
  You should fix the source of the mismatch. 
  at <IconCSS name="iconoir:instagram" > 
  at <SiteFooter> 
  at <Body style= {background: #f8f1e6} > 
  at <Html lang="en-US" dir="ltr" > 
  at <Default ref=Ref< undefined > > 
  at <AsyncComponentWrapper ref=Ref< undefined > > 
  at <LayoutLoader key="default" layoutProps= {ref: RefImpl} name="default" > 
  at <NuxtLayoutProvider layoutProps= {ref: RefImpl} key="default" name="default"  ... > 
  at <NuxtLayout> 
  at <App key=4 > 
  at <NuxtRoot> @ http://0.0.0.0:3001/_nuxt/@fs/Users/andrejkoval/Dev/vivadzen/src/front/node_modules/@vue/runtime-core/dist/runtime-core.esm-bundler.js?v=fd09ac8d:49
[ 1116473ms] [WARNING] [intlify] Not found parent scope. use the global scope. @ http://0.0.0.0:3001/_nuxt/node_modules/.cache/vite/client/deps/chunk-LY4OWT6B.js?v=fd09ac8d:3
[ 1116474ms] [WARNING] [Vue warn]: Hydration style mismatch on JSHandle@node 
  - rendered on server: style="width:1em;height:1em;--c613ce94-iconUrl:url('https://api.iconify.design/ci/shopping-cart-01.svg');"
  - expected on client: style="width:1em;height:1em;"
  Note: this mismatch is check-only. The DOM will not be rectified in production due to performance overhead.
  You should fix the source of the mismatch. 
  at <IconCSS name="ci:shopping-cart-01" class="kratom-product-card__action-icon" > 
  at <ProductCard key=391 product= {id: 391, name: Green Rurut Nano kratom powder - 25g, slug: zeleny-rurut-nano-kratom-prasek-25g, price: 140.00, oldPrice: null} > 
  at <Index onVnodeUnmounted=fn<onVnodeUnmounted> ref=Ref< undefined > > 
  at <RouteProvider key="/en/catalog" vnode= {__v_isVNode: true, __v_skip: true, type: Object, props: Object, key: null} route= {fullPath: /en/catalog, hash: , query: Object, name: catalog___en, path: /en/catalog}  ... > 
  at <RouterView name=undefined route=undefined > 
  at <NuxtPage> 
  at <Body style= {background: #f8f1e6} > 
  at <Html lang="en-US" dir="ltr" > 
  at <Default ref=Ref< undefined > > 
  at <AsyncComponentWrapper ref=Ref< undefined > > 
  at <LayoutLoader key="default" layoutProps= {ref: RefImpl} name="default" > 
  at <NuxtLayoutProvider layoutProps= {ref: RefImpl} key="default" name="default"  ... > 
  at <NuxtLayout> 
  at <App key=4 > 
  at <NuxtRoot> @ http://0.0.0.0:3001/_nuxt/@fs/Users/andrejkoval/Dev/vivadzen/src/front/node_modules/@vue/runtime-core/dist/runtime-core.esm-bundler.js?v=fd09ac8d:49
[ 1116475ms] [WARNING] [intlify] Not found parent scope. use the global scope. @ http://0.0.0.0:3001/_nuxt/node_modules/.cache/vite/client/deps/chunk-LY4OWT6B.js?v=fd09ac8d:3
[ 1116476ms] [WARNING] [Vue warn]: Hydration style mismatch on JSHandle@node 
  - rendered on server: style="width:1em;height:1em;--c613ce94-iconUrl:url('https://api.iconify.design/ci/shopping-cart-01.svg');"
  - expected on client: style="width:1em;height:1em;"
  Note: this mismatch is check-only. The DOM will not be rectified in production due to performance overhead.
  You should fix the source of the mismatch. 
  at <IconCSS name="ci:shopping-cart-01" class="kratom-product-card__action-icon" > 
  at <ProductCard key=336 product= {id: 336, name: White Maeng Da Kratom powder, slug: bila-maeng-da-kratom-prasek-25g, price: 130.00, oldPrice: null} > 
  at <Index onVnodeUnmounted=fn<onVnodeUnmounted> ref=Ref< undefined > > 
  at <RouteProvider key="/en/catalog" vnode= {__v_isVNode: true, __v_skip: true, type: Object, props: Object, key: null} route= {fullPath: /en/catalog, hash: , query: Object, name: catalog___en, path: /en/catalog}  ... > 
  at <RouterView name=undefined route=undefined > 
  at <NuxtPage> 
  at <Body style= {background: #f8f1e6} > 
  at <Html lang="en-US" dir="ltr" > 
  at <Default ref=Ref< undefined > > 
  at <AsyncComponentWrapper ref=Ref< undefined > > 
  at <LayoutLoader key="default" layoutProps= {ref: RefImpl} name="default" > 
  at <NuxtLayoutProvider layoutProps= {ref: RefImpl} key="default" name="default"  ... > 
  at <NuxtLayout> 
  at <App key=4 > 
  at <NuxtRoot> @ http://0.0.0.0:3001/_nuxt/@fs/Users/andrejkoval/Dev/vivadzen/src/front/node_modules/@vue/runtime-core/dist/runtime-core.esm-bundler.js?v=fd09ac8d:49
[ 1116477ms] [WARNING] [intlify] Not found parent scope. use the global scope. @ http://0.0.0.0:3001/_nuxt/node_modules/.cache/vite/client/deps/chunk-LY4OWT6B.js?v=fd09ac8d:3
[ 1116478ms] [WARNING] [Vue warn]: Hydration style mismatch on JSHandle@node 
  - rendered on server: style="width:1em;height:1em;--c613ce94-iconUrl:url('https://api.iconify.design/ci/shopping-cart-01.svg');"
  - expected on client: style="width:1em;height:1em;"
  Note: this mismatch is check-only. The DOM will not be rectified in production due to performance overhead.
  You should fix the source of the mismatch. 
  at <IconCSS name="ci:shopping-cart-01" class="kratom-product-card__action-icon" > 
  at <ProductCard key=334 product= {id: 334, name: White Elephant Kratom powder, slug: bily-slon-kratom-prasek-25g, price: 140.00, oldPrice: null} > 
  at <Index onVnodeUnmounted=fn<onVnodeUnmounted> ref=Ref< undefined > > 
  at <RouteProvider key="/en/catalog" vnode= {__v_isVNode: true, __v_skip: true, type: Object, props: Object, key: null} route= {fullPath: /en/catalog, hash: , query: Object, name: catalog___en, path: /en/catalog}  ... > 
  at <RouterView name=undefined route=undefined > 
  at <NuxtPage> 
  at <Body style= {background: #f8f1e6} > 
  at <Html lang="en-US" dir="ltr" > 
  at <Default ref=Ref< undefined > > 
  at <AsyncComponentWrapper ref=Ref< undefined > > 
  at <LayoutLoader key="default" layoutProps= {ref: RefImpl} name="default" > 
  at <NuxtLayoutProvider layoutProps= {ref: RefImpl} key="default" name="default"  ... > 
  at <NuxtLayout> 
  at <App key=4 > 
  at <NuxtRoot> @ http://0.0.0.0:3001/_nuxt/@fs/Users/andrejkoval/Dev/vivadzen/src/front/node_modules/@vue/runtime-core/dist/runtime-core.esm-bundler.js?v=fd09ac8d:49
[ 1116479ms] [WARNING] [intlify] Not found parent scope. use the global scope. @ http://0.0.0.0:3001/_nuxt/node_modules/.cache/vite/client/deps/chunk-LY4OWT6B.js?v=fd09ac8d:3
[ 1116479ms] [WARNING] [Vue warn]: Hydration style mismatch on JSHandle@node 
  - rendered on server: style="width:1em;height:1em;--c613ce94-iconUrl:url('https://api.iconify.design/ci/shopping-cart-01.svg');"
  - expected on client: style="width:1em;height:1em;"
  Note: this mismatch is check-only. The DOM will not be rectified in production due to performance overhead.
  You should fix the source of the mismatch. 
  at <IconCSS name="ci:shopping-cart-01" class="kratom-product-card__action-icon" > 
  at <ProductCard key=333 product= {id: 333, name: Green Thai Kratom powder, slug: zeleny-thajsky-kratom-prasek-25g, price: 130.00, oldPrice: null} > 
  at <Index onVnodeUnmounted=fn<onVnodeUnmounted> ref=Ref< undefined > > 
  at <RouteProvider key="/en/catalog" vnode= {__v_isVNode: true, __v_skip: true, type: Object, props: Object, key: null} route= {fullPath: /en/catalog, hash: , query: Object, name: catalog___en, path: /en/catalog}  ... > 
  at <RouterView name=undefined route=undefined > 
  at <NuxtPage> 
  at <Body style= {background: #f8f1e6} > 
  at <Html lang="en-US" dir="ltr" > 
  at <Default ref=Ref< undefined > > 
  at <AsyncComponentWrapper ref=Ref< undefined > > 
  at <LayoutLoader key="default" layoutProps= {ref: RefImpl} name="default" > 
  at <NuxtLayoutProvider layoutProps= {ref: RefImpl} key="default" name="default"  ... > 
  at <NuxtLayout> 
  at <App key=4 > 
  at <NuxtRoot> @ http://0.0.0.0:3001/_nuxt/@fs/Users/andrejkoval/Dev/vivadzen/src/front/node_modules/@vue/runtime-core/dist/runtime-core.esm-bundler.js?v=fd09ac8d:49
[ 1116481ms] [WARNING] [intlify] Not found parent scope. use the global scope. @ http://0.0.0.0:3001/_nuxt/node_modules/.cache/vite/client/deps/chunk-LY4OWT6B.js?v=fd09ac8d:3
[ 1116481ms] [WARNING] [Vue warn]: Hydration style mismatch on JSHandle@node 
  - rendered on server: style="width:1em;height:1em;--c613ce94-iconUrl:url('https://api.iconify.design/ci/shopping-cart-01.svg');"
  - expected on client: style="width:1em;height:1em;"
  Note: this mismatch is check-only. The DOM will not be rectified in production due to performance overhead.
  You should fix the source of the mismatch. 
  at <IconCSS name="ci:shopping-cart-01" class="kratom-product-card__action-icon" > 
  at <ProductCard key=332 product= {id: 332, name: Red Maeng Da Kratom powder, slug: cervena-maeng-da-kratom-prasek-25g, price: 130.00, oldPrice: null} > 
  at <Index onVnodeUnmounted=fn<onVnodeUnmounted> ref=Ref< undefined > > 
  at <RouteProvider key="/en/catalog" vnode= {__v_isVNode: true, __v_skip: true, type: Object, props: Object, key: null} route= {fullPath: /en/catalog, hash: , query: Object, name: catalog___en, path: /en/catalog}  ... > 
  at <RouterView name=undefined route=undefined > 
  at <NuxtPage> 
  at <Body style= {background: #f8f1e6} > 
  at <Html lang="en-US" dir="ltr" > 
  at <Default ref=Ref< undefined > > 
  at <AsyncComponentWrapper ref=Ref< undefined > > 
  at <LayoutLoader key="default" layoutProps= {ref: RefImpl} name="default" > 
  at <NuxtLayoutProvider layoutProps= {ref: RefImpl} key="default" name="default"  ... > 
  at <NuxtLayout> 
  at <App key=4 > 
  at <NuxtRoot> @ http://0.0.0.0:3001/_nuxt/@fs/Users/andrejkoval/Dev/vivadzen/src/front/node_modules/@vue/runtime-core/dist/runtime-core.esm-bundler.js?v=fd09ac8d:49
[ 1116482ms] [WARNING] [intlify] Not found parent scope. use the global scope. @ http://0.0.0.0:3001/_nuxt/node_modules/.cache/vite/client/deps/chunk-LY4OWT6B.js?v=fd09ac8d:3
[ 1116483ms] [WARNING] [Vue warn]: Hydration style mismatch on JSHandle@node 
  - rendered on server: style="width:1em;height:1em;--c613ce94-iconUrl:url('https://api.iconify.design/ci/shopping-cart-01.svg');"
  - expected on client: style="width:1em;height:1em;"
  Note: this mismatch is check-only. The DOM will not be rectified in production due to performance overhead.
  You should fix the source of the mismatch. 
  at <IconCSS name="ci:shopping-cart-01" class="kratom-product-card__action-icon" > 
  at <ProductCard key=331 product= {id: 331, name: Green Maeng Da Kratom powder, slug: zelena-maeng-da-kratom-prasek-25g, price: 130.00, oldPrice: null} > 
  at <Index onVnodeUnmounted=fn<onVnodeUnmounted> ref=Ref< undefined > > 
  at <RouteProvider key="/en/catalog" vnode= {__v_isVNode: true, __v_skip: true, type: Object, props: Object, key: null} route= {fullPath: /en/catalog, hash: , query: Object, name: catalog___en, path: /en/catalog}  ... > 
  at <RouterView name=undefined route=undefined > 
  at <NuxtPage> 
  at <Body style= {background: #f8f1e6} > 
  at <Html lang="en-US" dir="ltr" > 
  at <Default ref=Ref< undefined > > 
  at <AsyncComponentWrapper ref=Ref< undefined > > 
  at <LayoutLoader key="default" layoutProps= {ref: RefImpl} name="default" > 
  at <NuxtLayoutProvider layoutProps= {ref: RefImpl} key="default" name="default"  ... > 
  at <NuxtLayout> 
  at <App key=4 > 
  at <NuxtRoot> @ http://0.0.0.0:3001/_nuxt/@fs/Users/andrejkoval/Dev/vivadzen/src/front/node_modules/@vue/runtime-core/dist/runtime-core.esm-bundler.js?v=fd09ac8d:49
[ 1116485ms] [LOG] [nuxt-app] page:finish: 1.680908203125 ms [Object] @ http://0.0.0.0:3001/_nuxt/@fs/Users/andrejkoval/Dev/vivadzen/src/front/node_modules/hookable/dist/index.mjs?v=fd09ac8d:271
[ 1116486ms] [LOG] [nuxt-app] page:loading:end: 0.8681640625 ms [] @ http://0.0.0.0:3001/_nuxt/@fs/Users/andrejkoval/Dev/vivadzen/src/front/node_modules/hookable/dist/index.mjs?v=fd09ac8d:271
[ 1116504ms] [WARNING] [intlify] Not found 'logo_alt' key in 'en' locale messages. @ http://0.0.0.0:3001/_nuxt/node_modules/.cache/vite/client/deps/chunk-LY4OWT6B.js?v=fd09ac8d:3
[ 1116504ms] [WARNING] [intlify] Fall back to translate 'logo_alt' key with 'cs' locale. @ http://0.0.0.0:3001/_nuxt/node_modules/.cache/vite/client/deps/chunk-LY4OWT6B.js?v=fd09ac8d:3
[ 1116505ms] [WARNING] [intlify] Not found 'logo_alt' key in 'cs' locale messages. @ http://0.0.0.0:3001/_nuxt/node_modules/.cache/vite/client/deps/chunk-LY4OWT6B.js?v=fd09ac8d:3
[ 1116505ms] [WARNING] [intlify] Fall back to translate 'logo_alt' with root locale. @ http://0.0.0.0:3001/_nuxt/node_modules/.cache/vite/client/deps/chunk-LY4OWT6B.js?v=fd09ac8d:3
[ 1116505ms] [WARNING] [intlify] Not found 'logo_alt' key in 'en' locale messages. @ http://0.0.0.0:3001/_nuxt/node_modules/.cache/vite/client/deps/chunk-LY4OWT6B.js?v=fd09ac8d:3
[ 1116505ms] [WARNING] [intlify] Fall back to translate 'logo_alt' key with 'cs' locale. @ http://0.0.0.0:3001/_nuxt/node_modules/.cache/vite/client/deps/chunk-LY4OWT6B.js?v=fd09ac8d:3
[ 1116505ms] [WARNING] [intlify] Not found 'logo_alt' key in 'cs' locale messages. @ http://0.0.0.0:3001/_nuxt/node_modules/.cache/vite/client/deps/chunk-LY4OWT6B.js?v=fd09ac8d:3
[ 1116506ms] [WARNING] [intlify] Not found 'title.cart' key in 'en' locale messages. @ http://0.0.0.0:3001/_nuxt/node_modules/.cache/vite/client/deps/chunk-LY4OWT6B.js?v=fd09ac8d:3
[ 1116506ms] [WARNING] [intlify] Fall back to translate 'title.cart' key with 'cs' locale. @ http://0.0.0.0:3001/_nuxt/node_modules/.cache/vite/client/deps/chunk-LY4OWT6B.js?v=fd09ac8d:3
[ 1116506ms] [WARNING] [intlify] Not found 'title.cart' key in 'cs' locale messages. @ http://0.0.0.0:3001/_nuxt/node_modules/.cache/vite/client/deps/chunk-LY4OWT6B.js?v=fd09ac8d:3
[ 1116506ms] [WARNING] [intlify] Fall back to translate 'title.cart' with root locale. @ http://0.0.0.0:3001/_nuxt/node_modules/.cache/vite/client/deps/chunk-LY4OWT6B.js?v=fd09ac8d:3
[ 1116509ms] [WARNING] [intlify] Not found 'logo_alt' key in 'en' locale messages. @ http://0.0.0.0:3001/_nuxt/node_modules/.cache/vite/client/deps/chunk-LY4OWT6B.js?v=fd09ac8d:3
[ 1116509ms] [WARNING] [intlify] Fall back to translate 'logo_alt' key with 'cs' locale. @ http://0.0.0.0:3001/_nuxt/node_modules/.cache/vite/client/deps/chunk-LY4OWT6B.js?v=fd09ac8d:3
[ 1116509ms] [WARNING] [intlify] Not found 'logo_alt' key in 'cs' locale messages. @ http://0.0.0.0:3001/_nuxt/node_modules/.cache/vite/client/deps/chunk-LY4OWT6B.js?v=fd09ac8d:3
[ 1116510ms] [WARNING] [intlify] Fall back to translate 'logo_alt' with root locale. @ http://0.0.0.0:3001/_nuxt/node_modules/.cache/vite/client/deps/chunk-LY4OWT6B.js?v=fd09ac8d:3
[ 1116510ms] [WARNING] [intlify] Not found 'logo_alt' key in 'en' locale messages. @ http://0.0.0.0:3001/_nuxt/node_modules/.cache/vite/client/deps/chunk-LY4OWT6B.js?v=fd09ac8d:3
[ 1116510ms] [WARNING] [intlify] Fall back to translate 'logo_alt' key with 'cs' locale. @ http://0.0.0.0:3001/_nuxt/node_modules/.cache/vite/client/deps/chunk-LY4OWT6B.js?v=fd09ac8d:3
[ 1116510ms] [WARNING] [intlify] Not found 'logo_alt' key in 'cs' locale messages. @ http://0.0.0.0:3001/_nuxt/node_modules/.cache/vite/client/deps/chunk-LY4OWT6B.js?v=fd09ac8d:3
[ 1116511ms] [WARNING] [intlify] Not found 'title.cart' key in 'en' locale messages. @ http://0.0.0.0:3001/_nuxt/node_modules/.cache/vite/client/deps/chunk-LY4OWT6B.js?v=fd09ac8d:3
[ 1116511ms] [WARNING] [intlify] Fall back to translate 'title.cart' key with 'cs' locale. @ http://0.0.0.0:3001/_nuxt/node_modules/.cache/vite/client/deps/chunk-LY4OWT6B.js?v=fd09ac8d:3
[ 1116511ms] [WARNING] [intlify] Not found 'title.cart' key in 'cs' locale messages. @ http://0.0.0.0:3001/_nuxt/node_modules/.cache/vite/client/deps/chunk-LY4OWT6B.js?v=fd09ac8d:3
[ 1116511ms] [WARNING] [intlify] Fall back to translate 'title.cart' with root locale. @ http://0.0.0.0:3001/_nuxt/node_modules/.cache/vite/client/deps/chunk-LY4OWT6B.js?v=fd09ac8d:3
[ 1116522ms] [LOG] [nuxt-app] schema-org:meta: 0.137939453125 ms [Object] @ http://0.0.0.0:3001/_nuxt/@fs/Users/andrejkoval/Dev/vivadzen/src/front/node_modules/hookable/dist/index.mjs?v=fd09ac8d:271
[ 1116523ms] [LOG] [nuxt-app] app:suspense:resolve: 14.9111328125 ms [] @ http://0.0.0.0:3001/_nuxt/@fs/Users/andrejkoval/Dev/vivadzen/src/front/node_modules/hookable/dist/index.mjs?v=fd09ac8d:271
[ 1116544ms] [LOG] [nuxt-app] link:prefetch: 3.73095703125 ms [/en/catalog] @ http://0.0.0.0:3001/_nuxt/@fs/Users/andrejkoval/Dev/vivadzen/src/front/node_modules/hookable/dist/index.mjs?v=fd09ac8d:271
[ 1116544ms] [LOG] [nuxt-app] link:prefetch : 3.546875 ms [/en/blog] @ http://0.0.0.0:3001/_nuxt/@fs/Users/andrejkoval/Dev/vivadzen/src/front/node_modules/hookable/dist/index.mjs?v=fd09ac8d:271
[ 1116544ms] [LOG] [nuxt-app] link:prefetch  : 3.179931640625 ms [/en/about] @ http://0.0.0.0:3001/_nuxt/@fs/Users/andrejkoval/Dev/vivadzen/src/front/node_modules/hookable/dist/index.mjs?v=fd09ac8d:271
[ 1116544ms] [LOG] [nuxt-app] link:prefetch   : 2.806884765625 ms [/en/contacts] @ http://0.0.0.0:3001/_nuxt/@fs/Users/andrejkoval/Dev/vivadzen/src/front/node_modules/hookable/dist/index.mjs?v=fd09ac8d:271
[ 1116544ms] [LOG] [nuxt-app] link:prefetch    : 2.52392578125 ms [/en/zeleny-rurut-nano-kratom-prasek-25g] @ http://0.0.0.0:3001/_nuxt/@fs/Users/andrejkoval/Dev/vivadzen/src/front/node_modules/hookable/dist/index.mjs?v=fd09ac8d:271
[ 1116544ms] [LOG] [nuxt-app] link:prefetch     : 2.2490234375 ms [/en/zeleny-rurut-nano-kratom-prasek-25g] @ http://0.0.0.0:3001/_nuxt/@fs/Users/andrejkoval/Dev/vivadzen/src/front/node_modules/hookable/dist/index.mjs?v=fd09ac8d:271
[ 1116544ms] [LOG] [nuxt-app] link:prefetch      : 2.27490234375 ms [/en/bila-maeng-da-kratom-prasek-25g] @ http://0.0.0.0:3001/_nuxt/@fs/Users/andrejkoval/Dev/vivadzen/src/front/node_modules/hookable/dist/index.mjs?v=fd09ac8d:271
[ 1116545ms] [LOG] [nuxt-app] link:prefetch       : 2.287841796875 ms [/en/bila-maeng-da-kratom-prasek-25g] @ http://0.0.0.0:3001/_nuxt/@fs/Users/andrejkoval/Dev/vivadzen/src/front/node_modules/hookable/dist/index.mjs?v=fd09ac8d:271
[ 1116545ms] [LOG] [nuxt-app] link:prefetch        : 2.364990234375 ms [/en/bily-slon-kratom-prasek-25g] @ http://0.0.0.0:3001/_nuxt/@fs/Users/andrejkoval/Dev/vivadzen/src/front/node_modules/hookable/dist/index.mjs?v=fd09ac8d:271
[ 1116545ms] [LOG] [nuxt-app] link:prefetch         : 2.39599609375 ms [/en/bily-slon-kratom-prasek-25g] @ http://0.0.0.0:3001/_nuxt/@fs/Users/andrejkoval/Dev/vivadzen/src/front/node_modules/hookable/dist/index.mjs?v=fd09ac8d:271
[ 1116545ms] [LOG] [nuxt-app] link:prefetch          : 2.435791015625 ms [/en/zeleny-thajsky-kratom-prasek-25g] @ http://0.0.0.0:3001/_nuxt/@fs/Users/andrejkoval/Dev/vivadzen/src/front/node_modules/hookable/dist/index.mjs?v=fd09ac8d:271
[ 1116545ms] [LOG] [nuxt-app] link:prefetch           : 2.47705078125 ms [/en/zeleny-thajsky-kratom-prasek-25g] @ http://0.0.0.0:3001/_nuxt/@fs/Users/andrejkoval/Dev/vivadzen/src/front/node_modules/hookable/dist/index.mjs?v=fd09ac8d:271
[ 1116545ms] [LOG] [nuxt-app] link:prefetch            : 2.51806640625 ms [/en/cervena-maeng-da-kratom-prasek-25g] @ http://0.0.0.0:3001/_nuxt/@fs/Users/andrejkoval/Dev/vivadzen/src/front/node_modules/hookable/dist/index.mjs?v=fd09ac8d:271
[ 1116545ms] [LOG] [nuxt-app] link:prefetch             : 2.538818359375 ms [/en/cervena-maeng-da-kratom-prasek-25g] @ http://0.0.0.0:3001/_nuxt/@fs/Users/andrejkoval/Dev/vivadzen/src/front/node_modules/hookable/dist/index.mjs?v=fd09ac8d:271
[ 1116545ms] [LOG] [nuxt-app] link:prefetch              : 2.52392578125 ms [/en/zelena-maeng-da-kratom-prasek-25g] @ http://0.0.0.0:3001/_nuxt/@fs/Users/andrejkoval/Dev/vivadzen/src/front/node_modules/hookable/dist/index.mjs?v=fd09ac8d:271
[ 1116545ms] [LOG] [nuxt-app] link:prefetch               : 2.565185546875 ms [/en/zelena-maeng-da-kratom-prasek-25g] @ http://0.0.0.0:3001/_nuxt/@fs/Users/andrejkoval/Dev/vivadzen/src/front/node_modules/hookable/dist/index.mjs?v=fd09ac8d:271
[ 1119996ms] [LOG] [nuxt-delay-hydration] Hydration event timeout @ http://0.0.0.0:3001/en/catalog:135
[ 1559532ms] [WARNING] Timer '[nuxt-app] link:prefetch' already exists @ http://0.0.0.0:3001/_nuxt/@fs/Users/andrejkoval/Dev/vivadzen/src/front/node_modules/hookable/dist/index.mjs?v=fd09ac8d:261
[ 1559533ms] [WARNING] Timer '[nuxt-app] link:prefetch ' already exists @ http://0.0.0.0:3001/_nuxt/@fs/Users/andrejkoval/Dev/vivadzen/src/front/node_modules/hookable/dist/index.mjs?v=fd09ac8d:261
[ 1559539ms] [LOG] [nuxt-app] link:prefetch: 442999.2119140625 ms [/en/catalog] @ http://0.0.0.0:3001/_nuxt/@fs/Users/andrejkoval/Dev/vivadzen/src/front/node_modules/hookable/dist/index.mjs?v=fd09ac8d:271
[ 1559541ms] [LOG] [nuxt-app] link:prefetch : 443000.419921875 ms [/en/policy] @ http://0.0.0.0:3001/_nuxt/@fs/Users/andrejkoval/Dev/vivadzen/src/front/node_modules/hookable/dist/index.mjs?v=fd09ac8d:271
[ 1559542ms] [WARNING] Timer '[nuxt-app] link:prefetch' already exists @ http://0.0.0.0:3001/_nuxt/@fs/Users/andrejkoval/Dev/vivadzen/src/front/node_modules/hookable/dist/index.mjs?v=fd09ac8d:261
[ 1559542ms] [WARNING] Timer '[nuxt-app] link:prefetch ' already exists @ http://0.0.0.0:3001/_nuxt/@fs/Users/andrejkoval/Dev/vivadzen/src/front/node_modules/hookable/dist/index.mjs?v=fd09ac8d:261
[ 1559544ms] [LOG] [nuxt-app] link:prefetch: 443003.5578613281 ms [/en/blog] @ http://0.0.0.0:3001/_nuxt/@fs/Users/andrejkoval/Dev/vivadzen/src/front/node_modules/hookable/dist/index.mjs?v=fd09ac8d:271
[ 1559544ms] [LOG] [nuxt-app] link:prefetch : 443003.4619140625 ms [/en/terms] @ http://0.0.0.0:3001/_nuxt/@fs/Users/andrejkoval/Dev/vivadzen/src/front/node_modules/hookable/dist/index.mjs?v=fd09ac8d:271
[ 1559564ms] [WARNING] Timer '[nuxt-app] link:prefetch' already exists @ http://0.0.0.0:3001/_nuxt/@fs/Users/andrejkoval/Dev/vivadzen/src/front/node_modules/hookable/dist/index.mjs?v=fd09ac8d:261
[ 1559564ms] [WARNING] Timer '[nuxt-app] link:prefetch ' already exists @ http://0.0.0.0:3001/_nuxt/@fs/Users/andrejkoval/Dev/vivadzen/src/front/node_modules/hookable/dist/index.mjs?v=fd09ac8d:261
[ 1559564ms] [LOG] [nuxt-app] link:prefetch: 443024.4128417969 ms [/en/about] @ http://0.0.0.0:3001/_nuxt/@fs/Users/andrejkoval/Dev/vivadzen/src/front/node_modules/hookable/dist/index.mjs?v=fd09ac8d:271
[ 1559565ms] [LOG] [nuxt-app] link:prefetch : 443024.2590332031 ms [/en/returns] @ http://0.0.0.0:3001/_nuxt/@fs/Users/andrejkoval/Dev/vivadzen/src/front/node_modules/hookable/dist/index.mjs?v=fd09ac8d:271
[ 1559577ms] [WARNING] Timer '[nuxt-app] link:prefetch' already exists @ http://0.0.0.0:3001/_nuxt/@fs/Users/andrejkoval/Dev/vivadzen/src/front/node_modules/hookable/dist/index.mjs?v=fd09ac8d:261
[ 1559577ms] [LOG] [nuxt-app] link:prefetch: 443036.9299316406 ms [/en/contacts] @ http://0.0.0.0:3001/_nuxt/@fs/Users/andrejkoval/Dev/vivadzen/src/front/node_modules/hookable/dist/index.mjs?v=fd09ac8d:271
[ 1826582ms] [LOG] [nuxt-delay-hydration] Hydration event Event @ http://0.0.0.0:3001/en/catalog:135
[ 1826983ms] [LOG] [nuxt-app] i18n:beforeLocaleSwitch: 0.177001953125 ms [Object] @ http://0.0.0.0:3001/_nuxt/@fs/Users/andrejkoval/Dev/vivadzen/src/front/node_modules/hookable/dist/index.mjs?v=fd09ac8d:271
[ 1826989ms] [LOG] %cssr%c %s: %s 
      background: #7f8c8d;
      border-radius: 0.5em;
      color: white;
      font-weight: bold;
      padding: 2px 0.5em;
      [nitro-runtime] request 0.347ms 
  at timeLogImpl (node:internal/console/constructor)
  at node:internal/console/constructor
  at timeLogImpl (node:internal/util/debuglog)
 @ http://0.0.0.0:3001/_nuxt/@fs/Users/andrejkoval/Dev/vivadzen/src/front/node_modules/consola/dist/browser.mjs?v=fd09ac8d:47
[ 1826989ms] [LOG] %cssr%c %s: %s 
      background: #7f8c8d;
      border-radius: 0.5em;
      color: white;
      font-weight: bold;
      padding: 2px 0.5em;
      [nitro-runtime] site-config:init 0.031ms 
  at timeLogImpl (node:internal/console/constructor)
  at node:internal/console/constructor
  at timeLogImpl (node:internal/util/debuglog)
 @ http://0.0.0.0:3001/_nuxt/@fs/Users/andrejkoval/Dev/vivadzen/src/front/node_modules/consola/dist/browser.mjs?v=fd09ac8d:47
[ 1826989ms] [LOG] %cssr%c %s: %s 
      background: #7f8c8d;
      border-radius: 0.5em;
      color: white;
      font-weight: bold;
      padding: 2px 0.5em;
      [nitro-runtime] render:before 0.041ms 
  at timeLogImpl (node:internal/console/constructor)
  at node:internal/console/constructor
  at timeLogImpl (node:internal/util/debuglog)
 @ http://0.0.0.0:3001/_nuxt/@fs/Users/andrejkoval/Dev/vivadzen/src/front/node_modules/consola/dist/browser.mjs?v=fd09ac8d:47
[ 1826989ms] [LOG] %cssr%c %s: %s 
      background: #7f8c8d;
      border-radius: 0.5em;
      color: white;
      font-weight: bold;
      padding: 2px 0.5em;
      [nuxt-app] i18n:beforeLocaleSwitch 0.01ms 
  at timeLogImpl (node:internal/console/constructor)
  at node:internal/console/constructor
  at timeLogImpl (node:internal/util/debuglog)
 @ http://0.0.0.0:3001/_nuxt/@fs/Users/andrejkoval/Dev/vivadzen/src/front/node_modules/consola/dist/browser.mjs?v=fd09ac8d:47
[ 1826990ms] [LOG] %cssr%c %s: %s 
      background: #7f8c8d;
      border-radius: 0.5em;
      color: white;
      font-weight: bold;
      padding: 2px 0.5em;
      [nuxt-app] page:loading:start 0.004ms 
  at timeLogImpl (node:internal/console/constructor)
  at node:internal/console/constructor
  at timeLogImpl (node:internal/util/debuglog)
 @ http://0.0.0.0:3001/_nuxt/@fs/Users/andrejkoval/Dev/vivadzen/src/front/node_modules/consola/dist/browser.mjs?v=fd09ac8d:47
[ 1826990ms] [LOG] %cssr%c %s: %s 
      background: #7f8c8d;
      border-radius: 0.5em;
      color: white;
      font-weight: bold;
      padding: 2px 0.5em;
      [nuxt-app] i18n:beforeLocaleSwitch 0.007ms 
  at timeLogImpl (node:internal/console/constructor)
  at node:internal/console/constructor
  at timeLogImpl (node:internal/util/debuglog)
 @ http://0.0.0.0:3001/_nuxt/@fs/Users/andrejkoval/Dev/vivadzen/src/front/node_modules/consola/dist/browser.mjs?v=fd09ac8d:47
[ 1826990ms] [LOG] %cssr%c %s: %s 
      background: #7f8c8d;
      border-radius: 0.5em;
      color: white;
      font-weight: bold;
      padding: 2px 0.5em;
      [nuxt-app] app:created 10.014ms 
  at timeLogImpl (node:internal/console/constructor)
  at node:internal/console/constructor
  at timeLogImpl (node:internal/util/debuglog)
 @ http://0.0.0.0:3001/_nuxt/@fs/Users/andrejkoval/Dev/vivadzen/src/front/node_modules/consola/dist/browser.mjs?v=fd09ac8d:47
[ 1826990ms] [LOG] %cssr%c %s: %s 
      background: #7f8c8d;
      border-radius: 0.5em;
      color: white;
      font-weight: bold;
      padding: 2px 0.5em;
      [nuxt-app] vue:setup 0.002ms 
  at timeLogImpl (node:internal/console/constructor)
  at node:internal/console/constructor
  at timeLogImpl (node:internal/util/debuglog)
 @ http://0.0.0.0:3001/_nuxt/@fs/Users/andrejkoval/Dev/vivadzen/src/front/node_modules/consola/dist/browser.mjs?v=fd09ac8d:47
[ 1826990ms] [WARNING] %cssr:warn%c [intlify] Not found 'logo_alt' key in 'en' locale messages. 
      background: #f39c12;
      border-radius: 0.5em;
      color: white;
      font-weight: bold;
      padding: 2px 0.5em;
      
  at warn (/Users/andrejkoval/Dev/vivadzen/src/front/node_modules/@intlify/shared/dist/shared.mjs)
  at handleMissing (/Users/andrejkoval/Dev/vivadzen/src/front/node_modules/@intlify/core-base/dist/core-base.mjs)
  at resolveMessageFormat (/Users/andrejkoval/Dev/vivadzen/src/front/node_modules/@intlify/core-base/dist/core-base.mjs)
 @ http://0.0.0.0:3001/_nuxt/@fs/Users/andrejkoval/Dev/vivadzen/src/front/node_modules/consola/dist/browser.mjs?v=fd09ac8d:47
[ 1826990ms] [WARNING] %cssr:warn%c [intlify] Fall back to translate 'logo_alt' key with 'cs' locale. 
      background: #f39c12;
      border-radius: 0.5em;
      color: white;
      font-weight: bold;
      padding: 2px 0.5em;
      
  at warn (/Users/andrejkoval/Dev/vivadzen/src/front/node_modules/@intlify/shared/dist/shared.mjs)
  at resolveMessageFormat (/Users/andrejkoval/Dev/vivadzen/src/front/node_modules/@intlify/core-base/dist/core-base.mjs)
  at translate (/Users/andrejkoval/Dev/vivadzen/src/front/node_modules/@intlify/core-base/dist/core-base.mjs)
 @ http://0.0.0.0:3001/_nuxt/@fs/Users/andrejkoval/Dev/vivadzen/src/front/node_modules/consola/dist/browser.mjs?v=fd09ac8d:47
[ 1826990ms] [WARNING] %cssr:warn%c [intlify] Not found 'logo_alt' key in 'cs' locale messages. 
      background: #f39c12;
      border-radius: 0.5em;
      color: white;
      font-weight: bold;
      padding: 2px 0.5em;
      
  at warn (/Users/andrejkoval/Dev/vivadzen/src/front/node_modules/@intlify/shared/dist/shared.mjs)
  at handleMissing (/Users/andrejkoval/Dev/vivadzen/src/front/node_modules/@intlify/core-base/dist/core-base.mjs)
  at resolveMessageFormat (/Users/andrejkoval/Dev/vivadzen/src/front/node_modules/@intlify/core-base/dist/core-base.mjs)
 @ http://0.0.0.0:3001/_nuxt/@fs/Users/andrejkoval/Dev/vivadzen/src/front/node_modules/consola/dist/browser.mjs?v=fd09ac8d:47
[ 1826990ms] [WARNING] %cssr:warn%c [intlify] Fall back to translate 'logo_alt' with root locale. 
      background: #f39c12;
      border-radius: 0.5em;
      color: white;
      font-weight: bold;
      padding: 2px 0.5em;
      
  at warn (/Users/andrejkoval/Dev/vivadzen/src/front/node_modules/@intlify/shared/dist/shared.mjs)
  at wrapWithDeps (/Users/andrejkoval/Dev/vivadzen/src/front/node_modules/vue-i18n/dist/vue-i18n.mjs)
  at Proxy.t (/Users/andrejkoval/Dev/vivadzen/src/front/node_modules/vue-i18n/dist/vue-i18n.mjs)
 @ http://0.0.0.0:3001/_nuxt/@fs/Users/andrejkoval/Dev/vivadzen/src/front/node_modules/consola/dist/browser.mjs?v=fd09ac8d:47
[ 1826990ms] [WARNING] %cssr:warn%c [intlify] Not found 'logo_alt' key in 'en' locale messages. 
      background: #f39c12;
      border-radius: 0.5em;
      color: white;
      font-weight: bold;
      padding: 2px 0.5em;
      
  at warn (/Users/andrejkoval/Dev/vivadzen/src/front/node_modules/@intlify/shared/dist/shared.mjs)
  at handleMissing (/Users/andrejkoval/Dev/vivadzen/src/front/node_modules/@intlify/core-base/dist/core-base.mjs)
  at resolveMessageFormat (/Users/andrejkoval/Dev/vivadzen/src/front/node_modules/@intlify/core-base/dist/core-base.mjs)
 @ http://0.0.0.0:3001/_nuxt/@fs/Users/andrejkoval/Dev/vivadzen/src/front/node_modules/consola/dist/browser.mjs?v=fd09ac8d:47
[ 1826990ms] [WARNING] %cssr:warn%c [intlify] Fall back to translate 'logo_alt' key with 'cs' locale. 
      background: #f39c12;
      border-radius: 0.5em;
      color: white;
      font-weight: bold;
      padding: 2px 0.5em;
      
  at warn (/Users/andrejkoval/Dev/vivadzen/src/front/node_modules/@intlify/shared/dist/shared.mjs)
  at resolveMessageFormat (/Users/andrejkoval/Dev/vivadzen/src/front/node_modules/@intlify/core-base/dist/core-base.mjs)
  at translate (/Users/andrejkoval/Dev/vivadzen/src/front/node_modules/@intlify/core-base/dist/core-base.mjs)
 @ http://0.0.0.0:3001/_nuxt/@fs/Users/andrejkoval/Dev/vivadzen/src/front/node_modules/consola/dist/browser.mjs?v=fd09ac8d:47
[ 1826990ms] [WARNING] %cssr:warn%c [intlify] Not found 'logo_alt' key in 'cs' locale messages. 
      background: #f39c12;
      border-radius: 0.5em;
      color: white;
      font-weight: bold;
      padding: 2px 0.5em;
      
  at warn (/Users/andrejkoval/Dev/vivadzen/src/front/node_modules/@intlify/shared/dist/shared.mjs)
  at handleMissing (/Users/andrejkoval/Dev/vivadzen/src/front/node_modules/@intlify/core-base/dist/core-base.mjs)
  at resolveMessageFormat (/Users/andrejkoval/Dev/vivadzen/src/front/node_modules/@intlify/core-base/dist/core-base.mjs)
 @ http://0.0.0.0:3001/_nuxt/@fs/Users/andrejkoval/Dev/vivadzen/src/front/node_modules/consola/dist/browser.mjs?v=fd09ac8d:47
[ 1826990ms] [WARNING] %cssr:warn%c [intlify] Not found 'title.cart' key in 'en' locale messages. 
      background: #f39c12;
      border-radius: 0.5em;
      color: white;
      font-weight: bold;
      padding: 2px 0.5em;
      
  at warn (/Users/andrejkoval/Dev/vivadzen/src/front/node_modules/@intlify/shared/dist/shared.mjs)
  at handleMissing (/Users/andrejkoval/Dev/vivadzen/src/front/node_modules/@intlify/core-base/dist/core-base.mjs)
  at resolveMessageFormat (/Users/andrejkoval/Dev/vivadzen/src/front/node_modules/@intlify/core-base/dist/core-base.mjs)
 @ http://0.0.0.0:3001/_nuxt/@fs/Users/andrejkoval/Dev/vivadzen/src/front/node_modules/consola/dist/browser.mjs?v=fd09ac8d:47
[ 1826990ms] [WARNING] %cssr:warn%c [intlify] Fall back to translate 'title.cart' key with 'cs' locale. 
      background: #f39c12;
      border-radius: 0.5em;
      color: white;
      font-weight: bold;
      padding: 2px 0.5em;
      
  at warn (/Users/andrejkoval/Dev/vivadzen/src/front/node_modules/@intlify/shared/dist/shared.mjs)
  at resolveMessageFormat (/Users/andrejkoval/Dev/vivadzen/src/front/node_modules/@intlify/core-base/dist/core-base.mjs)
  at translate (/Users/andrejkoval/Dev/vivadzen/src/front/node_modules/@intlify/core-base/dist/core-base.mjs)
 @ http://0.0.0.0:3001/_nuxt/@fs/Users/andrejkoval/Dev/vivadzen/src/front/node_modules/consola/dist/browser.mjs?v=fd09ac8d:47
[ 1826990ms] [WARNING] %cssr:warn%c [intlify] Not found 'title.cart' key in 'cs' locale messages. 
      background: #f39c12;
      border-radius: 0.5em;
      color: white;
      font-weight: bold;
      padding: 2px 0.5em;
      
  at warn (/Users/andrejkoval/Dev/vivadzen/src/front/node_modules/@intlify/shared/dist/shared.mjs)
  at handleMissing (/Users/andrejkoval/Dev/vivadzen/src/front/node_modules/@intlify/core-base/dist/core-base.mjs)
  at resolveMessageFormat (/Users/andrejkoval/Dev/vivadzen/src/front/node_modules/@intlify/core-base/dist/core-base.mjs)
 @ http://0.0.0.0:3001/_nuxt/@fs/Users/andrejkoval/Dev/vivadzen/src/front/node_modules/consola/dist/browser.mjs?v=fd09ac8d:47
[ 1826990ms] [WARNING] %cssr:warn%c [intlify] Fall back to translate 'title.cart' with root locale. 
      background: #f39c12;
      border-radius: 0.5em;
      color: white;
      font-weight: bold;
      padding: 2px 0.5em;
      
  at warn (/Users/andrejkoval/Dev/vivadzen/src/front/node_modules/@intlify/shared/dist/shared.mjs)
  at wrapWithDeps (/Users/andrejkoval/Dev/vivadzen/src/front/node_modules/vue-i18n/dist/vue-i18n.mjs)
  at Proxy.t (/Users/andrejkoval/Dev/vivadzen/src/front/node_modules/vue-i18n/dist/vue-i18n.mjs)
 @ http://0.0.0.0:3001/_nuxt/@fs/Users/andrejkoval/Dev/vivadzen/src/front/node_modules/consola/dist/browser.mjs?v=fd09ac8d:47
[ 1826990ms] [WARNING] %cssr:warn%c [intlify] Not found parent scope. use the global scope. 
      background: #f39c12;
      border-radius: 0.5em;
      color: white;
      font-weight: bold;
      padding: 2px 0.5em;
      
  at warn (/Users/andrejkoval/Dev/vivadzen/src/front/node_modules/@intlify/shared/dist/shared.mjs)
  at useI18n (/Users/andrejkoval/Dev/vivadzen/src/front/node_modules/vue-i18n/dist/vue-i18n.mjs)
  at setup (/Users/andrejkoval/Dev/vivadzen/src/front/node_modules/vue-i18n/dist/vue-i18n.mjs)
 @ http://0.0.0.0:3001/_nuxt/@fs/Users/andrejkoval/Dev/vivadzen/src/front/node_modules/consola/dist/browser.mjs?v=fd09ac8d:47
[ 1826991ms] [WARNING] %cssr:warn%c [intlify] Not found parent scope. use the global scope. 
      background: #f39c12;
      border-radius: 0.5em;
      color: white;
      font-weight: bold;
      padding: 2px 0.5em;
      
  at warn (/Users/andrejkoval/Dev/vivadzen/src/front/node_modules/@intlify/shared/dist/shared.mjs)
  at useI18n (/Users/andrejkoval/Dev/vivadzen/src/front/node_modules/vue-i18n/dist/vue-i18n.mjs)
  at setup (/Users/andrejkoval/Dev/vivadzen/src/front/node_modules/vue-i18n/dist/vue-i18n.mjs)
 @ http://0.0.0.0:3001/_nuxt/@fs/Users/andrejkoval/Dev/vivadzen/src/front/node_modules/consola/dist/browser.mjs?v=fd09ac8d:47
[ 1826991ms] [WARNING] %cssr:warn%c [intlify] Not found parent scope. use the global scope. 
      background: #f39c12;
      border-radius: 0.5em;
      color: white;
      font-weight: bold;
      padding: 2px 0.5em;
      
  at warn (/Users/andrejkoval/Dev/vivadzen/src/front/node_modules/@intlify/shared/dist/shared.mjs)
  at useI18n (/Users/andrejkoval/Dev/vivadzen/src/front/node_modules/vue-i18n/dist/vue-i18n.mjs)
  at setup (/Users/andrejkoval/Dev/vivadzen/src/front/node_modules/vue-i18n/dist/vue-i18n.mjs)
 @ http://0.0.0.0:3001/_nuxt/@fs/Users/andrejkoval/Dev/vivadzen/src/front/node_modules/consola/dist/browser.mjs?v=fd09ac8d:47
[ 1826991ms] [WARNING] %cssr:warn%c [intlify] Not found parent scope. use the global scope. 
      background: #f39c12;
      border-radius: 0.5em;
      color: white;
      font-weight: bold;
      padding: 2px 0.5em;
      
  at warn (/Users/andrejkoval/Dev/vivadzen/src/front/node_modules/@intlify/shared/dist/shared.mjs)
  at useI18n (/Users/andrejkoval/Dev/vivadzen/src/front/node_modules/vue-i18n/dist/vue-i18n.mjs)
  at setup (/Users/andrejkoval/Dev/vivadzen/src/front/node_modules/vue-i18n/dist/vue-i18n.mjs)
 @ http://0.0.0.0:3001/_nuxt/@fs/Users/andrejkoval/Dev/vivadzen/src/front/node_modules/consola/dist/browser.mjs?v=fd09ac8d:47
[ 1826991ms] [WARNING] %cssr:warn%c [intlify] Not found parent scope. use the global scope. 
      background: #f39c12;
      border-radius: 0.5em;
      color: white;
      font-weight: bold;
      padding: 2px 0.5em;
      
  at warn (/Users/andrejkoval/Dev/vivadzen/src/front/node_modules/@intlify/shared/dist/shared.mjs)
  at useI18n (/Users/andrejkoval/Dev/vivadzen/src/front/node_modules/vue-i18n/dist/vue-i18n.mjs)
  at setup (/Users/andrejkoval/Dev/vivadzen/src/front/node_modules/vue-i18n/dist/vue-i18n.mjs)
 @ http://0.0.0.0:3001/_nuxt/@fs/Users/andrejkoval/Dev/vivadzen/src/front/node_modules/consola/dist/browser.mjs?v=fd09ac8d:47
[ 1826991ms] [WARNING] %cssr:warn%c [intlify] Not found parent scope. use the global scope. 
      background: #f39c12;
      border-radius: 0.5em;
      color: white;
      font-weight: bold;
      padding: 2px 0.5em;
      
  at timeLogImpl (node:internal/console/constructor)
  at node:internal/console/constructor
  at timeLogImpl (node:internal/util/debuglog)
 @ http://0.0.0.0:3001/_nuxt/@fs/Users/andrejkoval/Dev/vivadzen/src/front/node_modules/consola/dist/browser.mjs?v=fd09ac8d:47
[ 1826991ms] [LOG] %cssr%c %s: %s 
      background: #7f8c8d;
      border-radius: 0.5em;
      color: white;
      font-weight: bold;
      padding: 2px 0.5em;
      [nuxt-app] app:rendered 0.175ms 
  at timeLogImpl (node:internal/console/constructor)
  at node:internal/console/constructor
  at timeLogImpl (node:internal/util/debuglog)
 @ http://0.0.0.0:3001/_nuxt/@fs/Users/andrejkoval/Dev/vivadzen/src/front/node_modules/consola/dist/browser.mjs?v=fd09ac8d:47
[ 1826991ms] [LOG] %cssr%c %s: %s 
      background: #7f8c8d;
      border-radius: 0.5em;
      color: white;
      font-weight: bold;
      padding: 2px 0.5em;
      [nuxt-app] schema-org:meta 0.004ms 
  at timeLogImpl (node:internal/console/constructor)
  at node:internal/console/constructor
  at timeLogImpl (node:internal/util/debuglog)
 @ http://0.0.0.0:3001/_nuxt/@fs/Users/andrejkoval/Dev/vivadzen/src/front/node_modules/consola/dist/browser.mjs?v=fd09ac8d:47
[ 1826991ms] [LOG] [nuxt-app] dev:ssr-logs: 1.912109375 ms [Array(27)] @ http://0.0.0.0:3001/_nuxt/@fs/Users/andrejkoval/Dev/vivadzen/src/front/node_modules/hookable/dist/index.mjs?v=fd09ac8d:271
[ 1826996ms] [LOG] [nuxt-app] page:loading:start: 0.113037109375 ms [] @ http://0.0.0.0:3001/_nuxt/@fs/Users/andrejkoval/Dev/vivadzen/src/front/node_modules/hookable/dist/index.mjs?v=fd09ac8d:271
[ 1827011ms] [WARNING] Timer '[nuxt-app] i18n:beforeLocaleSwitch' already exists @ http://0.0.0.0:3001/_nuxt/@fs/Users/andrejkoval/Dev/vivadzen/src/front/node_modules/hookable/dist/index.mjs?v=fd09ac8d:261
[ 1827011ms] [LOG] [nuxt-app] i18n:beforeLocaleSwitch: 28.072021484375 ms [Object] @ http://0.0.0.0:3001/_nuxt/@fs/Users/andrejkoval/Dev/vivadzen/src/front/node_modules/hookable/dist/index.mjs?v=fd09ac8d:271
[ 1827012ms] [LOG] [nuxt-app] app:created: 17.241943359375 ms [Object] @ http://0.0.0.0:3001/_nuxt/@fs/Users/andrejkoval/Dev/vivadzen/src/front/node_modules/hookable/dist/index.mjs?v=fd09ac8d:271
[ 1827012ms] [LOG] [nuxt-app] app:beforeMount: 0.05810546875 ms [Object] @ http://0.0.0.0:3001/_nuxt/@fs/Users/andrejkoval/Dev/vivadzen/src/front/node_modules/hookable/dist/index.mjs?v=fd09ac8d:271
[ 1827014ms] [LOG] [nuxt-app] vue:setup: 0.0859375 ms [] @ http://0.0.0.0:3001/_nuxt/@fs/Users/andrejkoval/Dev/vivadzen/src/front/node_modules/hookable/dist/index.mjs?v=fd09ac8d:271
[ 1827014ms] [INFO] <Suspense> is an experimental feature and its API will likely change. @ http://0.0.0.0:3001/_nuxt/@fs/Users/andrejkoval/Dev/vivadzen/src/front/node_modules/@vue/runtime-core/dist/runtime-core.esm-bundler.js?v=fd09ac8d:7155
[ 1827016ms] [LOG] [nuxt-app] app:mounted: 0.136962890625 ms [Object] @ http://0.0.0.0:3001/_nuxt/@fs/Users/andrejkoval/Dev/vivadzen/src/front/node_modules/hookable/dist/index.mjs?v=fd09ac8d:271
[ 1827017ms] [LOG] [Content] WS connect to ws://localhost:4000/ws @ http://0.0.0.0:3001/_nuxt/@fs/Users/andrejkoval/Dev/vivadzen/src/front/node_modules/@nuxt/content/dist/runtime/composables/web-socket.js?v=fd09ac8d:4
[ 1827055ms] [LOG] [Content] WS connected! @ http://0.0.0.0:3001/_nuxt/@fs/Users/andrejkoval/Dev/vivadzen/src/front/node_modules/@nuxt/content/dist/runtime/composables/web-socket.js?v=fd09ac8d:4
[ 1827069ms] [WARNING] [intlify] Not found 'logo_alt' key in 'en' locale messages. @ http://0.0.0.0:3001/_nuxt/node_modules/.cache/vite/client/deps/chunk-LY4OWT6B.js?v=fd09ac8d:3
[ 1827070ms] [WARNING] [intlify] Fall back to translate 'logo_alt' key with 'cs' locale. @ http://0.0.0.0:3001/_nuxt/node_modules/.cache/vite/client/deps/chunk-LY4OWT6B.js?v=fd09ac8d:3
[ 1827070ms] [WARNING] [intlify] Not found 'logo_alt' key in 'cs' locale messages. @ http://0.0.0.0:3001/_nuxt/node_modules/.cache/vite/client/deps/chunk-LY4OWT6B.js?v=fd09ac8d:3
[ 1827070ms] [WARNING] [intlify] Fall back to translate 'logo_alt' with root locale. @ http://0.0.0.0:3001/_nuxt/node_modules/.cache/vite/client/deps/chunk-LY4OWT6B.js?v=fd09ac8d:3
[ 1827070ms] [WARNING] [intlify] Not found 'logo_alt' key in 'en' locale messages. @ http://0.0.0.0:3001/_nuxt/node_modules/.cache/vite/client/deps/chunk-LY4OWT6B.js?v=fd09ac8d:3
[ 1827071ms] [WARNING] [intlify] Fall back to translate 'logo_alt' key with 'cs' locale. @ http://0.0.0.0:3001/_nuxt/node_modules/.cache/vite/client/deps/chunk-LY4OWT6B.js?v=fd09ac8d:3
[ 1827071ms] [WARNING] [intlify] Not found 'logo_alt' key in 'cs' locale messages. @ http://0.0.0.0:3001/_nuxt/node_modules/.cache/vite/client/deps/chunk-LY4OWT6B.js?v=fd09ac8d:3
[ 1827072ms] [WARNING] [intlify] Not found 'title.cart' key in 'en' locale messages. @ http://0.0.0.0:3001/_nuxt/node_modules/.cache/vite/client/deps/chunk-LY4OWT6B.js?v=fd09ac8d:3
[ 1827072ms] [WARNING] [intlify] Fall back to translate 'title.cart' key with 'cs' locale. @ http://0.0.0.0:3001/_nuxt/node_modules/.cache/vite/client/deps/chunk-LY4OWT6B.js?v=fd09ac8d:3
[ 1827072ms] [WARNING] [intlify] Not found 'title.cart' key in 'cs' locale messages. @ http://0.0.0.0:3001/_nuxt/node_modules/.cache/vite/client/deps/chunk-LY4OWT6B.js?v=fd09ac8d:3
[ 1827072ms] [WARNING] [intlify] Fall back to translate 'title.cart' with root locale. @ http://0.0.0.0:3001/_nuxt/node_modules/.cache/vite/client/deps/chunk-LY4OWT6B.js?v=fd09ac8d:3
[ 1827077ms] [WARNING] [Vue warn]: Hydration style mismatch on JSHandle@node 
  - rendered on server: style="width:1em;height:1em;--c613ce94-iconUrl:url('https://api.iconify.design/iconoir/nav-arrow-down.svg');"
  - expected on client: style="width:1em;height:1em;"
  Note: this mismatch is check-only. The DOM will not be rectified in production due to performance overhead.
  You should fix the source of the mismatch. 
  at <IconCSS name="iconoir:nav-arrow-down" class="lang-switcher__chevron" > 
  at <Header> 
  at <Body style= {background: #f8f1e6} > 
  at <Html lang="en-US" dir="ltr" > 
  at <Default ref=Ref< undefined > > 
  at <AsyncComponentWrapper ref=Ref< undefined > > 
  at <LayoutLoader key="default" layoutProps= {ref: RefImpl} name="default" > 
  at <NuxtLayoutProvider layoutProps= {ref: RefImpl} key="default" name="default"  ... > 
  at <NuxtLayout> 
  at <App key=4 > 
  at <NuxtRoot> @ http://0.0.0.0:3001/_nuxt/@fs/Users/andrejkoval/Dev/vivadzen/src/front/node_modules/@vue/runtime-core/dist/runtime-core.esm-bundler.js?v=fd09ac8d:49
[ 1827077ms] [ERROR] Hydration completed but contains mismatches. @ http://0.0.0.0:3001/_nuxt/@fs/Users/andrejkoval/Dev/vivadzen/src/front/node_modules/@vue/runtime-core/dist/runtime-core.esm-bundler.js?v=fd09ac8d:1847
[ 1827078ms] [WARNING] [Vue warn]: Hydration style mismatch on JSHandle@node 
  - rendered on server: style="width:1em;height:1em;--c613ce94-iconUrl:url('https://api.iconify.design/ci/shopping-cart-01.svg');"
  - expected on client: style="width:1em;height:1em;"
  Note: this mismatch is check-only. The DOM will not be rectified in production due to performance overhead.
  You should fix the source of the mismatch. 
  at <IconCSS name="ci:shopping-cart-01" class="hero-header__cart-icon" > 
  at <Header> 
  at <Body style= {background: #f8f1e6} > 
  at <Html lang="en-US" dir="ltr" > 
  at <Default ref=Ref< undefined > > 
  at <AsyncComponentWrapper ref=Ref< undefined > > 
  at <LayoutLoader key="default" layoutProps= {ref: RefImpl} name="default" > 
  at <NuxtLayoutProvider layoutProps= {ref: RefImpl} key="default" name="default"  ... > 
  at <NuxtLayout> 
  at <App key=4 > 
  at <NuxtRoot> @ http://0.0.0.0:3001/_nuxt/@fs/Users/andrejkoval/Dev/vivadzen/src/front/node_modules/@vue/runtime-core/dist/runtime-core.esm-bundler.js?v=fd09ac8d:49
[ 1827079ms] [WARNING] [Vue warn]: Hydration style mismatch on JSHandle@node 
  - rendered on server: style="width:1em;height:1em;--c613ce94-iconUrl:url('https://api.iconify.design/mynaui/telephone-call.svg');"
  - expected on client: style="width:1em;height:1em;"
  Note: this mismatch is check-only. The DOM will not be rectified in production due to performance overhead.
  You should fix the source of the mismatch. 
  at <IconCSS name="mynaui:telephone-call" class="hero-mobile-menu__contact-icon" > 
  at <Header> 
  at <Body style= {background: #f8f1e6} > 
  at <Html lang="en-US" dir="ltr" > 
  at <Default ref=Ref< undefined > > 
  at <AsyncComponentWrapper ref=Ref< undefined > > 
  at <LayoutLoader key="default" layoutProps= {ref: RefImpl} name="default" > 
  at <NuxtLayoutProvider layoutProps= {ref: RefImpl} key="default" name="default"  ... > 
  at <NuxtLayout> 
  at <App key=4 > 
  at <NuxtRoot> @ http://0.0.0.0:3001/_nuxt/@fs/Users/andrejkoval/Dev/vivadzen/src/front/node_modules/@vue/runtime-core/dist/runtime-core.esm-bundler.js?v=fd09ac8d:49
[ 1827079ms] [WARNING] [Vue warn]: Hydration style mismatch on JSHandle@node 
  - rendered on server: style="width:1em;height:1em;--c613ce94-iconUrl:url('https://api.iconify.design/ic/round-alternate-email.svg');"
  - expected on client: style="width:1em;height:1em;"
  Note: this mismatch is check-only. The DOM will not be rectified in production due to performance overhead.
  You should fix the source of the mismatch. 
  at <IconCSS name="ic:round-alternate-email" class="hero-mobile-menu__contact-icon" > 
  at <Header> 
  at <Body style= {background: #f8f1e6} > 
  at <Html lang="en-US" dir="ltr" > 
  at <Default ref=Ref< undefined > > 
  at <AsyncComponentWrapper ref=Ref< undefined > > 
  at <LayoutLoader key="default" layoutProps= {ref: RefImpl} name="default" > 
  at <NuxtLayoutProvider layoutProps= {ref: RefImpl} key="default" name="default"  ... > 
  at <NuxtLayout> 
  at <App key=4 > 
  at <NuxtRoot> @ http://0.0.0.0:3001/_nuxt/@fs/Users/andrejkoval/Dev/vivadzen/src/front/node_modules/@vue/runtime-core/dist/runtime-core.esm-bundler.js?v=fd09ac8d:49
[ 1827080ms] [WARNING] [Vue warn]: Hydration style mismatch on JSHandle@node 
  - rendered on server: style="width:1em;height:1em;--c613ce94-iconUrl:url('https://api.iconify.design/mynaui/location.svg');"
  - expected on client: style="width:1em;height:1em;"
  Note: this mismatch is check-only. The DOM will not be rectified in production due to performance overhead.
  You should fix the source of the mismatch. 
  at <IconCSS name="mynaui:location" class="hero-mobile-menu__contact-icon" > 
  at <Header> 
  at <Body style= {background: #f8f1e6} > 
  at <Html lang="en-US" dir="ltr" > 
  at <Default ref=Ref< undefined > > 
  at <AsyncComponentWrapper ref=Ref< undefined > > 
  at <LayoutLoader key="default" layoutProps= {ref: RefImpl} name="default" > 
  at <NuxtLayoutProvider layoutProps= {ref: RefImpl} key="default" name="default"  ... > 
  at <NuxtLayout> 
  at <App key=4 > 
  at <NuxtRoot> @ http://0.0.0.0:3001/_nuxt/@fs/Users/andrejkoval/Dev/vivadzen/src/front/node_modules/@vue/runtime-core/dist/runtime-core.esm-bundler.js?v=fd09ac8d:49
[ 1827080ms] [WARNING] [Vue warn]: Hydration style mismatch on JSHandle@node 
  - rendered on server: style="width:1em;height:1em;--c613ce94-iconUrl:url('https://api.iconify.design/mynaui/clock-4.svg');"
  - expected on client: style="width:1em;height:1em;"
  Note: this mismatch is check-only. The DOM will not be rectified in production due to performance overhead.
  You should fix the source of the mismatch. 
  at <IconCSS name="mynaui:clock-4" class="hero-mobile-menu__contact-icon" > 
  at <Header> 
  at <Body style= {background: #f8f1e6} > 
  at <Html lang="en-US" dir="ltr" > 
  at <Default ref=Ref< undefined > > 
  at <AsyncComponentWrapper ref=Ref< undefined > > 
  at <LayoutLoader key="default" layoutProps= {ref: RefImpl} name="default" > 
  at <NuxtLayoutProvider layoutProps= {ref: RefImpl} key="default" name="default"  ... > 
  at <NuxtLayout> 
  at <App key=4 > 
  at <NuxtRoot> @ http://0.0.0.0:3001/_nuxt/@fs/Users/andrejkoval/Dev/vivadzen/src/front/node_modules/@vue/runtime-core/dist/runtime-core.esm-bundler.js?v=fd09ac8d:49
[ 1827084ms] [WARNING] [Vue warn]: Hydration style mismatch on JSHandle@node 
  - rendered on server: style="width:1em;height:1em;--c613ce94-iconUrl:url('https://api.iconify.design/ph/telegram-logo.svg');"
  - expected on client: style="width:1em;height:1em;"
  Note: this mismatch is check-only. The DOM will not be rectified in production due to performance overhead.
  You should fix the source of the mismatch. 
  at <IconCSS name="ph:telegram-logo" > 
  at <SiteFooter> 
  at <Body style= {background: #f8f1e6} > 
  at <Html lang="en-US" dir="ltr" > 
  at <Default ref=Ref< undefined > > 
  at <AsyncComponentWrapper ref=Ref< undefined > > 
  at <LayoutLoader key="default" layoutProps= {ref: RefImpl} name="default" > 
  at <NuxtLayoutProvider layoutProps= {ref: RefImpl} key="default" name="default"  ... > 
  at <NuxtLayout> 
  at <App key=4 > 
  at <NuxtRoot> @ http://0.0.0.0:3001/_nuxt/@fs/Users/andrejkoval/Dev/vivadzen/src/front/node_modules/@vue/runtime-core/dist/runtime-core.esm-bundler.js?v=fd09ac8d:49
[ 1827084ms] [WARNING] [Vue warn]: Hydration style mismatch on JSHandle@node 
  - rendered on server: style="width:1em;height:1em;--c613ce94-iconUrl:url('https://api.iconify.design/ph/whatsapp-logo.svg');"
  - expected on client: style="width:1em;height:1em;"
  Note: this mismatch is check-only. The DOM will not be rectified in production due to performance overhead.
  You should fix the source of the mismatch. 
  at <IconCSS name="ph:whatsapp-logo" > 
  at <SiteFooter> 
  at <Body style= {background: #f8f1e6} > 
  at <Html lang="en-US" dir="ltr" > 
  at <Default ref=Ref< undefined > > 
  at <AsyncComponentWrapper ref=Ref< undefined > > 
  at <LayoutLoader key="default" layoutProps= {ref: RefImpl} name="default" > 
  at <NuxtLayoutProvider layoutProps= {ref: RefImpl} key="default" name="default"  ... > 
  at <NuxtLayout> 
  at <App key=4 > 
  at <NuxtRoot> @ http://0.0.0.0:3001/_nuxt/@fs/Users/andrejkoval/Dev/vivadzen/src/front/node_modules/@vue/runtime-core/dist/runtime-core.esm-bundler.js?v=fd09ac8d:49
[ 1827085ms] [WARNING] [Vue warn]: Hydration style mismatch on JSHandle@node 
  - rendered on server: style="width:1em;height:1em;--c613ce94-iconUrl:url('https://api.iconify.design/iconoir/instagram.svg');"
  - expected on client: style="width:1em;height:1em;"
  Note: this mismatch is check-only. The DOM will not be rectified in production due to performance overhead.
  You should fix the source of the mismatch. 
  at <IconCSS name="iconoir:instagram" > 
  at <SiteFooter> 
  at <Body style= {background: #f8f1e6} > 
  at <Html lang="en-US" dir="ltr" > 
  at <Default ref=Ref< undefined > > 
  at <AsyncComponentWrapper ref=Ref< undefined > > 
  at <LayoutLoader key="default" layoutProps= {ref: RefImpl} name="default" > 
  at <NuxtLayoutProvider layoutProps= {ref: RefImpl} key="default" name="default"  ... > 
  at <NuxtLayout> 
  at <App key=4 > 
  at <NuxtRoot> @ http://0.0.0.0:3001/_nuxt/@fs/Users/andrejkoval/Dev/vivadzen/src/front/node_modules/@vue/runtime-core/dist/runtime-core.esm-bundler.js?v=fd09ac8d:49
[ 1827089ms] [WARNING] [intlify] Not found parent scope. use the global scope. @ http://0.0.0.0:3001/_nuxt/node_modules/.cache/vite/client/deps/chunk-LY4OWT6B.js?v=fd09ac8d:3
[ 1827090ms] [WARNING] [Vue warn]: Hydration style mismatch on JSHandle@node 
  - rendered on server: style="width:1em;height:1em;--c613ce94-iconUrl:url('https://api.iconify.design/ci/shopping-cart-01.svg');"
  - expected on client: style="width:1em;height:1em;"
  Note: this mismatch is check-only. The DOM will not be rectified in production due to performance overhead.
  You should fix the source of the mismatch. 
  at <IconCSS name="ci:shopping-cart-01" class="kratom-product-card__action-icon" > 
  at <ProductCard key=391 product= {id: 391, name: Green Rurut Nano kratom powder - 25g, slug: zeleny-rurut-nano-kratom-prasek-25g, price: 140.00, oldPrice: null} > 
  at <Index onVnodeUnmounted=fn<onVnodeUnmounted> ref=Ref< undefined > > 
  at <RouteProvider key="/en/catalog" vnode= {__v_isVNode: true, __v_skip: true, type: Object, props: Object, key: null} route= {fullPath: /en/catalog, hash: , query: Object, name: catalog___en, path: /en/catalog}  ... > 
  at <RouterView name=undefined route=undefined > 
  at <NuxtPage> 
  at <Body style= {background: #f8f1e6} > 
  at <Html lang="en-US" dir="ltr" > 
  at <Default ref=Ref< undefined > > 
  at <AsyncComponentWrapper ref=Ref< undefined > > 
  at <LayoutLoader key="default" layoutProps= {ref: RefImpl} name="default" > 
  at <NuxtLayoutProvider layoutProps= {ref: RefImpl} key="default" name="default"  ... > 
  at <NuxtLayout> 
  at <App key=4 > 
  at <NuxtRoot> @ http://0.0.0.0:3001/_nuxt/@fs/Users/andrejkoval/Dev/vivadzen/src/front/node_modules/@vue/runtime-core/dist/runtime-core.esm-bundler.js?v=fd09ac8d:49
[ 1827091ms] [WARNING] [intlify] Not found parent scope. use the global scope. @ http://0.0.0.0:3001/_nuxt/node_modules/.cache/vite/client/deps/chunk-LY4OWT6B.js?v=fd09ac8d:3
[ 1827091ms] [WARNING] [Vue warn]: Hydration style mismatch on JSHandle@node 
  - rendered on server: style="width:1em;height:1em;--c613ce94-iconUrl:url('https://api.iconify.design/ci/shopping-cart-01.svg');"
  - expected on client: style="width:1em;height:1em;"
  Note: this mismatch is check-only. The DOM will not be rectified in production due to performance overhead.
  You should fix the source of the mismatch. 
  at <IconCSS name="ci:shopping-cart-01" class="kratom-product-card__action-icon" > 
  at <ProductCard key=336 product= {id: 336, name: White Maeng Da Kratom powder, slug: bila-maeng-da-kratom-prasek-25g, price: 130.00, oldPrice: null} > 
  at <Index onVnodeUnmounted=fn<onVnodeUnmounted> ref=Ref< undefined > > 
  at <RouteProvider key="/en/catalog" vnode= {__v_isVNode: true, __v_skip: true, type: Object, props: Object, key: null} route= {fullPath: /en/catalog, hash: , query: Object, name: catalog___en, path: /en/catalog}  ... > 
  at <RouterView name=undefined route=undefined > 
  at <NuxtPage> 
  at <Body style= {background: #f8f1e6} > 
  at <Html lang="en-US" dir="ltr" > 
  at <Default ref=Ref< undefined > > 
  at <AsyncComponentWrapper ref=Ref< undefined > > 
  at <LayoutLoader key="default" layoutProps= {ref: RefImpl} name="default" > 
  at <NuxtLayoutProvider layoutProps= {ref: RefImpl} key="default" name="default"  ... > 
  at <NuxtLayout> 
  at <App key=4 > 
  at <NuxtRoot> @ http://0.0.0.0:3001/_nuxt/@fs/Users/andrejkoval/Dev/vivadzen/src/front/node_modules/@vue/runtime-core/dist/runtime-core.esm-bundler.js?v=fd09ac8d:49
[ 1827092ms] [WARNING] [intlify] Not found parent scope. use the global scope. @ http://0.0.0.0:3001/_nuxt/node_modules/.cache/vite/client/deps/chunk-LY4OWT6B.js?v=fd09ac8d:3
[ 1827093ms] [WARNING] [Vue warn]: Hydration style mismatch on JSHandle@node 
  - rendered on server: style="width:1em;height:1em;--c613ce94-iconUrl:url('https://api.iconify.design/ci/shopping-cart-01.svg');"
  - expected on client: style="width:1em;height:1em;"
  Note: this mismatch is check-only. The DOM will not be rectified in production due to performance overhead.
  You should fix the source of the mismatch. 
  at <IconCSS name="ci:shopping-cart-01" class="kratom-product-card__action-icon" > 
  at <ProductCard key=334 product= {id: 334, name: White Elephant Kratom powder, slug: bily-slon-kratom-prasek-25g, price: 140.00, oldPrice: null} > 
  at <Index onVnodeUnmounted=fn<onVnodeUnmounted> ref=Ref< undefined > > 
  at <RouteProvider key="/en/catalog" vnode= {__v_isVNode: true, __v_skip: true, type: Object, props: Object, key: null} route= {fullPath: /en/catalog, hash: , query: Object, name: catalog___en, path: /en/catalog}  ... > 
  at <RouterView name=undefined route=undefined > 
  at <NuxtPage> 
  at <Body style= {background: #f8f1e6} > 
  at <Html lang="en-US" dir="ltr" > 
  at <Default ref=Ref< undefined > > 
  at <AsyncComponentWrapper ref=Ref< undefined > > 
  at <LayoutLoader key="default" layoutProps= {ref: RefImpl} name="default" > 
  at <NuxtLayoutProvider layoutProps= {ref: RefImpl} key="default" name="default"  ... > 
  at <NuxtLayout> 
  at <App key=4 > 
  at <NuxtRoot> @ http://0.0.0.0:3001/_nuxt/@fs/Users/andrejkoval/Dev/vivadzen/src/front/node_modules/@vue/runtime-core/dist/runtime-core.esm-bundler.js?v=fd09ac8d:49
[ 1827094ms] [WARNING] [intlify] Not found parent scope. use the global scope. @ http://0.0.0.0:3001/_nuxt/node_modules/.cache/vite/client/deps/chunk-LY4OWT6B.js?v=fd09ac8d:3
[ 1827094ms] [WARNING] [Vue warn]: Hydration style mismatch on JSHandle@node 
  - rendered on server: style="width:1em;height:1em;--c613ce94-iconUrl:url('https://api.iconify.design/ci/shopping-cart-01.svg');"
  - expected on client: style="width:1em;height:1em;"
  Note: this mismatch is check-only. The DOM will not be rectified in production due to performance overhead.
  You should fix the source of the mismatch. 
  at <IconCSS name="ci:shopping-cart-01" class="kratom-product-card__action-icon" > 
  at <ProductCard key=333 product= {id: 333, name: Green Thai Kratom powder, slug: zeleny-thajsky-kratom-prasek-25g, price: 130.00, oldPrice: null} > 
  at <Index onVnodeUnmounted=fn<onVnodeUnmounted> ref=Ref< undefined > > 
  at <RouteProvider key="/en/catalog" vnode= {__v_isVNode: true, __v_skip: true, type: Object, props: Object, key: null} route= {fullPath: /en/catalog, hash: , query: Object, name: catalog___en, path: /en/catalog}  ... > 
  at <RouterView name=undefined route=undefined > 
  at <NuxtPage> 
  at <Body style= {background: #f8f1e6} > 
  at <Html lang="en-US" dir="ltr" > 
  at <Default ref=Ref< undefined > > 
  at <AsyncComponentWrapper ref=Ref< undefined > > 
  at <LayoutLoader key="default" layoutProps= {ref: RefImpl} name="default" > 
  at <NuxtLayoutProvider layoutProps= {ref: RefImpl} key="default" name="default"  ... > 
  at <NuxtLayout> 
  at <App key=4 > 
  at <NuxtRoot> @ http://0.0.0.0:3001/_nuxt/@fs/Users/andrejkoval/Dev/vivadzen/src/front/node_modules/@vue/runtime-core/dist/runtime-core.esm-bundler.js?v=fd09ac8d:49
[ 1827095ms] [WARNING] [intlify] Not found parent scope. use the global scope. @ http://0.0.0.0:3001/_nuxt/node_modules/.cache/vite/client/deps/chunk-LY4OWT6B.js?v=fd09ac8d:3
[ 1827095ms] [WARNING] [Vue warn]: Hydration style mismatch on JSHandle@node 
  - rendered on server: style="width:1em;height:1em;--c613ce94-iconUrl:url('https://api.iconify.design/ci/shopping-cart-01.svg');"
  - expected on client: style="width:1em;height:1em;"
  Note: this mismatch is check-only. The DOM will not be rectified in production due to performance overhead.
  You should fix the source of the mismatch. 
  at <IconCSS name="ci:shopping-cart-01" class="kratom-product-card__action-icon" > 
  at <ProductCard key=332 product= {id: 332, name: Red Maeng Da Kratom powder, slug: cervena-maeng-da-kratom-prasek-25g, price: 130.00, oldPrice: null} > 
  at <Index onVnodeUnmounted=fn<onVnodeUnmounted> ref=Ref< undefined > > 
  at <RouteProvider key="/en/catalog" vnode= {__v_isVNode: true, __v_skip: true, type: Object, props: Object, key: null} route= {fullPath: /en/catalog, hash: , query: Object, name: catalog___en, path: /en/catalog}  ... > 
  at <RouterView name=undefined route=undefined > 
  at <NuxtPage> 
  at <Body style= {background: #f8f1e6} > 
  at <Html lang="en-US" dir="ltr" > 
  at <Default ref=Ref< undefined > > 
  at <AsyncComponentWrapper ref=Ref< undefined > > 
  at <LayoutLoader key="default" layoutProps= {ref: RefImpl} name="default" > 
  at <NuxtLayoutProvider layoutProps= {ref: RefImpl} key="default" name="default"  ... > 
  at <NuxtLayout> 
  at <App key=4 > 
  at <NuxtRoot> @ http://0.0.0.0:3001/_nuxt/@fs/Users/andrejkoval/Dev/vivadzen/src/front/node_modules/@vue/runtime-core/dist/runtime-core.esm-bundler.js?v=fd09ac8d:49
[ 1827096ms] [WARNING] [intlify] Not found parent scope. use the global scope. @ http://0.0.0.0:3001/_nuxt/node_modules/.cache/vite/client/deps/chunk-LY4OWT6B.js?v=fd09ac8d:3
[ 1827096ms] [WARNING] [Vue warn]: Hydration style mismatch on JSHandle@node 
  - rendered on server: style="width:1em;height:1em;--c613ce94-iconUrl:url('https://api.iconify.design/ci/shopping-cart-01.svg');"
  - expected on client: style="width:1em;height:1em;"
  Note: this mismatch is check-only. The DOM will not be rectified in production due to performance overhead.
  You should fix the source of the mismatch. 
  at <IconCSS name="ci:shopping-cart-01" class="kratom-product-card__action-icon" > 
  at <ProductCard key=331 product= {id: 331, name: Green Maeng Da Kratom powder, slug: zelena-maeng-da-kratom-prasek-25g, price: 130.00, oldPrice: null} > 
  at <Index onVnodeUnmounted=fn<onVnodeUnmounted> ref=Ref< undefined > > 
  at <RouteProvider key="/en/catalog" vnode= {__v_isVNode: true, __v_skip: true, type: Object, props: Object, key: null} route= {fullPath: /en/catalog, hash: , query: Object, name: catalog___en, path: /en/catalog}  ... > 
  at <RouterView name=undefined route=undefined > 
  at <NuxtPage> 
  at <Body style= {background: #f8f1e6} > 
  at <Html lang="en-US" dir="ltr" > 
  at <Default ref=Ref< undefined > > 
  at <AsyncComponentWrapper ref=Ref< undefined > > 
  at <LayoutLoader key="default" layoutProps= {ref: RefImpl} name="default" > 
  at <NuxtLayoutProvider layoutProps= {ref: RefImpl} key="default" name="default"  ... > 
  at <NuxtLayout> 
  at <App key=4 > 
  at <NuxtRoot> @ http://0.0.0.0:3001/_nuxt/@fs/Users/andrejkoval/Dev/vivadzen/src/front/node_modules/@vue/runtime-core/dist/runtime-core.esm-bundler.js?v=fd09ac8d:49
[ 1827099ms] [LOG] [nuxt-app] page:finish: 1.64501953125 ms [Object] @ http://0.0.0.0:3001/_nuxt/@fs/Users/andrejkoval/Dev/vivadzen/src/front/node_modules/hookable/dist/index.mjs?v=fd09ac8d:271
[ 1827099ms] [LOG] [nuxt-app] page:loading:end: 0.631103515625 ms [] @ http://0.0.0.0:3001/_nuxt/@fs/Users/andrejkoval/Dev/vivadzen/src/front/node_modules/hookable/dist/index.mjs?v=fd09ac8d:271
[ 1827115ms] [WARNING] [intlify] Not found 'logo_alt' key in 'en' locale messages. @ http://0.0.0.0:3001/_nuxt/node_modules/.cache/vite/client/deps/chunk-LY4OWT6B.js?v=fd09ac8d:3
[ 1827115ms] [WARNING] [intlify] Fall back to translate 'logo_alt' key with 'cs' locale. @ http://0.0.0.0:3001/_nuxt/node_modules/.cache/vite/client/deps/chunk-LY4OWT6B.js?v=fd09ac8d:3
[ 1827115ms] [WARNING] [intlify] Not found 'logo_alt' key in 'cs' locale messages. @ http://0.0.0.0:3001/_nuxt/node_modules/.cache/vite/client/deps/chunk-LY4OWT6B.js?v=fd09ac8d:3
[ 1827115ms] [WARNING] [intlify] Fall back to translate 'logo_alt' with root locale. @ http://0.0.0.0:3001/_nuxt/node_modules/.cache/vite/client/deps/chunk-LY4OWT6B.js?v=fd09ac8d:3
[ 1827115ms] [WARNING] [intlify] Not found 'logo_alt' key in 'en' locale messages. @ http://0.0.0.0:3001/_nuxt/node_modules/.cache/vite/client/deps/chunk-LY4OWT6B.js?v=fd09ac8d:3
[ 1827115ms] [WARNING] [intlify] Fall back to translate 'logo_alt' key with 'cs' locale. @ http://0.0.0.0:3001/_nuxt/node_modules/.cache/vite/client/deps/chunk-LY4OWT6B.js?v=fd09ac8d:3
[ 1827116ms] [WARNING] [intlify] Not found 'logo_alt' key in 'cs' locale messages. @ http://0.0.0.0:3001/_nuxt/node_modules/.cache/vite/client/deps/chunk-LY4OWT6B.js?v=fd09ac8d:3
[ 1827116ms] [WARNING] [intlify] Not found 'title.cart' key in 'en' locale messages. @ http://0.0.0.0:3001/_nuxt/node_modules/.cache/vite/client/deps/chunk-LY4OWT6B.js?v=fd09ac8d:3
[ 1827116ms] [WARNING] [intlify] Fall back to translate 'title.cart' key with 'cs' locale. @ http://0.0.0.0:3001/_nuxt/node_modules/.cache/vite/client/deps/chunk-LY4OWT6B.js?v=fd09ac8d:3
[ 1827116ms] [WARNING] [intlify] Not found 'title.cart' key in 'cs' locale messages. @ http://0.0.0.0:3001/_nuxt/node_modules/.cache/vite/client/deps/chunk-LY4OWT6B.js?v=fd09ac8d:3
[ 1827116ms] [WARNING] [intlify] Fall back to translate 'title.cart' with root locale. @ http://0.0.0.0:3001/_nuxt/node_modules/.cache/vite/client/deps/chunk-LY4OWT6B.js?v=fd09ac8d:3
[ 1827119ms] [WARNING] [intlify] Not found 'logo_alt' key in 'en' locale messages. @ http://0.0.0.0:3001/_nuxt/node_modules/.cache/vite/client/deps/chunk-LY4OWT6B.js?v=fd09ac8d:3
[ 1827120ms] [WARNING] [intlify] Fall back to translate 'logo_alt' key with 'cs' locale. @ http://0.0.0.0:3001/_nuxt/node_modules/.cache/vite/client/deps/chunk-LY4OWT6B.js?v=fd09ac8d:3
[ 1827120ms] [WARNING] [intlify] Not found 'logo_alt' key in 'cs' locale messages. @ http://0.0.0.0:3001/_nuxt/node_modules/.cache/vite/client/deps/chunk-LY4OWT6B.js?v=fd09ac8d:3
[ 1827120ms] [WARNING] [intlify] Fall back to translate 'logo_alt' with root locale. @ http://0.0.0.0:3001/_nuxt/node_modules/.cache/vite/client/deps/chunk-LY4OWT6B.js?v=fd09ac8d:3
[ 1827120ms] [WARNING] [intlify] Not found 'logo_alt' key in 'en' locale messages. @ http://0.0.0.0:3001/_nuxt/node_modules/.cache/vite/client/deps/chunk-LY4OWT6B.js?v=fd09ac8d:3
[ 1827121ms] [WARNING] [intlify] Fall back to translate 'logo_alt' key with 'cs' locale. @ http://0.0.0.0:3001/_nuxt/node_modules/.cache/vite/client/deps/chunk-LY4OWT6B.js?v=fd09ac8d:3
[ 1827121ms] [WARNING] [intlify] Not found 'logo_alt' key in 'cs' locale messages. @ http://0.0.0.0:3001/_nuxt/node_modules/.cache/vite/client/deps/chunk-LY4OWT6B.js?v=fd09ac8d:3
[ 1827121ms] [WARNING] [intlify] Not found 'title.cart' key in 'en' locale messages. @ http://0.0.0.0:3001/_nuxt/node_modules/.cache/vite/client/deps/chunk-LY4OWT6B.js?v=fd09ac8d:3
[ 1827121ms] [WARNING] [intlify] Fall back to translate 'title.cart' key with 'cs' locale. @ http://0.0.0.0:3001/_nuxt/node_modules/.cache/vite/client/deps/chunk-LY4OWT6B.js?v=fd09ac8d:3
[ 1827122ms] [WARNING] [intlify] Not found 'title.cart' key in 'cs' locale messages. @ http://0.0.0.0:3001/_nuxt/node_modules/.cache/vite/client/deps/chunk-LY4OWT6B.js?v=fd09ac8d:3
[ 1827122ms] [WARNING] [intlify] Fall back to translate 'title.cart' with root locale. @ http://0.0.0.0:3001/_nuxt/node_modules/.cache/vite/client/deps/chunk-LY4OWT6B.js?v=fd09ac8d:3
[ 1827132ms] [LOG] [nuxt-app] schema-org:meta: 0.088134765625 ms [Object] @ http://0.0.0.0:3001/_nuxt/@fs/Users/andrejkoval/Dev/vivadzen/src/front/node_modules/hookable/dist/index.mjs?v=fd09ac8d:271
[ 1827133ms] [LOG] [nuxt-app] app:suspense:resolve: 14.69287109375 ms [] @ http://0.0.0.0:3001/_nuxt/@fs/Users/andrejkoval/Dev/vivadzen/src/front/node_modules/hookable/dist/index.mjs?v=fd09ac8d:271
[ 1827153ms] [LOG] [nuxt-app] link:prefetch: 1.754150390625 ms [/en/catalog] @ http://0.0.0.0:3001/_nuxt/@fs/Users/andrejkoval/Dev/vivadzen/src/front/node_modules/hookable/dist/index.mjs?v=fd09ac8d:271
[ 1827153ms] [LOG] [nuxt-app] link:prefetch : 1.7529296875 ms [/en/blog] @ http://0.0.0.0:3001/_nuxt/@fs/Users/andrejkoval/Dev/vivadzen/src/front/node_modules/hookable/dist/index.mjs?v=fd09ac8d:271
[ 1827153ms] [LOG] [nuxt-app] link:prefetch  : 1.6650390625 ms [/en/about] @ http://0.0.0.0:3001/_nuxt/@fs/Users/andrejkoval/Dev/vivadzen/src/front/node_modules/hookable/dist/index.mjs?v=fd09ac8d:271
[ 1827154ms] [LOG] [nuxt-app] link:prefetch   : 1.669921875 ms [/en/contacts] @ http://0.0.0.0:3001/_nuxt/@fs/Users/andrejkoval/Dev/vivadzen/src/front/node_modules/hookable/dist/index.mjs?v=fd09ac8d:271
[ 1827154ms] [LOG] [nuxt-app] link:prefetch    : 1.696044921875 ms [/en/zeleny-rurut-nano-kratom-prasek-25g] @ http://0.0.0.0:3001/_nuxt/@fs/Users/andrejkoval/Dev/vivadzen/src/front/node_modules/hookable/dist/index.mjs?v=fd09ac8d:271
[ 1827154ms] [LOG] [nuxt-app] link:prefetch     : 1.708984375 ms [/en/zeleny-rurut-nano-kratom-prasek-25g] @ http://0.0.0.0:3001/_nuxt/@fs/Users/andrejkoval/Dev/vivadzen/src/front/node_modules/hookable/dist/index.mjs?v=fd09ac8d:271
[ 1827154ms] [LOG] [nuxt-app] link:prefetch      : 1.7900390625 ms [/en/bila-maeng-da-kratom-prasek-25g] @ http://0.0.0.0:3001/_nuxt/@fs/Users/andrejkoval/Dev/vivadzen/src/front/node_modules/hookable/dist/index.mjs?v=fd09ac8d:271
[ 1827154ms] [LOG] [nuxt-app] link:prefetch       : 1.89892578125 ms [/en/bila-maeng-da-kratom-prasek-25g] @ http://0.0.0.0:3001/_nuxt/@fs/Users/andrejkoval/Dev/vivadzen/src/front/node_modules/hookable/dist/index.mjs?v=fd09ac8d:271
[ 1827154ms] [LOG] [nuxt-app] link:prefetch        : 1.964111328125 ms [/en/bily-slon-kratom-prasek-25g] @ http://0.0.0.0:3001/_nuxt/@fs/Users/andrejkoval/Dev/vivadzen/src/front/node_modules/hookable/dist/index.mjs?v=fd09ac8d:271
[ 1827154ms] [LOG] [nuxt-app] link:prefetch         : 2.0478515625 ms [/en/bily-slon-kratom-prasek-25g] @ http://0.0.0.0:3001/_nuxt/@fs/Users/andrejkoval/Dev/vivadzen/src/front/node_modules/hookable/dist/index.mjs?v=fd09ac8d:271
[ 1827154ms] [LOG] [nuxt-app] link:prefetch          : 2.131103515625 ms [/en/zeleny-thajsky-kratom-prasek-25g] @ http://0.0.0.0:3001/_nuxt/@fs/Users/andrejkoval/Dev/vivadzen/src/front/node_modules/hookable/dist/index.mjs?v=fd09ac8d:271
[ 1827154ms] [LOG] [nuxt-app] link:prefetch           : 2.217041015625 ms [/en/zeleny-thajsky-kratom-prasek-25g] @ http://0.0.0.0:3001/_nuxt/@fs/Users/andrejkoval/Dev/vivadzen/src/front/node_modules/hookable/dist/index.mjs?v=fd09ac8d:271
[ 1827155ms] [LOG] [nuxt-app] link:prefetch            : 2.326171875 ms [/en/cervena-maeng-da-kratom-prasek-25g] @ http://0.0.0.0:3001/_nuxt/@fs/Users/andrejkoval/Dev/vivadzen/src/front/node_modules/hookable/dist/index.mjs?v=fd09ac8d:271
[ 1827155ms] [LOG] [nuxt-app] link:prefetch             : 2.408935546875 ms [/en/cervena-maeng-da-kratom-prasek-25g] @ http://0.0.0.0:3001/_nuxt/@fs/Users/andrejkoval/Dev/vivadzen/src/front/node_modules/hookable/dist/index.mjs?v=fd09ac8d:271
[ 1827155ms] [LOG] [nuxt-app] link:prefetch              : 2.527099609375 ms [/en/zelena-maeng-da-kratom-prasek-25g] @ http://0.0.0.0:3001/_nuxt/@fs/Users/andrejkoval/Dev/vivadzen/src/front/node_modules/hookable/dist/index.mjs?v=fd09ac8d:271
[ 1827155ms] [LOG] [nuxt-app] link:prefetch               : 2.60302734375 ms [/en/zelena-maeng-da-kratom-prasek-25g] @ http://0.0.0.0:3001/_nuxt/@fs/Users/andrejkoval/Dev/vivadzen/src/front/node_modules/hookable/dist/index.mjs?v=fd09ac8d:271
[ 2264014ms] [LOG] [nuxt-app] i18n:beforeLocaleSwitch: 0.181884765625 ms [Object] @ http://0.0.0.0:3001/_nuxt/@fs/Users/andrejkoval/Dev/vivadzen/src/front/node_modules/hookable/dist/index.mjs?v=fd09ac8d:271
[ 2264020ms] [LOG] %cssr%c %s: %s 
      background: #7f8c8d;
      border-radius: 0.5em;
      color: white;
      font-weight: bold;
      padding: 2px 0.5em;
      [nitro-runtime] request 0.198ms 
  at timeLogImpl (node:internal/console/constructor)
  at node:internal/console/constructor
  at timeLogImpl (node:internal/util/debuglog)
 @ http://0.0.0.0:3001/_nuxt/@fs/Users/andrejkoval/Dev/vivadzen/src/front/node_modules/consola/dist/browser.mjs?v=fd09ac8d:47
[ 2264021ms] [LOG] %cssr%c %s: %s 
      background: #7f8c8d;
      border-radius: 0.5em;
      color: white;
      font-weight: bold;
      padding: 2px 0.5em;
      [nitro-runtime] site-config:init 0.008ms 
  at timeLogImpl (node:internal/console/constructor)
  at node:internal/console/constructor
  at timeLogImpl (node:internal/util/debuglog)
 @ http://0.0.0.0:3001/_nuxt/@fs/Users/andrejkoval/Dev/vivadzen/src/front/node_modules/consola/dist/browser.mjs?v=fd09ac8d:47
[ 2264021ms] [LOG] %cssr%c %s: %s 
      background: #7f8c8d;
      border-radius: 0.5em;
      color: white;
      font-weight: bold;
      padding: 2px 0.5em;
      [nitro-runtime] render:before 0.004ms 
  at timeLogImpl (node:internal/console/constructor)
  at node:internal/console/constructor
  at timeLogImpl (node:internal/util/debuglog)
 @ http://0.0.0.0:3001/_nuxt/@fs/Users/andrejkoval/Dev/vivadzen/src/front/node_modules/consola/dist/browser.mjs?v=fd09ac8d:47
[ 2264021ms] [LOG] %cssr%c %s: %s 
      background: #7f8c8d;
      border-radius: 0.5em;
      color: white;
      font-weight: bold;
      padding: 2px 0.5em;
      [nuxt-app] i18n:beforeLocaleSwitch 0.007ms 
  at timeLogImpl (node:internal/console/constructor)
  at node:internal/console/constructor
  at timeLogImpl (node:internal/util/debuglog)
 @ http://0.0.0.0:3001/_nuxt/@fs/Users/andrejkoval/Dev/vivadzen/src/front/node_modules/consola/dist/browser.mjs?v=fd09ac8d:47
[ 2264021ms] [LOG] %cssr%c %s: %s 
      background: #7f8c8d;
      border-radius: 0.5em;
      color: white;
      font-weight: bold;
      padding: 2px 0.5em;
      [nuxt-app] page:loading:start 0.003ms 
  at timeLogImpl (node:internal/console/constructor)
  at node:internal/console/constructor
  at timeLogImpl (node:internal/util/debuglog)
 @ http://0.0.0.0:3001/_nuxt/@fs/Users/andrejkoval/Dev/vivadzen/src/front/node_modules/consola/dist/browser.mjs?v=fd09ac8d:47
[ 2264021ms] [LOG] %cssr%c %s: %s 
      background: #7f8c8d;
      border-radius: 0.5em;
      color: white;
      font-weight: bold;
      padding: 2px 0.5em;
      [nuxt-app] i18n:beforeLocaleSwitch 0.002ms 
  at timeLogImpl (node:internal/console/constructor)
  at node:internal/console/constructor
  at timeLogImpl (node:internal/util/debuglog)
 @ http://0.0.0.0:3001/_nuxt/@fs/Users/andrejkoval/Dev/vivadzen/src/front/node_modules/consola/dist/browser.mjs?v=fd09ac8d:47
[ 2264021ms] [LOG] %cssr%c %s: %s 
      background: #7f8c8d;
      border-radius: 0.5em;
      color: white;
      font-weight: bold;
      padding: 2px 0.5em;
      [nuxt-app] app:created 2.755ms 
  at timeLogImpl (node:internal/console/constructor)
  at node:internal/console/constructor
  at timeLogImpl (node:internal/util/debuglog)
 @ http://0.0.0.0:3001/_nuxt/@fs/Users/andrejkoval/Dev/vivadzen/src/front/node_modules/consola/dist/browser.mjs?v=fd09ac8d:47
[ 2264021ms] [LOG] %cssr%c %s: %s 
      background: #7f8c8d;
      border-radius: 0.5em;
      color: white;
      font-weight: bold;
      padding: 2px 0.5em;
      [nuxt-app] vue:setup 0.001ms 
  at timeLogImpl (node:internal/console/constructor)
  at node:internal/console/constructor
  at timeLogImpl (node:internal/util/debuglog)
 @ http://0.0.0.0:3001/_nuxt/@fs/Users/andrejkoval/Dev/vivadzen/src/front/node_modules/consola/dist/browser.mjs?v=fd09ac8d:47
[ 2264021ms] [WARNING] %cssr:warn%c [intlify] Not found 'logo_alt' key in 'en' locale messages. 
      background: #f39c12;
      border-radius: 0.5em;
      color: white;
      font-weight: bold;
      padding: 2px 0.5em;
      
  at warn (/Users/andrejkoval/Dev/vivadzen/src/front/node_modules/@intlify/shared/dist/shared.mjs)
  at handleMissing (/Users/andrejkoval/Dev/vivadzen/src/front/node_modules/@intlify/core-base/dist/core-base.mjs)
  at resolveMessageFormat (/Users/andrejkoval/Dev/vivadzen/src/front/node_modules/@intlify/core-base/dist/core-base.mjs)
 @ http://0.0.0.0:3001/_nuxt/@fs/Users/andrejkoval/Dev/vivadzen/src/front/node_modules/consola/dist/browser.mjs?v=fd09ac8d:47
[ 2264021ms] [WARNING] %cssr:warn%c [intlify] Fall back to translate 'logo_alt' key with 'cs' locale. 
      background: #f39c12;
      border-radius: 0.5em;
      color: white;
      font-weight: bold;
      padding: 2px 0.5em;
      
  at warn (/Users/andrejkoval/Dev/vivadzen/src/front/node_modules/@intlify/shared/dist/shared.mjs)
  at resolveMessageFormat (/Users/andrejkoval/Dev/vivadzen/src/front/node_modules/@intlify/core-base/dist/core-base.mjs)
  at translate (/Users/andrejkoval/Dev/vivadzen/src/front/node_modules/@intlify/core-base/dist/core-base.mjs)
 @ http://0.0.0.0:3001/_nuxt/@fs/Users/andrejkoval/Dev/vivadzen/src/front/node_modules/consola/dist/browser.mjs?v=fd09ac8d:47
[ 2264021ms] [WARNING] %cssr:warn%c [intlify] Not found 'logo_alt' key in 'cs' locale messages. 
      background: #f39c12;
      border-radius: 0.5em;
      color: white;
      font-weight: bold;
      padding: 2px 0.5em;
      
  at warn (/Users/andrejkoval/Dev/vivadzen/src/front/node_modules/@intlify/shared/dist/shared.mjs)
  at handleMissing (/Users/andrejkoval/Dev/vivadzen/src/front/node_modules/@intlify/core-base/dist/core-base.mjs)
  at resolveMessageFormat (/Users/andrejkoval/Dev/vivadzen/src/front/node_modules/@intlify/core-base/dist/core-base.mjs)
 @ http://0.0.0.0:3001/_nuxt/@fs/Users/andrejkoval/Dev/vivadzen/src/front/node_modules/consola/dist/browser.mjs?v=fd09ac8d:47
[ 2264021ms] [WARNING] %cssr:warn%c [intlify] Fall back to translate 'logo_alt' with root locale. 
      background: #f39c12;
      border-radius: 0.5em;
      color: white;
      font-weight: bold;
      padding: 2px 0.5em;
      
  at warn (/Users/andrejkoval/Dev/vivadzen/src/front/node_modules/@intlify/shared/dist/shared.mjs)
  at wrapWithDeps (/Users/andrejkoval/Dev/vivadzen/src/front/node_modules/vue-i18n/dist/vue-i18n.mjs)
  at Proxy.t (/Users/andrejkoval/Dev/vivadzen/src/front/node_modules/vue-i18n/dist/vue-i18n.mjs)
 @ http://0.0.0.0:3001/_nuxt/@fs/Users/andrejkoval/Dev/vivadzen/src/front/node_modules/consola/dist/browser.mjs?v=fd09ac8d:47
[ 2264021ms] [WARNING] %cssr:warn%c [intlify] Not found 'logo_alt' key in 'en' locale messages. 
      background: #f39c12;
      border-radius: 0.5em;
      color: white;
      font-weight: bold;
      padding: 2px 0.5em;
      
  at warn (/Users/andrejkoval/Dev/vivadzen/src/front/node_modules/@intlify/shared/dist/shared.mjs)
  at handleMissing (/Users/andrejkoval/Dev/vivadzen/src/front/node_modules/@intlify/core-base/dist/core-base.mjs)
  at resolveMessageFormat (/Users/andrejkoval/Dev/vivadzen/src/front/node_modules/@intlify/core-base/dist/core-base.mjs)
 @ http://0.0.0.0:3001/_nuxt/@fs/Users/andrejkoval/Dev/vivadzen/src/front/node_modules/consola/dist/browser.mjs?v=fd09ac8d:47
[ 2264021ms] [WARNING] %cssr:warn%c [intlify] Fall back to translate 'logo_alt' key with 'cs' locale. 
      background: #f39c12;
      border-radius: 0.5em;
      color: white;
      font-weight: bold;
      padding: 2px 0.5em;
      
  at warn (/Users/andrejkoval/Dev/vivadzen/src/front/node_modules/@intlify/shared/dist/shared.mjs)
  at resolveMessageFormat (/Users/andrejkoval/Dev/vivadzen/src/front/node_modules/@intlify/core-base/dist/core-base.mjs)
  at translate (/Users/andrejkoval/Dev/vivadzen/src/front/node_modules/@intlify/core-base/dist/core-base.mjs)
 @ http://0.0.0.0:3001/_nuxt/@fs/Users/andrejkoval/Dev/vivadzen/src/front/node_modules/consola/dist/browser.mjs?v=fd09ac8d:47
[ 2264021ms] [WARNING] %cssr:warn%c [intlify] Not found 'logo_alt' key in 'cs' locale messages. 
      background: #f39c12;
      border-radius: 0.5em;
      color: white;
      font-weight: bold;
      padding: 2px 0.5em;
      
  at warn (/Users/andrejkoval/Dev/vivadzen/src/front/node_modules/@intlify/shared/dist/shared.mjs)
  at handleMissing (/Users/andrejkoval/Dev/vivadzen/src/front/node_modules/@intlify/core-base/dist/core-base.mjs)
  at resolveMessageFormat (/Users/andrejkoval/Dev/vivadzen/src/front/node_modules/@intlify/core-base/dist/core-base.mjs)
 @ http://0.0.0.0:3001/_nuxt/@fs/Users/andrejkoval/Dev/vivadzen/src/front/node_modules/consola/dist/browser.mjs?v=fd09ac8d:47
[ 2264021ms] [WARNING] %cssr:warn%c [intlify] Not found 'title.cart' key in 'en' locale messages. 
      background: #f39c12;
      border-radius: 0.5em;
      color: white;
      font-weight: bold;
      padding: 2px 0.5em;
      
  at warn (/Users/andrejkoval/Dev/vivadzen/src/front/node_modules/@intlify/shared/dist/shared.mjs)
  at handleMissing (/Users/andrejkoval/Dev/vivadzen/src/front/node_modules/@intlify/core-base/dist/core-base.mjs)
  at resolveMessageFormat (/Users/andrejkoval/Dev/vivadzen/src/front/node_modules/@intlify/core-base/dist/core-base.mjs)
 @ http://0.0.0.0:3001/_nuxt/@fs/Users/andrejkoval/Dev/vivadzen/src/front/node_modules/consola/dist/browser.mjs?v=fd09ac8d:47
[ 2264022ms] [WARNING] %cssr:warn%c [intlify] Fall back to translate 'title.cart' key with 'cs' locale. 
      background: #f39c12;
      border-radius: 0.5em;
      color: white;
      font-weight: bold;
      padding: 2px 0.5em;
      
  at warn (/Users/andrejkoval/Dev/vivadzen/src/front/node_modules/@intlify/shared/dist/shared.mjs)
  at resolveMessageFormat (/Users/andrejkoval/Dev/vivadzen/src/front/node_modules/@intlify/core-base/dist/core-base.mjs)
  at translate (/Users/andrejkoval/Dev/vivadzen/src/front/node_modules/@intlify/core-base/dist/core-base.mjs)
 @ http://0.0.0.0:3001/_nuxt/@fs/Users/andrejkoval/Dev/vivadzen/src/front/node_modules/consola/dist/browser.mjs?v=fd09ac8d:47
[ 2264022ms] [WARNING] %cssr:warn%c [intlify] Not found 'title.cart' key in 'cs' locale messages. 
      background: #f39c12;
      border-radius: 0.5em;
      color: white;
      font-weight: bold;
      padding: 2px 0.5em;
      
  at warn (/Users/andrejkoval/Dev/vivadzen/src/front/node_modules/@intlify/shared/dist/shared.mjs)
  at handleMissing (/Users/andrejkoval/Dev/vivadzen/src/front/node_modules/@intlify/core-base/dist/core-base.mjs)
  at resolveMessageFormat (/Users/andrejkoval/Dev/vivadzen/src/front/node_modules/@intlify/core-base/dist/core-base.mjs)
 @ http://0.0.0.0:3001/_nuxt/@fs/Users/andrejkoval/Dev/vivadzen/src/front/node_modules/consola/dist/browser.mjs?v=fd09ac8d:47
[ 2264022ms] [WARNING] %cssr:warn%c [intlify] Fall back to translate 'title.cart' with root locale. 
      background: #f39c12;
      border-radius: 0.5em;
      color: white;
      font-weight: bold;
      padding: 2px 0.5em;
      
  at warn (/Users/andrejkoval/Dev/vivadzen/src/front/node_modules/@intlify/shared/dist/shared.mjs)
  at wrapWithDeps (/Users/andrejkoval/Dev/vivadzen/src/front/node_modules/vue-i18n/dist/vue-i18n.mjs)
  at Proxy.t (/Users/andrejkoval/Dev/vivadzen/src/front/node_modules/vue-i18n/dist/vue-i18n.mjs)
 @ http://0.0.0.0:3001/_nuxt/@fs/Users/andrejkoval/Dev/vivadzen/src/front/node_modules/consola/dist/browser.mjs?v=fd09ac8d:47
[ 2264022ms] [WARNING] %cssr:warn%c [intlify] Not found parent scope. use the global scope. 
      background: #f39c12;
      border-radius: 0.5em;
      color: white;
      font-weight: bold;
      padding: 2px 0.5em;
      
  at warn (/Users/andrejkoval/Dev/vivadzen/src/front/node_modules/@intlify/shared/dist/shared.mjs)
  at useI18n (/Users/andrejkoval/Dev/vivadzen/src/front/node_modules/vue-i18n/dist/vue-i18n.mjs)
  at setup (/Users/andrejkoval/Dev/vivadzen/src/front/node_modules/vue-i18n/dist/vue-i18n.mjs)
 @ http://0.0.0.0:3001/_nuxt/@fs/Users/andrejkoval/Dev/vivadzen/src/front/node_modules/consola/dist/browser.mjs?v=fd09ac8d:47
[ 2264022ms] [WARNING] %cssr:warn%c [intlify] Not found parent scope. use the global scope. 
      background: #f39c12;
      border-radius: 0.5em;
      color: white;
      font-weight: bold;
      padding: 2px 0.5em;
      
  at warn (/Users/andrejkoval/Dev/vivadzen/src/front/node_modules/@intlify/shared/dist/shared.mjs)
  at useI18n (/Users/andrejkoval/Dev/vivadzen/src/front/node_modules/vue-i18n/dist/vue-i18n.mjs)
  at setup (/Users/andrejkoval/Dev/vivadzen/src/front/node_modules/vue-i18n/dist/vue-i18n.mjs)
 @ http://0.0.0.0:3001/_nuxt/@fs/Users/andrejkoval/Dev/vivadzen/src/front/node_modules/consola/dist/browser.mjs?v=fd09ac8d:47
[ 2264022ms] [WARNING] %cssr:warn%c [intlify] Not found parent scope. use the global scope. 
      background: #f39c12;
      border-radius: 0.5em;
      color: white;
      font-weight: bold;
      padding: 2px 0.5em;
      
  at warn (/Users/andrejkoval/Dev/vivadzen/src/front/node_modules/@intlify/shared/dist/shared.mjs)
  at useI18n (/Users/andrejkoval/Dev/vivadzen/src/front/node_modules/vue-i18n/dist/vue-i18n.mjs)
  at setup (/Users/andrejkoval/Dev/vivadzen/src/front/node_modules/vue-i18n/dist/vue-i18n.mjs)
 @ http://0.0.0.0:3001/_nuxt/@fs/Users/andrejkoval/Dev/vivadzen/src/front/node_modules/consola/dist/browser.mjs?v=fd09ac8d:47
[ 2264022ms] [WARNING] %cssr:warn%c [intlify] Not found parent scope. use the global scope. 
      background: #f39c12;
      border-radius: 0.5em;
      color: white;
      font-weight: bold;
      padding: 2px 0.5em;
      
  at warn (/Users/andrejkoval/Dev/vivadzen/src/front/node_modules/@intlify/shared/dist/shared.mjs)
  at useI18n (/Users/andrejkoval/Dev/vivadzen/src/front/node_modules/vue-i18n/dist/vue-i18n.mjs)
  at setup (/Users/andrejkoval/Dev/vivadzen/src/front/node_modules/vue-i18n/dist/vue-i18n.mjs)
 @ http://0.0.0.0:3001/_nuxt/@fs/Users/andrejkoval/Dev/vivadzen/src/front/node_modules/consola/dist/browser.mjs?v=fd09ac8d:47
[ 2264022ms] [WARNING] %cssr:warn%c [intlify] Not found parent scope. use the global scope. 
      background: #f39c12;
      border-radius: 0.5em;
      color: white;
      font-weight: bold;
      padding: 2px 0.5em;
      
  at warn (/Users/andrejkoval/Dev/vivadzen/src/front/node_modules/@intlify/shared/dist/shared.mjs)
  at useI18n (/Users/andrejkoval/Dev/vivadzen/src/front/node_modules/vue-i18n/dist/vue-i18n.mjs)
  at setup (/Users/andrejkoval/Dev/vivadzen/src/front/node_modules/vue-i18n/dist/vue-i18n.mjs)
 @ http://0.0.0.0:3001/_nuxt/@fs/Users/andrejkoval/Dev/vivadzen/src/front/node_modules/consola/dist/browser.mjs?v=fd09ac8d:47
[ 2264022ms] [WARNING] %cssr:warn%c [intlify] Not found parent scope. use the global scope. 
      background: #f39c12;
      border-radius: 0.5em;
      color: white;
      font-weight: bold;
      padding: 2px 0.5em;
      
  at timeLogImpl (node:internal/console/constructor)
  at node:internal/console/constructor
  at timeLogImpl (node:internal/util/debuglog)
 @ http://0.0.0.0:3001/_nuxt/@fs/Users/andrejkoval/Dev/vivadzen/src/front/node_modules/consola/dist/browser.mjs?v=fd09ac8d:47
[ 2264022ms] [LOG] %cssr%c %s: %s 
      background: #7f8c8d;
      border-radius: 0.5em;
      color: white;
      font-weight: bold;
      padding: 2px 0.5em;
      [nuxt-app] app:rendered 0.085ms 
  at timeLogImpl (node:internal/console/constructor)
  at node:internal/console/constructor
  at timeLogImpl (node:internal/util/debuglog)
 @ http://0.0.0.0:3001/_nuxt/@fs/Users/andrejkoval/Dev/vivadzen/src/front/node_modules/consola/dist/browser.mjs?v=fd09ac8d:47
[ 2264022ms] [LOG] %cssr%c %s: %s 
      background: #7f8c8d;
      border-radius: 0.5em;
      color: white;
      font-weight: bold;
      padding: 2px 0.5em;
      [nuxt-app] schema-org:meta 0.004ms 
  at timeLogImpl (node:internal/console/constructor)
  at node:internal/console/constructor
  at timeLogImpl (node:internal/util/debuglog)
 @ http://0.0.0.0:3001/_nuxt/@fs/Users/andrejkoval/Dev/vivadzen/src/front/node_modules/consola/dist/browser.mjs?v=fd09ac8d:47
[ 2264022ms] [LOG] [nuxt-app] dev:ssr-logs: 1.946044921875 ms [Array(27)] @ http://0.0.0.0:3001/_nuxt/@fs/Users/andrejkoval/Dev/vivadzen/src/front/node_modules/hookable/dist/index.mjs?v=fd09ac8d:271
[ 2264027ms] [LOG] [nuxt-app] page:loading:start: 0.135009765625 ms [] @ http://0.0.0.0:3001/_nuxt/@fs/Users/andrejkoval/Dev/vivadzen/src/front/node_modules/hookable/dist/index.mjs?v=fd09ac8d:271
[ 2264042ms] [WARNING] Timer '[nuxt-app] i18n:beforeLocaleSwitch' already exists @ http://0.0.0.0:3001/_nuxt/@fs/Users/andrejkoval/Dev/vivadzen/src/front/node_modules/hookable/dist/index.mjs?v=fd09ac8d:261
[ 2264042ms] [LOG] [nuxt-app] i18n:beforeLocaleSwitch: 28.3330078125 ms [Object] @ http://0.0.0.0:3001/_nuxt/@fs/Users/andrejkoval/Dev/vivadzen/src/front/node_modules/hookable/dist/index.mjs?v=fd09ac8d:271
[ 2264043ms] [LOG] [nuxt-app] app:created: 16.85986328125 ms [Object] @ http://0.0.0.0:3001/_nuxt/@fs/Users/andrejkoval/Dev/vivadzen/src/front/node_modules/hookable/dist/index.mjs?v=fd09ac8d:271
[ 2264043ms] [LOG] [nuxt-app] app:beforeMount: 0.04296875 ms [Object] @ http://0.0.0.0:3001/_nuxt/@fs/Users/andrejkoval/Dev/vivadzen/src/front/node_modules/hookable/dist/index.mjs?v=fd09ac8d:271
[ 2264045ms] [LOG] [nuxt-app] vue:setup: 0.088134765625 ms [] @ http://0.0.0.0:3001/_nuxt/@fs/Users/andrejkoval/Dev/vivadzen/src/front/node_modules/hookable/dist/index.mjs?v=fd09ac8d:271
[ 2264045ms] [INFO] <Suspense> is an experimental feature and its API will likely change. @ http://0.0.0.0:3001/_nuxt/@fs/Users/andrejkoval/Dev/vivadzen/src/front/node_modules/@vue/runtime-core/dist/runtime-core.esm-bundler.js?v=fd09ac8d:7155
[ 2264047ms] [LOG] [nuxt-app] app:mounted: 0.134033203125 ms [Object] @ http://0.0.0.0:3001/_nuxt/@fs/Users/andrejkoval/Dev/vivadzen/src/front/node_modules/hookable/dist/index.mjs?v=fd09ac8d:271
[ 2264048ms] [LOG] [Content] WS connect to ws://localhost:4000/ws @ http://0.0.0.0:3001/_nuxt/@fs/Users/andrejkoval/Dev/vivadzen/src/front/node_modules/@nuxt/content/dist/runtime/composables/web-socket.js?v=fd09ac8d:4
[ 2264086ms] [LOG] [Content] WS connected! @ http://0.0.0.0:3001/_nuxt/@fs/Users/andrejkoval/Dev/vivadzen/src/front/node_modules/@nuxt/content/dist/runtime/composables/web-socket.js?v=fd09ac8d:4
[ 2264098ms] [WARNING] [intlify] Not found 'logo_alt' key in 'en' locale messages. @ http://0.0.0.0:3001/_nuxt/node_modules/.cache/vite/client/deps/chunk-LY4OWT6B.js?v=fd09ac8d:3
[ 2264099ms] [WARNING] [intlify] Fall back to translate 'logo_alt' key with 'cs' locale. @ http://0.0.0.0:3001/_nuxt/node_modules/.cache/vite/client/deps/chunk-LY4OWT6B.js?v=fd09ac8d:3
[ 2264099ms] [WARNING] [intlify] Not found 'logo_alt' key in 'cs' locale messages. @ http://0.0.0.0:3001/_nuxt/node_modules/.cache/vite/client/deps/chunk-LY4OWT6B.js?v=fd09ac8d:3
[ 2264099ms] [WARNING] [intlify] Fall back to translate 'logo_alt' with root locale. @ http://0.0.0.0:3001/_nuxt/node_modules/.cache/vite/client/deps/chunk-LY4OWT6B.js?v=fd09ac8d:3
[ 2264099ms] [WARNING] [intlify] Not found 'logo_alt' key in 'en' locale messages. @ http://0.0.0.0:3001/_nuxt/node_modules/.cache/vite/client/deps/chunk-LY4OWT6B.js?v=fd09ac8d:3
[ 2264100ms] [WARNING] [intlify] Fall back to translate 'logo_alt' key with 'cs' locale. @ http://0.0.0.0:3001/_nuxt/node_modules/.cache/vite/client/deps/chunk-LY4OWT6B.js?v=fd09ac8d:3
[ 2264100ms] [WARNING] [intlify] Not found 'logo_alt' key in 'cs' locale messages. @ http://0.0.0.0:3001/_nuxt/node_modules/.cache/vite/client/deps/chunk-LY4OWT6B.js?v=fd09ac8d:3
[ 2264101ms] [WARNING] [intlify] Not found 'title.cart' key in 'en' locale messages. @ http://0.0.0.0:3001/_nuxt/node_modules/.cache/vite/client/deps/chunk-LY4OWT6B.js?v=fd09ac8d:3
[ 2264101ms] [WARNING] [intlify] Fall back to translate 'title.cart' key with 'cs' locale. @ http://0.0.0.0:3001/_nuxt/node_modules/.cache/vite/client/deps/chunk-LY4OWT6B.js?v=fd09ac8d:3
[ 2264101ms] [WARNING] [intlify] Not found 'title.cart' key in 'cs' locale messages. @ http://0.0.0.0:3001/_nuxt/node_modules/.cache/vite/client/deps/chunk-LY4OWT6B.js?v=fd09ac8d:3
[ 2264101ms] [WARNING] [intlify] Fall back to translate 'title.cart' with root locale. @ http://0.0.0.0:3001/_nuxt/node_modules/.cache/vite/client/deps/chunk-LY4OWT6B.js?v=fd09ac8d:3
[ 2264106ms] [WARNING] [Vue warn]: Hydration style mismatch on JSHandle@node 
  - rendered on server: style="width:1em;height:1em;--c613ce94-iconUrl:url('https://api.iconify.design/iconoir/nav-arrow-down.svg');"
  - expected on client: style="width:1em;height:1em;"
  Note: this mismatch is check-only. The DOM will not be rectified in production due to performance overhead.
  You should fix the source of the mismatch. 
  at <IconCSS name="iconoir:nav-arrow-down" class="lang-switcher__chevron" > 
  at <Header> 
  at <Body style= {background: #f8f1e6} > 
  at <Html lang="en-US" dir="ltr" > 
  at <Default ref=Ref< undefined > > 
  at <AsyncComponentWrapper ref=Ref< undefined > > 
  at <LayoutLoader key="default" layoutProps= {ref: RefImpl} name="default" > 
  at <NuxtLayoutProvider layoutProps= {ref: RefImpl} key="default" name="default"  ... > 
  at <NuxtLayout> 
  at <App key=4 > 
  at <NuxtRoot> @ http://0.0.0.0:3001/_nuxt/@fs/Users/andrejkoval/Dev/vivadzen/src/front/node_modules/@vue/runtime-core/dist/runtime-core.esm-bundler.js?v=fd09ac8d:49
[ 2264106ms] [ERROR] Hydration completed but contains mismatches. @ http://0.0.0.0:3001/_nuxt/@fs/Users/andrejkoval/Dev/vivadzen/src/front/node_modules/@vue/runtime-core/dist/runtime-core.esm-bundler.js?v=fd09ac8d:1847
[ 2264107ms] [WARNING] [Vue warn]: Hydration style mismatch on JSHandle@node 
  - rendered on server: style="width:1em;height:1em;--c613ce94-iconUrl:url('https://api.iconify.design/ci/shopping-cart-01.svg');"
  - expected on client: style="width:1em;height:1em;"
  Note: this mismatch is check-only. The DOM will not be rectified in production due to performance overhead.
  You should fix the source of the mismatch. 
  at <IconCSS name="ci:shopping-cart-01" class="hero-header__cart-icon" > 
  at <Header> 
  at <Body style= {background: #f8f1e6} > 
  at <Html lang="en-US" dir="ltr" > 
  at <Default ref=Ref< undefined > > 
  at <AsyncComponentWrapper ref=Ref< undefined > > 
  at <LayoutLoader key="default" layoutProps= {ref: RefImpl} name="default" > 
  at <NuxtLayoutProvider layoutProps= {ref: RefImpl} key="default" name="default"  ... > 
  at <NuxtLayout> 
  at <App key=4 > 
  at <NuxtRoot> @ http://0.0.0.0:3001/_nuxt/@fs/Users/andrejkoval/Dev/vivadzen/src/front/node_modules/@vue/runtime-core/dist/runtime-core.esm-bundler.js?v=fd09ac8d:49
[ 2264108ms] [WARNING] [Vue warn]: Hydration style mismatch on JSHandle@node 
  - rendered on server: style="width:1em;height:1em;--c613ce94-iconUrl:url('https://api.iconify.design/mynaui/telephone-call.svg');"
  - expected on client: style="width:1em;height:1em;"
  Note: this mismatch is check-only. The DOM will not be rectified in production due to performance overhead.
  You should fix the source of the mismatch. 
  at <IconCSS name="mynaui:telephone-call" class="hero-mobile-menu__contact-icon" > 
  at <Header> 
  at <Body style= {background: #f8f1e6} > 
  at <Html lang="en-US" dir="ltr" > 
  at <Default ref=Ref< undefined > > 
  at <AsyncComponentWrapper ref=Ref< undefined > > 
  at <LayoutLoader key="default" layoutProps= {ref: RefImpl} name="default" > 
  at <NuxtLayoutProvider layoutProps= {ref: RefImpl} key="default" name="default"  ... > 
  at <NuxtLayout> 
  at <App key=4 > 
  at <NuxtRoot> @ http://0.0.0.0:3001/_nuxt/@fs/Users/andrejkoval/Dev/vivadzen/src/front/node_modules/@vue/runtime-core/dist/runtime-core.esm-bundler.js?v=fd09ac8d:49
[ 2264108ms] [WARNING] [Vue warn]: Hydration style mismatch on JSHandle@node 
  - rendered on server: style="width:1em;height:1em;--c613ce94-iconUrl:url('https://api.iconify.design/ic/round-alternate-email.svg');"
  - expected on client: style="width:1em;height:1em;"
  Note: this mismatch is check-only. The DOM will not be rectified in production due to performance overhead.
  You should fix the source of the mismatch. 
  at <IconCSS name="ic:round-alternate-email" class="hero-mobile-menu__contact-icon" > 
  at <Header> 
  at <Body style= {background: #f8f1e6} > 
  at <Html lang="en-US" dir="ltr" > 
  at <Default ref=Ref< undefined > > 
  at <AsyncComponentWrapper ref=Ref< undefined > > 
  at <LayoutLoader key="default" layoutProps= {ref: RefImpl} name="default" > 
  at <NuxtLayoutProvider layoutProps= {ref: RefImpl} key="default" name="default"  ... > 
  at <NuxtLayout> 
  at <App key=4 > 
  at <NuxtRoot> @ http://0.0.0.0:3001/_nuxt/@fs/Users/andrejkoval/Dev/vivadzen/src/front/node_modules/@vue/runtime-core/dist/runtime-core.esm-bundler.js?v=fd09ac8d:49
[ 2264108ms] [WARNING] [Vue warn]: Hydration style mismatch on JSHandle@node 
  - rendered on server: style="width:1em;height:1em;--c613ce94-iconUrl:url('https://api.iconify.design/mynaui/location.svg');"
  - expected on client: style="width:1em;height:1em;"
  Note: this mismatch is check-only. The DOM will not be rectified in production due to performance overhead.
  You should fix the source of the mismatch. 
  at <IconCSS name="mynaui:location" class="hero-mobile-menu__contact-icon" > 
  at <Header> 
  at <Body style= {background: #f8f1e6} > 
  at <Html lang="en-US" dir="ltr" > 
  at <Default ref=Ref< undefined > > 
  at <AsyncComponentWrapper ref=Ref< undefined > > 
  at <LayoutLoader key="default" layoutProps= {ref: RefImpl} name="default" > 
  at <NuxtLayoutProvider layoutProps= {ref: RefImpl} key="default" name="default"  ... > 
  at <NuxtLayout> 
  at <App key=4 > 
  at <NuxtRoot> @ http://0.0.0.0:3001/_nuxt/@fs/Users/andrejkoval/Dev/vivadzen/src/front/node_modules/@vue/runtime-core/dist/runtime-core.esm-bundler.js?v=fd09ac8d:49
[ 2264109ms] [WARNING] [Vue warn]: Hydration style mismatch on JSHandle@node 
  - rendered on server: style="width:1em;height:1em;--c613ce94-iconUrl:url('https://api.iconify.design/mynaui/clock-4.svg');"
  - expected on client: style="width:1em;height:1em;"
  Note: this mismatch is check-only. The DOM will not be rectified in production due to performance overhead.
  You should fix the source of the mismatch. 
  at <IconCSS name="mynaui:clock-4" class="hero-mobile-menu__contact-icon" > 
  at <Header> 
  at <Body style= {background: #f8f1e6} > 
  at <Html lang="en-US" dir="ltr" > 
  at <Default ref=Ref< undefined > > 
  at <AsyncComponentWrapper ref=Ref< undefined > > 
  at <LayoutLoader key="default" layoutProps= {ref: RefImpl} name="default" > 
  at <NuxtLayoutProvider layoutProps= {ref: RefImpl} key="default" name="default"  ... > 
  at <NuxtLayout> 
  at <App key=4 > 
  at <NuxtRoot> @ http://0.0.0.0:3001/_nuxt/@fs/Users/andrejkoval/Dev/vivadzen/src/front/node_modules/@vue/runtime-core/dist/runtime-core.esm-bundler.js?v=fd09ac8d:49
[ 2264113ms] [WARNING] [Vue warn]: Hydration style mismatch on JSHandle@node 
  - rendered on server: style="width:1em;height:1em;--c613ce94-iconUrl:url('https://api.iconify.design/ph/telegram-logo.svg');"
  - expected on client: style="width:1em;height:1em;"
  Note: this mismatch is check-only. The DOM will not be rectified in production due to performance overhead.
  You should fix the source of the mismatch. 
  at <IconCSS name="ph:telegram-logo" > 
  at <SiteFooter> 
  at <Body style= {background: #f8f1e6} > 
  at <Html lang="en-US" dir="ltr" > 
  at <Default ref=Ref< undefined > > 
  at <AsyncComponentWrapper ref=Ref< undefined > > 
  at <LayoutLoader key="default" layoutProps= {ref: RefImpl} name="default" > 
  at <NuxtLayoutProvider layoutProps= {ref: RefImpl} key="default" name="default"  ... > 
  at <NuxtLayout> 
  at <App key=4 > 
  at <NuxtRoot> @ http://0.0.0.0:3001/_nuxt/@fs/Users/andrejkoval/Dev/vivadzen/src/front/node_modules/@vue/runtime-core/dist/runtime-core.esm-bundler.js?v=fd09ac8d:49
[ 2264113ms] [WARNING] [Vue warn]: Hydration style mismatch on JSHandle@node 
  - rendered on server: style="width:1em;height:1em;--c613ce94-iconUrl:url('https://api.iconify.design/ph/whatsapp-logo.svg');"
  - expected on client: style="width:1em;height:1em;"
  Note: this mismatch is check-only. The DOM will not be rectified in production due to performance overhead.
  You should fix the source of the mismatch. 
  at <IconCSS name="ph:whatsapp-logo" > 
  at <SiteFooter> 
  at <Body style= {background: #f8f1e6} > 
  at <Html lang="en-US" dir="ltr" > 
  at <Default ref=Ref< undefined > > 
  at <AsyncComponentWrapper ref=Ref< undefined > > 
  at <LayoutLoader key="default" layoutProps= {ref: RefImpl} name="default" > 
  at <NuxtLayoutProvider layoutProps= {ref: RefImpl} key="default" name="default"  ... > 
  at <NuxtLayout> 
  at <App key=4 > 
  at <NuxtRoot> @ http://0.0.0.0:3001/_nuxt/@fs/Users/andrejkoval/Dev/vivadzen/src/front/node_modules/@vue/runtime-core/dist/runtime-core.esm-bundler.js?v=fd09ac8d:49
[ 2264113ms] [WARNING] [Vue warn]: Hydration style mismatch on JSHandle@node 
  - rendered on server: style="width:1em;height:1em;--c613ce94-iconUrl:url('https://api.iconify.design/iconoir/instagram.svg');"
  - expected on client: style="width:1em;height:1em;"
  Note: this mismatch is check-only. The DOM will not be rectified in production due to performance overhead.
  You should fix the source of the mismatch. 
  at <IconCSS name="iconoir:instagram" > 
  at <SiteFooter> 
  at <Body style= {background: #f8f1e6} > 
  at <Html lang="en-US" dir="ltr" > 
  at <Default ref=Ref< undefined > > 
  at <AsyncComponentWrapper ref=Ref< undefined > > 
  at <LayoutLoader key="default" layoutProps= {ref: RefImpl} name="default" > 
  at <NuxtLayoutProvider layoutProps= {ref: RefImpl} key="default" name="default"  ... > 
  at <NuxtLayout> 
  at <App key=4 > 
  at <NuxtRoot> @ http://0.0.0.0:3001/_nuxt/@fs/Users/andrejkoval/Dev/vivadzen/src/front/node_modules/@vue/runtime-core/dist/runtime-core.esm-bundler.js?v=fd09ac8d:49
[ 2264119ms] [WARNING] [intlify] Not found parent scope. use the global scope. @ http://0.0.0.0:3001/_nuxt/node_modules/.cache/vite/client/deps/chunk-LY4OWT6B.js?v=fd09ac8d:3
[ 2264119ms] [WARNING] [Vue warn]: Hydration style mismatch on JSHandle@node 
  - rendered on server: style="width:1em;height:1em;--c613ce94-iconUrl:url('https://api.iconify.design/ci/shopping-cart-01.svg');"
  - expected on client: style="width:1em;height:1em;"
  Note: this mismatch is check-only. The DOM will not be rectified in production due to performance overhead.
  You should fix the source of the mismatch. 
  at <IconCSS name="ci:shopping-cart-01" class="kratom-product-card__action-icon" > 
  at <ProductCard key=391 product= {id: 391, name: Green Rurut Nano kratom powder - 25g, slug: zeleny-rurut-nano-kratom-prasek-25g, price: 140.00, oldPrice: null} > 
  at <Index onVnodeUnmounted=fn<onVnodeUnmounted> ref=Ref< undefined > > 
  at <RouteProvider key="/en/catalog" vnode= {__v_isVNode: true, __v_skip: true, type: Object, props: Object, key: null} route= {fullPath: /en/catalog, hash: , query: Object, name: catalog___en, path: /en/catalog}  ... > 
  at <RouterView name=undefined route=undefined > 
  at <NuxtPage> 
  at <Body style= {background: #f8f1e6} > 
  at <Html lang="en-US" dir="ltr" > 
  at <Default ref=Ref< undefined > > 
  at <AsyncComponentWrapper ref=Ref< undefined > > 
  at <LayoutLoader key="default" layoutProps= {ref: RefImpl} name="default" > 
  at <NuxtLayoutProvider layoutProps= {ref: RefImpl} key="default" name="default"  ... > 
  at <NuxtLayout> 
  at <App key=4 > 
  at <NuxtRoot> @ http://0.0.0.0:3001/_nuxt/@fs/Users/andrejkoval/Dev/vivadzen/src/front/node_modules/@vue/runtime-core/dist/runtime-core.esm-bundler.js?v=fd09ac8d:49
[ 2264120ms] [WARNING] [intlify] Not found parent scope. use the global scope. @ http://0.0.0.0:3001/_nuxt/node_modules/.cache/vite/client/deps/chunk-LY4OWT6B.js?v=fd09ac8d:3
[ 2264121ms] [WARNING] [Vue warn]: Hydration style mismatch on JSHandle@node 
  - rendered on server: style="width:1em;height:1em;--c613ce94-iconUrl:url('https://api.iconify.design/ci/shopping-cart-01.svg');"
  - expected on client: style="width:1em;height:1em;"
  Note: this mismatch is check-only. The DOM will not be rectified in production due to performance overhead.
  You should fix the source of the mismatch. 
  at <IconCSS name="ci:shopping-cart-01" class="kratom-product-card__action-icon" > 
  at <ProductCard key=336 product= {id: 336, name: White Maeng Da Kratom powder, slug: bila-maeng-da-kratom-prasek-25g, price: 130.00, oldPrice: null} > 
  at <Index onVnodeUnmounted=fn<onVnodeUnmounted> ref=Ref< undefined > > 
  at <RouteProvider key="/en/catalog" vnode= {__v_isVNode: true, __v_skip: true, type: Object, props: Object, key: null} route= {fullPath: /en/catalog, hash: , query: Object, name: catalog___en, path: /en/catalog}  ... > 
  at <RouterView name=undefined route=undefined > 
  at <NuxtPage> 
  at <Body style= {background: #f8f1e6} > 
  at <Html lang="en-US" dir="ltr" > 
  at <Default ref=Ref< undefined > > 
  at <AsyncComponentWrapper ref=Ref< undefined > > 
  at <LayoutLoader key="default" layoutProps= {ref: RefImpl} name="default" > 
  at <NuxtLayoutProvider layoutProps= {ref: RefImpl} key="default" name="default"  ... > 
  at <NuxtLayout> 
  at <App key=4 > 
  at <NuxtRoot> @ http://0.0.0.0:3001/_nuxt/@fs/Users/andrejkoval/Dev/vivadzen/src/front/node_modules/@vue/runtime-core/dist/runtime-core.esm-bundler.js?v=fd09ac8d:49
[ 2264122ms] [WARNING] [intlify] Not found parent scope. use the global scope. @ http://0.0.0.0:3001/_nuxt/node_modules/.cache/vite/client/deps/chunk-LY4OWT6B.js?v=fd09ac8d:3
[ 2264122ms] [WARNING] [Vue warn]: Hydration style mismatch on JSHandle@node 
  - rendered on server: style="width:1em;height:1em;--c613ce94-iconUrl:url('https://api.iconify.design/ci/shopping-cart-01.svg');"
  - expected on client: style="width:1em;height:1em;"
  Note: this mismatch is check-only. The DOM will not be rectified in production due to performance overhead.
  You should fix the source of the mismatch. 
  at <IconCSS name="ci:shopping-cart-01" class="kratom-product-card__action-icon" > 
  at <ProductCard key=334 product= {id: 334, name: White Elephant Kratom powder, slug: bily-slon-kratom-prasek-25g, price: 140.00, oldPrice: null} > 
  at <Index onVnodeUnmounted=fn<onVnodeUnmounted> ref=Ref< undefined > > 
  at <RouteProvider key="/en/catalog" vnode= {__v_isVNode: true, __v_skip: true, type: Object, props: Object, key: null} route= {fullPath: /en/catalog, hash: , query: Object, name: catalog___en, path: /en/catalog}  ... > 
  at <RouterView name=undefined route=undefined > 
  at <NuxtPage> 
  at <Body style= {background: #f8f1e6} > 
  at <Html lang="en-US" dir="ltr" > 
  at <Default ref=Ref< undefined > > 
  at <AsyncComponentWrapper ref=Ref< undefined > > 
  at <LayoutLoader key="default" layoutProps= {ref: RefImpl} name="default" > 
  at <NuxtLayoutProvider layoutProps= {ref: RefImpl} key="default" name="default"  ... > 
  at <NuxtLayout> 
  at <App key=4 > 
  at <NuxtRoot> @ http://0.0.0.0:3001/_nuxt/@fs/Users/andrejkoval/Dev/vivadzen/src/front/node_modules/@vue/runtime-core/dist/runtime-core.esm-bundler.js?v=fd09ac8d:49
[ 2264123ms] [WARNING] [intlify] Not found parent scope. use the global scope. @ http://0.0.0.0:3001/_nuxt/node_modules/.cache/vite/client/deps/chunk-LY4OWT6B.js?v=fd09ac8d:3
[ 2264124ms] [WARNING] [Vue warn]: Hydration style mismatch on JSHandle@node 
  - rendered on server: style="width:1em;height:1em;--c613ce94-iconUrl:url('https://api.iconify.design/ci/shopping-cart-01.svg');"
  - expected on client: style="width:1em;height:1em;"
  Note: this mismatch is check-only. The DOM will not be rectified in production due to performance overhead.
  You should fix the source of the mismatch. 
  at <IconCSS name="ci:shopping-cart-01" class="kratom-product-card__action-icon" > 
  at <ProductCard key=333 product= {id: 333, name: Green Thai Kratom powder, slug: zeleny-thajsky-kratom-prasek-25g, price: 130.00, oldPrice: null} > 
  at <Index onVnodeUnmounted=fn<onVnodeUnmounted> ref=Ref< undefined > > 
  at <RouteProvider key="/en/catalog" vnode= {__v_isVNode: true, __v_skip: true, type: Object, props: Object, key: null} route= {fullPath: /en/catalog, hash: , query: Object, name: catalog___en, path: /en/catalog}  ... > 
  at <RouterView name=undefined route=undefined > 
  at <NuxtPage> 
  at <Body style= {background: #f8f1e6} > 
  at <Html lang="en-US" dir="ltr" > 
  at <Default ref=Ref< undefined > > 
  at <AsyncComponentWrapper ref=Ref< undefined > > 
  at <LayoutLoader key="default" layoutProps= {ref: RefImpl} name="default" > 
  at <NuxtLayoutProvider layoutProps= {ref: RefImpl} key="default" name="default"  ... > 
  at <NuxtLayout> 
  at <App key=4 > 
  at <NuxtRoot> @ http://0.0.0.0:3001/_nuxt/@fs/Users/andrejkoval/Dev/vivadzen/src/front/node_modules/@vue/runtime-core/dist/runtime-core.esm-bundler.js?v=fd09ac8d:49
[ 2264125ms] [WARNING] [intlify] Not found parent scope. use the global scope. @ http://0.0.0.0:3001/_nuxt/node_modules/.cache/vite/client/deps/chunk-LY4OWT6B.js?v=fd09ac8d:3
[ 2264125ms] [WARNING] [Vue warn]: Hydration style mismatch on JSHandle@node 
  - rendered on server: style="width:1em;height:1em;--c613ce94-iconUrl:url('https://api.iconify.design/ci/shopping-cart-01.svg');"
  - expected on client: style="width:1em;height:1em;"
  Note: this mismatch is check-only. The DOM will not be rectified in production due to performance overhead.
  You should fix the source of the mismatch. 
  at <IconCSS name="ci:shopping-cart-01" class="kratom-product-card__action-icon" > 
  at <ProductCard key=332 product= {id: 332, name: Red Maeng Da Kratom powder, slug: cervena-maeng-da-kratom-prasek-25g, price: 130.00, oldPrice: null} > 
  at <Index onVnodeUnmounted=fn<onVnodeUnmounted> ref=Ref< undefined > > 
  at <RouteProvider key="/en/catalog" vnode= {__v_isVNode: true, __v_skip: true, type: Object, props: Object, key: null} route= {fullPath: /en/catalog, hash: , query: Object, name: catalog___en, path: /en/catalog}  ... > 
  at <RouterView name=undefined route=undefined > 
  at <NuxtPage> 
  at <Body style= {background: #f8f1e6} > 
  at <Html lang="en-US" dir="ltr" > 
  at <Default ref=Ref< undefined > > 
  at <AsyncComponentWrapper ref=Ref< undefined > > 
  at <LayoutLoader key="default" layoutProps= {ref: RefImpl} name="default" > 
  at <NuxtLayoutProvider layoutProps= {ref: RefImpl} key="default" name="default"  ... > 
  at <NuxtLayout> 
  at <App key=4 > 
  at <NuxtRoot> @ http://0.0.0.0:3001/_nuxt/@fs/Users/andrejkoval/Dev/vivadzen/src/front/node_modules/@vue/runtime-core/dist/runtime-core.esm-bundler.js?v=fd09ac8d:49
[ 2264126ms] [WARNING] [intlify] Not found parent scope. use the global scope. @ http://0.0.0.0:3001/_nuxt/node_modules/.cache/vite/client/deps/chunk-LY4OWT6B.js?v=fd09ac8d:3
[ 2264126ms] [WARNING] [Vue warn]: Hydration style mismatch on JSHandle@node 
  - rendered on server: style="width:1em;height:1em;--c613ce94-iconUrl:url('https://api.iconify.design/ci/shopping-cart-01.svg');"
  - expected on client: style="width:1em;height:1em;"
  Note: this mismatch is check-only. The DOM will not be rectified in production due to performance overhead.
  You should fix the source of the mismatch. 
  at <IconCSS name="ci:shopping-cart-01" class="kratom-product-card__action-icon" > 
  at <ProductCard key=331 product= {id: 331, name: Green Maeng Da Kratom powder, slug: zelena-maeng-da-kratom-prasek-25g, price: 130.00, oldPrice: null} > 
  at <Index onVnodeUnmounted=fn<onVnodeUnmounted> ref=Ref< undefined > > 
  at <RouteProvider key="/en/catalog" vnode= {__v_isVNode: true, __v_skip: true, type: Object, props: Object, key: null} route= {fullPath: /en/catalog, hash: , query: Object, name: catalog___en, path: /en/catalog}  ... > 
  at <RouterView name=undefined route=undefined > 
  at <NuxtPage> 
  at <Body style= {background: #f8f1e6} > 
  at <Html lang="en-US" dir="ltr" > 
  at <Default ref=Ref< undefined > > 
  at <AsyncComponentWrapper ref=Ref< undefined > > 
  at <LayoutLoader key="default" layoutProps= {ref: RefImpl} name="default" > 
  at <NuxtLayoutProvider layoutProps= {ref: RefImpl} key="default" name="default"  ... > 
  at <NuxtLayout> 
  at <App key=4 > 
  at <NuxtRoot> @ http://0.0.0.0:3001/_nuxt/@fs/Users/andrejkoval/Dev/vivadzen/src/front/node_modules/@vue/runtime-core/dist/runtime-core.esm-bundler.js?v=fd09ac8d:49
[ 2264129ms] [LOG] [nuxt-app] page:finish: 1.62890625 ms [Object] @ http://0.0.0.0:3001/_nuxt/@fs/Users/andrejkoval/Dev/vivadzen/src/front/node_modules/hookable/dist/index.mjs?v=fd09ac8d:271
[ 2264129ms] [LOG] [nuxt-app] page:loading:end: 0.56591796875 ms [] @ http://0.0.0.0:3001/_nuxt/@fs/Users/andrejkoval/Dev/vivadzen/src/front/node_modules/hookable/dist/index.mjs?v=fd09ac8d:271
[ 2264145ms] [WARNING] [intlify] Not found 'logo_alt' key in 'en' locale messages. @ http://0.0.0.0:3001/_nuxt/node_modules/.cache/vite/client/deps/chunk-LY4OWT6B.js?v=fd09ac8d:3
[ 2264145ms] [WARNING] [intlify] Fall back to translate 'logo_alt' key with 'cs' locale. @ http://0.0.0.0:3001/_nuxt/node_modules/.cache/vite/client/deps/chunk-LY4OWT6B.js?v=fd09ac8d:3
[ 2264145ms] [WARNING] [intlify] Not found 'logo_alt' key in 'cs' locale messages. @ http://0.0.0.0:3001/_nuxt/node_modules/.cache/vite/client/deps/chunk-LY4OWT6B.js?v=fd09ac8d:3
[ 2264145ms] [WARNING] [intlify] Fall back to translate 'logo_alt' with root locale. @ http://0.0.0.0:3001/_nuxt/node_modules/.cache/vite/client/deps/chunk-LY4OWT6B.js?v=fd09ac8d:3
[ 2264146ms] [WARNING] [intlify] Not found 'logo_alt' key in 'en' locale messages. @ http://0.0.0.0:3001/_nuxt/node_modules/.cache/vite/client/deps/chunk-LY4OWT6B.js?v=fd09ac8d:3
[ 2264146ms] [WARNING] [intlify] Fall back to translate 'logo_alt' key with 'cs' locale. @ http://0.0.0.0:3001/_nuxt/node_modules/.cache/vite/client/deps/chunk-LY4OWT6B.js?v=fd09ac8d:3
[ 2264146ms] [WARNING] [intlify] Not found 'logo_alt' key in 'cs' locale messages. @ http://0.0.0.0:3001/_nuxt/node_modules/.cache/vite/client/deps/chunk-LY4OWT6B.js?v=fd09ac8d:3
[ 2264146ms] [WARNING] [intlify] Not found 'title.cart' key in 'en' locale messages. @ http://0.0.0.0:3001/_nuxt/node_modules/.cache/vite/client/deps/chunk-LY4OWT6B.js?v=fd09ac8d:3
[ 2264146ms] [WARNING] [intlify] Fall back to translate 'title.cart' key with 'cs' locale. @ http://0.0.0.0:3001/_nuxt/node_modules/.cache/vite/client/deps/chunk-LY4OWT6B.js?v=fd09ac8d:3
[ 2264147ms] [WARNING] [intlify] Not found 'title.cart' key in 'cs' locale messages. @ http://0.0.0.0:3001/_nuxt/node_modules/.cache/vite/client/deps/chunk-LY4OWT6B.js?v=fd09ac8d:3
[ 2264147ms] [WARNING] [intlify] Fall back to translate 'title.cart' with root locale. @ http://0.0.0.0:3001/_nuxt/node_modules/.cache/vite/client/deps/chunk-LY4OWT6B.js?v=fd09ac8d:3
[ 2264150ms] [WARNING] [intlify] Not found 'logo_alt' key in 'en' locale messages. @ http://0.0.0.0:3001/_nuxt/node_modules/.cache/vite/client/deps/chunk-LY4OWT6B.js?v=fd09ac8d:3
[ 2264150ms] [WARNING] [intlify] Fall back to translate 'logo_alt' key with 'cs' locale. @ http://0.0.0.0:3001/_nuxt/node_modules/.cache/vite/client/deps/chunk-LY4OWT6B.js?v=fd09ac8d:3
[ 2264150ms] [WARNING] [intlify] Not found 'logo_alt' key in 'cs' locale messages. @ http://0.0.0.0:3001/_nuxt/node_modules/.cache/vite/client/deps/chunk-LY4OWT6B.js?v=fd09ac8d:3
[ 2264150ms] [WARNING] [intlify] Fall back to translate 'logo_alt' with root locale. @ http://0.0.0.0:3001/_nuxt/node_modules/.cache/vite/client/deps/chunk-LY4OWT6B.js?v=fd09ac8d:3
[ 2264151ms] [WARNING] [intlify] Not found 'logo_alt' key in 'en' locale messages. @ http://0.0.0.0:3001/_nuxt/node_modules/.cache/vite/client/deps/chunk-LY4OWT6B.js?v=fd09ac8d:3
[ 2264151ms] [WARNING] [intlify] Fall back to translate 'logo_alt' key with 'cs' locale. @ http://0.0.0.0:3001/_nuxt/node_modules/.cache/vite/client/deps/chunk-LY4OWT6B.js?v=fd09ac8d:3
[ 2264151ms] [WARNING] [intlify] Not found 'logo_alt' key in 'cs' locale messages. @ http://0.0.0.0:3001/_nuxt/node_modules/.cache/vite/client/deps/chunk-LY4OWT6B.js?v=fd09ac8d:3
[ 2264151ms] [WARNING] [intlify] Not found 'title.cart' key in 'en' locale messages. @ http://0.0.0.0:3001/_nuxt/node_modules/.cache/vite/client/deps/chunk-LY4OWT6B.js?v=fd09ac8d:3
[ 2264152ms] [WARNING] [intlify] Fall back to translate 'title.cart' key with 'cs' locale. @ http://0.0.0.0:3001/_nuxt/node_modules/.cache/vite/client/deps/chunk-LY4OWT6B.js?v=fd09ac8d:3
[ 2264152ms] [WARNING] [intlify] Not found 'title.cart' key in 'cs' locale messages. @ http://0.0.0.0:3001/_nuxt/node_modules/.cache/vite/client/deps/chunk-LY4OWT6B.js?v=fd09ac8d:3
[ 2264152ms] [WARNING] [intlify] Fall back to translate 'title.cart' with root locale. @ http://0.0.0.0:3001/_nuxt/node_modules/.cache/vite/client/deps/chunk-LY4OWT6B.js?v=fd09ac8d:3
[ 2264160ms] [LOG] [nuxt-app] schema-org:meta: 0.068115234375 ms [Object] @ http://0.0.0.0:3001/_nuxt/@fs/Users/andrejkoval/Dev/vivadzen/src/front/node_modules/hookable/dist/index.mjs?v=fd09ac8d:271
[ 2264161ms] [LOG] [nuxt-app] app:suspense:resolve: 12.48291015625 ms [] @ http://0.0.0.0:3001/_nuxt/@fs/Users/andrejkoval/Dev/vivadzen/src/front/node_modules/hookable/dist/index.mjs?v=fd09ac8d:271
[ 2264182ms] [LOG] [nuxt-app] link:prefetch: 3.8828125 ms [/en/catalog] @ http://0.0.0.0:3001/_nuxt/@fs/Users/andrejkoval/Dev/vivadzen/src/front/node_modules/hookable/dist/index.mjs?v=fd09ac8d:271
[ 2264182ms] [LOG] [nuxt-app] link:prefetch : 3.77099609375 ms [/en/blog] @ http://0.0.0.0:3001/_nuxt/@fs/Users/andrejkoval/Dev/vivadzen/src/front/node_modules/hookable/dist/index.mjs?v=fd09ac8d:271
[ 2264182ms] [LOG] [nuxt-app] link:prefetch  : 3.52197265625 ms [/en/about] @ http://0.0.0.0:3001/_nuxt/@fs/Users/andrejkoval/Dev/vivadzen/src/front/node_modules/hookable/dist/index.mjs?v=fd09ac8d:271
[ 2264182ms] [LOG] [nuxt-app] link:prefetch   : 3.372802734375 ms [/en/contacts] @ http://0.0.0.0:3001/_nuxt/@fs/Users/andrejkoval/Dev/vivadzen/src/front/node_modules/hookable/dist/index.mjs?v=fd09ac8d:271
[ 2264182ms] [LOG] [nuxt-app] link:prefetch    : 3.208984375 ms [/en/zeleny-rurut-nano-kratom-prasek-25g] @ http://0.0.0.0:3001/_nuxt/@fs/Users/andrejkoval/Dev/vivadzen/src/front/node_modules/hookable/dist/index.mjs?v=fd09ac8d:271
[ 2264182ms] [LOG] [nuxt-app] link:prefetch     : 3.053955078125 ms [/en/zeleny-rurut-nano-kratom-prasek-25g] @ http://0.0.0.0:3001/_nuxt/@fs/Users/andrejkoval/Dev/vivadzen/src/front/node_modules/hookable/dist/index.mjs?v=fd09ac8d:271
[ 2264182ms] [LOG] [nuxt-app] link:prefetch      : 3.0869140625 ms [/en/bila-maeng-da-kratom-prasek-25g] @ http://0.0.0.0:3001/_nuxt/@fs/Users/andrejkoval/Dev/vivadzen/src/front/node_modules/hookable/dist/index.mjs?v=fd09ac8d:271
[ 2264182ms] [LOG] [nuxt-app] link:prefetch       : 3.10693359375 ms [/en/bila-maeng-da-kratom-prasek-25g] @ http://0.0.0.0:3001/_nuxt/@fs/Users/andrejkoval/Dev/vivadzen/src/front/node_modules/hookable/dist/index.mjs?v=fd09ac8d:271
[ 2264183ms] [LOG] [nuxt-app] link:prefetch        : 3.176025390625 ms [/en/bily-slon-kratom-prasek-25g] @ http://0.0.0.0:3001/_nuxt/@fs/Users/andrejkoval/Dev/vivadzen/src/front/node_modules/hookable/dist/index.mjs?v=fd09ac8d:271
[ 2264183ms] [LOG] [nuxt-app] link:prefetch         : 3.212890625 ms [/en/bily-slon-kratom-prasek-25g] @ http://0.0.0.0:3001/_nuxt/@fs/Users/andrejkoval/Dev/vivadzen/src/front/node_modules/hookable/dist/index.mjs?v=fd09ac8d:271
[ 2264183ms] [LOG] [nuxt-app] link:prefetch          : 3.259033203125 ms [/en/zeleny-thajsky-kratom-prasek-25g] @ http://0.0.0.0:3001/_nuxt/@fs/Users/andrejkoval/Dev/vivadzen/src/front/node_modules/hookable/dist/index.mjs?v=fd09ac8d:271
[ 2264183ms] [LOG] [nuxt-app] link:prefetch           : 3.2939453125 ms [/en/zeleny-thajsky-kratom-prasek-25g] @ http://0.0.0.0:3001/_nuxt/@fs/Users/andrejkoval/Dev/vivadzen/src/front/node_modules/hookable/dist/index.mjs?v=fd09ac8d:271
[ 2264183ms] [LOG] [nuxt-app] link:prefetch            : 3.342041015625 ms [/en/cervena-maeng-da-kratom-prasek-25g] @ http://0.0.0.0:3001/_nuxt/@fs/Users/andrejkoval/Dev/vivadzen/src/front/node_modules/hookable/dist/index.mjs?v=fd09ac8d:271
[ 2264183ms] [LOG] [nuxt-app] link:prefetch             : 3.385986328125 ms [/en/cervena-maeng-da-kratom-prasek-25g] @ http://0.0.0.0:3001/_nuxt/@fs/Users/andrejkoval/Dev/vivadzen/src/front/node_modules/hookable/dist/index.mjs?v=fd09ac8d:271
[ 2264183ms] [LOG] [nuxt-app] link:prefetch              : 3.429931640625 ms [/en/zelena-maeng-da-kratom-prasek-25g] @ http://0.0.0.0:3001/_nuxt/@fs/Users/andrejkoval/Dev/vivadzen/src/front/node_modules/hookable/dist/index.mjs?v=fd09ac8d:271
[ 2264183ms] [LOG] [nuxt-app] link:prefetch               : 3.47705078125 ms [/en/zelena-maeng-da-kratom-prasek-25g] @ http://0.0.0.0:3001/_nuxt/@fs/Users/andrejkoval/Dev/vivadzen/src/front/node_modules/hookable/dist/index.mjs?v=fd09ac8d:271
[ 2264824ms] [LOG] [nuxt-delay-hydration] Hydration event MouseEvent @ http://0.0.0.0:3001/en/catalog:135
[ 2266281ms] [LOG] [nuxt-app] i18n:beforeLocaleSwitch: 0.1650390625 ms [Object] @ http://0.0.0.0:3001/_nuxt/@fs/Users/andrejkoval/Dev/vivadzen/src/front/node_modules/hookable/dist/index.mjs?v=fd09ac8d:271
[ 2266285ms] [LOG] %cssr%c %s: %s 
      background: #7f8c8d;
      border-radius: 0.5em;
      color: white;
      font-weight: bold;
      padding: 2px 0.5em;
      [nitro-runtime] request 0.039ms 
  at timeLogImpl (node:internal/console/constructor)
  at node:internal/console/constructor
  at timeLogImpl (node:internal/util/debuglog)
 @ http://0.0.0.0:3001/_nuxt/@fs/Users/andrejkoval/Dev/vivadzen/src/front/node_modules/consola/dist/browser.mjs?v=fd09ac8d:47
[ 2266285ms] [LOG] %cssr%c %s: %s 
      background: #7f8c8d;
      border-radius: 0.5em;
      color: white;
      font-weight: bold;
      padding: 2px 0.5em;
      [nitro-runtime] site-config:init 0.007ms 
  at timeLogImpl (node:internal/console/constructor)
  at node:internal/console/constructor
  at timeLogImpl (node:internal/util/debuglog)
 @ http://0.0.0.0:3001/_nuxt/@fs/Users/andrejkoval/Dev/vivadzen/src/front/node_modules/consola/dist/browser.mjs?v=fd09ac8d:47
[ 2266285ms] [LOG] %cssr%c %s: %s 
      background: #7f8c8d;
      border-radius: 0.5em;
      color: white;
      font-weight: bold;
      padding: 2px 0.5em;
      [nitro-runtime] render:before 0.003ms 
  at timeLogImpl (node:internal/console/constructor)
  at node:internal/console/constructor
  at timeLogImpl (node:internal/util/debuglog)
 @ http://0.0.0.0:3001/_nuxt/@fs/Users/andrejkoval/Dev/vivadzen/src/front/node_modules/consola/dist/browser.mjs?v=fd09ac8d:47
[ 2266285ms] [LOG] %cssr%c %s: %s 
      background: #7f8c8d;
      border-radius: 0.5em;
      color: white;
      font-weight: bold;
      padding: 2px 0.5em;
      [nuxt-app] i18n:beforeLocaleSwitch 0.008ms 
  at timeLogImpl (node:internal/console/constructor)
  at node:internal/console/constructor
  at timeLogImpl (node:internal/util/debuglog)
 @ http://0.0.0.0:3001/_nuxt/@fs/Users/andrejkoval/Dev/vivadzen/src/front/node_modules/consola/dist/browser.mjs?v=fd09ac8d:47
[ 2266285ms] [LOG] %cssr%c %s: %s 
      background: #7f8c8d;
      border-radius: 0.5em;
      color: white;
      font-weight: bold;
      padding: 2px 0.5em;
      [nuxt-app] page:loading:start 0.002ms 
  at timeLogImpl (node:internal/console/constructor)
  at node:internal/console/constructor
  at timeLogImpl (node:internal/util/debuglog)
 @ http://0.0.0.0:3001/_nuxt/@fs/Users/andrejkoval/Dev/vivadzen/src/front/node_modules/consola/dist/browser.mjs?v=fd09ac8d:47
[ 2266285ms] [LOG] %cssr%c %s: %s 
      background: #7f8c8d;
      border-radius: 0.5em;
      color: white;
      font-weight: bold;
      padding: 2px 0.5em;
      [nuxt-app] i18n:beforeLocaleSwitch 0.006ms 
  at timeLogImpl (node:internal/console/constructor)
  at node:internal/console/constructor
  at timeLogImpl (node:internal/util/debuglog)
 @ http://0.0.0.0:3001/_nuxt/@fs/Users/andrejkoval/Dev/vivadzen/src/front/node_modules/consola/dist/browser.mjs?v=fd09ac8d:47
[ 2266285ms] [LOG] %cssr%c %s: %s 
      background: #7f8c8d;
      border-radius: 0.5em;
      color: white;
      font-weight: bold;
      padding: 2px 0.5em;
      [nuxt-app] app:created 4.72ms 
  at timeLogImpl (node:internal/console/constructor)
  at node:internal/console/constructor
  at timeLogImpl (node:internal/util/debuglog)
 @ http://0.0.0.0:3001/_nuxt/@fs/Users/andrejkoval/Dev/vivadzen/src/front/node_modules/consola/dist/browser.mjs?v=fd09ac8d:47
[ 2266285ms] [LOG] %cssr%c %s: %s 
      background: #7f8c8d;
      border-radius: 0.5em;
      color: white;
      font-weight: bold;
      padding: 2px 0.5em;
      [nuxt-app] vue:setup 0.001ms 
  at timeLogImpl (node:internal/console/constructor)
  at node:internal/console/constructor
  at timeLogImpl (node:internal/util/debuglog)
 @ http://0.0.0.0:3001/_nuxt/@fs/Users/andrejkoval/Dev/vivadzen/src/front/node_modules/consola/dist/browser.mjs?v=fd09ac8d:47
[ 2266285ms] [WARNING] %cssr:warn%c [intlify] Not found 'logo_alt' key in 'en' locale messages. 
      background: #f39c12;
      border-radius: 0.5em;
      color: white;
      font-weight: bold;
      padding: 2px 0.5em;
      
  at warn (/Users/andrejkoval/Dev/vivadzen/src/front/node_modules/@intlify/shared/dist/shared.mjs)
  at handleMissing (/Users/andrejkoval/Dev/vivadzen/src/front/node_modules/@intlify/core-base/dist/core-base.mjs)
  at resolveMessageFormat (/Users/andrejkoval/Dev/vivadzen/src/front/node_modules/@intlify/core-base/dist/core-base.mjs)
 @ http://0.0.0.0:3001/_nuxt/@fs/Users/andrejkoval/Dev/vivadzen/src/front/node_modules/consola/dist/browser.mjs?v=fd09ac8d:47
[ 2266285ms] [WARNING] %cssr:warn%c [intlify] Fall back to translate 'logo_alt' key with 'cs' locale. 
      background: #f39c12;
      border-radius: 0.5em;
      color: white;
      font-weight: bold;
      padding: 2px 0.5em;
      
  at warn (/Users/andrejkoval/Dev/vivadzen/src/front/node_modules/@intlify/shared/dist/shared.mjs)
  at resolveMessageFormat (/Users/andrejkoval/Dev/vivadzen/src/front/node_modules/@intlify/core-base/dist/core-base.mjs)
  at translate (/Users/andrejkoval/Dev/vivadzen/src/front/node_modules/@intlify/core-base/dist/core-base.mjs)
 @ http://0.0.0.0:3001/_nuxt/@fs/Users/andrejkoval/Dev/vivadzen/src/front/node_modules/consola/dist/browser.mjs?v=fd09ac8d:47
[ 2266285ms] [WARNING] %cssr:warn%c [intlify] Not found 'logo_alt' key in 'cs' locale messages. 
      background: #f39c12;
      border-radius: 0.5em;
      color: white;
      font-weight: bold;
      padding: 2px 0.5em;
      
  at warn (/Users/andrejkoval/Dev/vivadzen/src/front/node_modules/@intlify/shared/dist/shared.mjs)
  at handleMissing (/Users/andrejkoval/Dev/vivadzen/src/front/node_modules/@intlify/core-base/dist/core-base.mjs)
  at resolveMessageFormat (/Users/andrejkoval/Dev/vivadzen/src/front/node_modules/@intlify/core-base/dist/core-base.mjs)
 @ http://0.0.0.0:3001/_nuxt/@fs/Users/andrejkoval/Dev/vivadzen/src/front/node_modules/consola/dist/browser.mjs?v=fd09ac8d:47
[ 2266285ms] [WARNING] %cssr:warn%c [intlify] Fall back to translate 'logo_alt' with root locale. 
      background: #f39c12;
      border-radius: 0.5em;
      color: white;
      font-weight: bold;
      padding: 2px 0.5em;
      
  at warn (/Users/andrejkoval/Dev/vivadzen/src/front/node_modules/@intlify/shared/dist/shared.mjs)
  at wrapWithDeps (/Users/andrejkoval/Dev/vivadzen/src/front/node_modules/vue-i18n/dist/vue-i18n.mjs)
  at Proxy.t (/Users/andrejkoval/Dev/vivadzen/src/front/node_modules/vue-i18n/dist/vue-i18n.mjs)
 @ http://0.0.0.0:3001/_nuxt/@fs/Users/andrejkoval/Dev/vivadzen/src/front/node_modules/consola/dist/browser.mjs?v=fd09ac8d:47
[ 2266285ms] [WARNING] %cssr:warn%c [intlify] Not found 'logo_alt' key in 'en' locale messages. 
      background: #f39c12;
      border-radius: 0.5em;
      color: white;
      font-weight: bold;
      padding: 2px 0.5em;
      
  at warn (/Users/andrejkoval/Dev/vivadzen/src/front/node_modules/@intlify/shared/dist/shared.mjs)
  at handleMissing (/Users/andrejkoval/Dev/vivadzen/src/front/node_modules/@intlify/core-base/dist/core-base.mjs)
  at resolveMessageFormat (/Users/andrejkoval/Dev/vivadzen/src/front/node_modules/@intlify/core-base/dist/core-base.mjs)
 @ http://0.0.0.0:3001/_nuxt/@fs/Users/andrejkoval/Dev/vivadzen/src/front/node_modules/consola/dist/browser.mjs?v=fd09ac8d:47
[ 2266285ms] [WARNING] %cssr:warn%c [intlify] Fall back to translate 'logo_alt' key with 'cs' locale. 
      background: #f39c12;
      border-radius: 0.5em;
      color: white;
      font-weight: bold;
      padding: 2px 0.5em;
      
  at warn (/Users/andrejkoval/Dev/vivadzen/src/front/node_modules/@intlify/shared/dist/shared.mjs)
  at resolveMessageFormat (/Users/andrejkoval/Dev/vivadzen/src/front/node_modules/@intlify/core-base/dist/core-base.mjs)
  at translate (/Users/andrejkoval/Dev/vivadzen/src/front/node_modules/@intlify/core-base/dist/core-base.mjs)
 @ http://0.0.0.0:3001/_nuxt/@fs/Users/andrejkoval/Dev/vivadzen/src/front/node_modules/consola/dist/browser.mjs?v=fd09ac8d:47
[ 2266285ms] [WARNING] %cssr:warn%c [intlify] Not found 'logo_alt' key in 'cs' locale messages. 
      background: #f39c12;
      border-radius: 0.5em;
      color: white;
      font-weight: bold;
      padding: 2px 0.5em;
      
  at warn (/Users/andrejkoval/Dev/vivadzen/src/front/node_modules/@intlify/shared/dist/shared.mjs)
  at handleMissing (/Users/andrejkoval/Dev/vivadzen/src/front/node_modules/@intlify/core-base/dist/core-base.mjs)
  at resolveMessageFormat (/Users/andrejkoval/Dev/vivadzen/src/front/node_modules/@intlify/core-base/dist/core-base.mjs)
 @ http://0.0.0.0:3001/_nuxt/@fs/Users/andrejkoval/Dev/vivadzen/src/front/node_modules/consola/dist/browser.mjs?v=fd09ac8d:47
[ 2266286ms] [WARNING] %cssr:warn%c [intlify] Not found 'title.cart' key in 'en' locale messages. 
      background: #f39c12;
      border-radius: 0.5em;
      color: white;
      font-weight: bold;
      padding: 2px 0.5em;
      
  at warn (/Users/andrejkoval/Dev/vivadzen/src/front/node_modules/@intlify/shared/dist/shared.mjs)
  at handleMissing (/Users/andrejkoval/Dev/vivadzen/src/front/node_modules/@intlify/core-base/dist/core-base.mjs)
  at resolveMessageFormat (/Users/andrejkoval/Dev/vivadzen/src/front/node_modules/@intlify/core-base/dist/core-base.mjs)
 @ http://0.0.0.0:3001/_nuxt/@fs/Users/andrejkoval/Dev/vivadzen/src/front/node_modules/consola/dist/browser.mjs?v=fd09ac8d:47
[ 2266286ms] [WARNING] %cssr:warn%c [intlify] Fall back to translate 'title.cart' key with 'cs' locale. 
      background: #f39c12;
      border-radius: 0.5em;
      color: white;
      font-weight: bold;
      padding: 2px 0.5em;
      
  at warn (/Users/andrejkoval/Dev/vivadzen/src/front/node_modules/@intlify/shared/dist/shared.mjs)
  at resolveMessageFormat (/Users/andrejkoval/Dev/vivadzen/src/front/node_modules/@intlify/core-base/dist/core-base.mjs)
  at translate (/Users/andrejkoval/Dev/vivadzen/src/front/node_modules/@intlify/core-base/dist/core-base.mjs)
 @ http://0.0.0.0:3001/_nuxt/@fs/Users/andrejkoval/Dev/vivadzen/src/front/node_modules/consola/dist/browser.mjs?v=fd09ac8d:47
[ 2266286ms] [WARNING] %cssr:warn%c [intlify] Not found 'title.cart' key in 'cs' locale messages. 
      background: #f39c12;
      border-radius: 0.5em;
      color: white;
      font-weight: bold;
      padding: 2px 0.5em;
      
  at warn (/Users/andrejkoval/Dev/vivadzen/src/front/node_modules/@intlify/shared/dist/shared.mjs)
  at handleMissing (/Users/andrejkoval/Dev/vivadzen/src/front/node_modules/@intlify/core-base/dist/core-base.mjs)
  at resolveMessageFormat (/Users/andrejkoval/Dev/vivadzen/src/front/node_modules/@intlify/core-base/dist/core-base.mjs)
 @ http://0.0.0.0:3001/_nuxt/@fs/Users/andrejkoval/Dev/vivadzen/src/front/node_modules/consola/dist/browser.mjs?v=fd09ac8d:47
[ 2266286ms] [WARNING] %cssr:warn%c [intlify] Fall back to translate 'title.cart' with root locale. 
      background: #f39c12;
      border-radius: 0.5em;
      color: white;
      font-weight: bold;
      padding: 2px 0.5em;
      
  at warn (/Users/andrejkoval/Dev/vivadzen/src/front/node_modules/@intlify/shared/dist/shared.mjs)
  at wrapWithDeps (/Users/andrejkoval/Dev/vivadzen/src/front/node_modules/vue-i18n/dist/vue-i18n.mjs)
  at Proxy.t (/Users/andrejkoval/Dev/vivadzen/src/front/node_modules/vue-i18n/dist/vue-i18n.mjs)
 @ http://0.0.0.0:3001/_nuxt/@fs/Users/andrejkoval/Dev/vivadzen/src/front/node_modules/consola/dist/browser.mjs?v=fd09ac8d:47
[ 2266286ms] [WARNING] %cssr:warn%c [intlify] Not found parent scope. use the global scope. 
      background: #f39c12;
      border-radius: 0.5em;
      color: white;
      font-weight: bold;
      padding: 2px 0.5em;
      
  at warn (/Users/andrejkoval/Dev/vivadzen/src/front/node_modules/@intlify/shared/dist/shared.mjs)
  at useI18n (/Users/andrejkoval/Dev/vivadzen/src/front/node_modules/vue-i18n/dist/vue-i18n.mjs)
  at setup (/Users/andrejkoval/Dev/vivadzen/src/front/node_modules/vue-i18n/dist/vue-i18n.mjs)
 @ http://0.0.0.0:3001/_nuxt/@fs/Users/andrejkoval/Dev/vivadzen/src/front/node_modules/consola/dist/browser.mjs?v=fd09ac8d:47
[ 2266286ms] [WARNING] %cssr:warn%c [intlify] Not found parent scope. use the global scope. 
      background: #f39c12;
      border-radius: 0.5em;
      color: white;
      font-weight: bold;
      padding: 2px 0.5em;
      
  at warn (/Users/andrejkoval/Dev/vivadzen/src/front/node_modules/@intlify/shared/dist/shared.mjs)
  at useI18n (/Users/andrejkoval/Dev/vivadzen/src/front/node_modules/vue-i18n/dist/vue-i18n.mjs)
  at setup (/Users/andrejkoval/Dev/vivadzen/src/front/node_modules/vue-i18n/dist/vue-i18n.mjs)
 @ http://0.0.0.0:3001/_nuxt/@fs/Users/andrejkoval/Dev/vivadzen/src/front/node_modules/consola/dist/browser.mjs?v=fd09ac8d:47
[ 2266286ms] [WARNING] %cssr:warn%c [intlify] Not found parent scope. use the global scope. 
      background: #f39c12;
      border-radius: 0.5em;
      color: white;
      font-weight: bold;
      padding: 2px 0.5em;
      
  at warn (/Users/andrejkoval/Dev/vivadzen/src/front/node_modules/@intlify/shared/dist/shared.mjs)
  at useI18n (/Users/andrejkoval/Dev/vivadzen/src/front/node_modules/vue-i18n/dist/vue-i18n.mjs)
  at setup (/Users/andrejkoval/Dev/vivadzen/src/front/node_modules/vue-i18n/dist/vue-i18n.mjs)
 @ http://0.0.0.0:3001/_nuxt/@fs/Users/andrejkoval/Dev/vivadzen/src/front/node_modules/consola/dist/browser.mjs?v=fd09ac8d:47
[ 2266286ms] [WARNING] %cssr:warn%c [intlify] Not found parent scope. use the global scope. 
      background: #f39c12;
      border-radius: 0.5em;
      color: white;
      font-weight: bold;
      padding: 2px 0.5em;
      
  at warn (/Users/andrejkoval/Dev/vivadzen/src/front/node_modules/@intlify/shared/dist/shared.mjs)
  at useI18n (/Users/andrejkoval/Dev/vivadzen/src/front/node_modules/vue-i18n/dist/vue-i18n.mjs)
  at setup (/Users/andrejkoval/Dev/vivadzen/src/front/node_modules/vue-i18n/dist/vue-i18n.mjs)
 @ http://0.0.0.0:3001/_nuxt/@fs/Users/andrejkoval/Dev/vivadzen/src/front/node_modules/consola/dist/browser.mjs?v=fd09ac8d:47
[ 2266286ms] [WARNING] %cssr:warn%c [intlify] Not found parent scope. use the global scope. 
      background: #f39c12;
      border-radius: 0.5em;
      color: white;
      font-weight: bold;
      padding: 2px 0.5em;
      
  at warn (/Users/andrejkoval/Dev/vivadzen/src/front/node_modules/@intlify/shared/dist/shared.mjs)
  at useI18n (/Users/andrejkoval/Dev/vivadzen/src/front/node_modules/vue-i18n/dist/vue-i18n.mjs)
  at setup (/Users/andrejkoval/Dev/vivadzen/src/front/node_modules/vue-i18n/dist/vue-i18n.mjs)
 @ http://0.0.0.0:3001/_nuxt/@fs/Users/andrejkoval/Dev/vivadzen/src/front/node_modules/consola/dist/browser.mjs?v=fd09ac8d:47
[ 2266286ms] [WARNING] %cssr:warn%c [intlify] Not found parent scope. use the global scope. 
      background: #f39c12;
      border-radius: 0.5em;
      color: white;
      font-weight: bold;
      padding: 2px 0.5em;
      
  at timeLogImpl (node:internal/console/constructor)
  at node:internal/console/constructor
  at timeLogImpl (node:internal/util/debuglog)
 @ http://0.0.0.0:3001/_nuxt/@fs/Users/andrejkoval/Dev/vivadzen/src/front/node_modules/consola/dist/browser.mjs?v=fd09ac8d:47
[ 2266286ms] [LOG] %cssr%c %s: %s 
      background: #7f8c8d;
      border-radius: 0.5em;
      color: white;
      font-weight: bold;
      padding: 2px 0.5em;
      [nuxt-app] app:rendered 0.068ms 
  at timeLogImpl (node:internal/console/constructor)
  at node:internal/console/constructor
  at timeLogImpl (node:internal/util/debuglog)
 @ http://0.0.0.0:3001/_nuxt/@fs/Users/andrejkoval/Dev/vivadzen/src/front/node_modules/consola/dist/browser.mjs?v=fd09ac8d:47
[ 2266286ms] [LOG] %cssr%c %s: %s 
      background: #7f8c8d;
      border-radius: 0.5em;
      color: white;
      font-weight: bold;
      padding: 2px 0.5em;
      [nuxt-app] schema-org:meta 0.003ms 
  at timeLogImpl (node:internal/console/constructor)
  at node:internal/console/constructor
  at timeLogImpl (node:internal/util/debuglog)
 @ http://0.0.0.0:3001/_nuxt/@fs/Users/andrejkoval/Dev/vivadzen/src/front/node_modules/consola/dist/browser.mjs?v=fd09ac8d:47
[ 2266286ms] [LOG] [nuxt-app] dev:ssr-logs: 1.8779296875 ms [Array(27)] @ http://0.0.0.0:3001/_nuxt/@fs/Users/andrejkoval/Dev/vivadzen/src/front/node_modules/hookable/dist/index.mjs?v=fd09ac8d:271
[ 2266290ms] [LOG] [nuxt-app] page:loading:start: 0.123046875 ms [] @ http://0.0.0.0:3001/_nuxt/@fs/Users/andrejkoval/Dev/vivadzen/src/front/node_modules/hookable/dist/index.mjs?v=fd09ac8d:271
[ 2266304ms] [WARNING] Timer '[nuxt-app] i18n:beforeLocaleSwitch' already exists @ http://0.0.0.0:3001/_nuxt/@fs/Users/andrejkoval/Dev/vivadzen/src/front/node_modules/hookable/dist/index.mjs?v=fd09ac8d:261
[ 2266304ms] [LOG] [nuxt-app] i18n:beforeLocaleSwitch: 23.641845703125 ms [Object] @ http://0.0.0.0:3001/_nuxt/@fs/Users/andrejkoval/Dev/vivadzen/src/front/node_modules/hookable/dist/index.mjs?v=fd09ac8d:271
[ 2266305ms] [LOG] [nuxt-app] app:created: 15.697021484375 ms [Object] @ http://0.0.0.0:3001/_nuxt/@fs/Users/andrejkoval/Dev/vivadzen/src/front/node_modules/hookable/dist/index.mjs?v=fd09ac8d:271
[ 2266305ms] [LOG] [nuxt-app] app:beforeMount: 0.0419921875 ms [Object] @ http://0.0.0.0:3001/_nuxt/@fs/Users/andrejkoval/Dev/vivadzen/src/front/node_modules/hookable/dist/index.mjs?v=fd09ac8d:271
[ 2266306ms] [LOG] [nuxt-app] vue:setup: 0.072021484375 ms [] @ http://0.0.0.0:3001/_nuxt/@fs/Users/andrejkoval/Dev/vivadzen/src/front/node_modules/hookable/dist/index.mjs?v=fd09ac8d:271
[ 2266307ms] [INFO] <Suspense> is an experimental feature and its API will likely change. @ http://0.0.0.0:3001/_nuxt/@fs/Users/andrejkoval/Dev/vivadzen/src/front/node_modules/@vue/runtime-core/dist/runtime-core.esm-bundler.js?v=fd09ac8d:7155
[ 2266309ms] [LOG] [nuxt-app] app:mounted: 0.123046875 ms [Object] @ http://0.0.0.0:3001/_nuxt/@fs/Users/andrejkoval/Dev/vivadzen/src/front/node_modules/hookable/dist/index.mjs?v=fd09ac8d:271
[ 2266310ms] [LOG] [Content] WS connect to ws://localhost:4000/ws @ http://0.0.0.0:3001/_nuxt/@fs/Users/andrejkoval/Dev/vivadzen/src/front/node_modules/@nuxt/content/dist/runtime/composables/web-socket.js?v=fd09ac8d:4
[ 2266342ms] [LOG] [Content] WS connected! @ http://0.0.0.0:3001/_nuxt/@fs/Users/andrejkoval/Dev/vivadzen/src/front/node_modules/@nuxt/content/dist/runtime/composables/web-socket.js?v=fd09ac8d:4
[ 2266353ms] [WARNING] [intlify] Not found 'logo_alt' key in 'en' locale messages. @ http://0.0.0.0:3001/_nuxt/node_modules/.cache/vite/client/deps/chunk-LY4OWT6B.js?v=fd09ac8d:3
[ 2266354ms] [WARNING] [intlify] Fall back to translate 'logo_alt' key with 'cs' locale. @ http://0.0.0.0:3001/_nuxt/node_modules/.cache/vite/client/deps/chunk-LY4OWT6B.js?v=fd09ac8d:3
[ 2266354ms] [WARNING] [intlify] Not found 'logo_alt' key in 'cs' locale messages. @ http://0.0.0.0:3001/_nuxt/node_modules/.cache/vite/client/deps/chunk-LY4OWT6B.js?v=fd09ac8d:3
[ 2266354ms] [WARNING] [intlify] Fall back to translate 'logo_alt' with root locale. @ http://0.0.0.0:3001/_nuxt/node_modules/.cache/vite/client/deps/chunk-LY4OWT6B.js?v=fd09ac8d:3
[ 2266354ms] [WARNING] [intlify] Not found 'logo_alt' key in 'en' locale messages. @ http://0.0.0.0:3001/_nuxt/node_modules/.cache/vite/client/deps/chunk-LY4OWT6B.js?v=fd09ac8d:3
[ 2266354ms] [WARNING] [intlify] Fall back to translate 'logo_alt' key with 'cs' locale. @ http://0.0.0.0:3001/_nuxt/node_modules/.cache/vite/client/deps/chunk-LY4OWT6B.js?v=fd09ac8d:3
[ 2266355ms] [WARNING] [intlify] Not found 'logo_alt' key in 'cs' locale messages. @ http://0.0.0.0:3001/_nuxt/node_modules/.cache/vite/client/deps/chunk-LY4OWT6B.js?v=fd09ac8d:3
[ 2266356ms] [WARNING] [intlify] Not found 'title.cart' key in 'en' locale messages. @ http://0.0.0.0:3001/_nuxt/node_modules/.cache/vite/client/deps/chunk-LY4OWT6B.js?v=fd09ac8d:3
[ 2266356ms] [WARNING] [intlify] Fall back to translate 'title.cart' key with 'cs' locale. @ http://0.0.0.0:3001/_nuxt/node_modules/.cache/vite/client/deps/chunk-LY4OWT6B.js?v=fd09ac8d:3
[ 2266356ms] [WARNING] [intlify] Not found 'title.cart' key in 'cs' locale messages. @ http://0.0.0.0:3001/_nuxt/node_modules/.cache/vite/client/deps/chunk-LY4OWT6B.js?v=fd09ac8d:3
[ 2266356ms] [WARNING] [intlify] Fall back to translate 'title.cart' with root locale. @ http://0.0.0.0:3001/_nuxt/node_modules/.cache/vite/client/deps/chunk-LY4OWT6B.js?v=fd09ac8d:3
[ 2266361ms] [WARNING] [Vue warn]: Hydration style mismatch on JSHandle@node 
  - rendered on server: style="width:1em;height:1em;--c613ce94-iconUrl:url('https://api.iconify.design/iconoir/nav-arrow-down.svg');"
  - expected on client: style="width:1em;height:1em;"
  Note: this mismatch is check-only. The DOM will not be rectified in production due to performance overhead.
  You should fix the source of the mismatch. 
  at <IconCSS name="iconoir:nav-arrow-down" class="lang-switcher__chevron" > 
  at <Header> 
  at <Body style= {background: #f8f1e6} > 
  at <Html lang="en-US" dir="ltr" > 
  at <Default ref=Ref< undefined > > 
  at <AsyncComponentWrapper ref=Ref< undefined > > 
  at <LayoutLoader key="default" layoutProps= {ref: RefImpl} name="default" > 
  at <NuxtLayoutProvider layoutProps= {ref: RefImpl} key="default" name="default"  ... > 
  at <NuxtLayout> 
  at <App key=4 > 
  at <NuxtRoot> @ http://0.0.0.0:3001/_nuxt/@fs/Users/andrejkoval/Dev/vivadzen/src/front/node_modules/@vue/runtime-core/dist/runtime-core.esm-bundler.js?v=fd09ac8d:49
[ 2266361ms] [ERROR] Hydration completed but contains mismatches. @ http://0.0.0.0:3001/_nuxt/@fs/Users/andrejkoval/Dev/vivadzen/src/front/node_modules/@vue/runtime-core/dist/runtime-core.esm-bundler.js?v=fd09ac8d:1847
[ 2266361ms] [WARNING] [Vue warn]: Hydration style mismatch on JSHandle@node 
  - rendered on server: style="width:1em;height:1em;--c613ce94-iconUrl:url('https://api.iconify.design/ci/shopping-cart-01.svg');"
  - expected on client: style="width:1em;height:1em;"
  Note: this mismatch is check-only. The DOM will not be rectified in production due to performance overhead.
  You should fix the source of the mismatch. 
  at <IconCSS name="ci:shopping-cart-01" class="hero-header__cart-icon" > 
  at <Header> 
  at <Body style= {background: #f8f1e6} > 
  at <Html lang="en-US" dir="ltr" > 
  at <Default ref=Ref< undefined > > 
  at <AsyncComponentWrapper ref=Ref< undefined > > 
  at <LayoutLoader key="default" layoutProps= {ref: RefImpl} name="default" > 
  at <NuxtLayoutProvider layoutProps= {ref: RefImpl} key="default" name="default"  ... > 
  at <NuxtLayout> 
  at <App key=4 > 
  at <NuxtRoot> @ http://0.0.0.0:3001/_nuxt/@fs/Users/andrejkoval/Dev/vivadzen/src/front/node_modules/@vue/runtime-core/dist/runtime-core.esm-bundler.js?v=fd09ac8d:49
[ 2266362ms] [WARNING] [Vue warn]: Hydration style mismatch on JSHandle@node 
  - rendered on server: style="width:1em;height:1em;--c613ce94-iconUrl:url('https://api.iconify.design/mynaui/telephone-call.svg');"
  - expected on client: style="width:1em;height:1em;"
  Note: this mismatch is check-only. The DOM will not be rectified in production due to performance overhead.
  You should fix the source of the mismatch. 
  at <IconCSS name="mynaui:telephone-call" class="hero-mobile-menu__contact-icon" > 
  at <Header> 
  at <Body style= {background: #f8f1e6} > 
  at <Html lang="en-US" dir="ltr" > 
  at <Default ref=Ref< undefined > > 
  at <AsyncComponentWrapper ref=Ref< undefined > > 
  at <LayoutLoader key="default" layoutProps= {ref: RefImpl} name="default" > 
  at <NuxtLayoutProvider layoutProps= {ref: RefImpl} key="default" name="default"  ... > 
  at <NuxtLayout> 
  at <App key=4 > 
  at <NuxtRoot> @ http://0.0.0.0:3001/_nuxt/@fs/Users/andrejkoval/Dev/vivadzen/src/front/node_modules/@vue/runtime-core/dist/runtime-core.esm-bundler.js?v=fd09ac8d:49
[ 2266363ms] [WARNING] [Vue warn]: Hydration style mismatch on JSHandle@node 
  - rendered on server: style="width:1em;height:1em;--c613ce94-iconUrl:url('https://api.iconify.design/ic/round-alternate-email.svg');"
  - expected on client: style="width:1em;height:1em;"
  Note: this mismatch is check-only. The DOM will not be rectified in production due to performance overhead.
  You should fix the source of the mismatch. 
  at <IconCSS name="ic:round-alternate-email" class="hero-mobile-menu__contact-icon" > 
  at <Header> 
  at <Body style= {background: #f8f1e6} > 
  at <Html lang="en-US" dir="ltr" > 
  at <Default ref=Ref< undefined > > 
  at <AsyncComponentWrapper ref=Ref< undefined > > 
  at <LayoutLoader key="default" layoutProps= {ref: RefImpl} name="default" > 
  at <NuxtLayoutProvider layoutProps= {ref: RefImpl} key="default" name="default"  ... > 
  at <NuxtLayout> 
  at <App key=4 > 
  at <NuxtRoot> @ http://0.0.0.0:3001/_nuxt/@fs/Users/andrejkoval/Dev/vivadzen/src/front/node_modules/@vue/runtime-core/dist/runtime-core.esm-bundler.js?v=fd09ac8d:49
[ 2266363ms] [WARNING] [Vue warn]: Hydration style mismatch on JSHandle@node 
  - rendered on server: style="width:1em;height:1em;--c613ce94-iconUrl:url('https://api.iconify.design/mynaui/location.svg');"
  - expected on client: style="width:1em;height:1em;"
  Note: this mismatch is check-only. The DOM will not be rectified in production due to performance overhead.
  You should fix the source of the mismatch. 
  at <IconCSS name="mynaui:location" class="hero-mobile-menu__contact-icon" > 
  at <Header> 
  at <Body style= {background: #f8f1e6} > 
  at <Html lang="en-US" dir="ltr" > 
  at <Default ref=Ref< undefined > > 
  at <AsyncComponentWrapper ref=Ref< undefined > > 
  at <LayoutLoader key="default" layoutProps= {ref: RefImpl} name="default" > 
  at <NuxtLayoutProvider layoutProps= {ref: RefImpl} key="default" name="default"  ... > 
  at <NuxtLayout> 
  at <App key=4 > 
  at <NuxtRoot> @ http://0.0.0.0:3001/_nuxt/@fs/Users/andrejkoval/Dev/vivadzen/src/front/node_modules/@vue/runtime-core/dist/runtime-core.esm-bundler.js?v=fd09ac8d:49
[ 2266363ms] [WARNING] [Vue warn]: Hydration style mismatch on JSHandle@node 
  - rendered on server: style="width:1em;height:1em;--c613ce94-iconUrl:url('https://api.iconify.design/mynaui/clock-4.svg');"
  - expected on client: style="width:1em;height:1em;"
  Note: this mismatch is check-only. The DOM will not be rectified in production due to performance overhead.
  You should fix the source of the mismatch. 
  at <IconCSS name="mynaui:clock-4" class="hero-mobile-menu__contact-icon" > 
  at <Header> 
  at <Body style= {background: #f8f1e6} > 
  at <Html lang="en-US" dir="ltr" > 
  at <Default ref=Ref< undefined > > 
  at <AsyncComponentWrapper ref=Ref< undefined > > 
  at <LayoutLoader key="default" layoutProps= {ref: RefImpl} name="default" > 
  at <NuxtLayoutProvider layoutProps= {ref: RefImpl} key="default" name="default"  ... > 
  at <NuxtLayout> 
  at <App key=4 > 
  at <NuxtRoot> @ http://0.0.0.0:3001/_nuxt/@fs/Users/andrejkoval/Dev/vivadzen/src/front/node_modules/@vue/runtime-core/dist/runtime-core.esm-bundler.js?v=fd09ac8d:49
[ 2266367ms] [WARNING] [Vue warn]: Hydration style mismatch on JSHandle@node 
  - rendered on server: style="width:1em;height:1em;--c613ce94-iconUrl:url('https://api.iconify.design/ph/telegram-logo.svg');"
  - expected on client: style="width:1em;height:1em;"
  Note: this mismatch is check-only. The DOM will not be rectified in production due to performance overhead.
  You should fix the source of the mismatch. 
  at <IconCSS name="ph:telegram-logo" > 
  at <SiteFooter> 
  at <Body style= {background: #f8f1e6} > 
  at <Html lang="en-US" dir="ltr" > 
  at <Default ref=Ref< undefined > > 
  at <AsyncComponentWrapper ref=Ref< undefined > > 
  at <LayoutLoader key="default" layoutProps= {ref: RefImpl} name="default" > 
  at <NuxtLayoutProvider layoutProps= {ref: RefImpl} key="default" name="default"  ... > 
  at <NuxtLayout> 
  at <App key=4 > 
  at <NuxtRoot> @ http://0.0.0.0:3001/_nuxt/@fs/Users/andrejkoval/Dev/vivadzen/src/front/node_modules/@vue/runtime-core/dist/runtime-core.esm-bundler.js?v=fd09ac8d:49
[ 2266368ms] [WARNING] [Vue warn]: Hydration style mismatch on JSHandle@node 
  - rendered on server: style="width:1em;height:1em;--c613ce94-iconUrl:url('https://api.iconify.design/ph/whatsapp-logo.svg');"
  - expected on client: style="width:1em;height:1em;"
  Note: this mismatch is check-only. The DOM will not be rectified in production due to performance overhead.
  You should fix the source of the mismatch. 
  at <IconCSS name="ph:whatsapp-logo" > 
  at <SiteFooter> 
  at <Body style= {background: #f8f1e6} > 
  at <Html lang="en-US" dir="ltr" > 
  at <Default ref=Ref< undefined > > 
  at <AsyncComponentWrapper ref=Ref< undefined > > 
  at <LayoutLoader key="default" layoutProps= {ref: RefImpl} name="default" > 
  at <NuxtLayoutProvider layoutProps= {ref: RefImpl} key="default" name="default"  ... > 
  at <NuxtLayout> 
  at <App key=4 > 
  at <NuxtRoot> @ http://0.0.0.0:3001/_nuxt/@fs/Users/andrejkoval/Dev/vivadzen/src/front/node_modules/@vue/runtime-core/dist/runtime-core.esm-bundler.js?v=fd09ac8d:49
[ 2266368ms] [WARNING] [Vue warn]: Hydration style mismatch on JSHandle@node 
  - rendered on server: style="width:1em;height:1em;--c613ce94-iconUrl:url('https://api.iconify.design/iconoir/instagram.svg');"
  - expected on client: style="width:1em;height:1em;"
  Note: this mismatch is check-only. The DOM will not be rectified in production due to performance overhead.
  You should fix the source of the mismatch. 
  at <IconCSS name="iconoir:instagram" > 
  at <SiteFooter> 
  at <Body style= {background: #f8f1e6} > 
  at <Html lang="en-US" dir="ltr" > 
  at <Default ref=Ref< undefined > > 
  at <AsyncComponentWrapper ref=Ref< undefined > > 
  at <LayoutLoader key="default" layoutProps= {ref: RefImpl} name="default" > 
  at <NuxtLayoutProvider layoutProps= {ref: RefImpl} key="default" name="default"  ... > 
  at <NuxtLayout> 
  at <App key=4 > 
  at <NuxtRoot> @ http://0.0.0.0:3001/_nuxt/@fs/Users/andrejkoval/Dev/vivadzen/src/front/node_modules/@vue/runtime-core/dist/runtime-core.esm-bundler.js?v=fd09ac8d:49
[ 2266373ms] [WARNING] [intlify] Not found parent scope. use the global scope. @ http://0.0.0.0:3001/_nuxt/node_modules/.cache/vite/client/deps/chunk-LY4OWT6B.js?v=fd09ac8d:3
[ 2266374ms] [WARNING] [Vue warn]: Hydration style mismatch on JSHandle@node 
  - rendered on server: style="width:1em;height:1em;--c613ce94-iconUrl:url('https://api.iconify.design/ci/shopping-cart-01.svg');"
  - expected on client: style="width:1em;height:1em;"
  Note: this mismatch is check-only. The DOM will not be rectified in production due to performance overhead.
  You should fix the source of the mismatch. 
  at <IconCSS name="ci:shopping-cart-01" class="kratom-product-card__action-icon" > 
  at <ProductCard key=391 product= {id: 391, name: Green Rurut Nano kratom powder - 25g, slug: zeleny-rurut-nano-kratom-prasek-25g, price: 140.00, oldPrice: null} > 
  at <Index onVnodeUnmounted=fn<onVnodeUnmounted> ref=Ref< undefined > > 
  at <RouteProvider key="/en/catalog" vnode= {__v_isVNode: true, __v_skip: true, type: Object, props: Object, key: null} route= {fullPath: /en/catalog, hash: , query: Object, name: catalog___en, path: /en/catalog}  ... > 
  at <RouterView name=undefined route=undefined > 
  at <NuxtPage> 
  at <Body style= {background: #f8f1e6} > 
  at <Html lang="en-US" dir="ltr" > 
  at <Default ref=Ref< undefined > > 
  at <AsyncComponentWrapper ref=Ref< undefined > > 
  at <LayoutLoader key="default" layoutProps= {ref: RefImpl} name="default" > 
  at <NuxtLayoutProvider layoutProps= {ref: RefImpl} key="default" name="default"  ... > 
  at <NuxtLayout> 
  at <App key=4 > 
  at <NuxtRoot> @ http://0.0.0.0:3001/_nuxt/@fs/Users/andrejkoval/Dev/vivadzen/src/front/node_modules/@vue/runtime-core/dist/runtime-core.esm-bundler.js?v=fd09ac8d:49
[ 2266375ms] [WARNING] [intlify] Not found parent scope. use the global scope. @ http://0.0.0.0:3001/_nuxt/node_modules/.cache/vite/client/deps/chunk-LY4OWT6B.js?v=fd09ac8d:3
[ 2266375ms] [WARNING] [Vue warn]: Hydration style mismatch on JSHandle@node 
  - rendered on server: style="width:1em;height:1em;--c613ce94-iconUrl:url('https://api.iconify.design/ci/shopping-cart-01.svg');"
  - expected on client: style="width:1em;height:1em;"
  Note: this mismatch is check-only. The DOM will not be rectified in production due to performance overhead.
  You should fix the source of the mismatch. 
  at <IconCSS name="ci:shopping-cart-01" class="kratom-product-card__action-icon" > 
  at <ProductCard key=336 product= {id: 336, name: White Maeng Da Kratom powder, slug: bila-maeng-da-kratom-prasek-25g, price: 130.00, oldPrice: null} > 
  at <Index onVnodeUnmounted=fn<onVnodeUnmounted> ref=Ref< undefined > > 
  at <RouteProvider key="/en/catalog" vnode= {__v_isVNode: true, __v_skip: true, type: Object, props: Object, key: null} route= {fullPath: /en/catalog, hash: , query: Object, name: catalog___en, path: /en/catalog}  ... > 
  at <RouterView name=undefined route=undefined > 
  at <NuxtPage> 
  at <Body style= {background: #f8f1e6} > 
  at <Html lang="en-US" dir="ltr" > 
  at <Default ref=Ref< undefined > > 
  at <AsyncComponentWrapper ref=Ref< undefined > > 
  at <LayoutLoader key="default" layoutProps= {ref: RefImpl} name="default" > 
  at <NuxtLayoutProvider layoutProps= {ref: RefImpl} key="default" name="default"  ... > 
  at <NuxtLayout> 
  at <App key=4 > 
  at <NuxtRoot> @ http://0.0.0.0:3001/_nuxt/@fs/Users/andrejkoval/Dev/vivadzen/src/front/node_modules/@vue/runtime-core/dist/runtime-core.esm-bundler.js?v=fd09ac8d:49
[ 2266376ms] [WARNING] [intlify] Not found parent scope. use the global scope. @ http://0.0.0.0:3001/_nuxt/node_modules/.cache/vite/client/deps/chunk-LY4OWT6B.js?v=fd09ac8d:3
[ 2266377ms] [WARNING] [Vue warn]: Hydration style mismatch on JSHandle@node 
  - rendered on server: style="width:1em;height:1em;--c613ce94-iconUrl:url('https://api.iconify.design/ci/shopping-cart-01.svg');"
  - expected on client: style="width:1em;height:1em;"
  Note: this mismatch is check-only. The DOM will not be rectified in production due to performance overhead.
  You should fix the source of the mismatch. 
  at <IconCSS name="ci:shopping-cart-01" class="kratom-product-card__action-icon" > 
  at <ProductCard key=334 product= {id: 334, name: White Elephant Kratom powder, slug: bily-slon-kratom-prasek-25g, price: 140.00, oldPrice: null} > 
  at <Index onVnodeUnmounted=fn<onVnodeUnmounted> ref=Ref< undefined > > 
  at <RouteProvider key="/en/catalog" vnode= {__v_isVNode: true, __v_skip: true, type: Object, props: Object, key: null} route= {fullPath: /en/catalog, hash: , query: Object, name: catalog___en, path: /en/catalog}  ... > 
  at <RouterView name=undefined route=undefined > 
  at <NuxtPage> 
  at <Body style= {background: #f8f1e6} > 
  at <Html lang="en-US" dir="ltr" > 
  at <Default ref=Ref< undefined > > 
  at <AsyncComponentWrapper ref=Ref< undefined > > 
  at <LayoutLoader key="default" layoutProps= {ref: RefImpl} name="default" > 
  at <NuxtLayoutProvider layoutProps= {ref: RefImpl} key="default" name="default"  ... > 
  at <NuxtLayout> 
  at <App key=4 > 
  at <NuxtRoot> @ http://0.0.0.0:3001/_nuxt/@fs/Users/andrejkoval/Dev/vivadzen/src/front/node_modules/@vue/runtime-core/dist/runtime-core.esm-bundler.js?v=fd09ac8d:49
[ 2266378ms] [WARNING] [intlify] Not found parent scope. use the global scope. @ http://0.0.0.0:3001/_nuxt/node_modules/.cache/vite/client/deps/chunk-LY4OWT6B.js?v=fd09ac8d:3
[ 2266378ms] [WARNING] [Vue warn]: Hydration style mismatch on JSHandle@node 
  - rendered on server: style="width:1em;height:1em;--c613ce94-iconUrl:url('https://api.iconify.design/ci/shopping-cart-01.svg');"
  - expected on client: style="width:1em;height:1em;"
  Note: this mismatch is check-only. The DOM will not be rectified in production due to performance overhead.
  You should fix the source of the mismatch. 
  at <IconCSS name="ci:shopping-cart-01" class="kratom-product-card__action-icon" > 
  at <ProductCard key=333 product= {id: 333, name: Green Thai Kratom powder, slug: zeleny-thajsky-kratom-prasek-25g, price: 130.00, oldPrice: null} > 
  at <Index onVnodeUnmounted=fn<onVnodeUnmounted> ref=Ref< undefined > > 
  at <RouteProvider key="/en/catalog" vnode= {__v_isVNode: true, __v_skip: true, type: Object, props: Object, key: null} route= {fullPath: /en/catalog, hash: , query: Object, name: catalog___en, path: /en/catalog}  ... > 
  at <RouterView name=undefined route=undefined > 
  at <NuxtPage> 
  at <Body style= {background: #f8f1e6} > 
  at <Html lang="en-US" dir="ltr" > 
  at <Default ref=Ref< undefined > > 
  at <AsyncComponentWrapper ref=Ref< undefined > > 
  at <LayoutLoader key="default" layoutProps= {ref: RefImpl} name="default" > 
  at <NuxtLayoutProvider layoutProps= {ref: RefImpl} key="default" name="default"  ... > 
  at <NuxtLayout> 
  at <App key=4 > 
  at <NuxtRoot> @ http://0.0.0.0:3001/_nuxt/@fs/Users/andrejkoval/Dev/vivadzen/src/front/node_modules/@vue/runtime-core/dist/runtime-core.esm-bundler.js?v=fd09ac8d:49
[ 2266379ms] [WARNING] [intlify] Not found parent scope. use the global scope. @ http://0.0.0.0:3001/_nuxt/node_modules/.cache/vite/client/deps/chunk-LY4OWT6B.js?v=fd09ac8d:3
[ 2266380ms] [WARNING] [Vue warn]: Hydration style mismatch on JSHandle@node 
  - rendered on server: style="width:1em;height:1em;--c613ce94-iconUrl:url('https://api.iconify.design/ci/shopping-cart-01.svg');"
  - expected on client: style="width:1em;height:1em;"
  Note: this mismatch is check-only. The DOM will not be rectified in production due to performance overhead.
  You should fix the source of the mismatch. 
  at <IconCSS name="ci:shopping-cart-01" class="kratom-product-card__action-icon" > 
  at <ProductCard key=332 product= {id: 332, name: Red Maeng Da Kratom powder, slug: cervena-maeng-da-kratom-prasek-25g, price: 130.00, oldPrice: null} > 
  at <Index onVnodeUnmounted=fn<onVnodeUnmounted> ref=Ref< undefined > > 
  at <RouteProvider key="/en/catalog" vnode= {__v_isVNode: true, __v_skip: true, type: Object, props: Object, key: null} route= {fullPath: /en/catalog, hash: , query: Object, name: catalog___en, path: /en/catalog}  ... > 
  at <RouterView name=undefined route=undefined > 
  at <NuxtPage> 
  at <Body style= {background: #f8f1e6} > 
  at <Html lang="en-US" dir="ltr" > 
  at <Default ref=Ref< undefined > > 
  at <AsyncComponentWrapper ref=Ref< undefined > > 
  at <LayoutLoader key="default" layoutProps= {ref: RefImpl} name="default" > 
  at <NuxtLayoutProvider layoutProps= {ref: RefImpl} key="default" name="default"  ... > 
  at <NuxtLayout> 
  at <App key=4 > 
  at <NuxtRoot> @ http://0.0.0.0:3001/_nuxt/@fs/Users/andrejkoval/Dev/vivadzen/src/front/node_modules/@vue/runtime-core/dist/runtime-core.esm-bundler.js?v=fd09ac8d:49
[ 2266381ms] [WARNING] [intlify] Not found parent scope. use the global scope. @ http://0.0.0.0:3001/_nuxt/node_modules/.cache/vite/client/deps/chunk-LY4OWT6B.js?v=fd09ac8d:3
[ 2266381ms] [WARNING] [Vue warn]: Hydration style mismatch on JSHandle@node 
  - rendered on server: style="width:1em;height:1em;--c613ce94-iconUrl:url('https://api.iconify.design/ci/shopping-cart-01.svg');"
  - expected on client: style="width:1em;height:1em;"
  Note: this mismatch is check-only. The DOM will not be rectified in production due to performance overhead.
  You should fix the source of the mismatch. 
  at <IconCSS name="ci:shopping-cart-01" class="kratom-product-card__action-icon" > 
  at <ProductCard key=331 product= {id: 331, name: Green Maeng Da Kratom powder, slug: zelena-maeng-da-kratom-prasek-25g, price: 130.00, oldPrice: null} > 
  at <Index onVnodeUnmounted=fn<onVnodeUnmounted> ref=Ref< undefined > > 
  at <RouteProvider key="/en/catalog" vnode= {__v_isVNode: true, __v_skip: true, type: Object, props: Object, key: null} route= {fullPath: /en/catalog, hash: , query: Object, name: catalog___en, path: /en/catalog}  ... > 
  at <RouterView name=undefined route=undefined > 
  at <NuxtPage> 
  at <Body style= {background: #f8f1e6} > 
  at <Html lang="en-US" dir="ltr" > 
  at <Default ref=Ref< undefined > > 
  at <AsyncComponentWrapper ref=Ref< undefined > > 
  at <LayoutLoader key="default" layoutProps= {ref: RefImpl} name="default" > 
  at <NuxtLayoutProvider layoutProps= {ref: RefImpl} key="default" name="default"  ... > 
  at <NuxtLayout> 
  at <App key=4 > 
  at <NuxtRoot> @ http://0.0.0.0:3001/_nuxt/@fs/Users/andrejkoval/Dev/vivadzen/src/front/node_modules/@vue/runtime-core/dist/runtime-core.esm-bundler.js?v=fd09ac8d:49
[ 2266383ms] [LOG] [nuxt-app] page:finish: 1.43603515625 ms [Object] @ http://0.0.0.0:3001/_nuxt/@fs/Users/andrejkoval/Dev/vivadzen/src/front/node_modules/hookable/dist/index.mjs?v=fd09ac8d:271
[ 2266384ms] [LOG] [nuxt-app] page:loading:end: 0.47802734375 ms [] @ http://0.0.0.0:3001/_nuxt/@fs/Users/andrejkoval/Dev/vivadzen/src/front/node_modules/hookable/dist/index.mjs?v=fd09ac8d:271
[ 2266398ms] [WARNING] [intlify] Not found 'logo_alt' key in 'en' locale messages. @ http://0.0.0.0:3001/_nuxt/node_modules/.cache/vite/client/deps/chunk-LY4OWT6B.js?v=fd09ac8d:3
[ 2266398ms] [WARNING] [intlify] Fall back to translate 'logo_alt' key with 'cs' locale. @ http://0.0.0.0:3001/_nuxt/node_modules/.cache/vite/client/deps/chunk-LY4OWT6B.js?v=fd09ac8d:3
[ 2266399ms] [WARNING] [intlify] Not found 'logo_alt' key in 'cs' locale messages. @ http://0.0.0.0:3001/_nuxt/node_modules/.cache/vite/client/deps/chunk-LY4OWT6B.js?v=fd09ac8d:3
[ 2266399ms] [WARNING] [intlify] Fall back to translate 'logo_alt' with root locale. @ http://0.0.0.0:3001/_nuxt/node_modules/.cache/vite/client/deps/chunk-LY4OWT6B.js?v=fd09ac8d:3
[ 2266399ms] [WARNING] [intlify] Not found 'logo_alt' key in 'en' locale messages. @ http://0.0.0.0:3001/_nuxt/node_modules/.cache/vite/client/deps/chunk-LY4OWT6B.js?v=fd09ac8d:3
[ 2266399ms] [WARNING] [intlify] Fall back to translate 'logo_alt' key with 'cs' locale. @ http://0.0.0.0:3001/_nuxt/node_modules/.cache/vite/client/deps/chunk-LY4OWT6B.js?v=fd09ac8d:3
[ 2266399ms] [WARNING] [intlify] Not found 'logo_alt' key in 'cs' locale messages. @ http://0.0.0.0:3001/_nuxt/node_modules/.cache/vite/client/deps/chunk-LY4OWT6B.js?v=fd09ac8d:3
[ 2266400ms] [WARNING] [intlify] Not found 'title.cart' key in 'en' locale messages. @ http://0.0.0.0:3001/_nuxt/node_modules/.cache/vite/client/deps/chunk-LY4OWT6B.js?v=fd09ac8d:3
[ 2266400ms] [WARNING] [intlify] Fall back to translate 'title.cart' key with 'cs' locale. @ http://0.0.0.0:3001/_nuxt/node_modules/.cache/vite/client/deps/chunk-LY4OWT6B.js?v=fd09ac8d:3
[ 2266400ms] [WARNING] [intlify] Not found 'title.cart' key in 'cs' locale messages. @ http://0.0.0.0:3001/_nuxt/node_modules/.cache/vite/client/deps/chunk-LY4OWT6B.js?v=fd09ac8d:3
[ 2266400ms] [WARNING] [intlify] Fall back to translate 'title.cart' with root locale. @ http://0.0.0.0:3001/_nuxt/node_modules/.cache/vite/client/deps/chunk-LY4OWT6B.js?v=fd09ac8d:3
[ 2266403ms] [WARNING] [intlify] Not found 'logo_alt' key in 'en' locale messages. @ http://0.0.0.0:3001/_nuxt/node_modules/.cache/vite/client/deps/chunk-LY4OWT6B.js?v=fd09ac8d:3
[ 2266403ms] [WARNING] [intlify] Fall back to translate 'logo_alt' key with 'cs' locale. @ http://0.0.0.0:3001/_nuxt/node_modules/.cache/vite/client/deps/chunk-LY4OWT6B.js?v=fd09ac8d:3
[ 2266403ms] [WARNING] [intlify] Not found 'logo_alt' key in 'cs' locale messages. @ http://0.0.0.0:3001/_nuxt/node_modules/.cache/vite/client/deps/chunk-LY4OWT6B.js?v=fd09ac8d:3
[ 2266403ms] [WARNING] [intlify] Fall back to translate 'logo_alt' with root locale. @ http://0.0.0.0:3001/_nuxt/node_modules/.cache/vite/client/deps/chunk-LY4OWT6B.js?v=fd09ac8d:3
[ 2266404ms] [WARNING] [intlify] Not found 'logo_alt' key in 'en' locale messages. @ http://0.0.0.0:3001/_nuxt/node_modules/.cache/vite/client/deps/chunk-LY4OWT6B.js?v=fd09ac8d:3
[ 2266404ms] [WARNING] [intlify] Fall back to translate 'logo_alt' key with 'cs' locale. @ http://0.0.0.0:3001/_nuxt/node_modules/.cache/vite/client/deps/chunk-LY4OWT6B.js?v=fd09ac8d:3
[ 2266404ms] [WARNING] [intlify] Not found 'logo_alt' key in 'cs' locale messages. @ http://0.0.0.0:3001/_nuxt/node_modules/.cache/vite/client/deps/chunk-LY4OWT6B.js?v=fd09ac8d:3
[ 2266404ms] [WARNING] [intlify] Not found 'title.cart' key in 'en' locale messages. @ http://0.0.0.0:3001/_nuxt/node_modules/.cache/vite/client/deps/chunk-LY4OWT6B.js?v=fd09ac8d:3
[ 2266405ms] [WARNING] [intlify] Fall back to translate 'title.cart' key with 'cs' locale. @ http://0.0.0.0:3001/_nuxt/node_modules/.cache/vite/client/deps/chunk-LY4OWT6B.js?v=fd09ac8d:3
[ 2266405ms] [WARNING] [intlify] Not found 'title.cart' key in 'cs' locale messages. @ http://0.0.0.0:3001/_nuxt/node_modules/.cache/vite/client/deps/chunk-LY4OWT6B.js?v=fd09ac8d:3
[ 2266405ms] [WARNING] [intlify] Fall back to translate 'title.cart' with root locale. @ http://0.0.0.0:3001/_nuxt/node_modules/.cache/vite/client/deps/chunk-LY4OWT6B.js?v=fd09ac8d:3
[ 2266411ms] [LOG] [nuxt-app] schema-org:meta: 0.067138671875 ms [Object] @ http://0.0.0.0:3001/_nuxt/@fs/Users/andrejkoval/Dev/vivadzen/src/front/node_modules/hookable/dist/index.mjs?v=fd09ac8d:271
[ 2266412ms] [LOG] [nuxt-app] app:suspense:resolve: 10.551025390625 ms [] @ http://0.0.0.0:3001/_nuxt/@fs/Users/andrejkoval/Dev/vivadzen/src/front/node_modules/hookable/dist/index.mjs?v=fd09ac8d:271
[ 2266440ms] [LOG] [nuxt-app] link:prefetch: 1.94091796875 ms [/en/catalog] @ http://0.0.0.0:3001/_nuxt/@fs/Users/andrejkoval/Dev/vivadzen/src/front/node_modules/hookable/dist/index.mjs?v=fd09ac8d:271
[ 2266441ms] [LOG] [nuxt-app] link:prefetch : 1.971923828125 ms [/en/blog] @ http://0.0.0.0:3001/_nuxt/@fs/Users/andrejkoval/Dev/vivadzen/src/front/node_modules/hookable/dist/index.mjs?v=fd09ac8d:271
[ 2266441ms] [LOG] [nuxt-app] link:prefetch  : 1.916015625 ms [/en/about] @ http://0.0.0.0:3001/_nuxt/@fs/Users/andrejkoval/Dev/vivadzen/src/front/node_modules/hookable/dist/index.mjs?v=fd09ac8d:271
[ 2266441ms] [LOG] [nuxt-app] link:prefetch   : 1.944091796875 ms [/en/contacts] @ http://0.0.0.0:3001/_nuxt/@fs/Users/andrejkoval/Dev/vivadzen/src/front/node_modules/hookable/dist/index.mjs?v=fd09ac8d:271
[ 2266441ms] [LOG] [nuxt-app] link:prefetch    : 1.764892578125 ms [/en/zeleny-rurut-nano-kratom-prasek-25g] @ http://0.0.0.0:3001/_nuxt/@fs/Users/andrejkoval/Dev/vivadzen/src/front/node_modules/hookable/dist/index.mjs?v=fd09ac8d:271
[ 2266441ms] [LOG] [nuxt-app] link:prefetch     : 1.7861328125 ms [/en/zeleny-rurut-nano-kratom-prasek-25g] @ http://0.0.0.0:3001/_nuxt/@fs/Users/andrejkoval/Dev/vivadzen/src/front/node_modules/hookable/dist/index.mjs?v=fd09ac8d:271
[ 2266441ms] [LOG] [nuxt-app] link:prefetch      : 1.8759765625 ms [/en/bila-maeng-da-kratom-prasek-25g] @ http://0.0.0.0:3001/_nuxt/@fs/Users/andrejkoval/Dev/vivadzen/src/front/node_modules/hookable/dist/index.mjs?v=fd09ac8d:271
[ 2266441ms] [LOG] [nuxt-app] link:prefetch       : 1.942138671875 ms [/en/bila-maeng-da-kratom-prasek-25g] @ http://0.0.0.0:3001/_nuxt/@fs/Users/andrejkoval/Dev/vivadzen/src/front/node_modules/hookable/dist/index.mjs?v=fd09ac8d:271
[ 2266441ms] [LOG] [nuxt-app] link:prefetch        : 2.04296875 ms [/en/bily-slon-kratom-prasek-25g] @ http://0.0.0.0:3001/_nuxt/@fs/Users/andrejkoval/Dev/vivadzen/src/front/node_modules/hookable/dist/index.mjs?v=fd09ac8d:271
[ 2266442ms] [LOG] [nuxt-app] link:prefetch         : 2.109130859375 ms [/en/bily-slon-kratom-prasek-25g] @ http://0.0.0.0:3001/_nuxt/@fs/Users/andrejkoval/Dev/vivadzen/src/front/node_modules/hookable/dist/index.mjs?v=fd09ac8d:271
[ 2266442ms] [LOG] [nuxt-app] link:prefetch          : 2.198974609375 ms [/en/zeleny-thajsky-kratom-prasek-25g] @ http://0.0.0.0:3001/_nuxt/@fs/Users/andrejkoval/Dev/vivadzen/src/front/node_modules/hookable/dist/index.mjs?v=fd09ac8d:271
[ 2266442ms] [LOG] [nuxt-app] link:prefetch           : 2.275146484375 ms [/en/zeleny-thajsky-kratom-prasek-25g] @ http://0.0.0.0:3001/_nuxt/@fs/Users/andrejkoval/Dev/vivadzen/src/front/node_modules/hookable/dist/index.mjs?v=fd09ac8d:271
[ 2266442ms] [LOG] [nuxt-app] link:prefetch            : 2.35107421875 ms [/en/cervena-maeng-da-kratom-prasek-25g] @ http://0.0.0.0:3001/_nuxt/@fs/Users/andrejkoval/Dev/vivadzen/src/front/node_modules/hookable/dist/index.mjs?v=fd09ac8d:271
[ 2266442ms] [LOG] [nuxt-app] link:prefetch             : 2.426025390625 ms [/en/cervena-maeng-da-kratom-prasek-25g] @ http://0.0.0.0:3001/_nuxt/@fs/Users/andrejkoval/Dev/vivadzen/src/front/node_modules/hookable/dist/index.mjs?v=fd09ac8d:271
[ 2266442ms] [LOG] [nuxt-app] link:prefetch              : 2.508056640625 ms [/en/zelena-maeng-da-kratom-prasek-25g] @ http://0.0.0.0:3001/_nuxt/@fs/Users/andrejkoval/Dev/vivadzen/src/front/node_modules/hookable/dist/index.mjs?v=fd09ac8d:271
[ 2266442ms] [LOG] [nuxt-app] link:prefetch               : 2.581787109375 ms [/en/zelena-maeng-da-kratom-prasek-25g] @ http://0.0.0.0:3001/_nuxt/@fs/Users/andrejkoval/Dev/vivadzen/src/front/node_modules/hookable/dist/index.mjs?v=fd09ac8d:271
[ 2267369ms] [LOG] [nuxt-delay-hydration] Hydration event MouseEvent @ http://0.0.0.0:3001/en/catalog:135
[ 2834864ms] [LOG] [nuxt-delay-hydration] Hydration event MouseEvent @ http://0.0.0.0:3001/en/catalog:135
[ 2835005ms] [LOG] [nuxt-app] i18n:beforeLocaleSwitch: 0.186767578125 ms [Object] @ http://0.0.0.0:3001/_nuxt/@fs/Users/andrejkoval/Dev/vivadzen/src/front/node_modules/hookable/dist/index.mjs?v=fd09ac8d:271
[ 2835012ms] [LOG] %cssr%c %s: %s 
      background: #7f8c8d;
      border-radius: 0.5em;
      color: white;
      font-weight: bold;
      padding: 2px 0.5em;
      [nitro-runtime] request 0.17ms 
  at timeLogImpl (node:internal/console/constructor)
  at node:internal/console/constructor
  at timeLogImpl (node:internal/util/debuglog)
 @ http://0.0.0.0:3001/_nuxt/@fs/Users/andrejkoval/Dev/vivadzen/src/front/node_modules/consola/dist/browser.mjs?v=fd09ac8d:47
[ 2835012ms] [LOG] %cssr%c %s: %s 
      background: #7f8c8d;
      border-radius: 0.5em;
      color: white;
      font-weight: bold;
      padding: 2px 0.5em;
      [nitro-runtime] site-config:init 0.019ms 
  at timeLogImpl (node:internal/console/constructor)
  at node:internal/console/constructor
  at timeLogImpl (node:internal/util/debuglog)
 @ http://0.0.0.0:3001/_nuxt/@fs/Users/andrejkoval/Dev/vivadzen/src/front/node_modules/consola/dist/browser.mjs?v=fd09ac8d:47
[ 2835012ms] [LOG] %cssr%c %s: %s 
      background: #7f8c8d;
      border-radius: 0.5em;
      color: white;
      font-weight: bold;
      padding: 2px 0.5em;
      [nitro-runtime] render:before 0.005ms 
  at timeLogImpl (node:internal/console/constructor)
  at node:internal/console/constructor
  at timeLogImpl (node:internal/util/debuglog)
 @ http://0.0.0.0:3001/_nuxt/@fs/Users/andrejkoval/Dev/vivadzen/src/front/node_modules/consola/dist/browser.mjs?v=fd09ac8d:47
[ 2835012ms] [LOG] %cssr%c %s: %s 
      background: #7f8c8d;
      border-radius: 0.5em;
      color: white;
      font-weight: bold;
      padding: 2px 0.5em;
      [nuxt-app] i18n:beforeLocaleSwitch 0.013ms 
  at timeLogImpl (node:internal/console/constructor)
  at node:internal/console/constructor
  at timeLogImpl (node:internal/util/debuglog)
 @ http://0.0.0.0:3001/_nuxt/@fs/Users/andrejkoval/Dev/vivadzen/src/front/node_modules/consola/dist/browser.mjs?v=fd09ac8d:47
[ 2835012ms] [LOG] %cssr%c %s: %s 
      background: #7f8c8d;
      border-radius: 0.5em;
      color: white;
      font-weight: bold;
      padding: 2px 0.5em;
      [nuxt-app] page:loading:start 0.004ms 
  at timeLogImpl (node:internal/console/constructor)
  at node:internal/console/constructor
  at timeLogImpl (node:internal/util/debuglog)
 @ http://0.0.0.0:3001/_nuxt/@fs/Users/andrejkoval/Dev/vivadzen/src/front/node_modules/consola/dist/browser.mjs?v=fd09ac8d:47
[ 2835012ms] [LOG] %cssr%c %s: %s 
      background: #7f8c8d;
      border-radius: 0.5em;
      color: white;
      font-weight: bold;
      padding: 2px 0.5em;
      [nuxt-app] i18n:beforeLocaleSwitch 0.005ms 
  at timeLogImpl (node:internal/console/constructor)
  at node:internal/console/constructor
  at timeLogImpl (node:internal/util/debuglog)
 @ http://0.0.0.0:3001/_nuxt/@fs/Users/andrejkoval/Dev/vivadzen/src/front/node_modules/consola/dist/browser.mjs?v=fd09ac8d:47
[ 2835013ms] [LOG] %cssr%c %s: %s 
      background: #7f8c8d;
      border-radius: 0.5em;
      color: white;
      font-weight: bold;
      padding: 2px 0.5em;
      [nuxt-app] app:created 4.243ms 
  at timeLogImpl (node:internal/console/constructor)
  at node:internal/console/constructor
  at timeLogImpl (node:internal/util/debuglog)
 @ http://0.0.0.0:3001/_nuxt/@fs/Users/andrejkoval/Dev/vivadzen/src/front/node_modules/consola/dist/browser.mjs?v=fd09ac8d:47
[ 2835014ms] [LOG] %cssr%c %s: %s 
      background: #7f8c8d;
      border-radius: 0.5em;
      color: white;
      font-weight: bold;
      padding: 2px 0.5em;
      [nuxt-app] vue:setup 0.002ms 
  at timeLogImpl (node:internal/console/constructor)
  at node:internal/console/constructor
  at timeLogImpl (node:internal/util/debuglog)
 @ http://0.0.0.0:3001/_nuxt/@fs/Users/andrejkoval/Dev/vivadzen/src/front/node_modules/consola/dist/browser.mjs?v=fd09ac8d:47
[ 2835014ms] [WARNING] %cssr:warn%c [intlify] Not found 'logo_alt' key in 'en' locale messages. 
      background: #f39c12;
      border-radius: 0.5em;
      color: white;
      font-weight: bold;
      padding: 2px 0.5em;
      
  at warn (/Users/andrejkoval/Dev/vivadzen/src/front/node_modules/@intlify/shared/dist/shared.mjs)
  at handleMissing (/Users/andrejkoval/Dev/vivadzen/src/front/node_modules/@intlify/core-base/dist/core-base.mjs)
  at resolveMessageFormat (/Users/andrejkoval/Dev/vivadzen/src/front/node_modules/@intlify/core-base/dist/core-base.mjs)
 @ http://0.0.0.0:3001/_nuxt/@fs/Users/andrejkoval/Dev/vivadzen/src/front/node_modules/consola/dist/browser.mjs?v=fd09ac8d:47
[ 2835014ms] [WARNING] %cssr:warn%c [intlify] Fall back to translate 'logo_alt' key with 'cs' locale. 
      background: #f39c12;
      border-radius: 0.5em;
      color: white;
      font-weight: bold;
      padding: 2px 0.5em;
      
  at warn (/Users/andrejkoval/Dev/vivadzen/src/front/node_modules/@intlify/shared/dist/shared.mjs)
  at resolveMessageFormat (/Users/andrejkoval/Dev/vivadzen/src/front/node_modules/@intlify/core-base/dist/core-base.mjs)
  at translate (/Users/andrejkoval/Dev/vivadzen/src/front/node_modules/@intlify/core-base/dist/core-base.mjs)
 @ http://0.0.0.0:3001/_nuxt/@fs/Users/andrejkoval/Dev/vivadzen/src/front/node_modules/consola/dist/browser.mjs?v=fd09ac8d:47
[ 2835014ms] [WARNING] %cssr:warn%c [intlify] Not found 'logo_alt' key in 'cs' locale messages. 
      background: #f39c12;
      border-radius: 0.5em;
      color: white;
      font-weight: bold;
      padding: 2px 0.5em;
      
  at warn (/Users/andrejkoval/Dev/vivadzen/src/front/node_modules/@intlify/shared/dist/shared.mjs)
  at handleMissing (/Users/andrejkoval/Dev/vivadzen/src/front/node_modules/@intlify/core-base/dist/core-base.mjs)
  at resolveMessageFormat (/Users/andrejkoval/Dev/vivadzen/src/front/node_modules/@intlify/core-base/dist/core-base.mjs)
 @ http://0.0.0.0:3001/_nuxt/@fs/Users/andrejkoval/Dev/vivadzen/src/front/node_modules/consola/dist/browser.mjs?v=fd09ac8d:47
[ 2835014ms] [WARNING] %cssr:warn%c [intlify] Fall back to translate 'logo_alt' with root locale. 
      background: #f39c12;
      border-radius: 0.5em;
      color: white;
      font-weight: bold;
      padding: 2px 0.5em;
      
  at warn (/Users/andrejkoval/Dev/vivadzen/src/front/node_modules/@intlify/shared/dist/shared.mjs)
  at wrapWithDeps (/Users/andrejkoval/Dev/vivadzen/src/front/node_modules/vue-i18n/dist/vue-i18n.mjs)
  at Proxy.t (/Users/andrejkoval/Dev/vivadzen/src/front/node_modules/vue-i18n/dist/vue-i18n.mjs)
 @ http://0.0.0.0:3001/_nuxt/@fs/Users/andrejkoval/Dev/vivadzen/src/front/node_modules/consola/dist/browser.mjs?v=fd09ac8d:47
[ 2835014ms] [WARNING] %cssr:warn%c [intlify] Not found 'logo_alt' key in 'en' locale messages. 
      background: #f39c12;
      border-radius: 0.5em;
      color: white;
      font-weight: bold;
      padding: 2px 0.5em;
      
  at warn (/Users/andrejkoval/Dev/vivadzen/src/front/node_modules/@intlify/shared/dist/shared.mjs)
  at handleMissing (/Users/andrejkoval/Dev/vivadzen/src/front/node_modules/@intlify/core-base/dist/core-base.mjs)
  at resolveMessageFormat (/Users/andrejkoval/Dev/vivadzen/src/front/node_modules/@intlify/core-base/dist/core-base.mjs)
 @ http://0.0.0.0:3001/_nuxt/@fs/Users/andrejkoval/Dev/vivadzen/src/front/node_modules/consola/dist/browser.mjs?v=fd09ac8d:47
[ 2835014ms] [WARNING] %cssr:warn%c [intlify] Fall back to translate 'logo_alt' key with 'cs' locale. 
      background: #f39c12;
      border-radius: 0.5em;
      color: white;
      font-weight: bold;
      padding: 2px 0.5em;
      
  at warn (/Users/andrejkoval/Dev/vivadzen/src/front/node_modules/@intlify/shared/dist/shared.mjs)
  at resolveMessageFormat (/Users/andrejkoval/Dev/vivadzen/src/front/node_modules/@intlify/core-base/dist/core-base.mjs)
  at translate (/Users/andrejkoval/Dev/vivadzen/src/front/node_modules/@intlify/core-base/dist/core-base.mjs)
 @ http://0.0.0.0:3001/_nuxt/@fs/Users/andrejkoval/Dev/vivadzen/src/front/node_modules/consola/dist/browser.mjs?v=fd09ac8d:47
[ 2835014ms] [WARNING] %cssr:warn%c [intlify] Not found 'logo_alt' key in 'cs' locale messages. 
      background: #f39c12;
      border-radius: 0.5em;
      color: white;
      font-weight: bold;
      padding: 2px 0.5em;
      
  at warn (/Users/andrejkoval/Dev/vivadzen/src/front/node_modules/@intlify/shared/dist/shared.mjs)
  at handleMissing (/Users/andrejkoval/Dev/vivadzen/src/front/node_modules/@intlify/core-base/dist/core-base.mjs)
  at resolveMessageFormat (/Users/andrejkoval/Dev/vivadzen/src/front/node_modules/@intlify/core-base/dist/core-base.mjs)
 @ http://0.0.0.0:3001/_nuxt/@fs/Users/andrejkoval/Dev/vivadzen/src/front/node_modules/consola/dist/browser.mjs?v=fd09ac8d:47
[ 2835014ms] [WARNING] %cssr:warn%c [intlify] Not found 'title.cart' key in 'en' locale messages. 
      background: #f39c12;
      border-radius: 0.5em;
      color: white;
      font-weight: bold;
      padding: 2px 0.5em;
      
  at warn (/Users/andrejkoval/Dev/vivadzen/src/front/node_modules/@intlify/shared/dist/shared.mjs)
  at handleMissing (/Users/andrejkoval/Dev/vivadzen/src/front/node_modules/@intlify/core-base/dist/core-base.mjs)
  at resolveMessageFormat (/Users/andrejkoval/Dev/vivadzen/src/front/node_modules/@intlify/core-base/dist/core-base.mjs)
 @ http://0.0.0.0:3001/_nuxt/@fs/Users/andrejkoval/Dev/vivadzen/src/front/node_modules/consola/dist/browser.mjs?v=fd09ac8d:47
[ 2835014ms] [WARNING] %cssr:warn%c [intlify] Fall back to translate 'title.cart' key with 'cs' locale. 
      background: #f39c12;
      border-radius: 0.5em;
      color: white;
      font-weight: bold;
      padding: 2px 0.5em;
      
  at warn (/Users/andrejkoval/Dev/vivadzen/src/front/node_modules/@intlify/shared/dist/shared.mjs)
  at resolveMessageFormat (/Users/andrejkoval/Dev/vivadzen/src/front/node_modules/@intlify/core-base/dist/core-base.mjs)
  at translate (/Users/andrejkoval/Dev/vivadzen/src/front/node_modules/@intlify/core-base/dist/core-base.mjs)
 @ http://0.0.0.0:3001/_nuxt/@fs/Users/andrejkoval/Dev/vivadzen/src/front/node_modules/consola/dist/browser.mjs?v=fd09ac8d:47
[ 2835014ms] [WARNING] %cssr:warn%c [intlify] Not found 'title.cart' key in 'cs' locale messages. 
      background: #f39c12;
      border-radius: 0.5em;
      color: white;
      font-weight: bold;
      padding: 2px 0.5em;
      
  at warn (/Users/andrejkoval/Dev/vivadzen/src/front/node_modules/@intlify/shared/dist/shared.mjs)
  at handleMissing (/Users/andrejkoval/Dev/vivadzen/src/front/node_modules/@intlify/core-base/dist/core-base.mjs)
  at resolveMessageFormat (/Users/andrejkoval/Dev/vivadzen/src/front/node_modules/@intlify/core-base/dist/core-base.mjs)
 @ http://0.0.0.0:3001/_nuxt/@fs/Users/andrejkoval/Dev/vivadzen/src/front/node_modules/consola/dist/browser.mjs?v=fd09ac8d:47
[ 2835014ms] [WARNING] %cssr:warn%c [intlify] Fall back to translate 'title.cart' with root locale. 
      background: #f39c12;
      border-radius: 0.5em;
      color: white;
      font-weight: bold;
      padding: 2px 0.5em;
      
  at warn (/Users/andrejkoval/Dev/vivadzen/src/front/node_modules/@intlify/shared/dist/shared.mjs)
  at wrapWithDeps (/Users/andrejkoval/Dev/vivadzen/src/front/node_modules/vue-i18n/dist/vue-i18n.mjs)
  at Proxy.t (/Users/andrejkoval/Dev/vivadzen/src/front/node_modules/vue-i18n/dist/vue-i18n.mjs)
 @ http://0.0.0.0:3001/_nuxt/@fs/Users/andrejkoval/Dev/vivadzen/src/front/node_modules/consola/dist/browser.mjs?v=fd09ac8d:47
[ 2835014ms] [WARNING] %cssr:warn%c [intlify] Not found parent scope. use the global scope. 
      background: #f39c12;
      border-radius: 0.5em;
      color: white;
      font-weight: bold;
      padding: 2px 0.5em;
      
  at warn (/Users/andrejkoval/Dev/vivadzen/src/front/node_modules/@intlify/shared/dist/shared.mjs)
  at useI18n (/Users/andrejkoval/Dev/vivadzen/src/front/node_modules/vue-i18n/dist/vue-i18n.mjs)
  at setup (/Users/andrejkoval/Dev/vivadzen/src/front/node_modules/vue-i18n/dist/vue-i18n.mjs)
 @ http://0.0.0.0:3001/_nuxt/@fs/Users/andrejkoval/Dev/vivadzen/src/front/node_modules/consola/dist/browser.mjs?v=fd09ac8d:47
[ 2835014ms] [WARNING] %cssr:warn%c [intlify] Not found parent scope. use the global scope. 
      background: #f39c12;
      border-radius: 0.5em;
      color: white;
      font-weight: bold;
      padding: 2px 0.5em;
      
  at warn (/Users/andrejkoval/Dev/vivadzen/src/front/node_modules/@intlify/shared/dist/shared.mjs)
  at useI18n (/Users/andrejkoval/Dev/vivadzen/src/front/node_modules/vue-i18n/dist/vue-i18n.mjs)
  at setup (/Users/andrejkoval/Dev/vivadzen/src/front/node_modules/vue-i18n/dist/vue-i18n.mjs)
 @ http://0.0.0.0:3001/_nuxt/@fs/Users/andrejkoval/Dev/vivadzen/src/front/node_modules/consola/dist/browser.mjs?v=fd09ac8d:47
[ 2835015ms] [WARNING] %cssr:warn%c [intlify] Not found parent scope. use the global scope. 
      background: #f39c12;
      border-radius: 0.5em;
      color: white;
      font-weight: bold;
      padding: 2px 0.5em;
      
  at warn (/Users/andrejkoval/Dev/vivadzen/src/front/node_modules/@intlify/shared/dist/shared.mjs)
  at useI18n (/Users/andrejkoval/Dev/vivadzen/src/front/node_modules/vue-i18n/dist/vue-i18n.mjs)
  at setup (/Users/andrejkoval/Dev/vivadzen/src/front/node_modules/vue-i18n/dist/vue-i18n.mjs)
 @ http://0.0.0.0:3001/_nuxt/@fs/Users/andrejkoval/Dev/vivadzen/src/front/node_modules/consola/dist/browser.mjs?v=fd09ac8d:47
[ 2835015ms] [WARNING] %cssr:warn%c [intlify] Not found parent scope. use the global scope. 
      background: #f39c12;
      border-radius: 0.5em;
      color: white;
      font-weight: bold;
      padding: 2px 0.5em;
      
  at warn (/Users/andrejkoval/Dev/vivadzen/src/front/node_modules/@intlify/shared/dist/shared.mjs)
  at useI18n (/Users/andrejkoval/Dev/vivadzen/src/front/node_modules/vue-i18n/dist/vue-i18n.mjs)
  at setup (/Users/andrejkoval/Dev/vivadzen/src/front/node_modules/vue-i18n/dist/vue-i18n.mjs)
 @ http://0.0.0.0:3001/_nuxt/@fs/Users/andrejkoval/Dev/vivadzen/src/front/node_modules/consola/dist/browser.mjs?v=fd09ac8d:47
[ 2835015ms] [WARNING] %cssr:warn%c [intlify] Not found parent scope. use the global scope. 
      background: #f39c12;
      border-radius: 0.5em;
      color: white;
      font-weight: bold;
      padding: 2px 0.5em;
      
  at warn (/Users/andrejkoval/Dev/vivadzen/src/front/node_modules/@intlify/shared/dist/shared.mjs)
  at useI18n (/Users/andrejkoval/Dev/vivadzen/src/front/node_modules/vue-i18n/dist/vue-i18n.mjs)
  at setup (/Users/andrejkoval/Dev/vivadzen/src/front/node_modules/vue-i18n/dist/vue-i18n.mjs)
 @ http://0.0.0.0:3001/_nuxt/@fs/Users/andrejkoval/Dev/vivadzen/src/front/node_modules/consola/dist/browser.mjs?v=fd09ac8d:47
[ 2835015ms] [WARNING] %cssr:warn%c [intlify] Not found parent scope. use the global scope. 
      background: #f39c12;
      border-radius: 0.5em;
      color: white;
      font-weight: bold;
      padding: 2px 0.5em;
      
  at timeLogImpl (node:internal/console/constructor)
  at node:internal/console/constructor
  at timeLogImpl (node:internal/util/debuglog)
 @ http://0.0.0.0:3001/_nuxt/@fs/Users/andrejkoval/Dev/vivadzen/src/front/node_modules/consola/dist/browser.mjs?v=fd09ac8d:47
[ 2835015ms] [LOG] %cssr%c %s: %s 
      background: #7f8c8d;
      border-radius: 0.5em;
      color: white;
      font-weight: bold;
      padding: 2px 0.5em;
      [nuxt-app] app:rendered 0.096ms 
  at timeLogImpl (node:internal/console/constructor)
  at node:internal/console/constructor
  at timeLogImpl (node:internal/util/debuglog)
 @ http://0.0.0.0:3001/_nuxt/@fs/Users/andrejkoval/Dev/vivadzen/src/front/node_modules/consola/dist/browser.mjs?v=fd09ac8d:47
[ 2835015ms] [LOG] %cssr%c %s: %s 
      background: #7f8c8d;
      border-radius: 0.5em;
      color: white;
      font-weight: bold;
      padding: 2px 0.5em;
      [nuxt-app] schema-org:meta 0.003ms 
  at timeLogImpl (node:internal/console/constructor)
  at node:internal/console/constructor
  at timeLogImpl (node:internal/util/debuglog)
 @ http://0.0.0.0:3001/_nuxt/@fs/Users/andrejkoval/Dev/vivadzen/src/front/node_modules/consola/dist/browser.mjs?v=fd09ac8d:47
[ 2835015ms] [LOG] [nuxt-app] dev:ssr-logs: 3.60986328125 ms [Array(27)] @ http://0.0.0.0:3001/_nuxt/@fs/Users/andrejkoval/Dev/vivadzen/src/front/node_modules/hookable/dist/index.mjs?v=fd09ac8d:271
[ 2835020ms] [LOG] [nuxt-app] page:loading:start: 0.1259765625 ms [] @ http://0.0.0.0:3001/_nuxt/@fs/Users/andrejkoval/Dev/vivadzen/src/front/node_modules/hookable/dist/index.mjs?v=fd09ac8d:271
[ 2835035ms] [WARNING] Timer '[nuxt-app] i18n:beforeLocaleSwitch' already exists @ http://0.0.0.0:3001/_nuxt/@fs/Users/andrejkoval/Dev/vivadzen/src/front/node_modules/hookable/dist/index.mjs?v=fd09ac8d:261
[ 2835036ms] [LOG] [nuxt-app] i18n:beforeLocaleSwitch: 31.101806640625 ms [Object] @ http://0.0.0.0:3001/_nuxt/@fs/Users/andrejkoval/Dev/vivadzen/src/front/node_modules/hookable/dist/index.mjs?v=fd09ac8d:271
[ 2835037ms] [LOG] [nuxt-app] app:created: 17.345947265625 ms [Object] @ http://0.0.0.0:3001/_nuxt/@fs/Users/andrejkoval/Dev/vivadzen/src/front/node_modules/hookable/dist/index.mjs?v=fd09ac8d:271
[ 2835037ms] [LOG] [nuxt-app] app:beforeMount: 0.0361328125 ms [Object] @ http://0.0.0.0:3001/_nuxt/@fs/Users/andrejkoval/Dev/vivadzen/src/front/node_modules/hookable/dist/index.mjs?v=fd09ac8d:271
[ 2835038ms] [LOG] [nuxt-app] vue:setup: 0.0869140625 ms [] @ http://0.0.0.0:3001/_nuxt/@fs/Users/andrejkoval/Dev/vivadzen/src/front/node_modules/hookable/dist/index.mjs?v=fd09ac8d:271
[ 2835039ms] [INFO] <Suspense> is an experimental feature and its API will likely change. @ http://0.0.0.0:3001/_nuxt/@fs/Users/andrejkoval/Dev/vivadzen/src/front/node_modules/@vue/runtime-core/dist/runtime-core.esm-bundler.js?v=fd09ac8d:7155
[ 2835041ms] [LOG] [nuxt-app] app:mounted: 0.14990234375 ms [Object] @ http://0.0.0.0:3001/_nuxt/@fs/Users/andrejkoval/Dev/vivadzen/src/front/node_modules/hookable/dist/index.mjs?v=fd09ac8d:271
[ 2835041ms] [LOG] [Content] WS connect to ws://localhost:4000/ws @ http://0.0.0.0:3001/_nuxt/@fs/Users/andrejkoval/Dev/vivadzen/src/front/node_modules/@nuxt/content/dist/runtime/composables/web-socket.js?v=fd09ac8d:4
[ 2835079ms] [LOG] [Content] WS connected! @ http://0.0.0.0:3001/_nuxt/@fs/Users/andrejkoval/Dev/vivadzen/src/front/node_modules/@nuxt/content/dist/runtime/composables/web-socket.js?v=fd09ac8d:4
[ 2835089ms] [WARNING] [intlify] Not found 'logo_alt' key in 'en' locale messages. @ http://0.0.0.0:3001/_nuxt/node_modules/.cache/vite/client/deps/chunk-LY4OWT6B.js?v=fd09ac8d:3
[ 2835090ms] [WARNING] [intlify] Fall back to translate 'logo_alt' key with 'cs' locale. @ http://0.0.0.0:3001/_nuxt/node_modules/.cache/vite/client/deps/chunk-LY4OWT6B.js?v=fd09ac8d:3
[ 2835090ms] [WARNING] [intlify] Not found 'logo_alt' key in 'cs' locale messages. @ http://0.0.0.0:3001/_nuxt/node_modules/.cache/vite/client/deps/chunk-LY4OWT6B.js?v=fd09ac8d:3
[ 2835090ms] [WARNING] [intlify] Fall back to translate 'logo_alt' with root locale. @ http://0.0.0.0:3001/_nuxt/node_modules/.cache/vite/client/deps/chunk-LY4OWT6B.js?v=fd09ac8d:3
[ 2835090ms] [WARNING] [intlify] Not found 'logo_alt' key in 'en' locale messages. @ http://0.0.0.0:3001/_nuxt/node_modules/.cache/vite/client/deps/chunk-LY4OWT6B.js?v=fd09ac8d:3
[ 2835090ms] [WARNING] [intlify] Fall back to translate 'logo_alt' key with 'cs' locale. @ http://0.0.0.0:3001/_nuxt/node_modules/.cache/vite/client/deps/chunk-LY4OWT6B.js?v=fd09ac8d:3
[ 2835091ms] [WARNING] [intlify] Not found 'logo_alt' key in 'cs' locale messages. @ http://0.0.0.0:3001/_nuxt/node_modules/.cache/vite/client/deps/chunk-LY4OWT6B.js?v=fd09ac8d:3
[ 2835092ms] [WARNING] [intlify] Not found 'title.cart' key in 'en' locale messages. @ http://0.0.0.0:3001/_nuxt/node_modules/.cache/vite/client/deps/chunk-LY4OWT6B.js?v=fd09ac8d:3
[ 2835092ms] [WARNING] [intlify] Fall back to translate 'title.cart' key with 'cs' locale. @ http://0.0.0.0:3001/_nuxt/node_modules/.cache/vite/client/deps/chunk-LY4OWT6B.js?v=fd09ac8d:3
[ 2835092ms] [WARNING] [intlify] Not found 'title.cart' key in 'cs' locale messages. @ http://0.0.0.0:3001/_nuxt/node_modules/.cache/vite/client/deps/chunk-LY4OWT6B.js?v=fd09ac8d:3
[ 2835092ms] [WARNING] [intlify] Fall back to translate 'title.cart' with root locale. @ http://0.0.0.0:3001/_nuxt/node_modules/.cache/vite/client/deps/chunk-LY4OWT6B.js?v=fd09ac8d:3
[ 2835097ms] [WARNING] [Vue warn]: Hydration style mismatch on JSHandle@node 
  - rendered on server: style="width:1em;height:1em;--c613ce94-iconUrl:url('https://api.iconify.design/iconoir/nav-arrow-down.svg');"
  - expected on client: style="width:1em;height:1em;"
  Note: this mismatch is check-only. The DOM will not be rectified in production due to performance overhead.
  You should fix the source of the mismatch. 
  at <IconCSS name="iconoir:nav-arrow-down" class="lang-switcher__chevron" > 
  at <Header> 
  at <Body style= {background: #f8f1e6} > 
  at <Html lang="en-US" dir="ltr" > 
  at <Default ref=Ref< undefined > > 
  at <AsyncComponentWrapper ref=Ref< undefined > > 
  at <LayoutLoader key="default" layoutProps= {ref: RefImpl} name="default" > 
  at <NuxtLayoutProvider layoutProps= {ref: RefImpl} key="default" name="default"  ... > 
  at <NuxtLayout> 
  at <App key=4 > 
  at <NuxtRoot> @ http://0.0.0.0:3001/_nuxt/@fs/Users/andrejkoval/Dev/vivadzen/src/front/node_modules/@vue/runtime-core/dist/runtime-core.esm-bundler.js?v=fd09ac8d:49
[ 2835098ms] [ERROR] Hydration completed but contains mismatches. @ http://0.0.0.0:3001/_nuxt/@fs/Users/andrejkoval/Dev/vivadzen/src/front/node_modules/@vue/runtime-core/dist/runtime-core.esm-bundler.js?v=fd09ac8d:1847
[ 2835098ms] [WARNING] [Vue warn]: Hydration style mismatch on JSHandle@node 
  - rendered on server: style="width:1em;height:1em;--c613ce94-iconUrl:url('https://api.iconify.design/ci/shopping-cart-01.svg');"
  - expected on client: style="width:1em;height:1em;"
  Note: this mismatch is check-only. The DOM will not be rectified in production due to performance overhead.
  You should fix the source of the mismatch. 
  at <IconCSS name="ci:shopping-cart-01" class="hero-header__cart-icon" > 
  at <Header> 
  at <Body style= {background: #f8f1e6} > 
  at <Html lang="en-US" dir="ltr" > 
  at <Default ref=Ref< undefined > > 
  at <AsyncComponentWrapper ref=Ref< undefined > > 
  at <LayoutLoader key="default" layoutProps= {ref: RefImpl} name="default" > 
  at <NuxtLayoutProvider layoutProps= {ref: RefImpl} key="default" name="default"  ... > 
  at <NuxtLayout> 
  at <App key=4 > 
  at <NuxtRoot> @ http://0.0.0.0:3001/_nuxt/@fs/Users/andrejkoval/Dev/vivadzen/src/front/node_modules/@vue/runtime-core/dist/runtime-core.esm-bundler.js?v=fd09ac8d:49
[ 2835100ms] [WARNING] [Vue warn]: Hydration style mismatch on JSHandle@node 
  - rendered on server: style="width:1em;height:1em;--c613ce94-iconUrl:url('https://api.iconify.design/mynaui/telephone-call.svg');"
  - expected on client: style="width:1em;height:1em;"
  Note: this mismatch is check-only. The DOM will not be rectified in production due to performance overhead.
  You should fix the source of the mismatch. 
  at <IconCSS name="mynaui:telephone-call" class="hero-mobile-menu__contact-icon" > 
  at <Header> 
  at <Body style= {background: #f8f1e6} > 
  at <Html lang="en-US" dir="ltr" > 
  at <Default ref=Ref< undefined > > 
  at <AsyncComponentWrapper ref=Ref< undefined > > 
  at <LayoutLoader key="default" layoutProps= {ref: RefImpl} name="default" > 
  at <NuxtLayoutProvider layoutProps= {ref: RefImpl} key="default" name="default"  ... > 
  at <NuxtLayout> 
  at <App key=4 > 
  at <NuxtRoot> @ http://0.0.0.0:3001/_nuxt/@fs/Users/andrejkoval/Dev/vivadzen/src/front/node_modules/@vue/runtime-core/dist/runtime-core.esm-bundler.js?v=fd09ac8d:49
[ 2835100ms] [WARNING] [Vue warn]: Hydration style mismatch on JSHandle@node 
  - rendered on server: style="width:1em;height:1em;--c613ce94-iconUrl:url('https://api.iconify.design/ic/round-alternate-email.svg');"
  - expected on client: style="width:1em;height:1em;"
  Note: this mismatch is check-only. The DOM will not be rectified in production due to performance overhead.
  You should fix the source of the mismatch. 
  at <IconCSS name="ic:round-alternate-email" class="hero-mobile-menu__contact-icon" > 
  at <Header> 
  at <Body style= {background: #f8f1e6} > 
  at <Html lang="en-US" dir="ltr" > 
  at <Default ref=Ref< undefined > > 
  at <AsyncComponentWrapper ref=Ref< undefined > > 
  at <LayoutLoader key="default" layoutProps= {ref: RefImpl} name="default" > 
  at <NuxtLayoutProvider layoutProps= {ref: RefImpl} key="default" name="default"  ... > 
  at <NuxtLayout> 
  at <App key=4 > 
  at <NuxtRoot> @ http://0.0.0.0:3001/_nuxt/@fs/Users/andrejkoval/Dev/vivadzen/src/front/node_modules/@vue/runtime-core/dist/runtime-core.esm-bundler.js?v=fd09ac8d:49
[ 2835100ms] [WARNING] [Vue warn]: Hydration style mismatch on JSHandle@node 
  - rendered on server: style="width:1em;height:1em;--c613ce94-iconUrl:url('https://api.iconify.design/mynaui/location.svg');"
  - expected on client: style="width:1em;height:1em;"
  Note: this mismatch is check-only. The DOM will not be rectified in production due to performance overhead.
  You should fix the source of the mismatch. 
  at <IconCSS name="mynaui:location" class="hero-mobile-menu__contact-icon" > 
  at <Header> 
  at <Body style= {background: #f8f1e6} > 
  at <Html lang="en-US" dir="ltr" > 
  at <Default ref=Ref< undefined > > 
  at <AsyncComponentWrapper ref=Ref< undefined > > 
  at <LayoutLoader key="default" layoutProps= {ref: RefImpl} name="default" > 
  at <NuxtLayoutProvider layoutProps= {ref: RefImpl} key="default" name="default"  ... > 
  at <NuxtLayout> 
  at <App key=4 > 
  at <NuxtRoot> @ http://0.0.0.0:3001/_nuxt/@fs/Users/andrejkoval/Dev/vivadzen/src/front/node_modules/@vue/runtime-core/dist/runtime-core.esm-bundler.js?v=fd09ac8d:49
[ 2835101ms] [WARNING] [Vue warn]: Hydration style mismatch on JSHandle@node 
  - rendered on server: style="width:1em;height:1em;--c613ce94-iconUrl:url('https://api.iconify.design/mynaui/clock-4.svg');"
  - expected on client: style="width:1em;height:1em;"
  Note: this mismatch is check-only. The DOM will not be rectified in production due to performance overhead.
  You should fix the source of the mismatch. 
  at <IconCSS name="mynaui:clock-4" class="hero-mobile-menu__contact-icon" > 
  at <Header> 
  at <Body style= {background: #f8f1e6} > 
  at <Html lang="en-US" dir="ltr" > 
  at <Default ref=Ref< undefined > > 
  at <AsyncComponentWrapper ref=Ref< undefined > > 
  at <LayoutLoader key="default" layoutProps= {ref: RefImpl} name="default" > 
  at <NuxtLayoutProvider layoutProps= {ref: RefImpl} key="default" name="default"  ... > 
  at <NuxtLayout> 
  at <App key=4 > 
  at <NuxtRoot> @ http://0.0.0.0:3001/_nuxt/@fs/Users/andrejkoval/Dev/vivadzen/src/front/node_modules/@vue/runtime-core/dist/runtime-core.esm-bundler.js?v=fd09ac8d:49
[ 2835105ms] [WARNING] [Vue warn]: Hydration style mismatch on JSHandle@node 
  - rendered on server: style="width:1em;height:1em;--c613ce94-iconUrl:url('https://api.iconify.design/ph/telegram-logo.svg');"
  - expected on client: style="width:1em;height:1em;"
  Note: this mismatch is check-only. The DOM will not be rectified in production due to performance overhead.
  You should fix the source of the mismatch. 
  at <IconCSS name="ph:telegram-logo" > 
  at <SiteFooter> 
  at <Body style= {background: #f8f1e6} > 
  at <Html lang="en-US" dir="ltr" > 
  at <Default ref=Ref< undefined > > 
  at <AsyncComponentWrapper ref=Ref< undefined > > 
  at <LayoutLoader key="default" layoutProps= {ref: RefImpl} name="default" > 
  at <NuxtLayoutProvider layoutProps= {ref: RefImpl} key="default" name="default"  ... > 
  at <NuxtLayout> 
  at <App key=4 > 
  at <NuxtRoot> @ http://0.0.0.0:3001/_nuxt/@fs/Users/andrejkoval/Dev/vivadzen/src/front/node_modules/@vue/runtime-core/dist/runtime-core.esm-bundler.js?v=fd09ac8d:49
[ 2835106ms] [WARNING] [Vue warn]: Hydration style mismatch on JSHandle@node 
  - rendered on server: style="width:1em;height:1em;--c613ce94-iconUrl:url('https://api.iconify.design/ph/whatsapp-logo.svg');"
  - expected on client: style="width:1em;height:1em;"
  Note: this mismatch is check-only. The DOM will not be rectified in production due to performance overhead.
  You should fix the source of the mismatch. 
  at <IconCSS name="ph:whatsapp-logo" > 
  at <SiteFooter> 
  at <Body style= {background: #f8f1e6} > 
  at <Html lang="en-US" dir="ltr" > 
  at <Default ref=Ref< undefined > > 
  at <AsyncComponentWrapper ref=Ref< undefined > > 
  at <LayoutLoader key="default" layoutProps= {ref: RefImpl} name="default" > 
  at <NuxtLayoutProvider layoutProps= {ref: RefImpl} key="default" name="default"  ... > 
  at <NuxtLayout> 
  at <App key=4 > 
  at <NuxtRoot> @ http://0.0.0.0:3001/_nuxt/@fs/Users/andrejkoval/Dev/vivadzen/src/front/node_modules/@vue/runtime-core/dist/runtime-core.esm-bundler.js?v=fd09ac8d:49
[ 2835106ms] [WARNING] [Vue warn]: Hydration style mismatch on JSHandle@node 
  - rendered on server: style="width:1em;height:1em;--c613ce94-iconUrl:url('https://api.iconify.design/iconoir/instagram.svg');"
  - expected on client: style="width:1em;height:1em;"
  Note: this mismatch is check-only. The DOM will not be rectified in production due to performance overhead.
  You should fix the source of the mismatch. 
  at <IconCSS name="iconoir:instagram" > 
  at <SiteFooter> 
  at <Body style= {background: #f8f1e6} > 
  at <Html lang="en-US" dir="ltr" > 
  at <Default ref=Ref< undefined > > 
  at <AsyncComponentWrapper ref=Ref< undefined > > 
  at <LayoutLoader key="default" layoutProps= {ref: RefImpl} name="default" > 
  at <NuxtLayoutProvider layoutProps= {ref: RefImpl} key="default" name="default"  ... > 
  at <NuxtLayout> 
  at <App key=4 > 
  at <NuxtRoot> @ http://0.0.0.0:3001/_nuxt/@fs/Users/andrejkoval/Dev/vivadzen/src/front/node_modules/@vue/runtime-core/dist/runtime-core.esm-bundler.js?v=fd09ac8d:49
[ 2835110ms] [WARNING] [intlify] Not found parent scope. use the global scope. @ http://0.0.0.0:3001/_nuxt/node_modules/.cache/vite/client/deps/chunk-LY4OWT6B.js?v=fd09ac8d:3
[ 2835111ms] [WARNING] [Vue warn]: Hydration style mismatch on JSHandle@node 
  - rendered on server: style="width:1em;height:1em;--c613ce94-iconUrl:url('https://api.iconify.design/ci/shopping-cart-01.svg');"
  - expected on client: style="width:1em;height:1em;"
  Note: this mismatch is check-only. The DOM will not be rectified in production due to performance overhead.
  You should fix the source of the mismatch. 
  at <IconCSS name="ci:shopping-cart-01" class="kratom-product-card__action-icon" > 
  at <ProductCard key=391 product= {id: 391, name: Green Rurut Nano kratom powder - 25g, slug: zeleny-rurut-nano-kratom-prasek-25g, price: 140.00, oldPrice: null} > 
  at <Index onVnodeUnmounted=fn<onVnodeUnmounted> ref=Ref< undefined > > 
  at <RouteProvider key="/en/catalog" vnode= {__v_isVNode: true, __v_skip: true, type: Object, props: Object, key: null} route= {fullPath: /en/catalog, hash: , query: Object, name: catalog___en, path: /en/catalog}  ... > 
  at <RouterView name=undefined route=undefined > 
  at <NuxtPage> 
  at <Body style= {background: #f8f1e6} > 
  at <Html lang="en-US" dir="ltr" > 
  at <Default ref=Ref< undefined > > 
  at <AsyncComponentWrapper ref=Ref< undefined > > 
  at <LayoutLoader key="default" layoutProps= {ref: RefImpl} name="default" > 
  at <NuxtLayoutProvider layoutProps= {ref: RefImpl} key="default" name="default"  ... > 
  at <NuxtLayout> 
  at <App key=4 > 
  at <NuxtRoot> @ http://0.0.0.0:3001/_nuxt/@fs/Users/andrejkoval/Dev/vivadzen/src/front/node_modules/@vue/runtime-core/dist/runtime-core.esm-bundler.js?v=fd09ac8d:49
[ 2835113ms] [WARNING] [intlify] Not found parent scope. use the global scope. @ http://0.0.0.0:3001/_nuxt/node_modules/.cache/vite/client/deps/chunk-LY4OWT6B.js?v=fd09ac8d:3
[ 2835114ms] [WARNING] [Vue warn]: Hydration style mismatch on JSHandle@node 
  - rendered on server: style="width:1em;height:1em;--c613ce94-iconUrl:url('https://api.iconify.design/ci/shopping-cart-01.svg');"
  - expected on client: style="width:1em;height:1em;"
  Note: this mismatch is check-only. The DOM will not be rectified in production due to performance overhead.
  You should fix the source of the mismatch. 
  at <IconCSS name="ci:shopping-cart-01" class="kratom-product-card__action-icon" > 
  at <ProductCard key=336 product= {id: 336, name: White Maeng Da Kratom powder, slug: bila-maeng-da-kratom-prasek-25g, price: 130.00, oldPrice: null} > 
  at <Index onVnodeUnmounted=fn<onVnodeUnmounted> ref=Ref< undefined > > 
  at <RouteProvider key="/en/catalog" vnode= {__v_isVNode: true, __v_skip: true, type: Object, props: Object, key: null} route= {fullPath: /en/catalog, hash: , query: Object, name: catalog___en, path: /en/catalog}  ... > 
  at <RouterView name=undefined route=undefined > 
  at <NuxtPage> 
  at <Body style= {background: #f8f1e6} > 
  at <Html lang="en-US" dir="ltr" > 
  at <Default ref=Ref< undefined > > 
  at <AsyncComponentWrapper ref=Ref< undefined > > 
  at <LayoutLoader key="default" layoutProps= {ref: RefImpl} name="default" > 
  at <NuxtLayoutProvider layoutProps= {ref: RefImpl} key="default" name="default"  ... > 
  at <NuxtLayout> 
  at <App key=4 > 
  at <NuxtRoot> @ http://0.0.0.0:3001/_nuxt/@fs/Users/andrejkoval/Dev/vivadzen/src/front/node_modules/@vue/runtime-core/dist/runtime-core.esm-bundler.js?v=fd09ac8d:49
[ 2835115ms] [WARNING] [intlify] Not found parent scope. use the global scope. @ http://0.0.0.0:3001/_nuxt/node_modules/.cache/vite/client/deps/chunk-LY4OWT6B.js?v=fd09ac8d:3
[ 2835116ms] [WARNING] [Vue warn]: Hydration style mismatch on JSHandle@node 
  - rendered on server: style="width:1em;height:1em;--c613ce94-iconUrl:url('https://api.iconify.design/ci/shopping-cart-01.svg');"
  - expected on client: style="width:1em;height:1em;"
  Note: this mismatch is check-only. The DOM will not be rectified in production due to performance overhead.
  You should fix the source of the mismatch. 
  at <IconCSS name="ci:shopping-cart-01" class="kratom-product-card__action-icon" > 
  at <ProductCard key=334 product= {id: 334, name: White Elephant Kratom powder, slug: bily-slon-kratom-prasek-25g, price: 140.00, oldPrice: null} > 
  at <Index onVnodeUnmounted=fn<onVnodeUnmounted> ref=Ref< undefined > > 
  at <RouteProvider key="/en/catalog" vnode= {__v_isVNode: true, __v_skip: true, type: Object, props: Object, key: null} route= {fullPath: /en/catalog, hash: , query: Object, name: catalog___en, path: /en/catalog}  ... > 
  at <RouterView name=undefined route=undefined > 
  at <NuxtPage> 
  at <Body style= {background: #f8f1e6} > 
  at <Html lang="en-US" dir="ltr" > 
  at <Default ref=Ref< undefined > > 
  at <AsyncComponentWrapper ref=Ref< undefined > > 
  at <LayoutLoader key="default" layoutProps= {ref: RefImpl} name="default" > 
  at <NuxtLayoutProvider layoutProps= {ref: RefImpl} key="default" name="default"  ... > 
  at <NuxtLayout> 
  at <App key=4 > 
  at <NuxtRoot> @ http://0.0.0.0:3001/_nuxt/@fs/Users/andrejkoval/Dev/vivadzen/src/front/node_modules/@vue/runtime-core/dist/runtime-core.esm-bundler.js?v=fd09ac8d:49
[ 2835117ms] [WARNING] [intlify] Not found parent scope. use the global scope. @ http://0.0.0.0:3001/_nuxt/node_modules/.cache/vite/client/deps/chunk-LY4OWT6B.js?v=fd09ac8d:3
[ 2835117ms] [WARNING] [Vue warn]: Hydration style mismatch on JSHandle@node 
  - rendered on server: style="width:1em;height:1em;--c613ce94-iconUrl:url('https://api.iconify.design/ci/shopping-cart-01.svg');"
  - expected on client: style="width:1em;height:1em;"
  Note: this mismatch is check-only. The DOM will not be rectified in production due to performance overhead.
  You should fix the source of the mismatch. 
  at <IconCSS name="ci:shopping-cart-01" class="kratom-product-card__action-icon" > 
  at <ProductCard key=333 product= {id: 333, name: Green Thai Kratom powder, slug: zeleny-thajsky-kratom-prasek-25g, price: 130.00, oldPrice: null} > 
  at <Index onVnodeUnmounted=fn<onVnodeUnmounted> ref=Ref< undefined > > 
  at <RouteProvider key="/en/catalog" vnode= {__v_isVNode: true, __v_skip: true, type: Object, props: Object, key: null} route= {fullPath: /en/catalog, hash: , query: Object, name: catalog___en, path: /en/catalog}  ... > 
  at <RouterView name=undefined route=undefined > 
  at <NuxtPage> 
  at <Body style= {background: #f8f1e6} > 
  at <Html lang="en-US" dir="ltr" > 
  at <Default ref=Ref< undefined > > 
  at <AsyncComponentWrapper ref=Ref< undefined > > 
  at <LayoutLoader key="default" layoutProps= {ref: RefImpl} name="default" > 
  at <NuxtLayoutProvider layoutProps= {ref: RefImpl} key="default" name="default"  ... > 
  at <NuxtLayout> 
  at <App key=4 > 
  at <NuxtRoot> @ http://0.0.0.0:3001/_nuxt/@fs/Users/andrejkoval/Dev/vivadzen/src/front/node_modules/@vue/runtime-core/dist/runtime-core.esm-bundler.js?v=fd09ac8d:49
[ 2835119ms] [WARNING] [intlify] Not found parent scope. use the global scope. @ http://0.0.0.0:3001/_nuxt/node_modules/.cache/vite/client/deps/chunk-LY4OWT6B.js?v=fd09ac8d:3
[ 2835119ms] [WARNING] [Vue warn]: Hydration style mismatch on JSHandle@node 
  - rendered on server: style="width:1em;height:1em;--c613ce94-iconUrl:url('https://api.iconify.design/ci/shopping-cart-01.svg');"
  - expected on client: style="width:1em;height:1em;"
  Note: this mismatch is check-only. The DOM will not be rectified in production due to performance overhead.
  You should fix the source of the mismatch. 
  at <IconCSS name="ci:shopping-cart-01" class="kratom-product-card__action-icon" > 
  at <ProductCard key=332 product= {id: 332, name: Red Maeng Da Kratom powder, slug: cervena-maeng-da-kratom-prasek-25g, price: 130.00, oldPrice: null} > 
  at <Index onVnodeUnmounted=fn<onVnodeUnmounted> ref=Ref< undefined > > 
  at <RouteProvider key="/en/catalog" vnode= {__v_isVNode: true, __v_skip: true, type: Object, props: Object, key: null} route= {fullPath: /en/catalog, hash: , query: Object, name: catalog___en, path: /en/catalog}  ... > 
  at <RouterView name=undefined route=undefined > 
  at <NuxtPage> 
  at <Body style= {background: #f8f1e6} > 
  at <Html lang="en-US" dir="ltr" > 
  at <Default ref=Ref< undefined > > 
  at <AsyncComponentWrapper ref=Ref< undefined > > 
  at <LayoutLoader key="default" layoutProps= {ref: RefImpl} name="default" > 
  at <NuxtLayoutProvider layoutProps= {ref: RefImpl} key="default" name="default"  ... > 
  at <NuxtLayout> 
  at <App key=4 > 
  at <NuxtRoot> @ http://0.0.0.0:3001/_nuxt/@fs/Users/andrejkoval/Dev/vivadzen/src/front/node_modules/@vue/runtime-core/dist/runtime-core.esm-bundler.js?v=fd09ac8d:49
[ 2835120ms] [WARNING] [intlify] Not found parent scope. use the global scope. @ http://0.0.0.0:3001/_nuxt/node_modules/.cache/vite/client/deps/chunk-LY4OWT6B.js?v=fd09ac8d:3
[ 2835120ms] [WARNING] [Vue warn]: Hydration style mismatch on JSHandle@node 
  - rendered on server: style="width:1em;height:1em;--c613ce94-iconUrl:url('https://api.iconify.design/ci/shopping-cart-01.svg');"
  - expected on client: style="width:1em;height:1em;"
  Note: this mismatch is check-only. The DOM will not be rectified in production due to performance overhead.
  You should fix the source of the mismatch. 
  at <IconCSS name="ci:shopping-cart-01" class="kratom-product-card__action-icon" > 
  at <ProductCard key=331 product= {id: 331, name: Green Maeng Da Kratom powder, slug: zelena-maeng-da-kratom-prasek-25g, price: 130.00, oldPrice: null} > 
  at <Index onVnodeUnmounted=fn<onVnodeUnmounted> ref=Ref< undefined > > 
  at <RouteProvider key="/en/catalog" vnode= {__v_isVNode: true, __v_skip: true, type: Object, props: Object, key: null} route= {fullPath: /en/catalog, hash: , query: Object, name: catalog___en, path: /en/catalog}  ... > 
  at <RouterView name=undefined route=undefined > 
  at <NuxtPage> 
  at <Body style= {background: #f8f1e6} > 
  at <Html lang="en-US" dir="ltr" > 
  at <Default ref=Ref< undefined > > 
  at <AsyncComponentWrapper ref=Ref< undefined > > 
  at <LayoutLoader key="default" layoutProps= {ref: RefImpl} name="default" > 
  at <NuxtLayoutProvider layoutProps= {ref: RefImpl} key="default" name="default"  ... > 
  at <NuxtLayout> 
  at <App key=4 > 
  at <NuxtRoot> @ http://0.0.0.0:3001/_nuxt/@fs/Users/andrejkoval/Dev/vivadzen/src/front/node_modules/@vue/runtime-core/dist/runtime-core.esm-bundler.js?v=fd09ac8d:49
[ 2835123ms] [LOG] [nuxt-app] page:finish: 1.798828125 ms [Object] @ http://0.0.0.0:3001/_nuxt/@fs/Users/andrejkoval/Dev/vivadzen/src/front/node_modules/hookable/dist/index.mjs?v=fd09ac8d:271
[ 2835124ms] [LOG] [nuxt-app] page:loading:end: 0.677001953125 ms [] @ http://0.0.0.0:3001/_nuxt/@fs/Users/andrejkoval/Dev/vivadzen/src/front/node_modules/hookable/dist/index.mjs?v=fd09ac8d:271
[ 2835138ms] [WARNING] [intlify] Not found 'logo_alt' key in 'en' locale messages. @ http://0.0.0.0:3001/_nuxt/node_modules/.cache/vite/client/deps/chunk-LY4OWT6B.js?v=fd09ac8d:3
[ 2835138ms] [WARNING] [intlify] Fall back to translate 'logo_alt' key with 'cs' locale. @ http://0.0.0.0:3001/_nuxt/node_modules/.cache/vite/client/deps/chunk-LY4OWT6B.js?v=fd09ac8d:3
[ 2835138ms] [WARNING] [intlify] Not found 'logo_alt' key in 'cs' locale messages. @ http://0.0.0.0:3001/_nuxt/node_modules/.cache/vite/client/deps/chunk-LY4OWT6B.js?v=fd09ac8d:3
[ 2835138ms] [WARNING] [intlify] Fall back to translate 'logo_alt' with root locale. @ http://0.0.0.0:3001/_nuxt/node_modules/.cache/vite/client/deps/chunk-LY4OWT6B.js?v=fd09ac8d:3
[ 2835138ms] [WARNING] [intlify] Not found 'logo_alt' key in 'en' locale messages. @ http://0.0.0.0:3001/_nuxt/node_modules/.cache/vite/client/deps/chunk-LY4OWT6B.js?v=fd09ac8d:3
[ 2835139ms] [WARNING] [intlify] Fall back to translate 'logo_alt' key with 'cs' locale. @ http://0.0.0.0:3001/_nuxt/node_modules/.cache/vite/client/deps/chunk-LY4OWT6B.js?v=fd09ac8d:3
[ 2835139ms] [WARNING] [intlify] Not found 'logo_alt' key in 'cs' locale messages. @ http://0.0.0.0:3001/_nuxt/node_modules/.cache/vite/client/deps/chunk-LY4OWT6B.js?v=fd09ac8d:3
[ 2835139ms] [WARNING] [intlify] Not found 'title.cart' key in 'en' locale messages. @ http://0.0.0.0:3001/_nuxt/node_modules/.cache/vite/client/deps/chunk-LY4OWT6B.js?v=fd09ac8d:3
[ 2835139ms] [WARNING] [intlify] Fall back to translate 'title.cart' key with 'cs' locale. @ http://0.0.0.0:3001/_nuxt/node_modules/.cache/vite/client/deps/chunk-LY4OWT6B.js?v=fd09ac8d:3
[ 2835139ms] [WARNING] [intlify] Not found 'title.cart' key in 'cs' locale messages. @ http://0.0.0.0:3001/_nuxt/node_modules/.cache/vite/client/deps/chunk-LY4OWT6B.js?v=fd09ac8d:3
[ 2835140ms] [WARNING] [intlify] Fall back to translate 'title.cart' with root locale. @ http://0.0.0.0:3001/_nuxt/node_modules/.cache/vite/client/deps/chunk-LY4OWT6B.js?v=fd09ac8d:3
[ 2835142ms] [WARNING] [intlify] Not found 'logo_alt' key in 'en' locale messages. @ http://0.0.0.0:3001/_nuxt/node_modules/.cache/vite/client/deps/chunk-LY4OWT6B.js?v=fd09ac8d:3
[ 2835143ms] [WARNING] [intlify] Fall back to translate 'logo_alt' key with 'cs' locale. @ http://0.0.0.0:3001/_nuxt/node_modules/.cache/vite/client/deps/chunk-LY4OWT6B.js?v=fd09ac8d:3
[ 2835143ms] [WARNING] [intlify] Not found 'logo_alt' key in 'cs' locale messages. @ http://0.0.0.0:3001/_nuxt/node_modules/.cache/vite/client/deps/chunk-LY4OWT6B.js?v=fd09ac8d:3
[ 2835143ms] [WARNING] [intlify] Fall back to translate 'logo_alt' with root locale. @ http://0.0.0.0:3001/_nuxt/node_modules/.cache/vite/client/deps/chunk-LY4OWT6B.js?v=fd09ac8d:3
[ 2835143ms] [WARNING] [intlify] Not found 'logo_alt' key in 'en' locale messages. @ http://0.0.0.0:3001/_nuxt/node_modules/.cache/vite/client/deps/chunk-LY4OWT6B.js?v=fd09ac8d:3
[ 2835143ms] [WARNING] [intlify] Fall back to translate 'logo_alt' key with 'cs' locale. @ http://0.0.0.0:3001/_nuxt/node_modules/.cache/vite/client/deps/chunk-LY4OWT6B.js?v=fd09ac8d:3
[ 2835144ms] [WARNING] [intlify] Not found 'logo_alt' key in 'cs' locale messages. @ http://0.0.0.0:3001/_nuxt/node_modules/.cache/vite/client/deps/chunk-LY4OWT6B.js?v=fd09ac8d:3
[ 2835144ms] [WARNING] [intlify] Not found 'title.cart' key in 'en' locale messages. @ http://0.0.0.0:3001/_nuxt/node_modules/.cache/vite/client/deps/chunk-LY4OWT6B.js?v=fd09ac8d:3
[ 2835144ms] [WARNING] [intlify] Fall back to translate 'title.cart' key with 'cs' locale. @ http://0.0.0.0:3001/_nuxt/node_modules/.cache/vite/client/deps/chunk-LY4OWT6B.js?v=fd09ac8d:3
[ 2835144ms] [WARNING] [intlify] Not found 'title.cart' key in 'cs' locale messages. @ http://0.0.0.0:3001/_nuxt/node_modules/.cache/vite/client/deps/chunk-LY4OWT6B.js?v=fd09ac8d:3
[ 2835144ms] [WARNING] [intlify] Fall back to translate 'title.cart' with root locale. @ http://0.0.0.0:3001/_nuxt/node_modules/.cache/vite/client/deps/chunk-LY4OWT6B.js?v=fd09ac8d:3
[ 2835154ms] [LOG] [nuxt-app] schema-org:meta: 0.070068359375 ms [Object] @ http://0.0.0.0:3001/_nuxt/@fs/Users/andrejkoval/Dev/vivadzen/src/front/node_modules/hookable/dist/index.mjs?v=fd09ac8d:271
[ 2835156ms] [LOG] [nuxt-app] app:suspense:resolve: 14.092041015625 ms [] @ http://0.0.0.0:3001/_nuxt/@fs/Users/andrejkoval/Dev/vivadzen/src/front/node_modules/hookable/dist/index.mjs?v=fd09ac8d:271
[ 2835176ms] [LOG] [nuxt-app] link:prefetch: 1.791015625 ms [/en/catalog] @ http://0.0.0.0:3001/_nuxt/@fs/Users/andrejkoval/Dev/vivadzen/src/front/node_modules/hookable/dist/index.mjs?v=fd09ac8d:271
[ 2835177ms] [LOG] [nuxt-app] link:prefetch : 1.801025390625 ms [/en/blog] @ http://0.0.0.0:3001/_nuxt/@fs/Users/andrejkoval/Dev/vivadzen/src/front/node_modules/hookable/dist/index.mjs?v=fd09ac8d:271
[ 2835177ms] [LOG] [nuxt-app] link:prefetch  : 1.718017578125 ms [/en/about] @ http://0.0.0.0:3001/_nuxt/@fs/Users/andrejkoval/Dev/vivadzen/src/front/node_modules/hookable/dist/index.mjs?v=fd09ac8d:271
[ 2835177ms] [LOG] [nuxt-app] link:prefetch   : 1.73388671875 ms [/en/contacts] @ http://0.0.0.0:3001/_nuxt/@fs/Users/andrejkoval/Dev/vivadzen/src/front/node_modules/hookable/dist/index.mjs?v=fd09ac8d:271
[ 2835177ms] [LOG] [nuxt-app] link:prefetch    : 1.736083984375 ms [/en/zeleny-rurut-nano-kratom-prasek-25g] @ http://0.0.0.0:3001/_nuxt/@fs/Users/andrejkoval/Dev/vivadzen/src/front/node_modules/hookable/dist/index.mjs?v=fd09ac8d:271
[ 2835177ms] [LOG] [nuxt-app] link:prefetch     : 1.754150390625 ms [/en/zeleny-rurut-nano-kratom-prasek-25g] @ http://0.0.0.0:3001/_nuxt/@fs/Users/andrejkoval/Dev/vivadzen/src/front/node_modules/hookable/dist/index.mjs?v=fd09ac8d:271
[ 2835177ms] [LOG] [nuxt-app] link:prefetch      : 1.830810546875 ms [/en/bila-maeng-da-kratom-prasek-25g] @ http://0.0.0.0:3001/_nuxt/@fs/Users/andrejkoval/Dev/vivadzen/src/front/node_modules/hookable/dist/index.mjs?v=fd09ac8d:271
[ 2835177ms] [LOG] [nuxt-app] link:prefetch       : 1.921142578125 ms [/en/bila-maeng-da-kratom-prasek-25g] @ http://0.0.0.0:3001/_nuxt/@fs/Users/andrejkoval/Dev/vivadzen/src/front/node_modules/hookable/dist/index.mjs?v=fd09ac8d:271
[ 2835177ms] [LOG] [nuxt-app] link:prefetch        : 2.00390625 ms [/en/bily-slon-kratom-prasek-25g] @ http://0.0.0.0:3001/_nuxt/@fs/Users/andrejkoval/Dev/vivadzen/src/front/node_modules/hookable/dist/index.mjs?v=fd09ac8d:271
[ 2835177ms] [LOG] [nuxt-app] link:prefetch         : 2.080078125 ms [/en/bily-slon-kratom-prasek-25g] @ http://0.0.0.0:3001/_nuxt/@fs/Users/andrejkoval/Dev/vivadzen/src/front/node_modules/hookable/dist/index.mjs?v=fd09ac8d:271
[ 2835178ms] [LOG] [nuxt-app] link:prefetch          : 2.166015625 ms [/en/zeleny-thajsky-kratom-prasek-25g] @ http://0.0.0.0:3001/_nuxt/@fs/Users/andrejkoval/Dev/vivadzen/src/front/node_modules/hookable/dist/index.mjs?v=fd09ac8d:271
[ 2835178ms] [LOG] [nuxt-app] link:prefetch           : 2.239990234375 ms [/en/zeleny-thajsky-kratom-prasek-25g] @ http://0.0.0.0:3001/_nuxt/@fs/Users/andrejkoval/Dev/vivadzen/src/front/node_modules/hookable/dist/index.mjs?v=fd09ac8d:271
[ 2835178ms] [LOG] [nuxt-app] link:prefetch            : 2.324951171875 ms [/en/cervena-maeng-da-kratom-prasek-25g] @ http://0.0.0.0:3001/_nuxt/@fs/Users/andrejkoval/Dev/vivadzen/src/front/node_modules/hookable/dist/index.mjs?v=fd09ac8d:271
[ 2835178ms] [LOG] [nuxt-app] link:prefetch             : 2.406982421875 ms [/en/cervena-maeng-da-kratom-prasek-25g] @ http://0.0.0.0:3001/_nuxt/@fs/Users/andrejkoval/Dev/vivadzen/src/front/node_modules/hookable/dist/index.mjs?v=fd09ac8d:271
[ 2835178ms] [LOG] [nuxt-app] link:prefetch              : 2.489990234375 ms [/en/zelena-maeng-da-kratom-prasek-25g] @ http://0.0.0.0:3001/_nuxt/@fs/Users/andrejkoval/Dev/vivadzen/src/front/node_modules/hookable/dist/index.mjs?v=fd09ac8d:271
[ 2835178ms] [LOG] [nuxt-app] link:prefetch               : 2.580810546875 ms [/en/zelena-maeng-da-kratom-prasek-25g] @ http://0.0.0.0:3001/_nuxt/@fs/Users/andrejkoval/Dev/vivadzen/src/front/node_modules/hookable/dist/index.mjs?v=fd09ac8d:271
[ 3258246ms] [WARNING] Timer '[nuxt-app] link:prefetch' already exists @ http://0.0.0.0:3001/_nuxt/@fs/Users/andrejkoval/Dev/vivadzen/src/front/node_modules/hookable/dist/index.mjs?v=fd09ac8d:261
[ 3258247ms] [WARNING] Timer '[nuxt-app] link:prefetch ' already exists @ http://0.0.0.0:3001/_nuxt/@fs/Users/andrejkoval/Dev/vivadzen/src/front/node_modules/hookable/dist/index.mjs?v=fd09ac8d:261
[ 3258249ms] [LOG] [nuxt-app] link:prefetch: 423074.60009765625 ms [/en/catalog] @ http://0.0.0.0:3001/_nuxt/@fs/Users/andrejkoval/Dev/vivadzen/src/front/node_modules/hookable/dist/index.mjs?v=fd09ac8d:271
[ 3258250ms] [LOG] [nuxt-app] link:prefetch : 423074.787109375 ms [/en/policy] @ http://0.0.0.0:3001/_nuxt/@fs/Users/andrejkoval/Dev/vivadzen/src/front/node_modules/hookable/dist/index.mjs?v=fd09ac8d:271
[ 3258252ms] [WARNING] Timer '[nuxt-app] link:prefetch' already exists @ http://0.0.0.0:3001/_nuxt/@fs/Users/andrejkoval/Dev/vivadzen/src/front/node_modules/hookable/dist/index.mjs?v=fd09ac8d:261
[ 3258253ms] [WARNING] Timer '[nuxt-app] link:prefetch ' already exists @ http://0.0.0.0:3001/_nuxt/@fs/Users/andrejkoval/Dev/vivadzen/src/front/node_modules/hookable/dist/index.mjs?v=fd09ac8d:261
[ 3258253ms] [LOG] [nuxt-app] link:prefetch: 423078.72998046875 ms [/en/blog] @ http://0.0.0.0:3001/_nuxt/@fs/Users/andrejkoval/Dev/vivadzen/src/front/node_modules/hookable/dist/index.mjs?v=fd09ac8d:271
[ 3258254ms] [LOG] [nuxt-app] link:prefetch : 423078.8720703125 ms [/en/terms] @ http://0.0.0.0:3001/_nuxt/@fs/Users/andrejkoval/Dev/vivadzen/src/front/node_modules/hookable/dist/index.mjs?v=fd09ac8d:271
[ 3258264ms] [WARNING] Timer '[nuxt-app] link:prefetch' already exists @ http://0.0.0.0:3001/_nuxt/@fs/Users/andrejkoval/Dev/vivadzen/src/front/node_modules/hookable/dist/index.mjs?v=fd09ac8d:261
[ 3258264ms] [WARNING] Timer '[nuxt-app] link:prefetch ' already exists @ http://0.0.0.0:3001/_nuxt/@fs/Users/andrejkoval/Dev/vivadzen/src/front/node_modules/hookable/dist/index.mjs?v=fd09ac8d:261
[ 3258264ms] [WARNING] Timer '[nuxt-app] link:prefetch  ' already exists @ http://0.0.0.0:3001/_nuxt/@fs/Users/andrejkoval/Dev/vivadzen/src/front/node_modules/hookable/dist/index.mjs?v=fd09ac8d:261
[ 3258265ms] [LOG] [nuxt-app] link:prefetch: 423090.3620605469 ms [/en/about] @ http://0.0.0.0:3001/_nuxt/@fs/Users/andrejkoval/Dev/vivadzen/src/front/node_modules/hookable/dist/index.mjs?v=fd09ac8d:271
[ 3258265ms] [LOG] [nuxt-app] link:prefetch : 423090.455078125 ms [/en/contacts] @ http://0.0.0.0:3001/_nuxt/@fs/Users/andrejkoval/Dev/vivadzen/src/front/node_modules/hookable/dist/index.mjs?v=fd09ac8d:271
[ 3258265ms] [LOG] [nuxt-app] link:prefetch  : 423090.43798828125 ms [/en/returns] @ http://0.0.0.0:3001/_nuxt/@fs/Users/andrejkoval/Dev/vivadzen/src/front/node_modules/hookable/dist/index.mjs?v=fd09ac8d:271
[ 3396585ms] [WARNING] [intlify] Not found 'logo_alt' key in 'en' locale messages. @ http://0.0.0.0:3001/_nuxt/node_modules/.cache/vite/client/deps/chunk-LY4OWT6B.js?v=fd09ac8d:3
[ 3396585ms] [WARNING] [intlify] Fall back to translate 'logo_alt' key with 'cs' locale. @ http://0.0.0.0:3001/_nuxt/node_modules/.cache/vite/client/deps/chunk-LY4OWT6B.js?v=fd09ac8d:3
[ 3396585ms] [WARNING] [intlify] Not found 'logo_alt' key in 'cs' locale messages. @ http://0.0.0.0:3001/_nuxt/node_modules/.cache/vite/client/deps/chunk-LY4OWT6B.js?v=fd09ac8d:3
[ 3396585ms] [WARNING] [intlify] Fall back to translate 'logo_alt' with root locale. @ http://0.0.0.0:3001/_nuxt/node_modules/.cache/vite/client/deps/chunk-LY4OWT6B.js?v=fd09ac8d:3
[ 3396585ms] [WARNING] [intlify] Not found 'logo_alt' key in 'en' locale messages. @ http://0.0.0.0:3001/_nuxt/node_modules/.cache/vite/client/deps/chunk-LY4OWT6B.js?v=fd09ac8d:3
[ 3396585ms] [WARNING] [intlify] Fall back to translate 'logo_alt' key with 'cs' locale. @ http://0.0.0.0:3001/_nuxt/node_modules/.cache/vite/client/deps/chunk-LY4OWT6B.js?v=fd09ac8d:3
[ 3396585ms] [WARNING] [intlify] Not found 'logo_alt' key in 'cs' locale messages. @ http://0.0.0.0:3001/_nuxt/node_modules/.cache/vite/client/deps/chunk-LY4OWT6B.js?v=fd09ac8d:3
[ 3396586ms] [WARNING] [intlify] Not found 'title.cart' key in 'en' locale messages. @ http://0.0.0.0:3001/_nuxt/node_modules/.cache/vite/client/deps/chunk-LY4OWT6B.js?v=fd09ac8d:3
[ 3396586ms] [WARNING] [intlify] Fall back to translate 'title.cart' key with 'cs' locale. @ http://0.0.0.0:3001/_nuxt/node_modules/.cache/vite/client/deps/chunk-LY4OWT6B.js?v=fd09ac8d:3
[ 3396586ms] [WARNING] [intlify] Not found 'title.cart' key in 'cs' locale messages. @ http://0.0.0.0:3001/_nuxt/node_modules/.cache/vite/client/deps/chunk-LY4OWT6B.js?v=fd09ac8d:3
[ 3396586ms] [WARNING] [intlify] Fall back to translate 'title.cart' with root locale. @ http://0.0.0.0:3001/_nuxt/node_modules/.cache/vite/client/deps/chunk-LY4OWT6B.js?v=fd09ac8d:3
[ 3396611ms] [WARNING] [intlify] Not found 'logo_alt' key in 'en' locale messages. @ http://0.0.0.0:3001/_nuxt/node_modules/.cache/vite/client/deps/chunk-LY4OWT6B.js?v=fd09ac8d:3
[ 3396611ms] [WARNING] [intlify] Fall back to translate 'logo_alt' key with 'cs' locale. @ http://0.0.0.0:3001/_nuxt/node_modules/.cache/vite/client/deps/chunk-LY4OWT6B.js?v=fd09ac8d:3
[ 3396611ms] [WARNING] [intlify] Not found 'logo_alt' key in 'cs' locale messages. @ http://0.0.0.0:3001/_nuxt/node_modules/.cache/vite/client/deps/chunk-LY4OWT6B.js?v=fd09ac8d:3
[ 3396611ms] [WARNING] [intlify] Fall back to translate 'logo_alt' with root locale. @ http://0.0.0.0:3001/_nuxt/node_modules/.cache/vite/client/deps/chunk-LY4OWT6B.js?v=fd09ac8d:3
[ 3396611ms] [WARNING] [intlify] Not found 'logo_alt' key in 'en' locale messages. @ http://0.0.0.0:3001/_nuxt/node_modules/.cache/vite/client/deps/chunk-LY4OWT6B.js?v=fd09ac8d:3
[ 3396611ms] [WARNING] [intlify] Fall back to translate 'logo_alt' key with 'cs' locale. @ http://0.0.0.0:3001/_nuxt/node_modules/.cache/vite/client/deps/chunk-LY4OWT6B.js?v=fd09ac8d:3
[ 3396611ms] [WARNING] [intlify] Not found 'logo_alt' key in 'cs' locale messages. @ http://0.0.0.0:3001/_nuxt/node_modules/.cache/vite/client/deps/chunk-LY4OWT6B.js?v=fd09ac8d:3
[ 3396612ms] [WARNING] [intlify] Not found 'title.cart' key in 'en' locale messages. @ http://0.0.0.0:3001/_nuxt/node_modules/.cache/vite/client/deps/chunk-LY4OWT6B.js?v=fd09ac8d:3
[ 3396612ms] [WARNING] [intlify] Fall back to translate 'title.cart' key with 'cs' locale. @ http://0.0.0.0:3001/_nuxt/node_modules/.cache/vite/client/deps/chunk-LY4OWT6B.js?v=fd09ac8d:3
[ 3396612ms] [WARNING] [intlify] Not found 'title.cart' key in 'cs' locale messages. @ http://0.0.0.0:3001/_nuxt/node_modules/.cache/vite/client/deps/chunk-LY4OWT6B.js?v=fd09ac8d:3
[ 3396612ms] [WARNING] [intlify] Fall back to translate 'title.cart' with root locale. @ http://0.0.0.0:3001/_nuxt/node_modules/.cache/vite/client/deps/chunk-LY4OWT6B.js?v=fd09ac8d:3
[ 3396663ms] [WARNING] [intlify] Not found 'logo_alt' key in 'en' locale messages. @ http://0.0.0.0:3001/_nuxt/node_modules/.cache/vite/client/deps/chunk-LY4OWT6B.js?v=fd09ac8d:3
[ 3396663ms] [WARNING] [intlify] Fall back to translate 'logo_alt' key with 'cs' locale. @ http://0.0.0.0:3001/_nuxt/node_modules/.cache/vite/client/deps/chunk-LY4OWT6B.js?v=fd09ac8d:3
[ 3396663ms] [WARNING] [intlify] Not found 'logo_alt' key in 'cs' locale messages. @ http://0.0.0.0:3001/_nuxt/node_modules/.cache/vite/client/deps/chunk-LY4OWT6B.js?v=fd09ac8d:3
[ 3396663ms] [WARNING] [intlify] Fall back to translate 'logo_alt' with root locale. @ http://0.0.0.0:3001/_nuxt/node_modules/.cache/vite/client/deps/chunk-LY4OWT6B.js?v=fd09ac8d:3
[ 3396663ms] [WARNING] [intlify] Not found 'logo_alt' key in 'en' locale messages. @ http://0.0.0.0:3001/_nuxt/node_modules/.cache/vite/client/deps/chunk-LY4OWT6B.js?v=fd09ac8d:3
[ 3396663ms] [WARNING] [intlify] Fall back to translate 'logo_alt' key with 'cs' locale. @ http://0.0.0.0:3001/_nuxt/node_modules/.cache/vite/client/deps/chunk-LY4OWT6B.js?v=fd09ac8d:3
[ 3396663ms] [WARNING] [intlify] Not found 'logo_alt' key in 'cs' locale messages. @ http://0.0.0.0:3001/_nuxt/node_modules/.cache/vite/client/deps/chunk-LY4OWT6B.js?v=fd09ac8d:3
[ 3396664ms] [WARNING] [intlify] Not found 'title.cart' key in 'en' locale messages. @ http://0.0.0.0:3001/_nuxt/node_modules/.cache/vite/client/deps/chunk-LY4OWT6B.js?v=fd09ac8d:3
[ 3396664ms] [WARNING] [intlify] Fall back to translate 'title.cart' key with 'cs' locale. @ http://0.0.0.0:3001/_nuxt/node_modules/.cache/vite/client/deps/chunk-LY4OWT6B.js?v=fd09ac8d:3
[ 3396664ms] [WARNING] [intlify] Not found 'title.cart' key in 'cs' locale messages. @ http://0.0.0.0:3001/_nuxt/node_modules/.cache/vite/client/deps/chunk-LY4OWT6B.js?v=fd09ac8d:3
[ 3396664ms] [WARNING] [intlify] Fall back to translate 'title.cart' with root locale. @ http://0.0.0.0:3001/_nuxt/node_modules/.cache/vite/client/deps/chunk-LY4OWT6B.js?v=fd09ac8d:3
[ 3396692ms] [WARNING] [intlify] Not found 'logo_alt' key in 'en' locale messages. @ http://0.0.0.0:3001/_nuxt/node_modules/.cache/vite/client/deps/chunk-LY4OWT6B.js?v=fd09ac8d:3
[ 3396692ms] [WARNING] [intlify] Fall back to translate 'logo_alt' key with 'cs' locale. @ http://0.0.0.0:3001/_nuxt/node_modules/.cache/vite/client/deps/chunk-LY4OWT6B.js?v=fd09ac8d:3
[ 3396693ms] [WARNING] [intlify] Not found 'logo_alt' key in 'cs' locale messages. @ http://0.0.0.0:3001/_nuxt/node_modules/.cache/vite/client/deps/chunk-LY4OWT6B.js?v=fd09ac8d:3
[ 3396693ms] [WARNING] [intlify] Fall back to translate 'logo_alt' with root locale. @ http://0.0.0.0:3001/_nuxt/node_modules/.cache/vite/client/deps/chunk-LY4OWT6B.js?v=fd09ac8d:3
[ 3396693ms] [WARNING] [intlify] Not found 'logo_alt' key in 'en' locale messages. @ http://0.0.0.0:3001/_nuxt/node_modules/.cache/vite/client/deps/chunk-LY4OWT6B.js?v=fd09ac8d:3
[ 3396693ms] [WARNING] [intlify] Fall back to translate 'logo_alt' key with 'cs' locale. @ http://0.0.0.0:3001/_nuxt/node_modules/.cache/vite/client/deps/chunk-LY4OWT6B.js?v=fd09ac8d:3
[ 3396693ms] [WARNING] [intlify] Not found 'logo_alt' key in 'cs' locale messages. @ http://0.0.0.0:3001/_nuxt/node_modules/.cache/vite/client/deps/chunk-LY4OWT6B.js?v=fd09ac8d:3
[ 3396693ms] [WARNING] [intlify] Not found 'title.cart' key in 'en' locale messages. @ http://0.0.0.0:3001/_nuxt/node_modules/.cache/vite/client/deps/chunk-LY4OWT6B.js?v=fd09ac8d:3
[ 3396693ms] [WARNING] [intlify] Fall back to translate 'title.cart' key with 'cs' locale. @ http://0.0.0.0:3001/_nuxt/node_modules/.cache/vite/client/deps/chunk-LY4OWT6B.js?v=fd09ac8d:3
[ 3396693ms] [WARNING] [intlify] Not found 'title.cart' key in 'cs' locale messages. @ http://0.0.0.0:3001/_nuxt/node_modules/.cache/vite/client/deps/chunk-LY4OWT6B.js?v=fd09ac8d:3
[ 3396693ms] [WARNING] [intlify] Fall back to translate 'title.cart' with root locale. @ http://0.0.0.0:3001/_nuxt/node_modules/.cache/vite/client/deps/chunk-LY4OWT6B.js?v=fd09ac8d:3
[ 3396714ms] [WARNING] [intlify] Not found 'logo_alt' key in 'en' locale messages. @ http://0.0.0.0:3001/_nuxt/node_modules/.cache/vite/client/deps/chunk-LY4OWT6B.js?v=fd09ac8d:3
[ 3396714ms] [WARNING] [intlify] Fall back to translate 'logo_alt' key with 'cs' locale. @ http://0.0.0.0:3001/_nuxt/node_modules/.cache/vite/client/deps/chunk-LY4OWT6B.js?v=fd09ac8d:3
[ 3396714ms] [WARNING] [intlify] Not found 'logo_alt' key in 'cs' locale messages. @ http://0.0.0.0:3001/_nuxt/node_modules/.cache/vite/client/deps/chunk-LY4OWT6B.js?v=fd09ac8d:3
[ 3396714ms] [WARNING] [intlify] Fall back to translate 'logo_alt' with root locale. @ http://0.0.0.0:3001/_nuxt/node_modules/.cache/vite/client/deps/chunk-LY4OWT6B.js?v=fd09ac8d:3
[ 3396714ms] [WARNING] [intlify] Not found 'logo_alt' key in 'en' locale messages. @ http://0.0.0.0:3001/_nuxt/node_modules/.cache/vite/client/deps/chunk-LY4OWT6B.js?v=fd09ac8d:3
[ 3396714ms] [WARNING] [intlify] Fall back to translate 'logo_alt' key with 'cs' locale. @ http://0.0.0.0:3001/_nuxt/node_modules/.cache/vite/client/deps/chunk-LY4OWT6B.js?v=fd09ac8d:3
[ 3396714ms] [WARNING] [intlify] Not found 'logo_alt' key in 'cs' locale messages. @ http://0.0.0.0:3001/_nuxt/node_modules/.cache/vite/client/deps/chunk-LY4OWT6B.js?v=fd09ac8d:3
[ 3396714ms] [WARNING] [intlify] Not found 'title.cart' key in 'en' locale messages. @ http://0.0.0.0:3001/_nuxt/node_modules/.cache/vite/client/deps/chunk-LY4OWT6B.js?v=fd09ac8d:3
[ 3396715ms] [WARNING] [intlify] Fall back to translate 'title.cart' key with 'cs' locale. @ http://0.0.0.0:3001/_nuxt/node_modules/.cache/vite/client/deps/chunk-LY4OWT6B.js?v=fd09ac8d:3
[ 3396715ms] [WARNING] [intlify] Not found 'title.cart' key in 'cs' locale messages. @ http://0.0.0.0:3001/_nuxt/node_modules/.cache/vite/client/deps/chunk-LY4OWT6B.js?v=fd09ac8d:3
[ 3396715ms] [WARNING] [intlify] Fall back to translate 'title.cart' with root locale. @ http://0.0.0.0:3001/_nuxt/node_modules/.cache/vite/client/deps/chunk-LY4OWT6B.js?v=fd09ac8d:3
[ 3396753ms] [WARNING] [intlify] Not found 'logo_alt' key in 'en' locale messages. @ http://0.0.0.0:3001/_nuxt/node_modules/.cache/vite/client/deps/chunk-LY4OWT6B.js?v=fd09ac8d:3
[ 3396754ms] [WARNING] [intlify] Fall back to translate 'logo_alt' key with 'cs' locale. @ http://0.0.0.0:3001/_nuxt/node_modules/.cache/vite/client/deps/chunk-LY4OWT6B.js?v=fd09ac8d:3
[ 3396754ms] [WARNING] [intlify] Not found 'logo_alt' key in 'cs' locale messages. @ http://0.0.0.0:3001/_nuxt/node_modules/.cache/vite/client/deps/chunk-LY4OWT6B.js?v=fd09ac8d:3
[ 3396754ms] [WARNING] [intlify] Fall back to translate 'logo_alt' with root locale. @ http://0.0.0.0:3001/_nuxt/node_modules/.cache/vite/client/deps/chunk-LY4OWT6B.js?v=fd09ac8d:3
[ 3396754ms] [WARNING] [intlify] Not found 'logo_alt' key in 'en' locale messages. @ http://0.0.0.0:3001/_nuxt/node_modules/.cache/vite/client/deps/chunk-LY4OWT6B.js?v=fd09ac8d:3
[ 3396754ms] [WARNING] [intlify] Fall back to translate 'logo_alt' key with 'cs' locale. @ http://0.0.0.0:3001/_nuxt/node_modules/.cache/vite/client/deps/chunk-LY4OWT6B.js?v=fd09ac8d:3
[ 3396754ms] [WARNING] [intlify] Not found 'logo_alt' key in 'cs' locale messages. @ http://0.0.0.0:3001/_nuxt/node_modules/.cache/vite/client/deps/chunk-LY4OWT6B.js?v=fd09ac8d:3
[ 3396754ms] [WARNING] [intlify] Not found 'title.cart' key in 'en' locale messages. @ http://0.0.0.0:3001/_nuxt/node_modules/.cache/vite/client/deps/chunk-LY4OWT6B.js?v=fd09ac8d:3
[ 3396754ms] [WARNING] [intlify] Fall back to translate 'title.cart' key with 'cs' locale. @ http://0.0.0.0:3001/_nuxt/node_modules/.cache/vite/client/deps/chunk-LY4OWT6B.js?v=fd09ac8d:3
[ 3396755ms] [WARNING] [intlify] Not found 'title.cart' key in 'cs' locale messages. @ http://0.0.0.0:3001/_nuxt/node_modules/.cache/vite/client/deps/chunk-LY4OWT6B.js?v=fd09ac8d:3
[ 3396755ms] [WARNING] [intlify] Fall back to translate 'title.cart' with root locale. @ http://0.0.0.0:3001/_nuxt/node_modules/.cache/vite/client/deps/chunk-LY4OWT6B.js?v=fd09ac8d:3
[ 3396784ms] [WARNING] [intlify] Not found 'logo_alt' key in 'en' locale messages. @ http://0.0.0.0:3001/_nuxt/node_modules/.cache/vite/client/deps/chunk-LY4OWT6B.js?v=fd09ac8d:3
[ 3396784ms] [WARNING] [intlify] Fall back to translate 'logo_alt' key with 'cs' locale. @ http://0.0.0.0:3001/_nuxt/node_modules/.cache/vite/client/deps/chunk-LY4OWT6B.js?v=fd09ac8d:3
[ 3396784ms] [WARNING] [intlify] Not found 'logo_alt' key in 'cs' locale messages. @ http://0.0.0.0:3001/_nuxt/node_modules/.cache/vite/client/deps/chunk-LY4OWT6B.js?v=fd09ac8d:3
[ 3396784ms] [WARNING] [intlify] Fall back to translate 'logo_alt' with root locale. @ http://0.0.0.0:3001/_nuxt/node_modules/.cache/vite/client/deps/chunk-LY4OWT6B.js?v=fd09ac8d:3
[ 3396784ms] [WARNING] [intlify] Not found 'logo_alt' key in 'en' locale messages. @ http://0.0.0.0:3001/_nuxt/node_modules/.cache/vite/client/deps/chunk-LY4OWT6B.js?v=fd09ac8d:3
[ 3396784ms] [WARNING] [intlify] Fall back to translate 'logo_alt' key with 'cs' locale. @ http://0.0.0.0:3001/_nuxt/node_modules/.cache/vite/client/deps/chunk-LY4OWT6B.js?v=fd09ac8d:3
[ 3396785ms] [WARNING] [intlify] Not found 'logo_alt' key in 'cs' locale messages. @ http://0.0.0.0:3001/_nuxt/node_modules/.cache/vite/client/deps/chunk-LY4OWT6B.js?v=fd09ac8d:3
[ 3396785ms] [WARNING] [intlify] Not found 'title.cart' key in 'en' locale messages. @ http://0.0.0.0:3001/_nuxt/node_modules/.cache/vite/client/deps/chunk-LY4OWT6B.js?v=fd09ac8d:3
[ 3396785ms] [WARNING] [intlify] Fall back to translate 'title.cart' key with 'cs' locale. @ http://0.0.0.0:3001/_nuxt/node_modules/.cache/vite/client/deps/chunk-LY4OWT6B.js?v=fd09ac8d:3
[ 3396785ms] [WARNING] [intlify] Not found 'title.cart' key in 'cs' locale messages. @ http://0.0.0.0:3001/_nuxt/node_modules/.cache/vite/client/deps/chunk-LY4OWT6B.js?v=fd09ac8d:3
[ 3396785ms] [WARNING] [intlify] Fall back to translate 'title.cart' with root locale. @ http://0.0.0.0:3001/_nuxt/node_modules/.cache/vite/client/deps/chunk-LY4OWT6B.js?v=fd09ac8d:3
[ 3396815ms] [WARNING] [intlify] Not found 'logo_alt' key in 'en' locale messages. @ http://0.0.0.0:3001/_nuxt/node_modules/.cache/vite/client/deps/chunk-LY4OWT6B.js?v=fd09ac8d:3
[ 3396815ms] [WARNING] [intlify] Fall back to translate 'logo_alt' key with 'cs' locale. @ http://0.0.0.0:3001/_nuxt/node_modules/.cache/vite/client/deps/chunk-LY4OWT6B.js?v=fd09ac8d:3
[ 3396815ms] [WARNING] [intlify] Not found 'logo_alt' key in 'cs' locale messages. @ http://0.0.0.0:3001/_nuxt/node_modules/.cache/vite/client/deps/chunk-LY4OWT6B.js?v=fd09ac8d:3
[ 3396815ms] [WARNING] [intlify] Fall back to translate 'logo_alt' with root locale. @ http://0.0.0.0:3001/_nuxt/node_modules/.cache/vite/client/deps/chunk-LY4OWT6B.js?v=fd09ac8d:3
[ 3396815ms] [WARNING] [intlify] Not found 'logo_alt' key in 'en' locale messages. @ http://0.0.0.0:3001/_nuxt/node_modules/.cache/vite/client/deps/chunk-LY4OWT6B.js?v=fd09ac8d:3
[ 3396815ms] [WARNING] [intlify] Fall back to translate 'logo_alt' key with 'cs' locale. @ http://0.0.0.0:3001/_nuxt/node_modules/.cache/vite/client/deps/chunk-LY4OWT6B.js?v=fd09ac8d:3
[ 3396815ms] [WARNING] [intlify] Not found 'logo_alt' key in 'cs' locale messages. @ http://0.0.0.0:3001/_nuxt/node_modules/.cache/vite/client/deps/chunk-LY4OWT6B.js?v=fd09ac8d:3
[ 3396816ms] [WARNING] [intlify] Not found 'title.cart' key in 'en' locale messages. @ http://0.0.0.0:3001/_nuxt/node_modules/.cache/vite/client/deps/chunk-LY4OWT6B.js?v=fd09ac8d:3
[ 3396816ms] [WARNING] [intlify] Fall back to translate 'title.cart' key with 'cs' locale. @ http://0.0.0.0:3001/_nuxt/node_modules/.cache/vite/client/deps/chunk-LY4OWT6B.js?v=fd09ac8d:3
[ 3396816ms] [WARNING] [intlify] Not found 'title.cart' key in 'cs' locale messages. @ http://0.0.0.0:3001/_nuxt/node_modules/.cache/vite/client/deps/chunk-LY4OWT6B.js?v=fd09ac8d:3
[ 3396816ms] [WARNING] [intlify] Fall back to translate 'title.cart' with root locale. @ http://0.0.0.0:3001/_nuxt/node_modules/.cache/vite/client/deps/chunk-LY4OWT6B.js?v=fd09ac8d:3
[ 3396850ms] [WARNING] [intlify] Not found 'logo_alt' key in 'en' locale messages. @ http://0.0.0.0:3001/_nuxt/node_modules/.cache/vite/client/deps/chunk-LY4OWT6B.js?v=fd09ac8d:3
[ 3396850ms] [WARNING] [intlify] Fall back to translate 'logo_alt' key with 'cs' locale. @ http://0.0.0.0:3001/_nuxt/node_modules/.cache/vite/client/deps/chunk-LY4OWT6B.js?v=fd09ac8d:3
[ 3396850ms] [WARNING] [intlify] Not found 'logo_alt' key in 'cs' locale messages. @ http://0.0.0.0:3001/_nuxt/node_modules/.cache/vite/client/deps/chunk-LY4OWT6B.js?v=fd09ac8d:3
[ 3396850ms] [WARNING] [intlify] Fall back to translate 'logo_alt' with root locale. @ http://0.0.0.0:3001/_nuxt/node_modules/.cache/vite/client/deps/chunk-LY4OWT6B.js?v=fd09ac8d:3
[ 3396850ms] [WARNING] [intlify] Not found 'logo_alt' key in 'en' locale messages. @ http://0.0.0.0:3001/_nuxt/node_modules/.cache/vite/client/deps/chunk-LY4OWT6B.js?v=fd09ac8d:3
[ 3396850ms] [WARNING] [intlify] Fall back to translate 'logo_alt' key with 'cs' locale. @ http://0.0.0.0:3001/_nuxt/node_modules/.cache/vite/client/deps/chunk-LY4OWT6B.js?v=fd09ac8d:3
[ 3396850ms] [WARNING] [intlify] Not found 'logo_alt' key in 'cs' locale messages. @ http://0.0.0.0:3001/_nuxt/node_modules/.cache/vite/client/deps/chunk-LY4OWT6B.js?v=fd09ac8d:3
[ 3396851ms] [WARNING] [intlify] Not found 'title.cart' key in 'en' locale messages. @ http://0.0.0.0:3001/_nuxt/node_modules/.cache/vite/client/deps/chunk-LY4OWT6B.js?v=fd09ac8d:3
[ 3396851ms] [WARNING] [intlify] Fall back to translate 'title.cart' key with 'cs' locale. @ http://0.0.0.0:3001/_nuxt/node_modules/.cache/vite/client/deps/chunk-LY4OWT6B.js?v=fd09ac8d:3
[ 3396851ms] [WARNING] [intlify] Not found 'title.cart' key in 'cs' locale messages. @ http://0.0.0.0:3001/_nuxt/node_modules/.cache/vite/client/deps/chunk-LY4OWT6B.js?v=fd09ac8d:3
[ 3396851ms] [WARNING] [intlify] Fall back to translate 'title.cart' with root locale. @ http://0.0.0.0:3001/_nuxt/node_modules/.cache/vite/client/deps/chunk-LY4OWT6B.js?v=fd09ac8d:3
[ 3396879ms] [WARNING] [intlify] Not found 'logo_alt' key in 'en' locale messages. @ http://0.0.0.0:3001/_nuxt/node_modules/.cache/vite/client/deps/chunk-LY4OWT6B.js?v=fd09ac8d:3
[ 3396879ms] [WARNING] [intlify] Fall back to translate 'logo_alt' key with 'cs' locale. @ http://0.0.0.0:3001/_nuxt/node_modules/.cache/vite/client/deps/chunk-LY4OWT6B.js?v=fd09ac8d:3
[ 3396879ms] [WARNING] [intlify] Not found 'logo_alt' key in 'cs' locale messages. @ http://0.0.0.0:3001/_nuxt/node_modules/.cache/vite/client/deps/chunk-LY4OWT6B.js?v=fd09ac8d:3
[ 3396879ms] [WARNING] [intlify] Fall back to translate 'logo_alt' with root locale. @ http://0.0.0.0:3001/_nuxt/node_modules/.cache/vite/client/deps/chunk-LY4OWT6B.js?v=fd09ac8d:3
[ 3396879ms] [WARNING] [intlify] Not found 'logo_alt' key in 'en' locale messages. @ http://0.0.0.0:3001/_nuxt/node_modules/.cache/vite/client/deps/chunk-LY4OWT6B.js?v=fd09ac8d:3
[ 3396880ms] [WARNING] [intlify] Fall back to translate 'logo_alt' key with 'cs' locale. @ http://0.0.0.0:3001/_nuxt/node_modules/.cache/vite/client/deps/chunk-LY4OWT6B.js?v=fd09ac8d:3
[ 3396880ms] [WARNING] [intlify] Not found 'logo_alt' key in 'cs' locale messages. @ http://0.0.0.0:3001/_nuxt/node_modules/.cache/vite/client/deps/chunk-LY4OWT6B.js?v=fd09ac8d:3
[ 3396880ms] [WARNING] [intlify] Not found 'title.cart' key in 'en' locale messages. @ http://0.0.0.0:3001/_nuxt/node_modules/.cache/vite/client/deps/chunk-LY4OWT6B.js?v=fd09ac8d:3
[ 3396880ms] [WARNING] [intlify] Fall back to translate 'title.cart' key with 'cs' locale. @ http://0.0.0.0:3001/_nuxt/node_modules/.cache/vite/client/deps/chunk-LY4OWT6B.js?v=fd09ac8d:3
[ 3396880ms] [WARNING] [intlify] Not found 'title.cart' key in 'cs' locale messages. @ http://0.0.0.0:3001/_nuxt/node_modules/.cache/vite/client/deps/chunk-LY4OWT6B.js?v=fd09ac8d:3
[ 3396880ms] [WARNING] [intlify] Fall back to translate 'title.cart' with root locale. @ http://0.0.0.0:3001/_nuxt/node_modules/.cache/vite/client/deps/chunk-LY4OWT6B.js?v=fd09ac8d:3
[ 3396894ms] [WARNING] [intlify] Not found 'logo_alt' key in 'en' locale messages. @ http://0.0.0.0:3001/_nuxt/node_modules/.cache/vite/client/deps/chunk-LY4OWT6B.js?v=fd09ac8d:3
[ 3396894ms] [WARNING] [intlify] Fall back to translate 'logo_alt' key with 'cs' locale. @ http://0.0.0.0:3001/_nuxt/node_modules/.cache/vite/client/deps/chunk-LY4OWT6B.js?v=fd09ac8d:3
[ 3396894ms] [WARNING] [intlify] Not found 'logo_alt' key in 'cs' locale messages. @ http://0.0.0.0:3001/_nuxt/node_modules/.cache/vite/client/deps/chunk-LY4OWT6B.js?v=fd09ac8d:3
[ 3396894ms] [WARNING] [intlify] Fall back to translate 'logo_alt' with root locale. @ http://0.0.0.0:3001/_nuxt/node_modules/.cache/vite/client/deps/chunk-LY4OWT6B.js?v=fd09ac8d:3
[ 3396894ms] [WARNING] [intlify] Not found 'logo_alt' key in 'en' locale messages. @ http://0.0.0.0:3001/_nuxt/node_modules/.cache/vite/client/deps/chunk-LY4OWT6B.js?v=fd09ac8d:3
[ 3396895ms] [WARNING] [intlify] Fall back to translate 'logo_alt' key with 'cs' locale. @ http://0.0.0.0:3001/_nuxt/node_modules/.cache/vite/client/deps/chunk-LY4OWT6B.js?v=fd09ac8d:3
[ 3396895ms] [WARNING] [intlify] Not found 'logo_alt' key in 'cs' locale messages. @ http://0.0.0.0:3001/_nuxt/node_modules/.cache/vite/client/deps/chunk-LY4OWT6B.js?v=fd09ac8d:3
[ 3396895ms] [WARNING] [intlify] Not found 'title.cart' key in 'en' locale messages. @ http://0.0.0.0:3001/_nuxt/node_modules/.cache/vite/client/deps/chunk-LY4OWT6B.js?v=fd09ac8d:3
[ 3396895ms] [WARNING] [intlify] Fall back to translate 'title.cart' key with 'cs' locale. @ http://0.0.0.0:3001/_nuxt/node_modules/.cache/vite/client/deps/chunk-LY4OWT6B.js?v=fd09ac8d:3
[ 3396895ms] [WARNING] [intlify] Not found 'title.cart' key in 'cs' locale messages. @ http://0.0.0.0:3001/_nuxt/node_modules/.cache/vite/client/deps/chunk-LY4OWT6B.js?v=fd09ac8d:3
[ 3396895ms] [WARNING] [intlify] Fall back to translate 'title.cart' with root locale. @ http://0.0.0.0:3001/_nuxt/node_modules/.cache/vite/client/deps/chunk-LY4OWT6B.js?v=fd09ac8d:3
[ 3396934ms] [WARNING] [intlify] Not found 'logo_alt' key in 'en' locale messages. @ http://0.0.0.0:3001/_nuxt/node_modules/.cache/vite/client/deps/chunk-LY4OWT6B.js?v=fd09ac8d:3
[ 3396934ms] [WARNING] [intlify] Fall back to translate 'logo_alt' key with 'cs' locale. @ http://0.0.0.0:3001/_nuxt/node_modules/.cache/vite/client/deps/chunk-LY4OWT6B.js?v=fd09ac8d:3
[ 3396934ms] [WARNING] [intlify] Not found 'logo_alt' key in 'cs' locale messages. @ http://0.0.0.0:3001/_nuxt/node_modules/.cache/vite/client/deps/chunk-LY4OWT6B.js?v=fd09ac8d:3
[ 3396934ms] [WARNING] [intlify] Fall back to translate 'logo_alt' with root locale. @ http://0.0.0.0:3001/_nuxt/node_modules/.cache/vite/client/deps/chunk-LY4OWT6B.js?v=fd09ac8d:3
[ 3396934ms] [WARNING] [intlify] Not found 'logo_alt' key in 'en' locale messages. @ http://0.0.0.0:3001/_nuxt/node_modules/.cache/vite/client/deps/chunk-LY4OWT6B.js?v=fd09ac8d:3
[ 3396934ms] [WARNING] [intlify] Fall back to translate 'logo_alt' key with 'cs' locale. @ http://0.0.0.0:3001/_nuxt/node_modules/.cache/vite/client/deps/chunk-LY4OWT6B.js?v=fd09ac8d:3
[ 3396934ms] [WARNING] [intlify] Not found 'logo_alt' key in 'cs' locale messages. @ http://0.0.0.0:3001/_nuxt/node_modules/.cache/vite/client/deps/chunk-LY4OWT6B.js?v=fd09ac8d:3
[ 3396935ms] [WARNING] [intlify] Not found 'title.cart' key in 'en' locale messages. @ http://0.0.0.0:3001/_nuxt/node_modules/.cache/vite/client/deps/chunk-LY4OWT6B.js?v=fd09ac8d:3
[ 3396935ms] [WARNING] [intlify] Fall back to translate 'title.cart' key with 'cs' locale. @ http://0.0.0.0:3001/_nuxt/node_modules/.cache/vite/client/deps/chunk-LY4OWT6B.js?v=fd09ac8d:3
[ 3396935ms] [WARNING] [intlify] Not found 'title.cart' key in 'cs' locale messages. @ http://0.0.0.0:3001/_nuxt/node_modules/.cache/vite/client/deps/chunk-LY4OWT6B.js?v=fd09ac8d:3
[ 3396935ms] [WARNING] [intlify] Fall back to translate 'title.cart' with root locale. @ http://0.0.0.0:3001/_nuxt/node_modules/.cache/vite/client/deps/chunk-LY4OWT6B.js?v=fd09ac8d:3
[ 3396951ms] [WARNING] [intlify] Not found 'logo_alt' key in 'en' locale messages. @ http://0.0.0.0:3001/_nuxt/node_modules/.cache/vite/client/deps/chunk-LY4OWT6B.js?v=fd09ac8d:3
[ 3396951ms] [WARNING] [intlify] Fall back to translate 'logo_alt' key with 'cs' locale. @ http://0.0.0.0:3001/_nuxt/node_modules/.cache/vite/client/deps/chunk-LY4OWT6B.js?v=fd09ac8d:3
[ 3396951ms] [WARNING] [intlify] Not found 'logo_alt' key in 'cs' locale messages. @ http://0.0.0.0:3001/_nuxt/node_modules/.cache/vite/client/deps/chunk-LY4OWT6B.js?v=fd09ac8d:3
[ 3396951ms] [WARNING] [intlify] Fall back to translate 'logo_alt' with root locale. @ http://0.0.0.0:3001/_nuxt/node_modules/.cache/vite/client/deps/chunk-LY4OWT6B.js?v=fd09ac8d:3
[ 3396951ms] [WARNING] [intlify] Not found 'logo_alt' key in 'en' locale messages. @ http://0.0.0.0:3001/_nuxt/node_modules/.cache/vite/client/deps/chunk-LY4OWT6B.js?v=fd09ac8d:3
[ 3396951ms] [WARNING] [intlify] Fall back to translate 'logo_alt' key with 'cs' locale. @ http://0.0.0.0:3001/_nuxt/node_modules/.cache/vite/client/deps/chunk-LY4OWT6B.js?v=fd09ac8d:3
[ 3396951ms] [WARNING] [intlify] Not found 'logo_alt' key in 'cs' locale messages. @ http://0.0.0.0:3001/_nuxt/node_modules/.cache/vite/client/deps/chunk-LY4OWT6B.js?v=fd09ac8d:3
[ 3396952ms] [WARNING] [intlify] Not found 'title.cart' key in 'en' locale messages. @ http://0.0.0.0:3001/_nuxt/node_modules/.cache/vite/client/deps/chunk-LY4OWT6B.js?v=fd09ac8d:3
[ 3396952ms] [WARNING] [intlify] Fall back to translate 'title.cart' key with 'cs' locale. @ http://0.0.0.0:3001/_nuxt/node_modules/.cache/vite/client/deps/chunk-LY4OWT6B.js?v=fd09ac8d:3
[ 3396952ms] [WARNING] [intlify] Not found 'title.cart' key in 'cs' locale messages. @ http://0.0.0.0:3001/_nuxt/node_modules/.cache/vite/client/deps/chunk-LY4OWT6B.js?v=fd09ac8d:3
[ 3396952ms] [WARNING] [intlify] Fall back to translate 'title.cart' with root locale. @ http://0.0.0.0:3001/_nuxt/node_modules/.cache/vite/client/deps/chunk-LY4OWT6B.js?v=fd09ac8d:3
[ 3397442ms] [WARNING] [intlify] Not found 'logo_alt' key in 'en' locale messages. @ http://0.0.0.0:3001/_nuxt/node_modules/.cache/vite/client/deps/chunk-LY4OWT6B.js?v=fd09ac8d:3
[ 3397442ms] [WARNING] [intlify] Fall back to translate 'logo_alt' key with 'cs' locale. @ http://0.0.0.0:3001/_nuxt/node_modules/.cache/vite/client/deps/chunk-LY4OWT6B.js?v=fd09ac8d:3
[ 3397442ms] [WARNING] [intlify] Not found 'logo_alt' key in 'cs' locale messages. @ http://0.0.0.0:3001/_nuxt/node_modules/.cache/vite/client/deps/chunk-LY4OWT6B.js?v=fd09ac8d:3
[ 3397442ms] [WARNING] [intlify] Fall back to translate 'logo_alt' with root locale. @ http://0.0.0.0:3001/_nuxt/node_modules/.cache/vite/client/deps/chunk-LY4OWT6B.js?v=fd09ac8d:3
[ 3397442ms] [WARNING] [intlify] Not found 'logo_alt' key in 'en' locale messages. @ http://0.0.0.0:3001/_nuxt/node_modules/.cache/vite/client/deps/chunk-LY4OWT6B.js?v=fd09ac8d:3
[ 3397442ms] [WARNING] [intlify] Fall back to translate 'logo_alt' key with 'cs' locale. @ http://0.0.0.0:3001/_nuxt/node_modules/.cache/vite/client/deps/chunk-LY4OWT6B.js?v=fd09ac8d:3
[ 3397442ms] [WARNING] [intlify] Not found 'logo_alt' key in 'cs' locale messages. @ http://0.0.0.0:3001/_nuxt/node_modules/.cache/vite/client/deps/chunk-LY4OWT6B.js?v=fd09ac8d:3
[ 3397442ms] [WARNING] [intlify] Not found 'title.cart' key in 'en' locale messages. @ http://0.0.0.0:3001/_nuxt/node_modules/.cache/vite/client/deps/chunk-LY4OWT6B.js?v=fd09ac8d:3
[ 3397442ms] [WARNING] [intlify] Fall back to translate 'title.cart' key with 'cs' locale. @ http://0.0.0.0:3001/_nuxt/node_modules/.cache/vite/client/deps/chunk-LY4OWT6B.js?v=fd09ac8d:3
[ 3397442ms] [WARNING] [intlify] Not found 'title.cart' key in 'cs' locale messages. @ http://0.0.0.0:3001/_nuxt/node_modules/.cache/vite/client/deps/chunk-LY4OWT6B.js?v=fd09ac8d:3
[ 3397443ms] [WARNING] [intlify] Fall back to translate 'title.cart' with root locale. @ http://0.0.0.0:3001/_nuxt/node_modules/.cache/vite/client/deps/chunk-LY4OWT6B.js?v=fd09ac8d:3
[ 3397461ms] [WARNING] [intlify] Not found 'logo_alt' key in 'en' locale messages. @ http://0.0.0.0:3001/_nuxt/node_modules/.cache/vite/client/deps/chunk-LY4OWT6B.js?v=fd09ac8d:3
[ 3397462ms] [WARNING] [intlify] Fall back to translate 'logo_alt' key with 'cs' locale. @ http://0.0.0.0:3001/_nuxt/node_modules/.cache/vite/client/deps/chunk-LY4OWT6B.js?v=fd09ac8d:3
[ 3397462ms] [WARNING] [intlify] Not found 'logo_alt' key in 'cs' locale messages. @ http://0.0.0.0:3001/_nuxt/node_modules/.cache/vite/client/deps/chunk-LY4OWT6B.js?v=fd09ac8d:3
[ 3397462ms] [WARNING] [intlify] Fall back to translate 'logo_alt' with root locale. @ http://0.0.0.0:3001/_nuxt/node_modules/.cache/vite/client/deps/chunk-LY4OWT6B.js?v=fd09ac8d:3
[ 3397462ms] [WARNING] [intlify] Not found 'logo_alt' key in 'en' locale messages. @ http://0.0.0.0:3001/_nuxt/node_modules/.cache/vite/client/deps/chunk-LY4OWT6B.js?v=fd09ac8d:3
[ 3397462ms] [WARNING] [intlify] Fall back to translate 'logo_alt' key with 'cs' locale. @ http://0.0.0.0:3001/_nuxt/node_modules/.cache/vite/client/deps/chunk-LY4OWT6B.js?v=fd09ac8d:3
[ 3397462ms] [WARNING] [intlify] Not found 'logo_alt' key in 'cs' locale messages. @ http://0.0.0.0:3001/_nuxt/node_modules/.cache/vite/client/deps/chunk-LY4OWT6B.js?v=fd09ac8d:3
[ 3397462ms] [WARNING] [intlify] Not found 'title.cart' key in 'en' locale messages. @ http://0.0.0.0:3001/_nuxt/node_modules/.cache/vite/client/deps/chunk-LY4OWT6B.js?v=fd09ac8d:3
[ 3397462ms] [WARNING] [intlify] Fall back to translate 'title.cart' key with 'cs' locale. @ http://0.0.0.0:3001/_nuxt/node_modules/.cache/vite/client/deps/chunk-LY4OWT6B.js?v=fd09ac8d:3
[ 3397462ms] [WARNING] [intlify] Not found 'title.cart' key in 'cs' locale messages. @ http://0.0.0.0:3001/_nuxt/node_modules/.cache/vite/client/deps/chunk-LY4OWT6B.js?v=fd09ac8d:3
[ 3397462ms] [WARNING] [intlify] Fall back to translate 'title.cart' with root locale. @ http://0.0.0.0:3001/_nuxt/node_modules/.cache/vite/client/deps/chunk-LY4OWT6B.js?v=fd09ac8d:3
[ 3397488ms] [WARNING] [intlify] Not found 'logo_alt' key in 'en' locale messages. @ http://0.0.0.0:3001/_nuxt/node_modules/.cache/vite/client/deps/chunk-LY4OWT6B.js?v=fd09ac8d:3
[ 3397488ms] [WARNING] [intlify] Fall back to translate 'logo_alt' key with 'cs' locale. @ http://0.0.0.0:3001/_nuxt/node_modules/.cache/vite/client/deps/chunk-LY4OWT6B.js?v=fd09ac8d:3
[ 3397488ms] [WARNING] [intlify] Not found 'logo_alt' key in 'cs' locale messages. @ http://0.0.0.0:3001/_nuxt/node_modules/.cache/vite/client/deps/chunk-LY4OWT6B.js?v=fd09ac8d:3
[ 3397488ms] [WARNING] [intlify] Fall back to translate 'logo_alt' with root locale. @ http://0.0.0.0:3001/_nuxt/node_modules/.cache/vite/client/deps/chunk-LY4OWT6B.js?v=fd09ac8d:3
[ 3397489ms] [WARNING] [intlify] Not found 'logo_alt' key in 'en' locale messages. @ http://0.0.0.0:3001/_nuxt/node_modules/.cache/vite/client/deps/chunk-LY4OWT6B.js?v=fd09ac8d:3
[ 3397489ms] [WARNING] [intlify] Fall back to translate 'logo_alt' key with 'cs' locale. @ http://0.0.0.0:3001/_nuxt/node_modules/.cache/vite/client/deps/chunk-LY4OWT6B.js?v=fd09ac8d:3
[ 3397489ms] [WARNING] [intlify] Not found 'logo_alt' key in 'cs' locale messages. @ http://0.0.0.0:3001/_nuxt/node_modules/.cache/vite/client/deps/chunk-LY4OWT6B.js?v=fd09ac8d:3
[ 3397489ms] [WARNING] [intlify] Not found 'title.cart' key in 'en' locale messages. @ http://0.0.0.0:3001/_nuxt/node_modules/.cache/vite/client/deps/chunk-LY4OWT6B.js?v=fd09ac8d:3
[ 3397489ms] [WARNING] [intlify] Fall back to translate 'title.cart' key with 'cs' locale. @ http://0.0.0.0:3001/_nuxt/node_modules/.cache/vite/client/deps/chunk-LY4OWT6B.js?v=fd09ac8d:3
[ 3397489ms] [WARNING] [intlify] Not found 'title.cart' key in 'cs' locale messages. @ http://0.0.0.0:3001/_nuxt/node_modules/.cache/vite/client/deps/chunk-LY4OWT6B.js?v=fd09ac8d:3
[ 3397489ms] [WARNING] [intlify] Fall back to translate 'title.cart' with root locale. @ http://0.0.0.0:3001/_nuxt/node_modules/.cache/vite/client/deps/chunk-LY4OWT6B.js?v=fd09ac8d:3
[ 3397499ms] [WARNING] [intlify] Not found 'logo_alt' key in 'en' locale messages. @ http://0.0.0.0:3001/_nuxt/node_modules/.cache/vite/client/deps/chunk-LY4OWT6B.js?v=fd09ac8d:3
[ 3397499ms] [WARNING] [intlify] Fall back to translate 'logo_alt' key with 'cs' locale. @ http://0.0.0.0:3001/_nuxt/node_modules/.cache/vite/client/deps/chunk-LY4OWT6B.js?v=fd09ac8d:3
[ 3397499ms] [WARNING] [intlify] Not found 'logo_alt' key in 'cs' locale messages. @ http://0.0.0.0:3001/_nuxt/node_modules/.cache/vite/client/deps/chunk-LY4OWT6B.js?v=fd09ac8d:3
[ 3397499ms] [WARNING] [intlify] Fall back to translate 'logo_alt' with root locale. @ http://0.0.0.0:3001/_nuxt/node_modules/.cache/vite/client/deps/chunk-LY4OWT6B.js?v=fd09ac8d:3
[ 3397499ms] [WARNING] [intlify] Not found 'logo_alt' key in 'en' locale messages. @ http://0.0.0.0:3001/_nuxt/node_modules/.cache/vite/client/deps/chunk-LY4OWT6B.js?v=fd09ac8d:3
[ 3397499ms] [WARNING] [intlify] Fall back to translate 'logo_alt' key with 'cs' locale. @ http://0.0.0.0:3001/_nuxt/node_modules/.cache/vite/client/deps/chunk-LY4OWT6B.js?v=fd09ac8d:3
[ 3397500ms] [WARNING] [intlify] Not found 'logo_alt' key in 'cs' locale messages. @ http://0.0.0.0:3001/_nuxt/node_modules/.cache/vite/client/deps/chunk-LY4OWT6B.js?v=fd09ac8d:3
[ 3397500ms] [WARNING] [intlify] Not found 'title.cart' key in 'en' locale messages. @ http://0.0.0.0:3001/_nuxt/node_modules/.cache/vite/client/deps/chunk-LY4OWT6B.js?v=fd09ac8d:3
[ 3397500ms] [WARNING] [intlify] Fall back to translate 'title.cart' key with 'cs' locale. @ http://0.0.0.0:3001/_nuxt/node_modules/.cache/vite/client/deps/chunk-LY4OWT6B.js?v=fd09ac8d:3
[ 3397500ms] [WARNING] [intlify] Not found 'title.cart' key in 'cs' locale messages. @ http://0.0.0.0:3001/_nuxt/node_modules/.cache/vite/client/deps/chunk-LY4OWT6B.js?v=fd09ac8d:3
[ 3397500ms] [WARNING] [intlify] Fall back to translate 'title.cart' with root locale. @ http://0.0.0.0:3001/_nuxt/node_modules/.cache/vite/client/deps/chunk-LY4OWT6B.js?v=fd09ac8d:3
[ 3397509ms] [WARNING] [intlify] Not found 'logo_alt' key in 'en' locale messages. @ http://0.0.0.0:3001/_nuxt/node_modules/.cache/vite/client/deps/chunk-LY4OWT6B.js?v=fd09ac8d:3
[ 3397509ms] [WARNING] [intlify] Fall back to translate 'logo_alt' key with 'cs' locale. @ http://0.0.0.0:3001/_nuxt/node_modules/.cache/vite/client/deps/chunk-LY4OWT6B.js?v=fd09ac8d:3
[ 3397510ms] [WARNING] [intlify] Not found 'logo_alt' key in 'cs' locale messages. @ http://0.0.0.0:3001/_nuxt/node_modules/.cache/vite/client/deps/chunk-LY4OWT6B.js?v=fd09ac8d:3
[ 3397510ms] [WARNING] [intlify] Fall back to translate 'logo_alt' with root locale. @ http://0.0.0.0:3001/_nuxt/node_modules/.cache/vite/client/deps/chunk-LY4OWT6B.js?v=fd09ac8d:3
[ 3397510ms] [WARNING] [intlify] Not found 'logo_alt' key in 'en' locale messages. @ http://0.0.0.0:3001/_nuxt/node_modules/.cache/vite/client/deps/chunk-LY4OWT6B.js?v=fd09ac8d:3
[ 3397510ms] [WARNING] [intlify] Fall back to translate 'logo_alt' key with 'cs' locale. @ http://0.0.0.0:3001/_nuxt/node_modules/.cache/vite/client/deps/chunk-LY4OWT6B.js?v=fd09ac8d:3
[ 3397510ms] [WARNING] [intlify] Not found 'logo_alt' key in 'cs' locale messages. @ http://0.0.0.0:3001/_nuxt/node_modules/.cache/vite/client/deps/chunk-LY4OWT6B.js?v=fd09ac8d:3
[ 3397511ms] [WARNING] [intlify] Not found 'title.cart' key in 'en' locale messages. @ http://0.0.0.0:3001/_nuxt/node_modules/.cache/vite/client/deps/chunk-LY4OWT6B.js?v=fd09ac8d:3
[ 3397511ms] [WARNING] [intlify] Fall back to translate 'title.cart' key with 'cs' locale. @ http://0.0.0.0:3001/_nuxt/node_modules/.cache/vite/client/deps/chunk-LY4OWT6B.js?v=fd09ac8d:3
[ 3397511ms] [WARNING] [intlify] Not found 'title.cart' key in 'cs' locale messages. @ http://0.0.0.0:3001/_nuxt/node_modules/.cache/vite/client/deps/chunk-LY4OWT6B.js?v=fd09ac8d:3
[ 3397511ms] [WARNING] [intlify] Fall back to translate 'title.cart' with root locale. @ http://0.0.0.0:3001/_nuxt/node_modules/.cache/vite/client/deps/chunk-LY4OWT6B.js?v=fd09ac8d:3
[ 3397524ms] [WARNING] [intlify] Not found 'logo_alt' key in 'en' locale messages. @ http://0.0.0.0:3001/_nuxt/node_modules/.cache/vite/client/deps/chunk-LY4OWT6B.js?v=fd09ac8d:3
[ 3397524ms] [WARNING] [intlify] Fall back to translate 'logo_alt' key with 'cs' locale. @ http://0.0.0.0:3001/_nuxt/node_modules/.cache/vite/client/deps/chunk-LY4OWT6B.js?v=fd09ac8d:3
[ 3397524ms] [WARNING] [intlify] Not found 'logo_alt' key in 'cs' locale messages. @ http://0.0.0.0:3001/_nuxt/node_modules/.cache/vite/client/deps/chunk-LY4OWT6B.js?v=fd09ac8d:3
[ 3397524ms] [WARNING] [intlify] Fall back to translate 'logo_alt' with root locale. @ http://0.0.0.0:3001/_nuxt/node_modules/.cache/vite/client/deps/chunk-LY4OWT6B.js?v=fd09ac8d:3
[ 3397525ms] [WARNING] [intlify] Not found 'logo_alt' key in 'en' locale messages. @ http://0.0.0.0:3001/_nuxt/node_modules/.cache/vite/client/deps/chunk-LY4OWT6B.js?v=fd09ac8d:3
[ 3397525ms] [WARNING] [intlify] Fall back to translate 'logo_alt' key with 'cs' locale. @ http://0.0.0.0:3001/_nuxt/node_modules/.cache/vite/client/deps/chunk-LY4OWT6B.js?v=fd09ac8d:3
[ 3397525ms] [WARNING] [intlify] Not found 'logo_alt' key in 'cs' locale messages. @ http://0.0.0.0:3001/_nuxt/node_modules/.cache/vite/client/deps/chunk-LY4OWT6B.js?v=fd09ac8d:3
[ 3397525ms] [WARNING] [intlify] Not found 'title.cart' key in 'en' locale messages. @ http://0.0.0.0:3001/_nuxt/node_modules/.cache/vite/client/deps/chunk-LY4OWT6B.js?v=fd09ac8d:3
[ 3397525ms] [WARNING] [intlify] Fall back to translate 'title.cart' key with 'cs' locale. @ http://0.0.0.0:3001/_nuxt/node_modules/.cache/vite/client/deps/chunk-LY4OWT6B.js?v=fd09ac8d:3
[ 3397525ms] [WARNING] [intlify] Not found 'title.cart' key in 'cs' locale messages. @ http://0.0.0.0:3001/_nuxt/node_modules/.cache/vite/client/deps/chunk-LY4OWT6B.js?v=fd09ac8d:3
[ 3397525ms] [WARNING] [intlify] Fall back to translate 'title.cart' with root locale. @ http://0.0.0.0:3001/_nuxt/node_modules/.cache/vite/client/deps/chunk-LY4OWT6B.js?v=fd09ac8d:3
[ 3397533ms] [WARNING] [intlify] Not found 'logo_alt' key in 'en' locale messages. @ http://0.0.0.0:3001/_nuxt/node_modules/.cache/vite/client/deps/chunk-LY4OWT6B.js?v=fd09ac8d:3
[ 3397533ms] [WARNING] [intlify] Fall back to translate 'logo_alt' key with 'cs' locale. @ http://0.0.0.0:3001/_nuxt/node_modules/.cache/vite/client/deps/chunk-LY4OWT6B.js?v=fd09ac8d:3
[ 3397533ms] [WARNING] [intlify] Not found 'logo_alt' key in 'cs' locale messages. @ http://0.0.0.0:3001/_nuxt/node_modules/.cache/vite/client/deps/chunk-LY4OWT6B.js?v=fd09ac8d:3
[ 3397533ms] [WARNING] [intlify] Fall back to translate 'logo_alt' with root locale. @ http://0.0.0.0:3001/_nuxt/node_modules/.cache/vite/client/deps/chunk-LY4OWT6B.js?v=fd09ac8d:3
[ 3397533ms] [WARNING] [intlify] Not found 'logo_alt' key in 'en' locale messages. @ http://0.0.0.0:3001/_nuxt/node_modules/.cache/vite/client/deps/chunk-LY4OWT6B.js?v=fd09ac8d:3
[ 3397533ms] [WARNING] [intlify] Fall back to translate 'logo_alt' key with 'cs' locale. @ http://0.0.0.0:3001/_nuxt/node_modules/.cache/vite/client/deps/chunk-LY4OWT6B.js?v=fd09ac8d:3
[ 3397533ms] [WARNING] [intlify] Not found 'logo_alt' key in 'cs' locale messages. @ http://0.0.0.0:3001/_nuxt/node_modules/.cache/vite/client/deps/chunk-LY4OWT6B.js?v=fd09ac8d:3
[ 3397534ms] [WARNING] [intlify] Not found 'title.cart' key in 'en' locale messages. @ http://0.0.0.0:3001/_nuxt/node_modules/.cache/vite/client/deps/chunk-LY4OWT6B.js?v=fd09ac8d:3
[ 3397534ms] [WARNING] [intlify] Fall back to translate 'title.cart' key with 'cs' locale. @ http://0.0.0.0:3001/_nuxt/node_modules/.cache/vite/client/deps/chunk-LY4OWT6B.js?v=fd09ac8d:3
[ 3397534ms] [WARNING] [intlify] Not found 'title.cart' key in 'cs' locale messages. @ http://0.0.0.0:3001/_nuxt/node_modules/.cache/vite/client/deps/chunk-LY4OWT6B.js?v=fd09ac8d:3
[ 3397534ms] [WARNING] [intlify] Fall back to translate 'title.cart' with root locale. @ http://0.0.0.0:3001/_nuxt/node_modules/.cache/vite/client/deps/chunk-LY4OWT6B.js?v=fd09ac8d:3
[ 3397560ms] [WARNING] [intlify] Not found 'logo_alt' key in 'en' locale messages. @ http://0.0.0.0:3001/_nuxt/node_modules/.cache/vite/client/deps/chunk-LY4OWT6B.js?v=fd09ac8d:3
[ 3397561ms] [WARNING] [intlify] Fall back to translate 'logo_alt' key with 'cs' locale. @ http://0.0.0.0:3001/_nuxt/node_modules/.cache/vite/client/deps/chunk-LY4OWT6B.js?v=fd09ac8d:3
[ 3397561ms] [WARNING] [intlify] Not found 'logo_alt' key in 'cs' locale messages. @ http://0.0.0.0:3001/_nuxt/node_modules/.cache/vite/client/deps/chunk-LY4OWT6B.js?v=fd09ac8d:3
[ 3397561ms] [WARNING] [intlify] Fall back to translate 'logo_alt' with root locale. @ http://0.0.0.0:3001/_nuxt/node_modules/.cache/vite/client/deps/chunk-LY4OWT6B.js?v=fd09ac8d:3
[ 3397561ms] [WARNING] [intlify] Not found 'logo_alt' key in 'en' locale messages. @ http://0.0.0.0:3001/_nuxt/node_modules/.cache/vite/client/deps/chunk-LY4OWT6B.js?v=fd09ac8d:3
[ 3397561ms] [WARNING] [intlify] Fall back to translate 'logo_alt' key with 'cs' locale. @ http://0.0.0.0:3001/_nuxt/node_modules/.cache/vite/client/deps/chunk-LY4OWT6B.js?v=fd09ac8d:3
[ 3397561ms] [WARNING] [intlify] Not found 'logo_alt' key in 'cs' locale messages. @ http://0.0.0.0:3001/_nuxt/node_modules/.cache/vite/client/deps/chunk-LY4OWT6B.js?v=fd09ac8d:3
[ 3397561ms] [WARNING] [intlify] Not found 'title.cart' key in 'en' locale messages. @ http://0.0.0.0:3001/_nuxt/node_modules/.cache/vite/client/deps/chunk-LY4OWT6B.js?v=fd09ac8d:3
[ 3397561ms] [WARNING] [intlify] Fall back to translate 'title.cart' key with 'cs' locale. @ http://0.0.0.0:3001/_nuxt/node_modules/.cache/vite/client/deps/chunk-LY4OWT6B.js?v=fd09ac8d:3
[ 3397561ms] [WARNING] [intlify] Not found 'title.cart' key in 'cs' locale messages. @ http://0.0.0.0:3001/_nuxt/node_modules/.cache/vite/client/deps/chunk-LY4OWT6B.js?v=fd09ac8d:3
[ 3397562ms] [WARNING] [intlify] Fall back to translate 'title.cart' with root locale. @ http://0.0.0.0:3001/_nuxt/node_modules/.cache/vite/client/deps/chunk-LY4OWT6B.js?v=fd09ac8d:3
[ 3397571ms] [WARNING] [intlify] Not found 'logo_alt' key in 'en' locale messages. @ http://0.0.0.0:3001/_nuxt/node_modules/.cache/vite/client/deps/chunk-LY4OWT6B.js?v=fd09ac8d:3
[ 3397571ms] [WARNING] [intlify] Fall back to translate 'logo_alt' key with 'cs' locale. @ http://0.0.0.0:3001/_nuxt/node_modules/.cache/vite/client/deps/chunk-LY4OWT6B.js?v=fd09ac8d:3
[ 3397572ms] [WARNING] [intlify] Not found 'logo_alt' key in 'cs' locale messages. @ http://0.0.0.0:3001/_nuxt/node_modules/.cache/vite/client/deps/chunk-LY4OWT6B.js?v=fd09ac8d:3
[ 3397572ms] [WARNING] [intlify] Fall back to translate 'logo_alt' with root locale. @ http://0.0.0.0:3001/_nuxt/node_modules/.cache/vite/client/deps/chunk-LY4OWT6B.js?v=fd09ac8d:3
[ 3397572ms] [WARNING] [intlify] Not found 'logo_alt' key in 'en' locale messages. @ http://0.0.0.0:3001/_nuxt/node_modules/.cache/vite/client/deps/chunk-LY4OWT6B.js?v=fd09ac8d:3
[ 3397572ms] [WARNING] [intlify] Fall back to translate 'logo_alt' key with 'cs' locale. @ http://0.0.0.0:3001/_nuxt/node_modules/.cache/vite/client/deps/chunk-LY4OWT6B.js?v=fd09ac8d:3
[ 3397572ms] [WARNING] [intlify] Not found 'logo_alt' key in 'cs' locale messages. @ http://0.0.0.0:3001/_nuxt/node_modules/.cache/vite/client/deps/chunk-LY4OWT6B.js?v=fd09ac8d:3
[ 3397572ms] [WARNING] [intlify] Not found 'title.cart' key in 'en' locale messages. @ http://0.0.0.0:3001/_nuxt/node_modules/.cache/vite/client/deps/chunk-LY4OWT6B.js?v=fd09ac8d:3
[ 3397572ms] [WARNING] [intlify] Fall back to translate 'title.cart' key with 'cs' locale. @ http://0.0.0.0:3001/_nuxt/node_modules/.cache/vite/client/deps/chunk-LY4OWT6B.js?v=fd09ac8d:3
[ 3397572ms] [WARNING] [intlify] Not found 'title.cart' key in 'cs' locale messages. @ http://0.0.0.0:3001/_nuxt/node_modules/.cache/vite/client/deps/chunk-LY4OWT6B.js?v=fd09ac8d:3
[ 3397572ms] [WARNING] [intlify] Fall back to translate 'title.cart' with root locale. @ http://0.0.0.0:3001/_nuxt/node_modules/.cache/vite/client/deps/chunk-LY4OWT6B.js?v=fd09ac8d:3
[ 3397613ms] [WARNING] [intlify] Not found 'logo_alt' key in 'en' locale messages. @ http://0.0.0.0:3001/_nuxt/node_modules/.cache/vite/client/deps/chunk-LY4OWT6B.js?v=fd09ac8d:3
[ 3397613ms] [WARNING] [intlify] Fall back to translate 'logo_alt' key with 'cs' locale. @ http://0.0.0.0:3001/_nuxt/node_modules/.cache/vite/client/deps/chunk-LY4OWT6B.js?v=fd09ac8d:3
[ 3397613ms] [WARNING] [intlify] Not found 'logo_alt' key in 'cs' locale messages. @ http://0.0.0.0:3001/_nuxt/node_modules/.cache/vite/client/deps/chunk-LY4OWT6B.js?v=fd09ac8d:3
[ 3397613ms] [WARNING] [intlify] Fall back to translate 'logo_alt' with root locale. @ http://0.0.0.0:3001/_nuxt/node_modules/.cache/vite/client/deps/chunk-LY4OWT6B.js?v=fd09ac8d:3
[ 3397614ms] [WARNING] [intlify] Not found 'logo_alt' key in 'en' locale messages. @ http://0.0.0.0:3001/_nuxt/node_modules/.cache/vite/client/deps/chunk-LY4OWT6B.js?v=fd09ac8d:3
[ 3397614ms] [WARNING] [intlify] Fall back to translate 'logo_alt' key with 'cs' locale. @ http://0.0.0.0:3001/_nuxt/node_modules/.cache/vite/client/deps/chunk-LY4OWT6B.js?v=fd09ac8d:3
[ 3397614ms] [WARNING] [intlify] Not found 'logo_alt' key in 'cs' locale messages. @ http://0.0.0.0:3001/_nuxt/node_modules/.cache/vite/client/deps/chunk-LY4OWT6B.js?v=fd09ac8d:3
[ 3397614ms] [WARNING] [intlify] Not found 'title.cart' key in 'en' locale messages. @ http://0.0.0.0:3001/_nuxt/node_modules/.cache/vite/client/deps/chunk-LY4OWT6B.js?v=fd09ac8d:3
[ 3397614ms] [WARNING] [intlify] Fall back to translate 'title.cart' key with 'cs' locale. @ http://0.0.0.0:3001/_nuxt/node_modules/.cache/vite/client/deps/chunk-LY4OWT6B.js?v=fd09ac8d:3
[ 3397614ms] [WARNING] [intlify] Not found 'title.cart' key in 'cs' locale messages. @ http://0.0.0.0:3001/_nuxt/node_modules/.cache/vite/client/deps/chunk-LY4OWT6B.js?v=fd09ac8d:3
[ 3397614ms] [WARNING] [intlify] Fall back to translate 'title.cart' with root locale. @ http://0.0.0.0:3001/_nuxt/node_modules/.cache/vite/client/deps/chunk-LY4OWT6B.js?v=fd09ac8d:3
[ 3397649ms] [WARNING] [intlify] Not found 'logo_alt' key in 'en' locale messages. @ http://0.0.0.0:3001/_nuxt/node_modules/.cache/vite/client/deps/chunk-LY4OWT6B.js?v=fd09ac8d:3
[ 3397649ms] [WARNING] [intlify] Fall back to translate 'logo_alt' key with 'cs' locale. @ http://0.0.0.0:3001/_nuxt/node_modules/.cache/vite/client/deps/chunk-LY4OWT6B.js?v=fd09ac8d:3
[ 3397649ms] [WARNING] [intlify] Not found 'logo_alt' key in 'cs' locale messages. @ http://0.0.0.0:3001/_nuxt/node_modules/.cache/vite/client/deps/chunk-LY4OWT6B.js?v=fd09ac8d:3
[ 3397650ms] [WARNING] [intlify] Fall back to translate 'logo_alt' with root locale. @ http://0.0.0.0:3001/_nuxt/node_modules/.cache/vite/client/deps/chunk-LY4OWT6B.js?v=fd09ac8d:3
[ 3397650ms] [WARNING] [intlify] Not found 'logo_alt' key in 'en' locale messages. @ http://0.0.0.0:3001/_nuxt/node_modules/.cache/vite/client/deps/chunk-LY4OWT6B.js?v=fd09ac8d:3
[ 3397650ms] [WARNING] [intlify] Fall back to translate 'logo_alt' key with 'cs' locale. @ http://0.0.0.0:3001/_nuxt/node_modules/.cache/vite/client/deps/chunk-LY4OWT6B.js?v=fd09ac8d:3
[ 3397650ms] [WARNING] [intlify] Not found 'logo_alt' key in 'cs' locale messages. @ http://0.0.0.0:3001/_nuxt/node_modules/.cache/vite/client/deps/chunk-LY4OWT6B.js?v=fd09ac8d:3
[ 3397651ms] [WARNING] [intlify] Not found 'title.cart' key in 'en' locale messages. @ http://0.0.0.0:3001/_nuxt/node_modules/.cache/vite/client/deps/chunk-LY4OWT6B.js?v=fd09ac8d:3
[ 3397651ms] [WARNING] [intlify] Fall back to translate 'title.cart' key with 'cs' locale. @ http://0.0.0.0:3001/_nuxt/node_modules/.cache/vite/client/deps/chunk-LY4OWT6B.js?v=fd09ac8d:3
[ 3397651ms] [WARNING] [intlify] Not found 'title.cart' key in 'cs' locale messages. @ http://0.0.0.0:3001/_nuxt/node_modules/.cache/vite/client/deps/chunk-LY4OWT6B.js?v=fd09ac8d:3
[ 3397651ms] [WARNING] [intlify] Fall back to translate 'title.cart' with root locale. @ http://0.0.0.0:3001/_nuxt/node_modules/.cache/vite/client/deps/chunk-LY4OWT6B.js?v=fd09ac8d:3
[ 3397680ms] [WARNING] [intlify] Not found 'logo_alt' key in 'en' locale messages. @ http://0.0.0.0:3001/_nuxt/node_modules/.cache/vite/client/deps/chunk-LY4OWT6B.js?v=fd09ac8d:3
[ 3397680ms] [WARNING] [intlify] Fall back to translate 'logo_alt' key with 'cs' locale. @ http://0.0.0.0:3001/_nuxt/node_modules/.cache/vite/client/deps/chunk-LY4OWT6B.js?v=fd09ac8d:3
[ 3397680ms] [WARNING] [intlify] Not found 'logo_alt' key in 'cs' locale messages. @ http://0.0.0.0:3001/_nuxt/node_modules/.cache/vite/client/deps/chunk-LY4OWT6B.js?v=fd09ac8d:3
[ 3397680ms] [WARNING] [intlify] Fall back to translate 'logo_alt' with root locale. @ http://0.0.0.0:3001/_nuxt/node_modules/.cache/vite/client/deps/chunk-LY4OWT6B.js?v=fd09ac8d:3
[ 3397680ms] [WARNING] [intlify] Not found 'logo_alt' key in 'en' locale messages. @ http://0.0.0.0:3001/_nuxt/node_modules/.cache/vite/client/deps/chunk-LY4OWT6B.js?v=fd09ac8d:3
[ 3397680ms] [WARNING] [intlify] Fall back to translate 'logo_alt' key with 'cs' locale. @ http://0.0.0.0:3001/_nuxt/node_modules/.cache/vite/client/deps/chunk-LY4OWT6B.js?v=fd09ac8d:3
[ 3397680ms] [WARNING] [intlify] Not found 'logo_alt' key in 'cs' locale messages. @ http://0.0.0.0:3001/_nuxt/node_modules/.cache/vite/client/deps/chunk-LY4OWT6B.js?v=fd09ac8d:3
[ 3397681ms] [WARNING] [intlify] Not found 'title.cart' key in 'en' locale messages. @ http://0.0.0.0:3001/_nuxt/node_modules/.cache/vite/client/deps/chunk-LY4OWT6B.js?v=fd09ac8d:3
[ 3397681ms] [WARNING] [intlify] Fall back to translate 'title.cart' key with 'cs' locale. @ http://0.0.0.0:3001/_nuxt/node_modules/.cache/vite/client/deps/chunk-LY4OWT6B.js?v=fd09ac8d:3
[ 3397681ms] [WARNING] [intlify] Not found 'title.cart' key in 'cs' locale messages. @ http://0.0.0.0:3001/_nuxt/node_modules/.cache/vite/client/deps/chunk-LY4OWT6B.js?v=fd09ac8d:3
[ 3397681ms] [WARNING] [intlify] Fall back to translate 'title.cart' with root locale. @ http://0.0.0.0:3001/_nuxt/node_modules/.cache/vite/client/deps/chunk-LY4OWT6B.js?v=fd09ac8d:3
[ 3397718ms] [WARNING] [intlify] Not found 'logo_alt' key in 'en' locale messages. @ http://0.0.0.0:3001/_nuxt/node_modules/.cache/vite/client/deps/chunk-LY4OWT6B.js?v=fd09ac8d:3
[ 3397718ms] [WARNING] [intlify] Fall back to translate 'logo_alt' key with 'cs' locale. @ http://0.0.0.0:3001/_nuxt/node_modules/.cache/vite/client/deps/chunk-LY4OWT6B.js?v=fd09ac8d:3
[ 3397719ms] [WARNING] [intlify] Not found 'logo_alt' key in 'cs' locale messages. @ http://0.0.0.0:3001/_nuxt/node_modules/.cache/vite/client/deps/chunk-LY4OWT6B.js?v=fd09ac8d:3
[ 3397719ms] [WARNING] [intlify] Fall back to translate 'logo_alt' with root locale. @ http://0.0.0.0:3001/_nuxt/node_modules/.cache/vite/client/deps/chunk-LY4OWT6B.js?v=fd09ac8d:3
[ 3397719ms] [WARNING] [intlify] Not found 'logo_alt' key in 'en' locale messages. @ http://0.0.0.0:3001/_nuxt/node_modules/.cache/vite/client/deps/chunk-LY4OWT6B.js?v=fd09ac8d:3
[ 3397719ms] [WARNING] [intlify] Fall back to translate 'logo_alt' key with 'cs' locale. @ http://0.0.0.0:3001/_nuxt/node_modules/.cache/vite/client/deps/chunk-LY4OWT6B.js?v=fd09ac8d:3
[ 3397719ms] [WARNING] [intlify] Not found 'logo_alt' key in 'cs' locale messages. @ http://0.0.0.0:3001/_nuxt/node_modules/.cache/vite/client/deps/chunk-LY4OWT6B.js?v=fd09ac8d:3
[ 3397719ms] [WARNING] [intlify] Not found 'title.cart' key in 'en' locale messages. @ http://0.0.0.0:3001/_nuxt/node_modules/.cache/vite/client/deps/chunk-LY4OWT6B.js?v=fd09ac8d:3
[ 3397719ms] [WARNING] [intlify] Fall back to translate 'title.cart' key with 'cs' locale. @ http://0.0.0.0:3001/_nuxt/node_modules/.cache/vite/client/deps/chunk-LY4OWT6B.js?v=fd09ac8d:3
[ 3397719ms] [WARNING] [intlify] Not found 'title.cart' key in 'cs' locale messages. @ http://0.0.0.0:3001/_nuxt/node_modules/.cache/vite/client/deps/chunk-LY4OWT6B.js?v=fd09ac8d:3
[ 3397719ms] [WARNING] [intlify] Fall back to translate 'title.cart' with root locale. @ http://0.0.0.0:3001/_nuxt/node_modules/.cache/vite/client/deps/chunk-LY4OWT6B.js?v=fd09ac8d:3
[ 3397758ms] [WARNING] [intlify] Not found 'logo_alt' key in 'en' locale messages. @ http://0.0.0.0:3001/_nuxt/node_modules/.cache/vite/client/deps/chunk-LY4OWT6B.js?v=fd09ac8d:3
[ 3397758ms] [WARNING] [intlify] Fall back to translate 'logo_alt' key with 'cs' locale. @ http://0.0.0.0:3001/_nuxt/node_modules/.cache/vite/client/deps/chunk-LY4OWT6B.js?v=fd09ac8d:3
[ 3397759ms] [WARNING] [intlify] Not found 'logo_alt' key in 'cs' locale messages. @ http://0.0.0.0:3001/_nuxt/node_modules/.cache/vite/client/deps/chunk-LY4OWT6B.js?v=fd09ac8d:3
[ 3397759ms] [WARNING] [intlify] Fall back to translate 'logo_alt' with root locale. @ http://0.0.0.0:3001/_nuxt/node_modules/.cache/vite/client/deps/chunk-LY4OWT6B.js?v=fd09ac8d:3
[ 3397759ms] [WARNING] [intlify] Not found 'logo_alt' key in 'en' locale messages. @ http://0.0.0.0:3001/_nuxt/node_modules/.cache/vite/client/deps/chunk-LY4OWT6B.js?v=fd09ac8d:3
[ 3397759ms] [WARNING] [intlify] Fall back to translate 'logo_alt' key with 'cs' locale. @ http://0.0.0.0:3001/_nuxt/node_modules/.cache/vite/client/deps/chunk-LY4OWT6B.js?v=fd09ac8d:3
[ 3397759ms] [WARNING] [intlify] Not found 'logo_alt' key in 'cs' locale messages. @ http://0.0.0.0:3001/_nuxt/node_modules/.cache/vite/client/deps/chunk-LY4OWT6B.js?v=fd09ac8d:3
[ 3397759ms] [WARNING] [intlify] Not found 'title.cart' key in 'en' locale messages. @ http://0.0.0.0:3001/_nuxt/node_modules/.cache/vite/client/deps/chunk-LY4OWT6B.js?v=fd09ac8d:3
[ 3397759ms] [WARNING] [intlify] Fall back to translate 'title.cart' key with 'cs' locale. @ http://0.0.0.0:3001/_nuxt/node_modules/.cache/vite/client/deps/chunk-LY4OWT6B.js?v=fd09ac8d:3
[ 3397759ms] [WARNING] [intlify] Not found 'title.cart' key in 'cs' locale messages. @ http://0.0.0.0:3001/_nuxt/node_modules/.cache/vite/client/deps/chunk-LY4OWT6B.js?v=fd09ac8d:3
[ 3397759ms] [WARNING] [intlify] Fall back to translate 'title.cart' with root locale. @ http://0.0.0.0:3001/_nuxt/node_modules/.cache/vite/client/deps/chunk-LY4OWT6B.js?v=fd09ac8d:3
[ 3397778ms] [WARNING] [intlify] Not found 'logo_alt' key in 'en' locale messages. @ http://0.0.0.0:3001/_nuxt/node_modules/.cache/vite/client/deps/chunk-LY4OWT6B.js?v=fd09ac8d:3
[ 3397778ms] [WARNING] [intlify] Fall back to translate 'logo_alt' key with 'cs' locale. @ http://0.0.0.0:3001/_nuxt/node_modules/.cache/vite/client/deps/chunk-LY4OWT6B.js?v=fd09ac8d:3
[ 3397778ms] [WARNING] [intlify] Not found 'logo_alt' key in 'cs' locale messages. @ http://0.0.0.0:3001/_nuxt/node_modules/.cache/vite/client/deps/chunk-LY4OWT6B.js?v=fd09ac8d:3
[ 3397778ms] [WARNING] [intlify] Fall back to translate 'logo_alt' with root locale. @ http://0.0.0.0:3001/_nuxt/node_modules/.cache/vite/client/deps/chunk-LY4OWT6B.js?v=fd09ac8d:3
[ 3397778ms] [WARNING] [intlify] Not found 'logo_alt' key in 'en' locale messages. @ http://0.0.0.0:3001/_nuxt/node_modules/.cache/vite/client/deps/chunk-LY4OWT6B.js?v=fd09ac8d:3
[ 3397778ms] [WARNING] [intlify] Fall back to translate 'logo_alt' key with 'cs' locale. @ http://0.0.0.0:3001/_nuxt/node_modules/.cache/vite/client/deps/chunk-LY4OWT6B.js?v=fd09ac8d:3
[ 3397778ms] [WARNING] [intlify] Not found 'logo_alt' key in 'cs' locale messages. @ http://0.0.0.0:3001/_nuxt/node_modules/.cache/vite/client/deps/chunk-LY4OWT6B.js?v=fd09ac8d:3
[ 3397779ms] [WARNING] [intlify] Not found 'title.cart' key in 'en' locale messages. @ http://0.0.0.0:3001/_nuxt/node_modules/.cache/vite/client/deps/chunk-LY4OWT6B.js?v=fd09ac8d:3
[ 3397779ms] [WARNING] [intlify] Fall back to translate 'title.cart' key with 'cs' locale. @ http://0.0.0.0:3001/_nuxt/node_modules/.cache/vite/client/deps/chunk-LY4OWT6B.js?v=fd09ac8d:3
[ 3397779ms] [WARNING] [intlify] Not found 'title.cart' key in 'cs' locale messages. @ http://0.0.0.0:3001/_nuxt/node_modules/.cache/vite/client/deps/chunk-LY4OWT6B.js?v=fd09ac8d:3
[ 3397779ms] [WARNING] [intlify] Fall back to translate 'title.cart' with root locale. @ http://0.0.0.0:3001/_nuxt/node_modules/.cache/vite/client/deps/chunk-LY4OWT6B.js?v=fd09ac8d:3
[ 3397809ms] [WARNING] [intlify] Not found 'logo_alt' key in 'en' locale messages. @ http://0.0.0.0:3001/_nuxt/node_modules/.cache/vite/client/deps/chunk-LY4OWT6B.js?v=fd09ac8d:3
[ 3397810ms] [WARNING] [intlify] Fall back to translate 'logo_alt' key with 'cs' locale. @ http://0.0.0.0:3001/_nuxt/node_modules/.cache/vite/client/deps/chunk-LY4OWT6B.js?v=fd09ac8d:3
[ 3397810ms] [WARNING] [intlify] Not found 'logo_alt' key in 'cs' locale messages. @ http://0.0.0.0:3001/_nuxt/node_modules/.cache/vite/client/deps/chunk-LY4OWT6B.js?v=fd09ac8d:3
[ 3397810ms] [WARNING] [intlify] Fall back to translate 'logo_alt' with root locale. @ http://0.0.0.0:3001/_nuxt/node_modules/.cache/vite/client/deps/chunk-LY4OWT6B.js?v=fd09ac8d:3
[ 3397810ms] [WARNING] [intlify] Not found 'logo_alt' key in 'en' locale messages. @ http://0.0.0.0:3001/_nuxt/node_modules/.cache/vite/client/deps/chunk-LY4OWT6B.js?v=fd09ac8d:3
[ 3397810ms] [WARNING] [intlify] Fall back to translate 'logo_alt' key with 'cs' locale. @ http://0.0.0.0:3001/_nuxt/node_modules/.cache/vite/client/deps/chunk-LY4OWT6B.js?v=fd09ac8d:3
[ 3397810ms] [WARNING] [intlify] Not found 'logo_alt' key in 'cs' locale messages. @ http://0.0.0.0:3001/_nuxt/node_modules/.cache/vite/client/deps/chunk-LY4OWT6B.js?v=fd09ac8d:3
[ 3397810ms] [WARNING] [intlify] Not found 'title.cart' key in 'en' locale messages. @ http://0.0.0.0:3001/_nuxt/node_modules/.cache/vite/client/deps/chunk-LY4OWT6B.js?v=fd09ac8d:3
[ 3397810ms] [WARNING] [intlify] Fall back to translate 'title.cart' key with 'cs' locale. @ http://0.0.0.0:3001/_nuxt/node_modules/.cache/vite/client/deps/chunk-LY4OWT6B.js?v=fd09ac8d:3
[ 3397810ms] [WARNING] [intlify] Not found 'title.cart' key in 'cs' locale messages. @ http://0.0.0.0:3001/_nuxt/node_modules/.cache/vite/client/deps/chunk-LY4OWT6B.js?v=fd09ac8d:3
[ 3397810ms] [WARNING] [intlify] Fall back to translate 'title.cart' with root locale. @ http://0.0.0.0:3001/_nuxt/node_modules/.cache/vite/client/deps/chunk-LY4OWT6B.js?v=fd09ac8d:3
[ 3397819ms] [WARNING] [intlify] Not found 'logo_alt' key in 'en' locale messages. @ http://0.0.0.0:3001/_nuxt/node_modules/.cache/vite/client/deps/chunk-LY4OWT6B.js?v=fd09ac8d:3
[ 3397819ms] [WARNING] [intlify] Fall back to translate 'logo_alt' key with 'cs' locale. @ http://0.0.0.0:3001/_nuxt/node_modules/.cache/vite/client/deps/chunk-LY4OWT6B.js?v=fd09ac8d:3
[ 3397819ms] [WARNING] [intlify] Not found 'logo_alt' key in 'cs' locale messages. @ http://0.0.0.0:3001/_nuxt/node_modules/.cache/vite/client/deps/chunk-LY4OWT6B.js?v=fd09ac8d:3
[ 3397819ms] [WARNING] [intlify] Fall back to translate 'logo_alt' with root locale. @ http://0.0.0.0:3001/_nuxt/node_modules/.cache/vite/client/deps/chunk-LY4OWT6B.js?v=fd09ac8d:3
[ 3397819ms] [WARNING] [intlify] Not found 'logo_alt' key in 'en' locale messages. @ http://0.0.0.0:3001/_nuxt/node_modules/.cache/vite/client/deps/chunk-LY4OWT6B.js?v=fd09ac8d:3
[ 3397819ms] [WARNING] [intlify] Fall back to translate 'logo_alt' key with 'cs' locale. @ http://0.0.0.0:3001/_nuxt/node_modules/.cache/vite/client/deps/chunk-LY4OWT6B.js?v=fd09ac8d:3
[ 3397819ms] [WARNING] [intlify] Not found 'logo_alt' key in 'cs' locale messages. @ http://0.0.0.0:3001/_nuxt/node_modules/.cache/vite/client/deps/chunk-LY4OWT6B.js?v=fd09ac8d:3
[ 3397820ms] [WARNING] [intlify] Not found 'title.cart' key in 'en' locale messages. @ http://0.0.0.0:3001/_nuxt/node_modules/.cache/vite/client/deps/chunk-LY4OWT6B.js?v=fd09ac8d:3
[ 3397820ms] [WARNING] [intlify] Fall back to translate 'title.cart' key with 'cs' locale. @ http://0.0.0.0:3001/_nuxt/node_modules/.cache/vite/client/deps/chunk-LY4OWT6B.js?v=fd09ac8d:3
[ 3397820ms] [WARNING] [intlify] Not found 'title.cart' key in 'cs' locale messages. @ http://0.0.0.0:3001/_nuxt/node_modules/.cache/vite/client/deps/chunk-LY4OWT6B.js?v=fd09ac8d:3
[ 3397820ms] [WARNING] [intlify] Fall back to translate 'title.cart' with root locale. @ http://0.0.0.0:3001/_nuxt/node_modules/.cache/vite/client/deps/chunk-LY4OWT6B.js?v=fd09ac8d:3
[ 3397842ms] [WARNING] [intlify] Not found 'logo_alt' key in 'en' locale messages. @ http://0.0.0.0:3001/_nuxt/node_modules/.cache/vite/client/deps/chunk-LY4OWT6B.js?v=fd09ac8d:3
[ 3397842ms] [WARNING] [intlify] Fall back to translate 'logo_alt' key with 'cs' locale. @ http://0.0.0.0:3001/_nuxt/node_modules/.cache/vite/client/deps/chunk-LY4OWT6B.js?v=fd09ac8d:3
[ 3397842ms] [WARNING] [intlify] Not found 'logo_alt' key in 'cs' locale messages. @ http://0.0.0.0:3001/_nuxt/node_modules/.cache/vite/client/deps/chunk-LY4OWT6B.js?v=fd09ac8d:3
[ 3397842ms] [WARNING] [intlify] Fall back to translate 'logo_alt' with root locale. @ http://0.0.0.0:3001/_nuxt/node_modules/.cache/vite/client/deps/chunk-LY4OWT6B.js?v=fd09ac8d:3
[ 3397843ms] [WARNING] [intlify] Not found 'logo_alt' key in 'en' locale messages. @ http://0.0.0.0:3001/_nuxt/node_modules/.cache/vite/client/deps/chunk-LY4OWT6B.js?v=fd09ac8d:3
[ 3397843ms] [WARNING] [intlify] Fall back to translate 'logo_alt' key with 'cs' locale. @ http://0.0.0.0:3001/_nuxt/node_modules/.cache/vite/client/deps/chunk-LY4OWT6B.js?v=fd09ac8d:3
[ 3397843ms] [WARNING] [intlify] Not found 'logo_alt' key in 'cs' locale messages. @ http://0.0.0.0:3001/_nuxt/node_modules/.cache/vite/client/deps/chunk-LY4OWT6B.js?v=fd09ac8d:3
[ 3397843ms] [WARNING] [intlify] Not found 'title.cart' key in 'en' locale messages. @ http://0.0.0.0:3001/_nuxt/node_modules/.cache/vite/client/deps/chunk-LY4OWT6B.js?v=fd09ac8d:3
[ 3397843ms] [WARNING] [intlify] Fall back to translate 'title.cart' key with 'cs' locale. @ http://0.0.0.0:3001/_nuxt/node_modules/.cache/vite/client/deps/chunk-LY4OWT6B.js?v=fd09ac8d:3
[ 3397843ms] [WARNING] [intlify] Not found 'title.cart' key in 'cs' locale messages. @ http://0.0.0.0:3001/_nuxt/node_modules/.cache/vite/client/deps/chunk-LY4OWT6B.js?v=fd09ac8d:3
[ 3397843ms] [WARNING] [intlify] Fall back to translate 'title.cart' with root locale. @ http://0.0.0.0:3001/_nuxt/node_modules/.cache/vite/client/deps/chunk-LY4OWT6B.js?v=fd09ac8d:3
[ 3397858ms] [WARNING] [intlify] Not found 'logo_alt' key in 'en' locale messages. @ http://0.0.0.0:3001/_nuxt/node_modules/.cache/vite/client/deps/chunk-LY4OWT6B.js?v=fd09ac8d:3
[ 3397858ms] [WARNING] [intlify] Fall back to translate 'logo_alt' key with 'cs' locale. @ http://0.0.0.0:3001/_nuxt/node_modules/.cache/vite/client/deps/chunk-LY4OWT6B.js?v=fd09ac8d:3
[ 3397858ms] [WARNING] [intlify] Not found 'logo_alt' key in 'cs' locale messages. @ http://0.0.0.0:3001/_nuxt/node_modules/.cache/vite/client/deps/chunk-LY4OWT6B.js?v=fd09ac8d:3
[ 3397859ms] [WARNING] [intlify] Fall back to translate 'logo_alt' with root locale. @ http://0.0.0.0:3001/_nuxt/node_modules/.cache/vite/client/deps/chunk-LY4OWT6B.js?v=fd09ac8d:3
[ 3397859ms] [WARNING] [intlify] Not found 'logo_alt' key in 'en' locale messages. @ http://0.0.0.0:3001/_nuxt/node_modules/.cache/vite/client/deps/chunk-LY4OWT6B.js?v=fd09ac8d:3
[ 3397859ms] [WARNING] [intlify] Fall back to translate 'logo_alt' key with 'cs' locale. @ http://0.0.0.0:3001/_nuxt/node_modules/.cache/vite/client/deps/chunk-LY4OWT6B.js?v=fd09ac8d:3
[ 3397859ms] [WARNING] [intlify] Not found 'logo_alt' key in 'cs' locale messages. @ http://0.0.0.0:3001/_nuxt/node_modules/.cache/vite/client/deps/chunk-LY4OWT6B.js?v=fd09ac8d:3
[ 3397859ms] [WARNING] [intlify] Not found 'title.cart' key in 'en' locale messages. @ http://0.0.0.0:3001/_nuxt/node_modules/.cache/vite/client/deps/chunk-LY4OWT6B.js?v=fd09ac8d:3
[ 3397859ms] [WARNING] [intlify] Fall back to translate 'title.cart' key with 'cs' locale. @ http://0.0.0.0:3001/_nuxt/node_modules/.cache/vite/client/deps/chunk-LY4OWT6B.js?v=fd09ac8d:3
[ 3397859ms] [WARNING] [intlify] Not found 'title.cart' key in 'cs' locale messages. @ http://0.0.0.0:3001/_nuxt/node_modules/.cache/vite/client/deps/chunk-LY4OWT6B.js?v=fd09ac8d:3
[ 3397859ms] [WARNING] [intlify] Fall back to translate 'title.cart' with root locale. @ http://0.0.0.0:3001/_nuxt/node_modules/.cache/vite/client/deps/chunk-LY4OWT6B.js?v=fd09ac8d:3
[ 3397879ms] [WARNING] [intlify] Not found 'logo_alt' key in 'en' locale messages. @ http://0.0.0.0:3001/_nuxt/node_modules/.cache/vite/client/deps/chunk-LY4OWT6B.js?v=fd09ac8d:3
[ 3397879ms] [WARNING] [intlify] Fall back to translate 'logo_alt' key with 'cs' locale. @ http://0.0.0.0:3001/_nuxt/node_modules/.cache/vite/client/deps/chunk-LY4OWT6B.js?v=fd09ac8d:3
[ 3397879ms] [WARNING] [intlify] Not found 'logo_alt' key in 'cs' locale messages. @ http://0.0.0.0:3001/_nuxt/node_modules/.cache/vite/client/deps/chunk-LY4OWT6B.js?v=fd09ac8d:3
[ 3397879ms] [WARNING] [intlify] Fall back to translate 'logo_alt' with root locale. @ http://0.0.0.0:3001/_nuxt/node_modules/.cache/vite/client/deps/chunk-LY4OWT6B.js?v=fd09ac8d:3
[ 3397879ms] [WARNING] [intlify] Not found 'logo_alt' key in 'en' locale messages. @ http://0.0.0.0:3001/_nuxt/node_modules/.cache/vite/client/deps/chunk-LY4OWT6B.js?v=fd09ac8d:3
[ 3397879ms] [WARNING] [intlify] Fall back to translate 'logo_alt' key with 'cs' locale. @ http://0.0.0.0:3001/_nuxt/node_modules/.cache/vite/client/deps/chunk-LY4OWT6B.js?v=fd09ac8d:3
[ 3397879ms] [WARNING] [intlify] Not found 'logo_alt' key in 'cs' locale messages. @ http://0.0.0.0:3001/_nuxt/node_modules/.cache/vite/client/deps/chunk-LY4OWT6B.js?v=fd09ac8d:3
[ 3397879ms] [WARNING] [intlify] Not found 'title.cart' key in 'en' locale messages. @ http://0.0.0.0:3001/_nuxt/node_modules/.cache/vite/client/deps/chunk-LY4OWT6B.js?v=fd09ac8d:3
[ 3397879ms] [WARNING] [intlify] Fall back to translate 'title.cart' key with 'cs' locale. @ http://0.0.0.0:3001/_nuxt/node_modules/.cache/vite/client/deps/chunk-LY4OWT6B.js?v=fd09ac8d:3
[ 3397879ms] [WARNING] [intlify] Not found 'title.cart' key in 'cs' locale messages. @ http://0.0.0.0:3001/_nuxt/node_modules/.cache/vite/client/deps/chunk-LY4OWT6B.js?v=fd09ac8d:3
[ 3397879ms] [WARNING] [intlify] Fall back to translate 'title.cart' with root locale. @ http://0.0.0.0:3001/_nuxt/node_modules/.cache/vite/client/deps/chunk-LY4OWT6B.js?v=fd09ac8d:3
[ 3397897ms] [WARNING] [intlify] Not found 'logo_alt' key in 'en' locale messages. @ http://0.0.0.0:3001/_nuxt/node_modules/.cache/vite/client/deps/chunk-LY4OWT6B.js?v=fd09ac8d:3
[ 3397897ms] [WARNING] [intlify] Fall back to translate 'logo_alt' key with 'cs' locale. @ http://0.0.0.0:3001/_nuxt/node_modules/.cache/vite/client/deps/chunk-LY4OWT6B.js?v=fd09ac8d:3
[ 3397897ms] [WARNING] [intlify] Not found 'logo_alt' key in 'cs' locale messages. @ http://0.0.0.0:3001/_nuxt/node_modules/.cache/vite/client/deps/chunk-LY4OWT6B.js?v=fd09ac8d:3
[ 3397897ms] [WARNING] [intlify] Fall back to translate 'logo_alt' with root locale. @ http://0.0.0.0:3001/_nuxt/node_modules/.cache/vite/client/deps/chunk-LY4OWT6B.js?v=fd09ac8d:3
[ 3397898ms] [WARNING] [intlify] Not found 'logo_alt' key in 'en' locale messages. @ http://0.0.0.0:3001/_nuxt/node_modules/.cache/vite/client/deps/chunk-LY4OWT6B.js?v=fd09ac8d:3
[ 3397898ms] [WARNING] [intlify] Fall back to translate 'logo_alt' key with 'cs' locale. @ http://0.0.0.0:3001/_nuxt/node_modules/.cache/vite/client/deps/chunk-LY4OWT6B.js?v=fd09ac8d:3
[ 3397898ms] [WARNING] [intlify] Not found 'logo_alt' key in 'cs' locale messages. @ http://0.0.0.0:3001/_nuxt/node_modules/.cache/vite/client/deps/chunk-LY4OWT6B.js?v=fd09ac8d:3
[ 3397898ms] [WARNING] [intlify] Not found 'title.cart' key in 'en' locale messages. @ http://0.0.0.0:3001/_nuxt/node_modules/.cache/vite/client/deps/chunk-LY4OWT6B.js?v=fd09ac8d:3
[ 3397898ms] [WARNING] [intlify] Fall back to translate 'title.cart' key with 'cs' locale. @ http://0.0.0.0:3001/_nuxt/node_modules/.cache/vite/client/deps/chunk-LY4OWT6B.js?v=fd09ac8d:3
[ 3397898ms] [WARNING] [intlify] Not found 'title.cart' key in 'cs' locale messages. @ http://0.0.0.0:3001/_nuxt/node_modules/.cache/vite/client/deps/chunk-LY4OWT6B.js?v=fd09ac8d:3
[ 3397898ms] [WARNING] [intlify] Fall back to translate 'title.cart' with root locale. @ http://0.0.0.0:3001/_nuxt/node_modules/.cache/vite/client/deps/chunk-LY4OWT6B.js?v=fd09ac8d:3
[ 3397921ms] [WARNING] [intlify] Not found 'logo_alt' key in 'en' locale messages. @ http://0.0.0.0:3001/_nuxt/node_modules/.cache/vite/client/deps/chunk-LY4OWT6B.js?v=fd09ac8d:3
[ 3397921ms] [WARNING] [intlify] Fall back to translate 'logo_alt' key with 'cs' locale. @ http://0.0.0.0:3001/_nuxt/node_modules/.cache/vite/client/deps/chunk-LY4OWT6B.js?v=fd09ac8d:3
[ 3397921ms] [WARNING] [intlify] Not found 'logo_alt' key in 'cs' locale messages. @ http://0.0.0.0:3001/_nuxt/node_modules/.cache/vite/client/deps/chunk-LY4OWT6B.js?v=fd09ac8d:3
[ 3397921ms] [WARNING] [intlify] Fall back to translate 'logo_alt' with root locale. @ http://0.0.0.0:3001/_nuxt/node_modules/.cache/vite/client/deps/chunk-LY4OWT6B.js?v=fd09ac8d:3
[ 3397921ms] [WARNING] [intlify] Not found 'logo_alt' key in 'en' locale messages. @ http://0.0.0.0:3001/_nuxt/node_modules/.cache/vite/client/deps/chunk-LY4OWT6B.js?v=fd09ac8d:3
[ 3397921ms] [WARNING] [intlify] Fall back to translate 'logo_alt' key with 'cs' locale. @ http://0.0.0.0:3001/_nuxt/node_modules/.cache/vite/client/deps/chunk-LY4OWT6B.js?v=fd09ac8d:3
[ 3397921ms] [WARNING] [intlify] Not found 'logo_alt' key in 'cs' locale messages. @ http://0.0.0.0:3001/_nuxt/node_modules/.cache/vite/client/deps/chunk-LY4OWT6B.js?v=fd09ac8d:3
[ 3397921ms] [WARNING] [intlify] Not found 'title.cart' key in 'en' locale messages. @ http://0.0.0.0:3001/_nuxt/node_modules/.cache/vite/client/deps/chunk-LY4OWT6B.js?v=fd09ac8d:3
[ 3397921ms] [WARNING] [intlify] Fall back to translate 'title.cart' key with 'cs' locale. @ http://0.0.0.0:3001/_nuxt/node_modules/.cache/vite/client/deps/chunk-LY4OWT6B.js?v=fd09ac8d:3
[ 3397922ms] [WARNING] [intlify] Not found 'title.cart' key in 'cs' locale messages. @ http://0.0.0.0:3001/_nuxt/node_modules/.cache/vite/client/deps/chunk-LY4OWT6B.js?v=fd09ac8d:3
[ 3397922ms] [WARNING] [intlify] Fall back to translate 'title.cart' with root locale. @ http://0.0.0.0:3001/_nuxt/node_modules/.cache/vite/client/deps/chunk-LY4OWT6B.js?v=fd09ac8d:3
[ 3397938ms] [WARNING] [intlify] Not found 'logo_alt' key in 'en' locale messages. @ http://0.0.0.0:3001/_nuxt/node_modules/.cache/vite/client/deps/chunk-LY4OWT6B.js?v=fd09ac8d:3
[ 3397938ms] [WARNING] [intlify] Fall back to translate 'logo_alt' key with 'cs' locale. @ http://0.0.0.0:3001/_nuxt/node_modules/.cache/vite/client/deps/chunk-LY4OWT6B.js?v=fd09ac8d:3
[ 3397939ms] [WARNING] [intlify] Not found 'logo_alt' key in 'cs' locale messages. @ http://0.0.0.0:3001/_nuxt/node_modules/.cache/vite/client/deps/chunk-LY4OWT6B.js?v=fd09ac8d:3
[ 3397939ms] [WARNING] [intlify] Fall back to translate 'logo_alt' with root locale. @ http://0.0.0.0:3001/_nuxt/node_modules/.cache/vite/client/deps/chunk-LY4OWT6B.js?v=fd09ac8d:3
[ 3397939ms] [WARNING] [intlify] Not found 'logo_alt' key in 'en' locale messages. @ http://0.0.0.0:3001/_nuxt/node_modules/.cache/vite/client/deps/chunk-LY4OWT6B.js?v=fd09ac8d:3
[ 3397939ms] [WARNING] [intlify] Fall back to translate 'logo_alt' key with 'cs' locale. @ http://0.0.0.0:3001/_nuxt/node_modules/.cache/vite/client/deps/chunk-LY4OWT6B.js?v=fd09ac8d:3
[ 3397939ms] [WARNING] [intlify] Not found 'logo_alt' key in 'cs' locale messages. @ http://0.0.0.0:3001/_nuxt/node_modules/.cache/vite/client/deps/chunk-LY4OWT6B.js?v=fd09ac8d:3
[ 3397939ms] [WARNING] [intlify] Not found 'title.cart' key in 'en' locale messages. @ http://0.0.0.0:3001/_nuxt/node_modules/.cache/vite/client/deps/chunk-LY4OWT6B.js?v=fd09ac8d:3
[ 3397939ms] [WARNING] [intlify] Fall back to translate 'title.cart' key with 'cs' locale. @ http://0.0.0.0:3001/_nuxt/node_modules/.cache/vite/client/deps/chunk-LY4OWT6B.js?v=fd09ac8d:3
[ 3397939ms] [WARNING] [intlify] Not found 'title.cart' key in 'cs' locale messages. @ http://0.0.0.0:3001/_nuxt/node_modules/.cache/vite/client/deps/chunk-LY4OWT6B.js?v=fd09ac8d:3
[ 3397939ms] [WARNING] [intlify] Fall back to translate 'title.cart' with root locale. @ http://0.0.0.0:3001/_nuxt/node_modules/.cache/vite/client/deps/chunk-LY4OWT6B.js?v=fd09ac8d:3
[ 3397958ms] [WARNING] [intlify] Not found 'logo_alt' key in 'en' locale messages. @ http://0.0.0.0:3001/_nuxt/node_modules/.cache/vite/client/deps/chunk-LY4OWT6B.js?v=fd09ac8d:3
[ 3397958ms] [WARNING] [intlify] Fall back to translate 'logo_alt' key with 'cs' locale. @ http://0.0.0.0:3001/_nuxt/node_modules/.cache/vite/client/deps/chunk-LY4OWT6B.js?v=fd09ac8d:3
[ 3397958ms] [WARNING] [intlify] Not found 'logo_alt' key in 'cs' locale messages. @ http://0.0.0.0:3001/_nuxt/node_modules/.cache/vite/client/deps/chunk-LY4OWT6B.js?v=fd09ac8d:3
[ 3397958ms] [WARNING] [intlify] Fall back to translate 'logo_alt' with root locale. @ http://0.0.0.0:3001/_nuxt/node_modules/.cache/vite/client/deps/chunk-LY4OWT6B.js?v=fd09ac8d:3
[ 3397958ms] [WARNING] [intlify] Not found 'logo_alt' key in 'en' locale messages. @ http://0.0.0.0:3001/_nuxt/node_modules/.cache/vite/client/deps/chunk-LY4OWT6B.js?v=fd09ac8d:3
[ 3397958ms] [WARNING] [intlify] Fall back to translate 'logo_alt' key with 'cs' locale. @ http://0.0.0.0:3001/_nuxt/node_modules/.cache/vite/client/deps/chunk-LY4OWT6B.js?v=fd09ac8d:3
[ 3397958ms] [WARNING] [intlify] Not found 'logo_alt' key in 'cs' locale messages. @ http://0.0.0.0:3001/_nuxt/node_modules/.cache/vite/client/deps/chunk-LY4OWT6B.js?v=fd09ac8d:3
[ 3397958ms] [WARNING] [intlify] Not found 'title.cart' key in 'en' locale messages. @ http://0.0.0.0:3001/_nuxt/node_modules/.cache/vite/client/deps/chunk-LY4OWT6B.js?v=fd09ac8d:3
[ 3397959ms] [WARNING] [intlify] Fall back to translate 'title.cart' key with 'cs' locale. @ http://0.0.0.0:3001/_nuxt/node_modules/.cache/vite/client/deps/chunk-LY4OWT6B.js?v=fd09ac8d:3
[ 3397959ms] [WARNING] [intlify] Not found 'title.cart' key in 'cs' locale messages. @ http://0.0.0.0:3001/_nuxt/node_modules/.cache/vite/client/deps/chunk-LY4OWT6B.js?v=fd09ac8d:3
[ 3397959ms] [WARNING] [intlify] Fall back to translate 'title.cart' with root locale. @ http://0.0.0.0:3001/_nuxt/node_modules/.cache/vite/client/deps/chunk-LY4OWT6B.js?v=fd09ac8d:3
[ 3397980ms] [WARNING] [intlify] Not found 'logo_alt' key in 'en' locale messages. @ http://0.0.0.0:3001/_nuxt/node_modules/.cache/vite/client/deps/chunk-LY4OWT6B.js?v=fd09ac8d:3
[ 3397980ms] [WARNING] [intlify] Fall back to translate 'logo_alt' key with 'cs' locale. @ http://0.0.0.0:3001/_nuxt/node_modules/.cache/vite/client/deps/chunk-LY4OWT6B.js?v=fd09ac8d:3
[ 3397980ms] [WARNING] [intlify] Not found 'logo_alt' key in 'cs' locale messages. @ http://0.0.0.0:3001/_nuxt/node_modules/.cache/vite/client/deps/chunk-LY4OWT6B.js?v=fd09ac8d:3
[ 3397980ms] [WARNING] [intlify] Fall back to translate 'logo_alt' with root locale. @ http://0.0.0.0:3001/_nuxt/node_modules/.cache/vite/client/deps/chunk-LY4OWT6B.js?v=fd09ac8d:3
[ 3397981ms] [WARNING] [intlify] Not found 'logo_alt' key in 'en' locale messages. @ http://0.0.0.0:3001/_nuxt/node_modules/.cache/vite/client/deps/chunk-LY4OWT6B.js?v=fd09ac8d:3
[ 3397981ms] [WARNING] [intlify] Fall back to translate 'logo_alt' key with 'cs' locale. @ http://0.0.0.0:3001/_nuxt/node_modules/.cache/vite/client/deps/chunk-LY4OWT6B.js?v=fd09ac8d:3
[ 3397981ms] [WARNING] [intlify] Not found 'logo_alt' key in 'cs' locale messages. @ http://0.0.0.0:3001/_nuxt/node_modules/.cache/vite/client/deps/chunk-LY4OWT6B.js?v=fd09ac8d:3
[ 3397981ms] [WARNING] [intlify] Not found 'title.cart' key in 'en' locale messages. @ http://0.0.0.0:3001/_nuxt/node_modules/.cache/vite/client/deps/chunk-LY4OWT6B.js?v=fd09ac8d:3
[ 3397981ms] [WARNING] [intlify] Fall back to translate 'title.cart' key with 'cs' locale. @ http://0.0.0.0:3001/_nuxt/node_modules/.cache/vite/client/deps/chunk-LY4OWT6B.js?v=fd09ac8d:3
[ 3397981ms] [WARNING] [intlify] Not found 'title.cart' key in 'cs' locale messages. @ http://0.0.0.0:3001/_nuxt/node_modules/.cache/vite/client/deps/chunk-LY4OWT6B.js?v=fd09ac8d:3
[ 3397981ms] [WARNING] [intlify] Fall back to translate 'title.cart' with root locale. @ http://0.0.0.0:3001/_nuxt/node_modules/.cache/vite/client/deps/chunk-LY4OWT6B.js?v=fd09ac8d:3
[ 3397989ms] [WARNING] [intlify] Not found 'logo_alt' key in 'en' locale messages. @ http://0.0.0.0:3001/_nuxt/node_modules/.cache/vite/client/deps/chunk-LY4OWT6B.js?v=fd09ac8d:3
[ 3397989ms] [WARNING] [intlify] Fall back to translate 'logo_alt' key with 'cs' locale. @ http://0.0.0.0:3001/_nuxt/node_modules/.cache/vite/client/deps/chunk-LY4OWT6B.js?v=fd09ac8d:3
[ 3397989ms] [WARNING] [intlify] Not found 'logo_alt' key in 'cs' locale messages. @ http://0.0.0.0:3001/_nuxt/node_modules/.cache/vite/client/deps/chunk-LY4OWT6B.js?v=fd09ac8d:3
[ 3397989ms] [WARNING] [intlify] Fall back to translate 'logo_alt' with root locale. @ http://0.0.0.0:3001/_nuxt/node_modules/.cache/vite/client/deps/chunk-LY4OWT6B.js?v=fd09ac8d:3
[ 3397989ms] [WARNING] [intlify] Not found 'logo_alt' key in 'en' locale messages. @ http://0.0.0.0:3001/_nuxt/node_modules/.cache/vite/client/deps/chunk-LY4OWT6B.js?v=fd09ac8d:3
[ 3397989ms] [WARNING] [intlify] Fall back to translate 'logo_alt' key with 'cs' locale. @ http://0.0.0.0:3001/_nuxt/node_modules/.cache/vite/client/deps/chunk-LY4OWT6B.js?v=fd09ac8d:3
[ 3397989ms] [WARNING] [intlify] Not found 'logo_alt' key in 'cs' locale messages. @ http://0.0.0.0:3001/_nuxt/node_modules/.cache/vite/client/deps/chunk-LY4OWT6B.js?v=fd09ac8d:3
[ 3397989ms] [WARNING] [intlify] Not found 'title.cart' key in 'en' locale messages. @ http://0.0.0.0:3001/_nuxt/node_modules/.cache/vite/client/deps/chunk-LY4OWT6B.js?v=fd09ac8d:3
[ 3397990ms] [WARNING] [intlify] Fall back to translate 'title.cart' key with 'cs' locale. @ http://0.0.0.0:3001/_nuxt/node_modules/.cache/vite/client/deps/chunk-LY4OWT6B.js?v=fd09ac8d:3
[ 3397990ms] [WARNING] [intlify] Not found 'title.cart' key in 'cs' locale messages. @ http://0.0.0.0:3001/_nuxt/node_modules/.cache/vite/client/deps/chunk-LY4OWT6B.js?v=fd09ac8d:3
[ 3397990ms] [WARNING] [intlify] Fall back to translate 'title.cart' with root locale. @ http://0.0.0.0:3001/_nuxt/node_modules/.cache/vite/client/deps/chunk-LY4OWT6B.js?v=fd09ac8d:3
[ 3398008ms] [WARNING] [intlify] Not found 'logo_alt' key in 'en' locale messages. @ http://0.0.0.0:3001/_nuxt/node_modules/.cache/vite/client/deps/chunk-LY4OWT6B.js?v=fd09ac8d:3
[ 3398009ms] [WARNING] [intlify] Fall back to translate 'logo_alt' key with 'cs' locale. @ http://0.0.0.0:3001/_nuxt/node_modules/.cache/vite/client/deps/chunk-LY4OWT6B.js?v=fd09ac8d:3
[ 3398009ms] [WARNING] [intlify] Not found 'logo_alt' key in 'cs' locale messages. @ http://0.0.0.0:3001/_nuxt/node_modules/.cache/vite/client/deps/chunk-LY4OWT6B.js?v=fd09ac8d:3
[ 3398009ms] [WARNING] [intlify] Fall back to translate 'logo_alt' with root locale. @ http://0.0.0.0:3001/_nuxt/node_modules/.cache/vite/client/deps/chunk-LY4OWT6B.js?v=fd09ac8d:3
[ 3398009ms] [WARNING] [intlify] Not found 'logo_alt' key in 'en' locale messages. @ http://0.0.0.0:3001/_nuxt/node_modules/.cache/vite/client/deps/chunk-LY4OWT6B.js?v=fd09ac8d:3
[ 3398009ms] [WARNING] [intlify] Fall back to translate 'logo_alt' key with 'cs' locale. @ http://0.0.0.0:3001/_nuxt/node_modules/.cache/vite/client/deps/chunk-LY4OWT6B.js?v=fd09ac8d:3
[ 3398009ms] [WARNING] [intlify] Not found 'logo_alt' key in 'cs' locale messages. @ http://0.0.0.0:3001/_nuxt/node_modules/.cache/vite/client/deps/chunk-LY4OWT6B.js?v=fd09ac8d:3
[ 3398009ms] [WARNING] [intlify] Not found 'title.cart' key in 'en' locale messages. @ http://0.0.0.0:3001/_nuxt/node_modules/.cache/vite/client/deps/chunk-LY4OWT6B.js?v=fd09ac8d:3
[ 3398009ms] [WARNING] [intlify] Fall back to translate 'title.cart' key with 'cs' locale. @ http://0.0.0.0:3001/_nuxt/node_modules/.cache/vite/client/deps/chunk-LY4OWT6B.js?v=fd09ac8d:3
[ 3398009ms] [WARNING] [intlify] Not found 'title.cart' key in 'cs' locale messages. @ http://0.0.0.0:3001/_nuxt/node_modules/.cache/vite/client/deps/chunk-LY4OWT6B.js?v=fd09ac8d:3
[ 3398009ms] [WARNING] [intlify] Fall back to translate 'title.cart' with root locale. @ http://0.0.0.0:3001/_nuxt/node_modules/.cache/vite/client/deps/chunk-LY4OWT6B.js?v=fd09ac8d:3
[ 3398021ms] [WARNING] [intlify] Not found 'logo_alt' key in 'en' locale messages. @ http://0.0.0.0:3001/_nuxt/node_modules/.cache/vite/client/deps/chunk-LY4OWT6B.js?v=fd09ac8d:3
[ 3398021ms] [WARNING] [intlify] Fall back to translate 'logo_alt' key with 'cs' locale. @ http://0.0.0.0:3001/_nuxt/node_modules/.cache/vite/client/deps/chunk-LY4OWT6B.js?v=fd09ac8d:3
[ 3398021ms] [WARNING] [intlify] Not found 'logo_alt' key in 'cs' locale messages. @ http://0.0.0.0:3001/_nuxt/node_modules/.cache/vite/client/deps/chunk-LY4OWT6B.js?v=fd09ac8d:3
[ 3398021ms] [WARNING] [intlify] Fall back to translate 'logo_alt' with root locale. @ http://0.0.0.0:3001/_nuxt/node_modules/.cache/vite/client/deps/chunk-LY4OWT6B.js?v=fd09ac8d:3
[ 3398021ms] [WARNING] [intlify] Not found 'logo_alt' key in 'en' locale messages. @ http://0.0.0.0:3001/_nuxt/node_modules/.cache/vite/client/deps/chunk-LY4OWT6B.js?v=fd09ac8d:3
[ 3398021ms] [WARNING] [intlify] Fall back to translate 'logo_alt' key with 'cs' locale. @ http://0.0.0.0:3001/_nuxt/node_modules/.cache/vite/client/deps/chunk-LY4OWT6B.js?v=fd09ac8d:3
[ 3398022ms] [WARNING] [intlify] Not found 'logo_alt' key in 'cs' locale messages. @ http://0.0.0.0:3001/_nuxt/node_modules/.cache/vite/client/deps/chunk-LY4OWT6B.js?v=fd09ac8d:3
[ 3398022ms] [WARNING] [intlify] Not found 'title.cart' key in 'en' locale messages. @ http://0.0.0.0:3001/_nuxt/node_modules/.cache/vite/client/deps/chunk-LY4OWT6B.js?v=fd09ac8d:3
[ 3398022ms] [WARNING] [intlify] Fall back to translate 'title.cart' key with 'cs' locale. @ http://0.0.0.0:3001/_nuxt/node_modules/.cache/vite/client/deps/chunk-LY4OWT6B.js?v=fd09ac8d:3
[ 3398022ms] [WARNING] [intlify] Not found 'title.cart' key in 'cs' locale messages. @ http://0.0.0.0:3001/_nuxt/node_modules/.cache/vite/client/deps/chunk-LY4OWT6B.js?v=fd09ac8d:3
[ 3398022ms] [WARNING] [intlify] Fall back to translate 'title.cart' with root locale. @ http://0.0.0.0:3001/_nuxt/node_modules/.cache/vite/client/deps/chunk-LY4OWT6B.js?v=fd09ac8d:3
[ 3398062ms] [WARNING] [intlify] Not found 'logo_alt' key in 'en' locale messages. @ http://0.0.0.0:3001/_nuxt/node_modules/.cache/vite/client/deps/chunk-LY4OWT6B.js?v=fd09ac8d:3
[ 3398062ms] [WARNING] [intlify] Fall back to translate 'logo_alt' key with 'cs' locale. @ http://0.0.0.0:3001/_nuxt/node_modules/.cache/vite/client/deps/chunk-LY4OWT6B.js?v=fd09ac8d:3
[ 3398062ms] [WARNING] [intlify] Not found 'logo_alt' key in 'cs' locale messages. @ http://0.0.0.0:3001/_nuxt/node_modules/.cache/vite/client/deps/chunk-LY4OWT6B.js?v=fd09ac8d:3
[ 3398062ms] [WARNING] [intlify] Fall back to translate 'logo_alt' with root locale. @ http://0.0.0.0:3001/_nuxt/node_modules/.cache/vite/client/deps/chunk-LY4OWT6B.js?v=fd09ac8d:3
[ 3398062ms] [WARNING] [intlify] Not found 'logo_alt' key in 'en' locale messages. @ http://0.0.0.0:3001/_nuxt/node_modules/.cache/vite/client/deps/chunk-LY4OWT6B.js?v=fd09ac8d:3
[ 3398062ms] [WARNING] [intlify] Fall back to translate 'logo_alt' key with 'cs' locale. @ http://0.0.0.0:3001/_nuxt/node_modules/.cache/vite/client/deps/chunk-LY4OWT6B.js?v=fd09ac8d:3
[ 3398062ms] [WARNING] [intlify] Not found 'logo_alt' key in 'cs' locale messages. @ http://0.0.0.0:3001/_nuxt/node_modules/.cache/vite/client/deps/chunk-LY4OWT6B.js?v=fd09ac8d:3
[ 3398063ms] [WARNING] [intlify] Not found 'title.cart' key in 'en' locale messages. @ http://0.0.0.0:3001/_nuxt/node_modules/.cache/vite/client/deps/chunk-LY4OWT6B.js?v=fd09ac8d:3
[ 3398063ms] [WARNING] [intlify] Fall back to translate 'title.cart' key with 'cs' locale. @ http://0.0.0.0:3001/_nuxt/node_modules/.cache/vite/client/deps/chunk-LY4OWT6B.js?v=fd09ac8d:3
[ 3398063ms] [WARNING] [intlify] Not found 'title.cart' key in 'cs' locale messages. @ http://0.0.0.0:3001/_nuxt/node_modules/.cache/vite/client/deps/chunk-LY4OWT6B.js?v=fd09ac8d:3
[ 3398063ms] [WARNING] [intlify] Fall back to translate 'title.cart' with root locale. @ http://0.0.0.0:3001/_nuxt/node_modules/.cache/vite/client/deps/chunk-LY4OWT6B.js?v=fd09ac8d:3
[ 3398072ms] [WARNING] [intlify] Not found 'logo_alt' key in 'en' locale messages. @ http://0.0.0.0:3001/_nuxt/node_modules/.cache/vite/client/deps/chunk-LY4OWT6B.js?v=fd09ac8d:3
[ 3398072ms] [WARNING] [intlify] Fall back to translate 'logo_alt' key with 'cs' locale. @ http://0.0.0.0:3001/_nuxt/node_modules/.cache/vite/client/deps/chunk-LY4OWT6B.js?v=fd09ac8d:3
[ 3398072ms] [WARNING] [intlify] Not found 'logo_alt' key in 'cs' locale messages. @ http://0.0.0.0:3001/_nuxt/node_modules/.cache/vite/client/deps/chunk-LY4OWT6B.js?v=fd09ac8d:3
[ 3398072ms] [WARNING] [intlify] Fall back to translate 'logo_alt' with root locale. @ http://0.0.0.0:3001/_nuxt/node_modules/.cache/vite/client/deps/chunk-LY4OWT6B.js?v=fd09ac8d:3
[ 3398072ms] [WARNING] [intlify] Not found 'logo_alt' key in 'en' locale messages. @ http://0.0.0.0:3001/_nuxt/node_modules/.cache/vite/client/deps/chunk-LY4OWT6B.js?v=fd09ac8d:3
[ 3398072ms] [WARNING] [intlify] Fall back to translate 'logo_alt' key with 'cs' locale. @ http://0.0.0.0:3001/_nuxt/node_modules/.cache/vite/client/deps/chunk-LY4OWT6B.js?v=fd09ac8d:3
[ 3398072ms] [WARNING] [intlify] Not found 'logo_alt' key in 'cs' locale messages. @ http://0.0.0.0:3001/_nuxt/node_modules/.cache/vite/client/deps/chunk-LY4OWT6B.js?v=fd09ac8d:3
[ 3398072ms] [WARNING] [intlify] Not found 'title.cart' key in 'en' locale messages. @ http://0.0.0.0:3001/_nuxt/node_modules/.cache/vite/client/deps/chunk-LY4OWT6B.js?v=fd09ac8d:3
[ 3398072ms] [WARNING] [intlify] Fall back to translate 'title.cart' key with 'cs' locale. @ http://0.0.0.0:3001/_nuxt/node_modules/.cache/vite/client/deps/chunk-LY4OWT6B.js?v=fd09ac8d:3
[ 3398072ms] [WARNING] [intlify] Not found 'title.cart' key in 'cs' locale messages. @ http://0.0.0.0:3001/_nuxt/node_modules/.cache/vite/client/deps/chunk-LY4OWT6B.js?v=fd09ac8d:3
[ 3398073ms] [WARNING] [intlify] Fall back to translate 'title.cart' with root locale. @ http://0.0.0.0:3001/_nuxt/node_modules/.cache/vite/client/deps/chunk-LY4OWT6B.js?v=fd09ac8d:3
[ 3398100ms] [WARNING] [intlify] Not found 'logo_alt' key in 'en' locale messages. @ http://0.0.0.0:3001/_nuxt/node_modules/.cache/vite/client/deps/chunk-LY4OWT6B.js?v=fd09ac8d:3
[ 3398100ms] [WARNING] [intlify] Fall back to translate 'logo_alt' key with 'cs' locale. @ http://0.0.0.0:3001/_nuxt/node_modules/.cache/vite/client/deps/chunk-LY4OWT6B.js?v=fd09ac8d:3
[ 3398100ms] [WARNING] [intlify] Not found 'logo_alt' key in 'cs' locale messages. @ http://0.0.0.0:3001/_nuxt/node_modules/.cache/vite/client/deps/chunk-LY4OWT6B.js?v=fd09ac8d:3
[ 3398100ms] [WARNING] [intlify] Fall back to translate 'logo_alt' with root locale. @ http://0.0.0.0:3001/_nuxt/node_modules/.cache/vite/client/deps/chunk-LY4OWT6B.js?v=fd09ac8d:3
[ 3398101ms] [WARNING] [intlify] Not found 'logo_alt' key in 'en' locale messages. @ http://0.0.0.0:3001/_nuxt/node_modules/.cache/vite/client/deps/chunk-LY4OWT6B.js?v=fd09ac8d:3
[ 3398101ms] [WARNING] [intlify] Fall back to translate 'logo_alt' key with 'cs' locale. @ http://0.0.0.0:3001/_nuxt/node_modules/.cache/vite/client/deps/chunk-LY4OWT6B.js?v=fd09ac8d:3
[ 3398101ms] [WARNING] [intlify] Not found 'logo_alt' key in 'cs' locale messages. @ http://0.0.0.0:3001/_nuxt/node_modules/.cache/vite/client/deps/chunk-LY4OWT6B.js?v=fd09ac8d:3
[ 3398102ms] [WARNING] [intlify] Not found 'title.cart' key in 'en' locale messages. @ http://0.0.0.0:3001/_nuxt/node_modules/.cache/vite/client/deps/chunk-LY4OWT6B.js?v=fd09ac8d:3
[ 3398102ms] [WARNING] [intlify] Fall back to translate 'title.cart' key with 'cs' locale. @ http://0.0.0.0:3001/_nuxt/node_modules/.cache/vite/client/deps/chunk-LY4OWT6B.js?v=fd09ac8d:3
[ 3398102ms] [WARNING] [intlify] Not found 'title.cart' key in 'cs' locale messages. @ http://0.0.0.0:3001/_nuxt/node_modules/.cache/vite/client/deps/chunk-LY4OWT6B.js?v=fd09ac8d:3
[ 3398102ms] [WARNING] [intlify] Fall back to translate 'title.cart' with root locale. @ http://0.0.0.0:3001/_nuxt/node_modules/.cache/vite/client/deps/chunk-LY4OWT6B.js?v=fd09ac8d:3
[ 3398113ms] [WARNING] [intlify] Not found 'logo_alt' key in 'en' locale messages. @ http://0.0.0.0:3001/_nuxt/node_modules/.cache/vite/client/deps/chunk-LY4OWT6B.js?v=fd09ac8d:3
[ 3398113ms] [WARNING] [intlify] Fall back to translate 'logo_alt' key with 'cs' locale. @ http://0.0.0.0:3001/_nuxt/node_modules/.cache/vite/client/deps/chunk-LY4OWT6B.js?v=fd09ac8d:3
[ 3398113ms] [WARNING] [intlify] Not found 'logo_alt' key in 'cs' locale messages. @ http://0.0.0.0:3001/_nuxt/node_modules/.cache/vite/client/deps/chunk-LY4OWT6B.js?v=fd09ac8d:3
[ 3398113ms] [WARNING] [intlify] Fall back to translate 'logo_alt' with root locale. @ http://0.0.0.0:3001/_nuxt/node_modules/.cache/vite/client/deps/chunk-LY4OWT6B.js?v=fd09ac8d:3
[ 3398114ms] [WARNING] [intlify] Not found 'logo_alt' key in 'en' locale messages. @ http://0.0.0.0:3001/_nuxt/node_modules/.cache/vite/client/deps/chunk-LY4OWT6B.js?v=fd09ac8d:3
[ 3398114ms] [WARNING] [intlify] Fall back to translate 'logo_alt' key with 'cs' locale. @ http://0.0.0.0:3001/_nuxt/node_modules/.cache/vite/client/deps/chunk-LY4OWT6B.js?v=fd09ac8d:3
[ 3398114ms] [WARNING] [intlify] Not found 'logo_alt' key in 'cs' locale messages. @ http://0.0.0.0:3001/_nuxt/node_modules/.cache/vite/client/deps/chunk-LY4OWT6B.js?v=fd09ac8d:3
[ 3398114ms] [WARNING] [intlify] Not found 'title.cart' key in 'en' locale messages. @ http://0.0.0.0:3001/_nuxt/node_modules/.cache/vite/client/deps/chunk-LY4OWT6B.js?v=fd09ac8d:3
[ 3398114ms] [WARNING] [intlify] Fall back to translate 'title.cart' key with 'cs' locale. @ http://0.0.0.0:3001/_nuxt/node_modules/.cache/vite/client/deps/chunk-LY4OWT6B.js?v=fd09ac8d:3
[ 3398114ms] [WARNING] [intlify] Not found 'title.cart' key in 'cs' locale messages. @ http://0.0.0.0:3001/_nuxt/node_modules/.cache/vite/client/deps/chunk-LY4OWT6B.js?v=fd09ac8d:3
[ 3398114ms] [WARNING] [intlify] Fall back to translate 'title.cart' with root locale. @ http://0.0.0.0:3001/_nuxt/node_modules/.cache/vite/client/deps/chunk-LY4OWT6B.js?v=fd09ac8d:3
[ 3398146ms] [WARNING] [intlify] Not found 'logo_alt' key in 'en' locale messages. @ http://0.0.0.0:3001/_nuxt/node_modules/.cache/vite/client/deps/chunk-LY4OWT6B.js?v=fd09ac8d:3
[ 3398147ms] [WARNING] [intlify] Fall back to translate 'logo_alt' key with 'cs' locale. @ http://0.0.0.0:3001/_nuxt/node_modules/.cache/vite/client/deps/chunk-LY4OWT6B.js?v=fd09ac8d:3
[ 3398147ms] [WARNING] [intlify] Not found 'logo_alt' key in 'cs' locale messages. @ http://0.0.0.0:3001/_nuxt/node_modules/.cache/vite/client/deps/chunk-LY4OWT6B.js?v=fd09ac8d:3
[ 3398147ms] [WARNING] [intlify] Fall back to translate 'logo_alt' with root locale. @ http://0.0.0.0:3001/_nuxt/node_modules/.cache/vite/client/deps/chunk-LY4OWT6B.js?v=fd09ac8d:3
[ 3398148ms] [WARNING] [intlify] Not found 'logo_alt' key in 'en' locale messages. @ http://0.0.0.0:3001/_nuxt/node_modules/.cache/vite/client/deps/chunk-LY4OWT6B.js?v=fd09ac8d:3
[ 3398148ms] [WARNING] [intlify] Fall back to translate 'logo_alt' key with 'cs' locale. @ http://0.0.0.0:3001/_nuxt/node_modules/.cache/vite/client/deps/chunk-LY4OWT6B.js?v=fd09ac8d:3
[ 3398148ms] [WARNING] [intlify] Not found 'logo_alt' key in 'cs' locale messages. @ http://0.0.0.0:3001/_nuxt/node_modules/.cache/vite/client/deps/chunk-LY4OWT6B.js?v=fd09ac8d:3
[ 3398148ms] [WARNING] [intlify] Not found 'title.cart' key in 'en' locale messages. @ http://0.0.0.0:3001/_nuxt/node_modules/.cache/vite/client/deps/chunk-LY4OWT6B.js?v=fd09ac8d:3
[ 3398148ms] [WARNING] [intlify] Fall back to translate 'title.cart' key with 'cs' locale. @ http://0.0.0.0:3001/_nuxt/node_modules/.cache/vite/client/deps/chunk-LY4OWT6B.js?v=fd09ac8d:3
[ 3398148ms] [WARNING] [intlify] Not found 'title.cart' key in 'cs' locale messages. @ http://0.0.0.0:3001/_nuxt/node_modules/.cache/vite/client/deps/chunk-LY4OWT6B.js?v=fd09ac8d:3
[ 3398148ms] [WARNING] [intlify] Fall back to translate 'title.cart' with root locale. @ http://0.0.0.0:3001/_nuxt/node_modules/.cache/vite/client/deps/chunk-LY4OWT6B.js?v=fd09ac8d:3
[ 3398173ms] [WARNING] [intlify] Not found 'logo_alt' key in 'en' locale messages. @ http://0.0.0.0:3001/_nuxt/node_modules/.cache/vite/client/deps/chunk-LY4OWT6B.js?v=fd09ac8d:3
[ 3398173ms] [WARNING] [intlify] Fall back to translate 'logo_alt' key with 'cs' locale. @ http://0.0.0.0:3001/_nuxt/node_modules/.cache/vite/client/deps/chunk-LY4OWT6B.js?v=fd09ac8d:3
[ 3398173ms] [WARNING] [intlify] Not found 'logo_alt' key in 'cs' locale messages. @ http://0.0.0.0:3001/_nuxt/node_modules/.cache/vite/client/deps/chunk-LY4OWT6B.js?v=fd09ac8d:3
[ 3398173ms] [WARNING] [intlify] Fall back to translate 'logo_alt' with root locale. @ http://0.0.0.0:3001/_nuxt/node_modules/.cache/vite/client/deps/chunk-LY4OWT6B.js?v=fd09ac8d:3
[ 3398173ms] [WARNING] [intlify] Not found 'logo_alt' key in 'en' locale messages. @ http://0.0.0.0:3001/_nuxt/node_modules/.cache/vite/client/deps/chunk-LY4OWT6B.js?v=fd09ac8d:3
[ 3398173ms] [WARNING] [intlify] Fall back to translate 'logo_alt' key with 'cs' locale. @ http://0.0.0.0:3001/_nuxt/node_modules/.cache/vite/client/deps/chunk-LY4OWT6B.js?v=fd09ac8d:3
[ 3398173ms] [WARNING] [intlify] Not found 'logo_alt' key in 'cs' locale messages. @ http://0.0.0.0:3001/_nuxt/node_modules/.cache/vite/client/deps/chunk-LY4OWT6B.js?v=fd09ac8d:3
[ 3398174ms] [WARNING] [intlify] Not found 'title.cart' key in 'en' locale messages. @ http://0.0.0.0:3001/_nuxt/node_modules/.cache/vite/client/deps/chunk-LY4OWT6B.js?v=fd09ac8d:3
[ 3398174ms] [WARNING] [intlify] Fall back to translate 'title.cart' key with 'cs' locale. @ http://0.0.0.0:3001/_nuxt/node_modules/.cache/vite/client/deps/chunk-LY4OWT6B.js?v=fd09ac8d:3
[ 3398174ms] [WARNING] [intlify] Not found 'title.cart' key in 'cs' locale messages. @ http://0.0.0.0:3001/_nuxt/node_modules/.cache/vite/client/deps/chunk-LY4OWT6B.js?v=fd09ac8d:3
[ 3398174ms] [WARNING] [intlify] Fall back to translate 'title.cart' with root locale. @ http://0.0.0.0:3001/_nuxt/node_modules/.cache/vite/client/deps/chunk-LY4OWT6B.js?v=fd09ac8d:3
[ 3398203ms] [WARNING] [intlify] Not found 'logo_alt' key in 'en' locale messages. @ http://0.0.0.0:3001/_nuxt/node_modules/.cache/vite/client/deps/chunk-LY4OWT6B.js?v=fd09ac8d:3
[ 3398203ms] [WARNING] [intlify] Fall back to translate 'logo_alt' key with 'cs' locale. @ http://0.0.0.0:3001/_nuxt/node_modules/.cache/vite/client/deps/chunk-LY4OWT6B.js?v=fd09ac8d:3
[ 3398203ms] [WARNING] [intlify] Not found 'logo_alt' key in 'cs' locale messages. @ http://0.0.0.0:3001/_nuxt/node_modules/.cache/vite/client/deps/chunk-LY4OWT6B.js?v=fd09ac8d:3
[ 3398203ms] [WARNING] [intlify] Fall back to translate 'logo_alt' with root locale. @ http://0.0.0.0:3001/_nuxt/node_modules/.cache/vite/client/deps/chunk-LY4OWT6B.js?v=fd09ac8d:3
[ 3398203ms] [WARNING] [intlify] Not found 'logo_alt' key in 'en' locale messages. @ http://0.0.0.0:3001/_nuxt/node_modules/.cache/vite/client/deps/chunk-LY4OWT6B.js?v=fd09ac8d:3
[ 3398203ms] [WARNING] [intlify] Fall back to translate 'logo_alt' key with 'cs' locale. @ http://0.0.0.0:3001/_nuxt/node_modules/.cache/vite/client/deps/chunk-LY4OWT6B.js?v=fd09ac8d:3
[ 3398203ms] [WARNING] [intlify] Not found 'logo_alt' key in 'cs' locale messages. @ http://0.0.0.0:3001/_nuxt/node_modules/.cache/vite/client/deps/chunk-LY4OWT6B.js?v=fd09ac8d:3
[ 3398203ms] [WARNING] [intlify] Not found 'title.cart' key in 'en' locale messages. @ http://0.0.0.0:3001/_nuxt/node_modules/.cache/vite/client/deps/chunk-LY4OWT6B.js?v=fd09ac8d:3
[ 3398204ms] [WARNING] [intlify] Fall back to translate 'title.cart' key with 'cs' locale. @ http://0.0.0.0:3001/_nuxt/node_modules/.cache/vite/client/deps/chunk-LY4OWT6B.js?v=fd09ac8d:3
[ 3398204ms] [WARNING] [intlify] Not found 'title.cart' key in 'cs' locale messages. @ http://0.0.0.0:3001/_nuxt/node_modules/.cache/vite/client/deps/chunk-LY4OWT6B.js?v=fd09ac8d:3
[ 3398204ms] [WARNING] [intlify] Fall back to translate 'title.cart' with root locale. @ http://0.0.0.0:3001/_nuxt/node_modules/.cache/vite/client/deps/chunk-LY4OWT6B.js?v=fd09ac8d:3
[ 3398239ms] [WARNING] [intlify] Not found 'logo_alt' key in 'en' locale messages. @ http://0.0.0.0:3001/_nuxt/node_modules/.cache/vite/client/deps/chunk-LY4OWT6B.js?v=fd09ac8d:3
[ 3398239ms] [WARNING] [intlify] Fall back to translate 'logo_alt' key with 'cs' locale. @ http://0.0.0.0:3001/_nuxt/node_modules/.cache/vite/client/deps/chunk-LY4OWT6B.js?v=fd09ac8d:3
[ 3398240ms] [WARNING] [intlify] Not found 'logo_alt' key in 'cs' locale messages. @ http://0.0.0.0:3001/_nuxt/node_modules/.cache/vite/client/deps/chunk-LY4OWT6B.js?v=fd09ac8d:3
[ 3398240ms] [WARNING] [intlify] Fall back to translate 'logo_alt' with root locale. @ http://0.0.0.0:3001/_nuxt/node_modules/.cache/vite/client/deps/chunk-LY4OWT6B.js?v=fd09ac8d:3
[ 3398240ms] [WARNING] [intlify] Not found 'logo_alt' key in 'en' locale messages. @ http://0.0.0.0:3001/_nuxt/node_modules/.cache/vite/client/deps/chunk-LY4OWT6B.js?v=fd09ac8d:3
[ 3398240ms] [WARNING] [intlify] Fall back to translate 'logo_alt' key with 'cs' locale. @ http://0.0.0.0:3001/_nuxt/node_modules/.cache/vite/client/deps/chunk-LY4OWT6B.js?v=fd09ac8d:3
[ 3398240ms] [WARNING] [intlify] Not found 'logo_alt' key in 'cs' locale messages. @ http://0.0.0.0:3001/_nuxt/node_modules/.cache/vite/client/deps/chunk-LY4OWT6B.js?v=fd09ac8d:3
[ 3398240ms] [WARNING] [intlify] Not found 'title.cart' key in 'en' locale messages. @ http://0.0.0.0:3001/_nuxt/node_modules/.cache/vite/client/deps/chunk-LY4OWT6B.js?v=fd09ac8d:3
[ 3398240ms] [WARNING] [intlify] Fall back to translate 'title.cart' key with 'cs' locale. @ http://0.0.0.0:3001/_nuxt/node_modules/.cache/vite/client/deps/chunk-LY4OWT6B.js?v=fd09ac8d:3
[ 3398240ms] [WARNING] [intlify] Not found 'title.cart' key in 'cs' locale messages. @ http://0.0.0.0:3001/_nuxt/node_modules/.cache/vite/client/deps/chunk-LY4OWT6B.js?v=fd09ac8d:3
[ 3398240ms] [WARNING] [intlify] Fall back to translate 'title.cart' with root locale. @ http://0.0.0.0:3001/_nuxt/node_modules/.cache/vite/client/deps/chunk-LY4OWT6B.js?v=fd09ac8d:3
[ 3398285ms] [WARNING] [intlify] Not found 'logo_alt' key in 'en' locale messages. @ http://0.0.0.0:3001/_nuxt/node_modules/.cache/vite/client/deps/chunk-LY4OWT6B.js?v=fd09ac8d:3
[ 3398285ms] [WARNING] [intlify] Fall back to translate 'logo_alt' key with 'cs' locale. @ http://0.0.0.0:3001/_nuxt/node_modules/.cache/vite/client/deps/chunk-LY4OWT6B.js?v=fd09ac8d:3
[ 3398286ms] [WARNING] [intlify] Not found 'logo_alt' key in 'cs' locale messages. @ http://0.0.0.0:3001/_nuxt/node_modules/.cache/vite/client/deps/chunk-LY4OWT6B.js?v=fd09ac8d:3
[ 3398286ms] [WARNING] [intlify] Fall back to translate 'logo_alt' with root locale. @ http://0.0.0.0:3001/_nuxt/node_modules/.cache/vite/client/deps/chunk-LY4OWT6B.js?v=fd09ac8d:3
[ 3398286ms] [WARNING] [intlify] Not found 'logo_alt' key in 'en' locale messages. @ http://0.0.0.0:3001/_nuxt/node_modules/.cache/vite/client/deps/chunk-LY4OWT6B.js?v=fd09ac8d:3
[ 3398286ms] [WARNING] [intlify] Fall back to translate 'logo_alt' key with 'cs' locale. @ http://0.0.0.0:3001/_nuxt/node_modules/.cache/vite/client/deps/chunk-LY4OWT6B.js?v=fd09ac8d:3
[ 3398286ms] [WARNING] [intlify] Not found 'logo_alt' key in 'cs' locale messages. @ http://0.0.0.0:3001/_nuxt/node_modules/.cache/vite/client/deps/chunk-LY4OWT6B.js?v=fd09ac8d:3
[ 3398286ms] [WARNING] [intlify] Not found 'title.cart' key in 'en' locale messages. @ http://0.0.0.0:3001/_nuxt/node_modules/.cache/vite/client/deps/chunk-LY4OWT6B.js?v=fd09ac8d:3
[ 3398286ms] [WARNING] [intlify] Fall back to translate 'title.cart' key with 'cs' locale. @ http://0.0.0.0:3001/_nuxt/node_modules/.cache/vite/client/deps/chunk-LY4OWT6B.js?v=fd09ac8d:3
[ 3398286ms] [WARNING] [intlify] Not found 'title.cart' key in 'cs' locale messages. @ http://0.0.0.0:3001/_nuxt/node_modules/.cache/vite/client/deps/chunk-LY4OWT6B.js?v=fd09ac8d:3
[ 3398286ms] [WARNING] [intlify] Fall back to translate 'title.cart' with root locale. @ http://0.0.0.0:3001/_nuxt/node_modules/.cache/vite/client/deps/chunk-LY4OWT6B.js?v=fd09ac8d:3
[ 3398295ms] [WARNING] [intlify] Not found 'logo_alt' key in 'en' locale messages. @ http://0.0.0.0:3001/_nuxt/node_modules/.cache/vite/client/deps/chunk-LY4OWT6B.js?v=fd09ac8d:3
[ 3398295ms] [WARNING] [intlify] Fall back to translate 'logo_alt' key with 'cs' locale. @ http://0.0.0.0:3001/_nuxt/node_modules/.cache/vite/client/deps/chunk-LY4OWT6B.js?v=fd09ac8d:3
[ 3398295ms] [WARNING] [intlify] Not found 'logo_alt' key in 'cs' locale messages. @ http://0.0.0.0:3001/_nuxt/node_modules/.cache/vite/client/deps/chunk-LY4OWT6B.js?v=fd09ac8d:3
[ 3398296ms] [WARNING] [intlify] Fall back to translate 'logo_alt' with root locale. @ http://0.0.0.0:3001/_nuxt/node_modules/.cache/vite/client/deps/chunk-LY4OWT6B.js?v=fd09ac8d:3
[ 3398296ms] [WARNING] [intlify] Not found 'logo_alt' key in 'en' locale messages. @ http://0.0.0.0:3001/_nuxt/node_modules/.cache/vite/client/deps/chunk-LY4OWT6B.js?v=fd09ac8d:3
[ 3398296ms] [WARNING] [intlify] Fall back to translate 'logo_alt' key with 'cs' locale. @ http://0.0.0.0:3001/_nuxt/node_modules/.cache/vite/client/deps/chunk-LY4OWT6B.js?v=fd09ac8d:3
[ 3398296ms] [WARNING] [intlify] Not found 'logo_alt' key in 'cs' locale messages. @ http://0.0.0.0:3001/_nuxt/node_modules/.cache/vite/client/deps/chunk-LY4OWT6B.js?v=fd09ac8d:3
[ 3398296ms] [WARNING] [intlify] Not found 'title.cart' key in 'en' locale messages. @ http://0.0.0.0:3001/_nuxt/node_modules/.cache/vite/client/deps/chunk-LY4OWT6B.js?v=fd09ac8d:3
[ 3398296ms] [WARNING] [intlify] Fall back to translate 'title.cart' key with 'cs' locale. @ http://0.0.0.0:3001/_nuxt/node_modules/.cache/vite/client/deps/chunk-LY4OWT6B.js?v=fd09ac8d:3
[ 3398296ms] [WARNING] [intlify] Not found 'title.cart' key in 'cs' locale messages. @ http://0.0.0.0:3001/_nuxt/node_modules/.cache/vite/client/deps/chunk-LY4OWT6B.js?v=fd09ac8d:3
[ 3398296ms] [WARNING] [intlify] Fall back to translate 'title.cart' with root locale. @ http://0.0.0.0:3001/_nuxt/node_modules/.cache/vite/client/deps/chunk-LY4OWT6B.js?v=fd09ac8d:3
[ 3398321ms] [WARNING] [intlify] Not found 'logo_alt' key in 'en' locale messages. @ http://0.0.0.0:3001/_nuxt/node_modules/.cache/vite/client/deps/chunk-LY4OWT6B.js?v=fd09ac8d:3
[ 3398321ms] [WARNING] [intlify] Fall back to translate 'logo_alt' key with 'cs' locale. @ http://0.0.0.0:3001/_nuxt/node_modules/.cache/vite/client/deps/chunk-LY4OWT6B.js?v=fd09ac8d:3
[ 3398321ms] [WARNING] [intlify] Not found 'logo_alt' key in 'cs' locale messages. @ http://0.0.0.0:3001/_nuxt/node_modules/.cache/vite/client/deps/chunk-LY4OWT6B.js?v=fd09ac8d:3
[ 3398321ms] [WARNING] [intlify] Fall back to translate 'logo_alt' with root locale. @ http://0.0.0.0:3001/_nuxt/node_modules/.cache/vite/client/deps/chunk-LY4OWT6B.js?v=fd09ac8d:3
[ 3398322ms] [WARNING] [intlify] Not found 'logo_alt' key in 'en' locale messages. @ http://0.0.0.0:3001/_nuxt/node_modules/.cache/vite/client/deps/chunk-LY4OWT6B.js?v=fd09ac8d:3
[ 3398322ms] [WARNING] [intlify] Fall back to translate 'logo_alt' key with 'cs' locale. @ http://0.0.0.0:3001/_nuxt/node_modules/.cache/vite/client/deps/chunk-LY4OWT6B.js?v=fd09ac8d:3
[ 3398322ms] [WARNING] [intlify] Not found 'logo_alt' key in 'cs' locale messages. @ http://0.0.0.0:3001/_nuxt/node_modules/.cache/vite/client/deps/chunk-LY4OWT6B.js?v=fd09ac8d:3
[ 3398322ms] [WARNING] [intlify] Not found 'title.cart' key in 'en' locale messages. @ http://0.0.0.0:3001/_nuxt/node_modules/.cache/vite/client/deps/chunk-LY4OWT6B.js?v=fd09ac8d:3
[ 3398322ms] [WARNING] [intlify] Fall back to translate 'title.cart' key with 'cs' locale. @ http://0.0.0.0:3001/_nuxt/node_modules/.cache/vite/client/deps/chunk-LY4OWT6B.js?v=fd09ac8d:3
[ 3398322ms] [WARNING] [intlify] Not found 'title.cart' key in 'cs' locale messages. @ http://0.0.0.0:3001/_nuxt/node_modules/.cache/vite/client/deps/chunk-LY4OWT6B.js?v=fd09ac8d:3
[ 3398322ms] [WARNING] [intlify] Fall back to translate 'title.cart' with root locale. @ http://0.0.0.0:3001/_nuxt/node_modules/.cache/vite/client/deps/chunk-LY4OWT6B.js?v=fd09ac8d:3
[ 3398331ms] [WARNING] [intlify] Not found 'logo_alt' key in 'en' locale messages. @ http://0.0.0.0:3001/_nuxt/node_modules/.cache/vite/client/deps/chunk-LY4OWT6B.js?v=fd09ac8d:3
[ 3398331ms] [WARNING] [intlify] Fall back to translate 'logo_alt' key with 'cs' locale. @ http://0.0.0.0:3001/_nuxt/node_modules/.cache/vite/client/deps/chunk-LY4OWT6B.js?v=fd09ac8d:3
[ 3398331ms] [WARNING] [intlify] Not found 'logo_alt' key in 'cs' locale messages. @ http://0.0.0.0:3001/_nuxt/node_modules/.cache/vite/client/deps/chunk-LY4OWT6B.js?v=fd09ac8d:3
[ 3398331ms] [WARNING] [intlify] Fall back to translate 'logo_alt' with root locale. @ http://0.0.0.0:3001/_nuxt/node_modules/.cache/vite/client/deps/chunk-LY4OWT6B.js?v=fd09ac8d:3
[ 3398331ms] [WARNING] [intlify] Not found 'logo_alt' key in 'en' locale messages. @ http://0.0.0.0:3001/_nuxt/node_modules/.cache/vite/client/deps/chunk-LY4OWT6B.js?v=fd09ac8d:3
[ 3398331ms] [WARNING] [intlify] Fall back to translate 'logo_alt' key with 'cs' locale. @ http://0.0.0.0:3001/_nuxt/node_modules/.cache/vite/client/deps/chunk-LY4OWT6B.js?v=fd09ac8d:3
[ 3398332ms] [WARNING] [intlify] Not found 'logo_alt' key in 'cs' locale messages. @ http://0.0.0.0:3001/_nuxt/node_modules/.cache/vite/client/deps/chunk-LY4OWT6B.js?v=fd09ac8d:3
[ 3398332ms] [WARNING] [intlify] Not found 'title.cart' key in 'en' locale messages. @ http://0.0.0.0:3001/_nuxt/node_modules/.cache/vite/client/deps/chunk-LY4OWT6B.js?v=fd09ac8d:3
[ 3398332ms] [WARNING] [intlify] Fall back to translate 'title.cart' key with 'cs' locale. @ http://0.0.0.0:3001/_nuxt/node_modules/.cache/vite/client/deps/chunk-LY4OWT6B.js?v=fd09ac8d:3
[ 3398332ms] [WARNING] [intlify] Not found 'title.cart' key in 'cs' locale messages. @ http://0.0.0.0:3001/_nuxt/node_modules/.cache/vite/client/deps/chunk-LY4OWT6B.js?v=fd09ac8d:3
[ 3398332ms] [WARNING] [intlify] Fall back to translate 'title.cart' with root locale. @ http://0.0.0.0:3001/_nuxt/node_modules/.cache/vite/client/deps/chunk-LY4OWT6B.js?v=fd09ac8d:3
[ 3399136ms] [WARNING] [intlify] Not found 'logo_alt' key in 'en' locale messages. @ http://0.0.0.0:3001/_nuxt/node_modules/.cache/vite/client/deps/chunk-LY4OWT6B.js?v=fd09ac8d:3
[ 3399136ms] [WARNING] [intlify] Fall back to translate 'logo_alt' key with 'cs' locale. @ http://0.0.0.0:3001/_nuxt/node_modules/.cache/vite/client/deps/chunk-LY4OWT6B.js?v=fd09ac8d:3
[ 3399136ms] [WARNING] [intlify] Not found 'logo_alt' key in 'cs' locale messages. @ http://0.0.0.0:3001/_nuxt/node_modules/.cache/vite/client/deps/chunk-LY4OWT6B.js?v=fd09ac8d:3
[ 3399137ms] [WARNING] [intlify] Fall back to translate 'logo_alt' with root locale. @ http://0.0.0.0:3001/_nuxt/node_modules/.cache/vite/client/deps/chunk-LY4OWT6B.js?v=fd09ac8d:3
[ 3399137ms] [WARNING] [intlify] Not found 'logo_alt' key in 'en' locale messages. @ http://0.0.0.0:3001/_nuxt/node_modules/.cache/vite/client/deps/chunk-LY4OWT6B.js?v=fd09ac8d:3
[ 3399137ms] [WARNING] [intlify] Fall back to translate 'logo_alt' key with 'cs' locale. @ http://0.0.0.0:3001/_nuxt/node_modules/.cache/vite/client/deps/chunk-LY4OWT6B.js?v=fd09ac8d:3
[ 3399137ms] [WARNING] [intlify] Not found 'logo_alt' key in 'cs' locale messages. @ http://0.0.0.0:3001/_nuxt/node_modules/.cache/vite/client/deps/chunk-LY4OWT6B.js?v=fd09ac8d:3
[ 3399138ms] [WARNING] [intlify] Not found 'title.cart' key in 'en' locale messages. @ http://0.0.0.0:3001/_nuxt/node_modules/.cache/vite/client/deps/chunk-LY4OWT6B.js?v=fd09ac8d:3
[ 3399138ms] [WARNING] [intlify] Fall back to translate 'title.cart' key with 'cs' locale. @ http://0.0.0.0:3001/_nuxt/node_modules/.cache/vite/client/deps/chunk-LY4OWT6B.js?v=fd09ac8d:3
[ 3399139ms] [WARNING] [intlify] Not found 'title.cart' key in 'cs' locale messages. @ http://0.0.0.0:3001/_nuxt/node_modules/.cache/vite/client/deps/chunk-LY4OWT6B.js?v=fd09ac8d:3
[ 3399139ms] [WARNING] [intlify] Fall back to translate 'title.cart' with root locale. @ http://0.0.0.0:3001/_nuxt/node_modules/.cache/vite/client/deps/chunk-LY4OWT6B.js?v=fd09ac8d:3
[ 3399159ms] [WARNING] [intlify] Not found 'logo_alt' key in 'en' locale messages. @ http://0.0.0.0:3001/_nuxt/node_modules/.cache/vite/client/deps/chunk-LY4OWT6B.js?v=fd09ac8d:3
[ 3399159ms] [WARNING] [intlify] Fall back to translate 'logo_alt' key with 'cs' locale. @ http://0.0.0.0:3001/_nuxt/node_modules/.cache/vite/client/deps/chunk-LY4OWT6B.js?v=fd09ac8d:3
[ 3399160ms] [WARNING] [intlify] Not found 'logo_alt' key in 'cs' locale messages. @ http://0.0.0.0:3001/_nuxt/node_modules/.cache/vite/client/deps/chunk-LY4OWT6B.js?v=fd09ac8d:3
[ 3399160ms] [WARNING] [intlify] Fall back to translate 'logo_alt' with root locale. @ http://0.0.0.0:3001/_nuxt/node_modules/.cache/vite/client/deps/chunk-LY4OWT6B.js?v=fd09ac8d:3
[ 3399160ms] [WARNING] [intlify] Not found 'logo_alt' key in 'en' locale messages. @ http://0.0.0.0:3001/_nuxt/node_modules/.cache/vite/client/deps/chunk-LY4OWT6B.js?v=fd09ac8d:3
[ 3399160ms] [WARNING] [intlify] Fall back to translate 'logo_alt' key with 'cs' locale. @ http://0.0.0.0:3001/_nuxt/node_modules/.cache/vite/client/deps/chunk-LY4OWT6B.js?v=fd09ac8d:3
[ 3399160ms] [WARNING] [intlify] Not found 'logo_alt' key in 'cs' locale messages. @ http://0.0.0.0:3001/_nuxt/node_modules/.cache/vite/client/deps/chunk-LY4OWT6B.js?v=fd09ac8d:3
[ 3399160ms] [WARNING] [intlify] Not found 'title.cart' key in 'en' locale messages. @ http://0.0.0.0:3001/_nuxt/node_modules/.cache/vite/client/deps/chunk-LY4OWT6B.js?v=fd09ac8d:3
[ 3399160ms] [WARNING] [intlify] Fall back to translate 'title.cart' key with 'cs' locale. @ http://0.0.0.0:3001/_nuxt/node_modules/.cache/vite/client/deps/chunk-LY4OWT6B.js?v=fd09ac8d:3
[ 3399161ms] [WARNING] [intlify] Not found 'title.cart' key in 'cs' locale messages. @ http://0.0.0.0:3001/_nuxt/node_modules/.cache/vite/client/deps/chunk-LY4OWT6B.js?v=fd09ac8d:3
[ 3399161ms] [WARNING] [intlify] Fall back to translate 'title.cart' with root locale. @ http://0.0.0.0:3001/_nuxt/node_modules/.cache/vite/client/deps/chunk-LY4OWT6B.js?v=fd09ac8d:3
[ 3399179ms] [WARNING] [intlify] Not found 'logo_alt' key in 'en' locale messages. @ http://0.0.0.0:3001/_nuxt/node_modules/.cache/vite/client/deps/chunk-LY4OWT6B.js?v=fd09ac8d:3
[ 3399179ms] [WARNING] [intlify] Fall back to translate 'logo_alt' key with 'cs' locale. @ http://0.0.0.0:3001/_nuxt/node_modules/.cache/vite/client/deps/chunk-LY4OWT6B.js?v=fd09ac8d:3
[ 3399179ms] [WARNING] [intlify] Not found 'logo_alt' key in 'cs' locale messages. @ http://0.0.0.0:3001/_nuxt/node_modules/.cache/vite/client/deps/chunk-LY4OWT6B.js?v=fd09ac8d:3
[ 3399180ms] [WARNING] [intlify] Fall back to translate 'logo_alt' with root locale. @ http://0.0.0.0:3001/_nuxt/node_modules/.cache/vite/client/deps/chunk-LY4OWT6B.js?v=fd09ac8d:3
[ 3399180ms] [WARNING] [intlify] Not found 'logo_alt' key in 'en' locale messages. @ http://0.0.0.0:3001/_nuxt/node_modules/.cache/vite/client/deps/chunk-LY4OWT6B.js?v=fd09ac8d:3
[ 3399180ms] [WARNING] [intlify] Fall back to translate 'logo_alt' key with 'cs' locale. @ http://0.0.0.0:3001/_nuxt/node_modules/.cache/vite/client/deps/chunk-LY4OWT6B.js?v=fd09ac8d:3
[ 3399180ms] [WARNING] [intlify] Not found 'logo_alt' key in 'cs' locale messages. @ http://0.0.0.0:3001/_nuxt/node_modules/.cache/vite/client/deps/chunk-LY4OWT6B.js?v=fd09ac8d:3
[ 3399180ms] [WARNING] [intlify] Not found 'title.cart' key in 'en' locale messages. @ http://0.0.0.0:3001/_nuxt/node_modules/.cache/vite/client/deps/chunk-LY4OWT6B.js?v=fd09ac8d:3
[ 3399180ms] [WARNING] [intlify] Fall back to translate 'title.cart' key with 'cs' locale. @ http://0.0.0.0:3001/_nuxt/node_modules/.cache/vite/client/deps/chunk-LY4OWT6B.js?v=fd09ac8d:3
[ 3399180ms] [WARNING] [intlify] Not found 'title.cart' key in 'cs' locale messages. @ http://0.0.0.0:3001/_nuxt/node_modules/.cache/vite/client/deps/chunk-LY4OWT6B.js?v=fd09ac8d:3
[ 3399180ms] [WARNING] [intlify] Fall back to translate 'title.cart' with root locale. @ http://0.0.0.0:3001/_nuxt/node_modules/.cache/vite/client/deps/chunk-LY4OWT6B.js?v=fd09ac8d:3
[ 3399188ms] [WARNING] [intlify] Not found 'logo_alt' key in 'en' locale messages. @ http://0.0.0.0:3001/_nuxt/node_modules/.cache/vite/client/deps/chunk-LY4OWT6B.js?v=fd09ac8d:3
[ 3399188ms] [WARNING] [intlify] Fall back to translate 'logo_alt' key with 'cs' locale. @ http://0.0.0.0:3001/_nuxt/node_modules/.cache/vite/client/deps/chunk-LY4OWT6B.js?v=fd09ac8d:3
[ 3399188ms] [WARNING] [intlify] Not found 'logo_alt' key in 'cs' locale messages. @ http://0.0.0.0:3001/_nuxt/node_modules/.cache/vite/client/deps/chunk-LY4OWT6B.js?v=fd09ac8d:3
[ 3399189ms] [WARNING] [intlify] Fall back to translate 'logo_alt' with root locale. @ http://0.0.0.0:3001/_nuxt/node_modules/.cache/vite/client/deps/chunk-LY4OWT6B.js?v=fd09ac8d:3
[ 3399189ms] [WARNING] [intlify] Not found 'logo_alt' key in 'en' locale messages. @ http://0.0.0.0:3001/_nuxt/node_modules/.cache/vite/client/deps/chunk-LY4OWT6B.js?v=fd09ac8d:3
[ 3399189ms] [WARNING] [intlify] Fall back to translate 'logo_alt' key with 'cs' locale. @ http://0.0.0.0:3001/_nuxt/node_modules/.cache/vite/client/deps/chunk-LY4OWT6B.js?v=fd09ac8d:3
[ 3399189ms] [WARNING] [intlify] Not found 'logo_alt' key in 'cs' locale messages. @ http://0.0.0.0:3001/_nuxt/node_modules/.cache/vite/client/deps/chunk-LY4OWT6B.js?v=fd09ac8d:3
[ 3399189ms] [WARNING] [intlify] Not found 'title.cart' key in 'en' locale messages. @ http://0.0.0.0:3001/_nuxt/node_modules/.cache/vite/client/deps/chunk-LY4OWT6B.js?v=fd09ac8d:3
[ 3399189ms] [WARNING] [intlify] Fall back to translate 'title.cart' key with 'cs' locale. @ http://0.0.0.0:3001/_nuxt/node_modules/.cache/vite/client/deps/chunk-LY4OWT6B.js?v=fd09ac8d:3
[ 3399189ms] [WARNING] [intlify] Not found 'title.cart' key in 'cs' locale messages. @ http://0.0.0.0:3001/_nuxt/node_modules/.cache/vite/client/deps/chunk-LY4OWT6B.js?v=fd09ac8d:3
[ 3399189ms] [WARNING] [intlify] Fall back to translate 'title.cart' with root locale. @ http://0.0.0.0:3001/_nuxt/node_modules/.cache/vite/client/deps/chunk-LY4OWT6B.js?v=fd09ac8d:3
[ 3399209ms] [WARNING] [intlify] Not found 'logo_alt' key in 'en' locale messages. @ http://0.0.0.0:3001/_nuxt/node_modules/.cache/vite/client/deps/chunk-LY4OWT6B.js?v=fd09ac8d:3
[ 3399210ms] [WARNING] [intlify] Fall back to translate 'logo_alt' key with 'cs' locale. @ http://0.0.0.0:3001/_nuxt/node_modules/.cache/vite/client/deps/chunk-LY4OWT6B.js?v=fd09ac8d:3
[ 3399210ms] [WARNING] [intlify] Not found 'logo_alt' key in 'cs' locale messages. @ http://0.0.0.0:3001/_nuxt/node_modules/.cache/vite/client/deps/chunk-LY4OWT6B.js?v=fd09ac8d:3
[ 3399210ms] [WARNING] [intlify] Fall back to translate 'logo_alt' with root locale. @ http://0.0.0.0:3001/_nuxt/node_modules/.cache/vite/client/deps/chunk-LY4OWT6B.js?v=fd09ac8d:3
[ 3399210ms] [WARNING] [intlify] Not found 'logo_alt' key in 'en' locale messages. @ http://0.0.0.0:3001/_nuxt/node_modules/.cache/vite/client/deps/chunk-LY4OWT6B.js?v=fd09ac8d:3
[ 3399210ms] [WARNING] [intlify] Fall back to translate 'logo_alt' key with 'cs' locale. @ http://0.0.0.0:3001/_nuxt/node_modules/.cache/vite/client/deps/chunk-LY4OWT6B.js?v=fd09ac8d:3
[ 3399210ms] [WARNING] [intlify] Not found 'logo_alt' key in 'cs' locale messages. @ http://0.0.0.0:3001/_nuxt/node_modules/.cache/vite/client/deps/chunk-LY4OWT6B.js?v=fd09ac8d:3
[ 3399210ms] [WARNING] [intlify] Not found 'title.cart' key in 'en' locale messages. @ http://0.0.0.0:3001/_nuxt/node_modules/.cache/vite/client/deps/chunk-LY4OWT6B.js?v=fd09ac8d:3
[ 3399210ms] [WARNING] [intlify] Fall back to translate 'title.cart' key with 'cs' locale. @ http://0.0.0.0:3001/_nuxt/node_modules/.cache/vite/client/deps/chunk-LY4OWT6B.js?v=fd09ac8d:3
[ 3399210ms] [WARNING] [intlify] Not found 'title.cart' key in 'cs' locale messages. @ http://0.0.0.0:3001/_nuxt/node_modules/.cache/vite/client/deps/chunk-LY4OWT6B.js?v=fd09ac8d:3
[ 3399210ms] [WARNING] [intlify] Fall back to translate 'title.cart' with root locale. @ http://0.0.0.0:3001/_nuxt/node_modules/.cache/vite/client/deps/chunk-LY4OWT6B.js?v=fd09ac8d:3
[ 3399240ms] [WARNING] [intlify] Not found 'logo_alt' key in 'en' locale messages. @ http://0.0.0.0:3001/_nuxt/node_modules/.cache/vite/client/deps/chunk-LY4OWT6B.js?v=fd09ac8d:3
[ 3399240ms] [WARNING] [intlify] Fall back to translate 'logo_alt' key with 'cs' locale. @ http://0.0.0.0:3001/_nuxt/node_modules/.cache/vite/client/deps/chunk-LY4OWT6B.js?v=fd09ac8d:3
[ 3399240ms] [WARNING] [intlify] Not found 'logo_alt' key in 'cs' locale messages. @ http://0.0.0.0:3001/_nuxt/node_modules/.cache/vite/client/deps/chunk-LY4OWT6B.js?v=fd09ac8d:3
[ 3399240ms] [WARNING] [intlify] Fall back to translate 'logo_alt' with root locale. @ http://0.0.0.0:3001/_nuxt/node_modules/.cache/vite/client/deps/chunk-LY4OWT6B.js?v=fd09ac8d:3
[ 3399240ms] [WARNING] [intlify] Not found 'logo_alt' key in 'en' locale messages. @ http://0.0.0.0:3001/_nuxt/node_modules/.cache/vite/client/deps/chunk-LY4OWT6B.js?v=fd09ac8d:3
[ 3399240ms] [WARNING] [intlify] Fall back to translate 'logo_alt' key with 'cs' locale. @ http://0.0.0.0:3001/_nuxt/node_modules/.cache/vite/client/deps/chunk-LY4OWT6B.js?v=fd09ac8d:3
[ 3399240ms] [WARNING] [intlify] Not found 'logo_alt' key in 'cs' locale messages. @ http://0.0.0.0:3001/_nuxt/node_modules/.cache/vite/client/deps/chunk-LY4OWT6B.js?v=fd09ac8d:3
[ 3399241ms] [WARNING] [intlify] Not found 'title.cart' key in 'en' locale messages. @ http://0.0.0.0:3001/_nuxt/node_modules/.cache/vite/client/deps/chunk-LY4OWT6B.js?v=fd09ac8d:3
[ 3399241ms] [WARNING] [intlify] Fall back to translate 'title.cart' key with 'cs' locale. @ http://0.0.0.0:3001/_nuxt/node_modules/.cache/vite/client/deps/chunk-LY4OWT6B.js?v=fd09ac8d:3
[ 3399241ms] [WARNING] [intlify] Not found 'title.cart' key in 'cs' locale messages. @ http://0.0.0.0:3001/_nuxt/node_modules/.cache/vite/client/deps/chunk-LY4OWT6B.js?v=fd09ac8d:3
[ 3399241ms] [WARNING] [intlify] Fall back to translate 'title.cart' with root locale. @ http://0.0.0.0:3001/_nuxt/node_modules/.cache/vite/client/deps/chunk-LY4OWT6B.js?v=fd09ac8d:3
[ 3399269ms] [WARNING] [intlify] Not found 'logo_alt' key in 'en' locale messages. @ http://0.0.0.0:3001/_nuxt/node_modules/.cache/vite/client/deps/chunk-LY4OWT6B.js?v=fd09ac8d:3
[ 3399269ms] [WARNING] [intlify] Fall back to translate 'logo_alt' key with 'cs' locale. @ http://0.0.0.0:3001/_nuxt/node_modules/.cache/vite/client/deps/chunk-LY4OWT6B.js?v=fd09ac8d:3
[ 3399269ms] [WARNING] [intlify] Not found 'logo_alt' key in 'cs' locale messages. @ http://0.0.0.0:3001/_nuxt/node_modules/.cache/vite/client/deps/chunk-LY4OWT6B.js?v=fd09ac8d:3
[ 3399269ms] [WARNING] [intlify] Fall back to translate 'logo_alt' with root locale. @ http://0.0.0.0:3001/_nuxt/node_modules/.cache/vite/client/deps/chunk-LY4OWT6B.js?v=fd09ac8d:3
[ 3399270ms] [WARNING] [intlify] Not found 'logo_alt' key in 'en' locale messages. @ http://0.0.0.0:3001/_nuxt/node_modules/.cache/vite/client/deps/chunk-LY4OWT6B.js?v=fd09ac8d:3
[ 3399270ms] [WARNING] [intlify] Fall back to translate 'logo_alt' key with 'cs' locale. @ http://0.0.0.0:3001/_nuxt/node_modules/.cache/vite/client/deps/chunk-LY4OWT6B.js?v=fd09ac8d:3
[ 3399270ms] [WARNING] [intlify] Not found 'logo_alt' key in 'cs' locale messages. @ http://0.0.0.0:3001/_nuxt/node_modules/.cache/vite/client/deps/chunk-LY4OWT6B.js?v=fd09ac8d:3
[ 3399270ms] [WARNING] [intlify] Not found 'title.cart' key in 'en' locale messages. @ http://0.0.0.0:3001/_nuxt/node_modules/.cache/vite/client/deps/chunk-LY4OWT6B.js?v=fd09ac8d:3
[ 3399270ms] [WARNING] [intlify] Fall back to translate 'title.cart' key with 'cs' locale. @ http://0.0.0.0:3001/_nuxt/node_modules/.cache/vite/client/deps/chunk-LY4OWT6B.js?v=fd09ac8d:3
[ 3399270ms] [WARNING] [intlify] Not found 'title.cart' key in 'cs' locale messages. @ http://0.0.0.0:3001/_nuxt/node_modules/.cache/vite/client/deps/chunk-LY4OWT6B.js?v=fd09ac8d:3
[ 3399270ms] [WARNING] [intlify] Fall back to translate 'title.cart' with root locale. @ http://0.0.0.0:3001/_nuxt/node_modules/.cache/vite/client/deps/chunk-LY4OWT6B.js?v=fd09ac8d:3
[ 3399277ms] [WARNING] [intlify] Not found 'logo_alt' key in 'en' locale messages. @ http://0.0.0.0:3001/_nuxt/node_modules/.cache/vite/client/deps/chunk-LY4OWT6B.js?v=fd09ac8d:3
[ 3399277ms] [WARNING] [intlify] Fall back to translate 'logo_alt' key with 'cs' locale. @ http://0.0.0.0:3001/_nuxt/node_modules/.cache/vite/client/deps/chunk-LY4OWT6B.js?v=fd09ac8d:3
[ 3399277ms] [WARNING] [intlify] Not found 'logo_alt' key in 'cs' locale messages. @ http://0.0.0.0:3001/_nuxt/node_modules/.cache/vite/client/deps/chunk-LY4OWT6B.js?v=fd09ac8d:3
[ 3399277ms] [WARNING] [intlify] Fall back to translate 'logo_alt' with root locale. @ http://0.0.0.0:3001/_nuxt/node_modules/.cache/vite/client/deps/chunk-LY4OWT6B.js?v=fd09ac8d:3
[ 3399277ms] [WARNING] [intlify] Not found 'logo_alt' key in 'en' locale messages. @ http://0.0.0.0:3001/_nuxt/node_modules/.cache/vite/client/deps/chunk-LY4OWT6B.js?v=fd09ac8d:3
[ 3399277ms] [WARNING] [intlify] Fall back to translate 'logo_alt' key with 'cs' locale. @ http://0.0.0.0:3001/_nuxt/node_modules/.cache/vite/client/deps/chunk-LY4OWT6B.js?v=fd09ac8d:3
[ 3399277ms] [WARNING] [intlify] Not found 'logo_alt' key in 'cs' locale messages. @ http://0.0.0.0:3001/_nuxt/node_modules/.cache/vite/client/deps/chunk-LY4OWT6B.js?v=fd09ac8d:3
[ 3399277ms] [WARNING] [intlify] Not found 'title.cart' key in 'en' locale messages. @ http://0.0.0.0:3001/_nuxt/node_modules/.cache/vite/client/deps/chunk-LY4OWT6B.js?v=fd09ac8d:3
[ 3399277ms] [WARNING] [intlify] Fall back to translate 'title.cart' key with 'cs' locale. @ http://0.0.0.0:3001/_nuxt/node_modules/.cache/vite/client/deps/chunk-LY4OWT6B.js?v=fd09ac8d:3
[ 3399278ms] [WARNING] [intlify] Not found 'title.cart' key in 'cs' locale messages. @ http://0.0.0.0:3001/_nuxt/node_modules/.cache/vite/client/deps/chunk-LY4OWT6B.js?v=fd09ac8d:3
[ 3399278ms] [WARNING] [intlify] Fall back to translate 'title.cart' with root locale. @ http://0.0.0.0:3001/_nuxt/node_modules/.cache/vite/client/deps/chunk-LY4OWT6B.js?v=fd09ac8d:3
[ 3399294ms] [WARNING] [intlify] Not found 'logo_alt' key in 'en' locale messages. @ http://0.0.0.0:3001/_nuxt/node_modules/.cache/vite/client/deps/chunk-LY4OWT6B.js?v=fd09ac8d:3
[ 3399295ms] [WARNING] [intlify] Fall back to translate 'logo_alt' key with 'cs' locale. @ http://0.0.0.0:3001/_nuxt/node_modules/.cache/vite/client/deps/chunk-LY4OWT6B.js?v=fd09ac8d:3
[ 3399295ms] [WARNING] [intlify] Not found 'logo_alt' key in 'cs' locale messages. @ http://0.0.0.0:3001/_nuxt/node_modules/.cache/vite/client/deps/chunk-LY4OWT6B.js?v=fd09ac8d:3
[ 3399295ms] [WARNING] [intlify] Fall back to translate 'logo_alt' with root locale. @ http://0.0.0.0:3001/_nuxt/node_modules/.cache/vite/client/deps/chunk-LY4OWT6B.js?v=fd09ac8d:3
[ 3399295ms] [WARNING] [intlify] Not found 'logo_alt' key in 'en' locale messages. @ http://0.0.0.0:3001/_nuxt/node_modules/.cache/vite/client/deps/chunk-LY4OWT6B.js?v=fd09ac8d:3
[ 3399295ms] [WARNING] [intlify] Fall back to translate 'logo_alt' key with 'cs' locale. @ http://0.0.0.0:3001/_nuxt/node_modules/.cache/vite/client/deps/chunk-LY4OWT6B.js?v=fd09ac8d:3
[ 3399295ms] [WARNING] [intlify] Not found 'logo_alt' key in 'cs' locale messages. @ http://0.0.0.0:3001/_nuxt/node_modules/.cache/vite/client/deps/chunk-LY4OWT6B.js?v=fd09ac8d:3
[ 3399295ms] [WARNING] [intlify] Not found 'title.cart' key in 'en' locale messages. @ http://0.0.0.0:3001/_nuxt/node_modules/.cache/vite/client/deps/chunk-LY4OWT6B.js?v=fd09ac8d:3
[ 3399295ms] [WARNING] [intlify] Fall back to translate 'title.cart' key with 'cs' locale. @ http://0.0.0.0:3001/_nuxt/node_modules/.cache/vite/client/deps/chunk-LY4OWT6B.js?v=fd09ac8d:3
[ 3399295ms] [WARNING] [intlify] Not found 'title.cart' key in 'cs' locale messages. @ http://0.0.0.0:3001/_nuxt/node_modules/.cache/vite/client/deps/chunk-LY4OWT6B.js?v=fd09ac8d:3
[ 3399295ms] [WARNING] [intlify] Fall back to translate 'title.cart' with root locale. @ http://0.0.0.0:3001/_nuxt/node_modules/.cache/vite/client/deps/chunk-LY4OWT6B.js?v=fd09ac8d:3
[ 3399309ms] [WARNING] [intlify] Not found 'logo_alt' key in 'en' locale messages. @ http://0.0.0.0:3001/_nuxt/node_modules/.cache/vite/client/deps/chunk-LY4OWT6B.js?v=fd09ac8d:3
[ 3399309ms] [WARNING] [intlify] Fall back to translate 'logo_alt' key with 'cs' locale. @ http://0.0.0.0:3001/_nuxt/node_modules/.cache/vite/client/deps/chunk-LY4OWT6B.js?v=fd09ac8d:3
[ 3399309ms] [WARNING] [intlify] Not found 'logo_alt' key in 'cs' locale messages. @ http://0.0.0.0:3001/_nuxt/node_modules/.cache/vite/client/deps/chunk-LY4OWT6B.js?v=fd09ac8d:3
[ 3399309ms] [WARNING] [intlify] Fall back to translate 'logo_alt' with root locale. @ http://0.0.0.0:3001/_nuxt/node_modules/.cache/vite/client/deps/chunk-LY4OWT6B.js?v=fd09ac8d:3
[ 3399309ms] [WARNING] [intlify] Not found 'logo_alt' key in 'en' locale messages. @ http://0.0.0.0:3001/_nuxt/node_modules/.cache/vite/client/deps/chunk-LY4OWT6B.js?v=fd09ac8d:3
[ 3399309ms] [WARNING] [intlify] Fall back to translate 'logo_alt' key with 'cs' locale. @ http://0.0.0.0:3001/_nuxt/node_modules/.cache/vite/client/deps/chunk-LY4OWT6B.js?v=fd09ac8d:3
[ 3399309ms] [WARNING] [intlify] Not found 'logo_alt' key in 'cs' locale messages. @ http://0.0.0.0:3001/_nuxt/node_modules/.cache/vite/client/deps/chunk-LY4OWT6B.js?v=fd09ac8d:3
[ 3399310ms] [WARNING] [intlify] Not found 'title.cart' key in 'en' locale messages. @ http://0.0.0.0:3001/_nuxt/node_modules/.cache/vite/client/deps/chunk-LY4OWT6B.js?v=fd09ac8d:3
[ 3399310ms] [WARNING] [intlify] Fall back to translate 'title.cart' key with 'cs' locale. @ http://0.0.0.0:3001/_nuxt/node_modules/.cache/vite/client/deps/chunk-LY4OWT6B.js?v=fd09ac8d:3
[ 3399310ms] [WARNING] [intlify] Not found 'title.cart' key in 'cs' locale messages. @ http://0.0.0.0:3001/_nuxt/node_modules/.cache/vite/client/deps/chunk-LY4OWT6B.js?v=fd09ac8d:3
[ 3399310ms] [WARNING] [intlify] Fall back to translate 'title.cart' with root locale. @ http://0.0.0.0:3001/_nuxt/node_modules/.cache/vite/client/deps/chunk-LY4OWT6B.js?v=fd09ac8d:3
[ 3399355ms] [WARNING] [intlify] Not found 'logo_alt' key in 'en' locale messages. @ http://0.0.0.0:3001/_nuxt/node_modules/.cache/vite/client/deps/chunk-LY4OWT6B.js?v=fd09ac8d:3
[ 3399356ms] [WARNING] [intlify] Fall back to translate 'logo_alt' key with 'cs' locale. @ http://0.0.0.0:3001/_nuxt/node_modules/.cache/vite/client/deps/chunk-LY4OWT6B.js?v=fd09ac8d:3
[ 3399356ms] [WARNING] [intlify] Not found 'logo_alt' key in 'cs' locale messages. @ http://0.0.0.0:3001/_nuxt/node_modules/.cache/vite/client/deps/chunk-LY4OWT6B.js?v=fd09ac8d:3
[ 3399356ms] [WARNING] [intlify] Fall back to translate 'logo_alt' with root locale. @ http://0.0.0.0:3001/_nuxt/node_modules/.cache/vite/client/deps/chunk-LY4OWT6B.js?v=fd09ac8d:3
[ 3399356ms] [WARNING] [intlify] Not found 'logo_alt' key in 'en' locale messages. @ http://0.0.0.0:3001/_nuxt/node_modules/.cache/vite/client/deps/chunk-LY4OWT6B.js?v=fd09ac8d:3
[ 3399356ms] [WARNING] [intlify] Fall back to translate 'logo_alt' key with 'cs' locale. @ http://0.0.0.0:3001/_nuxt/node_modules/.cache/vite/client/deps/chunk-LY4OWT6B.js?v=fd09ac8d:3
[ 3399356ms] [WARNING] [intlify] Not found 'logo_alt' key in 'cs' locale messages. @ http://0.0.0.0:3001/_nuxt/node_modules/.cache/vite/client/deps/chunk-LY4OWT6B.js?v=fd09ac8d:3
[ 3399356ms] [WARNING] [intlify] Not found 'title.cart' key in 'en' locale messages. @ http://0.0.0.0:3001/_nuxt/node_modules/.cache/vite/client/deps/chunk-LY4OWT6B.js?v=fd09ac8d:3
[ 3399356ms] [WARNING] [intlify] Fall back to translate 'title.cart' key with 'cs' locale. @ http://0.0.0.0:3001/_nuxt/node_modules/.cache/vite/client/deps/chunk-LY4OWT6B.js?v=fd09ac8d:3
[ 3399356ms] [WARNING] [intlify] Not found 'title.cart' key in 'cs' locale messages. @ http://0.0.0.0:3001/_nuxt/node_modules/.cache/vite/client/deps/chunk-LY4OWT6B.js?v=fd09ac8d:3
[ 3399356ms] [WARNING] [intlify] Fall back to translate 'title.cart' with root locale. @ http://0.0.0.0:3001/_nuxt/node_modules/.cache/vite/client/deps/chunk-LY4OWT6B.js?v=fd09ac8d:3
[ 3399819ms] [WARNING] [intlify] Not found 'logo_alt' key in 'en' locale messages. @ http://0.0.0.0:3001/_nuxt/node_modules/.cache/vite/client/deps/chunk-LY4OWT6B.js?v=fd09ac8d:3
[ 3399820ms] [WARNING] [intlify] Fall back to translate 'logo_alt' key with 'cs' locale. @ http://0.0.0.0:3001/_nuxt/node_modules/.cache/vite/client/deps/chunk-LY4OWT6B.js?v=fd09ac8d:3
[ 3399820ms] [WARNING] [intlify] Not found 'logo_alt' key in 'cs' locale messages. @ http://0.0.0.0:3001/_nuxt/node_modules/.cache/vite/client/deps/chunk-LY4OWT6B.js?v=fd09ac8d:3
[ 3399820ms] [WARNING] [intlify] Fall back to translate 'logo_alt' with root locale. @ http://0.0.0.0:3001/_nuxt/node_modules/.cache/vite/client/deps/chunk-LY4OWT6B.js?v=fd09ac8d:3
[ 3399820ms] [WARNING] [intlify] Not found 'logo_alt' key in 'en' locale messages. @ http://0.0.0.0:3001/_nuxt/node_modules/.cache/vite/client/deps/chunk-LY4OWT6B.js?v=fd09ac8d:3
[ 3399820ms] [WARNING] [intlify] Fall back to translate 'logo_alt' key with 'cs' locale. @ http://0.0.0.0:3001/_nuxt/node_modules/.cache/vite/client/deps/chunk-LY4OWT6B.js?v=fd09ac8d:3
[ 3399820ms] [WARNING] [intlify] Not found 'logo_alt' key in 'cs' locale messages. @ http://0.0.0.0:3001/_nuxt/node_modules/.cache/vite/client/deps/chunk-LY4OWT6B.js?v=fd09ac8d:3
[ 3399820ms] [WARNING] [intlify] Not found 'title.cart' key in 'en' locale messages. @ http://0.0.0.0:3001/_nuxt/node_modules/.cache/vite/client/deps/chunk-LY4OWT6B.js?v=fd09ac8d:3
[ 3399820ms] [WARNING] [intlify] Fall back to translate 'title.cart' key with 'cs' locale. @ http://0.0.0.0:3001/_nuxt/node_modules/.cache/vite/client/deps/chunk-LY4OWT6B.js?v=fd09ac8d:3
[ 3399820ms] [WARNING] [intlify] Not found 'title.cart' key in 'cs' locale messages. @ http://0.0.0.0:3001/_nuxt/node_modules/.cache/vite/client/deps/chunk-LY4OWT6B.js?v=fd09ac8d:3
[ 3399821ms] [WARNING] [intlify] Fall back to translate 'title.cart' with root locale. @ http://0.0.0.0:3001/_nuxt/node_modules/.cache/vite/client/deps/chunk-LY4OWT6B.js?v=fd09ac8d:3
[ 3399869ms] [WARNING] [intlify] Not found 'logo_alt' key in 'en' locale messages. @ http://0.0.0.0:3001/_nuxt/node_modules/.cache/vite/client/deps/chunk-LY4OWT6B.js?v=fd09ac8d:3
[ 3399869ms] [WARNING] [intlify] Fall back to translate 'logo_alt' key with 'cs' locale. @ http://0.0.0.0:3001/_nuxt/node_modules/.cache/vite/client/deps/chunk-LY4OWT6B.js?v=fd09ac8d:3
[ 3399870ms] [WARNING] [intlify] Not found 'logo_alt' key in 'cs' locale messages. @ http://0.0.0.0:3001/_nuxt/node_modules/.cache/vite/client/deps/chunk-LY4OWT6B.js?v=fd09ac8d:3
[ 3399870ms] [WARNING] [intlify] Fall back to translate 'logo_alt' with root locale. @ http://0.0.0.0:3001/_nuxt/node_modules/.cache/vite/client/deps/chunk-LY4OWT6B.js?v=fd09ac8d:3
[ 3399870ms] [WARNING] [intlify] Not found 'logo_alt' key in 'en' locale messages. @ http://0.0.0.0:3001/_nuxt/node_modules/.cache/vite/client/deps/chunk-LY4OWT6B.js?v=fd09ac8d:3
[ 3399870ms] [WARNING] [intlify] Fall back to translate 'logo_alt' key with 'cs' locale. @ http://0.0.0.0:3001/_nuxt/node_modules/.cache/vite/client/deps/chunk-LY4OWT6B.js?v=fd09ac8d:3
[ 3399870ms] [WARNING] [intlify] Not found 'logo_alt' key in 'cs' locale messages. @ http://0.0.0.0:3001/_nuxt/node_modules/.cache/vite/client/deps/chunk-LY4OWT6B.js?v=fd09ac8d:3
[ 3399870ms] [WARNING] [intlify] Not found 'title.cart' key in 'en' locale messages. @ http://0.0.0.0:3001/_nuxt/node_modules/.cache/vite/client/deps/chunk-LY4OWT6B.js?v=fd09ac8d:3
[ 3399870ms] [WARNING] [intlify] Fall back to translate 'title.cart' key with 'cs' locale. @ http://0.0.0.0:3001/_nuxt/node_modules/.cache/vite/client/deps/chunk-LY4OWT6B.js?v=fd09ac8d:3
[ 3399870ms] [WARNING] [intlify] Not found 'title.cart' key in 'cs' locale messages. @ http://0.0.0.0:3001/_nuxt/node_modules/.cache/vite/client/deps/chunk-LY4OWT6B.js?v=fd09ac8d:3
[ 3399870ms] [WARNING] [intlify] Fall back to translate 'title.cart' with root locale. @ http://0.0.0.0:3001/_nuxt/node_modules/.cache/vite/client/deps/chunk-LY4OWT6B.js?v=fd09ac8d:3
[ 3399880ms] [WARNING] [intlify] Not found 'logo_alt' key in 'en' locale messages. @ http://0.0.0.0:3001/_nuxt/node_modules/.cache/vite/client/deps/chunk-LY4OWT6B.js?v=fd09ac8d:3
[ 3399880ms] [WARNING] [intlify] Fall back to translate 'logo_alt' key with 'cs' locale. @ http://0.0.0.0:3001/_nuxt/node_modules/.cache/vite/client/deps/chunk-LY4OWT6B.js?v=fd09ac8d:3
[ 3399880ms] [WARNING] [intlify] Not found 'logo_alt' key in 'cs' locale messages. @ http://0.0.0.0:3001/_nuxt/node_modules/.cache/vite/client/deps/chunk-LY4OWT6B.js?v=fd09ac8d:3
[ 3399880ms] [WARNING] [intlify] Fall back to translate 'logo_alt' with root locale. @ http://0.0.0.0:3001/_nuxt/node_modules/.cache/vite/client/deps/chunk-LY4OWT6B.js?v=fd09ac8d:3
[ 3399880ms] [WARNING] [intlify] Not found 'logo_alt' key in 'en' locale messages. @ http://0.0.0.0:3001/_nuxt/node_modules/.cache/vite/client/deps/chunk-LY4OWT6B.js?v=fd09ac8d:3
[ 3399881ms] [WARNING] [intlify] Fall back to translate 'logo_alt' key with 'cs' locale. @ http://0.0.0.0:3001/_nuxt/node_modules/.cache/vite/client/deps/chunk-LY4OWT6B.js?v=fd09ac8d:3
[ 3399881ms] [WARNING] [intlify] Not found 'logo_alt' key in 'cs' locale messages. @ http://0.0.0.0:3001/_nuxt/node_modules/.cache/vite/client/deps/chunk-LY4OWT6B.js?v=fd09ac8d:3
[ 3399881ms] [WARNING] [intlify] Not found 'title.cart' key in 'en' locale messages. @ http://0.0.0.0:3001/_nuxt/node_modules/.cache/vite/client/deps/chunk-LY4OWT6B.js?v=fd09ac8d:3
[ 3399882ms] [WARNING] [intlify] Fall back to translate 'title.cart' key with 'cs' locale. @ http://0.0.0.0:3001/_nuxt/node_modules/.cache/vite/client/deps/chunk-LY4OWT6B.js?v=fd09ac8d:3
[ 3399882ms] [WARNING] [intlify] Not found 'title.cart' key in 'cs' locale messages. @ http://0.0.0.0:3001/_nuxt/node_modules/.cache/vite/client/deps/chunk-LY4OWT6B.js?v=fd09ac8d:3
[ 3399882ms] [WARNING] [intlify] Fall back to translate 'title.cart' with root locale. @ http://0.0.0.0:3001/_nuxt/node_modules/.cache/vite/client/deps/chunk-LY4OWT6B.js?v=fd09ac8d:3
[ 3399892ms] [WARNING] [intlify] Not found 'logo_alt' key in 'en' locale messages. @ http://0.0.0.0:3001/_nuxt/node_modules/.cache/vite/client/deps/chunk-LY4OWT6B.js?v=fd09ac8d:3
[ 3399892ms] [WARNING] [intlify] Fall back to translate 'logo_alt' key with 'cs' locale. @ http://0.0.0.0:3001/_nuxt/node_modules/.cache/vite/client/deps/chunk-LY4OWT6B.js?v=fd09ac8d:3
[ 3399892ms] [WARNING] [intlify] Not found 'logo_alt' key in 'cs' locale messages. @ http://0.0.0.0:3001/_nuxt/node_modules/.cache/vite/client/deps/chunk-LY4OWT6B.js?v=fd09ac8d:3
[ 3399893ms] [WARNING] [intlify] Fall back to translate 'logo_alt' with root locale. @ http://0.0.0.0:3001/_nuxt/node_modules/.cache/vite/client/deps/chunk-LY4OWT6B.js?v=fd09ac8d:3
[ 3399893ms] [WARNING] [intlify] Not found 'logo_alt' key in 'en' locale messages. @ http://0.0.0.0:3001/_nuxt/node_modules/.cache/vite/client/deps/chunk-LY4OWT6B.js?v=fd09ac8d:3
[ 3399893ms] [WARNING] [intlify] Fall back to translate 'logo_alt' key with 'cs' locale. @ http://0.0.0.0:3001/_nuxt/node_modules/.cache/vite/client/deps/chunk-LY4OWT6B.js?v=fd09ac8d:3
[ 3399893ms] [WARNING] [intlify] Not found 'logo_alt' key in 'cs' locale messages. @ http://0.0.0.0:3001/_nuxt/node_modules/.cache/vite/client/deps/chunk-LY4OWT6B.js?v=fd09ac8d:3
[ 3399893ms] [WARNING] [intlify] Not found 'title.cart' key in 'en' locale messages. @ http://0.0.0.0:3001/_nuxt/node_modules/.cache/vite/client/deps/chunk-LY4OWT6B.js?v=fd09ac8d:3
[ 3399893ms] [WARNING] [intlify] Fall back to translate 'title.cart' key with 'cs' locale. @ http://0.0.0.0:3001/_nuxt/node_modules/.cache/vite/client/deps/chunk-LY4OWT6B.js?v=fd09ac8d:3
[ 3399893ms] [WARNING] [intlify] Not found 'title.cart' key in 'cs' locale messages. @ http://0.0.0.0:3001/_nuxt/node_modules/.cache/vite/client/deps/chunk-LY4OWT6B.js?v=fd09ac8d:3
[ 3399893ms] [WARNING] [intlify] Fall back to translate 'title.cart' with root locale. @ http://0.0.0.0:3001/_nuxt/node_modules/.cache/vite/client/deps/chunk-LY4OWT6B.js?v=fd09ac8d:3
[ 3399930ms] [WARNING] [intlify] Not found 'logo_alt' key in 'en' locale messages. @ http://0.0.0.0:3001/_nuxt/node_modules/.cache/vite/client/deps/chunk-LY4OWT6B.js?v=fd09ac8d:3
[ 3399930ms] [WARNING] [intlify] Fall back to translate 'logo_alt' key with 'cs' locale. @ http://0.0.0.0:3001/_nuxt/node_modules/.cache/vite/client/deps/chunk-LY4OWT6B.js?v=fd09ac8d:3
[ 3399930ms] [WARNING] [intlify] Not found 'logo_alt' key in 'cs' locale messages. @ http://0.0.0.0:3001/_nuxt/node_modules/.cache/vite/client/deps/chunk-LY4OWT6B.js?v=fd09ac8d:3
[ 3399930ms] [WARNING] [intlify] Fall back to translate 'logo_alt' with root locale. @ http://0.0.0.0:3001/_nuxt/node_modules/.cache/vite/client/deps/chunk-LY4OWT6B.js?v=fd09ac8d:3
[ 3399930ms] [WARNING] [intlify] Not found 'logo_alt' key in 'en' locale messages. @ http://0.0.0.0:3001/_nuxt/node_modules/.cache/vite/client/deps/chunk-LY4OWT6B.js?v=fd09ac8d:3
[ 3399930ms] [WARNING] [intlify] Fall back to translate 'logo_alt' key with 'cs' locale. @ http://0.0.0.0:3001/_nuxt/node_modules/.cache/vite/client/deps/chunk-LY4OWT6B.js?v=fd09ac8d:3
[ 3399930ms] [WARNING] [intlify] Not found 'logo_alt' key in 'cs' locale messages. @ http://0.0.0.0:3001/_nuxt/node_modules/.cache/vite/client/deps/chunk-LY4OWT6B.js?v=fd09ac8d:3
[ 3399931ms] [WARNING] [intlify] Not found 'title.cart' key in 'en' locale messages. @ http://0.0.0.0:3001/_nuxt/node_modules/.cache/vite/client/deps/chunk-LY4OWT6B.js?v=fd09ac8d:3
[ 3399931ms] [WARNING] [intlify] Fall back to translate 'title.cart' key with 'cs' locale. @ http://0.0.0.0:3001/_nuxt/node_modules/.cache/vite/client/deps/chunk-LY4OWT6B.js?v=fd09ac8d:3
[ 3399931ms] [WARNING] [intlify] Not found 'title.cart' key in 'cs' locale messages. @ http://0.0.0.0:3001/_nuxt/node_modules/.cache/vite/client/deps/chunk-LY4OWT6B.js?v=fd09ac8d:3
[ 3399931ms] [WARNING] [intlify] Fall back to translate 'title.cart' with root locale. @ http://0.0.0.0:3001/_nuxt/node_modules/.cache/vite/client/deps/chunk-LY4OWT6B.js?v=fd09ac8d:3
[ 3399939ms] [WARNING] [intlify] Not found 'logo_alt' key in 'en' locale messages. @ http://0.0.0.0:3001/_nuxt/node_modules/.cache/vite/client/deps/chunk-LY4OWT6B.js?v=fd09ac8d:3
[ 3399940ms] [WARNING] [intlify] Fall back to translate 'logo_alt' key with 'cs' locale. @ http://0.0.0.0:3001/_nuxt/node_modules/.cache/vite/client/deps/chunk-LY4OWT6B.js?v=fd09ac8d:3
[ 3399940ms] [WARNING] [intlify] Not found 'logo_alt' key in 'cs' locale messages. @ http://0.0.0.0:3001/_nuxt/node_modules/.cache/vite/client/deps/chunk-LY4OWT6B.js?v=fd09ac8d:3
[ 3399940ms] [WARNING] [intlify] Fall back to translate 'logo_alt' with root locale. @ http://0.0.0.0:3001/_nuxt/node_modules/.cache/vite/client/deps/chunk-LY4OWT6B.js?v=fd09ac8d:3
[ 3399940ms] [WARNING] [intlify] Not found 'logo_alt' key in 'en' locale messages. @ http://0.0.0.0:3001/_nuxt/node_modules/.cache/vite/client/deps/chunk-LY4OWT6B.js?v=fd09ac8d:3
[ 3399940ms] [WARNING] [intlify] Fall back to translate 'logo_alt' key with 'cs' locale. @ http://0.0.0.0:3001/_nuxt/node_modules/.cache/vite/client/deps/chunk-LY4OWT6B.js?v=fd09ac8d:3
[ 3399940ms] [WARNING] [intlify] Not found 'logo_alt' key in 'cs' locale messages. @ http://0.0.0.0:3001/_nuxt/node_modules/.cache/vite/client/deps/chunk-LY4OWT6B.js?v=fd09ac8d:3
[ 3399940ms] [WARNING] [intlify] Not found 'title.cart' key in 'en' locale messages. @ http://0.0.0.0:3001/_nuxt/node_modules/.cache/vite/client/deps/chunk-LY4OWT6B.js?v=fd09ac8d:3
[ 3399940ms] [WARNING] [intlify] Fall back to translate 'title.cart' key with 'cs' locale. @ http://0.0.0.0:3001/_nuxt/node_modules/.cache/vite/client/deps/chunk-LY4OWT6B.js?v=fd09ac8d:3
[ 3399940ms] [WARNING] [intlify] Not found 'title.cart' key in 'cs' locale messages. @ http://0.0.0.0:3001/_nuxt/node_modules/.cache/vite/client/deps/chunk-LY4OWT6B.js?v=fd09ac8d:3
[ 3399940ms] [WARNING] [intlify] Fall back to translate 'title.cart' with root locale. @ http://0.0.0.0:3001/_nuxt/node_modules/.cache/vite/client/deps/chunk-LY4OWT6B.js?v=fd09ac8d:3
[ 3399979ms] [WARNING] [intlify] Not found 'logo_alt' key in 'en' locale messages. @ http://0.0.0.0:3001/_nuxt/node_modules/.cache/vite/client/deps/chunk-LY4OWT6B.js?v=fd09ac8d:3
[ 3399979ms] [WARNING] [intlify] Fall back to translate 'logo_alt' key with 'cs' locale. @ http://0.0.0.0:3001/_nuxt/node_modules/.cache/vite/client/deps/chunk-LY4OWT6B.js?v=fd09ac8d:3
[ 3399979ms] [WARNING] [intlify] Not found 'logo_alt' key in 'cs' locale messages. @ http://0.0.0.0:3001/_nuxt/node_modules/.cache/vite/client/deps/chunk-LY4OWT6B.js?v=fd09ac8d:3
[ 3399979ms] [WARNING] [intlify] Fall back to translate 'logo_alt' with root locale. @ http://0.0.0.0:3001/_nuxt/node_modules/.cache/vite/client/deps/chunk-LY4OWT6B.js?v=fd09ac8d:3
[ 3399979ms] [WARNING] [intlify] Not found 'logo_alt' key in 'en' locale messages. @ http://0.0.0.0:3001/_nuxt/node_modules/.cache/vite/client/deps/chunk-LY4OWT6B.js?v=fd09ac8d:3
[ 3399979ms] [WARNING] [intlify] Fall back to translate 'logo_alt' key with 'cs' locale. @ http://0.0.0.0:3001/_nuxt/node_modules/.cache/vite/client/deps/chunk-LY4OWT6B.js?v=fd09ac8d:3
[ 3399979ms] [WARNING] [intlify] Not found 'logo_alt' key in 'cs' locale messages. @ http://0.0.0.0:3001/_nuxt/node_modules/.cache/vite/client/deps/chunk-LY4OWT6B.js?v=fd09ac8d:3
[ 3399980ms] [WARNING] [intlify] Not found 'title.cart' key in 'en' locale messages. @ http://0.0.0.0:3001/_nuxt/node_modules/.cache/vite/client/deps/chunk-LY4OWT6B.js?v=fd09ac8d:3
[ 3399980ms] [WARNING] [intlify] Fall back to translate 'title.cart' key with 'cs' locale. @ http://0.0.0.0:3001/_nuxt/node_modules/.cache/vite/client/deps/chunk-LY4OWT6B.js?v=fd09ac8d:3
[ 3399980ms] [WARNING] [intlify] Not found 'title.cart' key in 'cs' locale messages. @ http://0.0.0.0:3001/_nuxt/node_modules/.cache/vite/client/deps/chunk-LY4OWT6B.js?v=fd09ac8d:3
[ 3399981ms] [WARNING] [intlify] Fall back to translate 'title.cart' with root locale. @ http://0.0.0.0:3001/_nuxt/node_modules/.cache/vite/client/deps/chunk-LY4OWT6B.js?v=fd09ac8d:3
[ 3399990ms] [WARNING] [intlify] Not found 'logo_alt' key in 'en' locale messages. @ http://0.0.0.0:3001/_nuxt/node_modules/.cache/vite/client/deps/chunk-LY4OWT6B.js?v=fd09ac8d:3
[ 3399991ms] [WARNING] [intlify] Fall back to translate 'logo_alt' key with 'cs' locale. @ http://0.0.0.0:3001/_nuxt/node_modules/.cache/vite/client/deps/chunk-LY4OWT6B.js?v=fd09ac8d:3
[ 3399991ms] [WARNING] [intlify] Not found 'logo_alt' key in 'cs' locale messages. @ http://0.0.0.0:3001/_nuxt/node_modules/.cache/vite/client/deps/chunk-LY4OWT6B.js?v=fd09ac8d:3
[ 3399991ms] [WARNING] [intlify] Fall back to translate 'logo_alt' with root locale. @ http://0.0.0.0:3001/_nuxt/node_modules/.cache/vite/client/deps/chunk-LY4OWT6B.js?v=fd09ac8d:3
[ 3399991ms] [WARNING] [intlify] Not found 'logo_alt' key in 'en' locale messages. @ http://0.0.0.0:3001/_nuxt/node_modules/.cache/vite/client/deps/chunk-LY4OWT6B.js?v=fd09ac8d:3
[ 3399991ms] [WARNING] [intlify] Fall back to translate 'logo_alt' key with 'cs' locale. @ http://0.0.0.0:3001/_nuxt/node_modules/.cache/vite/client/deps/chunk-LY4OWT6B.js?v=fd09ac8d:3
[ 3399991ms] [WARNING] [intlify] Not found 'logo_alt' key in 'cs' locale messages. @ http://0.0.0.0:3001/_nuxt/node_modules/.cache/vite/client/deps/chunk-LY4OWT6B.js?v=fd09ac8d:3
[ 3399991ms] [WARNING] [intlify] Not found 'title.cart' key in 'en' locale messages. @ http://0.0.0.0:3001/_nuxt/node_modules/.cache/vite/client/deps/chunk-LY4OWT6B.js?v=fd09ac8d:3
[ 3399991ms] [WARNING] [intlify] Fall back to translate 'title.cart' key with 'cs' locale. @ http://0.0.0.0:3001/_nuxt/node_modules/.cache/vite/client/deps/chunk-LY4OWT6B.js?v=fd09ac8d:3
[ 3399991ms] [WARNING] [intlify] Not found 'title.cart' key in 'cs' locale messages. @ http://0.0.0.0:3001/_nuxt/node_modules/.cache/vite/client/deps/chunk-LY4OWT6B.js?v=fd09ac8d:3
[ 3399991ms] [WARNING] [intlify] Fall back to translate 'title.cart' with root locale. @ http://0.0.0.0:3001/_nuxt/node_modules/.cache/vite/client/deps/chunk-LY4OWT6B.js?v=fd09ac8d:3
[ 3400003ms] [WARNING] [intlify] Not found 'logo_alt' key in 'en' locale messages. @ http://0.0.0.0:3001/_nuxt/node_modules/.cache/vite/client/deps/chunk-LY4OWT6B.js?v=fd09ac8d:3
[ 3400003ms] [WARNING] [intlify] Fall back to translate 'logo_alt' key with 'cs' locale. @ http://0.0.0.0:3001/_nuxt/node_modules/.cache/vite/client/deps/chunk-LY4OWT6B.js?v=fd09ac8d:3
[ 3400003ms] [WARNING] [intlify] Not found 'logo_alt' key in 'cs' locale messages. @ http://0.0.0.0:3001/_nuxt/node_modules/.cache/vite/client/deps/chunk-LY4OWT6B.js?v=fd09ac8d:3
[ 3400003ms] [WARNING] [intlify] Fall back to translate 'logo_alt' with root locale. @ http://0.0.0.0:3001/_nuxt/node_modules/.cache/vite/client/deps/chunk-LY4OWT6B.js?v=fd09ac8d:3
[ 3400004ms] [WARNING] [intlify] Not found 'logo_alt' key in 'en' locale messages. @ http://0.0.0.0:3001/_nuxt/node_modules/.cache/vite/client/deps/chunk-LY4OWT6B.js?v=fd09ac8d:3
[ 3400004ms] [WARNING] [intlify] Fall back to translate 'logo_alt' key with 'cs' locale. @ http://0.0.0.0:3001/_nuxt/node_modules/.cache/vite/client/deps/chunk-LY4OWT6B.js?v=fd09ac8d:3
[ 3400004ms] [WARNING] [intlify] Not found 'logo_alt' key in 'cs' locale messages. @ http://0.0.0.0:3001/_nuxt/node_modules/.cache/vite/client/deps/chunk-LY4OWT6B.js?v=fd09ac8d:3
[ 3400005ms] [WARNING] [intlify] Not found 'title.cart' key in 'en' locale messages. @ http://0.0.0.0:3001/_nuxt/node_modules/.cache/vite/client/deps/chunk-LY4OWT6B.js?v=fd09ac8d:3
[ 3400005ms] [WARNING] [intlify] Fall back to translate 'title.cart' key with 'cs' locale. @ http://0.0.0.0:3001/_nuxt/node_modules/.cache/vite/client/deps/chunk-LY4OWT6B.js?v=fd09ac8d:3
[ 3400006ms] [WARNING] [intlify] Not found 'title.cart' key in 'cs' locale messages. @ http://0.0.0.0:3001/_nuxt/node_modules/.cache/vite/client/deps/chunk-LY4OWT6B.js?v=fd09ac8d:3
[ 3400006ms] [WARNING] [intlify] Fall back to translate 'title.cart' with root locale. @ http://0.0.0.0:3001/_nuxt/node_modules/.cache/vite/client/deps/chunk-LY4OWT6B.js?v=fd09ac8d:3
[ 3400015ms] [WARNING] [intlify] Not found 'logo_alt' key in 'en' locale messages. @ http://0.0.0.0:3001/_nuxt/node_modules/.cache/vite/client/deps/chunk-LY4OWT6B.js?v=fd09ac8d:3
[ 3400015ms] [WARNING] [intlify] Fall back to translate 'logo_alt' key with 'cs' locale. @ http://0.0.0.0:3001/_nuxt/node_modules/.cache/vite/client/deps/chunk-LY4OWT6B.js?v=fd09ac8d:3
[ 3400016ms] [WARNING] [intlify] Not found 'logo_alt' key in 'cs' locale messages. @ http://0.0.0.0:3001/_nuxt/node_modules/.cache/vite/client/deps/chunk-LY4OWT6B.js?v=fd09ac8d:3
[ 3400016ms] [WARNING] [intlify] Fall back to translate 'logo_alt' with root locale. @ http://0.0.0.0:3001/_nuxt/node_modules/.cache/vite/client/deps/chunk-LY4OWT6B.js?v=fd09ac8d:3
[ 3400016ms] [WARNING] [intlify] Not found 'logo_alt' key in 'en' locale messages. @ http://0.0.0.0:3001/_nuxt/node_modules/.cache/vite/client/deps/chunk-LY4OWT6B.js?v=fd09ac8d:3
[ 3400016ms] [WARNING] [intlify] Fall back to translate 'logo_alt' key with 'cs' locale. @ http://0.0.0.0:3001/_nuxt/node_modules/.cache/vite/client/deps/chunk-LY4OWT6B.js?v=fd09ac8d:3
[ 3400016ms] [WARNING] [intlify] Not found 'logo_alt' key in 'cs' locale messages. @ http://0.0.0.0:3001/_nuxt/node_modules/.cache/vite/client/deps/chunk-LY4OWT6B.js?v=fd09ac8d:3
[ 3400017ms] [WARNING] [intlify] Not found 'title.cart' key in 'en' locale messages. @ http://0.0.0.0:3001/_nuxt/node_modules/.cache/vite/client/deps/chunk-LY4OWT6B.js?v=fd09ac8d:3
[ 3400017ms] [WARNING] [intlify] Fall back to translate 'title.cart' key with 'cs' locale. @ http://0.0.0.0:3001/_nuxt/node_modules/.cache/vite/client/deps/chunk-LY4OWT6B.js?v=fd09ac8d:3
[ 3400017ms] [WARNING] [intlify] Not found 'title.cart' key in 'cs' locale messages. @ http://0.0.0.0:3001/_nuxt/node_modules/.cache/vite/client/deps/chunk-LY4OWT6B.js?v=fd09ac8d:3
[ 3400017ms] [WARNING] [intlify] Fall back to translate 'title.cart' with root locale. @ http://0.0.0.0:3001/_nuxt/node_modules/.cache/vite/client/deps/chunk-LY4OWT6B.js?v=fd09ac8d:3
[ 3400063ms] [WARNING] [intlify] Not found 'logo_alt' key in 'en' locale messages. @ http://0.0.0.0:3001/_nuxt/node_modules/.cache/vite/client/deps/chunk-LY4OWT6B.js?v=fd09ac8d:3
[ 3400063ms] [WARNING] [intlify] Fall back to translate 'logo_alt' key with 'cs' locale. @ http://0.0.0.0:3001/_nuxt/node_modules/.cache/vite/client/deps/chunk-LY4OWT6B.js?v=fd09ac8d:3
[ 3400064ms] [WARNING] [intlify] Not found 'logo_alt' key in 'cs' locale messages. @ http://0.0.0.0:3001/_nuxt/node_modules/.cache/vite/client/deps/chunk-LY4OWT6B.js?v=fd09ac8d:3
[ 3400064ms] [WARNING] [intlify] Fall back to translate 'logo_alt' with root locale. @ http://0.0.0.0:3001/_nuxt/node_modules/.cache/vite/client/deps/chunk-LY4OWT6B.js?v=fd09ac8d:3
[ 3400064ms] [WARNING] [intlify] Not found 'logo_alt' key in 'en' locale messages. @ http://0.0.0.0:3001/_nuxt/node_modules/.cache/vite/client/deps/chunk-LY4OWT6B.js?v=fd09ac8d:3
[ 3400064ms] [WARNING] [intlify] Fall back to translate 'logo_alt' key with 'cs' locale. @ http://0.0.0.0:3001/_nuxt/node_modules/.cache/vite/client/deps/chunk-LY4OWT6B.js?v=fd09ac8d:3
[ 3400064ms] [WARNING] [intlify] Not found 'logo_alt' key in 'cs' locale messages. @ http://0.0.0.0:3001/_nuxt/node_modules/.cache/vite/client/deps/chunk-LY4OWT6B.js?v=fd09ac8d:3
[ 3400064ms] [WARNING] [intlify] Not found 'title.cart' key in 'en' locale messages. @ http://0.0.0.0:3001/_nuxt/node_modules/.cache/vite/client/deps/chunk-LY4OWT6B.js?v=fd09ac8d:3
[ 3400065ms] [WARNING] [intlify] Fall back to translate 'title.cart' key with 'cs' locale. @ http://0.0.0.0:3001/_nuxt/node_modules/.cache/vite/client/deps/chunk-LY4OWT6B.js?v=fd09ac8d:3
[ 3400065ms] [WARNING] [intlify] Not found 'title.cart' key in 'cs' locale messages. @ http://0.0.0.0:3001/_nuxt/node_modules/.cache/vite/client/deps/chunk-LY4OWT6B.js?v=fd09ac8d:3
[ 3400065ms] [WARNING] [intlify] Fall back to translate 'title.cart' with root locale. @ http://0.0.0.0:3001/_nuxt/node_modules/.cache/vite/client/deps/chunk-LY4OWT6B.js?v=fd09ac8d:3
[ 3400079ms] [WARNING] [intlify] Not found 'logo_alt' key in 'en' locale messages. @ http://0.0.0.0:3001/_nuxt/node_modules/.cache/vite/client/deps/chunk-LY4OWT6B.js?v=fd09ac8d:3
[ 3400080ms] [WARNING] [intlify] Fall back to translate 'logo_alt' key with 'cs' locale. @ http://0.0.0.0:3001/_nuxt/node_modules/.cache/vite/client/deps/chunk-LY4OWT6B.js?v=fd09ac8d:3
[ 3400080ms] [WARNING] [intlify] Not found 'logo_alt' key in 'cs' locale messages. @ http://0.0.0.0:3001/_nuxt/node_modules/.cache/vite/client/deps/chunk-LY4OWT6B.js?v=fd09ac8d:3
[ 3400080ms] [WARNING] [intlify] Fall back to translate 'logo_alt' with root locale. @ http://0.0.0.0:3001/_nuxt/node_modules/.cache/vite/client/deps/chunk-LY4OWT6B.js?v=fd09ac8d:3
[ 3400080ms] [WARNING] [intlify] Not found 'logo_alt' key in 'en' locale messages. @ http://0.0.0.0:3001/_nuxt/node_modules/.cache/vite/client/deps/chunk-LY4OWT6B.js?v=fd09ac8d:3
[ 3400080ms] [WARNING] [intlify] Fall back to translate 'logo_alt' key with 'cs' locale. @ http://0.0.0.0:3001/_nuxt/node_modules/.cache/vite/client/deps/chunk-LY4OWT6B.js?v=fd09ac8d:3
[ 3400080ms] [WARNING] [intlify] Not found 'logo_alt' key in 'cs' locale messages. @ http://0.0.0.0:3001/_nuxt/node_modules/.cache/vite/client/deps/chunk-LY4OWT6B.js?v=fd09ac8d:3
[ 3400081ms] [WARNING] [intlify] Not found 'title.cart' key in 'en' locale messages. @ http://0.0.0.0:3001/_nuxt/node_modules/.cache/vite/client/deps/chunk-LY4OWT6B.js?v=fd09ac8d:3
[ 3400081ms] [WARNING] [intlify] Fall back to translate 'title.cart' key with 'cs' locale. @ http://0.0.0.0:3001/_nuxt/node_modules/.cache/vite/client/deps/chunk-LY4OWT6B.js?v=fd09ac8d:3
[ 3400081ms] [WARNING] [intlify] Not found 'title.cart' key in 'cs' locale messages. @ http://0.0.0.0:3001/_nuxt/node_modules/.cache/vite/client/deps/chunk-LY4OWT6B.js?v=fd09ac8d:3
[ 3400081ms] [WARNING] [intlify] Fall back to translate 'title.cart' with root locale. @ http://0.0.0.0:3001/_nuxt/node_modules/.cache/vite/client/deps/chunk-LY4OWT6B.js?v=fd09ac8d:3
[ 3400111ms] [WARNING] [intlify] Not found 'logo_alt' key in 'en' locale messages. @ http://0.0.0.0:3001/_nuxt/node_modules/.cache/vite/client/deps/chunk-LY4OWT6B.js?v=fd09ac8d:3
[ 3400111ms] [WARNING] [intlify] Fall back to translate 'logo_alt' key with 'cs' locale. @ http://0.0.0.0:3001/_nuxt/node_modules/.cache/vite/client/deps/chunk-LY4OWT6B.js?v=fd09ac8d:3
[ 3400111ms] [WARNING] [intlify] Not found 'logo_alt' key in 'cs' locale messages. @ http://0.0.0.0:3001/_nuxt/node_modules/.cache/vite/client/deps/chunk-LY4OWT6B.js?v=fd09ac8d:3
[ 3400111ms] [WARNING] [intlify] Fall back to translate 'logo_alt' with root locale. @ http://0.0.0.0:3001/_nuxt/node_modules/.cache/vite/client/deps/chunk-LY4OWT6B.js?v=fd09ac8d:3
[ 3400111ms] [WARNING] [intlify] Not found 'logo_alt' key in 'en' locale messages. @ http://0.0.0.0:3001/_nuxt/node_modules/.cache/vite/client/deps/chunk-LY4OWT6B.js?v=fd09ac8d:3
[ 3400111ms] [WARNING] [intlify] Fall back to translate 'logo_alt' key with 'cs' locale. @ http://0.0.0.0:3001/_nuxt/node_modules/.cache/vite/client/deps/chunk-LY4OWT6B.js?v=fd09ac8d:3
[ 3400111ms] [WARNING] [intlify] Not found 'logo_alt' key in 'cs' locale messages. @ http://0.0.0.0:3001/_nuxt/node_modules/.cache/vite/client/deps/chunk-LY4OWT6B.js?v=fd09ac8d:3
[ 3400112ms] [WARNING] [intlify] Not found 'title.cart' key in 'en' locale messages. @ http://0.0.0.0:3001/_nuxt/node_modules/.cache/vite/client/deps/chunk-LY4OWT6B.js?v=fd09ac8d:3
[ 3400112ms] [WARNING] [intlify] Fall back to translate 'title.cart' key with 'cs' locale. @ http://0.0.0.0:3001/_nuxt/node_modules/.cache/vite/client/deps/chunk-LY4OWT6B.js?v=fd09ac8d:3
[ 3400112ms] [WARNING] [intlify] Not found 'title.cart' key in 'cs' locale messages. @ http://0.0.0.0:3001/_nuxt/node_modules/.cache/vite/client/deps/chunk-LY4OWT6B.js?v=fd09ac8d:3
[ 3400112ms] [WARNING] [intlify] Fall back to translate 'title.cart' with root locale. @ http://0.0.0.0:3001/_nuxt/node_modules/.cache/vite/client/deps/chunk-LY4OWT6B.js?v=fd09ac8d:3
[ 3400154ms] [WARNING] [intlify] Not found 'logo_alt' key in 'en' locale messages. @ http://0.0.0.0:3001/_nuxt/node_modules/.cache/vite/client/deps/chunk-LY4OWT6B.js?v=fd09ac8d:3
[ 3400154ms] [WARNING] [intlify] Fall back to translate 'logo_alt' key with 'cs' locale. @ http://0.0.0.0:3001/_nuxt/node_modules/.cache/vite/client/deps/chunk-LY4OWT6B.js?v=fd09ac8d:3
[ 3400155ms] [WARNING] [intlify] Not found 'logo_alt' key in 'cs' locale messages. @ http://0.0.0.0:3001/_nuxt/node_modules/.cache/vite/client/deps/chunk-LY4OWT6B.js?v=fd09ac8d:3
[ 3400155ms] [WARNING] [intlify] Fall back to translate 'logo_alt' with root locale. @ http://0.0.0.0:3001/_nuxt/node_modules/.cache/vite/client/deps/chunk-LY4OWT6B.js?v=fd09ac8d:3
[ 3400155ms] [WARNING] [intlify] Not found 'logo_alt' key in 'en' locale messages. @ http://0.0.0.0:3001/_nuxt/node_modules/.cache/vite/client/deps/chunk-LY4OWT6B.js?v=fd09ac8d:3
[ 3400155ms] [WARNING] [intlify] Fall back to translate 'logo_alt' key with 'cs' locale. @ http://0.0.0.0:3001/_nuxt/node_modules/.cache/vite/client/deps/chunk-LY4OWT6B.js?v=fd09ac8d:3
[ 3400155ms] [WARNING] [intlify] Not found 'logo_alt' key in 'cs' locale messages. @ http://0.0.0.0:3001/_nuxt/node_modules/.cache/vite/client/deps/chunk-LY4OWT6B.js?v=fd09ac8d:3
[ 3400156ms] [WARNING] [intlify] Not found 'title.cart' key in 'en' locale messages. @ http://0.0.0.0:3001/_nuxt/node_modules/.cache/vite/client/deps/chunk-LY4OWT6B.js?v=fd09ac8d:3
[ 3400156ms] [WARNING] [intlify] Fall back to translate 'title.cart' key with 'cs' locale. @ http://0.0.0.0:3001/_nuxt/node_modules/.cache/vite/client/deps/chunk-LY4OWT6B.js?v=fd09ac8d:3
[ 3400156ms] [WARNING] [intlify] Not found 'title.cart' key in 'cs' locale messages. @ http://0.0.0.0:3001/_nuxt/node_modules/.cache/vite/client/deps/chunk-LY4OWT6B.js?v=fd09ac8d:3
[ 3400156ms] [WARNING] [intlify] Fall back to translate 'title.cart' with root locale. @ http://0.0.0.0:3001/_nuxt/node_modules/.cache/vite/client/deps/chunk-LY4OWT6B.js?v=fd09ac8d:3
[ 3400165ms] [WARNING] [intlify] Not found 'logo_alt' key in 'en' locale messages. @ http://0.0.0.0:3001/_nuxt/node_modules/.cache/vite/client/deps/chunk-LY4OWT6B.js?v=fd09ac8d:3
[ 3400165ms] [WARNING] [intlify] Fall back to translate 'logo_alt' key with 'cs' locale. @ http://0.0.0.0:3001/_nuxt/node_modules/.cache/vite/client/deps/chunk-LY4OWT6B.js?v=fd09ac8d:3
[ 3400165ms] [WARNING] [intlify] Not found 'logo_alt' key in 'cs' locale messages. @ http://0.0.0.0:3001/_nuxt/node_modules/.cache/vite/client/deps/chunk-LY4OWT6B.js?v=fd09ac8d:3
[ 3400165ms] [WARNING] [intlify] Fall back to translate 'logo_alt' with root locale. @ http://0.0.0.0:3001/_nuxt/node_modules/.cache/vite/client/deps/chunk-LY4OWT6B.js?v=fd09ac8d:3
[ 3400165ms] [WARNING] [intlify] Not found 'logo_alt' key in 'en' locale messages. @ http://0.0.0.0:3001/_nuxt/node_modules/.cache/vite/client/deps/chunk-LY4OWT6B.js?v=fd09ac8d:3
[ 3400165ms] [WARNING] [intlify] Fall back to translate 'logo_alt' key with 'cs' locale. @ http://0.0.0.0:3001/_nuxt/node_modules/.cache/vite/client/deps/chunk-LY4OWT6B.js?v=fd09ac8d:3
[ 3400165ms] [WARNING] [intlify] Not found 'logo_alt' key in 'cs' locale messages. @ http://0.0.0.0:3001/_nuxt/node_modules/.cache/vite/client/deps/chunk-LY4OWT6B.js?v=fd09ac8d:3
[ 3400166ms] [WARNING] [intlify] Not found 'title.cart' key in 'en' locale messages. @ http://0.0.0.0:3001/_nuxt/node_modules/.cache/vite/client/deps/chunk-LY4OWT6B.js?v=fd09ac8d:3
[ 3400166ms] [WARNING] [intlify] Fall back to translate 'title.cart' key with 'cs' locale. @ http://0.0.0.0:3001/_nuxt/node_modules/.cache/vite/client/deps/chunk-LY4OWT6B.js?v=fd09ac8d:3
[ 3400166ms] [WARNING] [intlify] Not found 'title.cart' key in 'cs' locale messages. @ http://0.0.0.0:3001/_nuxt/node_modules/.cache/vite/client/deps/chunk-LY4OWT6B.js?v=fd09ac8d:3
[ 3400167ms] [WARNING] [intlify] Fall back to translate 'title.cart' with root locale. @ http://0.0.0.0:3001/_nuxt/node_modules/.cache/vite/client/deps/chunk-LY4OWT6B.js?v=fd09ac8d:3
[ 3400175ms] [WARNING] [intlify] Not found 'logo_alt' key in 'en' locale messages. @ http://0.0.0.0:3001/_nuxt/node_modules/.cache/vite/client/deps/chunk-LY4OWT6B.js?v=fd09ac8d:3
[ 3400175ms] [WARNING] [intlify] Fall back to translate 'logo_alt' key with 'cs' locale. @ http://0.0.0.0:3001/_nuxt/node_modules/.cache/vite/client/deps/chunk-LY4OWT6B.js?v=fd09ac8d:3
[ 3400175ms] [WARNING] [intlify] Not found 'logo_alt' key in 'cs' locale messages. @ http://0.0.0.0:3001/_nuxt/node_modules/.cache/vite/client/deps/chunk-LY4OWT6B.js?v=fd09ac8d:3
[ 3400175ms] [WARNING] [intlify] Fall back to translate 'logo_alt' with root locale. @ http://0.0.0.0:3001/_nuxt/node_modules/.cache/vite/client/deps/chunk-LY4OWT6B.js?v=fd09ac8d:3
[ 3400175ms] [WARNING] [intlify] Not found 'logo_alt' key in 'en' locale messages. @ http://0.0.0.0:3001/_nuxt/node_modules/.cache/vite/client/deps/chunk-LY4OWT6B.js?v=fd09ac8d:3
[ 3400175ms] [WARNING] [intlify] Fall back to translate 'logo_alt' key with 'cs' locale. @ http://0.0.0.0:3001/_nuxt/node_modules/.cache/vite/client/deps/chunk-LY4OWT6B.js?v=fd09ac8d:3
[ 3400176ms] [WARNING] [intlify] Not found 'logo_alt' key in 'cs' locale messages. @ http://0.0.0.0:3001/_nuxt/node_modules/.cache/vite/client/deps/chunk-LY4OWT6B.js?v=fd09ac8d:3
[ 3400176ms] [WARNING] [intlify] Not found 'title.cart' key in 'en' locale messages. @ http://0.0.0.0:3001/_nuxt/node_modules/.cache/vite/client/deps/chunk-LY4OWT6B.js?v=fd09ac8d:3
[ 3400176ms] [WARNING] [intlify] Fall back to translate 'title.cart' key with 'cs' locale. @ http://0.0.0.0:3001/_nuxt/node_modules/.cache/vite/client/deps/chunk-LY4OWT6B.js?v=fd09ac8d:3
[ 3400176ms] [WARNING] [intlify] Not found 'title.cart' key in 'cs' locale messages. @ http://0.0.0.0:3001/_nuxt/node_modules/.cache/vite/client/deps/chunk-LY4OWT6B.js?v=fd09ac8d:3
[ 3400176ms] [WARNING] [intlify] Fall back to translate 'title.cart' with root locale. @ http://0.0.0.0:3001/_nuxt/node_modules/.cache/vite/client/deps/chunk-LY4OWT6B.js?v=fd09ac8d:3
[ 3400208ms] [WARNING] [intlify] Not found 'logo_alt' key in 'en' locale messages. @ http://0.0.0.0:3001/_nuxt/node_modules/.cache/vite/client/deps/chunk-LY4OWT6B.js?v=fd09ac8d:3
[ 3400208ms] [WARNING] [intlify] Fall back to translate 'logo_alt' key with 'cs' locale. @ http://0.0.0.0:3001/_nuxt/node_modules/.cache/vite/client/deps/chunk-LY4OWT6B.js?v=fd09ac8d:3
[ 3400208ms] [WARNING] [intlify] Not found 'logo_alt' key in 'cs' locale messages. @ http://0.0.0.0:3001/_nuxt/node_modules/.cache/vite/client/deps/chunk-LY4OWT6B.js?v=fd09ac8d:3
[ 3400208ms] [WARNING] [intlify] Fall back to translate 'logo_alt' with root locale. @ http://0.0.0.0:3001/_nuxt/node_modules/.cache/vite/client/deps/chunk-LY4OWT6B.js?v=fd09ac8d:3
[ 3400208ms] [WARNING] [intlify] Not found 'logo_alt' key in 'en' locale messages. @ http://0.0.0.0:3001/_nuxt/node_modules/.cache/vite/client/deps/chunk-LY4OWT6B.js?v=fd09ac8d:3
[ 3400208ms] [WARNING] [intlify] Fall back to translate 'logo_alt' key with 'cs' locale. @ http://0.0.0.0:3001/_nuxt/node_modules/.cache/vite/client/deps/chunk-LY4OWT6B.js?v=fd09ac8d:3
[ 3400208ms] [WARNING] [intlify] Not found 'logo_alt' key in 'cs' locale messages. @ http://0.0.0.0:3001/_nuxt/node_modules/.cache/vite/client/deps/chunk-LY4OWT6B.js?v=fd09ac8d:3
[ 3400209ms] [WARNING] [intlify] Not found 'title.cart' key in 'en' locale messages. @ http://0.0.0.0:3001/_nuxt/node_modules/.cache/vite/client/deps/chunk-LY4OWT6B.js?v=fd09ac8d:3
[ 3400209ms] [WARNING] [intlify] Fall back to translate 'title.cart' key with 'cs' locale. @ http://0.0.0.0:3001/_nuxt/node_modules/.cache/vite/client/deps/chunk-LY4OWT6B.js?v=fd09ac8d:3
[ 3400209ms] [WARNING] [intlify] Not found 'title.cart' key in 'cs' locale messages. @ http://0.0.0.0:3001/_nuxt/node_modules/.cache/vite/client/deps/chunk-LY4OWT6B.js?v=fd09ac8d:3
[ 3400209ms] [WARNING] [intlify] Fall back to translate 'title.cart' with root locale. @ http://0.0.0.0:3001/_nuxt/node_modules/.cache/vite/client/deps/chunk-LY4OWT6B.js?v=fd09ac8d:3
[ 3406439ms] [LOG] [nuxt-app] i18n:beforeLocaleSwitch: 0.360107421875 ms [Object] @ http://0.0.0.0:3001/_nuxt/@fs/Users/andrejkoval/Dev/vivadzen/src/front/node_modules/hookable/dist/index.mjs?v=fd09ac8d:271
[ 3406449ms] [LOG] %cssr%c %s: %s 
      background: #7f8c8d;
      border-radius: 0.5em;
      color: white;
      font-weight: bold;
      padding: 2px 0.5em;
      [nitro-runtime] request 0.344ms 
  at timeLogImpl (node:internal/console/constructor)
  at node:internal/console/constructor
  at timeLogImpl (node:internal/util/debuglog)
 @ http://0.0.0.0:3001/_nuxt/@fs/Users/andrejkoval/Dev/vivadzen/src/front/node_modules/consola/dist/browser.mjs?v=fd09ac8d:47
[ 3406449ms] [LOG] %cssr%c %s: %s 
      background: #7f8c8d;
      border-radius: 0.5em;
      color: white;
      font-weight: bold;
      padding: 2px 0.5em;
      [nitro-runtime] site-config:init 0.027ms 
  at timeLogImpl (node:internal/console/constructor)
  at node:internal/console/constructor
  at timeLogImpl (node:internal/util/debuglog)
 @ http://0.0.0.0:3001/_nuxt/@fs/Users/andrejkoval/Dev/vivadzen/src/front/node_modules/consola/dist/browser.mjs?v=fd09ac8d:47
[ 3406449ms] [LOG] %cssr%c %s: %s 
      background: #7f8c8d;
      border-radius: 0.5em;
      color: white;
      font-weight: bold;
      padding: 2px 0.5em;
      [nitro-runtime] render:before 0.013ms 
  at timeLogImpl (node:internal/console/constructor)
  at node:internal/console/constructor
  at timeLogImpl (node:internal/util/debuglog)
 @ http://0.0.0.0:3001/_nuxt/@fs/Users/andrejkoval/Dev/vivadzen/src/front/node_modules/consola/dist/browser.mjs?v=fd09ac8d:47
[ 3406449ms] [LOG] %cssr%c %s: %s 
      background: #7f8c8d;
      border-radius: 0.5em;
      color: white;
      font-weight: bold;
      padding: 2px 0.5em;
      [nuxt-app] i18n:beforeLocaleSwitch 0.013ms 
  at timeLogImpl (node:internal/console/constructor)
  at node:internal/console/constructor
  at timeLogImpl (node:internal/util/debuglog)
 @ http://0.0.0.0:3001/_nuxt/@fs/Users/andrejkoval/Dev/vivadzen/src/front/node_modules/consola/dist/browser.mjs?v=fd09ac8d:47
[ 3406449ms] [LOG] %cssr%c %s: %s 
      background: #7f8c8d;
      border-radius: 0.5em;
      color: white;
      font-weight: bold;
      padding: 2px 0.5em;
      [nuxt-app] page:loading:start 0.003ms 
  at timeLogImpl (node:internal/console/constructor)
  at node:internal/console/constructor
  at timeLogImpl (node:internal/util/debuglog)
 @ http://0.0.0.0:3001/_nuxt/@fs/Users/andrejkoval/Dev/vivadzen/src/front/node_modules/consola/dist/browser.mjs?v=fd09ac8d:47
[ 3406449ms] [LOG] %cssr%c %s: %s 
      background: #7f8c8d;
      border-radius: 0.5em;
      color: white;
      font-weight: bold;
      padding: 2px 0.5em;
      [nuxt-app] i18n:beforeLocaleSwitch 0.014ms 
  at timeLogImpl (node:internal/console/constructor)
  at node:internal/console/constructor
  at timeLogImpl (node:internal/util/debuglog)
 @ http://0.0.0.0:3001/_nuxt/@fs/Users/andrejkoval/Dev/vivadzen/src/front/node_modules/consola/dist/browser.mjs?v=fd09ac8d:47
[ 3406449ms] [LOG] %cssr%c %s: %s 
      background: #7f8c8d;
      border-radius: 0.5em;
      color: white;
      font-weight: bold;
      padding: 2px 0.5em;
      [nuxt-app] app:created 3.883ms 
  at timeLogImpl (node:internal/console/constructor)
  at node:internal/console/constructor
  at timeLogImpl (node:internal/util/debuglog)
 @ http://0.0.0.0:3001/_nuxt/@fs/Users/andrejkoval/Dev/vivadzen/src/front/node_modules/consola/dist/browser.mjs?v=fd09ac8d:47
[ 3406449ms] [LOG] %cssr%c %s: %s 
      background: #7f8c8d;
      border-radius: 0.5em;
      color: white;
      font-weight: bold;
      padding: 2px 0.5em;
      [nuxt-app] vue:setup 0.001ms 
  at timeLogImpl (node:internal/console/constructor)
  at node:internal/console/constructor
  at timeLogImpl (node:internal/util/debuglog)
 @ http://0.0.0.0:3001/_nuxt/@fs/Users/andrejkoval/Dev/vivadzen/src/front/node_modules/consola/dist/browser.mjs?v=fd09ac8d:47
[ 3406449ms] [WARNING] %cssr:warn%c [intlify] Not found 'logo_alt' key in 'en' locale messages. 
      background: #f39c12;
      border-radius: 0.5em;
      color: white;
      font-weight: bold;
      padding: 2px 0.5em;
      
  at warn (/Users/andrejkoval/Dev/vivadzen/src/front/node_modules/@intlify/shared/dist/shared.mjs)
  at handleMissing (/Users/andrejkoval/Dev/vivadzen/src/front/node_modules/@intlify/core-base/dist/core-base.mjs)
  at resolveMessageFormat (/Users/andrejkoval/Dev/vivadzen/src/front/node_modules/@intlify/core-base/dist/core-base.mjs)
 @ http://0.0.0.0:3001/_nuxt/@fs/Users/andrejkoval/Dev/vivadzen/src/front/node_modules/consola/dist/browser.mjs?v=fd09ac8d:47
[ 3406449ms] [WARNING] %cssr:warn%c [intlify] Fall back to translate 'logo_alt' key with 'cs' locale. 
      background: #f39c12;
      border-radius: 0.5em;
      color: white;
      font-weight: bold;
      padding: 2px 0.5em;
      
  at warn (/Users/andrejkoval/Dev/vivadzen/src/front/node_modules/@intlify/shared/dist/shared.mjs)
  at resolveMessageFormat (/Users/andrejkoval/Dev/vivadzen/src/front/node_modules/@intlify/core-base/dist/core-base.mjs)
  at translate (/Users/andrejkoval/Dev/vivadzen/src/front/node_modules/@intlify/core-base/dist/core-base.mjs)
 @ http://0.0.0.0:3001/_nuxt/@fs/Users/andrejkoval/Dev/vivadzen/src/front/node_modules/consola/dist/browser.mjs?v=fd09ac8d:47
[ 3406449ms] [WARNING] %cssr:warn%c [intlify] Not found 'logo_alt' key in 'cs' locale messages. 
      background: #f39c12;
      border-radius: 0.5em;
      color: white;
      font-weight: bold;
      padding: 2px 0.5em;
      
  at warn (/Users/andrejkoval/Dev/vivadzen/src/front/node_modules/@intlify/shared/dist/shared.mjs)
  at handleMissing (/Users/andrejkoval/Dev/vivadzen/src/front/node_modules/@intlify/core-base/dist/core-base.mjs)
  at resolveMessageFormat (/Users/andrejkoval/Dev/vivadzen/src/front/node_modules/@intlify/core-base/dist/core-base.mjs)
 @ http://0.0.0.0:3001/_nuxt/@fs/Users/andrejkoval/Dev/vivadzen/src/front/node_modules/consola/dist/browser.mjs?v=fd09ac8d:47
[ 3406449ms] [WARNING] %cssr:warn%c [intlify] Fall back to translate 'logo_alt' with root locale. 
      background: #f39c12;
      border-radius: 0.5em;
      color: white;
      font-weight: bold;
      padding: 2px 0.5em;
      
  at warn (/Users/andrejkoval/Dev/vivadzen/src/front/node_modules/@intlify/shared/dist/shared.mjs)
  at wrapWithDeps (/Users/andrejkoval/Dev/vivadzen/src/front/node_modules/vue-i18n/dist/vue-i18n.mjs)
  at Proxy.t (/Users/andrejkoval/Dev/vivadzen/src/front/node_modules/vue-i18n/dist/vue-i18n.mjs)
 @ http://0.0.0.0:3001/_nuxt/@fs/Users/andrejkoval/Dev/vivadzen/src/front/node_modules/consola/dist/browser.mjs?v=fd09ac8d:47
[ 3406449ms] [WARNING] %cssr:warn%c [intlify] Not found 'logo_alt' key in 'en' locale messages. 
      background: #f39c12;
      border-radius: 0.5em;
      color: white;
      font-weight: bold;
      padding: 2px 0.5em;
      
  at warn (/Users/andrejkoval/Dev/vivadzen/src/front/node_modules/@intlify/shared/dist/shared.mjs)
  at handleMissing (/Users/andrejkoval/Dev/vivadzen/src/front/node_modules/@intlify/core-base/dist/core-base.mjs)
  at resolveMessageFormat (/Users/andrejkoval/Dev/vivadzen/src/front/node_modules/@intlify/core-base/dist/core-base.mjs)
 @ http://0.0.0.0:3001/_nuxt/@fs/Users/andrejkoval/Dev/vivadzen/src/front/node_modules/consola/dist/browser.mjs?v=fd09ac8d:47
[ 3406449ms] [WARNING] %cssr:warn%c [intlify] Fall back to translate 'logo_alt' key with 'cs' locale. 
      background: #f39c12;
      border-radius: 0.5em;
      color: white;
      font-weight: bold;
      padding: 2px 0.5em;
      
  at warn (/Users/andrejkoval/Dev/vivadzen/src/front/node_modules/@intlify/shared/dist/shared.mjs)
  at resolveMessageFormat (/Users/andrejkoval/Dev/vivadzen/src/front/node_modules/@intlify/core-base/dist/core-base.mjs)
  at translate (/Users/andrejkoval/Dev/vivadzen/src/front/node_modules/@intlify/core-base/dist/core-base.mjs)
 @ http://0.0.0.0:3001/_nuxt/@fs/Users/andrejkoval/Dev/vivadzen/src/front/node_modules/consola/dist/browser.mjs?v=fd09ac8d:47
[ 3406450ms] [WARNING] %cssr:warn%c [intlify] Not found 'logo_alt' key in 'cs' locale messages. 
      background: #f39c12;
      border-radius: 0.5em;
      color: white;
      font-weight: bold;
      padding: 2px 0.5em;
      
  at warn (/Users/andrejkoval/Dev/vivadzen/src/front/node_modules/@intlify/shared/dist/shared.mjs)
  at handleMissing (/Users/andrejkoval/Dev/vivadzen/src/front/node_modules/@intlify/core-base/dist/core-base.mjs)
  at resolveMessageFormat (/Users/andrejkoval/Dev/vivadzen/src/front/node_modules/@intlify/core-base/dist/core-base.mjs)
 @ http://0.0.0.0:3001/_nuxt/@fs/Users/andrejkoval/Dev/vivadzen/src/front/node_modules/consola/dist/browser.mjs?v=fd09ac8d:47
[ 3406450ms] [WARNING] %cssr:warn%c [intlify] Not found 'title.cart' key in 'en' locale messages. 
      background: #f39c12;
      border-radius: 0.5em;
      color: white;
      font-weight: bold;
      padding: 2px 0.5em;
      
  at warn (/Users/andrejkoval/Dev/vivadzen/src/front/node_modules/@intlify/shared/dist/shared.mjs)
  at handleMissing (/Users/andrejkoval/Dev/vivadzen/src/front/node_modules/@intlify/core-base/dist/core-base.mjs)
  at resolveMessageFormat (/Users/andrejkoval/Dev/vivadzen/src/front/node_modules/@intlify/core-base/dist/core-base.mjs)
 @ http://0.0.0.0:3001/_nuxt/@fs/Users/andrejkoval/Dev/vivadzen/src/front/node_modules/consola/dist/browser.mjs?v=fd09ac8d:47
[ 3406450ms] [WARNING] %cssr:warn%c [intlify] Fall back to translate 'title.cart' key with 'cs' locale. 
      background: #f39c12;
      border-radius: 0.5em;
      color: white;
      font-weight: bold;
      padding: 2px 0.5em;
      
  at warn (/Users/andrejkoval/Dev/vivadzen/src/front/node_modules/@intlify/shared/dist/shared.mjs)
  at resolveMessageFormat (/Users/andrejkoval/Dev/vivadzen/src/front/node_modules/@intlify/core-base/dist/core-base.mjs)
  at translate (/Users/andrejkoval/Dev/vivadzen/src/front/node_modules/@intlify/core-base/dist/core-base.mjs)
 @ http://0.0.0.0:3001/_nuxt/@fs/Users/andrejkoval/Dev/vivadzen/src/front/node_modules/consola/dist/browser.mjs?v=fd09ac8d:47
[ 3406450ms] [WARNING] %cssr:warn%c [intlify] Not found 'title.cart' key in 'cs' locale messages. 
      background: #f39c12;
      border-radius: 0.5em;
      color: white;
      font-weight: bold;
      padding: 2px 0.5em;
      
  at warn (/Users/andrejkoval/Dev/vivadzen/src/front/node_modules/@intlify/shared/dist/shared.mjs)
  at handleMissing (/Users/andrejkoval/Dev/vivadzen/src/front/node_modules/@intlify/core-base/dist/core-base.mjs)
  at resolveMessageFormat (/Users/andrejkoval/Dev/vivadzen/src/front/node_modules/@intlify/core-base/dist/core-base.mjs)
 @ http://0.0.0.0:3001/_nuxt/@fs/Users/andrejkoval/Dev/vivadzen/src/front/node_modules/consola/dist/browser.mjs?v=fd09ac8d:47
[ 3406450ms] [WARNING] %cssr:warn%c [intlify] Fall back to translate 'title.cart' with root locale. 
      background: #f39c12;
      border-radius: 0.5em;
      color: white;
      font-weight: bold;
      padding: 2px 0.5em;
      
  at warn (/Users/andrejkoval/Dev/vivadzen/src/front/node_modules/@intlify/shared/dist/shared.mjs)
  at wrapWithDeps (/Users/andrejkoval/Dev/vivadzen/src/front/node_modules/vue-i18n/dist/vue-i18n.mjs)
  at Proxy.t (/Users/andrejkoval/Dev/vivadzen/src/front/node_modules/vue-i18n/dist/vue-i18n.mjs)
 @ http://0.0.0.0:3001/_nuxt/@fs/Users/andrejkoval/Dev/vivadzen/src/front/node_modules/consola/dist/browser.mjs?v=fd09ac8d:47
[ 3406450ms] [WARNING] %cssr:warn%c [intlify] Not found parent scope. use the global scope. 
      background: #f39c12;
      border-radius: 0.5em;
      color: white;
      font-weight: bold;
      padding: 2px 0.5em;
      
  at warn (/Users/andrejkoval/Dev/vivadzen/src/front/node_modules/@intlify/shared/dist/shared.mjs)
  at useI18n (/Users/andrejkoval/Dev/vivadzen/src/front/node_modules/vue-i18n/dist/vue-i18n.mjs)
  at setup (/Users/andrejkoval/Dev/vivadzen/src/front/node_modules/vue-i18n/dist/vue-i18n.mjs)
 @ http://0.0.0.0:3001/_nuxt/@fs/Users/andrejkoval/Dev/vivadzen/src/front/node_modules/consola/dist/browser.mjs?v=fd09ac8d:47
[ 3406450ms] [WARNING] %cssr:warn%c [intlify] Not found parent scope. use the global scope. 
      background: #f39c12;
      border-radius: 0.5em;
      color: white;
      font-weight: bold;
      padding: 2px 0.5em;
      
  at warn (/Users/andrejkoval/Dev/vivadzen/src/front/node_modules/@intlify/shared/dist/shared.mjs)
  at useI18n (/Users/andrejkoval/Dev/vivadzen/src/front/node_modules/vue-i18n/dist/vue-i18n.mjs)
  at setup (/Users/andrejkoval/Dev/vivadzen/src/front/node_modules/vue-i18n/dist/vue-i18n.mjs)
 @ http://0.0.0.0:3001/_nuxt/@fs/Users/andrejkoval/Dev/vivadzen/src/front/node_modules/consola/dist/browser.mjs?v=fd09ac8d:47
[ 3406450ms] [WARNING] %cssr:warn%c [intlify] Not found parent scope. use the global scope. 
      background: #f39c12;
      border-radius: 0.5em;
      color: white;
      font-weight: bold;
      padding: 2px 0.5em;
      
  at warn (/Users/andrejkoval/Dev/vivadzen/src/front/node_modules/@intlify/shared/dist/shared.mjs)
  at useI18n (/Users/andrejkoval/Dev/vivadzen/src/front/node_modules/vue-i18n/dist/vue-i18n.mjs)
  at setup (/Users/andrejkoval/Dev/vivadzen/src/front/node_modules/vue-i18n/dist/vue-i18n.mjs)
 @ http://0.0.0.0:3001/_nuxt/@fs/Users/andrejkoval/Dev/vivadzen/src/front/node_modules/consola/dist/browser.mjs?v=fd09ac8d:47
[ 3406450ms] [WARNING] %cssr:warn%c [intlify] Not found parent scope. use the global scope. 
      background: #f39c12;
      border-radius: 0.5em;
      color: white;
      font-weight: bold;
      padding: 2px 0.5em;
      
  at warn (/Users/andrejkoval/Dev/vivadzen/src/front/node_modules/@intlify/shared/dist/shared.mjs)
  at useI18n (/Users/andrejkoval/Dev/vivadzen/src/front/node_modules/vue-i18n/dist/vue-i18n.mjs)
  at setup (/Users/andrejkoval/Dev/vivadzen/src/front/node_modules/vue-i18n/dist/vue-i18n.mjs)
 @ http://0.0.0.0:3001/_nuxt/@fs/Users/andrejkoval/Dev/vivadzen/src/front/node_modules/consola/dist/browser.mjs?v=fd09ac8d:47
[ 3406450ms] [WARNING] %cssr:warn%c [intlify] Not found parent scope. use the global scope. 
      background: #f39c12;
      border-radius: 0.5em;
      color: white;
      font-weight: bold;
      padding: 2px 0.5em;
      
  at warn (/Users/andrejkoval/Dev/vivadzen/src/front/node_modules/@intlify/shared/dist/shared.mjs)
  at useI18n (/Users/andrejkoval/Dev/vivadzen/src/front/node_modules/vue-i18n/dist/vue-i18n.mjs)
  at setup (/Users/andrejkoval/Dev/vivadzen/src/front/node_modules/vue-i18n/dist/vue-i18n.mjs)
 @ http://0.0.0.0:3001/_nuxt/@fs/Users/andrejkoval/Dev/vivadzen/src/front/node_modules/consola/dist/browser.mjs?v=fd09ac8d:47
[ 3406450ms] [WARNING] %cssr:warn%c [intlify] Not found parent scope. use the global scope. 
      background: #f39c12;
      border-radius: 0.5em;
      color: white;
      font-weight: bold;
      padding: 2px 0.5em;
      
  at timeLogImpl (node:internal/console/constructor)
  at node:internal/console/constructor
  at timeLogImpl (node:internal/util/debuglog)
 @ http://0.0.0.0:3001/_nuxt/@fs/Users/andrejkoval/Dev/vivadzen/src/front/node_modules/consola/dist/browser.mjs?v=fd09ac8d:47
[ 3406450ms] [LOG] %cssr%c %s: %s 
      background: #7f8c8d;
      border-radius: 0.5em;
      color: white;
      font-weight: bold;
      padding: 2px 0.5em;
      [nuxt-app] app:rendered 0.186ms 
  at timeLogImpl (node:internal/console/constructor)
  at node:internal/console/constructor
  at timeLogImpl (node:internal/util/debuglog)
 @ http://0.0.0.0:3001/_nuxt/@fs/Users/andrejkoval/Dev/vivadzen/src/front/node_modules/consola/dist/browser.mjs?v=fd09ac8d:47
[ 3406450ms] [LOG] %cssr%c %s: %s 
      background: #7f8c8d;
      border-radius: 0.5em;
      color: white;
      font-weight: bold;
      padding: 2px 0.5em;
      [nuxt-app] schema-org:meta 0.003ms 
  at timeLogImpl (node:internal/console/constructor)
  at node:internal/console/constructor
  at timeLogImpl (node:internal/util/debuglog)
 @ http://0.0.0.0:3001/_nuxt/@fs/Users/andrejkoval/Dev/vivadzen/src/front/node_modules/consola/dist/browser.mjs?v=fd09ac8d:47
[ 3406450ms] [LOG] [nuxt-app] dev:ssr-logs: 1.889892578125 ms [Array(27)] @ http://0.0.0.0:3001/_nuxt/@fs/Users/andrejkoval/Dev/vivadzen/src/front/node_modules/hookable/dist/index.mjs?v=fd09ac8d:271
[ 3406462ms] [LOG] [nuxt-app] page:loading:start: 0.126220703125 ms [] @ http://0.0.0.0:3001/_nuxt/@fs/Users/andrejkoval/Dev/vivadzen/src/front/node_modules/hookable/dist/index.mjs?v=fd09ac8d:271
[ 3406481ms] [WARNING] Timer '[nuxt-app] i18n:beforeLocaleSwitch' already exists @ http://0.0.0.0:3001/_nuxt/@fs/Users/andrejkoval/Dev/vivadzen/src/front/node_modules/hookable/dist/index.mjs?v=fd09ac8d:261
[ 3406481ms] [LOG] [nuxt-app] i18n:beforeLocaleSwitch: 42.0849609375 ms [Object] @ http://0.0.0.0:3001/_nuxt/@fs/Users/andrejkoval/Dev/vivadzen/src/front/node_modules/hookable/dist/index.mjs?v=fd09ac8d:271
[ 3406482ms] [LOG] [nuxt-app] app:created: 20.35009765625 ms [Object] @ http://0.0.0.0:3001/_nuxt/@fs/Users/andrejkoval/Dev/vivadzen/src/front/node_modules/hookable/dist/index.mjs?v=fd09ac8d:271
[ 3406482ms] [LOG] [nuxt-app] app:beforeMount: 0.080078125 ms [Object] @ http://0.0.0.0:3001/_nuxt/@fs/Users/andrejkoval/Dev/vivadzen/src/front/node_modules/hookable/dist/index.mjs?v=fd09ac8d:271
[ 3406484ms] [LOG] [nuxt-app] vue:setup: 0.093994140625 ms [] @ http://0.0.0.0:3001/_nuxt/@fs/Users/andrejkoval/Dev/vivadzen/src/front/node_modules/hookable/dist/index.mjs?v=fd09ac8d:271
[ 3406484ms] [INFO] <Suspense> is an experimental feature and its API will likely change. @ http://0.0.0.0:3001/_nuxt/@fs/Users/andrejkoval/Dev/vivadzen/src/front/node_modules/@vue/runtime-core/dist/runtime-core.esm-bundler.js?v=fd09ac8d:7155
[ 3406486ms] [LOG] [nuxt-app] app:mounted: 0.157958984375 ms [Object] @ http://0.0.0.0:3001/_nuxt/@fs/Users/andrejkoval/Dev/vivadzen/src/front/node_modules/hookable/dist/index.mjs?v=fd09ac8d:271
[ 3406487ms] [LOG] [Content] WS connect to ws://localhost:4000/ws @ http://0.0.0.0:3001/_nuxt/@fs/Users/andrejkoval/Dev/vivadzen/src/front/node_modules/@nuxt/content/dist/runtime/composables/web-socket.js?v=fd09ac8d:4
[ 3406544ms] [LOG] [Content] WS connected! @ http://0.0.0.0:3001/_nuxt/@fs/Users/andrejkoval/Dev/vivadzen/src/front/node_modules/@nuxt/content/dist/runtime/composables/web-socket.js?v=fd09ac8d:4
[ 3406558ms] [WARNING] [intlify] Not found 'logo_alt' key in 'en' locale messages. @ http://0.0.0.0:3001/_nuxt/node_modules/.cache/vite/client/deps/chunk-LY4OWT6B.js?v=fd09ac8d:3
[ 3406558ms] [WARNING] [intlify] Fall back to translate 'logo_alt' key with 'cs' locale. @ http://0.0.0.0:3001/_nuxt/node_modules/.cache/vite/client/deps/chunk-LY4OWT6B.js?v=fd09ac8d:3
[ 3406558ms] [WARNING] [intlify] Not found 'logo_alt' key in 'cs' locale messages. @ http://0.0.0.0:3001/_nuxt/node_modules/.cache/vite/client/deps/chunk-LY4OWT6B.js?v=fd09ac8d:3
[ 3406558ms] [WARNING] [intlify] Fall back to translate 'logo_alt' with root locale. @ http://0.0.0.0:3001/_nuxt/node_modules/.cache/vite/client/deps/chunk-LY4OWT6B.js?v=fd09ac8d:3
[ 3406559ms] [WARNING] [intlify] Not found 'logo_alt' key in 'en' locale messages. @ http://0.0.0.0:3001/_nuxt/node_modules/.cache/vite/client/deps/chunk-LY4OWT6B.js?v=fd09ac8d:3
[ 3406559ms] [WARNING] [intlify] Fall back to translate 'logo_alt' key with 'cs' locale. @ http://0.0.0.0:3001/_nuxt/node_modules/.cache/vite/client/deps/chunk-LY4OWT6B.js?v=fd09ac8d:3
[ 3406559ms] [WARNING] [intlify] Not found 'logo_alt' key in 'cs' locale messages. @ http://0.0.0.0:3001/_nuxt/node_modules/.cache/vite/client/deps/chunk-LY4OWT6B.js?v=fd09ac8d:3
[ 3406560ms] [WARNING] [intlify] Not found 'title.cart' key in 'en' locale messages. @ http://0.0.0.0:3001/_nuxt/node_modules/.cache/vite/client/deps/chunk-LY4OWT6B.js?v=fd09ac8d:3
[ 3406560ms] [WARNING] [intlify] Fall back to translate 'title.cart' key with 'cs' locale. @ http://0.0.0.0:3001/_nuxt/node_modules/.cache/vite/client/deps/chunk-LY4OWT6B.js?v=fd09ac8d:3
[ 3406561ms] [WARNING] [intlify] Not found 'title.cart' key in 'cs' locale messages. @ http://0.0.0.0:3001/_nuxt/node_modules/.cache/vite/client/deps/chunk-LY4OWT6B.js?v=fd09ac8d:3
[ 3406561ms] [WARNING] [intlify] Fall back to translate 'title.cart' with root locale. @ http://0.0.0.0:3001/_nuxt/node_modules/.cache/vite/client/deps/chunk-LY4OWT6B.js?v=fd09ac8d:3
[ 3406566ms] [WARNING] [Vue warn]: Hydration style mismatch on JSHandle@node 
  - rendered on server: style="width:1em;height:1em;--c613ce94-iconUrl:url('https://api.iconify.design/iconoir/nav-arrow-down.svg');"
  - expected on client: style="width:1em;height:1em;"
  Note: this mismatch is check-only. The DOM will not be rectified in production due to performance overhead.
  You should fix the source of the mismatch. 
  at <IconCSS name="iconoir:nav-arrow-down" class="lang-switcher__chevron" > 
  at <Header> 
  at <Body style= {background: #f8f1e6} > 
  at <Html lang="en-US" dir="ltr" > 
  at <Default ref=Ref< undefined > > 
  at <AsyncComponentWrapper ref=Ref< undefined > > 
  at <LayoutLoader key="default" layoutProps= {ref: RefImpl} name="default" > 
  at <NuxtLayoutProvider layoutProps= {ref: RefImpl} key="default" name="default"  ... > 
  at <NuxtLayout> 
  at <App key=4 > 
  at <NuxtRoot> @ http://0.0.0.0:3001/_nuxt/@fs/Users/andrejkoval/Dev/vivadzen/src/front/node_modules/@vue/runtime-core/dist/runtime-core.esm-bundler.js?v=fd09ac8d:49
[ 3406566ms] [ERROR] Hydration completed but contains mismatches. @ http://0.0.0.0:3001/_nuxt/@fs/Users/andrejkoval/Dev/vivadzen/src/front/node_modules/@vue/runtime-core/dist/runtime-core.esm-bundler.js?v=fd09ac8d:1847
[ 3406567ms] [WARNING] [Vue warn]: Hydration style mismatch on JSHandle@node 
  - rendered on server: style="width:1em;height:1em;--c613ce94-iconUrl:url('https://api.iconify.design/ci/shopping-cart-01.svg');"
  - expected on client: style="width:1em;height:1em;"
  Note: this mismatch is check-only. The DOM will not be rectified in production due to performance overhead.
  You should fix the source of the mismatch. 
  at <IconCSS name="ci:shopping-cart-01" class="hero-header__cart-icon" > 
  at <Header> 
  at <Body style= {background: #f8f1e6} > 
  at <Html lang="en-US" dir="ltr" > 
  at <Default ref=Ref< undefined > > 
  at <AsyncComponentWrapper ref=Ref< undefined > > 
  at <LayoutLoader key="default" layoutProps= {ref: RefImpl} name="default" > 
  at <NuxtLayoutProvider layoutProps= {ref: RefImpl} key="default" name="default"  ... > 
  at <NuxtLayout> 
  at <App key=4 > 
  at <NuxtRoot> @ http://0.0.0.0:3001/_nuxt/@fs/Users/andrejkoval/Dev/vivadzen/src/front/node_modules/@vue/runtime-core/dist/runtime-core.esm-bundler.js?v=fd09ac8d:49
[ 3406568ms] [WARNING] [Vue warn]: Hydration style mismatch on JSHandle@node 
  - rendered on server: style="width:1em;height:1em;--c613ce94-iconUrl:url('https://api.iconify.design/mynaui/telephone-call.svg');"
  - expected on client: style="width:1em;height:1em;"
  Note: this mismatch is check-only. The DOM will not be rectified in production due to performance overhead.
  You should fix the source of the mismatch. 
  at <IconCSS name="mynaui:telephone-call" class="hero-mobile-menu__contact-icon" > 
  at <Header> 
  at <Body style= {background: #f8f1e6} > 
  at <Html lang="en-US" dir="ltr" > 
  at <Default ref=Ref< undefined > > 
  at <AsyncComponentWrapper ref=Ref< undefined > > 
  at <LayoutLoader key="default" layoutProps= {ref: RefImpl} name="default" > 
  at <NuxtLayoutProvider layoutProps= {ref: RefImpl} key="default" name="default"  ... > 
  at <NuxtLayout> 
  at <App key=4 > 
  at <NuxtRoot> @ http://0.0.0.0:3001/_nuxt/@fs/Users/andrejkoval/Dev/vivadzen/src/front/node_modules/@vue/runtime-core/dist/runtime-core.esm-bundler.js?v=fd09ac8d:49
[ 3406568ms] [WARNING] [Vue warn]: Hydration style mismatch on JSHandle@node 
  - rendered on server: style="width:1em;height:1em;--c613ce94-iconUrl:url('https://api.iconify.design/ic/round-alternate-email.svg');"
  - expected on client: style="width:1em;height:1em;"
  Note: this mismatch is check-only. The DOM will not be rectified in production due to performance overhead.
  You should fix the source of the mismatch. 
  at <IconCSS name="ic:round-alternate-email" class="hero-mobile-menu__contact-icon" > 
  at <Header> 
  at <Body style= {background: #f8f1e6} > 
  at <Html lang="en-US" dir="ltr" > 
  at <Default ref=Ref< undefined > > 
  at <AsyncComponentWrapper ref=Ref< undefined > > 
  at <LayoutLoader key="default" layoutProps= {ref: RefImpl} name="default" > 
  at <NuxtLayoutProvider layoutProps= {ref: RefImpl} key="default" name="default"  ... > 
  at <NuxtLayout> 
  at <App key=4 > 
  at <NuxtRoot> @ http://0.0.0.0:3001/_nuxt/@fs/Users/andrejkoval/Dev/vivadzen/src/front/node_modules/@vue/runtime-core/dist/runtime-core.esm-bundler.js?v=fd09ac8d:49
[ 3406569ms] [WARNING] [Vue warn]: Hydration style mismatch on JSHandle@node 
  - rendered on server: style="width:1em;height:1em;--c613ce94-iconUrl:url('https://api.iconify.design/mynaui/location.svg');"
  - expected on client: style="width:1em;height:1em;"
  Note: this mismatch is check-only. The DOM will not be rectified in production due to performance overhead.
  You should fix the source of the mismatch. 
  at <IconCSS name="mynaui:location" class="hero-mobile-menu__contact-icon" > 
  at <Header> 
  at <Body style= {background: #f8f1e6} > 
  at <Html lang="en-US" dir="ltr" > 
  at <Default ref=Ref< undefined > > 
  at <AsyncComponentWrapper ref=Ref< undefined > > 
  at <LayoutLoader key="default" layoutProps= {ref: RefImpl} name="default" > 
  at <NuxtLayoutProvider layoutProps= {ref: RefImpl} key="default" name="default"  ... > 
  at <NuxtLayout> 
  at <App key=4 > 
  at <NuxtRoot> @ http://0.0.0.0:3001/_nuxt/@fs/Users/andrejkoval/Dev/vivadzen/src/front/node_modules/@vue/runtime-core/dist/runtime-core.esm-bundler.js?v=fd09ac8d:49
[ 3406569ms] [WARNING] [Vue warn]: Hydration style mismatch on JSHandle@node 
  - rendered on server: style="width:1em;height:1em;--c613ce94-iconUrl:url('https://api.iconify.design/mynaui/clock-4.svg');"
  - expected on client: style="width:1em;height:1em;"
  Note: this mismatch is check-only. The DOM will not be rectified in production due to performance overhead.
  You should fix the source of the mismatch. 
  at <IconCSS name="mynaui:clock-4" class="hero-mobile-menu__contact-icon" > 
  at <Header> 
  at <Body style= {background: #f8f1e6} > 
  at <Html lang="en-US" dir="ltr" > 
  at <Default ref=Ref< undefined > > 
  at <AsyncComponentWrapper ref=Ref< undefined > > 
  at <LayoutLoader key="default" layoutProps= {ref: RefImpl} name="default" > 
  at <NuxtLayoutProvider layoutProps= {ref: RefImpl} key="default" name="default"  ... > 
  at <NuxtLayout> 
  at <App key=4 > 
  at <NuxtRoot> @ http://0.0.0.0:3001/_nuxt/@fs/Users/andrejkoval/Dev/vivadzen/src/front/node_modules/@vue/runtime-core/dist/runtime-core.esm-bundler.js?v=fd09ac8d:49
[ 3406574ms] [WARNING] [Vue warn]: Hydration style mismatch on JSHandle@node 
  - rendered on server: style="width:1em;height:1em;--c613ce94-iconUrl:url('https://api.iconify.design/ph/telegram-logo.svg');"
  - expected on client: style="width:1em;height:1em;"
  Note: this mismatch is check-only. The DOM will not be rectified in production due to performance overhead.
  You should fix the source of the mismatch. 
  at <IconCSS name="ph:telegram-logo" > 
  at <SiteFooter> 
  at <Body style= {background: #f8f1e6} > 
  at <Html lang="en-US" dir="ltr" > 
  at <Default ref=Ref< undefined > > 
  at <AsyncComponentWrapper ref=Ref< undefined > > 
  at <LayoutLoader key="default" layoutProps= {ref: RefImpl} name="default" > 
  at <NuxtLayoutProvider layoutProps= {ref: RefImpl} key="default" name="default"  ... > 
  at <NuxtLayout> 
  at <App key=4 > 
  at <NuxtRoot> @ http://0.0.0.0:3001/_nuxt/@fs/Users/andrejkoval/Dev/vivadzen/src/front/node_modules/@vue/runtime-core/dist/runtime-core.esm-bundler.js?v=fd09ac8d:49
[ 3406574ms] [WARNING] [Vue warn]: Hydration style mismatch on JSHandle@node 
  - rendered on server: style="width:1em;height:1em;--c613ce94-iconUrl:url('https://api.iconify.design/ph/whatsapp-logo.svg');"
  - expected on client: style="width:1em;height:1em;"
  Note: this mismatch is check-only. The DOM will not be rectified in production due to performance overhead.
  You should fix the source of the mismatch. 
  at <IconCSS name="ph:whatsapp-logo" > 
  at <SiteFooter> 
  at <Body style= {background: #f8f1e6} > 
  at <Html lang="en-US" dir="ltr" > 
  at <Default ref=Ref< undefined > > 
  at <AsyncComponentWrapper ref=Ref< undefined > > 
  at <LayoutLoader key="default" layoutProps= {ref: RefImpl} name="default" > 
  at <NuxtLayoutProvider layoutProps= {ref: RefImpl} key="default" name="default"  ... > 
  at <NuxtLayout> 
  at <App key=4 > 
  at <NuxtRoot> @ http://0.0.0.0:3001/_nuxt/@fs/Users/andrejkoval/Dev/vivadzen/src/front/node_modules/@vue/runtime-core/dist/runtime-core.esm-bundler.js?v=fd09ac8d:49
[ 3406575ms] [WARNING] [Vue warn]: Hydration style mismatch on JSHandle@node 
  - rendered on server: style="width:1em;height:1em;--c613ce94-iconUrl:url('https://api.iconify.design/iconoir/instagram.svg');"
  - expected on client: style="width:1em;height:1em;"
  Note: this mismatch is check-only. The DOM will not be rectified in production due to performance overhead.
  You should fix the source of the mismatch. 
  at <IconCSS name="iconoir:instagram" > 
  at <SiteFooter> 
  at <Body style= {background: #f8f1e6} > 
  at <Html lang="en-US" dir="ltr" > 
  at <Default ref=Ref< undefined > > 
  at <AsyncComponentWrapper ref=Ref< undefined > > 
  at <LayoutLoader key="default" layoutProps= {ref: RefImpl} name="default" > 
  at <NuxtLayoutProvider layoutProps= {ref: RefImpl} key="default" name="default"  ... > 
  at <NuxtLayout> 
  at <App key=4 > 
  at <NuxtRoot> @ http://0.0.0.0:3001/_nuxt/@fs/Users/andrejkoval/Dev/vivadzen/src/front/node_modules/@vue/runtime-core/dist/runtime-core.esm-bundler.js?v=fd09ac8d:49
[ 3406580ms] [WARNING] [intlify] Not found parent scope. use the global scope. @ http://0.0.0.0:3001/_nuxt/node_modules/.cache/vite/client/deps/chunk-LY4OWT6B.js?v=fd09ac8d:3
[ 3406581ms] [WARNING] [Vue warn]: Hydration style mismatch on JSHandle@node 
  - rendered on server: style="width:1em;height:1em;--c613ce94-iconUrl:url('https://api.iconify.design/ci/shopping-cart-01.svg');"
  - expected on client: style="width:1em;height:1em;"
  Note: this mismatch is check-only. The DOM will not be rectified in production due to performance overhead.
  You should fix the source of the mismatch. 
  at <IconCSS name="ci:shopping-cart-01" class="kratom-product-card__action-icon" > 
  at <ProductCard key=391 product= {id: 391, name: Green Rurut Nano kratom powder - 25g, slug: zeleny-rurut-nano-kratom-prasek-25g, price: 140.00, oldPrice: null} > 
  at <Index onVnodeUnmounted=fn<onVnodeUnmounted> ref=Ref< undefined > > 
  at <RouteProvider key="/en/catalog" vnode= {__v_isVNode: true, __v_skip: true, type: Object, props: Object, key: null} route= {fullPath: /en/catalog, hash: , query: Object, name: catalog___en, path: /en/catalog}  ... > 
  at <RouterView name=undefined route=undefined > 
  at <NuxtPage> 
  at <Body style= {background: #f8f1e6} > 
  at <Html lang="en-US" dir="ltr" > 
  at <Default ref=Ref< undefined > > 
  at <AsyncComponentWrapper ref=Ref< undefined > > 
  at <LayoutLoader key="default" layoutProps= {ref: RefImpl} name="default" > 
  at <NuxtLayoutProvider layoutProps= {ref: RefImpl} key="default" name="default"  ... > 
  at <NuxtLayout> 
  at <App key=4 > 
  at <NuxtRoot> @ http://0.0.0.0:3001/_nuxt/@fs/Users/andrejkoval/Dev/vivadzen/src/front/node_modules/@vue/runtime-core/dist/runtime-core.esm-bundler.js?v=fd09ac8d:49
[ 3406582ms] [WARNING] [intlify] Not found parent scope. use the global scope. @ http://0.0.0.0:3001/_nuxt/node_modules/.cache/vite/client/deps/chunk-LY4OWT6B.js?v=fd09ac8d:3
[ 3406582ms] [WARNING] [Vue warn]: Hydration style mismatch on JSHandle@node 
  - rendered on server: style="width:1em;height:1em;--c613ce94-iconUrl:url('https://api.iconify.design/ci/shopping-cart-01.svg');"
  - expected on client: style="width:1em;height:1em;"
  Note: this mismatch is check-only. The DOM will not be rectified in production due to performance overhead.
  You should fix the source of the mismatch. 
  at <IconCSS name="ci:shopping-cart-01" class="kratom-product-card__action-icon" > 
  at <ProductCard key=336 product= {id: 336, name: White Maeng Da Kratom powder, slug: bila-maeng-da-kratom-prasek-25g, price: 130.00, oldPrice: null} > 
  at <Index onVnodeUnmounted=fn<onVnodeUnmounted> ref=Ref< undefined > > 
  at <RouteProvider key="/en/catalog" vnode= {__v_isVNode: true, __v_skip: true, type: Object, props: Object, key: null} route= {fullPath: /en/catalog, hash: , query: Object, name: catalog___en, path: /en/catalog}  ... > 
  at <RouterView name=undefined route=undefined > 
  at <NuxtPage> 
  at <Body style= {background: #f8f1e6} > 
  at <Html lang="en-US" dir="ltr" > 
  at <Default ref=Ref< undefined > > 
  at <AsyncComponentWrapper ref=Ref< undefined > > 
  at <LayoutLoader key="default" layoutProps= {ref: RefImpl} name="default" > 
  at <NuxtLayoutProvider layoutProps= {ref: RefImpl} key="default" name="default"  ... > 
  at <NuxtLayout> 
  at <App key=4 > 
  at <NuxtRoot> @ http://0.0.0.0:3001/_nuxt/@fs/Users/andrejkoval/Dev/vivadzen/src/front/node_modules/@vue/runtime-core/dist/runtime-core.esm-bundler.js?v=fd09ac8d:49
[ 3406584ms] [WARNING] [intlify] Not found parent scope. use the global scope. @ http://0.0.0.0:3001/_nuxt/node_modules/.cache/vite/client/deps/chunk-LY4OWT6B.js?v=fd09ac8d:3
[ 3406584ms] [WARNING] [Vue warn]: Hydration style mismatch on JSHandle@node 
  - rendered on server: style="width:1em;height:1em;--c613ce94-iconUrl:url('https://api.iconify.design/ci/shopping-cart-01.svg');"
  - expected on client: style="width:1em;height:1em;"
  Note: this mismatch is check-only. The DOM will not be rectified in production due to performance overhead.
  You should fix the source of the mismatch. 
  at <IconCSS name="ci:shopping-cart-01" class="kratom-product-card__action-icon" > 
  at <ProductCard key=334 product= {id: 334, name: White Elephant Kratom powder, slug: bily-slon-kratom-prasek-25g, price: 140.00, oldPrice: null} > 
  at <Index onVnodeUnmounted=fn<onVnodeUnmounted> ref=Ref< undefined > > 
  at <RouteProvider key="/en/catalog" vnode= {__v_isVNode: true, __v_skip: true, type: Object, props: Object, key: null} route= {fullPath: /en/catalog, hash: , query: Object, name: catalog___en, path: /en/catalog}  ... > 
  at <RouterView name=undefined route=undefined > 
  at <NuxtPage> 
  at <Body style= {background: #f8f1e6} > 
  at <Html lang="en-US" dir="ltr" > 
  at <Default ref=Ref< undefined > > 
  at <AsyncComponentWrapper ref=Ref< undefined > > 
  at <LayoutLoader key="default" layoutProps= {ref: RefImpl} name="default" > 
  at <NuxtLayoutProvider layoutProps= {ref: RefImpl} key="default" name="default"  ... > 
  at <NuxtLayout> 
  at <App key=4 > 
  at <NuxtRoot> @ http://0.0.0.0:3001/_nuxt/@fs/Users/andrejkoval/Dev/vivadzen/src/front/node_modules/@vue/runtime-core/dist/runtime-core.esm-bundler.js?v=fd09ac8d:49
[ 3406585ms] [WARNING] [intlify] Not found parent scope. use the global scope. @ http://0.0.0.0:3001/_nuxt/node_modules/.cache/vite/client/deps/chunk-LY4OWT6B.js?v=fd09ac8d:3
[ 3406585ms] [WARNING] [Vue warn]: Hydration style mismatch on JSHandle@node 
  - rendered on server: style="width:1em;height:1em;--c613ce94-iconUrl:url('https://api.iconify.design/ci/shopping-cart-01.svg');"
  - expected on client: style="width:1em;height:1em;"
  Note: this mismatch is check-only. The DOM will not be rectified in production due to performance overhead.
  You should fix the source of the mismatch. 
  at <IconCSS name="ci:shopping-cart-01" class="kratom-product-card__action-icon" > 
  at <ProductCard key=333 product= {id: 333, name: Green Thai Kratom powder, slug: zeleny-thajsky-kratom-prasek-25g, price: 130.00, oldPrice: null} > 
  at <Index onVnodeUnmounted=fn<onVnodeUnmounted> ref=Ref< undefined > > 
  at <RouteProvider key="/en/catalog" vnode= {__v_isVNode: true, __v_skip: true, type: Object, props: Object, key: null} route= {fullPath: /en/catalog, hash: , query: Object, name: catalog___en, path: /en/catalog}  ... > 
  at <RouterView name=undefined route=undefined > 
  at <NuxtPage> 
  at <Body style= {background: #f8f1e6} > 
  at <Html lang="en-US" dir="ltr" > 
  at <Default ref=Ref< undefined > > 
  at <AsyncComponentWrapper ref=Ref< undefined > > 
  at <LayoutLoader key="default" layoutProps= {ref: RefImpl} name="default" > 
  at <NuxtLayoutProvider layoutProps= {ref: RefImpl} key="default" name="default"  ... > 
  at <NuxtLayout> 
  at <App key=4 > 
  at <NuxtRoot> @ http://0.0.0.0:3001/_nuxt/@fs/Users/andrejkoval/Dev/vivadzen/src/front/node_modules/@vue/runtime-core/dist/runtime-core.esm-bundler.js?v=fd09ac8d:49
[ 3406586ms] [WARNING] [intlify] Not found parent scope. use the global scope. @ http://0.0.0.0:3001/_nuxt/node_modules/.cache/vite/client/deps/chunk-LY4OWT6B.js?v=fd09ac8d:3
[ 3406587ms] [WARNING] [Vue warn]: Hydration style mismatch on JSHandle@node 
  - rendered on server: style="width:1em;height:1em;--c613ce94-iconUrl:url('https://api.iconify.design/ci/shopping-cart-01.svg');"
  - expected on client: style="width:1em;height:1em;"
  Note: this mismatch is check-only. The DOM will not be rectified in production due to performance overhead.
  You should fix the source of the mismatch. 
  at <IconCSS name="ci:shopping-cart-01" class="kratom-product-card__action-icon" > 
  at <ProductCard key=332 product= {id: 332, name: Red Maeng Da Kratom powder, slug: cervena-maeng-da-kratom-prasek-25g, price: 130.00, oldPrice: null} > 
  at <Index onVnodeUnmounted=fn<onVnodeUnmounted> ref=Ref< undefined > > 
  at <RouteProvider key="/en/catalog" vnode= {__v_isVNode: true, __v_skip: true, type: Object, props: Object, key: null} route= {fullPath: /en/catalog, hash: , query: Object, name: catalog___en, path: /en/catalog}  ... > 
  at <RouterView name=undefined route=undefined > 
  at <NuxtPage> 
  at <Body style= {background: #f8f1e6} > 
  at <Html lang="en-US" dir="ltr" > 
  at <Default ref=Ref< undefined > > 
  at <AsyncComponentWrapper ref=Ref< undefined > > 
  at <LayoutLoader key="default" layoutProps= {ref: RefImpl} name="default" > 
  at <NuxtLayoutProvider layoutProps= {ref: RefImpl} key="default" name="default"  ... > 
  at <NuxtLayout> 
  at <App key=4 > 
  at <NuxtRoot> @ http://0.0.0.0:3001/_nuxt/@fs/Users/andrejkoval/Dev/vivadzen/src/front/node_modules/@vue/runtime-core/dist/runtime-core.esm-bundler.js?v=fd09ac8d:49
[ 3406588ms] [WARNING] [intlify] Not found parent scope. use the global scope. @ http://0.0.0.0:3001/_nuxt/node_modules/.cache/vite/client/deps/chunk-LY4OWT6B.js?v=fd09ac8d:3
[ 3406588ms] [WARNING] [Vue warn]: Hydration style mismatch on JSHandle@node 
  - rendered on server: style="width:1em;height:1em;--c613ce94-iconUrl:url('https://api.iconify.design/ci/shopping-cart-01.svg');"
  - expected on client: style="width:1em;height:1em;"
  Note: this mismatch is check-only. The DOM will not be rectified in production due to performance overhead.
  You should fix the source of the mismatch. 
  at <IconCSS name="ci:shopping-cart-01" class="kratom-product-card__action-icon" > 
  at <ProductCard key=331 product= {id: 331, name: Green Maeng Da Kratom powder, slug: zelena-maeng-da-kratom-prasek-25g, price: 130.00, oldPrice: null} > 
  at <Index onVnodeUnmounted=fn<onVnodeUnmounted> ref=Ref< undefined > > 
  at <RouteProvider key="/en/catalog" vnode= {__v_isVNode: true, __v_skip: true, type: Object, props: Object, key: null} route= {fullPath: /en/catalog, hash: , query: Object, name: catalog___en, path: /en/catalog}  ... > 
  at <RouterView name=undefined route=undefined > 
  at <NuxtPage> 
  at <Body style= {background: #f8f1e6} > 
  at <Html lang="en-US" dir="ltr" > 
  at <Default ref=Ref< undefined > > 
  at <AsyncComponentWrapper ref=Ref< undefined > > 
  at <LayoutLoader key="default" layoutProps= {ref: RefImpl} name="default" > 
  at <NuxtLayoutProvider layoutProps= {ref: RefImpl} key="default" name="default"  ... > 
  at <NuxtLayout> 
  at <App key=4 > 
  at <NuxtRoot> @ http://0.0.0.0:3001/_nuxt/@fs/Users/andrejkoval/Dev/vivadzen/src/front/node_modules/@vue/runtime-core/dist/runtime-core.esm-bundler.js?v=fd09ac8d:49
[ 3406590ms] [LOG] [nuxt-app] page:finish: 1.6298828125 ms [Object] @ http://0.0.0.0:3001/_nuxt/@fs/Users/andrejkoval/Dev/vivadzen/src/front/node_modules/hookable/dist/index.mjs?v=fd09ac8d:271
[ 3406591ms] [LOG] [nuxt-app] page:loading:end: 0.614990234375 ms [] @ http://0.0.0.0:3001/_nuxt/@fs/Users/andrejkoval/Dev/vivadzen/src/front/node_modules/hookable/dist/index.mjs?v=fd09ac8d:271
[ 3406599ms] [WARNING] [intlify] Not found 'logo_alt' key in 'en' locale messages. @ http://0.0.0.0:3001/_nuxt/node_modules/.cache/vite/client/deps/chunk-LY4OWT6B.js?v=fd09ac8d:3
[ 3406599ms] [WARNING] [intlify] Fall back to translate 'logo_alt' key with 'cs' locale. @ http://0.0.0.0:3001/_nuxt/node_modules/.cache/vite/client/deps/chunk-LY4OWT6B.js?v=fd09ac8d:3
[ 3406600ms] [WARNING] [intlify] Not found 'logo_alt' key in 'cs' locale messages. @ http://0.0.0.0:3001/_nuxt/node_modules/.cache/vite/client/deps/chunk-LY4OWT6B.js?v=fd09ac8d:3
[ 3406600ms] [WARNING] [intlify] Fall back to translate 'logo_alt' with root locale. @ http://0.0.0.0:3001/_nuxt/node_modules/.cache/vite/client/deps/chunk-LY4OWT6B.js?v=fd09ac8d:3
[ 3406600ms] [WARNING] [intlify] Not found 'logo_alt' key in 'en' locale messages. @ http://0.0.0.0:3001/_nuxt/node_modules/.cache/vite/client/deps/chunk-LY4OWT6B.js?v=fd09ac8d:3
[ 3406600ms] [WARNING] [intlify] Fall back to translate 'logo_alt' key with 'cs' locale. @ http://0.0.0.0:3001/_nuxt/node_modules/.cache/vite/client/deps/chunk-LY4OWT6B.js?v=fd09ac8d:3
[ 3406600ms] [WARNING] [intlify] Not found 'logo_alt' key in 'cs' locale messages. @ http://0.0.0.0:3001/_nuxt/node_modules/.cache/vite/client/deps/chunk-LY4OWT6B.js?v=fd09ac8d:3
[ 3406601ms] [WARNING] [intlify] Not found 'title.cart' key in 'en' locale messages. @ http://0.0.0.0:3001/_nuxt/node_modules/.cache/vite/client/deps/chunk-LY4OWT6B.js?v=fd09ac8d:3
[ 3406601ms] [WARNING] [intlify] Fall back to translate 'title.cart' key with 'cs' locale. @ http://0.0.0.0:3001/_nuxt/node_modules/.cache/vite/client/deps/chunk-LY4OWT6B.js?v=fd09ac8d:3
[ 3406601ms] [WARNING] [intlify] Not found 'title.cart' key in 'cs' locale messages. @ http://0.0.0.0:3001/_nuxt/node_modules/.cache/vite/client/deps/chunk-LY4OWT6B.js?v=fd09ac8d:3
[ 3406601ms] [WARNING] [intlify] Fall back to translate 'title.cart' with root locale. @ http://0.0.0.0:3001/_nuxt/node_modules/.cache/vite/client/deps/chunk-LY4OWT6B.js?v=fd09ac8d:3
[ 3406604ms] [WARNING] [intlify] Not found 'logo_alt' key in 'en' locale messages. @ http://0.0.0.0:3001/_nuxt/node_modules/.cache/vite/client/deps/chunk-LY4OWT6B.js?v=fd09ac8d:3
[ 3406604ms] [WARNING] [intlify] Fall back to translate 'logo_alt' key with 'cs' locale. @ http://0.0.0.0:3001/_nuxt/node_modules/.cache/vite/client/deps/chunk-LY4OWT6B.js?v=fd09ac8d:3
[ 3406605ms] [WARNING] [intlify] Not found 'logo_alt' key in 'cs' locale messages. @ http://0.0.0.0:3001/_nuxt/node_modules/.cache/vite/client/deps/chunk-LY4OWT6B.js?v=fd09ac8d:3
[ 3406605ms] [WARNING] [intlify] Fall back to translate 'logo_alt' with root locale. @ http://0.0.0.0:3001/_nuxt/node_modules/.cache/vite/client/deps/chunk-LY4OWT6B.js?v=fd09ac8d:3
[ 3406605ms] [WARNING] [intlify] Not found 'logo_alt' key in 'en' locale messages. @ http://0.0.0.0:3001/_nuxt/node_modules/.cache/vite/client/deps/chunk-LY4OWT6B.js?v=fd09ac8d:3
[ 3406605ms] [WARNING] [intlify] Fall back to translate 'logo_alt' key with 'cs' locale. @ http://0.0.0.0:3001/_nuxt/node_modules/.cache/vite/client/deps/chunk-LY4OWT6B.js?v=fd09ac8d:3
[ 3406605ms] [WARNING] [intlify] Not found 'logo_alt' key in 'cs' locale messages. @ http://0.0.0.0:3001/_nuxt/node_modules/.cache/vite/client/deps/chunk-LY4OWT6B.js?v=fd09ac8d:3
[ 3406606ms] [WARNING] [intlify] Not found 'title.cart' key in 'en' locale messages. @ http://0.0.0.0:3001/_nuxt/node_modules/.cache/vite/client/deps/chunk-LY4OWT6B.js?v=fd09ac8d:3
[ 3406606ms] [WARNING] [intlify] Fall back to translate 'title.cart' key with 'cs' locale. @ http://0.0.0.0:3001/_nuxt/node_modules/.cache/vite/client/deps/chunk-LY4OWT6B.js?v=fd09ac8d:3
[ 3406606ms] [WARNING] [intlify] Not found 'title.cart' key in 'cs' locale messages. @ http://0.0.0.0:3001/_nuxt/node_modules/.cache/vite/client/deps/chunk-LY4OWT6B.js?v=fd09ac8d:3
[ 3406606ms] [WARNING] [intlify] Fall back to translate 'title.cart' with root locale. @ http://0.0.0.0:3001/_nuxt/node_modules/.cache/vite/client/deps/chunk-LY4OWT6B.js?v=fd09ac8d:3
[ 3406617ms] [LOG] [nuxt-app] schema-org:meta: 0.079833984375 ms [Object] @ http://0.0.0.0:3001/_nuxt/@fs/Users/andrejkoval/Dev/vivadzen/src/front/node_modules/hookable/dist/index.mjs?v=fd09ac8d:271
[ 3406618ms] [LOG] [nuxt-app] app:suspense:resolve: 14.6240234375 ms [] @ http://0.0.0.0:3001/_nuxt/@fs/Users/andrejkoval/Dev/vivadzen/src/front/node_modules/hookable/dist/index.mjs?v=fd09ac8d:271
[ 3406635ms] [LOG] [nuxt-app] link:prefetch: 1.777099609375 ms [/en/catalog] @ http://0.0.0.0:3001/_nuxt/@fs/Users/andrejkoval/Dev/vivadzen/src/front/node_modules/hookable/dist/index.mjs?v=fd09ac8d:271
[ 3406635ms] [LOG] [nuxt-app] link:prefetch : 1.806884765625 ms [/en/blog] @ http://0.0.0.0:3001/_nuxt/@fs/Users/andrejkoval/Dev/vivadzen/src/front/node_modules/hookable/dist/index.mjs?v=fd09ac8d:271
[ 3406635ms] [LOG] [nuxt-app] link:prefetch  : 1.72119140625 ms [/en/about] @ http://0.0.0.0:3001/_nuxt/@fs/Users/andrejkoval/Dev/vivadzen/src/front/node_modules/hookable/dist/index.mjs?v=fd09ac8d:271
[ 3406636ms] [LOG] [nuxt-app] link:prefetch   : 1.738037109375 ms [/en/contacts] @ http://0.0.0.0:3001/_nuxt/@fs/Users/andrejkoval/Dev/vivadzen/src/front/node_modules/hookable/dist/index.mjs?v=fd09ac8d:271
[ 3406636ms] [LOG] [nuxt-app] link:prefetch    : 1.7490234375 ms [/en/zeleny-rurut-nano-kratom-prasek-25g] @ http://0.0.0.0:3001/_nuxt/@fs/Users/andrejkoval/Dev/vivadzen/src/front/node_modules/hookable/dist/index.mjs?v=fd09ac8d:271
[ 3406636ms] [LOG] [nuxt-app] link:prefetch     : 1.761962890625 ms [/en/zeleny-rurut-nano-kratom-prasek-25g] @ http://0.0.0.0:3001/_nuxt/@fs/Users/andrejkoval/Dev/vivadzen/src/front/node_modules/hookable/dist/index.mjs?v=fd09ac8d:271
[ 3406636ms] [LOG] [nuxt-app] link:prefetch      : 1.844970703125 ms [/en/bila-maeng-da-kratom-prasek-25g] @ http://0.0.0.0:3001/_nuxt/@fs/Users/andrejkoval/Dev/vivadzen/src/front/node_modules/hookable/dist/index.mjs?v=fd09ac8d:271
[ 3406636ms] [LOG] [nuxt-app] link:prefetch       : 1.925048828125 ms [/en/bila-maeng-da-kratom-prasek-25g] @ http://0.0.0.0:3001/_nuxt/@fs/Users/andrejkoval/Dev/vivadzen/src/front/node_modules/hookable/dist/index.mjs?v=fd09ac8d:271
[ 3406636ms] [LOG] [nuxt-app] link:prefetch        : 2.02587890625 ms [/en/bily-slon-kratom-prasek-25g] @ http://0.0.0.0:3001/_nuxt/@fs/Users/andrejkoval/Dev/vivadzen/src/front/node_modules/hookable/dist/index.mjs?v=fd09ac8d:271
[ 3406636ms] [LOG] [nuxt-app] link:prefetch         : 2.10205078125 ms [/en/bily-slon-kratom-prasek-25g] @ http://0.0.0.0:3001/_nuxt/@fs/Users/andrejkoval/Dev/vivadzen/src/front/node_modules/hookable/dist/index.mjs?v=fd09ac8d:271
[ 3406636ms] [LOG] [nuxt-app] link:prefetch          : 2.179931640625 ms [/en/zeleny-thajsky-kratom-prasek-25g] @ http://0.0.0.0:3001/_nuxt/@fs/Users/andrejkoval/Dev/vivadzen/src/front/node_modules/hookable/dist/index.mjs?v=fd09ac8d:271
[ 3406636ms] [LOG] [nuxt-app] link:prefetch           : 2.287841796875 ms [/en/zeleny-thajsky-kratom-prasek-25g] @ http://0.0.0.0:3001/_nuxt/@fs/Users/andrejkoval/Dev/vivadzen/src/front/node_modules/hookable/dist/index.mjs?v=fd09ac8d:271
[ 3406637ms] [LOG] [nuxt-app] link:prefetch            : 2.3701171875 ms [/en/cervena-maeng-da-kratom-prasek-25g] @ http://0.0.0.0:3001/_nuxt/@fs/Users/andrejkoval/Dev/vivadzen/src/front/node_modules/hookable/dist/index.mjs?v=fd09ac8d:271
[ 3406637ms] [LOG] [nuxt-app] link:prefetch             : 2.4638671875 ms [/en/cervena-maeng-da-kratom-prasek-25g] @ http://0.0.0.0:3001/_nuxt/@fs/Users/andrejkoval/Dev/vivadzen/src/front/node_modules/hookable/dist/index.mjs?v=fd09ac8d:271
[ 3406637ms] [LOG] [nuxt-app] link:prefetch              : 2.572998046875 ms [/en/zelena-maeng-da-kratom-prasek-25g] @ http://0.0.0.0:3001/_nuxt/@fs/Users/andrejkoval/Dev/vivadzen/src/front/node_modules/hookable/dist/index.mjs?v=fd09ac8d:271
[ 3406637ms] [LOG] [nuxt-app] link:prefetch               : 2.677001953125 ms [/en/zelena-maeng-da-kratom-prasek-25g] @ http://0.0.0.0:3001/_nuxt/@fs/Users/andrejkoval/Dev/vivadzen/src/front/node_modules/hookable/dist/index.mjs?v=fd09ac8d:271
[ 3408139ms] [LOG] [nuxt-delay-hydration] Hydration event MouseEvent @ http://0.0.0.0:3001/en/catalog:135
[ 3425003ms] [WARNING] Timer '[nuxt-app] link:prefetch' already exists @ http://0.0.0.0:3001/_nuxt/@fs/Users/andrejkoval/Dev/vivadzen/src/front/node_modules/hookable/dist/index.mjs?v=fd09ac8d:261
[ 3425004ms] [WARNING] Timer '[nuxt-app] link:prefetch ' already exists @ http://0.0.0.0:3001/_nuxt/@fs/Users/andrejkoval/Dev/vivadzen/src/front/node_modules/hookable/dist/index.mjs?v=fd09ac8d:261
[ 3425005ms] [LOG] [nuxt-app] link:prefetch: 18371.72900390625 ms [/en/catalog] @ http://0.0.0.0:3001/_nuxt/@fs/Users/andrejkoval/Dev/vivadzen/src/front/node_modules/hookable/dist/index.mjs?v=fd09ac8d:271
[ 3425006ms] [LOG] [nuxt-app] link:prefetch : 18371.993896484375 ms [/en/policy] @ http://0.0.0.0:3001/_nuxt/@fs/Users/andrejkoval/Dev/vivadzen/src/front/node_modules/hookable/dist/index.mjs?v=fd09ac8d:271
[ 3425014ms] [WARNING] Timer '[nuxt-app] link:prefetch' already exists @ http://0.0.0.0:3001/_nuxt/@fs/Users/andrejkoval/Dev/vivadzen/src/front/node_modules/hookable/dist/index.mjs?v=fd09ac8d:261
[ 3425014ms] [WARNING] Timer '[nuxt-app] link:prefetch ' already exists @ http://0.0.0.0:3001/_nuxt/@fs/Users/andrejkoval/Dev/vivadzen/src/front/node_modules/hookable/dist/index.mjs?v=fd09ac8d:261
[ 3425015ms] [LOG] [nuxt-app] link:prefetch: 18381.22021484375 ms [/en/blog] @ http://0.0.0.0:3001/_nuxt/@fs/Users/andrejkoval/Dev/vivadzen/src/front/node_modules/hookable/dist/index.mjs?v=fd09ac8d:271
[ 3425015ms] [LOG] [nuxt-app] link:prefetch : 18381.384033203125 ms [/en/terms] @ http://0.0.0.0:3001/_nuxt/@fs/Users/andrejkoval/Dev/vivadzen/src/front/node_modules/hookable/dist/index.mjs?v=fd09ac8d:271
[ 3425024ms] [WARNING] Timer '[nuxt-app] link:prefetch' already exists @ http://0.0.0.0:3001/_nuxt/@fs/Users/andrejkoval/Dev/vivadzen/src/front/node_modules/hookable/dist/index.mjs?v=fd09ac8d:261
[ 3425024ms] [WARNING] Timer '[nuxt-app] link:prefetch ' already exists @ http://0.0.0.0:3001/_nuxt/@fs/Users/andrejkoval/Dev/vivadzen/src/front/node_modules/hookable/dist/index.mjs?v=fd09ac8d:261
[ 3425025ms] [LOG] [nuxt-app] link:prefetch: 18391.123046875 ms [/en/about] @ http://0.0.0.0:3001/_nuxt/@fs/Users/andrejkoval/Dev/vivadzen/src/front/node_modules/hookable/dist/index.mjs?v=fd09ac8d:271
[ 3425025ms] [LOG] [nuxt-app] link:prefetch : 18391.194091796875 ms [/en/returns] @ http://0.0.0.0:3001/_nuxt/@fs/Users/andrejkoval/Dev/vivadzen/src/front/node_modules/hookable/dist/index.mjs?v=fd09ac8d:271
[ 3425033ms] [WARNING] Timer '[nuxt-app] link:prefetch' already exists @ http://0.0.0.0:3001/_nuxt/@fs/Users/andrejkoval/Dev/vivadzen/src/front/node_modules/hookable/dist/index.mjs?v=fd09ac8d:261
[ 3425034ms] [LOG] [nuxt-app] link:prefetch: 18400.135009765625 ms [/en/contacts] @ http://0.0.0.0:3001/_nuxt/@fs/Users/andrejkoval/Dev/vivadzen/src/front/node_modules/hookable/dist/index.mjs?v=fd09ac8d:271
