[     840ms] [LOG] [nuxt-app] i18n:beforeLocaleSwitch: 0.18212890625 ms [Object] @ http://0.0.0.0:3001/_nuxt/@fs/Users/andrejkoval/Dev/vivadzen/src/front/node_modules/hookable/dist/index.mjs?v=7b60de0d:271
[     847ms] [LOG] %cssr%c %s: %s 
      background: #7f8c8d;
      border-radius: 0.5em;
      color: white;
      font-weight: bold;
      padding: 2px 0.5em;
      [nitro-runtime] request 0.087ms 
  at timeLogImpl (node:internal/console/constructor)
  at node:internal/console/constructor
  at timeLogImpl (node:internal/util/debuglog)
 @ http://0.0.0.0:3001/_nuxt/@fs/Users/andrejkoval/Dev/vivadzen/src/front/node_modules/consola/dist/browser.mjs?v=7b60de0d:47
[     847ms] [LOG] %cssr%c %s: %s 
      background: #7f8c8d;
      border-radius: 0.5em;
      color: white;
      font-weight: bold;
      padding: 2px 0.5em;
      [nitro-runtime] site-config:init 0.057ms 
  at timeLogImpl (node:internal/console/constructor)
  at node:internal/console/constructor
  at timeLogImpl (node:internal/util/debuglog)
 @ http://0.0.0.0:3001/_nuxt/@fs/Users/andrejkoval/Dev/vivadzen/src/front/node_modules/consola/dist/browser.mjs?v=7b60de0d:47
[     847ms] [LOG] %cssr%c %s: %s 
      background: #7f8c8d;
      border-radius: 0.5em;
      color: white;
      font-weight: bold;
      padding: 2px 0.5em;
      [nitro-runtime] render:before 0.015ms 
  at timeLogImpl (node:internal/console/constructor)
  at node:internal/console/constructor
  at timeLogImpl (node:internal/util/debuglog)
 @ http://0.0.0.0:3001/_nuxt/@fs/Users/andrejkoval/Dev/vivadzen/src/front/node_modules/consola/dist/browser.mjs?v=7b60de0d:47
[     847ms] [LOG] %cssr%c %s: %s 
      background: #7f8c8d;
      border-radius: 0.5em;
      color: white;
      font-weight: bold;
      padding: 2px 0.5em;
      [nuxt-app] i18n:beforeLocaleSwitch 0.01ms 
  at timeLogImpl (node:internal/console/constructor)
  at node:internal/console/constructor
  at timeLogImpl (node:internal/util/debuglog)
 @ http://0.0.0.0:3001/_nuxt/@fs/Users/andrejkoval/Dev/vivadzen/src/front/node_modules/consola/dist/browser.mjs?v=7b60de0d:47
[     847ms] [LOG] %cssr%c %s: %s 
      background: #7f8c8d;
      border-radius: 0.5em;
      color: white;
      font-weight: bold;
      padding: 2px 0.5em;
      [nuxt-app] page:loading:start 0.009ms 
  at timeLogImpl (node:internal/console/constructor)
  at node:internal/console/constructor
  at timeLogImpl (node:internal/util/debuglog)
 @ http://0.0.0.0:3001/_nuxt/@fs/Users/andrejkoval/Dev/vivadzen/src/front/node_modules/consola/dist/browser.mjs?v=7b60de0d:47
[     847ms] [LOG] %cssr%c %s: %s 
      background: #7f8c8d;
      border-radius: 0.5em;
      color: white;
      font-weight: bold;
      padding: 2px 0.5em;
      [nuxt-app] i18n:beforeLocaleSwitch 0.009ms 
  at timeLogImpl (node:internal/console/constructor)
  at node:internal/console/constructor
  at timeLogImpl (node:internal/util/debuglog)
 @ http://0.0.0.0:3001/_nuxt/@fs/Users/andrejkoval/Dev/vivadzen/src/front/node_modules/consola/dist/browser.mjs?v=7b60de0d:47
[     847ms] [LOG] %cssr%c %s: %s 
      background: #7f8c8d;
      border-radius: 0.5em;
      color: white;
      font-weight: bold;
      padding: 2px 0.5em;
      [nuxt-app] app:created 7.653ms 
  at timeLogImpl (node:internal/console/constructor)
  at node:internal/console/constructor
  at timeLogImpl (node:internal/util/debuglog)
 @ http://0.0.0.0:3001/_nuxt/@fs/Users/andrejkoval/Dev/vivadzen/src/front/node_modules/consola/dist/browser.mjs?v=7b60de0d:47
[     847ms] [LOG] %cssr%c %s: %s 
      background: #7f8c8d;
      border-radius: 0.5em;
      color: white;
      font-weight: bold;
      padding: 2px 0.5em;
      [nuxt-app] vue:setup 0.006ms 
  at timeLogImpl (node:internal/console/constructor)
  at node:internal/console/constructor
  at timeLogImpl (node:internal/util/debuglog)
 @ http://0.0.0.0:3001/_nuxt/@fs/Users/andrejkoval/Dev/vivadzen/src/front/node_modules/consola/dist/browser.mjs?v=7b60de0d:47
[     847ms] [WARNING] %cssr:warn%c [intlify] Not found 'title.catalog' key in 'en' locale messages. 
      background: #f39c12;
      border-radius: 0.5em;
      color: white;
      font-weight: bold;
      padding: 2px 0.5em;
      
  at warn (/Users/andrejkoval/Dev/vivadzen/src/front/node_modules/@intlify/shared/dist/shared.mjs)
  at handleMissing (/Users/andrejkoval/Dev/vivadzen/src/front/node_modules/@intlify/core-base/dist/core-base.mjs)
  at resolveMessageFormat (/Users/andrejkoval/Dev/vivadzen/src/front/node_modules/@intlify/core-base/dist/core-base.mjs)
 @ http://0.0.0.0:3001/_nuxt/@fs/Users/andrejkoval/Dev/vivadzen/src/front/node_modules/consola/dist/browser.mjs?v=7b60de0d:47
[     847ms] [WARNING] %cssr:warn%c [intlify] Fall back to translate 'title.catalog' key with 'cs' locale. 
      background: #f39c12;
      border-radius: 0.5em;
      color: white;
      font-weight: bold;
      padding: 2px 0.5em;
      
  at warn (/Users/andrejkoval/Dev/vivadzen/src/front/node_modules/@intlify/shared/dist/shared.mjs)
  at resolveMessageFormat (/Users/andrejkoval/Dev/vivadzen/src/front/node_modules/@intlify/core-base/dist/core-base.mjs)
  at translate (/Users/andrejkoval/Dev/vivadzen/src/front/node_modules/@intlify/core-base/dist/core-base.mjs)
 @ http://0.0.0.0:3001/_nuxt/@fs/Users/andrejkoval/Dev/vivadzen/src/front/node_modules/consola/dist/browser.mjs?v=7b60de0d:47
[     847ms] [WARNING] %cssr:warn%c [intlify] Not found 'title.catalog' key in 'cs' locale messages. 
      background: #f39c12;
      border-radius: 0.5em;
      color: white;
      font-weight: bold;
      padding: 2px 0.5em;
      
  at warn (/Users/andrejkoval/Dev/vivadzen/src/front/node_modules/@intlify/shared/dist/shared.mjs)
  at handleMissing (/Users/andrejkoval/Dev/vivadzen/src/front/node_modules/@intlify/core-base/dist/core-base.mjs)
  at resolveMessageFormat (/Users/andrejkoval/Dev/vivadzen/src/front/node_modules/@intlify/core-base/dist/core-base.mjs)
 @ http://0.0.0.0:3001/_nuxt/@fs/Users/andrejkoval/Dev/vivadzen/src/front/node_modules/consola/dist/browser.mjs?v=7b60de0d:47
[     847ms] [WARNING] %cssr:warn%c [intlify] Fall back to translate 'title.catalog' with root locale. 
      background: #f39c12;
      border-radius: 0.5em;
      color: white;
      font-weight: bold;
      padding: 2px 0.5em;
      
  at warn (/Users/andrejkoval/Dev/vivadzen/src/front/node_modules/@intlify/shared/dist/shared.mjs)
  at wrapWithDeps (/Users/andrejkoval/Dev/vivadzen/src/front/node_modules/vue-i18n/dist/vue-i18n.mjs)
  at t (/Users/andrejkoval/Dev/vivadzen/src/front/node_modules/vue-i18n/dist/vue-i18n.mjs)
 @ http://0.0.0.0:3001/_nuxt/@fs/Users/andrejkoval/Dev/vivadzen/src/front/node_modules/consola/dist/browser.mjs?v=7b60de0d:47
[     847ms] [WARNING] %cssr:warn%c [intlify] Not found 'title.blog' key in 'en' locale messages. 
      background: #f39c12;
      border-radius: 0.5em;
      color: white;
      font-weight: bold;
      padding: 2px 0.5em;
      
  at warn (/Users/andrejkoval/Dev/vivadzen/src/front/node_modules/@intlify/shared/dist/shared.mjs)
  at handleMissing (/Users/andrejkoval/Dev/vivadzen/src/front/node_modules/@intlify/core-base/dist/core-base.mjs)
  at resolveMessageFormat (/Users/andrejkoval/Dev/vivadzen/src/front/node_modules/@intlify/core-base/dist/core-base.mjs)
 @ http://0.0.0.0:3001/_nuxt/@fs/Users/andrejkoval/Dev/vivadzen/src/front/node_modules/consola/dist/browser.mjs?v=7b60de0d:47
[     847ms] [WARNING] %cssr:warn%c [intlify] Fall back to translate 'title.blog' key with 'cs' locale. 
      background: #f39c12;
      border-radius: 0.5em;
      color: white;
      font-weight: bold;
      padding: 2px 0.5em;
      
  at warn (/Users/andrejkoval/Dev/vivadzen/src/front/node_modules/@intlify/shared/dist/shared.mjs)
  at resolveMessageFormat (/Users/andrejkoval/Dev/vivadzen/src/front/node_modules/@intlify/core-base/dist/core-base.mjs)
  at translate (/Users/andrejkoval/Dev/vivadzen/src/front/node_modules/@intlify/core-base/dist/core-base.mjs)
 @ http://0.0.0.0:3001/_nuxt/@fs/Users/andrejkoval/Dev/vivadzen/src/front/node_modules/consola/dist/browser.mjs?v=7b60de0d:47
[     847ms] [WARNING] %cssr:warn%c [intlify] Not found 'title.blog' key in 'cs' locale messages. 
      background: #f39c12;
      border-radius: 0.5em;
      color: white;
      font-weight: bold;
      padding: 2px 0.5em;
      
  at warn (/Users/andrejkoval/Dev/vivadzen/src/front/node_modules/@intlify/shared/dist/shared.mjs)
  at handleMissing (/Users/andrejkoval/Dev/vivadzen/src/front/node_modules/@intlify/core-base/dist/core-base.mjs)
  at resolveMessageFormat (/Users/andrejkoval/Dev/vivadzen/src/front/node_modules/@intlify/core-base/dist/core-base.mjs)
 @ http://0.0.0.0:3001/_nuxt/@fs/Users/andrejkoval/Dev/vivadzen/src/front/node_modules/consola/dist/browser.mjs?v=7b60de0d:47
[     847ms] [WARNING] %cssr:warn%c [intlify] Fall back to translate 'title.blog' with root locale. 
      background: #f39c12;
      border-radius: 0.5em;
      color: white;
      font-weight: bold;
      padding: 2px 0.5em;
      
  at warn (/Users/andrejkoval/Dev/vivadzen/src/front/node_modules/@intlify/shared/dist/shared.mjs)
  at wrapWithDeps (/Users/andrejkoval/Dev/vivadzen/src/front/node_modules/vue-i18n/dist/vue-i18n.mjs)
  at t (/Users/andrejkoval/Dev/vivadzen/src/front/node_modules/vue-i18n/dist/vue-i18n.mjs)
 @ http://0.0.0.0:3001/_nuxt/@fs/Users/andrejkoval/Dev/vivadzen/src/front/node_modules/consola/dist/browser.mjs?v=7b60de0d:47
[     847ms] [WARNING] %cssr:warn%c [intlify] Not found 'title.reviews' key in 'en' locale messages. 
      background: #f39c12;
      border-radius: 0.5em;
      color: white;
      font-weight: bold;
      padding: 2px 0.5em;
      
  at warn (/Users/andrejkoval/Dev/vivadzen/src/front/node_modules/@intlify/shared/dist/shared.mjs)
  at handleMissing (/Users/andrejkoval/Dev/vivadzen/src/front/node_modules/@intlify/core-base/dist/core-base.mjs)
  at resolveMessageFormat (/Users/andrejkoval/Dev/vivadzen/src/front/node_modules/@intlify/core-base/dist/core-base.mjs)
 @ http://0.0.0.0:3001/_nuxt/@fs/Users/andrejkoval/Dev/vivadzen/src/front/node_modules/consola/dist/browser.mjs?v=7b60de0d:47
[     847ms] [WARNING] %cssr:warn%c [intlify] Fall back to translate 'title.reviews' key with 'cs' locale. 
      background: #f39c12;
      border-radius: 0.5em;
      color: white;
      font-weight: bold;
      padding: 2px 0.5em;
      
  at warn (/Users/andrejkoval/Dev/vivadzen/src/front/node_modules/@intlify/shared/dist/shared.mjs)
  at resolveMessageFormat (/Users/andrejkoval/Dev/vivadzen/src/front/node_modules/@intlify/core-base/dist/core-base.mjs)
  at translate (/Users/andrejkoval/Dev/vivadzen/src/front/node_modules/@intlify/core-base/dist/core-base.mjs)
 @ http://0.0.0.0:3001/_nuxt/@fs/Users/andrejkoval/Dev/vivadzen/src/front/node_modules/consola/dist/browser.mjs?v=7b60de0d:47
[     847ms] [WARNING] %cssr:warn%c [intlify] Not found 'title.reviews' key in 'cs' locale messages. 
      background: #f39c12;
      border-radius: 0.5em;
      color: white;
      font-weight: bold;
      padding: 2px 0.5em;
      
  at warn (/Users/andrejkoval/Dev/vivadzen/src/front/node_modules/@intlify/shared/dist/shared.mjs)
  at handleMissing (/Users/andrejkoval/Dev/vivadzen/src/front/node_modules/@intlify/core-base/dist/core-base.mjs)
  at resolveMessageFormat (/Users/andrejkoval/Dev/vivadzen/src/front/node_modules/@intlify/core-base/dist/core-base.mjs)
 @ http://0.0.0.0:3001/_nuxt/@fs/Users/andrejkoval/Dev/vivadzen/src/front/node_modules/consola/dist/browser.mjs?v=7b60de0d:47
[     847ms] [WARNING] %cssr:warn%c [intlify] Fall back to translate 'title.reviews' with root locale. 
      background: #f39c12;
      border-radius: 0.5em;
      color: white;
      font-weight: bold;
      padding: 2px 0.5em;
      
  at warn (/Users/andrejkoval/Dev/vivadzen/src/front/node_modules/@intlify/shared/dist/shared.mjs)
  at wrapWithDeps (/Users/andrejkoval/Dev/vivadzen/src/front/node_modules/vue-i18n/dist/vue-i18n.mjs)
  at t (/Users/andrejkoval/Dev/vivadzen/src/front/node_modules/vue-i18n/dist/vue-i18n.mjs)
 @ http://0.0.0.0:3001/_nuxt/@fs/Users/andrejkoval/Dev/vivadzen/src/front/node_modules/consola/dist/browser.mjs?v=7b60de0d:47
[     847ms] [WARNING] %cssr:warn%c [intlify] Not found 'title.about' key in 'en' locale messages. 
      background: #f39c12;
      border-radius: 0.5em;
      color: white;
      font-weight: bold;
      padding: 2px 0.5em;
      
  at warn (/Users/andrejkoval/Dev/vivadzen/src/front/node_modules/@intlify/shared/dist/shared.mjs)
  at handleMissing (/Users/andrejkoval/Dev/vivadzen/src/front/node_modules/@intlify/core-base/dist/core-base.mjs)
  at resolveMessageFormat (/Users/andrejkoval/Dev/vivadzen/src/front/node_modules/@intlify/core-base/dist/core-base.mjs)
 @ http://0.0.0.0:3001/_nuxt/@fs/Users/andrejkoval/Dev/vivadzen/src/front/node_modules/consola/dist/browser.mjs?v=7b60de0d:47
[     847ms] [WARNING] %cssr:warn%c [intlify] Fall back to translate 'title.about' key with 'cs' locale. 
      background: #f39c12;
      border-radius: 0.5em;
      color: white;
      font-weight: bold;
      padding: 2px 0.5em;
      
  at warn (/Users/andrejkoval/Dev/vivadzen/src/front/node_modules/@intlify/shared/dist/shared.mjs)
  at resolveMessageFormat (/Users/andrejkoval/Dev/vivadzen/src/front/node_modules/@intlify/core-base/dist/core-base.mjs)
  at translate (/Users/andrejkoval/Dev/vivadzen/src/front/node_modules/@intlify/core-base/dist/core-base.mjs)
 @ http://0.0.0.0:3001/_nuxt/@fs/Users/andrejkoval/Dev/vivadzen/src/front/node_modules/consola/dist/browser.mjs?v=7b60de0d:47
[     847ms] [WARNING] %cssr:warn%c [intlify] Not found 'title.about' key in 'cs' locale messages. 
      background: #f39c12;
      border-radius: 0.5em;
      color: white;
      font-weight: bold;
      padding: 2px 0.5em;
      
  at warn (/Users/andrejkoval/Dev/vivadzen/src/front/node_modules/@intlify/shared/dist/shared.mjs)
  at handleMissing (/Users/andrejkoval/Dev/vivadzen/src/front/node_modules/@intlify/core-base/dist/core-base.mjs)
  at resolveMessageFormat (/Users/andrejkoval/Dev/vivadzen/src/front/node_modules/@intlify/core-base/dist/core-base.mjs)
 @ http://0.0.0.0:3001/_nuxt/@fs/Users/andrejkoval/Dev/vivadzen/src/front/node_modules/consola/dist/browser.mjs?v=7b60de0d:47
[     848ms] [WARNING] %cssr:warn%c [intlify] Fall back to translate 'title.about' with root locale. 
      background: #f39c12;
      border-radius: 0.5em;
      color: white;
      font-weight: bold;
      padding: 2px 0.5em;
      
  at warn (/Users/andrejkoval/Dev/vivadzen/src/front/node_modules/@intlify/shared/dist/shared.mjs)
  at wrapWithDeps (/Users/andrejkoval/Dev/vivadzen/src/front/node_modules/vue-i18n/dist/vue-i18n.mjs)
  at t (/Users/andrejkoval/Dev/vivadzen/src/front/node_modules/vue-i18n/dist/vue-i18n.mjs)
 @ http://0.0.0.0:3001/_nuxt/@fs/Users/andrejkoval/Dev/vivadzen/src/front/node_modules/consola/dist/browser.mjs?v=7b60de0d:47
[     848ms] [WARNING] %cssr:warn%c [intlify] Not found 'title.contacts' key in 'en' locale messages. 
      background: #f39c12;
      border-radius: 0.5em;
      color: white;
      font-weight: bold;
      padding: 2px 0.5em;
      
  at warn (/Users/andrejkoval/Dev/vivadzen/src/front/node_modules/@intlify/shared/dist/shared.mjs)
  at handleMissing (/Users/andrejkoval/Dev/vivadzen/src/front/node_modules/@intlify/core-base/dist/core-base.mjs)
  at resolveMessageFormat (/Users/andrejkoval/Dev/vivadzen/src/front/node_modules/@intlify/core-base/dist/core-base.mjs)
 @ http://0.0.0.0:3001/_nuxt/@fs/Users/andrejkoval/Dev/vivadzen/src/front/node_modules/consola/dist/browser.mjs?v=7b60de0d:47
[     848ms] [WARNING] %cssr:warn%c [intlify] Fall back to translate 'title.contacts' key with 'cs' locale. 
      background: #f39c12;
      border-radius: 0.5em;
      color: white;
      font-weight: bold;
      padding: 2px 0.5em;
      
  at warn (/Users/andrejkoval/Dev/vivadzen/src/front/node_modules/@intlify/shared/dist/shared.mjs)
  at resolveMessageFormat (/Users/andrejkoval/Dev/vivadzen/src/front/node_modules/@intlify/core-base/dist/core-base.mjs)
  at translate (/Users/andrejkoval/Dev/vivadzen/src/front/node_modules/@intlify/core-base/dist/core-base.mjs)
 @ http://0.0.0.0:3001/_nuxt/@fs/Users/andrejkoval/Dev/vivadzen/src/front/node_modules/consola/dist/browser.mjs?v=7b60de0d:47
[     848ms] [WARNING] %cssr:warn%c [intlify] Not found 'title.contacts' key in 'cs' locale messages. 
      background: #f39c12;
      border-radius: 0.5em;
      color: white;
      font-weight: bold;
      padding: 2px 0.5em;
      
  at warn (/Users/andrejkoval/Dev/vivadzen/src/front/node_modules/@intlify/shared/dist/shared.mjs)
  at handleMissing (/Users/andrejkoval/Dev/vivadzen/src/front/node_modules/@intlify/core-base/dist/core-base.mjs)
  at resolveMessageFormat (/Users/andrejkoval/Dev/vivadzen/src/front/node_modules/@intlify/core-base/dist/core-base.mjs)
 @ http://0.0.0.0:3001/_nuxt/@fs/Users/andrejkoval/Dev/vivadzen/src/front/node_modules/consola/dist/browser.mjs?v=7b60de0d:47
[     848ms] [WARNING] %cssr:warn%c [intlify] Fall back to translate 'title.contacts' with root locale. 
      background: #f39c12;
      border-radius: 0.5em;
      color: white;
      font-weight: bold;
      padding: 2px 0.5em;
      
  at warn (/Users/andrejkoval/Dev/vivadzen/src/front/node_modules/@intlify/shared/dist/shared.mjs)
  at wrapWithDeps (/Users/andrejkoval/Dev/vivadzen/src/front/node_modules/vue-i18n/dist/vue-i18n.mjs)
  at t (/Users/andrejkoval/Dev/vivadzen/src/front/node_modules/vue-i18n/dist/vue-i18n.mjs)
 @ http://0.0.0.0:3001/_nuxt/@fs/Users/andrejkoval/Dev/vivadzen/src/front/node_modules/consola/dist/browser.mjs?v=7b60de0d:47
[     848ms] [WARNING] %cssr:warn%c [intlify] Not found 'logo_alt' key in 'en' locale messages. 
      background: #f39c12;
      border-radius: 0.5em;
      color: white;
      font-weight: bold;
      padding: 2px 0.5em;
      
  at warn (/Users/andrejkoval/Dev/vivadzen/src/front/node_modules/@intlify/shared/dist/shared.mjs)
  at handleMissing (/Users/andrejkoval/Dev/vivadzen/src/front/node_modules/@intlify/core-base/dist/core-base.mjs)
  at resolveMessageFormat (/Users/andrejkoval/Dev/vivadzen/src/front/node_modules/@intlify/core-base/dist/core-base.mjs)
 @ http://0.0.0.0:3001/_nuxt/@fs/Users/andrejkoval/Dev/vivadzen/src/front/node_modules/consola/dist/browser.mjs?v=7b60de0d:47
[     848ms] [WARNING] %cssr:warn%c [intlify] Fall back to translate 'logo_alt' key with 'cs' locale. 
      background: #f39c12;
      border-radius: 0.5em;
      color: white;
      font-weight: bold;
      padding: 2px 0.5em;
      
  at warn (/Users/andrejkoval/Dev/vivadzen/src/front/node_modules/@intlify/shared/dist/shared.mjs)
  at resolveMessageFormat (/Users/andrejkoval/Dev/vivadzen/src/front/node_modules/@intlify/core-base/dist/core-base.mjs)
  at translate (/Users/andrejkoval/Dev/vivadzen/src/front/node_modules/@intlify/core-base/dist/core-base.mjs)
 @ http://0.0.0.0:3001/_nuxt/@fs/Users/andrejkoval/Dev/vivadzen/src/front/node_modules/consola/dist/browser.mjs?v=7b60de0d:47
[     848ms] [WARNING] %cssr:warn%c [intlify] Not found 'logo_alt' key in 'cs' locale messages. 
      background: #f39c12;
      border-radius: 0.5em;
      color: white;
      font-weight: bold;
      padding: 2px 0.5em;
      
  at warn (/Users/andrejkoval/Dev/vivadzen/src/front/node_modules/@intlify/shared/dist/shared.mjs)
  at handleMissing (/Users/andrejkoval/Dev/vivadzen/src/front/node_modules/@intlify/core-base/dist/core-base.mjs)
  at resolveMessageFormat (/Users/andrejkoval/Dev/vivadzen/src/front/node_modules/@intlify/core-base/dist/core-base.mjs)
 @ http://0.0.0.0:3001/_nuxt/@fs/Users/andrejkoval/Dev/vivadzen/src/front/node_modules/consola/dist/browser.mjs?v=7b60de0d:47
[     848ms] [WARNING] %cssr:warn%c [intlify] Fall back to translate 'logo_alt' with root locale. 
      background: #f39c12;
      border-radius: 0.5em;
      color: white;
      font-weight: bold;
      padding: 2px 0.5em;
      
  at warn (/Users/andrejkoval/Dev/vivadzen/src/front/node_modules/@intlify/shared/dist/shared.mjs)
  at wrapWithDeps (/Users/andrejkoval/Dev/vivadzen/src/front/node_modules/vue-i18n/dist/vue-i18n.mjs)
  at Proxy.t (/Users/andrejkoval/Dev/vivadzen/src/front/node_modules/vue-i18n/dist/vue-i18n.mjs)
 @ http://0.0.0.0:3001/_nuxt/@fs/Users/andrejkoval/Dev/vivadzen/src/front/node_modules/consola/dist/browser.mjs?v=7b60de0d:47
[     848ms] [WARNING] %cssr:warn%c [intlify] Not found 'logo_alt' key in 'en' locale messages. 
      background: #f39c12;
      border-radius: 0.5em;
      color: white;
      font-weight: bold;
      padding: 2px 0.5em;
      
  at warn (/Users/andrejkoval/Dev/vivadzen/src/front/node_modules/@intlify/shared/dist/shared.mjs)
  at handleMissing (/Users/andrejkoval/Dev/vivadzen/src/front/node_modules/@intlify/core-base/dist/core-base.mjs)
  at resolveMessageFormat (/Users/andrejkoval/Dev/vivadzen/src/front/node_modules/@intlify/core-base/dist/core-base.mjs)
 @ http://0.0.0.0:3001/_nuxt/@fs/Users/andrejkoval/Dev/vivadzen/src/front/node_modules/consola/dist/browser.mjs?v=7b60de0d:47
[     848ms] [WARNING] %cssr:warn%c [intlify] Fall back to translate 'logo_alt' key with 'cs' locale. 
      background: #f39c12;
      border-radius: 0.5em;
      color: white;
      font-weight: bold;
      padding: 2px 0.5em;
      
  at warn (/Users/andrejkoval/Dev/vivadzen/src/front/node_modules/@intlify/shared/dist/shared.mjs)
  at resolveMessageFormat (/Users/andrejkoval/Dev/vivadzen/src/front/node_modules/@intlify/core-base/dist/core-base.mjs)
  at translate (/Users/andrejkoval/Dev/vivadzen/src/front/node_modules/@intlify/core-base/dist/core-base.mjs)
 @ http://0.0.0.0:3001/_nuxt/@fs/Users/andrejkoval/Dev/vivadzen/src/front/node_modules/consola/dist/browser.mjs?v=7b60de0d:47
[     848ms] [WARNING] %cssr:warn%c [intlify] Not found 'logo_alt' key in 'cs' locale messages. 
      background: #f39c12;
      border-radius: 0.5em;
      color: white;
      font-weight: bold;
      padding: 2px 0.5em;
      
  at warn (/Users/andrejkoval/Dev/vivadzen/src/front/node_modules/@intlify/shared/dist/shared.mjs)
  at handleMissing (/Users/andrejkoval/Dev/vivadzen/src/front/node_modules/@intlify/core-base/dist/core-base.mjs)
  at resolveMessageFormat (/Users/andrejkoval/Dev/vivadzen/src/front/node_modules/@intlify/core-base/dist/core-base.mjs)
 @ http://0.0.0.0:3001/_nuxt/@fs/Users/andrejkoval/Dev/vivadzen/src/front/node_modules/consola/dist/browser.mjs?v=7b60de0d:47
[     848ms] [WARNING] %cssr:warn%c [intlify] Not found 'title.cart' key in 'en' locale messages. 
      background: #f39c12;
      border-radius: 0.5em;
      color: white;
      font-weight: bold;
      padding: 2px 0.5em;
      
  at warn (/Users/andrejkoval/Dev/vivadzen/src/front/node_modules/@intlify/shared/dist/shared.mjs)
  at handleMissing (/Users/andrejkoval/Dev/vivadzen/src/front/node_modules/@intlify/core-base/dist/core-base.mjs)
  at resolveMessageFormat (/Users/andrejkoval/Dev/vivadzen/src/front/node_modules/@intlify/core-base/dist/core-base.mjs)
 @ http://0.0.0.0:3001/_nuxt/@fs/Users/andrejkoval/Dev/vivadzen/src/front/node_modules/consola/dist/browser.mjs?v=7b60de0d:47
[     848ms] [WARNING] %cssr:warn%c [intlify] Fall back to translate 'title.cart' key with 'cs' locale. 
      background: #f39c12;
      border-radius: 0.5em;
      color: white;
      font-weight: bold;
      padding: 2px 0.5em;
      
  at warn (/Users/andrejkoval/Dev/vivadzen/src/front/node_modules/@intlify/shared/dist/shared.mjs)
  at resolveMessageFormat (/Users/andrejkoval/Dev/vivadzen/src/front/node_modules/@intlify/core-base/dist/core-base.mjs)
  at translate (/Users/andrejkoval/Dev/vivadzen/src/front/node_modules/@intlify/core-base/dist/core-base.mjs)
 @ http://0.0.0.0:3001/_nuxt/@fs/Users/andrejkoval/Dev/vivadzen/src/front/node_modules/consola/dist/browser.mjs?v=7b60de0d:47
[     848ms] [WARNING] %cssr:warn%c [intlify] Not found 'title.cart' key in 'cs' locale messages. 
      background: #f39c12;
      border-radius: 0.5em;
      color: white;
      font-weight: bold;
      padding: 2px 0.5em;
      
  at warn (/Users/andrejkoval/Dev/vivadzen/src/front/node_modules/@intlify/shared/dist/shared.mjs)
  at handleMissing (/Users/andrejkoval/Dev/vivadzen/src/front/node_modules/@intlify/core-base/dist/core-base.mjs)
  at resolveMessageFormat (/Users/andrejkoval/Dev/vivadzen/src/front/node_modules/@intlify/core-base/dist/core-base.mjs)
 @ http://0.0.0.0:3001/_nuxt/@fs/Users/andrejkoval/Dev/vivadzen/src/front/node_modules/consola/dist/browser.mjs?v=7b60de0d:47
[     848ms] [WARNING] %cssr:warn%c [intlify] Fall back to translate 'title.cart' with root locale. 
      background: #f39c12;
      border-radius: 0.5em;
      color: white;
      font-weight: bold;
      padding: 2px 0.5em;
      
  at warn (/Users/andrejkoval/Dev/vivadzen/src/front/node_modules/@intlify/shared/dist/shared.mjs)
  at wrapWithDeps (/Users/andrejkoval/Dev/vivadzen/src/front/node_modules/vue-i18n/dist/vue-i18n.mjs)
  at Proxy.t (/Users/andrejkoval/Dev/vivadzen/src/front/node_modules/vue-i18n/dist/vue-i18n.mjs)
 @ http://0.0.0.0:3001/_nuxt/@fs/Users/andrejkoval/Dev/vivadzen/src/front/node_modules/consola/dist/browser.mjs?v=7b60de0d:47
[     848ms] [WARNING] %cssr:warn%c [intlify] Not found 'title.catalog' key in 'en' locale messages. 
      background: #f39c12;
      border-radius: 0.5em;
      color: white;
      font-weight: bold;
      padding: 2px 0.5em;
      
  at warn (/Users/andrejkoval/Dev/vivadzen/src/front/node_modules/@intlify/shared/dist/shared.mjs)
  at handleMissing (/Users/andrejkoval/Dev/vivadzen/src/front/node_modules/@intlify/core-base/dist/core-base.mjs)
  at resolveMessageFormat (/Users/andrejkoval/Dev/vivadzen/src/front/node_modules/@intlify/core-base/dist/core-base.mjs)
 @ http://0.0.0.0:3001/_nuxt/@fs/Users/andrejkoval/Dev/vivadzen/src/front/node_modules/consola/dist/browser.mjs?v=7b60de0d:47
[     848ms] [WARNING] %cssr:warn%c [intlify] Fall back to translate 'title.catalog' key with 'cs' locale. 
      background: #f39c12;
      border-radius: 0.5em;
      color: white;
      font-weight: bold;
      padding: 2px 0.5em;
      
  at warn (/Users/andrejkoval/Dev/vivadzen/src/front/node_modules/@intlify/shared/dist/shared.mjs)
  at resolveMessageFormat (/Users/andrejkoval/Dev/vivadzen/src/front/node_modules/@intlify/core-base/dist/core-base.mjs)
  at translate (/Users/andrejkoval/Dev/vivadzen/src/front/node_modules/@intlify/core-base/dist/core-base.mjs)
 @ http://0.0.0.0:3001/_nuxt/@fs/Users/andrejkoval/Dev/vivadzen/src/front/node_modules/consola/dist/browser.mjs?v=7b60de0d:47
[     848ms] [WARNING] %cssr:warn%c [intlify] Not found 'title.catalog' key in 'cs' locale messages. 
      background: #f39c12;
      border-radius: 0.5em;
      color: white;
      font-weight: bold;
      padding: 2px 0.5em;
      
  at warn (/Users/andrejkoval/Dev/vivadzen/src/front/node_modules/@intlify/shared/dist/shared.mjs)
  at handleMissing (/Users/andrejkoval/Dev/vivadzen/src/front/node_modules/@intlify/core-base/dist/core-base.mjs)
  at resolveMessageFormat (/Users/andrejkoval/Dev/vivadzen/src/front/node_modules/@intlify/core-base/dist/core-base.mjs)
 @ http://0.0.0.0:3001/_nuxt/@fs/Users/andrejkoval/Dev/vivadzen/src/front/node_modules/consola/dist/browser.mjs?v=7b60de0d:47
[     848ms] [WARNING] %cssr:warn%c [intlify] Fall back to translate 'title.catalog' with root locale. 
      background: #f39c12;
      border-radius: 0.5em;
      color: white;
      font-weight: bold;
      padding: 2px 0.5em;
      
  at warn (/Users/andrejkoval/Dev/vivadzen/src/front/node_modules/@intlify/shared/dist/shared.mjs)
  at wrapWithDeps (/Users/andrejkoval/Dev/vivadzen/src/front/node_modules/vue-i18n/dist/vue-i18n.mjs)
  at t (/Users/andrejkoval/Dev/vivadzen/src/front/node_modules/vue-i18n/dist/vue-i18n.mjs)
 @ http://0.0.0.0:3001/_nuxt/@fs/Users/andrejkoval/Dev/vivadzen/src/front/node_modules/consola/dist/browser.mjs?v=7b60de0d:47
[     848ms] [WARNING] %cssr:warn%c [intlify] Not found 'title.blog' key in 'en' locale messages. 
      background: #f39c12;
      border-radius: 0.5em;
      color: white;
      font-weight: bold;
      padding: 2px 0.5em;
      
  at warn (/Users/andrejkoval/Dev/vivadzen/src/front/node_modules/@intlify/shared/dist/shared.mjs)
  at handleMissing (/Users/andrejkoval/Dev/vivadzen/src/front/node_modules/@intlify/core-base/dist/core-base.mjs)
  at resolveMessageFormat (/Users/andrejkoval/Dev/vivadzen/src/front/node_modules/@intlify/core-base/dist/core-base.mjs)
 @ http://0.0.0.0:3001/_nuxt/@fs/Users/andrejkoval/Dev/vivadzen/src/front/node_modules/consola/dist/browser.mjs?v=7b60de0d:47
[     848ms] [WARNING] %cssr:warn%c [intlify] Fall back to translate 'title.blog' key with 'cs' locale. 
      background: #f39c12;
      border-radius: 0.5em;
      color: white;
      font-weight: bold;
      padding: 2px 0.5em;
      
  at warn (/Users/andrejkoval/Dev/vivadzen/src/front/node_modules/@intlify/shared/dist/shared.mjs)
  at resolveMessageFormat (/Users/andrejkoval/Dev/vivadzen/src/front/node_modules/@intlify/core-base/dist/core-base.mjs)
  at translate (/Users/andrejkoval/Dev/vivadzen/src/front/node_modules/@intlify/core-base/dist/core-base.mjs)
 @ http://0.0.0.0:3001/_nuxt/@fs/Users/andrejkoval/Dev/vivadzen/src/front/node_modules/consola/dist/browser.mjs?v=7b60de0d:47
[     848ms] [WARNING] %cssr:warn%c [intlify] Not found 'title.blog' key in 'cs' locale messages. 
      background: #f39c12;
      border-radius: 0.5em;
      color: white;
      font-weight: bold;
      padding: 2px 0.5em;
      
  at warn (/Users/andrejkoval/Dev/vivadzen/src/front/node_modules/@intlify/shared/dist/shared.mjs)
  at handleMissing (/Users/andrejkoval/Dev/vivadzen/src/front/node_modules/@intlify/core-base/dist/core-base.mjs)
  at resolveMessageFormat (/Users/andrejkoval/Dev/vivadzen/src/front/node_modules/@intlify/core-base/dist/core-base.mjs)
 @ http://0.0.0.0:3001/_nuxt/@fs/Users/andrejkoval/Dev/vivadzen/src/front/node_modules/consola/dist/browser.mjs?v=7b60de0d:47
[     848ms] [WARNING] %cssr:warn%c [intlify] Fall back to translate 'title.blog' with root locale. 
      background: #f39c12;
      border-radius: 0.5em;
      color: white;
      font-weight: bold;
      padding: 2px 0.5em;
      
  at warn (/Users/andrejkoval/Dev/vivadzen/src/front/node_modules/@intlify/shared/dist/shared.mjs)
  at wrapWithDeps (/Users/andrejkoval/Dev/vivadzen/src/front/node_modules/vue-i18n/dist/vue-i18n.mjs)
  at t (/Users/andrejkoval/Dev/vivadzen/src/front/node_modules/vue-i18n/dist/vue-i18n.mjs)
 @ http://0.0.0.0:3001/_nuxt/@fs/Users/andrejkoval/Dev/vivadzen/src/front/node_modules/consola/dist/browser.mjs?v=7b60de0d:47
[     848ms] [WARNING] %cssr:warn%c [intlify] Not found 'title.reviews' key in 'en' locale messages. 
      background: #f39c12;
      border-radius: 0.5em;
      color: white;
      font-weight: bold;
      padding: 2px 0.5em;
      
  at warn (/Users/andrejkoval/Dev/vivadzen/src/front/node_modules/@intlify/shared/dist/shared.mjs)
  at handleMissing (/Users/andrejkoval/Dev/vivadzen/src/front/node_modules/@intlify/core-base/dist/core-base.mjs)
  at resolveMessageFormat (/Users/andrejkoval/Dev/vivadzen/src/front/node_modules/@intlify/core-base/dist/core-base.mjs)
 @ http://0.0.0.0:3001/_nuxt/@fs/Users/andrejkoval/Dev/vivadzen/src/front/node_modules/consola/dist/browser.mjs?v=7b60de0d:47
[     848ms] [WARNING] %cssr:warn%c [intlify] Fall back to translate 'title.reviews' key with 'cs' locale. 
      background: #f39c12;
      border-radius: 0.5em;
      color: white;
      font-weight: bold;
      padding: 2px 0.5em;
      
  at warn (/Users/andrejkoval/Dev/vivadzen/src/front/node_modules/@intlify/shared/dist/shared.mjs)
  at resolveMessageFormat (/Users/andrejkoval/Dev/vivadzen/src/front/node_modules/@intlify/core-base/dist/core-base.mjs)
  at translate (/Users/andrejkoval/Dev/vivadzen/src/front/node_modules/@intlify/core-base/dist/core-base.mjs)
 @ http://0.0.0.0:3001/_nuxt/@fs/Users/andrejkoval/Dev/vivadzen/src/front/node_modules/consola/dist/browser.mjs?v=7b60de0d:47
[     848ms] [WARNING] %cssr:warn%c [intlify] Not found 'title.reviews' key in 'cs' locale messages. 
      background: #f39c12;
      border-radius: 0.5em;
      color: white;
      font-weight: bold;
      padding: 2px 0.5em;
      
  at warn (/Users/andrejkoval/Dev/vivadzen/src/front/node_modules/@intlify/shared/dist/shared.mjs)
  at handleMissing (/Users/andrejkoval/Dev/vivadzen/src/front/node_modules/@intlify/core-base/dist/core-base.mjs)
  at resolveMessageFormat (/Users/andrejkoval/Dev/vivadzen/src/front/node_modules/@intlify/core-base/dist/core-base.mjs)
 @ http://0.0.0.0:3001/_nuxt/@fs/Users/andrejkoval/Dev/vivadzen/src/front/node_modules/consola/dist/browser.mjs?v=7b60de0d:47
[     848ms] [WARNING] %cssr:warn%c [intlify] Fall back to translate 'title.reviews' with root locale. 
      background: #f39c12;
      border-radius: 0.5em;
      color: white;
      font-weight: bold;
      padding: 2px 0.5em;
      
  at warn (/Users/andrejkoval/Dev/vivadzen/src/front/node_modules/@intlify/shared/dist/shared.mjs)
  at wrapWithDeps (/Users/andrejkoval/Dev/vivadzen/src/front/node_modules/vue-i18n/dist/vue-i18n.mjs)
  at t (/Users/andrejkoval/Dev/vivadzen/src/front/node_modules/vue-i18n/dist/vue-i18n.mjs)
 @ http://0.0.0.0:3001/_nuxt/@fs/Users/andrejkoval/Dev/vivadzen/src/front/node_modules/consola/dist/browser.mjs?v=7b60de0d:47
[     848ms] [WARNING] %cssr:warn%c [intlify] Not found 'title.about' key in 'en' locale messages. 
      background: #f39c12;
      border-radius: 0.5em;
      color: white;
      font-weight: bold;
      padding: 2px 0.5em;
      
  at warn (/Users/andrejkoval/Dev/vivadzen/src/front/node_modules/@intlify/shared/dist/shared.mjs)
  at handleMissing (/Users/andrejkoval/Dev/vivadzen/src/front/node_modules/@intlify/core-base/dist/core-base.mjs)
  at resolveMessageFormat (/Users/andrejkoval/Dev/vivadzen/src/front/node_modules/@intlify/core-base/dist/core-base.mjs)
 @ http://0.0.0.0:3001/_nuxt/@fs/Users/andrejkoval/Dev/vivadzen/src/front/node_modules/consola/dist/browser.mjs?v=7b60de0d:47
[     848ms] [WARNING] %cssr:warn%c [intlify] Fall back to translate 'title.about' key with 'cs' locale. 
      background: #f39c12;
      border-radius: 0.5em;
      color: white;
      font-weight: bold;
      padding: 2px 0.5em;
      
  at warn (/Users/andrejkoval/Dev/vivadzen/src/front/node_modules/@intlify/shared/dist/shared.mjs)
  at resolveMessageFormat (/Users/andrejkoval/Dev/vivadzen/src/front/node_modules/@intlify/core-base/dist/core-base.mjs)
  at translate (/Users/andrejkoval/Dev/vivadzen/src/front/node_modules/@intlify/core-base/dist/core-base.mjs)
 @ http://0.0.0.0:3001/_nuxt/@fs/Users/andrejkoval/Dev/vivadzen/src/front/node_modules/consola/dist/browser.mjs?v=7b60de0d:47
[     848ms] [WARNING] %cssr:warn%c [intlify] Not found 'title.about' key in 'cs' locale messages. 
      background: #f39c12;
      border-radius: 0.5em;
      color: white;
      font-weight: bold;
      padding: 2px 0.5em;
      
  at warn (/Users/andrejkoval/Dev/vivadzen/src/front/node_modules/@intlify/shared/dist/shared.mjs)
  at handleMissing (/Users/andrejkoval/Dev/vivadzen/src/front/node_modules/@intlify/core-base/dist/core-base.mjs)
  at resolveMessageFormat (/Users/andrejkoval/Dev/vivadzen/src/front/node_modules/@intlify/core-base/dist/core-base.mjs)
 @ http://0.0.0.0:3001/_nuxt/@fs/Users/andrejkoval/Dev/vivadzen/src/front/node_modules/consola/dist/browser.mjs?v=7b60de0d:47
[     848ms] [WARNING] %cssr:warn%c [intlify] Fall back to translate 'title.about' with root locale. 
      background: #f39c12;
      border-radius: 0.5em;
      color: white;
      font-weight: bold;
      padding: 2px 0.5em;
      
  at warn (/Users/andrejkoval/Dev/vivadzen/src/front/node_modules/@intlify/shared/dist/shared.mjs)
  at wrapWithDeps (/Users/andrejkoval/Dev/vivadzen/src/front/node_modules/vue-i18n/dist/vue-i18n.mjs)
  at t (/Users/andrejkoval/Dev/vivadzen/src/front/node_modules/vue-i18n/dist/vue-i18n.mjs)
 @ http://0.0.0.0:3001/_nuxt/@fs/Users/andrejkoval/Dev/vivadzen/src/front/node_modules/consola/dist/browser.mjs?v=7b60de0d:47
[     848ms] [WARNING] %cssr:warn%c [intlify] Not found 'title.contacts' key in 'en' locale messages. 
      background: #f39c12;
      border-radius: 0.5em;
      color: white;
      font-weight: bold;
      padding: 2px 0.5em;
      
  at warn (/Users/andrejkoval/Dev/vivadzen/src/front/node_modules/@intlify/shared/dist/shared.mjs)
  at handleMissing (/Users/andrejkoval/Dev/vivadzen/src/front/node_modules/@intlify/core-base/dist/core-base.mjs)
  at resolveMessageFormat (/Users/andrejkoval/Dev/vivadzen/src/front/node_modules/@intlify/core-base/dist/core-base.mjs)
 @ http://0.0.0.0:3001/_nuxt/@fs/Users/andrejkoval/Dev/vivadzen/src/front/node_modules/consola/dist/browser.mjs?v=7b60de0d:47
[     848ms] [WARNING] %cssr:warn%c [intlify] Fall back to translate 'title.contacts' key with 'cs' locale. 
      background: #f39c12;
      border-radius: 0.5em;
      color: white;
      font-weight: bold;
      padding: 2px 0.5em;
      
  at warn (/Users/andrejkoval/Dev/vivadzen/src/front/node_modules/@intlify/shared/dist/shared.mjs)
  at resolveMessageFormat (/Users/andrejkoval/Dev/vivadzen/src/front/node_modules/@intlify/core-base/dist/core-base.mjs)
  at translate (/Users/andrejkoval/Dev/vivadzen/src/front/node_modules/@intlify/core-base/dist/core-base.mjs)
 @ http://0.0.0.0:3001/_nuxt/@fs/Users/andrejkoval/Dev/vivadzen/src/front/node_modules/consola/dist/browser.mjs?v=7b60de0d:47
[     848ms] [WARNING] %cssr:warn%c [intlify] Not found 'title.contacts' key in 'cs' locale messages. 
      background: #f39c12;
      border-radius: 0.5em;
      color: white;
      font-weight: bold;
      padding: 2px 0.5em;
      
  at warn (/Users/andrejkoval/Dev/vivadzen/src/front/node_modules/@intlify/shared/dist/shared.mjs)
  at handleMissing (/Users/andrejkoval/Dev/vivadzen/src/front/node_modules/@intlify/core-base/dist/core-base.mjs)
  at resolveMessageFormat (/Users/andrejkoval/Dev/vivadzen/src/front/node_modules/@intlify/core-base/dist/core-base.mjs)
 @ http://0.0.0.0:3001/_nuxt/@fs/Users/andrejkoval/Dev/vivadzen/src/front/node_modules/consola/dist/browser.mjs?v=7b60de0d:47
[     848ms] [WARNING] %cssr:warn%c [intlify] Fall back to translate 'title.contacts' with root locale. 
      background: #f39c12;
      border-radius: 0.5em;
      color: white;
      font-weight: bold;
      padding: 2px 0.5em;
      
  at warn (/Users/andrejkoval/Dev/vivadzen/src/front/node_modules/@intlify/shared/dist/shared.mjs)
  at wrapWithDeps (/Users/andrejkoval/Dev/vivadzen/src/front/node_modules/vue-i18n/dist/vue-i18n.mjs)
  at t (/Users/andrejkoval/Dev/vivadzen/src/front/node_modules/vue-i18n/dist/vue-i18n.mjs)
 @ http://0.0.0.0:3001/_nuxt/@fs/Users/andrejkoval/Dev/vivadzen/src/front/node_modules/consola/dist/browser.mjs?v=7b60de0d:47
[     848ms] [WARNING] %cssr:warn%c [intlify] Not found parent scope. use the global scope. 
      background: #f39c12;
      border-radius: 0.5em;
      color: white;
      font-weight: bold;
      padding: 2px 0.5em;
      
  at warn (/Users/andrejkoval/Dev/vivadzen/src/front/node_modules/@intlify/shared/dist/shared.mjs)
  at useI18n (/Users/andrejkoval/Dev/vivadzen/src/front/node_modules/vue-i18n/dist/vue-i18n.mjs)
  at setup (/Users/andrejkoval/Dev/vivadzen/src/front/node_modules/vue-i18n/dist/vue-i18n.mjs)
 @ http://0.0.0.0:3001/_nuxt/@fs/Users/andrejkoval/Dev/vivadzen/src/front/node_modules/consola/dist/browser.mjs?v=7b60de0d:47
[     848ms] [WARNING] %cssr:warn%c [intlify] Not found parent scope. use the global scope. 
      background: #f39c12;
      border-radius: 0.5em;
      color: white;
      font-weight: bold;
      padding: 2px 0.5em;
      
  at warn (/Users/andrejkoval/Dev/vivadzen/src/front/node_modules/@intlify/shared/dist/shared.mjs)
  at useI18n (/Users/andrejkoval/Dev/vivadzen/src/front/node_modules/vue-i18n/dist/vue-i18n.mjs)
  at setup (/Users/andrejkoval/Dev/vivadzen/src/front/node_modules/vue-i18n/dist/vue-i18n.mjs)
 @ http://0.0.0.0:3001/_nuxt/@fs/Users/andrejkoval/Dev/vivadzen/src/front/node_modules/consola/dist/browser.mjs?v=7b60de0d:47
[     848ms] [WARNING] %cssr:warn%c [intlify] Not found parent scope. use the global scope. 
      background: #f39c12;
      border-radius: 0.5em;
      color: white;
      font-weight: bold;
      padding: 2px 0.5em;
      
  at warn (/Users/andrejkoval/Dev/vivadzen/src/front/node_modules/@intlify/shared/dist/shared.mjs)
  at useI18n (/Users/andrejkoval/Dev/vivadzen/src/front/node_modules/vue-i18n/dist/vue-i18n.mjs)
  at setup (/Users/andrejkoval/Dev/vivadzen/src/front/node_modules/vue-i18n/dist/vue-i18n.mjs)
 @ http://0.0.0.0:3001/_nuxt/@fs/Users/andrejkoval/Dev/vivadzen/src/front/node_modules/consola/dist/browser.mjs?v=7b60de0d:47
[     848ms] [WARNING] %cssr:warn%c [intlify] Not found parent scope. use the global scope. 
      background: #f39c12;
      border-radius: 0.5em;
      color: white;
      font-weight: bold;
      padding: 2px 0.5em;
      
  at warn (/Users/andrejkoval/Dev/vivadzen/src/front/node_modules/@intlify/shared/dist/shared.mjs)
  at useI18n (/Users/andrejkoval/Dev/vivadzen/src/front/node_modules/vue-i18n/dist/vue-i18n.mjs)
  at setup (/Users/andrejkoval/Dev/vivadzen/src/front/node_modules/vue-i18n/dist/vue-i18n.mjs)
 @ http://0.0.0.0:3001/_nuxt/@fs/Users/andrejkoval/Dev/vivadzen/src/front/node_modules/consola/dist/browser.mjs?v=7b60de0d:47
[     848ms] [WARNING] %cssr:warn%c [intlify] Not found parent scope. use the global scope. 
      background: #f39c12;
      border-radius: 0.5em;
      color: white;
      font-weight: bold;
      padding: 2px 0.5em;
      
  at warn (/Users/andrejkoval/Dev/vivadzen/src/front/node_modules/@intlify/shared/dist/shared.mjs)
  at useI18n (/Users/andrejkoval/Dev/vivadzen/src/front/node_modules/vue-i18n/dist/vue-i18n.mjs)
  at setup (/Users/andrejkoval/Dev/vivadzen/src/front/node_modules/vue-i18n/dist/vue-i18n.mjs)
 @ http://0.0.0.0:3001/_nuxt/@fs/Users/andrejkoval/Dev/vivadzen/src/front/node_modules/consola/dist/browser.mjs?v=7b60de0d:47
[     848ms] [WARNING] %cssr:warn%c [intlify] Not found parent scope. use the global scope. 
      background: #f39c12;
      border-radius: 0.5em;
      color: white;
      font-weight: bold;
      padding: 2px 0.5em;
      
  at timeLogImpl (node:internal/console/constructor)
  at node:internal/console/constructor
  at timeLogImpl (node:internal/util/debuglog)
 @ http://0.0.0.0:3001/_nuxt/@fs/Users/andrejkoval/Dev/vivadzen/src/front/node_modules/consola/dist/browser.mjs?v=7b60de0d:47
[     848ms] [LOG] %cssr%c %s: %s 
      background: #7f8c8d;
      border-radius: 0.5em;
      color: white;
      font-weight: bold;
      padding: 2px 0.5em;
      [nuxt-app] app:rendered 0.154ms 
  at timeLogImpl (node:internal/console/constructor)
  at node:internal/console/constructor
  at timeLogImpl (node:internal/util/debuglog)
 @ http://0.0.0.0:3001/_nuxt/@fs/Users/andrejkoval/Dev/vivadzen/src/front/node_modules/consola/dist/browser.mjs?v=7b60de0d:47
[     848ms] [LOG] %cssr%c %s: %s 
      background: #7f8c8d;
      border-radius: 0.5em;
      color: white;
      font-weight: bold;
      padding: 2px 0.5em;
      [nuxt-app] schema-org:meta 0.005ms 
  at timeLogImpl (node:internal/console/constructor)
  at node:internal/console/constructor
  at timeLogImpl (node:internal/util/debuglog)
 @ http://0.0.0.0:3001/_nuxt/@fs/Users/andrejkoval/Dev/vivadzen/src/front/node_modules/consola/dist/browser.mjs?v=7b60de0d:47
[     849ms] [LOG] [nuxt-app] dev:ssr-logs: 1.99609375 ms [Array(67)] @ http://0.0.0.0:3001/_nuxt/@fs/Users/andrejkoval/Dev/vivadzen/src/front/node_modules/hookable/dist/index.mjs?v=7b60de0d:271
[     857ms] [LOG] [nuxt-app] page:loading:start: 0.09912109375 ms [] @ http://0.0.0.0:3001/_nuxt/@fs/Users/andrejkoval/Dev/vivadzen/src/front/node_modules/hookable/dist/index.mjs?v=7b60de0d:271
[     873ms] [WARNING] Timer '[nuxt-app] i18n:beforeLocaleSwitch' already exists @ http://0.0.0.0:3001/_nuxt/@fs/Users/andrejkoval/Dev/vivadzen/src/front/node_modules/hookable/dist/index.mjs?v=7b60de0d:261
[     873ms] [LOG] [nuxt-app] i18n:beforeLocaleSwitch: 32.804931640625 ms [Object] @ http://0.0.0.0:3001/_nuxt/@fs/Users/andrejkoval/Dev/vivadzen/src/front/node_modules/hookable/dist/index.mjs?v=7b60de0d:271
[     874ms] [LOG] [nuxt-app] app:created: 17.09716796875 ms [Object] @ http://0.0.0.0:3001/_nuxt/@fs/Users/andrejkoval/Dev/vivadzen/src/front/node_modules/hookable/dist/index.mjs?v=7b60de0d:271
[     874ms] [LOG] [nuxt-app] app:beforeMount: 0.015869140625 ms [Object] @ http://0.0.0.0:3001/_nuxt/@fs/Users/andrejkoval/Dev/vivadzen/src/front/node_modules/hookable/dist/index.mjs?v=7b60de0d:271
[     875ms] [LOG] [nuxt-app] vue:setup: 0.262939453125 ms [] @ http://0.0.0.0:3001/_nuxt/@fs/Users/andrejkoval/Dev/vivadzen/src/front/node_modules/hookable/dist/index.mjs?v=7b60de0d:271
[     876ms] [INFO] <Suspense> is an experimental feature and its API will likely change. @ http://0.0.0.0:3001/_nuxt/@fs/Users/andrejkoval/Dev/vivadzen/src/front/node_modules/@vue/runtime-core/dist/runtime-core.esm-bundler.js?v=7b60de0d:7155
[     878ms] [LOG] [nuxt-app] app:mounted: 0.072998046875 ms [Object] @ http://0.0.0.0:3001/_nuxt/@fs/Users/andrejkoval/Dev/vivadzen/src/front/node_modules/hookable/dist/index.mjs?v=7b60de0d:271
[     878ms] [LOG] [Content] WS connect to ws://localhost:4000/ws @ http://0.0.0.0:3001/_nuxt/@fs/Users/andrejkoval/Dev/vivadzen/src/front/node_modules/@nuxt/content/dist/runtime/composables/web-socket.js?v=7b60de0d:4
[     949ms] [LOG] [Content] WS connected! @ http://0.0.0.0:3001/_nuxt/@fs/Users/andrejkoval/Dev/vivadzen/src/front/node_modules/@nuxt/content/dist/runtime/composables/web-socket.js?v=7b60de0d:4
[     956ms] [WARNING] [intlify] Not found 'title.catalog' key in 'en' locale messages. @ http://0.0.0.0:3001/_nuxt/node_modules/.cache/vite/client/deps/chunk-LY4OWT6B.js?v=7b60de0d:3
[     956ms] [WARNING] [intlify] Fall back to translate 'title.catalog' key with 'cs' locale. @ http://0.0.0.0:3001/_nuxt/node_modules/.cache/vite/client/deps/chunk-LY4OWT6B.js?v=7b60de0d:3
[     956ms] [WARNING] [intlify] Not found 'title.catalog' key in 'cs' locale messages. @ http://0.0.0.0:3001/_nuxt/node_modules/.cache/vite/client/deps/chunk-LY4OWT6B.js?v=7b60de0d:3
[     956ms] [WARNING] [intlify] Fall back to translate 'title.catalog' with root locale. @ http://0.0.0.0:3001/_nuxt/node_modules/.cache/vite/client/deps/chunk-LY4OWT6B.js?v=7b60de0d:3
[     957ms] [WARNING] [intlify] Not found 'title.blog' key in 'en' locale messages. @ http://0.0.0.0:3001/_nuxt/node_modules/.cache/vite/client/deps/chunk-LY4OWT6B.js?v=7b60de0d:3
[     957ms] [WARNING] [intlify] Fall back to translate 'title.blog' key with 'cs' locale. @ http://0.0.0.0:3001/_nuxt/node_modules/.cache/vite/client/deps/chunk-LY4OWT6B.js?v=7b60de0d:3
[     957ms] [WARNING] [intlify] Not found 'title.blog' key in 'cs' locale messages. @ http://0.0.0.0:3001/_nuxt/node_modules/.cache/vite/client/deps/chunk-LY4OWT6B.js?v=7b60de0d:3
[     957ms] [WARNING] [intlify] Fall back to translate 'title.blog' with root locale. @ http://0.0.0.0:3001/_nuxt/node_modules/.cache/vite/client/deps/chunk-LY4OWT6B.js?v=7b60de0d:3
[     957ms] [WARNING] [intlify] Not found 'title.reviews' key in 'en' locale messages. @ http://0.0.0.0:3001/_nuxt/node_modules/.cache/vite/client/deps/chunk-LY4OWT6B.js?v=7b60de0d:3
[     957ms] [WARNING] [intlify] Fall back to translate 'title.reviews' key with 'cs' locale. @ http://0.0.0.0:3001/_nuxt/node_modules/.cache/vite/client/deps/chunk-LY4OWT6B.js?v=7b60de0d:3
[     957ms] [WARNING] [intlify] Not found 'title.reviews' key in 'cs' locale messages. @ http://0.0.0.0:3001/_nuxt/node_modules/.cache/vite/client/deps/chunk-LY4OWT6B.js?v=7b60de0d:3
[     957ms] [WARNING] [intlify] Fall back to translate 'title.reviews' with root locale. @ http://0.0.0.0:3001/_nuxt/node_modules/.cache/vite/client/deps/chunk-LY4OWT6B.js?v=7b60de0d:3
[     957ms] [WARNING] [intlify] Not found 'title.about' key in 'en' locale messages. @ http://0.0.0.0:3001/_nuxt/node_modules/.cache/vite/client/deps/chunk-LY4OWT6B.js?v=7b60de0d:3
[     957ms] [WARNING] [intlify] Fall back to translate 'title.about' key with 'cs' locale. @ http://0.0.0.0:3001/_nuxt/node_modules/.cache/vite/client/deps/chunk-LY4OWT6B.js?v=7b60de0d:3
[     957ms] [WARNING] [intlify] Not found 'title.about' key in 'cs' locale messages. @ http://0.0.0.0:3001/_nuxt/node_modules/.cache/vite/client/deps/chunk-LY4OWT6B.js?v=7b60de0d:3
[     957ms] [WARNING] [intlify] Fall back to translate 'title.about' with root locale. @ http://0.0.0.0:3001/_nuxt/node_modules/.cache/vite/client/deps/chunk-LY4OWT6B.js?v=7b60de0d:3
[     958ms] [WARNING] [intlify] Not found 'title.contacts' key in 'en' locale messages. @ http://0.0.0.0:3001/_nuxt/node_modules/.cache/vite/client/deps/chunk-LY4OWT6B.js?v=7b60de0d:3
[     958ms] [WARNING] [intlify] Fall back to translate 'title.contacts' key with 'cs' locale. @ http://0.0.0.0:3001/_nuxt/node_modules/.cache/vite/client/deps/chunk-LY4OWT6B.js?v=7b60de0d:3
[     958ms] [WARNING] [intlify] Not found 'title.contacts' key in 'cs' locale messages. @ http://0.0.0.0:3001/_nuxt/node_modules/.cache/vite/client/deps/chunk-LY4OWT6B.js?v=7b60de0d:3
[     958ms] [WARNING] [intlify] Fall back to translate 'title.contacts' with root locale. @ http://0.0.0.0:3001/_nuxt/node_modules/.cache/vite/client/deps/chunk-LY4OWT6B.js?v=7b60de0d:3
[     958ms] [WARNING] [intlify] Not found 'logo_alt' key in 'en' locale messages. @ http://0.0.0.0:3001/_nuxt/node_modules/.cache/vite/client/deps/chunk-LY4OWT6B.js?v=7b60de0d:3
[     958ms] [WARNING] [intlify] Fall back to translate 'logo_alt' key with 'cs' locale. @ http://0.0.0.0:3001/_nuxt/node_modules/.cache/vite/client/deps/chunk-LY4OWT6B.js?v=7b60de0d:3
[     959ms] [WARNING] [intlify] Not found 'logo_alt' key in 'cs' locale messages. @ http://0.0.0.0:3001/_nuxt/node_modules/.cache/vite/client/deps/chunk-LY4OWT6B.js?v=7b60de0d:3
[     959ms] [WARNING] [intlify] Fall back to translate 'logo_alt' with root locale. @ http://0.0.0.0:3001/_nuxt/node_modules/.cache/vite/client/deps/chunk-LY4OWT6B.js?v=7b60de0d:3
[     959ms] [WARNING] [intlify] Not found 'logo_alt' key in 'en' locale messages. @ http://0.0.0.0:3001/_nuxt/node_modules/.cache/vite/client/deps/chunk-LY4OWT6B.js?v=7b60de0d:3
[     959ms] [WARNING] [intlify] Fall back to translate 'logo_alt' key with 'cs' locale. @ http://0.0.0.0:3001/_nuxt/node_modules/.cache/vite/client/deps/chunk-LY4OWT6B.js?v=7b60de0d:3
[     959ms] [WARNING] [intlify] Not found 'logo_alt' key in 'cs' locale messages. @ http://0.0.0.0:3001/_nuxt/node_modules/.cache/vite/client/deps/chunk-LY4OWT6B.js?v=7b60de0d:3
[     960ms] [WARNING] [intlify] Not found 'title.cart' key in 'en' locale messages. @ http://0.0.0.0:3001/_nuxt/node_modules/.cache/vite/client/deps/chunk-LY4OWT6B.js?v=7b60de0d:3
[     960ms] [WARNING] [intlify] Fall back to translate 'title.cart' key with 'cs' locale. @ http://0.0.0.0:3001/_nuxt/node_modules/.cache/vite/client/deps/chunk-LY4OWT6B.js?v=7b60de0d:3
[     960ms] [WARNING] [intlify] Not found 'title.cart' key in 'cs' locale messages. @ http://0.0.0.0:3001/_nuxt/node_modules/.cache/vite/client/deps/chunk-LY4OWT6B.js?v=7b60de0d:3
[     960ms] [WARNING] [intlify] Fall back to translate 'title.cart' with root locale. @ http://0.0.0.0:3001/_nuxt/node_modules/.cache/vite/client/deps/chunk-LY4OWT6B.js?v=7b60de0d:3
[     964ms] [WARNING] [Vue warn]: Hydration style mismatch on JSHandle@node 
  - rendered on server: style="width:1em;height:1em;--c613ce94-iconUrl:url('https://api.iconify.design/iconoir/nav-arrow-down.svg');"
  - expected on client: style="width:1em;height:1em;"
  Note: this mismatch is check-only. The DOM will not be rectified in production due to performance overhead.
  You should fix the source of the mismatch. 
  at <IconCSS key=0 name="iconoir:nav-arrow-down" class="hero-header__nav-link-icon" > 
  at <RouterLink ref=fn to="/en/catalog" activeClass=undefined  ... > 
  at <NuxtLink to="/en/catalog" class="hero-header__nav-link hero-header__nav-link--catalog" onClick=fn > 
  at <Header> 
  at <Body style= {background: #f8f1e6} > 
  at <Html lang="en-US" dir="ltr" > 
  at <Default ref=Ref< undefined > > 
  at <AsyncComponentWrapper ref=Ref< undefined > > 
  at <LayoutLoader key="default" layoutProps= {ref: RefImpl} name="default" > 
  at <NuxtLayoutProvider layoutProps= {ref: RefImpl} key="default" name="default"  ... > 
  at <NuxtLayout> 
  at <App key=4 > 
  at <NuxtRoot> @ http://0.0.0.0:3001/_nuxt/@fs/Users/andrejkoval/Dev/vivadzen/src/front/node_modules/@vue/runtime-core/dist/runtime-core.esm-bundler.js?v=7b60de0d:49
[     965ms] [ERROR] Hydration completed but contains mismatches. @ http://0.0.0.0:3001/_nuxt/@fs/Users/andrejkoval/Dev/vivadzen/src/front/node_modules/@vue/runtime-core/dist/runtime-core.esm-bundler.js?v=7b60de0d:1847
[     966ms] [WARNING] [Vue warn]: Hydration style mismatch on JSHandle@node 
  - rendered on server: style="width:1em;height:1em;--c613ce94-iconUrl:url('https://api.iconify.design/iconoir/nav-arrow-down.svg');"
  - expected on client: style="width:1em;height:1em;"
  Note: this mismatch is check-only. The DOM will not be rectified in production due to performance overhead.
  You should fix the source of the mismatch. 
  at <IconCSS name="iconoir:nav-arrow-down" class="lang-switcher__chevron" > 
  at <Header> 
  at <Body style= {background: #f8f1e6} > 
  at <Html lang="en-US" dir="ltr" > 
  at <Default ref=Ref< undefined > > 
  at <AsyncComponentWrapper ref=Ref< undefined > > 
  at <LayoutLoader key="default" layoutProps= {ref: RefImpl} name="default" > 
  at <NuxtLayoutProvider layoutProps= {ref: RefImpl} key="default" name="default"  ... > 
  at <NuxtLayout> 
  at <App key=4 > 
  at <NuxtRoot> @ http://0.0.0.0:3001/_nuxt/@fs/Users/andrejkoval/Dev/vivadzen/src/front/node_modules/@vue/runtime-core/dist/runtime-core.esm-bundler.js?v=7b60de0d:49
[     967ms] [WARNING] [Vue warn]: Hydration style mismatch on JSHandle@node 
  - rendered on server: style="width:1em;height:1em;--c613ce94-iconUrl:url('https://api.iconify.design/ci/shopping-cart-01.svg');"
  - expected on client: style="width:1em;height:1em;"
  Note: this mismatch is check-only. The DOM will not be rectified in production due to performance overhead.
  You should fix the source of the mismatch. 
  at <IconCSS name="ci:shopping-cart-01" class="hero-header__cart-icon" > 
  at <Header> 
  at <Body style= {background: #f8f1e6} > 
  at <Html lang="en-US" dir="ltr" > 
  at <Default ref=Ref< undefined > > 
  at <AsyncComponentWrapper ref=Ref< undefined > > 
  at <LayoutLoader key="default" layoutProps= {ref: RefImpl} name="default" > 
  at <NuxtLayoutProvider layoutProps= {ref: RefImpl} key="default" name="default"  ... > 
  at <NuxtLayout> 
  at <App key=4 > 
  at <NuxtRoot> @ http://0.0.0.0:3001/_nuxt/@fs/Users/andrejkoval/Dev/vivadzen/src/front/node_modules/@vue/runtime-core/dist/runtime-core.esm-bundler.js?v=7b60de0d:49
[     968ms] [WARNING] [Vue warn]: Hydration style mismatch on JSHandle@node 
  - rendered on server: style="width:1em;height:1em;--c613ce94-iconUrl:url('https://api.iconify.design/mynaui/telephone-call.svg');"
  - expected on client: style="width:1em;height:1em;"
  Note: this mismatch is check-only. The DOM will not be rectified in production due to performance overhead.
  You should fix the source of the mismatch. 
  at <IconCSS name="mynaui:telephone-call" class="hero-mobile-menu__contact-icon" > 
  at <Header> 
  at <Body style= {background: #f8f1e6} > 
  at <Html lang="en-US" dir="ltr" > 
  at <Default ref=Ref< undefined > > 
  at <AsyncComponentWrapper ref=Ref< undefined > > 
  at <LayoutLoader key="default" layoutProps= {ref: RefImpl} name="default" > 
  at <NuxtLayoutProvider layoutProps= {ref: RefImpl} key="default" name="default"  ... > 
  at <NuxtLayout> 
  at <App key=4 > 
  at <NuxtRoot> @ http://0.0.0.0:3001/_nuxt/@fs/Users/andrejkoval/Dev/vivadzen/src/front/node_modules/@vue/runtime-core/dist/runtime-core.esm-bundler.js?v=7b60de0d:49
[     968ms] [WARNING] [Vue warn]: Hydration style mismatch on JSHandle@node 
  - rendered on server: style="width:1em;height:1em;--c613ce94-iconUrl:url('https://api.iconify.design/ic/round-alternate-email.svg');"
  - expected on client: style="width:1em;height:1em;"
  Note: this mismatch is check-only. The DOM will not be rectified in production due to performance overhead.
  You should fix the source of the mismatch. 
  at <IconCSS name="ic:round-alternate-email" class="hero-mobile-menu__contact-icon" > 
  at <Header> 
  at <Body style= {background: #f8f1e6} > 
  at <Html lang="en-US" dir="ltr" > 
  at <Default ref=Ref< undefined > > 
  at <AsyncComponentWrapper ref=Ref< undefined > > 
  at <LayoutLoader key="default" layoutProps= {ref: RefImpl} name="default" > 
  at <NuxtLayoutProvider layoutProps= {ref: RefImpl} key="default" name="default"  ... > 
  at <NuxtLayout> 
  at <App key=4 > 
  at <NuxtRoot> @ http://0.0.0.0:3001/_nuxt/@fs/Users/andrejkoval/Dev/vivadzen/src/front/node_modules/@vue/runtime-core/dist/runtime-core.esm-bundler.js?v=7b60de0d:49
[     968ms] [WARNING] [Vue warn]: Hydration style mismatch on JSHandle@node 
  - rendered on server: style="width:1em;height:1em;--c613ce94-iconUrl:url('https://api.iconify.design/mynaui/location.svg');"
  - expected on client: style="width:1em;height:1em;"
  Note: this mismatch is check-only. The DOM will not be rectified in production due to performance overhead.
  You should fix the source of the mismatch. 
  at <IconCSS name="mynaui:location" class="hero-mobile-menu__contact-icon" > 
  at <Header> 
  at <Body style= {background: #f8f1e6} > 
  at <Html lang="en-US" dir="ltr" > 
  at <Default ref=Ref< undefined > > 
  at <AsyncComponentWrapper ref=Ref< undefined > > 
  at <LayoutLoader key="default" layoutProps= {ref: RefImpl} name="default" > 
  at <NuxtLayoutProvider layoutProps= {ref: RefImpl} key="default" name="default"  ... > 
  at <NuxtLayout> 
  at <App key=4 > 
  at <NuxtRoot> @ http://0.0.0.0:3001/_nuxt/@fs/Users/andrejkoval/Dev/vivadzen/src/front/node_modules/@vue/runtime-core/dist/runtime-core.esm-bundler.js?v=7b60de0d:49
[     968ms] [WARNING] [Vue warn]: Hydration style mismatch on JSHandle@node 
  - rendered on server: style="width:1em;height:1em;--c613ce94-iconUrl:url('https://api.iconify.design/mynaui/clock-4.svg');"
  - expected on client: style="width:1em;height:1em;"
  Note: this mismatch is check-only. The DOM will not be rectified in production due to performance overhead.
  You should fix the source of the mismatch. 
  at <IconCSS name="mynaui:clock-4" class="hero-mobile-menu__contact-icon" > 
  at <Header> 
  at <Body style= {background: #f8f1e6} > 
  at <Html lang="en-US" dir="ltr" > 
  at <Default ref=Ref< undefined > > 
  at <AsyncComponentWrapper ref=Ref< undefined > > 
  at <LayoutLoader key="default" layoutProps= {ref: RefImpl} name="default" > 
  at <NuxtLayoutProvider layoutProps= {ref: RefImpl} key="default" name="default"  ... > 
  at <NuxtLayout> 
  at <App key=4 > 
  at <NuxtRoot> @ http://0.0.0.0:3001/_nuxt/@fs/Users/andrejkoval/Dev/vivadzen/src/front/node_modules/@vue/runtime-core/dist/runtime-core.esm-bundler.js?v=7b60de0d:49
[     972ms] [WARNING] [Vue warn]: Hydration style mismatch on JSHandle@node 
  - rendered on server: style="width:24px;height:24px;--c613ce94-iconUrl:url('https://api.iconify.design/emojione/flag-for-ukraine.svg');"
  - expected on client: style="width:24px;height:24px;"
  Note: this mismatch is check-only. The DOM will not be rectified in production due to performance overhead.
  You should fix the source of the mismatch. 
  at <IconCSS name="emojione:flag-for-ukraine" size="24" > 
  at <RegionSwitcher class="site-footer__region-switcher" > 
  at <SiteFooter> 
  at <Body style= {background: #f8f1e6} > 
  at <Html lang="en-US" dir="ltr" > 
  at <Default ref=Ref< undefined > > 
  at <AsyncComponentWrapper ref=Ref< undefined > > 
  at <LayoutLoader key="default" layoutProps= {ref: RefImpl} name="default" > 
  at <NuxtLayoutProvider layoutProps= {ref: RefImpl} key="default" name="default"  ... > 
  at <NuxtLayout> 
  at <App key=4 > 
  at <NuxtRoot> @ http://0.0.0.0:3001/_nuxt/@fs/Users/andrejkoval/Dev/vivadzen/src/front/node_modules/@vue/runtime-core/dist/runtime-core.esm-bundler.js?v=7b60de0d:49
[     973ms] [WARNING] [Vue warn]: Hydration style mismatch on JSHandle@node 
  - rendered on server: style="width:18px;height:18px;--c613ce94-iconUrl:url('https://api.iconify.design/ph/arrow-up-right.svg');"
  - expected on client: style="width:18px;height:18px;"
  Note: this mismatch is check-only. The DOM will not be rectified in production due to performance overhead.
  You should fix the source of the mismatch. 
  at <IconCSS name="ph:arrow-up-right" size="18" class="kratom-region-switcher__arrow" > 
  at <RegionSwitcher class="site-footer__region-switcher" > 
  at <SiteFooter> 
  at <Body style= {background: #f8f1e6} > 
  at <Html lang="en-US" dir="ltr" > 
  at <Default ref=Ref< undefined > > 
  at <AsyncComponentWrapper ref=Ref< undefined > > 
  at <LayoutLoader key="default" layoutProps= {ref: RefImpl} name="default" > 
  at <NuxtLayoutProvider layoutProps= {ref: RefImpl} key="default" name="default"  ... > 
  at <NuxtLayout> 
  at <App key=4 > 
  at <NuxtRoot> @ http://0.0.0.0:3001/_nuxt/@fs/Users/andrejkoval/Dev/vivadzen/src/front/node_modules/@vue/runtime-core/dist/runtime-core.esm-bundler.js?v=7b60de0d:49
[     973ms] [WARNING] [Vue warn]: Hydration style mismatch on JSHandle@node 
  - rendered on server: style="width:24px;height:24px;--c613ce94-iconUrl:url('https://api.iconify.design/emojione/flag-for-spain.svg');"
  - expected on client: style="width:24px;height:24px;"
  Note: this mismatch is check-only. The DOM will not be rectified in production due to performance overhead.
  You should fix the source of the mismatch. 
  at <IconCSS name="emojione:flag-for-spain" size="24" > 
  at <RegionSwitcher class="site-footer__region-switcher" > 
  at <SiteFooter> 
  at <Body style= {background: #f8f1e6} > 
  at <Html lang="en-US" dir="ltr" > 
  at <Default ref=Ref< undefined > > 
  at <AsyncComponentWrapper ref=Ref< undefined > > 
  at <LayoutLoader key="default" layoutProps= {ref: RefImpl} name="default" > 
  at <NuxtLayoutProvider layoutProps= {ref: RefImpl} key="default" name="default"  ... > 
  at <NuxtLayout> 
  at <App key=4 > 
  at <NuxtRoot> @ http://0.0.0.0:3001/_nuxt/@fs/Users/andrejkoval/Dev/vivadzen/src/front/node_modules/@vue/runtime-core/dist/runtime-core.esm-bundler.js?v=7b60de0d:49
[     973ms] [WARNING] [Vue warn]: Hydration style mismatch on JSHandle@node 
  - rendered on server: style="width:18px;height:18px;--c613ce94-iconUrl:url('https://api.iconify.design/ph/arrow-up-right.svg');"
  - expected on client: style="width:18px;height:18px;"
  Note: this mismatch is check-only. The DOM will not be rectified in production due to performance overhead.
  You should fix the source of the mismatch. 
  at <IconCSS name="ph:arrow-up-right" size="18" class="kratom-region-switcher__arrow" > 
  at <RegionSwitcher class="site-footer__region-switcher" > 
  at <SiteFooter> 
  at <Body style= {background: #f8f1e6} > 
  at <Html lang="en-US" dir="ltr" > 
  at <Default ref=Ref< undefined > > 
  at <AsyncComponentWrapper ref=Ref< undefined > > 
  at <LayoutLoader key="default" layoutProps= {ref: RefImpl} name="default" > 
  at <NuxtLayoutProvider layoutProps= {ref: RefImpl} key="default" name="default"  ... > 
  at <NuxtLayout> 
  at <App key=4 > 
  at <NuxtRoot> @ http://0.0.0.0:3001/_nuxt/@fs/Users/andrejkoval/Dev/vivadzen/src/front/node_modules/@vue/runtime-core/dist/runtime-core.esm-bundler.js?v=7b60de0d:49
[     973ms] [WARNING] [Vue warn]: Hydration style mismatch on JSHandle@node 
  - rendered on server: style="width:24px;height:24px;--c613ce94-iconUrl:url('https://api.iconify.design/emojione/flag-for-germany.svg');"
  - expected on client: style="width:24px;height:24px;"
  Note: this mismatch is check-only. The DOM will not be rectified in production due to performance overhead.
  You should fix the source of the mismatch. 
  at <IconCSS name="emojione:flag-for-germany" size="24" > 
  at <RegionSwitcher class="site-footer__region-switcher" > 
  at <SiteFooter> 
  at <Body style= {background: #f8f1e6} > 
  at <Html lang="en-US" dir="ltr" > 
  at <Default ref=Ref< undefined > > 
  at <AsyncComponentWrapper ref=Ref< undefined > > 
  at <LayoutLoader key="default" layoutProps= {ref: RefImpl} name="default" > 
  at <NuxtLayoutProvider layoutProps= {ref: RefImpl} key="default" name="default"  ... > 
  at <NuxtLayout> 
  at <App key=4 > 
  at <NuxtRoot> @ http://0.0.0.0:3001/_nuxt/@fs/Users/andrejkoval/Dev/vivadzen/src/front/node_modules/@vue/runtime-core/dist/runtime-core.esm-bundler.js?v=7b60de0d:49
[     973ms] [WARNING] [Vue warn]: Hydration style mismatch on JSHandle@node 
  - rendered on server: style="width:18px;height:18px;--c613ce94-iconUrl:url('https://api.iconify.design/ph/arrow-up-right.svg');"
  - expected on client: style="width:18px;height:18px;"
  Note: this mismatch is check-only. The DOM will not be rectified in production due to performance overhead.
  You should fix the source of the mismatch. 
  at <IconCSS name="ph:arrow-up-right" size="18" class="kratom-region-switcher__arrow" > 
  at <RegionSwitcher class="site-footer__region-switcher" > 
  at <SiteFooter> 
  at <Body style= {background: #f8f1e6} > 
  at <Html lang="en-US" dir="ltr" > 
  at <Default ref=Ref< undefined > > 
  at <AsyncComponentWrapper ref=Ref< undefined > > 
  at <LayoutLoader key="default" layoutProps= {ref: RefImpl} name="default" > 
  at <NuxtLayoutProvider layoutProps= {ref: RefImpl} key="default" name="default"  ... > 
  at <NuxtLayout> 
  at <App key=4 > 
  at <NuxtRoot> @ http://0.0.0.0:3001/_nuxt/@fs/Users/andrejkoval/Dev/vivadzen/src/front/node_modules/@vue/runtime-core/dist/runtime-core.esm-bundler.js?v=7b60de0d:49
[     974ms] [WARNING] [Vue warn]: Hydration style mismatch on JSHandle@node 
  - rendered on server: style="width:24px;height:24px;--c613ce94-iconUrl:url('https://api.iconify.design/emojione/flag-for-czechia.svg');"
  - expected on client: style="width:24px;height:24px;"
  Note: this mismatch is check-only. The DOM will not be rectified in production due to performance overhead.
  You should fix the source of the mismatch. 
  at <IconCSS name="emojione:flag-for-czechia" size="24" > 
  at <RegionSwitcher class="site-footer__region-switcher" > 
  at <SiteFooter> 
  at <Body style= {background: #f8f1e6} > 
  at <Html lang="en-US" dir="ltr" > 
  at <Default ref=Ref< undefined > > 
  at <AsyncComponentWrapper ref=Ref< undefined > > 
  at <LayoutLoader key="default" layoutProps= {ref: RefImpl} name="default" > 
  at <NuxtLayoutProvider layoutProps= {ref: RefImpl} key="default" name="default"  ... > 
  at <NuxtLayout> 
  at <App key=4 > 
  at <NuxtRoot> @ http://0.0.0.0:3001/_nuxt/@fs/Users/andrejkoval/Dev/vivadzen/src/front/node_modules/@vue/runtime-core/dist/runtime-core.esm-bundler.js?v=7b60de0d:49
[     974ms] [WARNING] [Vue warn]: Hydration style mismatch on JSHandle@node 
  - rendered on server: style="width:18px;height:18px;--c613ce94-iconUrl:url('https://api.iconify.design/ph/arrow-up-right.svg');"
  - expected on client: style="width:18px;height:18px;"
  Note: this mismatch is check-only. The DOM will not be rectified in production due to performance overhead.
  You should fix the source of the mismatch. 
  at <IconCSS name="ph:arrow-up-right" size="18" class="kratom-region-switcher__arrow" > 
  at <RegionSwitcher class="site-footer__region-switcher" > 
  at <SiteFooter> 
  at <Body style= {background: #f8f1e6} > 
  at <Html lang="en-US" dir="ltr" > 
  at <Default ref=Ref< undefined > > 
  at <AsyncComponentWrapper ref=Ref< undefined > > 
  at <LayoutLoader key="default" layoutProps= {ref: RefImpl} name="default" > 
  at <NuxtLayoutProvider layoutProps= {ref: RefImpl} key="default" name="default"  ... > 
  at <NuxtLayout> 
  at <App key=4 > 
  at <NuxtRoot> @ http://0.0.0.0:3001/_nuxt/@fs/Users/andrejkoval/Dev/vivadzen/src/front/node_modules/@vue/runtime-core/dist/runtime-core.esm-bundler.js?v=7b60de0d:49
[     975ms] [WARNING] [Vue warn]: Hydration style mismatch on JSHandle@node 
  - rendered on server: style="width:1em;height:1em;--c613ce94-iconUrl:url('https://api.iconify.design/ph/telegram-logo.svg');"
  - expected on client: style="width:1em;height:1em;"
  Note: this mismatch is check-only. The DOM will not be rectified in production due to performance overhead.
  You should fix the source of the mismatch. 
  at <IconCSS name="ph:telegram-logo" > 
  at <SiteFooter> 
  at <Body style= {background: #f8f1e6} > 
  at <Html lang="en-US" dir="ltr" > 
  at <Default ref=Ref< undefined > > 
  at <AsyncComponentWrapper ref=Ref< undefined > > 
  at <LayoutLoader key="default" layoutProps= {ref: RefImpl} name="default" > 
  at <NuxtLayoutProvider layoutProps= {ref: RefImpl} key="default" name="default"  ... > 
  at <NuxtLayout> 
  at <App key=4 > 
  at <NuxtRoot> @ http://0.0.0.0:3001/_nuxt/@fs/Users/andrejkoval/Dev/vivadzen/src/front/node_modules/@vue/runtime-core/dist/runtime-core.esm-bundler.js?v=7b60de0d:49
[     975ms] [WARNING] [Vue warn]: Hydration style mismatch on JSHandle@node 
  - rendered on server: style="width:1em;height:1em;--c613ce94-iconUrl:url('https://api.iconify.design/ph/whatsapp-logo.svg');"
  - expected on client: style="width:1em;height:1em;"
  Note: this mismatch is check-only. The DOM will not be rectified in production due to performance overhead.
  You should fix the source of the mismatch. 
  at <IconCSS name="ph:whatsapp-logo" > 
  at <SiteFooter> 
  at <Body style= {background: #f8f1e6} > 
  at <Html lang="en-US" dir="ltr" > 
  at <Default ref=Ref< undefined > > 
  at <AsyncComponentWrapper ref=Ref< undefined > > 
  at <LayoutLoader key="default" layoutProps= {ref: RefImpl} name="default" > 
  at <NuxtLayoutProvider layoutProps= {ref: RefImpl} key="default" name="default"  ... > 
  at <NuxtLayout> 
  at <App key=4 > 
  at <NuxtRoot> @ http://0.0.0.0:3001/_nuxt/@fs/Users/andrejkoval/Dev/vivadzen/src/front/node_modules/@vue/runtime-core/dist/runtime-core.esm-bundler.js?v=7b60de0d:49
[     975ms] [WARNING] [Vue warn]: Hydration style mismatch on JSHandle@node 
  - rendered on server: style="width:1em;height:1em;--c613ce94-iconUrl:url('https://api.iconify.design/iconoir/instagram.svg');"
  - expected on client: style="width:1em;height:1em;"
  Note: this mismatch is check-only. The DOM will not be rectified in production due to performance overhead.
  You should fix the source of the mismatch. 
  at <IconCSS name="iconoir:instagram" > 
  at <SiteFooter> 
  at <Body style= {background: #f8f1e6} > 
  at <Html lang="en-US" dir="ltr" > 
  at <Default ref=Ref< undefined > > 
  at <AsyncComponentWrapper ref=Ref< undefined > > 
  at <LayoutLoader key="default" layoutProps= {ref: RefImpl} name="default" > 
  at <NuxtLayoutProvider layoutProps= {ref: RefImpl} key="default" name="default"  ... > 
  at <NuxtLayout> 
  at <App key=4 > 
  at <NuxtRoot> @ http://0.0.0.0:3001/_nuxt/@fs/Users/andrejkoval/Dev/vivadzen/src/front/node_modules/@vue/runtime-core/dist/runtime-core.esm-bundler.js?v=7b60de0d:49
[     982ms] [WARNING] [intlify] Not found parent scope. use the global scope. @ http://0.0.0.0:3001/_nuxt/node_modules/.cache/vite/client/deps/chunk-LY4OWT6B.js?v=7b60de0d:3
[     982ms] [WARNING] [Vue warn]: Hydration style mismatch on JSHandle@node 
  - rendered on server: style="width:1em;height:1em;--c613ce94-iconUrl:url('https://api.iconify.design/ci/shopping-cart-01.svg');"
  - expected on client: style="width:1em;height:1em;"
  Note: this mismatch is check-only. The DOM will not be rectified in production due to performance overhead.
  You should fix the source of the mismatch. 
  at <IconCSS name="ci:shopping-cart-01" class="kratom-product-card__action-icon" > 
  at <ProductCard key=391 product= {id: 391, name: Green Rurut Nano kratom powder - 25g, slug: zeleny-rurut-nano-kratom-prasek-25g, price: 140.00, oldPrice: null} > 
  at <Index onVnodeUnmounted=fn<onVnodeUnmounted> ref=Ref< undefined > > 
  at <RouteProvider key="/en/catalog" vnode= {__v_isVNode: true, __v_skip: true, type: Object, props: Object, key: null} route= {fullPath: /en/catalog, hash: , query: Object, name: catalog___en, path: /en/catalog}  ... > 
  at <RouterView name=undefined route=undefined > 
  at <NuxtPage> 
  at <Body style= {background: #f8f1e6} > 
  at <Html lang="en-US" dir="ltr" > 
  at <Default ref=Ref< undefined > > 
  at <AsyncComponentWrapper ref=Ref< undefined > > 
  at <LayoutLoader key="default" layoutProps= {ref: RefImpl} name="default" > 
  at <NuxtLayoutProvider layoutProps= {ref: RefImpl} key="default" name="default"  ... > 
  at <NuxtLayout> 
  at <App key=4 > 
  at <NuxtRoot> @ http://0.0.0.0:3001/_nuxt/@fs/Users/andrejkoval/Dev/vivadzen/src/front/node_modules/@vue/runtime-core/dist/runtime-core.esm-bundler.js?v=7b60de0d:49
[     984ms] [WARNING] [intlify] Not found parent scope. use the global scope. @ http://0.0.0.0:3001/_nuxt/node_modules/.cache/vite/client/deps/chunk-LY4OWT6B.js?v=7b60de0d:3
[     984ms] [WARNING] [Vue warn]: Hydration style mismatch on JSHandle@node 
  - rendered on server: style="width:1em;height:1em;--c613ce94-iconUrl:url('https://api.iconify.design/ci/shopping-cart-01.svg');"
  - expected on client: style="width:1em;height:1em;"
  Note: this mismatch is check-only. The DOM will not be rectified in production due to performance overhead.
  You should fix the source of the mismatch. 
  at <IconCSS name="ci:shopping-cart-01" class="kratom-product-card__action-icon" > 
  at <ProductCard key=336 product= {id: 336, name: White Maeng Da Kratom powder, slug: bila-maeng-da-kratom-prasek-25g, price: 130.00, oldPrice: null} > 
  at <Index onVnodeUnmounted=fn<onVnodeUnmounted> ref=Ref< undefined > > 
  at <RouteProvider key="/en/catalog" vnode= {__v_isVNode: true, __v_skip: true, type: Object, props: Object, key: null} route= {fullPath: /en/catalog, hash: , query: Object, name: catalog___en, path: /en/catalog}  ... > 
  at <RouterView name=undefined route=undefined > 
  at <NuxtPage> 
  at <Body style= {background: #f8f1e6} > 
  at <Html lang="en-US" dir="ltr" > 
  at <Default ref=Ref< undefined > > 
  at <AsyncComponentWrapper ref=Ref< undefined > > 
  at <LayoutLoader key="default" layoutProps= {ref: RefImpl} name="default" > 
  at <NuxtLayoutProvider layoutProps= {ref: RefImpl} key="default" name="default"  ... > 
  at <NuxtLayout> 
  at <App key=4 > 
  at <NuxtRoot> @ http://0.0.0.0:3001/_nuxt/@fs/Users/andrejkoval/Dev/vivadzen/src/front/node_modules/@vue/runtime-core/dist/runtime-core.esm-bundler.js?v=7b60de0d:49
[     985ms] [WARNING] [intlify] Not found parent scope. use the global scope. @ http://0.0.0.0:3001/_nuxt/node_modules/.cache/vite/client/deps/chunk-LY4OWT6B.js?v=7b60de0d:3
[     985ms] [WARNING] [Vue warn]: Hydration style mismatch on JSHandle@node 
  - rendered on server: style="width:1em;height:1em;--c613ce94-iconUrl:url('https://api.iconify.design/ci/shopping-cart-01.svg');"
  - expected on client: style="width:1em;height:1em;"
  Note: this mismatch is check-only. The DOM will not be rectified in production due to performance overhead.
  You should fix the source of the mismatch. 
  at <IconCSS name="ci:shopping-cart-01" class="kratom-product-card__action-icon" > 
  at <ProductCard key=334 product= {id: 334, name: White Elephant Kratom powder, slug: bily-slon-kratom-prasek-25g, price: 140.00, oldPrice: null} > 
  at <Index onVnodeUnmounted=fn<onVnodeUnmounted> ref=Ref< undefined > > 
  at <RouteProvider key="/en/catalog" vnode= {__v_isVNode: true, __v_skip: true, type: Object, props: Object, key: null} route= {fullPath: /en/catalog, hash: , query: Object, name: catalog___en, path: /en/catalog}  ... > 
  at <RouterView name=undefined route=undefined > 
  at <NuxtPage> 
  at <Body style= {background: #f8f1e6} > 
  at <Html lang="en-US" dir="ltr" > 
  at <Default ref=Ref< undefined > > 
  at <AsyncComponentWrapper ref=Ref< undefined > > 
  at <LayoutLoader key="default" layoutProps= {ref: RefImpl} name="default" > 
  at <NuxtLayoutProvider layoutProps= {ref: RefImpl} key="default" name="default"  ... > 
  at <NuxtLayout> 
  at <App key=4 > 
  at <NuxtRoot> @ http://0.0.0.0:3001/_nuxt/@fs/Users/andrejkoval/Dev/vivadzen/src/front/node_modules/@vue/runtime-core/dist/runtime-core.esm-bundler.js?v=7b60de0d:49
[     987ms] [WARNING] [intlify] Not found parent scope. use the global scope. @ http://0.0.0.0:3001/_nuxt/node_modules/.cache/vite/client/deps/chunk-LY4OWT6B.js?v=7b60de0d:3
[     987ms] [WARNING] [Vue warn]: Hydration style mismatch on JSHandle@node 
  - rendered on server: style="width:1em;height:1em;--c613ce94-iconUrl:url('https://api.iconify.design/ci/shopping-cart-01.svg');"
  - expected on client: style="width:1em;height:1em;"
  Note: this mismatch is check-only. The DOM will not be rectified in production due to performance overhead.
  You should fix the source of the mismatch. 
  at <IconCSS name="ci:shopping-cart-01" class="kratom-product-card__action-icon" > 
  at <ProductCard key=333 product= {id: 333, name: Green Thai Kratom powder, slug: zeleny-thajsky-kratom-prasek-25g, price: 130.00, oldPrice: null} > 
  at <Index onVnodeUnmounted=fn<onVnodeUnmounted> ref=Ref< undefined > > 
  at <RouteProvider key="/en/catalog" vnode= {__v_isVNode: true, __v_skip: true, type: Object, props: Object, key: null} route= {fullPath: /en/catalog, hash: , query: Object, name: catalog___en, path: /en/catalog}  ... > 
  at <RouterView name=undefined route=undefined > 
  at <NuxtPage> 
  at <Body style= {background: #f8f1e6} > 
  at <Html lang="en-US" dir="ltr" > 
  at <Default ref=Ref< undefined > > 
  at <AsyncComponentWrapper ref=Ref< undefined > > 
  at <LayoutLoader key="default" layoutProps= {ref: RefImpl} name="default" > 
  at <NuxtLayoutProvider layoutProps= {ref: RefImpl} key="default" name="default"  ... > 
  at <NuxtLayout> 
  at <App key=4 > 
  at <NuxtRoot> @ http://0.0.0.0:3001/_nuxt/@fs/Users/andrejkoval/Dev/vivadzen/src/front/node_modules/@vue/runtime-core/dist/runtime-core.esm-bundler.js?v=7b60de0d:49
[     989ms] [WARNING] [intlify] Not found parent scope. use the global scope. @ http://0.0.0.0:3001/_nuxt/node_modules/.cache/vite/client/deps/chunk-LY4OWT6B.js?v=7b60de0d:3
[     989ms] [WARNING] [Vue warn]: Hydration style mismatch on JSHandle@node 
  - rendered on server: style="width:1em;height:1em;--c613ce94-iconUrl:url('https://api.iconify.design/ci/shopping-cart-01.svg');"
  - expected on client: style="width:1em;height:1em;"
  Note: this mismatch is check-only. The DOM will not be rectified in production due to performance overhead.
  You should fix the source of the mismatch. 
  at <IconCSS name="ci:shopping-cart-01" class="kratom-product-card__action-icon" > 
  at <ProductCard key=332 product= {id: 332, name: Red Maeng Da Kratom powder, slug: cervena-maeng-da-kratom-prasek-25g, price: 130.00, oldPrice: null} > 
  at <Index onVnodeUnmounted=fn<onVnodeUnmounted> ref=Ref< undefined > > 
  at <RouteProvider key="/en/catalog" vnode= {__v_isVNode: true, __v_skip: true, type: Object, props: Object, key: null} route= {fullPath: /en/catalog, hash: , query: Object, name: catalog___en, path: /en/catalog}  ... > 
  at <RouterView name=undefined route=undefined > 
  at <NuxtPage> 
  at <Body style= {background: #f8f1e6} > 
  at <Html lang="en-US" dir="ltr" > 
  at <Default ref=Ref< undefined > > 
  at <AsyncComponentWrapper ref=Ref< undefined > > 
  at <LayoutLoader key="default" layoutProps= {ref: RefImpl} name="default" > 
  at <NuxtLayoutProvider layoutProps= {ref: RefImpl} key="default" name="default"  ... > 
  at <NuxtLayout> 
  at <App key=4 > 
  at <NuxtRoot> @ http://0.0.0.0:3001/_nuxt/@fs/Users/andrejkoval/Dev/vivadzen/src/front/node_modules/@vue/runtime-core/dist/runtime-core.esm-bundler.js?v=7b60de0d:49
[     990ms] [WARNING] [intlify] Not found parent scope. use the global scope. @ http://0.0.0.0:3001/_nuxt/node_modules/.cache/vite/client/deps/chunk-LY4OWT6B.js?v=7b60de0d:3
[     991ms] [WARNING] [Vue warn]: Hydration style mismatch on JSHandle@node 
  - rendered on server: style="width:1em;height:1em;--c613ce94-iconUrl:url('https://api.iconify.design/ci/shopping-cart-01.svg');"
  - expected on client: style="width:1em;height:1em;"
  Note: this mismatch is check-only. The DOM will not be rectified in production due to performance overhead.
  You should fix the source of the mismatch. 
  at <IconCSS name="ci:shopping-cart-01" class="kratom-product-card__action-icon" > 
  at <ProductCard key=331 product= {id: 331, name: Green Maeng Da Kratom powder, slug: zelena-maeng-da-kratom-prasek-25g, price: 130.00, oldPrice: null} > 
  at <Index onVnodeUnmounted=fn<onVnodeUnmounted> ref=Ref< undefined > > 
  at <RouteProvider key="/en/catalog" vnode= {__v_isVNode: true, __v_skip: true, type: Object, props: Object, key: null} route= {fullPath: /en/catalog, hash: , query: Object, name: catalog___en, path: /en/catalog}  ... > 
  at <RouterView name=undefined route=undefined > 
  at <NuxtPage> 
  at <Body style= {background: #f8f1e6} > 
  at <Html lang="en-US" dir="ltr" > 
  at <Default ref=Ref< undefined > > 
  at <AsyncComponentWrapper ref=Ref< undefined > > 
  at <LayoutLoader key="default" layoutProps= {ref: RefImpl} name="default" > 
  at <NuxtLayoutProvider layoutProps= {ref: RefImpl} key="default" name="default"  ... > 
  at <NuxtLayout> 
  at <App key=4 > 
  at <NuxtRoot> @ http://0.0.0.0:3001/_nuxt/@fs/Users/andrejkoval/Dev/vivadzen/src/front/node_modules/@vue/runtime-core/dist/runtime-core.esm-bundler.js?v=7b60de0d:49
[     992ms] [LOG] [nuxt-app] page:finish: 1.116943359375 ms [Object] @ http://0.0.0.0:3001/_nuxt/@fs/Users/andrejkoval/Dev/vivadzen/src/front/node_modules/hookable/dist/index.mjs?v=7b60de0d:271
[     993ms] [LOG] [nuxt-app] page:loading:end: 0.574951171875 ms [] @ http://0.0.0.0:3001/_nuxt/@fs/Users/andrejkoval/Dev/vivadzen/src/front/node_modules/hookable/dist/index.mjs?v=7b60de0d:271
[     998ms] [WARNING] [intlify] Not found 'logo_alt' key in 'en' locale messages. @ http://0.0.0.0:3001/_nuxt/node_modules/.cache/vite/client/deps/chunk-LY4OWT6B.js?v=7b60de0d:3
[     998ms] [WARNING] [intlify] Fall back to translate 'logo_alt' key with 'cs' locale. @ http://0.0.0.0:3001/_nuxt/node_modules/.cache/vite/client/deps/chunk-LY4OWT6B.js?v=7b60de0d:3
[     998ms] [WARNING] [intlify] Not found 'logo_alt' key in 'cs' locale messages. @ http://0.0.0.0:3001/_nuxt/node_modules/.cache/vite/client/deps/chunk-LY4OWT6B.js?v=7b60de0d:3
[     998ms] [WARNING] [intlify] Fall back to translate 'logo_alt' with root locale. @ http://0.0.0.0:3001/_nuxt/node_modules/.cache/vite/client/deps/chunk-LY4OWT6B.js?v=7b60de0d:3
[     998ms] [WARNING] [intlify] Not found 'logo_alt' key in 'en' locale messages. @ http://0.0.0.0:3001/_nuxt/node_modules/.cache/vite/client/deps/chunk-LY4OWT6B.js?v=7b60de0d:3
[     998ms] [WARNING] [intlify] Fall back to translate 'logo_alt' key with 'cs' locale. @ http://0.0.0.0:3001/_nuxt/node_modules/.cache/vite/client/deps/chunk-LY4OWT6B.js?v=7b60de0d:3
[     998ms] [WARNING] [intlify] Not found 'logo_alt' key in 'cs' locale messages. @ http://0.0.0.0:3001/_nuxt/node_modules/.cache/vite/client/deps/chunk-LY4OWT6B.js?v=7b60de0d:3
[     999ms] [WARNING] [intlify] Not found 'title.cart' key in 'en' locale messages. @ http://0.0.0.0:3001/_nuxt/node_modules/.cache/vite/client/deps/chunk-LY4OWT6B.js?v=7b60de0d:3
[     999ms] [WARNING] [intlify] Fall back to translate 'title.cart' key with 'cs' locale. @ http://0.0.0.0:3001/_nuxt/node_modules/.cache/vite/client/deps/chunk-LY4OWT6B.js?v=7b60de0d:3
[     999ms] [WARNING] [intlify] Not found 'title.cart' key in 'cs' locale messages. @ http://0.0.0.0:3001/_nuxt/node_modules/.cache/vite/client/deps/chunk-LY4OWT6B.js?v=7b60de0d:3
[     999ms] [WARNING] [intlify] Fall back to translate 'title.cart' with root locale. @ http://0.0.0.0:3001/_nuxt/node_modules/.cache/vite/client/deps/chunk-LY4OWT6B.js?v=7b60de0d:3
[    1002ms] [WARNING] [intlify] Not found 'logo_alt' key in 'en' locale messages. @ http://0.0.0.0:3001/_nuxt/node_modules/.cache/vite/client/deps/chunk-LY4OWT6B.js?v=7b60de0d:3
[    1002ms] [WARNING] [intlify] Fall back to translate 'logo_alt' key with 'cs' locale. @ http://0.0.0.0:3001/_nuxt/node_modules/.cache/vite/client/deps/chunk-LY4OWT6B.js?v=7b60de0d:3
[    1002ms] [WARNING] [intlify] Not found 'logo_alt' key in 'cs' locale messages. @ http://0.0.0.0:3001/_nuxt/node_modules/.cache/vite/client/deps/chunk-LY4OWT6B.js?v=7b60de0d:3
[    1002ms] [WARNING] [intlify] Fall back to translate 'logo_alt' with root locale. @ http://0.0.0.0:3001/_nuxt/node_modules/.cache/vite/client/deps/chunk-LY4OWT6B.js?v=7b60de0d:3
[    1002ms] [WARNING] [intlify] Not found 'logo_alt' key in 'en' locale messages. @ http://0.0.0.0:3001/_nuxt/node_modules/.cache/vite/client/deps/chunk-LY4OWT6B.js?v=7b60de0d:3
[    1002ms] [WARNING] [intlify] Fall back to translate 'logo_alt' key with 'cs' locale. @ http://0.0.0.0:3001/_nuxt/node_modules/.cache/vite/client/deps/chunk-LY4OWT6B.js?v=7b60de0d:3
[    1002ms] [WARNING] [intlify] Not found 'logo_alt' key in 'cs' locale messages. @ http://0.0.0.0:3001/_nuxt/node_modules/.cache/vite/client/deps/chunk-LY4OWT6B.js?v=7b60de0d:3
[    1002ms] [WARNING] [intlify] Not found 'title.cart' key in 'en' locale messages. @ http://0.0.0.0:3001/_nuxt/node_modules/.cache/vite/client/deps/chunk-LY4OWT6B.js?v=7b60de0d:3
[    1002ms] [WARNING] [intlify] Fall back to translate 'title.cart' key with 'cs' locale. @ http://0.0.0.0:3001/_nuxt/node_modules/.cache/vite/client/deps/chunk-LY4OWT6B.js?v=7b60de0d:3
[    1002ms] [WARNING] [intlify] Not found 'title.cart' key in 'cs' locale messages. @ http://0.0.0.0:3001/_nuxt/node_modules/.cache/vite/client/deps/chunk-LY4OWT6B.js?v=7b60de0d:3
[    1002ms] [WARNING] [intlify] Fall back to translate 'title.cart' with root locale. @ http://0.0.0.0:3001/_nuxt/node_modules/.cache/vite/client/deps/chunk-LY4OWT6B.js?v=7b60de0d:3
[    1009ms] [LOG] [nuxt-app] schema-org:meta: 0.069091796875 ms [Object] @ http://0.0.0.0:3001/_nuxt/@fs/Users/andrejkoval/Dev/vivadzen/src/front/node_modules/hookable/dist/index.mjs?v=7b60de0d:271
[    1010ms] [LOG] [nuxt-app] app:suspense:resolve: 8.791015625 ms [] @ http://0.0.0.0:3001/_nuxt/@fs/Users/andrejkoval/Dev/vivadzen/src/front/node_modules/hookable/dist/index.mjs?v=7b60de0d:271
[    1030ms] [LOG] [nuxt-app] link:prefetch: 1.827880859375 ms [/en/catalog] @ http://0.0.0.0:3001/_nuxt/@fs/Users/andrejkoval/Dev/vivadzen/src/front/node_modules/hookable/dist/index.mjs?v=7b60de0d:271
[    1030ms] [LOG] [nuxt-app] link:prefetch : 1.805908203125 ms [/en/catalog] @ http://0.0.0.0:3001/_nuxt/@fs/Users/andrejkoval/Dev/vivadzen/src/front/node_modules/hookable/dist/index.mjs?v=7b60de0d:271
[    1030ms] [LOG] [nuxt-app] link:prefetch  : 1.85107421875 ms [/en/blog] @ http://0.0.0.0:3001/_nuxt/@fs/Users/andrejkoval/Dev/vivadzen/src/front/node_modules/hookable/dist/index.mjs?v=7b60de0d:271
[    1030ms] [LOG] [nuxt-app] link:prefetch   : 1.682861328125 ms [/en/reviews] @ http://0.0.0.0:3001/_nuxt/@fs/Users/andrejkoval/Dev/vivadzen/src/front/node_modules/hookable/dist/index.mjs?v=7b60de0d:271
[    1030ms] [LOG] [nuxt-app] link:prefetch    : 1.663818359375 ms [/en/about] @ http://0.0.0.0:3001/_nuxt/@fs/Users/andrejkoval/Dev/vivadzen/src/front/node_modules/hookable/dist/index.mjs?v=7b60de0d:271
[    1030ms] [LOG] [nuxt-app] link:prefetch     : 1.6650390625 ms [/en/contacts] @ http://0.0.0.0:3001/_nuxt/@fs/Users/andrejkoval/Dev/vivadzen/src/front/node_modules/hookable/dist/index.mjs?v=7b60de0d:271
[    1030ms] [LOG] [nuxt-app] link:prefetch      : 1.648193359375 ms [/en/zeleny-rurut-nano-kratom-prasek-25g] @ http://0.0.0.0:3001/_nuxt/@fs/Users/andrejkoval/Dev/vivadzen/src/front/node_modules/hookable/dist/index.mjs?v=7b60de0d:271
[    1030ms] [LOG] [nuxt-app] link:prefetch       : 1.639892578125 ms [/en/zeleny-rurut-nano-kratom-prasek-25g] @ http://0.0.0.0:3001/_nuxt/@fs/Users/andrejkoval/Dev/vivadzen/src/front/node_modules/hookable/dist/index.mjs?v=7b60de0d:271
[    1031ms] [LOG] [nuxt-app] link:prefetch        : 1.677001953125 ms [/en/bila-maeng-da-kratom-prasek-25g] @ http://0.0.0.0:3001/_nuxt/@fs/Users/andrejkoval/Dev/vivadzen/src/front/node_modules/hookable/dist/index.mjs?v=7b60de0d:271
[    1031ms] [LOG] [nuxt-app] link:prefetch         : 1.713134765625 ms [/en/bila-maeng-da-kratom-prasek-25g] @ http://0.0.0.0:3001/_nuxt/@fs/Users/andrejkoval/Dev/vivadzen/src/front/node_modules/hookable/dist/index.mjs?v=7b60de0d:271
[    1031ms] [LOG] [nuxt-app] link:prefetch          : 1.751220703125 ms [/en/bily-slon-kratom-prasek-25g] @ http://0.0.0.0:3001/_nuxt/@fs/Users/andrejkoval/Dev/vivadzen/src/front/node_modules/hookable/dist/index.mjs?v=7b60de0d:271
[    1031ms] [LOG] [nuxt-app] link:prefetch           : 1.7861328125 ms [/en/bily-slon-kratom-prasek-25g] @ http://0.0.0.0:3001/_nuxt/@fs/Users/andrejkoval/Dev/vivadzen/src/front/node_modules/hookable/dist/index.mjs?v=7b60de0d:271
[    1031ms] [LOG] [nuxt-app] link:prefetch            : 1.8251953125 ms [/en/zeleny-thajsky-kratom-prasek-25g] @ http://0.0.0.0:3001/_nuxt/@fs/Users/andrejkoval/Dev/vivadzen/src/front/node_modules/hookable/dist/index.mjs?v=7b60de0d:271
[    1031ms] [LOG] [nuxt-app] link:prefetch             : 1.864990234375 ms [/en/zeleny-thajsky-kratom-prasek-25g] @ http://0.0.0.0:3001/_nuxt/@fs/Users/andrejkoval/Dev/vivadzen/src/front/node_modules/hookable/dist/index.mjs?v=7b60de0d:271
[    1031ms] [LOG] [nuxt-app] link:prefetch              : 1.904052734375 ms [/en/cervena-maeng-da-kratom-prasek-25g] @ http://0.0.0.0:3001/_nuxt/@fs/Users/andrejkoval/Dev/vivadzen/src/front/node_modules/hookable/dist/index.mjs?v=7b60de0d:271
[    1031ms] [LOG] [nuxt-app] link:prefetch               : 1.94189453125 ms [/en/zelena-maeng-da-kratom-prasek-25g] @ http://0.0.0.0:3001/_nuxt/@fs/Users/andrejkoval/Dev/vivadzen/src/front/node_modules/hookable/dist/index.mjs?v=7b60de0d:271
[    1328ms] [LOG] [nuxt-app] i18n:beforeLocaleSwitch: 0.095947265625 ms [Object] @ http://0.0.0.0:3001/_nuxt/@fs/Users/andrejkoval/Dev/vivadzen/src/front/node_modules/hookable/dist/index.mjs?v=7b60de0d:271
[    1331ms] [LOG] %cssr%c %s: %s 
      background: #7f8c8d;
      border-radius: 0.5em;
      color: white;
      font-weight: bold;
      padding: 2px 0.5em;
      [nitro-runtime] request 0.104ms 
  at timeLogImpl (node:internal/console/constructor)
  at node:internal/console/constructor
  at timeLogImpl (node:internal/util/debuglog)
 @ http://0.0.0.0:3001/_nuxt/@fs/Users/andrejkoval/Dev/vivadzen/src/front/node_modules/consola/dist/browser.mjs?v=7b60de0d:47
[    1331ms] [LOG] %cssr%c %s: %s 
      background: #7f8c8d;
      border-radius: 0.5em;
      color: white;
      font-weight: bold;
      padding: 2px 0.5em;
      [nitro-runtime] site-config:init 0.015ms 
  at timeLogImpl (node:internal/console/constructor)
  at node:internal/console/constructor
  at timeLogImpl (node:internal/util/debuglog)
 @ http://0.0.0.0:3001/_nuxt/@fs/Users/andrejkoval/Dev/vivadzen/src/front/node_modules/consola/dist/browser.mjs?v=7b60de0d:47
[    1331ms] [LOG] %cssr%c %s: %s 
      background: #7f8c8d;
      border-radius: 0.5em;
      color: white;
      font-weight: bold;
      padding: 2px 0.5em;
      [nitro-runtime] render:before 0.005ms 
  at timeLogImpl (node:internal/console/constructor)
  at node:internal/console/constructor
  at timeLogImpl (node:internal/util/debuglog)
 @ http://0.0.0.0:3001/_nuxt/@fs/Users/andrejkoval/Dev/vivadzen/src/front/node_modules/consola/dist/browser.mjs?v=7b60de0d:47
[    1331ms] [LOG] %cssr%c %s: %s 
      background: #7f8c8d;
      border-radius: 0.5em;
      color: white;
      font-weight: bold;
      padding: 2px 0.5em;
      [nuxt-app] i18n:beforeLocaleSwitch 0.013ms 
  at timeLogImpl (node:internal/console/constructor)
  at node:internal/console/constructor
  at timeLogImpl (node:internal/util/debuglog)
 @ http://0.0.0.0:3001/_nuxt/@fs/Users/andrejkoval/Dev/vivadzen/src/front/node_modules/consola/dist/browser.mjs?v=7b60de0d:47
[    1331ms] [LOG] %cssr%c %s: %s 
      background: #7f8c8d;
      border-radius: 0.5em;
      color: white;
      font-weight: bold;
      padding: 2px 0.5em;
      [nuxt-app] page:loading:start 0.005ms 
  at timeLogImpl (node:internal/console/constructor)
  at node:internal/console/constructor
  at timeLogImpl (node:internal/util/debuglog)
 @ http://0.0.0.0:3001/_nuxt/@fs/Users/andrejkoval/Dev/vivadzen/src/front/node_modules/consola/dist/browser.mjs?v=7b60de0d:47
[    1331ms] [LOG] %cssr%c %s: %s 
      background: #7f8c8d;
      border-radius: 0.5em;
      color: white;
      font-weight: bold;
      padding: 2px 0.5em;
      [nuxt-app] i18n:beforeLocaleSwitch 0.01ms 
  at timeLogImpl (node:internal/console/constructor)
  at node:internal/console/constructor
  at timeLogImpl (node:internal/util/debuglog)
 @ http://0.0.0.0:3001/_nuxt/@fs/Users/andrejkoval/Dev/vivadzen/src/front/node_modules/consola/dist/browser.mjs?v=7b60de0d:47
[    1331ms] [LOG] %cssr%c %s: %s 
      background: #7f8c8d;
      border-radius: 0.5em;
      color: white;
      font-weight: bold;
      padding: 2px 0.5em;
      [nuxt-app] app:created 4.838ms 
  at timeLogImpl (node:internal/console/constructor)
  at node:internal/console/constructor
  at timeLogImpl (node:internal/util/debuglog)
 @ http://0.0.0.0:3001/_nuxt/@fs/Users/andrejkoval/Dev/vivadzen/src/front/node_modules/consola/dist/browser.mjs?v=7b60de0d:47
[    1331ms] [LOG] %cssr%c %s: %s 
      background: #7f8c8d;
      border-radius: 0.5em;
      color: white;
      font-weight: bold;
      padding: 2px 0.5em;
      [nuxt-app] vue:setup 0.002ms 
  at timeLogImpl (node:internal/console/constructor)
  at node:internal/console/constructor
  at timeLogImpl (node:internal/util/debuglog)
 @ http://0.0.0.0:3001/_nuxt/@fs/Users/andrejkoval/Dev/vivadzen/src/front/node_modules/consola/dist/browser.mjs?v=7b60de0d:47
[    1331ms] [WARNING] %cssr:warn%c [intlify] Not found 'title.catalog' key in 'en' locale messages. 
      background: #f39c12;
      border-radius: 0.5em;
      color: white;
      font-weight: bold;
      padding: 2px 0.5em;
      
  at warn (/Users/andrejkoval/Dev/vivadzen/src/front/node_modules/@intlify/shared/dist/shared.mjs)
  at handleMissing (/Users/andrejkoval/Dev/vivadzen/src/front/node_modules/@intlify/core-base/dist/core-base.mjs)
  at resolveMessageFormat (/Users/andrejkoval/Dev/vivadzen/src/front/node_modules/@intlify/core-base/dist/core-base.mjs)
 @ http://0.0.0.0:3001/_nuxt/@fs/Users/andrejkoval/Dev/vivadzen/src/front/node_modules/consola/dist/browser.mjs?v=7b60de0d:47
[    1331ms] [WARNING] %cssr:warn%c [intlify] Fall back to translate 'title.catalog' key with 'cs' locale. 
      background: #f39c12;
      border-radius: 0.5em;
      color: white;
      font-weight: bold;
      padding: 2px 0.5em;
      
  at warn (/Users/andrejkoval/Dev/vivadzen/src/front/node_modules/@intlify/shared/dist/shared.mjs)
  at resolveMessageFormat (/Users/andrejkoval/Dev/vivadzen/src/front/node_modules/@intlify/core-base/dist/core-base.mjs)
  at translate (/Users/andrejkoval/Dev/vivadzen/src/front/node_modules/@intlify/core-base/dist/core-base.mjs)
 @ http://0.0.0.0:3001/_nuxt/@fs/Users/andrejkoval/Dev/vivadzen/src/front/node_modules/consola/dist/browser.mjs?v=7b60de0d:47
[    1331ms] [WARNING] %cssr:warn%c [intlify] Not found 'title.catalog' key in 'cs' locale messages. 
      background: #f39c12;
      border-radius: 0.5em;
      color: white;
      font-weight: bold;
      padding: 2px 0.5em;
      
  at warn (/Users/andrejkoval/Dev/vivadzen/src/front/node_modules/@intlify/shared/dist/shared.mjs)
  at handleMissing (/Users/andrejkoval/Dev/vivadzen/src/front/node_modules/@intlify/core-base/dist/core-base.mjs)
  at resolveMessageFormat (/Users/andrejkoval/Dev/vivadzen/src/front/node_modules/@intlify/core-base/dist/core-base.mjs)
 @ http://0.0.0.0:3001/_nuxt/@fs/Users/andrejkoval/Dev/vivadzen/src/front/node_modules/consola/dist/browser.mjs?v=7b60de0d:47
[    1331ms] [WARNING] %cssr:warn%c [intlify] Fall back to translate 'title.catalog' with root locale. 
      background: #f39c12;
      border-radius: 0.5em;
      color: white;
      font-weight: bold;
      padding: 2px 0.5em;
      
  at warn (/Users/andrejkoval/Dev/vivadzen/src/front/node_modules/@intlify/shared/dist/shared.mjs)
  at wrapWithDeps (/Users/andrejkoval/Dev/vivadzen/src/front/node_modules/vue-i18n/dist/vue-i18n.mjs)
  at t (/Users/andrejkoval/Dev/vivadzen/src/front/node_modules/vue-i18n/dist/vue-i18n.mjs)
 @ http://0.0.0.0:3001/_nuxt/@fs/Users/andrejkoval/Dev/vivadzen/src/front/node_modules/consola/dist/browser.mjs?v=7b60de0d:47
[    1331ms] [WARNING] %cssr:warn%c [intlify] Not found 'title.blog' key in 'en' locale messages. 
      background: #f39c12;
      border-radius: 0.5em;
      color: white;
      font-weight: bold;
      padding: 2px 0.5em;
      
  at warn (/Users/andrejkoval/Dev/vivadzen/src/front/node_modules/@intlify/shared/dist/shared.mjs)
  at handleMissing (/Users/andrejkoval/Dev/vivadzen/src/front/node_modules/@intlify/core-base/dist/core-base.mjs)
  at resolveMessageFormat (/Users/andrejkoval/Dev/vivadzen/src/front/node_modules/@intlify/core-base/dist/core-base.mjs)
 @ http://0.0.0.0:3001/_nuxt/@fs/Users/andrejkoval/Dev/vivadzen/src/front/node_modules/consola/dist/browser.mjs?v=7b60de0d:47
[    1331ms] [WARNING] %cssr:warn%c [intlify] Fall back to translate 'title.blog' key with 'cs' locale. 
      background: #f39c12;
      border-radius: 0.5em;
      color: white;
      font-weight: bold;
      padding: 2px 0.5em;
      
  at warn (/Users/andrejkoval/Dev/vivadzen/src/front/node_modules/@intlify/shared/dist/shared.mjs)
  at resolveMessageFormat (/Users/andrejkoval/Dev/vivadzen/src/front/node_modules/@intlify/core-base/dist/core-base.mjs)
  at translate (/Users/andrejkoval/Dev/vivadzen/src/front/node_modules/@intlify/core-base/dist/core-base.mjs)
 @ http://0.0.0.0:3001/_nuxt/@fs/Users/andrejkoval/Dev/vivadzen/src/front/node_modules/consola/dist/browser.mjs?v=7b60de0d:47
[    1331ms] [WARNING] %cssr:warn%c [intlify] Not found 'title.blog' key in 'cs' locale messages. 
      background: #f39c12;
      border-radius: 0.5em;
      color: white;
      font-weight: bold;
      padding: 2px 0.5em;
      
  at warn (/Users/andrejkoval/Dev/vivadzen/src/front/node_modules/@intlify/shared/dist/shared.mjs)
  at handleMissing (/Users/andrejkoval/Dev/vivadzen/src/front/node_modules/@intlify/core-base/dist/core-base.mjs)
  at resolveMessageFormat (/Users/andrejkoval/Dev/vivadzen/src/front/node_modules/@intlify/core-base/dist/core-base.mjs)
 @ http://0.0.0.0:3001/_nuxt/@fs/Users/andrejkoval/Dev/vivadzen/src/front/node_modules/consola/dist/browser.mjs?v=7b60de0d:47
[    1331ms] [WARNING] %cssr:warn%c [intlify] Fall back to translate 'title.blog' with root locale. 
      background: #f39c12;
      border-radius: 0.5em;
      color: white;
      font-weight: bold;
      padding: 2px 0.5em;
      
  at warn (/Users/andrejkoval/Dev/vivadzen/src/front/node_modules/@intlify/shared/dist/shared.mjs)
  at wrapWithDeps (/Users/andrejkoval/Dev/vivadzen/src/front/node_modules/vue-i18n/dist/vue-i18n.mjs)
  at t (/Users/andrejkoval/Dev/vivadzen/src/front/node_modules/vue-i18n/dist/vue-i18n.mjs)
 @ http://0.0.0.0:3001/_nuxt/@fs/Users/andrejkoval/Dev/vivadzen/src/front/node_modules/consola/dist/browser.mjs?v=7b60de0d:47
[    1331ms] [WARNING] %cssr:warn%c [intlify] Not found 'title.reviews' key in 'en' locale messages. 
      background: #f39c12;
      border-radius: 0.5em;
      color: white;
      font-weight: bold;
      padding: 2px 0.5em;
      
  at warn (/Users/andrejkoval/Dev/vivadzen/src/front/node_modules/@intlify/shared/dist/shared.mjs)
  at handleMissing (/Users/andrejkoval/Dev/vivadzen/src/front/node_modules/@intlify/core-base/dist/core-base.mjs)
  at resolveMessageFormat (/Users/andrejkoval/Dev/vivadzen/src/front/node_modules/@intlify/core-base/dist/core-base.mjs)
 @ http://0.0.0.0:3001/_nuxt/@fs/Users/andrejkoval/Dev/vivadzen/src/front/node_modules/consola/dist/browser.mjs?v=7b60de0d:47
[    1331ms] [WARNING] %cssr:warn%c [intlify] Fall back to translate 'title.reviews' key with 'cs' locale. 
      background: #f39c12;
      border-radius: 0.5em;
      color: white;
      font-weight: bold;
      padding: 2px 0.5em;
      
  at warn (/Users/andrejkoval/Dev/vivadzen/src/front/node_modules/@intlify/shared/dist/shared.mjs)
  at resolveMessageFormat (/Users/andrejkoval/Dev/vivadzen/src/front/node_modules/@intlify/core-base/dist/core-base.mjs)
  at translate (/Users/andrejkoval/Dev/vivadzen/src/front/node_modules/@intlify/core-base/dist/core-base.mjs)
 @ http://0.0.0.0:3001/_nuxt/@fs/Users/andrejkoval/Dev/vivadzen/src/front/node_modules/consola/dist/browser.mjs?v=7b60de0d:47
[    1331ms] [WARNING] %cssr:warn%c [intlify] Not found 'title.reviews' key in 'cs' locale messages. 
      background: #f39c12;
      border-radius: 0.5em;
      color: white;
      font-weight: bold;
      padding: 2px 0.5em;
      
  at warn (/Users/andrejkoval/Dev/vivadzen/src/front/node_modules/@intlify/shared/dist/shared.mjs)
  at handleMissing (/Users/andrejkoval/Dev/vivadzen/src/front/node_modules/@intlify/core-base/dist/core-base.mjs)
  at resolveMessageFormat (/Users/andrejkoval/Dev/vivadzen/src/front/node_modules/@intlify/core-base/dist/core-base.mjs)
 @ http://0.0.0.0:3001/_nuxt/@fs/Users/andrejkoval/Dev/vivadzen/src/front/node_modules/consola/dist/browser.mjs?v=7b60de0d:47
[    1331ms] [WARNING] %cssr:warn%c [intlify] Fall back to translate 'title.reviews' with root locale. 
      background: #f39c12;
      border-radius: 0.5em;
      color: white;
      font-weight: bold;
      padding: 2px 0.5em;
      
  at warn (/Users/andrejkoval/Dev/vivadzen/src/front/node_modules/@intlify/shared/dist/shared.mjs)
  at wrapWithDeps (/Users/andrejkoval/Dev/vivadzen/src/front/node_modules/vue-i18n/dist/vue-i18n.mjs)
  at t (/Users/andrejkoval/Dev/vivadzen/src/front/node_modules/vue-i18n/dist/vue-i18n.mjs)
 @ http://0.0.0.0:3001/_nuxt/@fs/Users/andrejkoval/Dev/vivadzen/src/front/node_modules/consola/dist/browser.mjs?v=7b60de0d:47
[    1331ms] [WARNING] %cssr:warn%c [intlify] Not found 'title.about' key in 'en' locale messages. 
      background: #f39c12;
      border-radius: 0.5em;
      color: white;
      font-weight: bold;
      padding: 2px 0.5em;
      
  at warn (/Users/andrejkoval/Dev/vivadzen/src/front/node_modules/@intlify/shared/dist/shared.mjs)
  at handleMissing (/Users/andrejkoval/Dev/vivadzen/src/front/node_modules/@intlify/core-base/dist/core-base.mjs)
  at resolveMessageFormat (/Users/andrejkoval/Dev/vivadzen/src/front/node_modules/@intlify/core-base/dist/core-base.mjs)
 @ http://0.0.0.0:3001/_nuxt/@fs/Users/andrejkoval/Dev/vivadzen/src/front/node_modules/consola/dist/browser.mjs?v=7b60de0d:47
[    1332ms] [WARNING] %cssr:warn%c [intlify] Fall back to translate 'title.about' key with 'cs' locale. 
      background: #f39c12;
      border-radius: 0.5em;
      color: white;
      font-weight: bold;
      padding: 2px 0.5em;
      
  at warn (/Users/andrejkoval/Dev/vivadzen/src/front/node_modules/@intlify/shared/dist/shared.mjs)
  at resolveMessageFormat (/Users/andrejkoval/Dev/vivadzen/src/front/node_modules/@intlify/core-base/dist/core-base.mjs)
  at translate (/Users/andrejkoval/Dev/vivadzen/src/front/node_modules/@intlify/core-base/dist/core-base.mjs)
 @ http://0.0.0.0:3001/_nuxt/@fs/Users/andrejkoval/Dev/vivadzen/src/front/node_modules/consola/dist/browser.mjs?v=7b60de0d:47
[    1332ms] [WARNING] %cssr:warn%c [intlify] Not found 'title.about' key in 'cs' locale messages. 
      background: #f39c12;
      border-radius: 0.5em;
      color: white;
      font-weight: bold;
      padding: 2px 0.5em;
      
  at warn (/Users/andrejkoval/Dev/vivadzen/src/front/node_modules/@intlify/shared/dist/shared.mjs)
  at handleMissing (/Users/andrejkoval/Dev/vivadzen/src/front/node_modules/@intlify/core-base/dist/core-base.mjs)
  at resolveMessageFormat (/Users/andrejkoval/Dev/vivadzen/src/front/node_modules/@intlify/core-base/dist/core-base.mjs)
 @ http://0.0.0.0:3001/_nuxt/@fs/Users/andrejkoval/Dev/vivadzen/src/front/node_modules/consola/dist/browser.mjs?v=7b60de0d:47
[    1332ms] [WARNING] %cssr:warn%c [intlify] Fall back to translate 'title.about' with root locale. 
      background: #f39c12;
      border-radius: 0.5em;
      color: white;
      font-weight: bold;
      padding: 2px 0.5em;
      
  at warn (/Users/andrejkoval/Dev/vivadzen/src/front/node_modules/@intlify/shared/dist/shared.mjs)
  at wrapWithDeps (/Users/andrejkoval/Dev/vivadzen/src/front/node_modules/vue-i18n/dist/vue-i18n.mjs)
  at t (/Users/andrejkoval/Dev/vivadzen/src/front/node_modules/vue-i18n/dist/vue-i18n.mjs)
 @ http://0.0.0.0:3001/_nuxt/@fs/Users/andrejkoval/Dev/vivadzen/src/front/node_modules/consola/dist/browser.mjs?v=7b60de0d:47
[    1332ms] [WARNING] %cssr:warn%c [intlify] Not found 'title.contacts' key in 'en' locale messages. 
      background: #f39c12;
      border-radius: 0.5em;
      color: white;
      font-weight: bold;
      padding: 2px 0.5em;
      
  at warn (/Users/andrejkoval/Dev/vivadzen/src/front/node_modules/@intlify/shared/dist/shared.mjs)
  at handleMissing (/Users/andrejkoval/Dev/vivadzen/src/front/node_modules/@intlify/core-base/dist/core-base.mjs)
  at resolveMessageFormat (/Users/andrejkoval/Dev/vivadzen/src/front/node_modules/@intlify/core-base/dist/core-base.mjs)
 @ http://0.0.0.0:3001/_nuxt/@fs/Users/andrejkoval/Dev/vivadzen/src/front/node_modules/consola/dist/browser.mjs?v=7b60de0d:47
[    1332ms] [WARNING] %cssr:warn%c [intlify] Fall back to translate 'title.contacts' key with 'cs' locale. 
      background: #f39c12;
      border-radius: 0.5em;
      color: white;
      font-weight: bold;
      padding: 2px 0.5em;
      
  at warn (/Users/andrejkoval/Dev/vivadzen/src/front/node_modules/@intlify/shared/dist/shared.mjs)
  at resolveMessageFormat (/Users/andrejkoval/Dev/vivadzen/src/front/node_modules/@intlify/core-base/dist/core-base.mjs)
  at translate (/Users/andrejkoval/Dev/vivadzen/src/front/node_modules/@intlify/core-base/dist/core-base.mjs)
 @ http://0.0.0.0:3001/_nuxt/@fs/Users/andrejkoval/Dev/vivadzen/src/front/node_modules/consola/dist/browser.mjs?v=7b60de0d:47
[    1332ms] [WARNING] %cssr:warn%c [intlify] Not found 'title.contacts' key in 'cs' locale messages. 
      background: #f39c12;
      border-radius: 0.5em;
      color: white;
      font-weight: bold;
      padding: 2px 0.5em;
      
  at warn (/Users/andrejkoval/Dev/vivadzen/src/front/node_modules/@intlify/shared/dist/shared.mjs)
  at handleMissing (/Users/andrejkoval/Dev/vivadzen/src/front/node_modules/@intlify/core-base/dist/core-base.mjs)
  at resolveMessageFormat (/Users/andrejkoval/Dev/vivadzen/src/front/node_modules/@intlify/core-base/dist/core-base.mjs)
 @ http://0.0.0.0:3001/_nuxt/@fs/Users/andrejkoval/Dev/vivadzen/src/front/node_modules/consola/dist/browser.mjs?v=7b60de0d:47
[    1332ms] [WARNING] %cssr:warn%c [intlify] Fall back to translate 'title.contacts' with root locale. 
      background: #f39c12;
      border-radius: 0.5em;
      color: white;
      font-weight: bold;
      padding: 2px 0.5em;
      
  at warn (/Users/andrejkoval/Dev/vivadzen/src/front/node_modules/@intlify/shared/dist/shared.mjs)
  at wrapWithDeps (/Users/andrejkoval/Dev/vivadzen/src/front/node_modules/vue-i18n/dist/vue-i18n.mjs)
  at t (/Users/andrejkoval/Dev/vivadzen/src/front/node_modules/vue-i18n/dist/vue-i18n.mjs)
 @ http://0.0.0.0:3001/_nuxt/@fs/Users/andrejkoval/Dev/vivadzen/src/front/node_modules/consola/dist/browser.mjs?v=7b60de0d:47
[    1332ms] [WARNING] %cssr:warn%c [intlify] Not found 'logo_alt' key in 'en' locale messages. 
      background: #f39c12;
      border-radius: 0.5em;
      color: white;
      font-weight: bold;
      padding: 2px 0.5em;
      
  at warn (/Users/andrejkoval/Dev/vivadzen/src/front/node_modules/@intlify/shared/dist/shared.mjs)
  at handleMissing (/Users/andrejkoval/Dev/vivadzen/src/front/node_modules/@intlify/core-base/dist/core-base.mjs)
  at resolveMessageFormat (/Users/andrejkoval/Dev/vivadzen/src/front/node_modules/@intlify/core-base/dist/core-base.mjs)
 @ http://0.0.0.0:3001/_nuxt/@fs/Users/andrejkoval/Dev/vivadzen/src/front/node_modules/consola/dist/browser.mjs?v=7b60de0d:47
[    1332ms] [WARNING] %cssr:warn%c [intlify] Fall back to translate 'logo_alt' key with 'cs' locale. 
      background: #f39c12;
      border-radius: 0.5em;
      color: white;
      font-weight: bold;
      padding: 2px 0.5em;
      
  at warn (/Users/andrejkoval/Dev/vivadzen/src/front/node_modules/@intlify/shared/dist/shared.mjs)
  at resolveMessageFormat (/Users/andrejkoval/Dev/vivadzen/src/front/node_modules/@intlify/core-base/dist/core-base.mjs)
  at translate (/Users/andrejkoval/Dev/vivadzen/src/front/node_modules/@intlify/core-base/dist/core-base.mjs)
 @ http://0.0.0.0:3001/_nuxt/@fs/Users/andrejkoval/Dev/vivadzen/src/front/node_modules/consola/dist/browser.mjs?v=7b60de0d:47
[    1332ms] [WARNING] %cssr:warn%c [intlify] Not found 'logo_alt' key in 'cs' locale messages. 
      background: #f39c12;
      border-radius: 0.5em;
      color: white;
      font-weight: bold;
      padding: 2px 0.5em;
      
  at warn (/Users/andrejkoval/Dev/vivadzen/src/front/node_modules/@intlify/shared/dist/shared.mjs)
  at handleMissing (/Users/andrejkoval/Dev/vivadzen/src/front/node_modules/@intlify/core-base/dist/core-base.mjs)
  at resolveMessageFormat (/Users/andrejkoval/Dev/vivadzen/src/front/node_modules/@intlify/core-base/dist/core-base.mjs)
 @ http://0.0.0.0:3001/_nuxt/@fs/Users/andrejkoval/Dev/vivadzen/src/front/node_modules/consola/dist/browser.mjs?v=7b60de0d:47
[    1332ms] [WARNING] %cssr:warn%c [intlify] Fall back to translate 'logo_alt' with root locale. 
      background: #f39c12;
      border-radius: 0.5em;
      color: white;
      font-weight: bold;
      padding: 2px 0.5em;
      
  at warn (/Users/andrejkoval/Dev/vivadzen/src/front/node_modules/@intlify/shared/dist/shared.mjs)
  at wrapWithDeps (/Users/andrejkoval/Dev/vivadzen/src/front/node_modules/vue-i18n/dist/vue-i18n.mjs)
  at Proxy.t (/Users/andrejkoval/Dev/vivadzen/src/front/node_modules/vue-i18n/dist/vue-i18n.mjs)
 @ http://0.0.0.0:3001/_nuxt/@fs/Users/andrejkoval/Dev/vivadzen/src/front/node_modules/consola/dist/browser.mjs?v=7b60de0d:47
[    1332ms] [WARNING] %cssr:warn%c [intlify] Not found 'logo_alt' key in 'en' locale messages. 
      background: #f39c12;
      border-radius: 0.5em;
      color: white;
      font-weight: bold;
      padding: 2px 0.5em;
      
  at warn (/Users/andrejkoval/Dev/vivadzen/src/front/node_modules/@intlify/shared/dist/shared.mjs)
  at handleMissing (/Users/andrejkoval/Dev/vivadzen/src/front/node_modules/@intlify/core-base/dist/core-base.mjs)
  at resolveMessageFormat (/Users/andrejkoval/Dev/vivadzen/src/front/node_modules/@intlify/core-base/dist/core-base.mjs)
 @ http://0.0.0.0:3001/_nuxt/@fs/Users/andrejkoval/Dev/vivadzen/src/front/node_modules/consola/dist/browser.mjs?v=7b60de0d:47
[    1332ms] [WARNING] %cssr:warn%c [intlify] Fall back to translate 'logo_alt' key with 'cs' locale. 
      background: #f39c12;
      border-radius: 0.5em;
      color: white;
      font-weight: bold;
      padding: 2px 0.5em;
      
  at warn (/Users/andrejkoval/Dev/vivadzen/src/front/node_modules/@intlify/shared/dist/shared.mjs)
  at resolveMessageFormat (/Users/andrejkoval/Dev/vivadzen/src/front/node_modules/@intlify/core-base/dist/core-base.mjs)
  at translate (/Users/andrejkoval/Dev/vivadzen/src/front/node_modules/@intlify/core-base/dist/core-base.mjs)
 @ http://0.0.0.0:3001/_nuxt/@fs/Users/andrejkoval/Dev/vivadzen/src/front/node_modules/consola/dist/browser.mjs?v=7b60de0d:47
[    1332ms] [WARNING] %cssr:warn%c [intlify] Not found 'logo_alt' key in 'cs' locale messages. 
      background: #f39c12;
      border-radius: 0.5em;
      color: white;
      font-weight: bold;
      padding: 2px 0.5em;
      
  at warn (/Users/andrejkoval/Dev/vivadzen/src/front/node_modules/@intlify/shared/dist/shared.mjs)
  at handleMissing (/Users/andrejkoval/Dev/vivadzen/src/front/node_modules/@intlify/core-base/dist/core-base.mjs)
  at resolveMessageFormat (/Users/andrejkoval/Dev/vivadzen/src/front/node_modules/@intlify/core-base/dist/core-base.mjs)
 @ http://0.0.0.0:3001/_nuxt/@fs/Users/andrejkoval/Dev/vivadzen/src/front/node_modules/consola/dist/browser.mjs?v=7b60de0d:47
[    1332ms] [WARNING] %cssr:warn%c [intlify] Not found 'title.cart' key in 'en' locale messages. 
      background: #f39c12;
      border-radius: 0.5em;
      color: white;
      font-weight: bold;
      padding: 2px 0.5em;
      
  at warn (/Users/andrejkoval/Dev/vivadzen/src/front/node_modules/@intlify/shared/dist/shared.mjs)
  at handleMissing (/Users/andrejkoval/Dev/vivadzen/src/front/node_modules/@intlify/core-base/dist/core-base.mjs)
  at resolveMessageFormat (/Users/andrejkoval/Dev/vivadzen/src/front/node_modules/@intlify/core-base/dist/core-base.mjs)
 @ http://0.0.0.0:3001/_nuxt/@fs/Users/andrejkoval/Dev/vivadzen/src/front/node_modules/consola/dist/browser.mjs?v=7b60de0d:47
[    1332ms] [WARNING] %cssr:warn%c [intlify] Fall back to translate 'title.cart' key with 'cs' locale. 
      background: #f39c12;
      border-radius: 0.5em;
      color: white;
      font-weight: bold;
      padding: 2px 0.5em;
      
  at warn (/Users/andrejkoval/Dev/vivadzen/src/front/node_modules/@intlify/shared/dist/shared.mjs)
  at resolveMessageFormat (/Users/andrejkoval/Dev/vivadzen/src/front/node_modules/@intlify/core-base/dist/core-base.mjs)
  at translate (/Users/andrejkoval/Dev/vivadzen/src/front/node_modules/@intlify/core-base/dist/core-base.mjs)
 @ http://0.0.0.0:3001/_nuxt/@fs/Users/andrejkoval/Dev/vivadzen/src/front/node_modules/consola/dist/browser.mjs?v=7b60de0d:47
[    1332ms] [WARNING] %cssr:warn%c [intlify] Not found 'title.cart' key in 'cs' locale messages. 
      background: #f39c12;
      border-radius: 0.5em;
      color: white;
      font-weight: bold;
      padding: 2px 0.5em;
      
  at warn (/Users/andrejkoval/Dev/vivadzen/src/front/node_modules/@intlify/shared/dist/shared.mjs)
  at handleMissing (/Users/andrejkoval/Dev/vivadzen/src/front/node_modules/@intlify/core-base/dist/core-base.mjs)
  at resolveMessageFormat (/Users/andrejkoval/Dev/vivadzen/src/front/node_modules/@intlify/core-base/dist/core-base.mjs)
 @ http://0.0.0.0:3001/_nuxt/@fs/Users/andrejkoval/Dev/vivadzen/src/front/node_modules/consola/dist/browser.mjs?v=7b60de0d:47
[    1332ms] [WARNING] %cssr:warn%c [intlify] Fall back to translate 'title.cart' with root locale. 
      background: #f39c12;
      border-radius: 0.5em;
      color: white;
      font-weight: bold;
      padding: 2px 0.5em;
      
  at warn (/Users/andrejkoval/Dev/vivadzen/src/front/node_modules/@intlify/shared/dist/shared.mjs)
  at wrapWithDeps (/Users/andrejkoval/Dev/vivadzen/src/front/node_modules/vue-i18n/dist/vue-i18n.mjs)
  at Proxy.t (/Users/andrejkoval/Dev/vivadzen/src/front/node_modules/vue-i18n/dist/vue-i18n.mjs)
 @ http://0.0.0.0:3001/_nuxt/@fs/Users/andrejkoval/Dev/vivadzen/src/front/node_modules/consola/dist/browser.mjs?v=7b60de0d:47
[    1332ms] [WARNING] %cssr:warn%c [intlify] Not found 'title.catalog' key in 'en' locale messages. 
      background: #f39c12;
      border-radius: 0.5em;
      color: white;
      font-weight: bold;
      padding: 2px 0.5em;
      
  at warn (/Users/andrejkoval/Dev/vivadzen/src/front/node_modules/@intlify/shared/dist/shared.mjs)
  at handleMissing (/Users/andrejkoval/Dev/vivadzen/src/front/node_modules/@intlify/core-base/dist/core-base.mjs)
  at resolveMessageFormat (/Users/andrejkoval/Dev/vivadzen/src/front/node_modules/@intlify/core-base/dist/core-base.mjs)
 @ http://0.0.0.0:3001/_nuxt/@fs/Users/andrejkoval/Dev/vivadzen/src/front/node_modules/consola/dist/browser.mjs?v=7b60de0d:47
[    1332ms] [WARNING] %cssr:warn%c [intlify] Fall back to translate 'title.catalog' key with 'cs' locale. 
      background: #f39c12;
      border-radius: 0.5em;
      color: white;
      font-weight: bold;
      padding: 2px 0.5em;
      
  at warn (/Users/andrejkoval/Dev/vivadzen/src/front/node_modules/@intlify/shared/dist/shared.mjs)
  at resolveMessageFormat (/Users/andrejkoval/Dev/vivadzen/src/front/node_modules/@intlify/core-base/dist/core-base.mjs)
  at translate (/Users/andrejkoval/Dev/vivadzen/src/front/node_modules/@intlify/core-base/dist/core-base.mjs)
 @ http://0.0.0.0:3001/_nuxt/@fs/Users/andrejkoval/Dev/vivadzen/src/front/node_modules/consola/dist/browser.mjs?v=7b60de0d:47
[    1332ms] [WARNING] %cssr:warn%c [intlify] Not found 'title.catalog' key in 'cs' locale messages. 
      background: #f39c12;
      border-radius: 0.5em;
      color: white;
      font-weight: bold;
      padding: 2px 0.5em;
      
  at warn (/Users/andrejkoval/Dev/vivadzen/src/front/node_modules/@intlify/shared/dist/shared.mjs)
  at handleMissing (/Users/andrejkoval/Dev/vivadzen/src/front/node_modules/@intlify/core-base/dist/core-base.mjs)
  at resolveMessageFormat (/Users/andrejkoval/Dev/vivadzen/src/front/node_modules/@intlify/core-base/dist/core-base.mjs)
 @ http://0.0.0.0:3001/_nuxt/@fs/Users/andrejkoval/Dev/vivadzen/src/front/node_modules/consola/dist/browser.mjs?v=7b60de0d:47
[    1332ms] [WARNING] %cssr:warn%c [intlify] Fall back to translate 'title.catalog' with root locale. 
      background: #f39c12;
      border-radius: 0.5em;
      color: white;
      font-weight: bold;
      padding: 2px 0.5em;
      
  at warn (/Users/andrejkoval/Dev/vivadzen/src/front/node_modules/@intlify/shared/dist/shared.mjs)
  at wrapWithDeps (/Users/andrejkoval/Dev/vivadzen/src/front/node_modules/vue-i18n/dist/vue-i18n.mjs)
  at t (/Users/andrejkoval/Dev/vivadzen/src/front/node_modules/vue-i18n/dist/vue-i18n.mjs)
 @ http://0.0.0.0:3001/_nuxt/@fs/Users/andrejkoval/Dev/vivadzen/src/front/node_modules/consola/dist/browser.mjs?v=7b60de0d:47
[    1332ms] [WARNING] %cssr:warn%c [intlify] Not found 'title.blog' key in 'en' locale messages. 
      background: #f39c12;
      border-radius: 0.5em;
      color: white;
      font-weight: bold;
      padding: 2px 0.5em;
      
  at warn (/Users/andrejkoval/Dev/vivadzen/src/front/node_modules/@intlify/shared/dist/shared.mjs)
  at handleMissing (/Users/andrejkoval/Dev/vivadzen/src/front/node_modules/@intlify/core-base/dist/core-base.mjs)
  at resolveMessageFormat (/Users/andrejkoval/Dev/vivadzen/src/front/node_modules/@intlify/core-base/dist/core-base.mjs)
 @ http://0.0.0.0:3001/_nuxt/@fs/Users/andrejkoval/Dev/vivadzen/src/front/node_modules/consola/dist/browser.mjs?v=7b60de0d:47
[    1332ms] [WARNING] %cssr:warn%c [intlify] Fall back to translate 'title.blog' key with 'cs' locale. 
      background: #f39c12;
      border-radius: 0.5em;
      color: white;
      font-weight: bold;
      padding: 2px 0.5em;
      
  at warn (/Users/andrejkoval/Dev/vivadzen/src/front/node_modules/@intlify/shared/dist/shared.mjs)
  at resolveMessageFormat (/Users/andrejkoval/Dev/vivadzen/src/front/node_modules/@intlify/core-base/dist/core-base.mjs)
  at translate (/Users/andrejkoval/Dev/vivadzen/src/front/node_modules/@intlify/core-base/dist/core-base.mjs)
 @ http://0.0.0.0:3001/_nuxt/@fs/Users/andrejkoval/Dev/vivadzen/src/front/node_modules/consola/dist/browser.mjs?v=7b60de0d:47
[    1332ms] [WARNING] %cssr:warn%c [intlify] Not found 'title.blog' key in 'cs' locale messages. 
      background: #f39c12;
      border-radius: 0.5em;
      color: white;
      font-weight: bold;
      padding: 2px 0.5em;
      
  at warn (/Users/andrejkoval/Dev/vivadzen/src/front/node_modules/@intlify/shared/dist/shared.mjs)
  at handleMissing (/Users/andrejkoval/Dev/vivadzen/src/front/node_modules/@intlify/core-base/dist/core-base.mjs)
  at resolveMessageFormat (/Users/andrejkoval/Dev/vivadzen/src/front/node_modules/@intlify/core-base/dist/core-base.mjs)
 @ http://0.0.0.0:3001/_nuxt/@fs/Users/andrejkoval/Dev/vivadzen/src/front/node_modules/consola/dist/browser.mjs?v=7b60de0d:47
[    1332ms] [WARNING] %cssr:warn%c [intlify] Fall back to translate 'title.blog' with root locale. 
      background: #f39c12;
      border-radius: 0.5em;
      color: white;
      font-weight: bold;
      padding: 2px 0.5em;
      
  at warn (/Users/andrejkoval/Dev/vivadzen/src/front/node_modules/@intlify/shared/dist/shared.mjs)
  at wrapWithDeps (/Users/andrejkoval/Dev/vivadzen/src/front/node_modules/vue-i18n/dist/vue-i18n.mjs)
  at t (/Users/andrejkoval/Dev/vivadzen/src/front/node_modules/vue-i18n/dist/vue-i18n.mjs)
 @ http://0.0.0.0:3001/_nuxt/@fs/Users/andrejkoval/Dev/vivadzen/src/front/node_modules/consola/dist/browser.mjs?v=7b60de0d:47
[    1332ms] [WARNING] %cssr:warn%c [intlify] Not found 'title.reviews' key in 'en' locale messages. 
      background: #f39c12;
      border-radius: 0.5em;
      color: white;
      font-weight: bold;
      padding: 2px 0.5em;
      
  at warn (/Users/andrejkoval/Dev/vivadzen/src/front/node_modules/@intlify/shared/dist/shared.mjs)
  at handleMissing (/Users/andrejkoval/Dev/vivadzen/src/front/node_modules/@intlify/core-base/dist/core-base.mjs)
  at resolveMessageFormat (/Users/andrejkoval/Dev/vivadzen/src/front/node_modules/@intlify/core-base/dist/core-base.mjs)
 @ http://0.0.0.0:3001/_nuxt/@fs/Users/andrejkoval/Dev/vivadzen/src/front/node_modules/consola/dist/browser.mjs?v=7b60de0d:47
[    1332ms] [WARNING] %cssr:warn%c [intlify] Fall back to translate 'title.reviews' key with 'cs' locale. 
      background: #f39c12;
      border-radius: 0.5em;
      color: white;
      font-weight: bold;
      padding: 2px 0.5em;
      
  at warn (/Users/andrejkoval/Dev/vivadzen/src/front/node_modules/@intlify/shared/dist/shared.mjs)
  at resolveMessageFormat (/Users/andrejkoval/Dev/vivadzen/src/front/node_modules/@intlify/core-base/dist/core-base.mjs)
  at translate (/Users/andrejkoval/Dev/vivadzen/src/front/node_modules/@intlify/core-base/dist/core-base.mjs)
 @ http://0.0.0.0:3001/_nuxt/@fs/Users/andrejkoval/Dev/vivadzen/src/front/node_modules/consola/dist/browser.mjs?v=7b60de0d:47
[    1332ms] [WARNING] %cssr:warn%c [intlify] Not found 'title.reviews' key in 'cs' locale messages. 
      background: #f39c12;
      border-radius: 0.5em;
      color: white;
      font-weight: bold;
      padding: 2px 0.5em;
      
  at warn (/Users/andrejkoval/Dev/vivadzen/src/front/node_modules/@intlify/shared/dist/shared.mjs)
  at handleMissing (/Users/andrejkoval/Dev/vivadzen/src/front/node_modules/@intlify/core-base/dist/core-base.mjs)
  at resolveMessageFormat (/Users/andrejkoval/Dev/vivadzen/src/front/node_modules/@intlify/core-base/dist/core-base.mjs)
 @ http://0.0.0.0:3001/_nuxt/@fs/Users/andrejkoval/Dev/vivadzen/src/front/node_modules/consola/dist/browser.mjs?v=7b60de0d:47
[    1332ms] [WARNING] %cssr:warn%c [intlify] Fall back to translate 'title.reviews' with root locale. 
      background: #f39c12;
      border-radius: 0.5em;
      color: white;
      font-weight: bold;
      padding: 2px 0.5em;
      
  at warn (/Users/andrejkoval/Dev/vivadzen/src/front/node_modules/@intlify/shared/dist/shared.mjs)
  at wrapWithDeps (/Users/andrejkoval/Dev/vivadzen/src/front/node_modules/vue-i18n/dist/vue-i18n.mjs)
  at t (/Users/andrejkoval/Dev/vivadzen/src/front/node_modules/vue-i18n/dist/vue-i18n.mjs)
 @ http://0.0.0.0:3001/_nuxt/@fs/Users/andrejkoval/Dev/vivadzen/src/front/node_modules/consola/dist/browser.mjs?v=7b60de0d:47
[    1332ms] [WARNING] %cssr:warn%c [intlify] Not found 'title.about' key in 'en' locale messages. 
      background: #f39c12;
      border-radius: 0.5em;
      color: white;
      font-weight: bold;
      padding: 2px 0.5em;
      
  at warn (/Users/andrejkoval/Dev/vivadzen/src/front/node_modules/@intlify/shared/dist/shared.mjs)
  at handleMissing (/Users/andrejkoval/Dev/vivadzen/src/front/node_modules/@intlify/core-base/dist/core-base.mjs)
  at resolveMessageFormat (/Users/andrejkoval/Dev/vivadzen/src/front/node_modules/@intlify/core-base/dist/core-base.mjs)
 @ http://0.0.0.0:3001/_nuxt/@fs/Users/andrejkoval/Dev/vivadzen/src/front/node_modules/consola/dist/browser.mjs?v=7b60de0d:47
[    1332ms] [WARNING] %cssr:warn%c [intlify] Fall back to translate 'title.about' key with 'cs' locale. 
      background: #f39c12;
      border-radius: 0.5em;
      color: white;
      font-weight: bold;
      padding: 2px 0.5em;
      
  at warn (/Users/andrejkoval/Dev/vivadzen/src/front/node_modules/@intlify/shared/dist/shared.mjs)
  at resolveMessageFormat (/Users/andrejkoval/Dev/vivadzen/src/front/node_modules/@intlify/core-base/dist/core-base.mjs)
  at translate (/Users/andrejkoval/Dev/vivadzen/src/front/node_modules/@intlify/core-base/dist/core-base.mjs)
 @ http://0.0.0.0:3001/_nuxt/@fs/Users/andrejkoval/Dev/vivadzen/src/front/node_modules/consola/dist/browser.mjs?v=7b60de0d:47
[    1332ms] [WARNING] %cssr:warn%c [intlify] Not found 'title.about' key in 'cs' locale messages. 
      background: #f39c12;
      border-radius: 0.5em;
      color: white;
      font-weight: bold;
      padding: 2px 0.5em;
      
  at warn (/Users/andrejkoval/Dev/vivadzen/src/front/node_modules/@intlify/shared/dist/shared.mjs)
  at handleMissing (/Users/andrejkoval/Dev/vivadzen/src/front/node_modules/@intlify/core-base/dist/core-base.mjs)
  at resolveMessageFormat (/Users/andrejkoval/Dev/vivadzen/src/front/node_modules/@intlify/core-base/dist/core-base.mjs)
 @ http://0.0.0.0:3001/_nuxt/@fs/Users/andrejkoval/Dev/vivadzen/src/front/node_modules/consola/dist/browser.mjs?v=7b60de0d:47
[    1332ms] [WARNING] %cssr:warn%c [intlify] Fall back to translate 'title.about' with root locale. 
      background: #f39c12;
      border-radius: 0.5em;
      color: white;
      font-weight: bold;
      padding: 2px 0.5em;
      
  at warn (/Users/andrejkoval/Dev/vivadzen/src/front/node_modules/@intlify/shared/dist/shared.mjs)
  at wrapWithDeps (/Users/andrejkoval/Dev/vivadzen/src/front/node_modules/vue-i18n/dist/vue-i18n.mjs)
  at t (/Users/andrejkoval/Dev/vivadzen/src/front/node_modules/vue-i18n/dist/vue-i18n.mjs)
 @ http://0.0.0.0:3001/_nuxt/@fs/Users/andrejkoval/Dev/vivadzen/src/front/node_modules/consola/dist/browser.mjs?v=7b60de0d:47
[    1332ms] [WARNING] %cssr:warn%c [intlify] Not found 'title.contacts' key in 'en' locale messages. 
      background: #f39c12;
      border-radius: 0.5em;
      color: white;
      font-weight: bold;
      padding: 2px 0.5em;
      
  at warn (/Users/andrejkoval/Dev/vivadzen/src/front/node_modules/@intlify/shared/dist/shared.mjs)
  at handleMissing (/Users/andrejkoval/Dev/vivadzen/src/front/node_modules/@intlify/core-base/dist/core-base.mjs)
  at resolveMessageFormat (/Users/andrejkoval/Dev/vivadzen/src/front/node_modules/@intlify/core-base/dist/core-base.mjs)
 @ http://0.0.0.0:3001/_nuxt/@fs/Users/andrejkoval/Dev/vivadzen/src/front/node_modules/consola/dist/browser.mjs?v=7b60de0d:47
[    1332ms] [WARNING] %cssr:warn%c [intlify] Fall back to translate 'title.contacts' key with 'cs' locale. 
      background: #f39c12;
      border-radius: 0.5em;
      color: white;
      font-weight: bold;
      padding: 2px 0.5em;
      
  at warn (/Users/andrejkoval/Dev/vivadzen/src/front/node_modules/@intlify/shared/dist/shared.mjs)
  at resolveMessageFormat (/Users/andrejkoval/Dev/vivadzen/src/front/node_modules/@intlify/core-base/dist/core-base.mjs)
  at translate (/Users/andrejkoval/Dev/vivadzen/src/front/node_modules/@intlify/core-base/dist/core-base.mjs)
 @ http://0.0.0.0:3001/_nuxt/@fs/Users/andrejkoval/Dev/vivadzen/src/front/node_modules/consola/dist/browser.mjs?v=7b60de0d:47
[    1332ms] [WARNING] %cssr:warn%c [intlify] Not found 'title.contacts' key in 'cs' locale messages. 
      background: #f39c12;
      border-radius: 0.5em;
      color: white;
      font-weight: bold;
      padding: 2px 0.5em;
      
  at warn (/Users/andrejkoval/Dev/vivadzen/src/front/node_modules/@intlify/shared/dist/shared.mjs)
  at handleMissing (/Users/andrejkoval/Dev/vivadzen/src/front/node_modules/@intlify/core-base/dist/core-base.mjs)
  at resolveMessageFormat (/Users/andrejkoval/Dev/vivadzen/src/front/node_modules/@intlify/core-base/dist/core-base.mjs)
 @ http://0.0.0.0:3001/_nuxt/@fs/Users/andrejkoval/Dev/vivadzen/src/front/node_modules/consola/dist/browser.mjs?v=7b60de0d:47
[    1332ms] [WARNING] %cssr:warn%c [intlify] Fall back to translate 'title.contacts' with root locale. 
      background: #f39c12;
      border-radius: 0.5em;
      color: white;
      font-weight: bold;
      padding: 2px 0.5em;
      
  at warn (/Users/andrejkoval/Dev/vivadzen/src/front/node_modules/@intlify/shared/dist/shared.mjs)
  at wrapWithDeps (/Users/andrejkoval/Dev/vivadzen/src/front/node_modules/vue-i18n/dist/vue-i18n.mjs)
  at t (/Users/andrejkoval/Dev/vivadzen/src/front/node_modules/vue-i18n/dist/vue-i18n.mjs)
 @ http://0.0.0.0:3001/_nuxt/@fs/Users/andrejkoval/Dev/vivadzen/src/front/node_modules/consola/dist/browser.mjs?v=7b60de0d:47
[    1332ms] [WARNING] %cssr:warn%c [intlify] Not found parent scope. use the global scope. 
      background: #f39c12;
      border-radius: 0.5em;
      color: white;
      font-weight: bold;
      padding: 2px 0.5em;
      
  at warn (/Users/andrejkoval/Dev/vivadzen/src/front/node_modules/@intlify/shared/dist/shared.mjs)
  at useI18n (/Users/andrejkoval/Dev/vivadzen/src/front/node_modules/vue-i18n/dist/vue-i18n.mjs)
  at setup (/Users/andrejkoval/Dev/vivadzen/src/front/node_modules/vue-i18n/dist/vue-i18n.mjs)
 @ http://0.0.0.0:3001/_nuxt/@fs/Users/andrejkoval/Dev/vivadzen/src/front/node_modules/consola/dist/browser.mjs?v=7b60de0d:47
[    1332ms] [WARNING] %cssr:warn%c [intlify] Not found parent scope. use the global scope. 
      background: #f39c12;
      border-radius: 0.5em;
      color: white;
      font-weight: bold;
      padding: 2px 0.5em;
      
  at warn (/Users/andrejkoval/Dev/vivadzen/src/front/node_modules/@intlify/shared/dist/shared.mjs)
  at useI18n (/Users/andrejkoval/Dev/vivadzen/src/front/node_modules/vue-i18n/dist/vue-i18n.mjs)
  at setup (/Users/andrejkoval/Dev/vivadzen/src/front/node_modules/vue-i18n/dist/vue-i18n.mjs)
 @ http://0.0.0.0:3001/_nuxt/@fs/Users/andrejkoval/Dev/vivadzen/src/front/node_modules/consola/dist/browser.mjs?v=7b60de0d:47
[    1332ms] [WARNING] %cssr:warn%c [intlify] Not found parent scope. use the global scope. 
      background: #f39c12;
      border-radius: 0.5em;
      color: white;
      font-weight: bold;
      padding: 2px 0.5em;
      
  at warn (/Users/andrejkoval/Dev/vivadzen/src/front/node_modules/@intlify/shared/dist/shared.mjs)
  at useI18n (/Users/andrejkoval/Dev/vivadzen/src/front/node_modules/vue-i18n/dist/vue-i18n.mjs)
  at setup (/Users/andrejkoval/Dev/vivadzen/src/front/node_modules/vue-i18n/dist/vue-i18n.mjs)
 @ http://0.0.0.0:3001/_nuxt/@fs/Users/andrejkoval/Dev/vivadzen/src/front/node_modules/consola/dist/browser.mjs?v=7b60de0d:47
[    1332ms] [WARNING] %cssr:warn%c [intlify] Not found parent scope. use the global scope. 
      background: #f39c12;
      border-radius: 0.5em;
      color: white;
      font-weight: bold;
      padding: 2px 0.5em;
      
  at warn (/Users/andrejkoval/Dev/vivadzen/src/front/node_modules/@intlify/shared/dist/shared.mjs)
  at useI18n (/Users/andrejkoval/Dev/vivadzen/src/front/node_modules/vue-i18n/dist/vue-i18n.mjs)
  at setup (/Users/andrejkoval/Dev/vivadzen/src/front/node_modules/vue-i18n/dist/vue-i18n.mjs)
 @ http://0.0.0.0:3001/_nuxt/@fs/Users/andrejkoval/Dev/vivadzen/src/front/node_modules/consola/dist/browser.mjs?v=7b60de0d:47
[    1332ms] [WARNING] %cssr:warn%c [intlify] Not found parent scope. use the global scope. 
      background: #f39c12;
      border-radius: 0.5em;
      color: white;
      font-weight: bold;
      padding: 2px 0.5em;
      
  at warn (/Users/andrejkoval/Dev/vivadzen/src/front/node_modules/@intlify/shared/dist/shared.mjs)
  at useI18n (/Users/andrejkoval/Dev/vivadzen/src/front/node_modules/vue-i18n/dist/vue-i18n.mjs)
  at setup (/Users/andrejkoval/Dev/vivadzen/src/front/node_modules/vue-i18n/dist/vue-i18n.mjs)
 @ http://0.0.0.0:3001/_nuxt/@fs/Users/andrejkoval/Dev/vivadzen/src/front/node_modules/consola/dist/browser.mjs?v=7b60de0d:47
[    1332ms] [WARNING] %cssr:warn%c [intlify] Not found parent scope. use the global scope. 
      background: #f39c12;
      border-radius: 0.5em;
      color: white;
      font-weight: bold;
      padding: 2px 0.5em;
      
  at timeLogImpl (node:internal/console/constructor)
  at node:internal/console/constructor
  at timeLogImpl (node:internal/util/debuglog)
 @ http://0.0.0.0:3001/_nuxt/@fs/Users/andrejkoval/Dev/vivadzen/src/front/node_modules/consola/dist/browser.mjs?v=7b60de0d:47
[    1332ms] [LOG] %cssr%c %s: %s 
      background: #7f8c8d;
      border-radius: 0.5em;
      color: white;
      font-weight: bold;
      padding: 2px 0.5em;
      [nuxt-app] app:rendered 0.069ms 
  at timeLogImpl (node:internal/console/constructor)
  at node:internal/console/constructor
  at timeLogImpl (node:internal/util/debuglog)
 @ http://0.0.0.0:3001/_nuxt/@fs/Users/andrejkoval/Dev/vivadzen/src/front/node_modules/consola/dist/browser.mjs?v=7b60de0d:47
[    1333ms] [LOG] %cssr%c %s: %s 
      background: #7f8c8d;
      border-radius: 0.5em;
      color: white;
      font-weight: bold;
      padding: 2px 0.5em;
      [nuxt-app] schema-org:meta 0.009ms 
  at timeLogImpl (node:internal/console/constructor)
  at node:internal/console/constructor
  at timeLogImpl (node:internal/util/debuglog)
 @ http://0.0.0.0:3001/_nuxt/@fs/Users/andrejkoval/Dev/vivadzen/src/front/node_modules/consola/dist/browser.mjs?v=7b60de0d:47
[    1333ms] [LOG] [nuxt-app] dev:ssr-logs: 1.846923828125 ms [Array(67)] @ http://0.0.0.0:3001/_nuxt/@fs/Users/andrejkoval/Dev/vivadzen/src/front/node_modules/hookable/dist/index.mjs?v=7b60de0d:271
[    1334ms] [LOG] [nuxt-app] page:loading:start: 0.037109375 ms [] @ http://0.0.0.0:3001/_nuxt/@fs/Users/andrejkoval/Dev/vivadzen/src/front/node_modules/hookable/dist/index.mjs?v=7b60de0d:271
[    1348ms] [WARNING] Timer '[nuxt-app] i18n:beforeLocaleSwitch' already exists @ http://0.0.0.0:3001/_nuxt/@fs/Users/andrejkoval/Dev/vivadzen/src/front/node_modules/hookable/dist/index.mjs?v=7b60de0d:261
[    1348ms] [LOG] [nuxt-app] i18n:beforeLocaleSwitch: 20.5341796875 ms [Object] @ http://0.0.0.0:3001/_nuxt/@fs/Users/andrejkoval/Dev/vivadzen/src/front/node_modules/hookable/dist/index.mjs?v=7b60de0d:271
[    1349ms] [LOG] [nuxt-app] app:created: 15.14501953125 ms [Object] @ http://0.0.0.0:3001/_nuxt/@fs/Users/andrejkoval/Dev/vivadzen/src/front/node_modules/hookable/dist/index.mjs?v=7b60de0d:271
[    1349ms] [LOG] [nuxt-app] app:beforeMount: 0.01416015625 ms [Object] @ http://0.0.0.0:3001/_nuxt/@fs/Users/andrejkoval/Dev/vivadzen/src/front/node_modules/hookable/dist/index.mjs?v=7b60de0d:271
[    1349ms] [LOG] [nuxt-app] vue:setup: 0.06103515625 ms [] @ http://0.0.0.0:3001/_nuxt/@fs/Users/andrejkoval/Dev/vivadzen/src/front/node_modules/hookable/dist/index.mjs?v=7b60de0d:271
[    1350ms] [INFO] <Suspense> is an experimental feature and its API will likely change. @ http://0.0.0.0:3001/_nuxt/@fs/Users/andrejkoval/Dev/vivadzen/src/front/node_modules/@vue/runtime-core/dist/runtime-core.esm-bundler.js?v=7b60de0d:7155
[    1350ms] [LOG] [nuxt-app] app:mounted: 0.05810546875 ms [Object] @ http://0.0.0.0:3001/_nuxt/@fs/Users/andrejkoval/Dev/vivadzen/src/front/node_modules/hookable/dist/index.mjs?v=7b60de0d:271
[    1351ms] [LOG] [Content] WS connect to ws://localhost:4000/ws @ http://0.0.0.0:3001/_nuxt/@fs/Users/andrejkoval/Dev/vivadzen/src/front/node_modules/@nuxt/content/dist/runtime/composables/web-socket.js?v=7b60de0d:4
[    1382ms] [LOG] [Content] WS connected! @ http://0.0.0.0:3001/_nuxt/@fs/Users/andrejkoval/Dev/vivadzen/src/front/node_modules/@nuxt/content/dist/runtime/composables/web-socket.js?v=7b60de0d:4
[    1387ms] [WARNING] [intlify] Not found 'title.catalog' key in 'en' locale messages. @ http://0.0.0.0:3001/_nuxt/node_modules/.cache/vite/client/deps/chunk-LY4OWT6B.js?v=7b60de0d:3
[    1387ms] [WARNING] [intlify] Fall back to translate 'title.catalog' key with 'cs' locale. @ http://0.0.0.0:3001/_nuxt/node_modules/.cache/vite/client/deps/chunk-LY4OWT6B.js?v=7b60de0d:3
[    1387ms] [WARNING] [intlify] Not found 'title.catalog' key in 'cs' locale messages. @ http://0.0.0.0:3001/_nuxt/node_modules/.cache/vite/client/deps/chunk-LY4OWT6B.js?v=7b60de0d:3
[    1387ms] [WARNING] [intlify] Fall back to translate 'title.catalog' with root locale. @ http://0.0.0.0:3001/_nuxt/node_modules/.cache/vite/client/deps/chunk-LY4OWT6B.js?v=7b60de0d:3
[    1387ms] [WARNING] [intlify] Not found 'title.blog' key in 'en' locale messages. @ http://0.0.0.0:3001/_nuxt/node_modules/.cache/vite/client/deps/chunk-LY4OWT6B.js?v=7b60de0d:3
[    1388ms] [WARNING] [intlify] Fall back to translate 'title.blog' key with 'cs' locale. @ http://0.0.0.0:3001/_nuxt/node_modules/.cache/vite/client/deps/chunk-LY4OWT6B.js?v=7b60de0d:3
[    1388ms] [WARNING] [intlify] Not found 'title.blog' key in 'cs' locale messages. @ http://0.0.0.0:3001/_nuxt/node_modules/.cache/vite/client/deps/chunk-LY4OWT6B.js?v=7b60de0d:3
[    1388ms] [WARNING] [intlify] Fall back to translate 'title.blog' with root locale. @ http://0.0.0.0:3001/_nuxt/node_modules/.cache/vite/client/deps/chunk-LY4OWT6B.js?v=7b60de0d:3
[    1388ms] [WARNING] [intlify] Not found 'title.reviews' key in 'en' locale messages. @ http://0.0.0.0:3001/_nuxt/node_modules/.cache/vite/client/deps/chunk-LY4OWT6B.js?v=7b60de0d:3
[    1388ms] [WARNING] [intlify] Fall back to translate 'title.reviews' key with 'cs' locale. @ http://0.0.0.0:3001/_nuxt/node_modules/.cache/vite/client/deps/chunk-LY4OWT6B.js?v=7b60de0d:3
[    1388ms] [WARNING] [intlify] Not found 'title.reviews' key in 'cs' locale messages. @ http://0.0.0.0:3001/_nuxt/node_modules/.cache/vite/client/deps/chunk-LY4OWT6B.js?v=7b60de0d:3
[    1388ms] [WARNING] [intlify] Fall back to translate 'title.reviews' with root locale. @ http://0.0.0.0:3001/_nuxt/node_modules/.cache/vite/client/deps/chunk-LY4OWT6B.js?v=7b60de0d:3
[    1388ms] [WARNING] [intlify] Not found 'title.about' key in 'en' locale messages. @ http://0.0.0.0:3001/_nuxt/node_modules/.cache/vite/client/deps/chunk-LY4OWT6B.js?v=7b60de0d:3
[    1388ms] [WARNING] [intlify] Fall back to translate 'title.about' key with 'cs' locale. @ http://0.0.0.0:3001/_nuxt/node_modules/.cache/vite/client/deps/chunk-LY4OWT6B.js?v=7b60de0d:3
[    1388ms] [WARNING] [intlify] Not found 'title.about' key in 'cs' locale messages. @ http://0.0.0.0:3001/_nuxt/node_modules/.cache/vite/client/deps/chunk-LY4OWT6B.js?v=7b60de0d:3
[    1388ms] [WARNING] [intlify] Fall back to translate 'title.about' with root locale. @ http://0.0.0.0:3001/_nuxt/node_modules/.cache/vite/client/deps/chunk-LY4OWT6B.js?v=7b60de0d:3
[    1388ms] [WARNING] [intlify] Not found 'title.contacts' key in 'en' locale messages. @ http://0.0.0.0:3001/_nuxt/node_modules/.cache/vite/client/deps/chunk-LY4OWT6B.js?v=7b60de0d:3
[    1388ms] [WARNING] [intlify] Fall back to translate 'title.contacts' key with 'cs' locale. @ http://0.0.0.0:3001/_nuxt/node_modules/.cache/vite/client/deps/chunk-LY4OWT6B.js?v=7b60de0d:3
[    1388ms] [WARNING] [intlify] Not found 'title.contacts' key in 'cs' locale messages. @ http://0.0.0.0:3001/_nuxt/node_modules/.cache/vite/client/deps/chunk-LY4OWT6B.js?v=7b60de0d:3
[    1389ms] [WARNING] [intlify] Fall back to translate 'title.contacts' with root locale. @ http://0.0.0.0:3001/_nuxt/node_modules/.cache/vite/client/deps/chunk-LY4OWT6B.js?v=7b60de0d:3
[    1389ms] [WARNING] [intlify] Not found 'logo_alt' key in 'en' locale messages. @ http://0.0.0.0:3001/_nuxt/node_modules/.cache/vite/client/deps/chunk-LY4OWT6B.js?v=7b60de0d:3
[    1389ms] [WARNING] [intlify] Fall back to translate 'logo_alt' key with 'cs' locale. @ http://0.0.0.0:3001/_nuxt/node_modules/.cache/vite/client/deps/chunk-LY4OWT6B.js?v=7b60de0d:3
[    1389ms] [WARNING] [intlify] Not found 'logo_alt' key in 'cs' locale messages. @ http://0.0.0.0:3001/_nuxt/node_modules/.cache/vite/client/deps/chunk-LY4OWT6B.js?v=7b60de0d:3
[    1389ms] [WARNING] [intlify] Fall back to translate 'logo_alt' with root locale. @ http://0.0.0.0:3001/_nuxt/node_modules/.cache/vite/client/deps/chunk-LY4OWT6B.js?v=7b60de0d:3
[    1389ms] [WARNING] [intlify] Not found 'logo_alt' key in 'en' locale messages. @ http://0.0.0.0:3001/_nuxt/node_modules/.cache/vite/client/deps/chunk-LY4OWT6B.js?v=7b60de0d:3
[    1389ms] [WARNING] [intlify] Fall back to translate 'logo_alt' key with 'cs' locale. @ http://0.0.0.0:3001/_nuxt/node_modules/.cache/vite/client/deps/chunk-LY4OWT6B.js?v=7b60de0d:3
[    1389ms] [WARNING] [intlify] Not found 'logo_alt' key in 'cs' locale messages. @ http://0.0.0.0:3001/_nuxt/node_modules/.cache/vite/client/deps/chunk-LY4OWT6B.js?v=7b60de0d:3
[    1390ms] [WARNING] [intlify] Not found 'title.cart' key in 'en' locale messages. @ http://0.0.0.0:3001/_nuxt/node_modules/.cache/vite/client/deps/chunk-LY4OWT6B.js?v=7b60de0d:3
[    1390ms] [WARNING] [intlify] Fall back to translate 'title.cart' key with 'cs' locale. @ http://0.0.0.0:3001/_nuxt/node_modules/.cache/vite/client/deps/chunk-LY4OWT6B.js?v=7b60de0d:3
[    1390ms] [WARNING] [intlify] Not found 'title.cart' key in 'cs' locale messages. @ http://0.0.0.0:3001/_nuxt/node_modules/.cache/vite/client/deps/chunk-LY4OWT6B.js?v=7b60de0d:3
[    1390ms] [WARNING] [intlify] Fall back to translate 'title.cart' with root locale. @ http://0.0.0.0:3001/_nuxt/node_modules/.cache/vite/client/deps/chunk-LY4OWT6B.js?v=7b60de0d:3
[    1392ms] [WARNING] [Vue warn]: Hydration style mismatch on JSHandle@node 
  - rendered on server: style="width:1em;height:1em;--c613ce94-iconUrl:url('https://api.iconify.design/iconoir/nav-arrow-down.svg');"
  - expected on client: style="width:1em;height:1em;"
  Note: this mismatch is check-only. The DOM will not be rectified in production due to performance overhead.
  You should fix the source of the mismatch. 
  at <IconCSS key=0 name="iconoir:nav-arrow-down" class="hero-header__nav-link-icon" > 
  at <RouterLink ref=fn to="/en/catalog" activeClass=undefined  ... > 
  at <NuxtLink to="/en/catalog" class="hero-header__nav-link hero-header__nav-link--catalog" onClick=fn > 
  at <Header> 
  at <Body style= {background: #f8f1e6} > 
  at <Html lang="en-US" dir="ltr" > 
  at <Default ref=Ref< undefined > > 
  at <AsyncComponentWrapper ref=Ref< undefined > > 
  at <LayoutLoader key="default" layoutProps= {ref: RefImpl} name="default" > 
  at <NuxtLayoutProvider layoutProps= {ref: RefImpl} key="default" name="default"  ... > 
  at <NuxtLayout> 
  at <App key=4 > 
  at <NuxtRoot> @ http://0.0.0.0:3001/_nuxt/@fs/Users/andrejkoval/Dev/vivadzen/src/front/node_modules/@vue/runtime-core/dist/runtime-core.esm-bundler.js?v=7b60de0d:49
[    1392ms] [ERROR] Hydration completed but contains mismatches. @ http://0.0.0.0:3001/_nuxt/@fs/Users/andrejkoval/Dev/vivadzen/src/front/node_modules/@vue/runtime-core/dist/runtime-core.esm-bundler.js?v=7b60de0d:1847
[    1393ms] [WARNING] [Vue warn]: Hydration style mismatch on JSHandle@node 
  - rendered on server: style="width:1em;height:1em;--c613ce94-iconUrl:url('https://api.iconify.design/iconoir/nav-arrow-down.svg');"
  - expected on client: style="width:1em;height:1em;"
  Note: this mismatch is check-only. The DOM will not be rectified in production due to performance overhead.
  You should fix the source of the mismatch. 
  at <IconCSS name="iconoir:nav-arrow-down" class="lang-switcher__chevron" > 
  at <Header> 
  at <Body style= {background: #f8f1e6} > 
  at <Html lang="en-US" dir="ltr" > 
  at <Default ref=Ref< undefined > > 
  at <AsyncComponentWrapper ref=Ref< undefined > > 
  at <LayoutLoader key="default" layoutProps= {ref: RefImpl} name="default" > 
  at <NuxtLayoutProvider layoutProps= {ref: RefImpl} key="default" name="default"  ... > 
  at <NuxtLayout> 
  at <App key=4 > 
  at <NuxtRoot> @ http://0.0.0.0:3001/_nuxt/@fs/Users/andrejkoval/Dev/vivadzen/src/front/node_modules/@vue/runtime-core/dist/runtime-core.esm-bundler.js?v=7b60de0d:49
[    1393ms] [WARNING] [Vue warn]: Hydration style mismatch on JSHandle@node 
  - rendered on server: style="width:1em;height:1em;--c613ce94-iconUrl:url('https://api.iconify.design/ci/shopping-cart-01.svg');"
  - expected on client: style="width:1em;height:1em;"
  Note: this mismatch is check-only. The DOM will not be rectified in production due to performance overhead.
  You should fix the source of the mismatch. 
  at <IconCSS name="ci:shopping-cart-01" class="hero-header__cart-icon" > 
  at <Header> 
  at <Body style= {background: #f8f1e6} > 
  at <Html lang="en-US" dir="ltr" > 
  at <Default ref=Ref< undefined > > 
  at <AsyncComponentWrapper ref=Ref< undefined > > 
  at <LayoutLoader key="default" layoutProps= {ref: RefImpl} name="default" > 
  at <NuxtLayoutProvider layoutProps= {ref: RefImpl} key="default" name="default"  ... > 
  at <NuxtLayout> 
  at <App key=4 > 
  at <NuxtRoot> @ http://0.0.0.0:3001/_nuxt/@fs/Users/andrejkoval/Dev/vivadzen/src/front/node_modules/@vue/runtime-core/dist/runtime-core.esm-bundler.js?v=7b60de0d:49
[    1394ms] [WARNING] [Vue warn]: Hydration style mismatch on JSHandle@node 
  - rendered on server: style="width:1em;height:1em;--c613ce94-iconUrl:url('https://api.iconify.design/mynaui/telephone-call.svg');"
  - expected on client: style="width:1em;height:1em;"
  Note: this mismatch is check-only. The DOM will not be rectified in production due to performance overhead.
  You should fix the source of the mismatch. 
  at <IconCSS name="mynaui:telephone-call" class="hero-mobile-menu__contact-icon" > 
  at <Header> 
  at <Body style= {background: #f8f1e6} > 
  at <Html lang="en-US" dir="ltr" > 
  at <Default ref=Ref< undefined > > 
  at <AsyncComponentWrapper ref=Ref< undefined > > 
  at <LayoutLoader key="default" layoutProps= {ref: RefImpl} name="default" > 
  at <NuxtLayoutProvider layoutProps= {ref: RefImpl} key="default" name="default"  ... > 
  at <NuxtLayout> 
  at <App key=4 > 
  at <NuxtRoot> @ http://0.0.0.0:3001/_nuxt/@fs/Users/andrejkoval/Dev/vivadzen/src/front/node_modules/@vue/runtime-core/dist/runtime-core.esm-bundler.js?v=7b60de0d:49
[    1394ms] [WARNING] [Vue warn]: Hydration style mismatch on JSHandle@node 
  - rendered on server: style="width:1em;height:1em;--c613ce94-iconUrl:url('https://api.iconify.design/ic/round-alternate-email.svg');"
  - expected on client: style="width:1em;height:1em;"
  Note: this mismatch is check-only. The DOM will not be rectified in production due to performance overhead.
  You should fix the source of the mismatch. 
  at <IconCSS name="ic:round-alternate-email" class="hero-mobile-menu__contact-icon" > 
  at <Header> 
  at <Body style= {background: #f8f1e6} > 
  at <Html lang="en-US" dir="ltr" > 
  at <Default ref=Ref< undefined > > 
  at <AsyncComponentWrapper ref=Ref< undefined > > 
  at <LayoutLoader key="default" layoutProps= {ref: RefImpl} name="default" > 
  at <NuxtLayoutProvider layoutProps= {ref: RefImpl} key="default" name="default"  ... > 
  at <NuxtLayout> 
  at <App key=4 > 
  at <NuxtRoot> @ http://0.0.0.0:3001/_nuxt/@fs/Users/andrejkoval/Dev/vivadzen/src/front/node_modules/@vue/runtime-core/dist/runtime-core.esm-bundler.js?v=7b60de0d:49
[    1394ms] [WARNING] [Vue warn]: Hydration style mismatch on JSHandle@node 
  - rendered on server: style="width:1em;height:1em;--c613ce94-iconUrl:url('https://api.iconify.design/mynaui/location.svg');"
  - expected on client: style="width:1em;height:1em;"
  Note: this mismatch is check-only. The DOM will not be rectified in production due to performance overhead.
  You should fix the source of the mismatch. 
  at <IconCSS name="mynaui:location" class="hero-mobile-menu__contact-icon" > 
  at <Header> 
  at <Body style= {background: #f8f1e6} > 
  at <Html lang="en-US" dir="ltr" > 
  at <Default ref=Ref< undefined > > 
  at <AsyncComponentWrapper ref=Ref< undefined > > 
  at <LayoutLoader key="default" layoutProps= {ref: RefImpl} name="default" > 
  at <NuxtLayoutProvider layoutProps= {ref: RefImpl} key="default" name="default"  ... > 
  at <NuxtLayout> 
  at <App key=4 > 
  at <NuxtRoot> @ http://0.0.0.0:3001/_nuxt/@fs/Users/andrejkoval/Dev/vivadzen/src/front/node_modules/@vue/runtime-core/dist/runtime-core.esm-bundler.js?v=7b60de0d:49
[    1394ms] [WARNING] [Vue warn]: Hydration style mismatch on JSHandle@node 
  - rendered on server: style="width:1em;height:1em;--c613ce94-iconUrl:url('https://api.iconify.design/mynaui/clock-4.svg');"
  - expected on client: style="width:1em;height:1em;"
  Note: this mismatch is check-only. The DOM will not be rectified in production due to performance overhead.
  You should fix the source of the mismatch. 
  at <IconCSS name="mynaui:clock-4" class="hero-mobile-menu__contact-icon" > 
  at <Header> 
  at <Body style= {background: #f8f1e6} > 
  at <Html lang="en-US" dir="ltr" > 
  at <Default ref=Ref< undefined > > 
  at <AsyncComponentWrapper ref=Ref< undefined > > 
  at <LayoutLoader key="default" layoutProps= {ref: RefImpl} name="default" > 
  at <NuxtLayoutProvider layoutProps= {ref: RefImpl} key="default" name="default"  ... > 
  at <NuxtLayout> 
  at <App key=4 > 
  at <NuxtRoot> @ http://0.0.0.0:3001/_nuxt/@fs/Users/andrejkoval/Dev/vivadzen/src/front/node_modules/@vue/runtime-core/dist/runtime-core.esm-bundler.js?v=7b60de0d:49
[    1396ms] [WARNING] [Vue warn]: Hydration style mismatch on JSHandle@node 
  - rendered on server: style="width:24px;height:24px;--c613ce94-iconUrl:url('https://api.iconify.design/emojione/flag-for-ukraine.svg');"
  - expected on client: style="width:24px;height:24px;"
  Note: this mismatch is check-only. The DOM will not be rectified in production due to performance overhead.
  You should fix the source of the mismatch. 
  at <IconCSS name="emojione:flag-for-ukraine" size="24" > 
  at <RegionSwitcher class="site-footer__region-switcher" > 
  at <SiteFooter> 
  at <Body style= {background: #f8f1e6} > 
  at <Html lang="en-US" dir="ltr" > 
  at <Default ref=Ref< undefined > > 
  at <AsyncComponentWrapper ref=Ref< undefined > > 
  at <LayoutLoader key="default" layoutProps= {ref: RefImpl} name="default" > 
  at <NuxtLayoutProvider layoutProps= {ref: RefImpl} key="default" name="default"  ... > 
  at <NuxtLayout> 
  at <App key=4 > 
  at <NuxtRoot> @ http://0.0.0.0:3001/_nuxt/@fs/Users/andrejkoval/Dev/vivadzen/src/front/node_modules/@vue/runtime-core/dist/runtime-core.esm-bundler.js?v=7b60de0d:49
[    1396ms] [WARNING] [Vue warn]: Hydration style mismatch on JSHandle@node 
  - rendered on server: style="width:18px;height:18px;--c613ce94-iconUrl:url('https://api.iconify.design/ph/arrow-up-right.svg');"
  - expected on client: style="width:18px;height:18px;"
  Note: this mismatch is check-only. The DOM will not be rectified in production due to performance overhead.
  You should fix the source of the mismatch. 
  at <IconCSS name="ph:arrow-up-right" size="18" class="kratom-region-switcher__arrow" > 
  at <RegionSwitcher class="site-footer__region-switcher" > 
  at <SiteFooter> 
  at <Body style= {background: #f8f1e6} > 
  at <Html lang="en-US" dir="ltr" > 
  at <Default ref=Ref< undefined > > 
  at <AsyncComponentWrapper ref=Ref< undefined > > 
  at <LayoutLoader key="default" layoutProps= {ref: RefImpl} name="default" > 
  at <NuxtLayoutProvider layoutProps= {ref: RefImpl} key="default" name="default"  ... > 
  at <NuxtLayout> 
  at <App key=4 > 
  at <NuxtRoot> @ http://0.0.0.0:3001/_nuxt/@fs/Users/andrejkoval/Dev/vivadzen/src/front/node_modules/@vue/runtime-core/dist/runtime-core.esm-bundler.js?v=7b60de0d:49
[    1396ms] [WARNING] [Vue warn]: Hydration style mismatch on JSHandle@node 
  - rendered on server: style="width:24px;height:24px;--c613ce94-iconUrl:url('https://api.iconify.design/emojione/flag-for-spain.svg');"
  - expected on client: style="width:24px;height:24px;"
  Note: this mismatch is check-only. The DOM will not be rectified in production due to performance overhead.
  You should fix the source of the mismatch. 
  at <IconCSS name="emojione:flag-for-spain" size="24" > 
  at <RegionSwitcher class="site-footer__region-switcher" > 
  at <SiteFooter> 
  at <Body style= {background: #f8f1e6} > 
  at <Html lang="en-US" dir="ltr" > 
  at <Default ref=Ref< undefined > > 
  at <AsyncComponentWrapper ref=Ref< undefined > > 
  at <LayoutLoader key="default" layoutProps= {ref: RefImpl} name="default" > 
  at <NuxtLayoutProvider layoutProps= {ref: RefImpl} key="default" name="default"  ... > 
  at <NuxtLayout> 
  at <App key=4 > 
  at <NuxtRoot> @ http://0.0.0.0:3001/_nuxt/@fs/Users/andrejkoval/Dev/vivadzen/src/front/node_modules/@vue/runtime-core/dist/runtime-core.esm-bundler.js?v=7b60de0d:49
[    1396ms] [WARNING] [Vue warn]: Hydration style mismatch on JSHandle@node 
  - rendered on server: style="width:18px;height:18px;--c613ce94-iconUrl:url('https://api.iconify.design/ph/arrow-up-right.svg');"
  - expected on client: style="width:18px;height:18px;"
  Note: this mismatch is check-only. The DOM will not be rectified in production due to performance overhead.
  You should fix the source of the mismatch. 
  at <IconCSS name="ph:arrow-up-right" size="18" class="kratom-region-switcher__arrow" > 
  at <RegionSwitcher class="site-footer__region-switcher" > 
  at <SiteFooter> 
  at <Body style= {background: #f8f1e6} > 
  at <Html lang="en-US" dir="ltr" > 
  at <Default ref=Ref< undefined > > 
  at <AsyncComponentWrapper ref=Ref< undefined > > 
  at <LayoutLoader key="default" layoutProps= {ref: RefImpl} name="default" > 
  at <NuxtLayoutProvider layoutProps= {ref: RefImpl} key="default" name="default"  ... > 
  at <NuxtLayout> 
  at <App key=4 > 
  at <NuxtRoot> @ http://0.0.0.0:3001/_nuxt/@fs/Users/andrejkoval/Dev/vivadzen/src/front/node_modules/@vue/runtime-core/dist/runtime-core.esm-bundler.js?v=7b60de0d:49
[    1397ms] [WARNING] [Vue warn]: Hydration style mismatch on JSHandle@node 
  - rendered on server: style="width:24px;height:24px;--c613ce94-iconUrl:url('https://api.iconify.design/emojione/flag-for-germany.svg');"
  - expected on client: style="width:24px;height:24px;"
  Note: this mismatch is check-only. The DOM will not be rectified in production due to performance overhead.
  You should fix the source of the mismatch. 
  at <IconCSS name="emojione:flag-for-germany" size="24" > 
  at <RegionSwitcher class="site-footer__region-switcher" > 
  at <SiteFooter> 
  at <Body style= {background: #f8f1e6} > 
  at <Html lang="en-US" dir="ltr" > 
  at <Default ref=Ref< undefined > > 
  at <AsyncComponentWrapper ref=Ref< undefined > > 
  at <LayoutLoader key="default" layoutProps= {ref: RefImpl} name="default" > 
  at <NuxtLayoutProvider layoutProps= {ref: RefImpl} key="default" name="default"  ... > 
  at <NuxtLayout> 
  at <App key=4 > 
  at <NuxtRoot> @ http://0.0.0.0:3001/_nuxt/@fs/Users/andrejkoval/Dev/vivadzen/src/front/node_modules/@vue/runtime-core/dist/runtime-core.esm-bundler.js?v=7b60de0d:49
[    1397ms] [WARNING] [Vue warn]: Hydration style mismatch on JSHandle@node 
  - rendered on server: style="width:18px;height:18px;--c613ce94-iconUrl:url('https://api.iconify.design/ph/arrow-up-right.svg');"
  - expected on client: style="width:18px;height:18px;"
  Note: this mismatch is check-only. The DOM will not be rectified in production due to performance overhead.
  You should fix the source of the mismatch. 
  at <IconCSS name="ph:arrow-up-right" size="18" class="kratom-region-switcher__arrow" > 
  at <RegionSwitcher class="site-footer__region-switcher" > 
  at <SiteFooter> 
  at <Body style= {background: #f8f1e6} > 
  at <Html lang="en-US" dir="ltr" > 
  at <Default ref=Ref< undefined > > 
  at <AsyncComponentWrapper ref=Ref< undefined > > 
  at <LayoutLoader key="default" layoutProps= {ref: RefImpl} name="default" > 
  at <NuxtLayoutProvider layoutProps= {ref: RefImpl} key="default" name="default"  ... > 
  at <NuxtLayout> 
  at <App key=4 > 
  at <NuxtRoot> @ http://0.0.0.0:3001/_nuxt/@fs/Users/andrejkoval/Dev/vivadzen/src/front/node_modules/@vue/runtime-core/dist/runtime-core.esm-bundler.js?v=7b60de0d:49
[    1397ms] [WARNING] [Vue warn]: Hydration style mismatch on JSHandle@node 
  - rendered on server: style="width:24px;height:24px;--c613ce94-iconUrl:url('https://api.iconify.design/emojione/flag-for-czechia.svg');"
  - expected on client: style="width:24px;height:24px;"
  Note: this mismatch is check-only. The DOM will not be rectified in production due to performance overhead.
  You should fix the source of the mismatch. 
  at <IconCSS name="emojione:flag-for-czechia" size="24" > 
  at <RegionSwitcher class="site-footer__region-switcher" > 
  at <SiteFooter> 
  at <Body style= {background: #f8f1e6} > 
  at <Html lang="en-US" dir="ltr" > 
  at <Default ref=Ref< undefined > > 
  at <AsyncComponentWrapper ref=Ref< undefined > > 
  at <LayoutLoader key="default" layoutProps= {ref: RefImpl} name="default" > 
  at <NuxtLayoutProvider layoutProps= {ref: RefImpl} key="default" name="default"  ... > 
  at <NuxtLayout> 
  at <App key=4 > 
  at <NuxtRoot> @ http://0.0.0.0:3001/_nuxt/@fs/Users/andrejkoval/Dev/vivadzen/src/front/node_modules/@vue/runtime-core/dist/runtime-core.esm-bundler.js?v=7b60de0d:49
[    1397ms] [WARNING] [Vue warn]: Hydration style mismatch on JSHandle@node 
  - rendered on server: style="width:18px;height:18px;--c613ce94-iconUrl:url('https://api.iconify.design/ph/arrow-up-right.svg');"
  - expected on client: style="width:18px;height:18px;"
  Note: this mismatch is check-only. The DOM will not be rectified in production due to performance overhead.
  You should fix the source of the mismatch. 
  at <IconCSS name="ph:arrow-up-right" size="18" class="kratom-region-switcher__arrow" > 
  at <RegionSwitcher class="site-footer__region-switcher" > 
  at <SiteFooter> 
  at <Body style= {background: #f8f1e6} > 
  at <Html lang="en-US" dir="ltr" > 
  at <Default ref=Ref< undefined > > 
  at <AsyncComponentWrapper ref=Ref< undefined > > 
  at <LayoutLoader key="default" layoutProps= {ref: RefImpl} name="default" > 
  at <NuxtLayoutProvider layoutProps= {ref: RefImpl} key="default" name="default"  ... > 
  at <NuxtLayout> 
  at <App key=4 > 
  at <NuxtRoot> @ http://0.0.0.0:3001/_nuxt/@fs/Users/andrejkoval/Dev/vivadzen/src/front/node_modules/@vue/runtime-core/dist/runtime-core.esm-bundler.js?v=7b60de0d:49
[    1398ms] [WARNING] [Vue warn]: Hydration style mismatch on JSHandle@node 
  - rendered on server: style="width:1em;height:1em;--c613ce94-iconUrl:url('https://api.iconify.design/ph/telegram-logo.svg');"
  - expected on client: style="width:1em;height:1em;"
  Note: this mismatch is check-only. The DOM will not be rectified in production due to performance overhead.
  You should fix the source of the mismatch. 
  at <IconCSS name="ph:telegram-logo" > 
  at <SiteFooter> 
  at <Body style= {background: #f8f1e6} > 
  at <Html lang="en-US" dir="ltr" > 
  at <Default ref=Ref< undefined > > 
  at <AsyncComponentWrapper ref=Ref< undefined > > 
  at <LayoutLoader key="default" layoutProps= {ref: RefImpl} name="default" > 
  at <NuxtLayoutProvider layoutProps= {ref: RefImpl} key="default" name="default"  ... > 
  at <NuxtLayout> 
  at <App key=4 > 
  at <NuxtRoot> @ http://0.0.0.0:3001/_nuxt/@fs/Users/andrejkoval/Dev/vivadzen/src/front/node_modules/@vue/runtime-core/dist/runtime-core.esm-bundler.js?v=7b60de0d:49
[    1398ms] [WARNING] [Vue warn]: Hydration style mismatch on JSHandle@node 
  - rendered on server: style="width:1em;height:1em;--c613ce94-iconUrl:url('https://api.iconify.design/ph/whatsapp-logo.svg');"
  - expected on client: style="width:1em;height:1em;"
  Note: this mismatch is check-only. The DOM will not be rectified in production due to performance overhead.
  You should fix the source of the mismatch. 
  at <IconCSS name="ph:whatsapp-logo" > 
  at <SiteFooter> 
  at <Body style= {background: #f8f1e6} > 
  at <Html lang="en-US" dir="ltr" > 
  at <Default ref=Ref< undefined > > 
  at <AsyncComponentWrapper ref=Ref< undefined > > 
  at <LayoutLoader key="default" layoutProps= {ref: RefImpl} name="default" > 
  at <NuxtLayoutProvider layoutProps= {ref: RefImpl} key="default" name="default"  ... > 
  at <NuxtLayout> 
  at <App key=4 > 
  at <NuxtRoot> @ http://0.0.0.0:3001/_nuxt/@fs/Users/andrejkoval/Dev/vivadzen/src/front/node_modules/@vue/runtime-core/dist/runtime-core.esm-bundler.js?v=7b60de0d:49
[    1398ms] [WARNING] [Vue warn]: Hydration style mismatch on JSHandle@node 
  - rendered on server: style="width:1em;height:1em;--c613ce94-iconUrl:url('https://api.iconify.design/iconoir/instagram.svg');"
  - expected on client: style="width:1em;height:1em;"
  Note: this mismatch is check-only. The DOM will not be rectified in production due to performance overhead.
  You should fix the source of the mismatch. 
  at <IconCSS name="iconoir:instagram" > 
  at <SiteFooter> 
  at <Body style= {background: #f8f1e6} > 
  at <Html lang="en-US" dir="ltr" > 
  at <Default ref=Ref< undefined > > 
  at <AsyncComponentWrapper ref=Ref< undefined > > 
  at <LayoutLoader key="default" layoutProps= {ref: RefImpl} name="default" > 
  at <NuxtLayoutProvider layoutProps= {ref: RefImpl} key="default" name="default"  ... > 
  at <NuxtLayout> 
  at <App key=4 > 
  at <NuxtRoot> @ http://0.0.0.0:3001/_nuxt/@fs/Users/andrejkoval/Dev/vivadzen/src/front/node_modules/@vue/runtime-core/dist/runtime-core.esm-bundler.js?v=7b60de0d:49
[    1401ms] [WARNING] [intlify] Not found parent scope. use the global scope. @ http://0.0.0.0:3001/_nuxt/node_modules/.cache/vite/client/deps/chunk-LY4OWT6B.js?v=7b60de0d:3
[    1401ms] [WARNING] [Vue warn]: Hydration style mismatch on JSHandle@node 
  - rendered on server: style="width:1em;height:1em;--c613ce94-iconUrl:url('https://api.iconify.design/ci/shopping-cart-01.svg');"
  - expected on client: style="width:1em;height:1em;"
  Note: this mismatch is check-only. The DOM will not be rectified in production due to performance overhead.
  You should fix the source of the mismatch. 
  at <IconCSS name="ci:shopping-cart-01" class="kratom-product-card__action-icon" > 
  at <ProductCard key=391 product= {id: 391, name: Green Rurut Nano kratom powder - 25g, slug: zeleny-rurut-nano-kratom-prasek-25g, price: 140.00, oldPrice: null} > 
  at <Index onVnodeUnmounted=fn<onVnodeUnmounted> ref=Ref< undefined > > 
  at <RouteProvider key="/en/catalog" vnode= {__v_isVNode: true, __v_skip: true, type: Object, props: Object, key: null} route= {fullPath: /en/catalog, hash: , query: Object, name: catalog___en, path: /en/catalog}  ... > 
  at <RouterView name=undefined route=undefined > 
  at <NuxtPage> 
  at <Body style= {background: #f8f1e6} > 
  at <Html lang="en-US" dir="ltr" > 
  at <Default ref=Ref< undefined > > 
  at <AsyncComponentWrapper ref=Ref< undefined > > 
  at <LayoutLoader key="default" layoutProps= {ref: RefImpl} name="default" > 
  at <NuxtLayoutProvider layoutProps= {ref: RefImpl} key="default" name="default"  ... > 
  at <NuxtLayout> 
  at <App key=4 > 
  at <NuxtRoot> @ http://0.0.0.0:3001/_nuxt/@fs/Users/andrejkoval/Dev/vivadzen/src/front/node_modules/@vue/runtime-core/dist/runtime-core.esm-bundler.js?v=7b60de0d:49
[    1402ms] [WARNING] [intlify] Not found parent scope. use the global scope. @ http://0.0.0.0:3001/_nuxt/node_modules/.cache/vite/client/deps/chunk-LY4OWT6B.js?v=7b60de0d:3
[    1402ms] [WARNING] [Vue warn]: Hydration style mismatch on JSHandle@node 
  - rendered on server: style="width:1em;height:1em;--c613ce94-iconUrl:url('https://api.iconify.design/ci/shopping-cart-01.svg');"
  - expected on client: style="width:1em;height:1em;"
  Note: this mismatch is check-only. The DOM will not be rectified in production due to performance overhead.
  You should fix the source of the mismatch. 
  at <IconCSS name="ci:shopping-cart-01" class="kratom-product-card__action-icon" > 
  at <ProductCard key=336 product= {id: 336, name: White Maeng Da Kratom powder, slug: bila-maeng-da-kratom-prasek-25g, price: 130.00, oldPrice: null} > 
  at <Index onVnodeUnmounted=fn<onVnodeUnmounted> ref=Ref< undefined > > 
  at <RouteProvider key="/en/catalog" vnode= {__v_isVNode: true, __v_skip: true, type: Object, props: Object, key: null} route= {fullPath: /en/catalog, hash: , query: Object, name: catalog___en, path: /en/catalog}  ... > 
  at <RouterView name=undefined route=undefined > 
  at <NuxtPage> 
  at <Body style= {background: #f8f1e6} > 
  at <Html lang="en-US" dir="ltr" > 
  at <Default ref=Ref< undefined > > 
  at <AsyncComponentWrapper ref=Ref< undefined > > 
  at <LayoutLoader key="default" layoutProps= {ref: RefImpl} name="default" > 
  at <NuxtLayoutProvider layoutProps= {ref: RefImpl} key="default" name="default"  ... > 
  at <NuxtLayout> 
  at <App key=4 > 
  at <NuxtRoot> @ http://0.0.0.0:3001/_nuxt/@fs/Users/andrejkoval/Dev/vivadzen/src/front/node_modules/@vue/runtime-core/dist/runtime-core.esm-bundler.js?v=7b60de0d:49
[    1403ms] [WARNING] [intlify] Not found parent scope. use the global scope. @ http://0.0.0.0:3001/_nuxt/node_modules/.cache/vite/client/deps/chunk-LY4OWT6B.js?v=7b60de0d:3
[    1403ms] [WARNING] [Vue warn]: Hydration style mismatch on JSHandle@node 
  - rendered on server: style="width:1em;height:1em;--c613ce94-iconUrl:url('https://api.iconify.design/ci/shopping-cart-01.svg');"
  - expected on client: style="width:1em;height:1em;"
  Note: this mismatch is check-only. The DOM will not be rectified in production due to performance overhead.
  You should fix the source of the mismatch. 
  at <IconCSS name="ci:shopping-cart-01" class="kratom-product-card__action-icon" > 
  at <ProductCard key=334 product= {id: 334, name: White Elephant Kratom powder, slug: bily-slon-kratom-prasek-25g, price: 140.00, oldPrice: null} > 
  at <Index onVnodeUnmounted=fn<onVnodeUnmounted> ref=Ref< undefined > > 
  at <RouteProvider key="/en/catalog" vnode= {__v_isVNode: true, __v_skip: true, type: Object, props: Object, key: null} route= {fullPath: /en/catalog, hash: , query: Object, name: catalog___en, path: /en/catalog}  ... > 
  at <RouterView name=undefined route=undefined > 
  at <NuxtPage> 
  at <Body style= {background: #f8f1e6} > 
  at <Html lang="en-US" dir="ltr" > 
  at <Default ref=Ref< undefined > > 
  at <AsyncComponentWrapper ref=Ref< undefined > > 
  at <LayoutLoader key="default" layoutProps= {ref: RefImpl} name="default" > 
  at <NuxtLayoutProvider layoutProps= {ref: RefImpl} key="default" name="default"  ... > 
  at <NuxtLayout> 
  at <App key=4 > 
  at <NuxtRoot> @ http://0.0.0.0:3001/_nuxt/@fs/Users/andrejkoval/Dev/vivadzen/src/front/node_modules/@vue/runtime-core/dist/runtime-core.esm-bundler.js?v=7b60de0d:49
[    1404ms] [WARNING] [intlify] Not found parent scope. use the global scope. @ http://0.0.0.0:3001/_nuxt/node_modules/.cache/vite/client/deps/chunk-LY4OWT6B.js?v=7b60de0d:3
[    1404ms] [WARNING] [Vue warn]: Hydration style mismatch on JSHandle@node 
  - rendered on server: style="width:1em;height:1em;--c613ce94-iconUrl:url('https://api.iconify.design/ci/shopping-cart-01.svg');"
  - expected on client: style="width:1em;height:1em;"
  Note: this mismatch is check-only. The DOM will not be rectified in production due to performance overhead.
  You should fix the source of the mismatch. 
  at <IconCSS name="ci:shopping-cart-01" class="kratom-product-card__action-icon" > 
  at <ProductCard key=333 product= {id: 333, name: Green Thai Kratom powder, slug: zeleny-thajsky-kratom-prasek-25g, price: 130.00, oldPrice: null} > 
  at <Index onVnodeUnmounted=fn<onVnodeUnmounted> ref=Ref< undefined > > 
  at <RouteProvider key="/en/catalog" vnode= {__v_isVNode: true, __v_skip: true, type: Object, props: Object, key: null} route= {fullPath: /en/catalog, hash: , query: Object, name: catalog___en, path: /en/catalog}  ... > 
  at <RouterView name=undefined route=undefined > 
  at <NuxtPage> 
  at <Body style= {background: #f8f1e6} > 
  at <Html lang="en-US" dir="ltr" > 
  at <Default ref=Ref< undefined > > 
  at <AsyncComponentWrapper ref=Ref< undefined > > 
  at <LayoutLoader key="default" layoutProps= {ref: RefImpl} name="default" > 
  at <NuxtLayoutProvider layoutProps= {ref: RefImpl} key="default" name="default"  ... > 
  at <NuxtLayout> 
  at <App key=4 > 
  at <NuxtRoot> @ http://0.0.0.0:3001/_nuxt/@fs/Users/andrejkoval/Dev/vivadzen/src/front/node_modules/@vue/runtime-core/dist/runtime-core.esm-bundler.js?v=7b60de0d:49
[    1404ms] [WARNING] [intlify] Not found parent scope. use the global scope. @ http://0.0.0.0:3001/_nuxt/node_modules/.cache/vite/client/deps/chunk-LY4OWT6B.js?v=7b60de0d:3
[    1405ms] [WARNING] [Vue warn]: Hydration style mismatch on JSHandle@node 
  - rendered on server: style="width:1em;height:1em;--c613ce94-iconUrl:url('https://api.iconify.design/ci/shopping-cart-01.svg');"
  - expected on client: style="width:1em;height:1em;"
  Note: this mismatch is check-only. The DOM will not be rectified in production due to performance overhead.
  You should fix the source of the mismatch. 
  at <IconCSS name="ci:shopping-cart-01" class="kratom-product-card__action-icon" > 
  at <ProductCard key=332 product= {id: 332, name: Red Maeng Da Kratom powder, slug: cervena-maeng-da-kratom-prasek-25g, price: 130.00, oldPrice: null} > 
  at <Index onVnodeUnmounted=fn<onVnodeUnmounted> ref=Ref< undefined > > 
  at <RouteProvider key="/en/catalog" vnode= {__v_isVNode: true, __v_skip: true, type: Object, props: Object, key: null} route= {fullPath: /en/catalog, hash: , query: Object, name: catalog___en, path: /en/catalog}  ... > 
  at <RouterView name=undefined route=undefined > 
  at <NuxtPage> 
  at <Body style= {background: #f8f1e6} > 
  at <Html lang="en-US" dir="ltr" > 
  at <Default ref=Ref< undefined > > 
  at <AsyncComponentWrapper ref=Ref< undefined > > 
  at <LayoutLoader key="default" layoutProps= {ref: RefImpl} name="default" > 
  at <NuxtLayoutProvider layoutProps= {ref: RefImpl} key="default" name="default"  ... > 
  at <NuxtLayout> 
  at <App key=4 > 
  at <NuxtRoot> @ http://0.0.0.0:3001/_nuxt/@fs/Users/andrejkoval/Dev/vivadzen/src/front/node_modules/@vue/runtime-core/dist/runtime-core.esm-bundler.js?v=7b60de0d:49
[    1405ms] [WARNING] [intlify] Not found parent scope. use the global scope. @ http://0.0.0.0:3001/_nuxt/node_modules/.cache/vite/client/deps/chunk-LY4OWT6B.js?v=7b60de0d:3
[    1405ms] [WARNING] [Vue warn]: Hydration style mismatch on JSHandle@node 
  - rendered on server: style="width:1em;height:1em;--c613ce94-iconUrl:url('https://api.iconify.design/ci/shopping-cart-01.svg');"
  - expected on client: style="width:1em;height:1em;"
  Note: this mismatch is check-only. The DOM will not be rectified in production due to performance overhead.
  You should fix the source of the mismatch. 
  at <IconCSS name="ci:shopping-cart-01" class="kratom-product-card__action-icon" > 
  at <ProductCard key=331 product= {id: 331, name: Green Maeng Da Kratom powder, slug: zelena-maeng-da-kratom-prasek-25g, price: 130.00, oldPrice: null} > 
  at <Index onVnodeUnmounted=fn<onVnodeUnmounted> ref=Ref< undefined > > 
  at <RouteProvider key="/en/catalog" vnode= {__v_isVNode: true, __v_skip: true, type: Object, props: Object, key: null} route= {fullPath: /en/catalog, hash: , query: Object, name: catalog___en, path: /en/catalog}  ... > 
  at <RouterView name=undefined route=undefined > 
  at <NuxtPage> 
  at <Body style= {background: #f8f1e6} > 
  at <Html lang="en-US" dir="ltr" > 
  at <Default ref=Ref< undefined > > 
  at <AsyncComponentWrapper ref=Ref< undefined > > 
  at <LayoutLoader key="default" layoutProps= {ref: RefImpl} name="default" > 
  at <NuxtLayoutProvider layoutProps= {ref: RefImpl} key="default" name="default"  ... > 
  at <NuxtLayout> 
  at <App key=4 > 
  at <NuxtRoot> @ http://0.0.0.0:3001/_nuxt/@fs/Users/andrejkoval/Dev/vivadzen/src/front/node_modules/@vue/runtime-core/dist/runtime-core.esm-bundler.js?v=7b60de0d:49
[    1406ms] [LOG] [nuxt-app] page:finish: 0.876953125 ms [Object] @ http://0.0.0.0:3001/_nuxt/@fs/Users/andrejkoval/Dev/vivadzen/src/front/node_modules/hookable/dist/index.mjs?v=7b60de0d:271
[    1407ms] [LOG] [nuxt-app] page:loading:end: 0.20703125 ms [] @ http://0.0.0.0:3001/_nuxt/@fs/Users/andrejkoval/Dev/vivadzen/src/front/node_modules/hookable/dist/index.mjs?v=7b60de0d:271
[    1416ms] [WARNING] [intlify] Not found 'logo_alt' key in 'en' locale messages. @ http://0.0.0.0:3001/_nuxt/node_modules/.cache/vite/client/deps/chunk-LY4OWT6B.js?v=7b60de0d:3
[    1416ms] [WARNING] [intlify] Fall back to translate 'logo_alt' key with 'cs' locale. @ http://0.0.0.0:3001/_nuxt/node_modules/.cache/vite/client/deps/chunk-LY4OWT6B.js?v=7b60de0d:3
[    1416ms] [WARNING] [intlify] Not found 'logo_alt' key in 'cs' locale messages. @ http://0.0.0.0:3001/_nuxt/node_modules/.cache/vite/client/deps/chunk-LY4OWT6B.js?v=7b60de0d:3
[    1416ms] [WARNING] [intlify] Fall back to translate 'logo_alt' with root locale. @ http://0.0.0.0:3001/_nuxt/node_modules/.cache/vite/client/deps/chunk-LY4OWT6B.js?v=7b60de0d:3
[    1416ms] [WARNING] [intlify] Not found 'logo_alt' key in 'en' locale messages. @ http://0.0.0.0:3001/_nuxt/node_modules/.cache/vite/client/deps/chunk-LY4OWT6B.js?v=7b60de0d:3
[    1416ms] [WARNING] [intlify] Fall back to translate 'logo_alt' key with 'cs' locale. @ http://0.0.0.0:3001/_nuxt/node_modules/.cache/vite/client/deps/chunk-LY4OWT6B.js?v=7b60de0d:3
[    1416ms] [WARNING] [intlify] Not found 'logo_alt' key in 'cs' locale messages. @ http://0.0.0.0:3001/_nuxt/node_modules/.cache/vite/client/deps/chunk-LY4OWT6B.js?v=7b60de0d:3
[    1416ms] [WARNING] [intlify] Not found 'title.cart' key in 'en' locale messages. @ http://0.0.0.0:3001/_nuxt/node_modules/.cache/vite/client/deps/chunk-LY4OWT6B.js?v=7b60de0d:3
[    1417ms] [WARNING] [intlify] Fall back to translate 'title.cart' key with 'cs' locale. @ http://0.0.0.0:3001/_nuxt/node_modules/.cache/vite/client/deps/chunk-LY4OWT6B.js?v=7b60de0d:3
[    1417ms] [WARNING] [intlify] Not found 'title.cart' key in 'cs' locale messages. @ http://0.0.0.0:3001/_nuxt/node_modules/.cache/vite/client/deps/chunk-LY4OWT6B.js?v=7b60de0d:3
[    1417ms] [WARNING] [intlify] Fall back to translate 'title.cart' with root locale. @ http://0.0.0.0:3001/_nuxt/node_modules/.cache/vite/client/deps/chunk-LY4OWT6B.js?v=7b60de0d:3
[    1418ms] [WARNING] [intlify] Not found 'logo_alt' key in 'en' locale messages. @ http://0.0.0.0:3001/_nuxt/node_modules/.cache/vite/client/deps/chunk-LY4OWT6B.js?v=7b60de0d:3
[    1418ms] [WARNING] [intlify] Fall back to translate 'logo_alt' key with 'cs' locale. @ http://0.0.0.0:3001/_nuxt/node_modules/.cache/vite/client/deps/chunk-LY4OWT6B.js?v=7b60de0d:3
[    1418ms] [WARNING] [intlify] Not found 'logo_alt' key in 'cs' locale messages. @ http://0.0.0.0:3001/_nuxt/node_modules/.cache/vite/client/deps/chunk-LY4OWT6B.js?v=7b60de0d:3
[    1418ms] [WARNING] [intlify] Fall back to translate 'logo_alt' with root locale. @ http://0.0.0.0:3001/_nuxt/node_modules/.cache/vite/client/deps/chunk-LY4OWT6B.js?v=7b60de0d:3
[    1418ms] [WARNING] [intlify] Not found 'logo_alt' key in 'en' locale messages. @ http://0.0.0.0:3001/_nuxt/node_modules/.cache/vite/client/deps/chunk-LY4OWT6B.js?v=7b60de0d:3
[    1418ms] [WARNING] [intlify] Fall back to translate 'logo_alt' key with 'cs' locale. @ http://0.0.0.0:3001/_nuxt/node_modules/.cache/vite/client/deps/chunk-LY4OWT6B.js?v=7b60de0d:3
[    1418ms] [WARNING] [intlify] Not found 'logo_alt' key in 'cs' locale messages. @ http://0.0.0.0:3001/_nuxt/node_modules/.cache/vite/client/deps/chunk-LY4OWT6B.js?v=7b60de0d:3
[    1418ms] [WARNING] [intlify] Not found 'title.cart' key in 'en' locale messages. @ http://0.0.0.0:3001/_nuxt/node_modules/.cache/vite/client/deps/chunk-LY4OWT6B.js?v=7b60de0d:3
[    1418ms] [WARNING] [intlify] Fall back to translate 'title.cart' key with 'cs' locale. @ http://0.0.0.0:3001/_nuxt/node_modules/.cache/vite/client/deps/chunk-LY4OWT6B.js?v=7b60de0d:3
[    1418ms] [WARNING] [intlify] Not found 'title.cart' key in 'cs' locale messages. @ http://0.0.0.0:3001/_nuxt/node_modules/.cache/vite/client/deps/chunk-LY4OWT6B.js?v=7b60de0d:3
[    1418ms] [WARNING] [intlify] Fall back to translate 'title.cart' with root locale. @ http://0.0.0.0:3001/_nuxt/node_modules/.cache/vite/client/deps/chunk-LY4OWT6B.js?v=7b60de0d:3
[    1422ms] [LOG] [nuxt-app] schema-org:meta: 0.044189453125 ms [Object] @ http://0.0.0.0:3001/_nuxt/@fs/Users/andrejkoval/Dev/vivadzen/src/front/node_modules/hookable/dist/index.mjs?v=7b60de0d:271
[    1422ms] [LOG] [nuxt-app] app:suspense:resolve: 4.364990234375 ms [] @ http://0.0.0.0:3001/_nuxt/@fs/Users/andrejkoval/Dev/vivadzen/src/front/node_modules/hookable/dist/index.mjs?v=7b60de0d:271
[    1450ms] [LOG] [nuxt-app] link:prefetch: 1.423828125 ms [/en/catalog] @ http://0.0.0.0:3001/_nuxt/@fs/Users/andrejkoval/Dev/vivadzen/src/front/node_modules/hookable/dist/index.mjs?v=7b60de0d:271
[    1451ms] [LOG] [nuxt-app] link:prefetch : 1.467041015625 ms [/en/catalog] @ http://0.0.0.0:3001/_nuxt/@fs/Users/andrejkoval/Dev/vivadzen/src/front/node_modules/hookable/dist/index.mjs?v=7b60de0d:271
[    1451ms] [LOG] [nuxt-app] link:prefetch  : 1.51708984375 ms [/en/blog] @ http://0.0.0.0:3001/_nuxt/@fs/Users/andrejkoval/Dev/vivadzen/src/front/node_modules/hookable/dist/index.mjs?v=7b60de0d:271
[    1451ms] [LOG] [nuxt-app] link:prefetch   : 1.39697265625 ms [/en/reviews] @ http://0.0.0.0:3001/_nuxt/@fs/Users/andrejkoval/Dev/vivadzen/src/front/node_modules/hookable/dist/index.mjs?v=7b60de0d:271
[    1451ms] [LOG] [nuxt-app] link:prefetch    : 1.39306640625 ms [/en/about] @ http://0.0.0.0:3001/_nuxt/@fs/Users/andrejkoval/Dev/vivadzen/src/front/node_modules/hookable/dist/index.mjs?v=7b60de0d:271
[    1451ms] [LOG] [nuxt-app] link:prefetch     : 1.402099609375 ms [/en/contacts] @ http://0.0.0.0:3001/_nuxt/@fs/Users/andrejkoval/Dev/vivadzen/src/front/node_modules/hookable/dist/index.mjs?v=7b60de0d:271
[    1451ms] [LOG] [nuxt-app] link:prefetch      : 1.39892578125 ms [/en/zeleny-rurut-nano-kratom-prasek-25g] @ http://0.0.0.0:3001/_nuxt/@fs/Users/andrejkoval/Dev/vivadzen/src/front/node_modules/hookable/dist/index.mjs?v=7b60de0d:271
[    1451ms] [LOG] [nuxt-app] link:prefetch       : 1.404052734375 ms [/en/zeleny-rurut-nano-kratom-prasek-25g] @ http://0.0.0.0:3001/_nuxt/@fs/Users/andrejkoval/Dev/vivadzen/src/front/node_modules/hookable/dist/index.mjs?v=7b60de0d:271
[    1451ms] [LOG] [nuxt-app] link:prefetch        : 1.44091796875 ms [/en/bila-maeng-da-kratom-prasek-25g] @ http://0.0.0.0:3001/_nuxt/@fs/Users/andrejkoval/Dev/vivadzen/src/front/node_modules/hookable/dist/index.mjs?v=7b60de0d:271
[    1451ms] [LOG] [nuxt-app] link:prefetch         : 1.48388671875 ms [/en/bila-maeng-da-kratom-prasek-25g] @ http://0.0.0.0:3001/_nuxt/@fs/Users/andrejkoval/Dev/vivadzen/src/front/node_modules/hookable/dist/index.mjs?v=7b60de0d:271
[    1451ms] [LOG] [nuxt-app] link:prefetch          : 1.537841796875 ms [/en/bily-slon-kratom-prasek-25g] @ http://0.0.0.0:3001/_nuxt/@fs/Users/andrejkoval/Dev/vivadzen/src/front/node_modules/hookable/dist/index.mjs?v=7b60de0d:271
[    1451ms] [LOG] [nuxt-app] link:prefetch           : 1.578125 ms [/en/bily-slon-kratom-prasek-25g] @ http://0.0.0.0:3001/_nuxt/@fs/Users/andrejkoval/Dev/vivadzen/src/front/node_modules/hookable/dist/index.mjs?v=7b60de0d:271
[    1451ms] [LOG] [nuxt-app] link:prefetch            : 1.616943359375 ms [/en/zeleny-thajsky-kratom-prasek-25g] @ http://0.0.0.0:3001/_nuxt/@fs/Users/andrejkoval/Dev/vivadzen/src/front/node_modules/hookable/dist/index.mjs?v=7b60de0d:271
[    1451ms] [LOG] [nuxt-app] link:prefetch             : 1.6572265625 ms [/en/zeleny-thajsky-kratom-prasek-25g] @ http://0.0.0.0:3001/_nuxt/@fs/Users/andrejkoval/Dev/vivadzen/src/front/node_modules/hookable/dist/index.mjs?v=7b60de0d:271
[    1451ms] [LOG] [nuxt-app] link:prefetch              : 1.697021484375 ms [/en/cervena-maeng-da-kratom-prasek-25g] @ http://0.0.0.0:3001/_nuxt/@fs/Users/andrejkoval/Dev/vivadzen/src/front/node_modules/hookable/dist/index.mjs?v=7b60de0d:271
[    1451ms] [LOG] [nuxt-app] link:prefetch               : 1.73583984375 ms [/en/zelena-maeng-da-kratom-prasek-25g] @ http://0.0.0.0:3001/_nuxt/@fs/Users/andrejkoval/Dev/vivadzen/src/front/node_modules/hookable/dist/index.mjs?v=7b60de0d:271
[    5157ms] [LOG] [nuxt-delay-hydration] Hydration event timeout @ http://0.0.0.0:3001/en/catalog:134
[   22684ms] [WARNING] [intlify] Not found 'logo_alt' key in 'en' locale messages. @ http://0.0.0.0:3001/_nuxt/node_modules/.cache/vite/client/deps/chunk-LY4OWT6B.js?v=7b60de0d:3
[   22684ms] [WARNING] [intlify] Fall back to translate 'logo_alt' key with 'cs' locale. @ http://0.0.0.0:3001/_nuxt/node_modules/.cache/vite/client/deps/chunk-LY4OWT6B.js?v=7b60de0d:3
[   22684ms] [WARNING] [intlify] Not found 'logo_alt' key in 'cs' locale messages. @ http://0.0.0.0:3001/_nuxt/node_modules/.cache/vite/client/deps/chunk-LY4OWT6B.js?v=7b60de0d:3
[   22684ms] [WARNING] [intlify] Fall back to translate 'logo_alt' with root locale. @ http://0.0.0.0:3001/_nuxt/node_modules/.cache/vite/client/deps/chunk-LY4OWT6B.js?v=7b60de0d:3
[   22684ms] [WARNING] [intlify] Not found 'logo_alt' key in 'en' locale messages. @ http://0.0.0.0:3001/_nuxt/node_modules/.cache/vite/client/deps/chunk-LY4OWT6B.js?v=7b60de0d:3
[   22684ms] [WARNING] [intlify] Fall back to translate 'logo_alt' key with 'cs' locale. @ http://0.0.0.0:3001/_nuxt/node_modules/.cache/vite/client/deps/chunk-LY4OWT6B.js?v=7b60de0d:3
[   22684ms] [WARNING] [intlify] Not found 'logo_alt' key in 'cs' locale messages. @ http://0.0.0.0:3001/_nuxt/node_modules/.cache/vite/client/deps/chunk-LY4OWT6B.js?v=7b60de0d:3
[   22685ms] [WARNING] [intlify] Not found 'title.cart' key in 'en' locale messages. @ http://0.0.0.0:3001/_nuxt/node_modules/.cache/vite/client/deps/chunk-LY4OWT6B.js?v=7b60de0d:3
[   22685ms] [WARNING] [intlify] Fall back to translate 'title.cart' key with 'cs' locale. @ http://0.0.0.0:3001/_nuxt/node_modules/.cache/vite/client/deps/chunk-LY4OWT6B.js?v=7b60de0d:3
[   22685ms] [WARNING] [intlify] Not found 'title.cart' key in 'cs' locale messages. @ http://0.0.0.0:3001/_nuxt/node_modules/.cache/vite/client/deps/chunk-LY4OWT6B.js?v=7b60de0d:3
[   22685ms] [WARNING] [intlify] Fall back to translate 'title.cart' with root locale. @ http://0.0.0.0:3001/_nuxt/node_modules/.cache/vite/client/deps/chunk-LY4OWT6B.js?v=7b60de0d:3
[   22686ms] [WARNING] [nuxt] [useAsyncData] Component is already mounted, please use $fetch instead. See https://nuxt.com/docs/getting-started/data-fetching @ http://0.0.0.0:3001/_nuxt/@fs/Users/andrejkoval/Dev/vivadzen/src/front/node_modules/nuxt/dist/app/composables/asyncData.js?v=7b60de0d:105
[   22822ms] [WARNING] [intlify] Not found 'from' key in 'en' locale messages. @ http://0.0.0.0:3001/_nuxt/node_modules/.cache/vite/client/deps/chunk-LY4OWT6B.js?v=7b60de0d:3
[   22822ms] [WARNING] [intlify] Fall back to translate 'from' key with 'cs' locale. @ http://0.0.0.0:3001/_nuxt/node_modules/.cache/vite/client/deps/chunk-LY4OWT6B.js?v=7b60de0d:3
[   22822ms] [WARNING] [intlify] Not found 'from' key in 'cs' locale messages. @ http://0.0.0.0:3001/_nuxt/node_modules/.cache/vite/client/deps/chunk-LY4OWT6B.js?v=7b60de0d:3
[   22823ms] [WARNING] [intlify] Not found 'currency' key in 'en' locale messages. @ http://0.0.0.0:3001/_nuxt/node_modules/.cache/vite/client/deps/chunk-LY4OWT6B.js?v=7b60de0d:3
[   22823ms] [WARNING] [intlify] Fall back to number format 'currency' key with 'cs' locale. @ http://0.0.0.0:3001/_nuxt/node_modules/.cache/vite/client/deps/chunk-LY4OWT6B.js?v=7b60de0d:3
[   22823ms] [WARNING] [intlify] Not found 'currency' key in 'cs' locale messages. @ http://0.0.0.0:3001/_nuxt/node_modules/.cache/vite/client/deps/chunk-LY4OWT6B.js?v=7b60de0d:3
[   22823ms] [WARNING] [intlify] Fall back to number format 'currency' with root locale. @ http://0.0.0.0:3001/_nuxt/node_modules/.cache/vite/client/deps/chunk-LY4OWT6B.js?v=7b60de0d:3
[   22824ms] [WARNING] [intlify] Not found 'from' key in 'en' locale messages. @ http://0.0.0.0:3001/_nuxt/node_modules/.cache/vite/client/deps/chunk-LY4OWT6B.js?v=7b60de0d:3
[   22824ms] [WARNING] [intlify] Fall back to translate 'from' key with 'cs' locale. @ http://0.0.0.0:3001/_nuxt/node_modules/.cache/vite/client/deps/chunk-LY4OWT6B.js?v=7b60de0d:3
[   22824ms] [WARNING] [intlify] Not found 'from' key in 'cs' locale messages. @ http://0.0.0.0:3001/_nuxt/node_modules/.cache/vite/client/deps/chunk-LY4OWT6B.js?v=7b60de0d:3
[   22824ms] [WARNING] [intlify] Not found 'currency' key in 'en' locale messages. @ http://0.0.0.0:3001/_nuxt/node_modules/.cache/vite/client/deps/chunk-LY4OWT6B.js?v=7b60de0d:3
[   22824ms] [WARNING] [intlify] Fall back to number format 'currency' key with 'cs' locale. @ http://0.0.0.0:3001/_nuxt/node_modules/.cache/vite/client/deps/chunk-LY4OWT6B.js?v=7b60de0d:3
[   22824ms] [WARNING] [intlify] Not found 'currency' key in 'cs' locale messages. @ http://0.0.0.0:3001/_nuxt/node_modules/.cache/vite/client/deps/chunk-LY4OWT6B.js?v=7b60de0d:3
[   22824ms] [WARNING] [intlify] Fall back to number format 'currency' with root locale. @ http://0.0.0.0:3001/_nuxt/node_modules/.cache/vite/client/deps/chunk-LY4OWT6B.js?v=7b60de0d:3
[   22824ms] [WARNING] [intlify] Not found 'from' key in 'en' locale messages. @ http://0.0.0.0:3001/_nuxt/node_modules/.cache/vite/client/deps/chunk-LY4OWT6B.js?v=7b60de0d:3
[   22825ms] [WARNING] [intlify] Fall back to translate 'from' key with 'cs' locale. @ http://0.0.0.0:3001/_nuxt/node_modules/.cache/vite/client/deps/chunk-LY4OWT6B.js?v=7b60de0d:3
[   22825ms] [WARNING] [intlify] Not found 'from' key in 'cs' locale messages. @ http://0.0.0.0:3001/_nuxt/node_modules/.cache/vite/client/deps/chunk-LY4OWT6B.js?v=7b60de0d:3
[   22825ms] [WARNING] [intlify] Not found 'currency' key in 'en' locale messages. @ http://0.0.0.0:3001/_nuxt/node_modules/.cache/vite/client/deps/chunk-LY4OWT6B.js?v=7b60de0d:3
[   22825ms] [WARNING] [intlify] Fall back to number format 'currency' key with 'cs' locale. @ http://0.0.0.0:3001/_nuxt/node_modules/.cache/vite/client/deps/chunk-LY4OWT6B.js?v=7b60de0d:3
[   22825ms] [WARNING] [intlify] Not found 'currency' key in 'cs' locale messages. @ http://0.0.0.0:3001/_nuxt/node_modules/.cache/vite/client/deps/chunk-LY4OWT6B.js?v=7b60de0d:3
[   22825ms] [WARNING] [intlify] Fall back to number format 'currency' with root locale. @ http://0.0.0.0:3001/_nuxt/node_modules/.cache/vite/client/deps/chunk-LY4OWT6B.js?v=7b60de0d:3
[   22826ms] [WARNING] [intlify] Not found 'from' key in 'en' locale messages. @ http://0.0.0.0:3001/_nuxt/node_modules/.cache/vite/client/deps/chunk-LY4OWT6B.js?v=7b60de0d:3
[   22826ms] [WARNING] [intlify] Fall back to translate 'from' key with 'cs' locale. @ http://0.0.0.0:3001/_nuxt/node_modules/.cache/vite/client/deps/chunk-LY4OWT6B.js?v=7b60de0d:3
[   22826ms] [WARNING] [intlify] Not found 'from' key in 'cs' locale messages. @ http://0.0.0.0:3001/_nuxt/node_modules/.cache/vite/client/deps/chunk-LY4OWT6B.js?v=7b60de0d:3
[   22826ms] [WARNING] [intlify] Not found 'currency' key in 'en' locale messages. @ http://0.0.0.0:3001/_nuxt/node_modules/.cache/vite/client/deps/chunk-LY4OWT6B.js?v=7b60de0d:3
[   22826ms] [WARNING] [intlify] Fall back to number format 'currency' key with 'cs' locale. @ http://0.0.0.0:3001/_nuxt/node_modules/.cache/vite/client/deps/chunk-LY4OWT6B.js?v=7b60de0d:3
[   22826ms] [WARNING] [intlify] Not found 'currency' key in 'cs' locale messages. @ http://0.0.0.0:3001/_nuxt/node_modules/.cache/vite/client/deps/chunk-LY4OWT6B.js?v=7b60de0d:3
[   22826ms] [WARNING] [intlify] Fall back to number format 'currency' with root locale. @ http://0.0.0.0:3001/_nuxt/node_modules/.cache/vite/client/deps/chunk-LY4OWT6B.js?v=7b60de0d:3
[   22827ms] [WARNING] [intlify] Not found 'from' key in 'en' locale messages. @ http://0.0.0.0:3001/_nuxt/node_modules/.cache/vite/client/deps/chunk-LY4OWT6B.js?v=7b60de0d:3
[   22827ms] [WARNING] [intlify] Fall back to translate 'from' key with 'cs' locale. @ http://0.0.0.0:3001/_nuxt/node_modules/.cache/vite/client/deps/chunk-LY4OWT6B.js?v=7b60de0d:3
[   22827ms] [WARNING] [intlify] Not found 'from' key in 'cs' locale messages. @ http://0.0.0.0:3001/_nuxt/node_modules/.cache/vite/client/deps/chunk-LY4OWT6B.js?v=7b60de0d:3
[   22827ms] [WARNING] [intlify] Not found 'currency' key in 'en' locale messages. @ http://0.0.0.0:3001/_nuxt/node_modules/.cache/vite/client/deps/chunk-LY4OWT6B.js?v=7b60de0d:3
[   22827ms] [WARNING] [intlify] Fall back to number format 'currency' key with 'cs' locale. @ http://0.0.0.0:3001/_nuxt/node_modules/.cache/vite/client/deps/chunk-LY4OWT6B.js?v=7b60de0d:3
[   22827ms] [WARNING] [intlify] Not found 'currency' key in 'cs' locale messages. @ http://0.0.0.0:3001/_nuxt/node_modules/.cache/vite/client/deps/chunk-LY4OWT6B.js?v=7b60de0d:3
[   22827ms] [WARNING] [intlify] Fall back to number format 'currency' with root locale. @ http://0.0.0.0:3001/_nuxt/node_modules/.cache/vite/client/deps/chunk-LY4OWT6B.js?v=7b60de0d:3
[   22827ms] [WARNING] [intlify] Not found 'from' key in 'en' locale messages. @ http://0.0.0.0:3001/_nuxt/node_modules/.cache/vite/client/deps/chunk-LY4OWT6B.js?v=7b60de0d:3
[   22827ms] [WARNING] [intlify] Fall back to translate 'from' key with 'cs' locale. @ http://0.0.0.0:3001/_nuxt/node_modules/.cache/vite/client/deps/chunk-LY4OWT6B.js?v=7b60de0d:3
[   22827ms] [WARNING] [intlify] Not found 'from' key in 'cs' locale messages. @ http://0.0.0.0:3001/_nuxt/node_modules/.cache/vite/client/deps/chunk-LY4OWT6B.js?v=7b60de0d:3
[   22828ms] [WARNING] [intlify] Not found 'currency' key in 'en' locale messages. @ http://0.0.0.0:3001/_nuxt/node_modules/.cache/vite/client/deps/chunk-LY4OWT6B.js?v=7b60de0d:3
[   22828ms] [WARNING] [intlify] Fall back to number format 'currency' key with 'cs' locale. @ http://0.0.0.0:3001/_nuxt/node_modules/.cache/vite/client/deps/chunk-LY4OWT6B.js?v=7b60de0d:3
[   22828ms] [WARNING] [intlify] Not found 'currency' key in 'cs' locale messages. @ http://0.0.0.0:3001/_nuxt/node_modules/.cache/vite/client/deps/chunk-LY4OWT6B.js?v=7b60de0d:3
[   22828ms] [WARNING] [intlify] Fall back to number format 'currency' with root locale. @ http://0.0.0.0:3001/_nuxt/node_modules/.cache/vite/client/deps/chunk-LY4OWT6B.js?v=7b60de0d:3
[   22851ms] [WARNING] Timer '[nuxt-app] link:prefetch' already exists @ http://0.0.0.0:3001/_nuxt/@fs/Users/andrejkoval/Dev/vivadzen/src/front/node_modules/hookable/dist/index.mjs?v=7b60de0d:261
[   22851ms] [WARNING] Timer '[nuxt-app] link:prefetch ' already exists @ http://0.0.0.0:3001/_nuxt/@fs/Users/andrejkoval/Dev/vivadzen/src/front/node_modules/hookable/dist/index.mjs?v=7b60de0d:261
[   22851ms] [WARNING] Timer '[nuxt-app] link:prefetch  ' already exists @ http://0.0.0.0:3001/_nuxt/@fs/Users/andrejkoval/Dev/vivadzen/src/front/node_modules/hookable/dist/index.mjs?v=7b60de0d:261
[   22851ms] [WARNING] Timer '[nuxt-app] link:prefetch   ' already exists @ http://0.0.0.0:3001/_nuxt/@fs/Users/andrejkoval/Dev/vivadzen/src/front/node_modules/hookable/dist/index.mjs?v=7b60de0d:261
[   22851ms] [WARNING] Timer '[nuxt-app] link:prefetch    ' already exists @ http://0.0.0.0:3001/_nuxt/@fs/Users/andrejkoval/Dev/vivadzen/src/front/node_modules/hookable/dist/index.mjs?v=7b60de0d:261
[   22851ms] [WARNING] Timer '[nuxt-app] link:prefetch     ' already exists @ http://0.0.0.0:3001/_nuxt/@fs/Users/andrejkoval/Dev/vivadzen/src/front/node_modules/hookable/dist/index.mjs?v=7b60de0d:261
[   22851ms] [WARNING] [intlify] Not found 'from' key in 'en' locale messages. @ http://0.0.0.0:3001/_nuxt/node_modules/.cache/vite/client/deps/chunk-LY4OWT6B.js?v=7b60de0d:3
[   22851ms] [WARNING] [intlify] Fall back to translate 'from' key with 'cs' locale. @ http://0.0.0.0:3001/_nuxt/node_modules/.cache/vite/client/deps/chunk-LY4OWT6B.js?v=7b60de0d:3
[   22851ms] [WARNING] [intlify] Not found 'from' key in 'cs' locale messages. @ http://0.0.0.0:3001/_nuxt/node_modules/.cache/vite/client/deps/chunk-LY4OWT6B.js?v=7b60de0d:3
[   22851ms] [WARNING] [intlify] Not found 'from' key in 'en' locale messages. @ http://0.0.0.0:3001/_nuxt/node_modules/.cache/vite/client/deps/chunk-LY4OWT6B.js?v=7b60de0d:3
[   22851ms] [WARNING] [intlify] Fall back to translate 'from' key with 'cs' locale. @ http://0.0.0.0:3001/_nuxt/node_modules/.cache/vite/client/deps/chunk-LY4OWT6B.js?v=7b60de0d:3
[   22851ms] [WARNING] [intlify] Not found 'from' key in 'cs' locale messages. @ http://0.0.0.0:3001/_nuxt/node_modules/.cache/vite/client/deps/chunk-LY4OWT6B.js?v=7b60de0d:3
[   22852ms] [WARNING] [intlify] Not found 'from' key in 'en' locale messages. @ http://0.0.0.0:3001/_nuxt/node_modules/.cache/vite/client/deps/chunk-LY4OWT6B.js?v=7b60de0d:3
[   22852ms] [WARNING] [intlify] Fall back to translate 'from' key with 'cs' locale. @ http://0.0.0.0:3001/_nuxt/node_modules/.cache/vite/client/deps/chunk-LY4OWT6B.js?v=7b60de0d:3
[   22852ms] [WARNING] [intlify] Not found 'from' key in 'cs' locale messages. @ http://0.0.0.0:3001/_nuxt/node_modules/.cache/vite/client/deps/chunk-LY4OWT6B.js?v=7b60de0d:3
[   22852ms] [WARNING] [intlify] Not found 'from' key in 'en' locale messages. @ http://0.0.0.0:3001/_nuxt/node_modules/.cache/vite/client/deps/chunk-LY4OWT6B.js?v=7b60de0d:3
[   22852ms] [WARNING] [intlify] Fall back to translate 'from' key with 'cs' locale. @ http://0.0.0.0:3001/_nuxt/node_modules/.cache/vite/client/deps/chunk-LY4OWT6B.js?v=7b60de0d:3
[   22852ms] [WARNING] [intlify] Not found 'from' key in 'cs' locale messages. @ http://0.0.0.0:3001/_nuxt/node_modules/.cache/vite/client/deps/chunk-LY4OWT6B.js?v=7b60de0d:3
[   22852ms] [WARNING] [intlify] Not found 'from' key in 'en' locale messages. @ http://0.0.0.0:3001/_nuxt/node_modules/.cache/vite/client/deps/chunk-LY4OWT6B.js?v=7b60de0d:3
[   22852ms] [WARNING] [intlify] Fall back to translate 'from' key with 'cs' locale. @ http://0.0.0.0:3001/_nuxt/node_modules/.cache/vite/client/deps/chunk-LY4OWT6B.js?v=7b60de0d:3
[   22852ms] [WARNING] [intlify] Not found 'from' key in 'cs' locale messages. @ http://0.0.0.0:3001/_nuxt/node_modules/.cache/vite/client/deps/chunk-LY4OWT6B.js?v=7b60de0d:3
[   22852ms] [WARNING] [intlify] Not found 'from' key in 'en' locale messages. @ http://0.0.0.0:3001/_nuxt/node_modules/.cache/vite/client/deps/chunk-LY4OWT6B.js?v=7b60de0d:3
[   22852ms] [WARNING] [intlify] Fall back to translate 'from' key with 'cs' locale. @ http://0.0.0.0:3001/_nuxt/node_modules/.cache/vite/client/deps/chunk-LY4OWT6B.js?v=7b60de0d:3
[   22852ms] [WARNING] [intlify] Not found 'from' key in 'cs' locale messages. @ http://0.0.0.0:3001/_nuxt/node_modules/.cache/vite/client/deps/chunk-LY4OWT6B.js?v=7b60de0d:3
[   22852ms] [LOG] [nuxt-app] link:prefetch: 21403.1708984375 ms [/en/zeleny-rurut-nano-kratom-prasek-25g] @ http://0.0.0.0:3001/_nuxt/@fs/Users/andrejkoval/Dev/vivadzen/src/front/node_modules/hookable/dist/index.mjs?v=7b60de0d:271
[   22852ms] [LOG] [nuxt-app] link:prefetch : 21403.182861328125 ms [/en/bila-maeng-da-kratom-prasek-25g] @ http://0.0.0.0:3001/_nuxt/@fs/Users/andrejkoval/Dev/vivadzen/src/front/node_modules/hookable/dist/index.mjs?v=7b60de0d:271
[   22852ms] [LOG] [nuxt-app] link:prefetch  : 21403.22607421875 ms [/en/bily-slon-kratom-prasek-25g] @ http://0.0.0.0:3001/_nuxt/@fs/Users/andrejkoval/Dev/vivadzen/src/front/node_modules/hookable/dist/index.mjs?v=7b60de0d:271
[   22852ms] [LOG] [nuxt-app] link:prefetch   : 21403.10791015625 ms [/en/zeleny-thajsky-kratom-prasek-25g] @ http://0.0.0.0:3001/_nuxt/@fs/Users/andrejkoval/Dev/vivadzen/src/front/node_modules/hookable/dist/index.mjs?v=7b60de0d:271
[   22852ms] [LOG] [nuxt-app] link:prefetch    : 21403.10791015625 ms [/en/cervena-maeng-da-kratom-prasek-25g] @ http://0.0.0.0:3001/_nuxt/@fs/Users/andrejkoval/Dev/vivadzen/src/front/node_modules/hookable/dist/index.mjs?v=7b60de0d:271
[   22853ms] [LOG] [nuxt-app] link:prefetch     : 21403.111083984375 ms [/en/zelena-maeng-da-kratom-prasek-25g] @ http://0.0.0.0:3001/_nuxt/@fs/Users/andrejkoval/Dev/vivadzen/src/front/node_modules/hookable/dist/index.mjs?v=7b60de0d:271
[  133921ms] [WARNING] [intlify] Not found 'logo_alt' key in 'en' locale messages. @ http://0.0.0.0:3001/_nuxt/node_modules/.cache/vite/client/deps/chunk-LY4OWT6B.js?v=7b60de0d:3
[  133921ms] [WARNING] [intlify] Fall back to translate 'logo_alt' key with 'cs' locale. @ http://0.0.0.0:3001/_nuxt/node_modules/.cache/vite/client/deps/chunk-LY4OWT6B.js?v=7b60de0d:3
[  133921ms] [WARNING] [intlify] Not found 'logo_alt' key in 'cs' locale messages. @ http://0.0.0.0:3001/_nuxt/node_modules/.cache/vite/client/deps/chunk-LY4OWT6B.js?v=7b60de0d:3
[  133921ms] [WARNING] [intlify] Fall back to translate 'logo_alt' with root locale. @ http://0.0.0.0:3001/_nuxt/node_modules/.cache/vite/client/deps/chunk-LY4OWT6B.js?v=7b60de0d:3
[  133921ms] [WARNING] [intlify] Not found 'logo_alt' key in 'en' locale messages. @ http://0.0.0.0:3001/_nuxt/node_modules/.cache/vite/client/deps/chunk-LY4OWT6B.js?v=7b60de0d:3
[  133921ms] [WARNING] [intlify] Fall back to translate 'logo_alt' key with 'cs' locale. @ http://0.0.0.0:3001/_nuxt/node_modules/.cache/vite/client/deps/chunk-LY4OWT6B.js?v=7b60de0d:3
[  133921ms] [WARNING] [intlify] Not found 'logo_alt' key in 'cs' locale messages. @ http://0.0.0.0:3001/_nuxt/node_modules/.cache/vite/client/deps/chunk-LY4OWT6B.js?v=7b60de0d:3
[  133922ms] [WARNING] [intlify] Not found 'title.cart' key in 'en' locale messages. @ http://0.0.0.0:3001/_nuxt/node_modules/.cache/vite/client/deps/chunk-LY4OWT6B.js?v=7b60de0d:3
[  133922ms] [WARNING] [intlify] Fall back to translate 'title.cart' key with 'cs' locale. @ http://0.0.0.0:3001/_nuxt/node_modules/.cache/vite/client/deps/chunk-LY4OWT6B.js?v=7b60de0d:3
[  133922ms] [WARNING] [intlify] Not found 'title.cart' key in 'cs' locale messages. @ http://0.0.0.0:3001/_nuxt/node_modules/.cache/vite/client/deps/chunk-LY4OWT6B.js?v=7b60de0d:3
[  133922ms] [WARNING] [intlify] Fall back to translate 'title.cart' with root locale. @ http://0.0.0.0:3001/_nuxt/node_modules/.cache/vite/client/deps/chunk-LY4OWT6B.js?v=7b60de0d:3
