Номер,ID,Группа,Роль,Граммаж,Название,URL slug,Meta title,Meta description,Короткое описание,Длинное описание,Теги,Основной ключ,Вторичные ключи,LSI ключи
1,8017,kratom-verde-maeng-da-en-polvo,variable,,Kratom verde Maeng Da en polvo,kratom-verde-maeng-da-en-polvo,Kratom Verde Maeng Da en Polvo | Variedad Clásica del Sudeste Asiático,"Kratom Verde Maeng Da en polvo, una de las variedades más conocidas y buscadas por coleccionistas en España. Material vegetal procedente del sudeste asiático. Disponible en varios formatos. Envío discreto.","Kratom Verde Maeng Da en polvo, variedad clásica del sudeste asiático muy apreciada en proyectos botánicos y colecciones avanzadas. Material vegetal para clasificación y documentación. No destinado al consumo humano.
","<h2>Características principales</h2>
Kratom Verde Maeng Da en polvo es una de las variedades más reconocidas en el ámbito etnobotánico en España. Procede del sudeste asiático y se obtiene a partir de hojas secas de Mitragyna speciosa seleccionadas por su estabilidad cromática y su molienda fina, lo que facilita su uso en documentación visual, análisis comparativos y estudios botánicos.

La variedad Maeng Da destaca por su color verde característico y su textura uniforme, factores que permiten crear fichas técnicas, registros fotográficos y series descriptivas de forma precisa y consistente.

<h2>Documentación botánica</h2>
El material vegetal se emplea habitualmente en catálogos botánicos, estudios comparativos y archivos etnográficos. Su presentación homogénea facilita analizar variaciones entre lotes, estructurar colecciones temáticas y mantener referencias visuales estables durante proyectos de corta o larga duración.

<h2>Uso en colecciones y archivos</h2>
Gracias a su textura fina y color uniforme, este polvo vegetal es adecuado para colecciones privadas, documentación educativa, archivos fotográficos y análisis visuales. Está disponible en diferentes gramajes, permitiendo trabajar tanto con microcolecciones como con archivos amplios que requieren continuidad técnica.

Este producto no está destinado al consumo humano ni a usos médicos o alimentarios. Su finalidad es exclusivamente botánica y documental.

<h2>Ventajas de esta variedad</h2>
- Procedencia del sudeste asiático  
- Polvo vegetal de molienda fina  
- Ideal para documentación visual y comparativa  
- Adecuado para catálogos temáticos y fichas técnicas  
- Amplia gama de gramajes disponibles  
- Envío discreto dentro de España  

<h2>¿Por qué elegir esta variedad?</h2>
- Variedad verde muy consultada en España  
- Color y textura estables para documentación precisa  
- Útil para colecciones de cualquier tamaño  
- Compatible con estudios etnográficos y comparativos  

<h2>FAQ – Preguntas frecuentes</h2>

<b>¿Qué es Kratom Verde Maeng Da en el contexto botánico?</b><br>
Es polvo vegetal de hojas secas de Mitragyna speciosa destinado a documentación, análisis visual y estudios etnobotánicos.

<b>¿Para qué se utiliza este material?</b><br>
Para catálogos botánicos, análisis comparativos, series fotográficas y documentación temática.

<b>¿En qué se diferencian los gramajes?</b><br>
Solo en la cantidad: los pequeños sirven como muestra y los mayores para archivos continuados.

<b>¿Es apto para consumo?</b><br>
No. Su uso es únicamente botánico y documental.

<b>¿Cómo se recomienda almacenarlo?</b><br>
En un lugar fresco y seco, protegido de la luz para conservar su estabilidad visual.
","kratom verde, maeng da, kratom en polvo, material botánico, hoja seca, sudeste asiático, catálogo botánico
","kratom verde maeng da
","comprar kratom verde, kratom verde maeng da españa, kratom en polvo verde, tienda de kratom online, kratom verde envío rápido, kratom españa comprar online, kratom maeng da formatos, kratom verde maeng da variedad clásica
","material vegetal, hoja seca pulverizada, estudio botánico, archivo etnográfico, catálogo de plantas, variedad verde, origen asiático
"
2,14753,kratom-verde-maeng-da-en-polvo,variation,25g,Kratom verde Maeng Da en polvo 25g,kratom-verde-maeng-da-en-polvo-25g,Kratom Verde Maeng Da 25g en Polvo | Formato de Muestra,"Kratom Verde Maeng Da en polvo 25g, formato de muestra para colecciones botánicas y estudios iniciales. Producto procedente del sudeste asiático. Envío discreto en España.","Kratom Verde Maeng Da en polvo 25g, formato pequeño ideal para colecciones botánicas de iniciación y proyectos de referencia. No destinado al consumo humano.","<h2>Formato 25g</h2>
El formato de 25g de Kratom Verde Maeng Da en polvo es ideal para quienes buscan una primera referencia de esta variedad sin adquirir un gramaje mayor. Es adecuado para microcolecciones, análisis preliminares y documentación botánica básica.

Kratom Verde Maeng Da procede del sudeste asiático y se obtiene a partir de hojas secas de Mitragyna speciosa seleccionadas por su estabilidad cromática y molienda fina. Su color verde uniforme facilita la creación de registros visuales, fichas técnicas iniciales y comparaciones simples entre muestras.

<h2>Aplicación botánica</h2>
Este formato es útil para proyectos pequeños y documentación de corta duración. Permite:
- elaborar fichas descriptivas básicas,  
- realizar comparaciones entre lotes pequeños,  
- crear series fotográficas iniciales,  
- iniciar catálogos temáticos compactos,  
- desarrollar estudios etnográficos preliminares.

Al ser un formato ligero, es perfecto para archivado rápido y observación visual sin necesidad de volumen adicional.

<h2>Características del formato 25g</h2>
- Tamaño ideal para iniciación y microcolecciones  
- Fácil de almacenar y manejar  
- Permite documentación preliminar  
- Textura fina y color homogéneo  
- Procedencia del sudeste asiático  

<h2>Uso en colecciones pequeñas</h2>
25g es adecuado para proyectos educativos, análisis visuales rápidos y pruebas de clasificación. Su cantidad permite trabajar con varias series fotográficas y fichas descriptivas sin generar exceso de material.

<h2>Información importante</h2>
Este producto no está destinado al consumo humano ni a usos médicos o alimentarios. Su uso es exclusivamente documental y botánico.

<h2>FAQ – Preguntas frecuentes</h2>

<b>¿Para qué sirve el formato 25g?</b><br>
Para análisis iniciales, comparaciones simples y documentación básica.

<b>¿Para quién está recomendado?</b><br>
Para coleccionistas que comienzan o para estudios pequeños que no requieren gran cantidad.

<b>¿Qué diferencia tiene respecto a formatos mayores?</b><br>
Es un formato orientado a pruebas iniciales; los gramajes superiores permiten documentación más amplia.

<b>¿Permite realizar registros fotográficos?</b><br>
Sí, 25g es suficiente para varias series visuales básicas.

<b>¿Cómo debe almacenarse?</b><br>
En un lugar seco y protegido de la luz para mantener estabilidad visual.
","kratom verde, maeng da, kratom en polvo, formato muestra, material vegetal, referencia botánica",kratom verde maeng da 25g,"comprar kratom 25g, kratom verde 25g españa, kratom maeng da muestra, kratom en polvo 25g, tienda de kratom online, kratom verde envío rápido, kratom españa comprar online
","formato muestra, microcolección, referencia pequeña, análisis inicial, catálogo botánico básico, registro preliminar, lote de muestra
"
3,8022,kratom-verde-maeng-da-en-polvo,variation,50g,Kratom verde Maeng Da en polvo 50g,kratom-verde-maeng-da-en-polvo-50g,Kratom verde Maeng Da 50g en polvo | Formato práctico,"Kratom verde Maeng Da en polvo 50g, formato práctico para colecciones activas y documentación botánica continuada. Envío discreto dentro de España. Producto no destinado al consumo humano.","Kratom verde Maeng Da en polvo 50g, formato práctico para coleccionistas que necesitan material estable para documentación continua. Producto no destinado al consumo humano.","<h2>Formato 50g</h2>
El formato de 50g de Kratom Verde Maeng Da en polvo es ideal para quienes realizan documentación continua y necesitan un volumen intermedio del mismo lote. Es una opción práctica para estudios comparativos, series fotográficas y archivos botánicos de tamaño medio.

Kratom Verde Maeng Da procede del sudeste asiático y se obtiene de hojas secas de Mitragyna speciosa seleccionadas por su color estable y su molienda fina. Su textura uniforme facilita análisis visuales precisos y fichas técnicas consistentes.

<h2>Aplicación botánica</h2>
El formato 50g ofrece suficiente material para varios ciclos de documentación sin llegar al volumen de un gramaje estándar. Permite:
- elaborar series fotográficas regulares,  
- preparar fichas descriptivas de varios niveles,  
- mantener un archivo visual estable,  
- realizar comparaciones entre muestras,  
- trabajar con documentación repetida del mismo lote.

Es perfecto para proyectos de estudio continuos que necesitan constancia.

<h2>Características del formato 50g</h2>
- Volumen práctico para documentación repetida  
- Textura fina y homogénea  
- Permite análisis visuales de forma estable  
- Procedencia del sudeste asiático  
- Ideal para catálogos de tamaño medio  

<h2>Uso en archivos botánicos</h2>
Este gramaje facilita crear registros organizados, comparar pequeñas variaciones y mantener un material uniforme para estudios educativos o colecciones privadas.

<h2>Información importante</h2>
Este producto no está destinado al consumo humano ni a usos médicos o alimentarios. Su finalidad es exclusivamente documental.

<h2>FAQ – Preguntas frecuentes</h2>

<b>¿Por qué elegir el formato 50g?</b><br>
Es práctico para documentación repetida sin necesidad de usar un gramaje mayor.

<b>¿Para qué tipo de proyectos es adecuado?</b><br>
Para series fotográficas, registros técnicos y estudios continuos de tamaño medio.

<b>¿En qué se diferencia del formato 25g?</b><br>
Permite más repeticiones y ofrece mayor estabilidad durante el análisis.

<b>¿Cuánto material se puede documentar con 50g?</b><br>
Suficiente para varias sesiones técnicas y series visuales completas.

<b>¿Cómo almacenarlo?</b><br>
En un lugar fresco y seco, protegido de la luz.
","kratom verde, maeng da, kratom en polvo, formato práctico, documentación botánica, material vegetal",kratom verde maeng da 50g,"comprar kratom 50g, kratom verde 50g españa, kratom maeng da 50g, tienda de kratom online, kratom verde envío rápido, kratom españa comprar online, kratom maeng da formato práctico, kratom maeng da 50g documentación","formato práctico, cantidad moderada, documentación continua, registro botánico, análisis visual, lote estable, proyecto educativo"
4,8019,kratom-verde-maeng-da-en-polvo,variation,100g,Kratom verde Maeng Da en polvo 100g,kratom-verde-maeng-da-en-polvo-100g,Kratom verde Maeng Da 100g en polvo | Formato estándar,"Kratom verde Maeng Da en polvo 100g, formato estándar para colecciones botánicas medianas y estudios organizados. Envío discreto dentro de España. Producto no destinado al consumo humano.","Kratom verde Maeng Da en polvo 100g, formato estándar para colecciones medianas y proyectos botánicos organizados. Producto no destinado al consumo humano.","<h2>Formato 100g</h2>
El formato de 100g de Kratom Verde Maeng Da en polvo es el tamaño estándar dentro de la documentación botánica. Ofrece suficiente material para estudios comparativos, series visuales estructuradas y archivos de referencia de duración media sin perder coherencia entre etapas.

Kratom Verde Maeng Da procede del sudeste asiático y se obtiene a partir de hojas secas de Mitragyna speciosa seleccionadas por su color estable y su molienda fina. Su uniformidad facilita elaborar fichas técnicas, análisis visuales organizados y registros comparativos de varios niveles.

<h2>Aplicación botánica</h2>
El formato de 100g es ideal para proyectos que requieren continuidad sin llegar a ser un archivo avanzado. Permite:
- realizar comparaciones estructuradas,  
- preparar series fotográficas detalladas,  
- mantener un archivo visual ordenado,  
- elaborar documentación técnica prolongada,  
- estudiar variaciones entre muestras dentro de la misma variedad.

Su equilibrio entre volumen y manejo lo convierte en uno de los formatos más utilizados.

<h2>Características del formato 100g</h2>
- Tamaño estándar para colecciones medianas  
- Ideal para estudios comparativos organizados  
- Permite documentación técnica de nivel medio  
- Textura fina y color uniforme  
- Procedencia del sudeste asiático  

<h2>Uso dentro de archivos botánicos</h2>
100g facilita desarrollar catálogos temáticos, series comparativas y archivos de referencia. Ofrece suficiente material para varios ciclos de documentación sin necesidad de formatos mayores.

<h2>Información importante</h2>
Este producto no está destinado al consumo humano ni a usos médicos o alimentarios. Su uso es exclusivamente documental y botánico.

<h2>FAQ – Preguntas frecuentes</h2>

<b>¿Para qué proyectos se recomienda el formato 100g?</b><br>
Para colecciones medianas, documentación estructurada y estudios comparativos de varios niveles.

<b>¿Qué lo diferencia de 50g?</b><br>
100g permite trabajar durante más tiempo manteniendo estabilidad visual.

<b>¿Es adecuado para archivos técnicos?</b><br>
Sí, es ideal para fichas descriptivas y análisis visual prolongado.

<b>¿Permite análisis comparativos?</b><br>
Sí, su volumen favorece comparaciones detalladas entre muestras.

<b>¿Cómo debe almacenarse?</b><br>
En un lugar seco y fresco, protegido de la luz.
","kratom verde, maeng da, kratom en polvo, formato estándar, catálogo botánico, material vegetal",kratom verde maeng da 100g,"comprar kratom 100g, kratom verde 100g españa, kratom maeng da 100g, tienda de kratom online, kratom verde envío rápido, kratom españa comprar online, kratom maeng da formato estándar, kratom maeng da 100g colecciones","formato estándar, colección mediana, referencia estable, archivo documental, estudio organizado, lote vegetal, análisis botánico estructurado"
5,8020,kratom-verde-maeng-da-en-polvo,variation,300g,Kratom verde Maeng Da en polvo 300g,kratom-verde-maeng-da-en-polvo-300g,Kratom verde Maeng Da 300g en polvo | Formato avanzado,"Kratom verde Maeng Da en polvo 300g, formato avanzado para proyectos prolongados y colecciones botánicas amplias. Envío discreto en España. Producto no destinado al consumo humano.","Kratom verde Maeng Da en polvo 300g, cantidad amplia para colecciones botánicas avanzadas y trabajos etnobotánicos de largo plazo. Producto no destinado al consumo humano.","<h2>Formato 300g</h2>
El formato de 300g de Kratom Verde Maeng Da en polvo está pensado para proyectos avanzados y archivos botánicos que requieren una cantidad amplia del mismo lote. Es ideal para documentación prolongada, series fotográficas numerosas y estudios comparativos de gran profundidad.

Kratom Verde Maeng Da procede del sudeste asiático y se obtiene a partir de hojas secas de Mitragyna speciosa seleccionadas por su color verde estable y su molienda fina. Su textura homogénea permite trabajar con registros visuales detallados y comparaciones extensas entre muestras.

<h2>Aplicación botánica</h2>
300g es adecuado para quienes necesitan continuidad en varias etapas de documentación. Permite:
- elaborar registros fotográficos amplios,  
- mantener un archivo prolongado,  
- realizar comparaciones complejas,  
- trabajar con estudios de largo plazo,  
- desarrollar catálogos temáticos extensos.

Este formato ofrece suficiente material para proyectos que requieren repetición y estabilidad.

<h2>Características del formato 300g</h2>
- Cantidad amplia para estudios avanzados  
- Ideal para documentación prolongada  
- Textura fina y estable  
- Procedencia del sudeste asiático  
- Permite mantener coherencia entre sesiones de análisis  

<h2>Uso en archivos botánicos</h2>
El formato 300g facilita crear archivos completos, análisis profundos y catálogos con numerosos registros del mismo lote. Es la opción intermedia entre formato estándar y profesional.

<h2>Información importante</h2>
Este producto no está destinado al consumo humano ni a usos médicos o alimentarios. Su uso es exclusivamente documental.

<h2>FAQ – Preguntas frecuentes</h2>

<b>¿Para qué sirve el formato 300g?</b><br>
Para archivos amplios, estudios prolongados y comparaciones detalladas.

<b>¿Qué lo diferencia de 100g?</b><br>
300g permite más ciclos de trabajo y mayor profundidad documental.

<b>¿Es adecuado para proyectos educativos?</b><br>
Sí, especialmente para módulos de larga duración.

<b>¿Es necesario recurrir a 500g?</b><br>
Solo si se requiere documentación profesional o proyectos más extensos.

<b>¿Cómo debe almacenarse?</b><br>
En un lugar seco, fresco y sin exposición directa a la luz.
","kratom verde, maeng da, kratom en polvo, formato avanzado, archivo botánico, material vegetal",kratom verde maeng da 300g,"comprar kratom 300g, kratom verde 300g españa, kratom maeng da 300g, tienda de kratom online, kratom verde envío rápido, kratom españa comprar online, kratom maeng da formato avanzado, kratom maeng da 300g colecciones amplias","formato avanzado, archivo amplio, proyecto prolongado, serie documental, análisis botánico profundo, lote constante, colección extensa"
6,8021,kratom-verde-maeng-da-en-polvo,variation,500g,Kratom verde Maeng Da en polvo 500g,kratom-verde-maeng-da-en-polvo-500g,Kratom Verde Maeng Da 500g en Polvo | Formato Profesional,"Kratom Verde Maeng Da en polvo 500g, formato profesional para archivos botánicos amplios y estudios de largo recorrido. Procedente del sudeste asiático. Envío discreto en España.","Kratom Verde Maeng Da en polvo 500g, formato profesional para proyectos botánicos extensos, archivos técnicos y colecciones de gran volumen. No destinado al consumo humano.","<h2>Formato 500g</h2>
El formato de 500g de Kratom Verde Maeng Da en polvo está diseñado para proyectos botánicos avanzados que requieren un volumen amplio y consistente del mismo lote. Es un formato adecuado para archivos profesionales, documentación repetida y análisis comparativos de larga duración.

Procedente del sudeste asiático, este polvo vegetal de Mitragyna speciosa se selecciona por su color verde estable y su molienda fina. Su uniformidad facilita mantener coherencia visual en estudios extensos y series técnicas de alto nivel.

<h2>Aplicación botánica</h2>
500g ofrece el equilibrio ideal para quienes necesitan gran cantidad sin llegar a un formato de archivo completo. Permite:
- desarrollar estudios prolongados,  
- crear catálogos temáticos amplios,  
- realizar comparaciones complejas,  
- generar documentación visual de varias fases,  
- mantener continuidad entre múltiples sesiones técnicas.

Su volumen permite trabajar con proyectos estructurados durante un largo periodo sin cambiar de lote.

<h2>Características del formato 500g</h2>
- Cantidad amplia para estudios avanzados  
- Consistencia ideal para series técnicas prolongadas  
- Textura fina y color estable  
- Procedencia del sudeste asiático  
- Formato intermedio-profesional  

<h2>Uso en archivos profesionales</h2>
500g es adecuado para archivos botánicos extensos, proyectos educativos a largo plazo y análisis comparativos que requieren estabilidad entre muestras. Ofrece mayor capacidad que 300g sin llegar al volumen de archivo máximo.

<h2>Información importante</h2>
Este producto no está destinado al consumo humano ni a usos médicos o alimentarios. Su uso es exclusivamente documental y botánico.

<h2>FAQ – Preguntas frecuentes</h2>

<b>¿Para qué sirve el formato 500g?</b><br>
Para estudios avanzados, catálogos amplios y documentación prolongada.

<b>¿Qué lo diferencia de 300g?</b><br>
Ofrece más continuidad y permite ampliar el archivo sin recurrir a formatos completos.

<b>¿Es adecuado para uso profesional?</b><br>
Sí, especialmente para proyectos que necesitan repetición técnica y coherencia visual.

<b>¿Cuánto dura el material en uso documental?</b><br>
Depende del tipo de estudio, pero 500g permite múltiples ciclos.

<b>¿Cómo almacenarlo?</b><br>
En un lugar fresco y seco, evitando la luz directa.
","kratom verde, maeng da, kratom en polvo, formato profesional, archivo botánico, material vegetal",kratom verde maeng da 500g,"comprar kratom 500g, kratom verde 500g españa, kratom maeng da 500g, kratom en polvo gran formato, tienda de kratom online, kratom verde envío rápido, kratom españa comprar online","formato profesional, archivo técnico, estudio prolongado, colección extensa, referencia continua, lote amplio, documentación sistemática"
7,8018,kratom-verde-maeng-da-en-polvo,variation,1000g,Kratom verde Maeng Da en polvo 1000g,kratom-verde-maeng-da-en-polvo-1000g,Kratom Verde Maeng Da 1000g en Polvo | Gran Formato,"Kratom Verde Maeng Da en polvo 1000g, gran formato para archivos botánicos completos y proyectos etnográficos de larga duración. Material vegetal del sudeste asiático. Envío discreto en España.","Kratom Verde Maeng Da en polvo 1000g, gran formato ideal para archivos botánicos completos, estudios amplios y colecciones de referencia. No destinado al consumo humano.","<h2>Formato 1000g</h2>
El formato de 1000g de Kratom Verde Maeng Da en polvo es la opción destinada a archivos botánicos completos, proyectos profesionales y documentación de gran escala. Ofrece la cantidad necesaria para mantener continuidad absoluta dentro de un mismo lote a lo largo de múltiples fases técnicas.

Proveniente del sudeste asiático, este polvo vegetal de Mitragyna speciosa se caracteriza por su color verde estable y su textura fina. Su uniformidad es ideal para estudios prolongados, colecciones avanzadas y documentación comparativa de alto nivel.

<h2>Aplicación botánica</h2>
El formato 1000g permite trabajar durante largos periodos sin cambiar de lote, lo que lo convierte en una referencia estable dentro de proyectos profesionales. Es adecuado para:
- estudios comparativos extensos,  
- catálogos temáticos de gran volumen,  
- documentación visual repetida,  
- archivos botánicos completos,  
- proyectos educativos de larga duración.

Es el formato más estable para trabajos que requieren coherencia absoluta entre muestras.

<h2>Características del formato 1000g</h2>
- Volumen profesional para archivos completos  
- Máxima estabilidad entre sesiones  
- Textura fina y color uniforme  
- Ideal para documentación repetida  
- Procedencia del sudeste asiático  

<h2>Uso profesional</h2>
Este gramaje es adecuado para instituciones educativas, colecciones avanzadas y estudios etnobotánicos que requieren registros extensos. Ofrece capacidad suficiente para mantener un archivo completo sin depender de varios lotes.

<h2>Información importante</h2>
Este producto no está destinado al consumo humano ni a usos médicos o alimentarios. Su uso es exclusivamente documental y botánico.

<h2>FAQ – Preguntas frecuentes</h2>

<b>¿Para qué proyectos se recomienda el formato 1000g?</b><br>
Para archivos completos, documentación profesional y estudios comparativos de gran profundidad.

<b>¿Qué lo diferencia de 500g?</b><br>
1000g permite trabajar durante mucho más tiempo sin cambios de lote.

<b>¿Es adecuado para instituciones o proyectos grandes?</b><br>
Sí, es el formato más estable para documentación avanzada.

<b>¿Cuánto material visual puede generarse?</b><br>
Suficiente para archivos amplios con numerosos ciclos técnicos.

<b>¿Cómo almacenarlo correctamente?</b><br>
En un lugar fresco y seco, protegido de la luz para mantener estabilidad visual.
","kratom verde, maeng da, kratom en polvo, gran formato, archivo botánico, material vegetal",kratom verde maeng da 1000g,"comprar kratom 1kg, kratom verde 1kg españa, kratom maeng da 1000g, kratom en polvo gran formato, tienda de kratom online, kratom verde envío rápido, kratom españa comprar online","gran formato, archivo maestro, proyecto extenso, referencia completa, lote unificado, catalogación avanzada, archivo de gran escala"
8,8023,"Kratom Maeng Da Blanca en polvo
",variable,,"Kratom Maeng Da Blanca en polvo
","kratom-maeng-da-blanca-en-polvo","Kratom Maeng Da Blanca en Polvo | Variedad Clásica del Sudeste Asiático","Kratom Maeng Da Blanca en polvo, variedad reconocida y consultada por coleccionistas en España. Material vegetal procedente del sudeste asiático. Disponible en varios formatos. Envío discreto.","Kratom Maeng Da Blanca en polvo, variedad clásica del sudeste asiático muy utilizada en proyectos botánicos, documentación visual y colecciones organizadas. Material vegetal destinado a clasificación, archivo y análisis comparativo. No destinado al consumo humano.","<h2>Características principales</h2>
Kratom Maeng Da Blanca en polvo es una variedad muy conocida dentro del ámbito etnobotánico en España. Procede del sudeste asiático y se obtiene a partir de hojas secas de Mitragyna speciosa seleccionadas por su color claro y molienda fina, lo que facilita su uso en documentación visual, análisis comparativos y estudios botánicos.

La variedad Maeng Da Blanca se caracteriza por un tono claro y una textura homogénea, factores que permiten generar fichas técnicas, registros fotográficos y series descriptivas con criterios de repetibilidad y estabilidad entre lotes.

<h2>Documentación botánica</h2>
Este material vegetal se emplea en catálogos botánicos, colecciones etnográficas y estudios comparativos donde resulta importante diferenciar variedades por color, origen y aspecto visual. Su presentación uniforme ayuda a estructurar archivos temáticos, comparar muestras y mantener referencias visuales coherentes a lo largo del tiempo.

<h2>Uso en colecciones y archivos</h2>
Gracias a su textura fina y color claro uniforme, este polvo vegetal es adecuado para colecciones privadas, proyectos educativos, documentación gráfica y análisis visuales básicos o avanzados. Se ofrece en diferentes gramajes, lo que permite trabajar tanto con microcolecciones como con archivos extensos que requieren continuidad documental.

Este producto no está destinado al consumo humano ni a usos médicos o alimentarios. Su finalidad es exclusivamente botánica, etnográfica y documental.

<h2>Ventajas de esta variedad</h2>
- Procedencia del sudeste asiático  
- Polvo vegetal de molienda fina  
- Color claro y textura homogénea  
- Ideal para documentación visual y comparativa  
- Adecuado para catálogos temáticos y fichas técnicas  
- Disponible en varios gramajes  
- Envío discreto dentro de España  

<h2>¿Por qué elegir esta variedad?</h2>
- Variedad Maeng Da Blanca consultada en colecciones españolas  
- Permite diferenciar registros por tono y aspecto visual  
- Útil para archivos de referencia de cualquier tamaño  
- Compatible con estudios etnográficos y comparativos  

<h2>FAQ – Preguntas frecuentes</h2>

<b>¿Qué es Kratom Maeng Da Blanca en el contexto botánico?</b><br>
Es polvo vegetal elaborado a partir de hojas secas de Mitragyna speciosa, destinado a documentación visual, clasificación y estudios etnobotánicos.

<b>¿Para qué se utiliza este material?</b><br>
Para catálogos botánicos, análisis comparativos, series fotográficas y documentación temática donde se requiera registrar características visuales.

<b>¿En qué se diferencian los gramajes?</b><br>
Solo en la cantidad disponible: los formatos pequeños son adecuados como muestra y los mayores para archivos continuados.

<b>¿Es apto para consumo?</b><br>
No. Su uso es exclusivamente botánico, etnográfico y documental.

<b>¿Cómo se recomienda almacenarlo?</b><br>
En un lugar fresco y seco, protegido de la luz y de la humedad para preservar su estabilidad visual.","kratom maeng da blanca, kratom en polvo, material botánico, hoja seca, sudeste asiático, catálogo botánico","kratom maeng da blanca","comprar kratom maeng da blanca, kratom blanco maeng da españa, kratom en polvo blanco, tienda de kratom online, kratom maeng da blanca envío rápido, kratom españa comprar online, kratom maeng da formatos, kratom maeng da blanca variedad clásica","material vegetal, hoja seca pulverizada, estudio botánico, archivo etnográfico, catálogo de plantas, variedad blanca, origen asiático"
9,14760,"Kratom Maeng Da Blanca en polvo
",variation,25g,"Kratom Maeng Da Blanca en polvo 25g","kratom-maeng-da-blanca-en-polvo-25g
","Kratom Maeng Da Blanca 25g en Polvo | Formato de Muestra","Kratom Maeng Da Blanca en polvo 25g, formato de muestra adecuado para documentación botánica y análisis comparativos iniciales. Material vegetal del sudeste asiático. Envío discreto.","Kratom Maeng Da Blanca en polvo 25g, formato pequeño ideal para microcolecciones, registros iniciales y estudios básicos de clasificación visual. No destinado al consumo humano.","<h2>Formato 25g</h2>
El formato de 25g de Kratom Maeng Da Blanca en polvo está orientado a proyectos que requieren una referencia inicial del material sin adquirir un volumen mayor. Su tamaño compacto es adecuado para microcolecciones, pruebas comparativas básicas y documentación técnica preliminar.

El polvo procede del sudeste asiático y se obtiene de hojas secas de Mitragyna speciosa seleccionadas por su color claro y presentación homogénea. Esta consistencia visual facilita crear fichas técnicas, registros fotográficos iniciales y análisis comparativos entre pequeñas muestras.

<h2>Aplicación botánica</h2>
El formato 25g se utiliza habitualmente en proyectos educativos, archivos experimentales y documentación ligera. Permite:
- elaborar fichas descriptivas básicas,  
- comparar pequeñas muestras de referencia,  
- iniciar catálogos temáticos compactos,  
- documentar variaciones visuales entre lotes pequeños,  
- realizar series fotográficas iniciales.

Al ser un formato reducido, permite archivado rápido y observación visual sin necesidad de material adicional.

<h2>Características del formato 25g</h2>
- Tamaño ideal para iniciación botánica  
- Textura fina y color claro homogéneo  
- Fácil de almacenar y manipular  
- Adecuado para series fotográficas básicas  
- Procedente del sudeste asiático  

<h2>Uso en colecciones pequeñas</h2>
Este gramaje es adecuado para pruebas iniciales, microcolecciones, documentación visual ligera y clasificación preliminar. Permite trabajar con varias series de referencia sin generar exceso de material.

<h2>Información importante</h2>
Este producto no está destinado al consumo humano ni a usos médicos o alimentarios. Su finalidad es exclusivamente botánica y documental.

<h2>FAQ – Preguntas frecuentes</h2>

<b>¿Para qué sirve el formato 25g?</b><br>
Para documentación preliminar, comparación de muestras pequeñas y creación de registros iniciales.

<b>¿Para quién está recomendado?</b><br>
Para coleccionistas que comienzan o para estudios básicos que no requieren grandes volúmenes.

<b>¿Qué diferencia tiene respecto a formatos mayores?</b><br>
Es un formato orientado a pruebas iniciales; los tamaños superiores permiten documentación más extensa.

<b>¿Permite realizar series fotográficas?</b><br>
Sí, 25g es suficiente para varias series visuales básicas.

<b>¿Cómo debe almacenarse?</b><br>
En un lugar seco, fresco y protegido de la luz para mantener su estabilidad visual.","kratom blanco, maeng da blanca, kratom en polvo, formato muestra, material vegetal, referencia botánica","kratom maeng da blanca 25g","comprar kratom 25g, kratom blanco 25g españa, kratom maeng da blanca muestra, kratom en polvo 25g, tienda de kratom online, kratom blanco envío rápido, kratom españa comprar online","formato muestra, microcolección, referencia pequeña, análisis inicial, catálogo botánico básico, registro preliminar, lote de muestra"
10,8028,"Kratom Maeng Da Blanca en polvo
",variation,50g,"Kratom Maeng Da Blanca en polvo 50g","kratom-maeng-da-blanca-en-polvo-50g","Kratom Maeng Da Blanca 50g en Polvo | Formato Práctico","Kratom Maeng Da Blanca en polvo 50g, formato práctico para documentación botánica continuada y archivos visuales de nivel medio. Material vegetal del sudeste asiático. Envío discreto.","Kratom Maeng Da Blanca en polvo 50g, formato práctico para estudios comparativos, series fotográficas y proyectos botánicos que requieren material estable del mismo lote. No destinado al consumo humano.","<h2>Formato 50g</h2>
El formato de 50g de Kratom Maeng Da Blanca en polvo está orientado a proyectos que necesitan una cantidad intermedia para documentación continua sin llegar al volumen de un formato estándar. Su tamaño lo convierte en una opción adecuada para series fotográficas, registros comparativos y archivos botánicos de nivel medio.

Procede del sudeste asiático y se obtiene de hojas secas de Mitragyna speciosa seleccionadas por su tonalidad clara y su molienda fina. Esta uniformidad visual facilita la elaboración de fichas técnicas y el análisis comparativo de varias muestras dentro de un mismo proyecto.

<h2>Aplicación botánica</h2>
El formato 50g permite trabajar con continuidad durante varios ciclos documentales. Es adecuado para:
- series fotográficas regulares,  
- preparación de fichas descriptivas de varios niveles,  
- mantener un archivo visual estable,  
- estudios comparativos entre muestras,  
- documentación repetida del mismo lote.

Su equilibrio entre cantidad y manejabilidad lo convierte en un formato muy utilizado en archivos botánicos activos.

<h2>Características del formato 50g</h2>
- Volumen práctico para documentación continuada  
- Textura fina y homogénea  
- Permite análisis visuales estables  
- Procedencia del sudeste asiático  
- Adecuado para archivos de tamaño medio  

<h2>Uso en archivos botánicos</h2>
El formato 50g facilita la creación de registros organizados, la comparación entre pequeñas variaciones y el mantenimiento de material uniforme para colecciones privadas o educativas.

<h2>Información importante</h2>
Este producto no está destinado al consumo humano ni a usos médicos o alimentarios. Su finalidad es exclusivamente documental y botánica.

<h2>FAQ – Preguntas frecuentes</h2>

<b>¿Por qué elegir el formato 50g?</b><br>
Porque permite documentación repetida sin necesidad de recurrir a formatos mayores.

<b>¿Para qué tipo de proyectos es adecuado?</b><br>
Para archivos visuales continuados, series comparativas y documentación organizada de tamaño medio.

<b>¿En qué se diferencia del formato 25g?</b><br>
Ofrece más continuidad, permite más series fotográficas y un archivo más estable.

<b>¿Cuánto material se puede documentar con 50g?</b><br>
Suficiente para varias sesiones técnicas y comparativas.

<b>¿Cómo debe almacenarse?</b><br>
En un lugar fresco, seco y protegido de la luz para mantener la estabilidad visual.","kratom blanco, maeng da blanca, kratom en polvo, formato práctico, documentación botánica, material vegetal","kratom maeng da blanca 50g","comprar kratom 50g, kratom blanco maeng da 50g, kratom en polvo 50g, tienda de kratom online, kratom blanco envío rápido, kratom españa comprar online, maeng da blanca formato práctico
","formato práctico, cantidad moderada, documentación continua, registro botánico, análisis visual, lote estable, proyecto educativo"
11,8025,"Kratom Maeng Da Blanca en polvo
",variation,100g,"Kratom Maeng Da Blanca en polvo 100g","kratom-maeng-da-blanca-en-polvo-100g","Kratom Maeng Da Blanca 100g en Polvo | Formato Estándar","Kratom Maeng Da Blanca en polvo 100g, formato estándar para proyectos botánicos medianos y documentación organizada. Material vegetal del sudeste asiático. Envío discreto.","Kratom Maeng Da Blanca en polvo 100g, formato estándar adecuado para colecciones medianas, estudios comparativos estructurados y archivos visuales de referencia. No destinado al consumo humano.","<h2>Formato 100g</h2>
El formato de 100g de Kratom Maeng Da Blanca en polvo es uno de los tamaños más utilizados en documentación botánica. Su volumen permite desarrollar estudios comparativos, series visuales organizadas y archivos de referencia de duración media manteniendo coherencia entre muestras.

Procede del sudeste asiático y se elabora a partir de hojas secas de Mitragyna speciosa seleccionadas por su color claro estable y su textura fina. Esta uniformidad permite crear fichas técnicas detalladas y análisis visuales consistentes en proyectos de tamaño intermedio.

<h2>Aplicación botánica</h2>
Este formato es ideal para:
- comparaciones estructuradas,  
- series fotográficas detalladas,  
- elaboración de documentación técnica prolongada,  
- análisis comparativos entre varias muestras,  
- proyectos de clasificación de nivel medio.

Su equilibrio entre cantidad y manejabilidad lo convierte en una referencia habitual dentro de archivos botánicos.

<h2>Características del formato 100g</h2>
- Tamaño estándar para colecciones medianas  
- Textura fina y color claro uniforme  
- Adecuado para documentación comparativa  
- Procedencia del sudeste asiático  
- Permite estudios organizados de nivel medio  

<h2>Uso dentro de archivos botánicos</h2>
El formato 100g facilita el desarrollo de catálogos temáticos, series comparativas y archivos de referencia. Es suficiente para varios ciclos de documentación sin necesidad de recurrir a formatos mayores.

<h2>Información importante</h2>
Este producto no está destinado al consumo humano ni a usos médicos o alimentarios. Su finalidad es exclusivamente documental y botánica.

<h2>FAQ – Preguntas frecuentes</h2>

<b>¿Para qué proyectos se recomienda el formato 100g?</b><br>
Para colecciones medianas, estudios comparativos organizados y documentación visual prolongada.

<b>¿Qué diferencia tiene respecto a 50g?</b><br>
Aporta más continuidad y permite desarrollar archivos más amplios.

<b>¿Es adecuado para archivos técnicos?</b><br>
Sí, es uno de los formatos más utilizados para fichas descriptivas y análisis visuales de nivel medio.

<b>¿Permite análisis comparativos?</b><br>
Sí, su cantidad facilita comparaciones detalladas dentro de la misma variedad.

<b>¿Cómo debe almacenarse?</b><br>
En un lugar fresco y seco, protegido de la luz para mantener la estabilidad visual.","kratom blanco, maeng da blanca, kratom en polvo, formato estándar, catálogo botánico, material vegetal","kratom maeng da blanca 100g","comprar kratom 100g, kratom blanco 100g españa, kratom maeng da blanca 100g, tienda de kratom online, kratom blanco envío rápido, kratom españa comprar online, maeng da blanca formato estándar
","formato estándar, colección mediana, referencia estable, archivo documental, estudio organizado, lote vegetal, análisis botánico estructurado"
12,8026,"Kratom Maeng Da Blanca en polvo
",variation,300g,"Kratom Maeng Da Blanca en polvo 300g","kratom-maeng-da-blanca-en-polvo-300g","Kratom Maeng Da Blanca 300g en Polvo | Formato Avanzado","Kratom Maeng Da Blanca en polvo 300g, formato avanzado para archivos botánicos amplios y documentación de largo plazo. Material vegetal del sudeste asiático. Envío discreto en España.","Kratom Maeng Da Blanca en polvo 300g, cantidad adecuada para proyectos botánicos avanzados, estudios comparativos extensos y archivos de referencia de larga duración. No destinado al consumo humano.
","<h2>Formato 300g</h2>
El formato de 300g de Kratom Maeng Da Blanca en polvo está diseñado para proyectos de documentación prolongada que requieren una cantidad amplia del mismo lote. Su volumen permite desarrollar archivos extensos, estudios comparativos de varias etapas y series fotográficas numerosas sin cambiar de referencia vegetal.

Procedente del sudeste asiático, este polvo de Mitragyna speciosa destaca por su color claro estable y su molienda fina, características que facilitan mantener coherencia visual en proyectos avanzados y colecciones de largo recorrido.

<h2>Aplicación botánica</h2>
300g es adecuado para:
- registros fotográficos amplios,  
- archivos de referencia prolongados,  
- comparaciones complejas entre muestras,  
- estudios etnográficos de largo plazo,  
- catálogos botánicos extensos.

Su volumen permite realizar documentación repetida manteniendo la continuidad del mismo lote durante todo el proyecto.

<h2>Características del formato 300g</h2>
- Cantidad amplia para estudios avanzados  
- Textura fina y estable  
- Ideal para documentación prolongada  
- Procedencia del sudeste asiático  
- Permite coherencia visual entre sesiones  

<h2>Uso dentro de archivos botánicos</h2>
Este formato facilita la creación de archivos completos, el desarrollo de series técnicas complejas y la estructuración de catálogos temáticos de varios niveles. Su estabilidad lo convierte en un formato intermedio entre estándar y profesional.

<h2>Información importante</h2>
Este producto no está destinado al consumo humano ni a usos médicos o alimentarios. Su uso es exclusivamente documental y botánico.

<h2>FAQ – Preguntas frecuentes</h2>

<b>¿Para qué sirve el formato 300g?</b><br>
Para documentación extensa, estudios prolongados y comparaciones complejas entre muestras.

<b>¿Qué diferencia tiene respecto a 100g?</b><br>
300g ofrece más continuidad y permite realizar más ciclos de documentación sin necesidad de cambiar de lote.

<b>¿Es adecuado para proyectos educativos o técnicos?</b><br>
Sí, especialmente para programas de largo plazo donde se requiere estabilidad visual.

<b>¿Es necesario recurrir a 500g?</b><br>
Solo si se requiere documentación profesional o archivos aún más amplios.

<b>¿Cómo almacenarlo?</b><br>
En un lugar seco, fresco y protegido de la luz para mantener su estabilidad visual.","kratom blanco, maeng da blanca, kratom en polvo, formato avanzado, archivo botánico, material vegetal
","kratom maeng da blanca 300g","comprar kratom 300g, kratom blanco 300g españa, kratom maeng da blanca 300g, tienda de kratom online, kratom blanco envío rápido, kratom españa comprar online, maeng da blanca formato avanzado
","formato avanzado, archivo amplio, proyecto prolongado, serie documental, análisis botánico profundo, lote constante, colección extensa"
13,8027,"Kratom Maeng Da Blanca en polvo
",variation,500g,"Kratom Maeng Da Blanca en polvo 500g","kratom-maeng-da-blanca-en-polvo-500g","Kratom Maeng Da Blanca 500g en Polvo | Formato Profesional","Kratom Maeng Da Blanca en polvo 500g, formato profesional para archivos botánicos amplios y estudios etnográficos de largo recorrido. Material vegetal del sudeste asiático. Envío discreto en España.","Kratom Maeng Da Blanca en polvo 500g, formato profesional adecuado para proyectos extensos, archivos técnicos y documentación prolongada que requiere continuidad absoluta del mismo lote. No destinado al consumo humano.","<h2>Formato 500g</h2>
El formato de 500g de Kratom Maeng Da Blanca en polvo está orientado a proyectos botánicos avanzados que requieren una cantidad amplia y homogénea del mismo lote. Su volumen permite realizar documentación repetida, análisis comparativos complejos y series técnicas prolongadas sin interrupciones.

Procedente del sudeste asiático, este polvo vegetal de Mitragyna speciosa destaca por su color claro uniforme y su molienda fina, características que favorecen la consistencia visual en registros detallados y catálogos temáticos de gran tamaño.

<h2>Aplicación botánica</h2>
500g permite:
- desarrollar estudios prolongados,  
- crear catálogos temáticos amplios,  
- realizar comparaciones complejas entre numerosas muestras,  
- generar documentación visual en varias fases,  
- mantener continuidad entre múltiples sesiones técnicas.

Es un formato adecuado para proyectos profesionales que requieren estabilidad y repetibilidad documental.

<h2>Características del formato 500g</h2>
- Gran capacidad para estudios avanzados  
- Ideal para documentación técnica prolongada  
- Textura fina y color claro estable  
- Procedencia del sudeste asiático  
- Mantiene coherencia visual entre sesiones repetidas  

<h2>Uso en archivos profesionales</h2>
El formato 500g es adecuado para colecciones avanzadas, proyectos educativos de larga duración y estudios etnobotánicos que requieren estabilidad visual durante múltiples etapas. Ofrece más capacidad que 300g sin llegar al nivel máximo de archivo.

<h2>Información importante</h2>
Este producto no está destinado al consumo humano ni a usos médicos o alimentarios. Su finalidad es exclusivamente botánica y documental.

<h2>FAQ – Preguntas frecuentes</h2>

<b>¿Para qué sirve el formato 500g?</b><br>
Para proyectos amplios, documentación sistemática y estudios prolongados.

<b>¿Qué diferencia tiene respecto a 300g?</b><br>
500g ofrece mayor continuidad y permite ampliar el archivo sin cambiar de lote.

<b>¿Es adecuado para uso profesional?</b><br>
Sí, especialmente en proyectos que requieren coherencia visual y repetición técnica.

<b>¿Cuánto permite documentar?</b><br>
Suficiente para múltiples ciclos de análisis, series fotográficas y catálogos extensos.

<b>¿Cómo almacenarlo?</b><br>
En un lugar fresco y seco, protegido de la luz directa para mantener estabilidad visual.","kratom blanco, maeng da blanca, kratom en polvo, formato profesional, archivo botánico, material vegetal
","kratom maeng da blanca 500g
","comprar kratom 500g, kratom blanco 500g españa, kratom maeng da blanca 500g, tienda de kratom online, kratom blanco envío rápido, kratom españa comprar online, maeng da blanca formato profesional
","formato profesional, archivo técnico, estudio prolongado, colección extensa, referencia continua, lote amplio, documentación sistemática
"
14,8024,"Kratom Maeng Da Blanca en polvo
",variation,,"Kratom Maeng Da Blanca en polvo 1000g","kratom-maeng-da-blanca-en-polvo-1000g","Kratom Maeng Da Blanca 1000g en Polvo | Gran Formato
","Kratom Maeng Da Blanca en polvo 1000g, gran formato destinado a archivos botánicos completos, documentación profesional y proyectos etnográficos extensos. Procedente del sudeste asiático. Envío discreto dentro de España.","Kratom Maeng Da Blanca en polvo 1000g, formato de gran volumen ideal para archivos botánicos completos, estudios comparativos amplios y documentación prolongada que requiere máxima continuidad del mismo lote. No destinado al consumo humano.
","<h2>Formato 1000g</h2>
El formato de 1000g de Kratom Maeng Da Blanca en polvo es la opción destinada a proyectos profesionales, archivos botánicos completos y documentación de gran escala. Su volumen permite mantener coherencia absoluta durante todas las fases del trabajo científico y etnográfico, evitando cambios de lote y garantizando uniformidad visual.

Procedente del sudeste asiático, este polvo vegetal de Mitragyna speciosa presenta una molienda fina y un color claro estable, características que lo convierten en un referente dentro de la documentación avanzada, catálogos técnicos y estudios comparativos de largo recorrido.

<h2>Aplicación botánica</h2>
Este formato es adecuado para:
- estudios comparativos extensos,  
- catálogos temáticos profesionales,  
- documentación visual repetida y de alta frecuencia,  
- archivos botánicos completos,  
- proyectos educativos y etnográficos de larga duración.

Su capacidad permite desarrollar varias series fotográficas, fichas técnicas y análisis detallados sin interrupciones.

<h2>Características del formato 1000g</h2>
- Volumen profesional para archivos completos  
- Máxima estabilidad entre sesiones técnicas  
- Textura fina y color claro uniforme  
- Ideal para documentación repetida y prolongada  
- Procedencia del sudeste asiático  

<h2>Uso profesional</h2>
El formato 1000g es idóneo para instituciones educativas, estudios avanzados, colecciones de referencia y proyectos etnobotánicos que requieren una base amplia del mismo lote. Representa el estándar más alto de estabilidad documental dentro de la gama Maeng Da Blanca.

<h2>Información importante</h2>
Este producto no está destinado al consumo humano ni a usos médicos o alimentarios. Su finalidad es exclusivamente botánica y documental.

<h2>FAQ – Preguntas frecuentes</h2>

<b>¿Para qué proyectos se recomienda el formato 1000g?</b><br>
Para archivos completos, estudios comparativos amplios y documentación profesional.

<b>¿Qué lo diferencia de 500g?</b><br>
1000g ofrece mayor continuidad, capacidad ampliada y estabilidad absoluta entre muestras.

<b>¿Es adecuado para instituciones o proyectos grandes?</b><br>
Sí, es el formato más estable para documentación avanzada a largo plazo.

<b>¿Cuánto material visual puede generarse?</b><br>
Suficiente para series extensas, catálogos técnicos grandes y múltiples ciclos de análisis.

<b>¿Cómo almacenarlo?</b><br>
En un lugar fresco, seco y protegido de la luz para mantener la estabilidad cromática.","kratom blanco, maeng da blanca, kratom en polvo, gran formato, archivo botánico, material vegetal","kratom maeng da blanca 1000g
","comprar kratom 1kg, kratom blanco 1kg españa, kratom maeng da blanca 1000g, kratom en polvo gran formato, tienda de kratom online, kratom blanco envío rápido, kratom españa comprar online
","gran formato, archivo maestro, proyecto extenso, referencia completa, lote unificado, catalogación avanzada, archivo de gran escala
"
15,8029,"Kratom Maeng Da Rojo en polvo",variable,,"Kratom Maeng Da Rojo en polvo","kratom-maeng-da-rojo-en-polvo
","Kratom Maeng Da Rojo en Polvo | Variedad Clásica del Sudeste Asiático
","Kratom Maeng Da Rojo en polvo, una variedad ampliamente reconocida dentro del ámbito etnobotánico en España. Material vegetal procedente del sudeste asiático. Disponible en varios gramajes. Envío discreto.","Kratom Maeng Da Rojo en polvo, variedad clásica procedente del sudeste asiático, apreciada en proyectos botánicos, colecciones técnicas y documentación comparativa. Material vegetal destinado exclusivamente a usos botánicos y de archivo. No apto para consumo humano.","<h2>Características principales</h2>
Kratom Maeng Da Rojo en polvo es una variedad ampliamente reconocida en el ámbito etnobotánico, valorada por su color rojo característico y su molienda fina. Procedente del sudeste asiático, este material vegetal se obtiene de hojas secas de Mitragyna speciosa seleccionadas por su uniformidad, lo que facilita su uso en documentación técnica, estudios comparativos y catálogos visuales.

Su textura homogénea permite elaborar análisis visuales precisos, fichas descriptivas y series fotográficas continuas sin cambios notorios entre muestras.

<h2>Documentación botánica</h2>
El material vegetal se utiliza habitualmente en proyectos botánicos, catálogos temáticos, archivos comparativos y documentación etnográfica. Su presentación en polvo facilita la observación de variaciones cromáticas, la creación de registros descriptivos y la estructuración de colecciones de referencia.

<h2>Uso en colecciones y archivos</h2>
Gracias a su color rojo uniforme y su molienda fina, esta variedad es adecuada para proyectos educativos, colecciones privadas, archivos visuales y documentación prolongada. Está disponible en diversos gramajes, lo que permite trabajar tanto con muestras pequeñas como con archivos de gran escala.

Este producto no está destinado al consumo humano ni a usos médicos o alimentarios. Su finalidad es exclusivamente botánica y documental.

<h2>Ventajas de esta variedad</h2>
- Procedencia del sudeste asiático  
- Polvo vegetal de textura fina y color rojo uniforme  
- Ideal para documentación visual y comparativa  
- Adecuado para catálogos temáticos y fichas técnicas  
- Disponible en una amplia gama de gramajes  
- Envío discreto dentro de España  

<h2>¿Por qué elegir esta variedad?</h2>
- Variedad roja muy consultada en España  
- Color estable para documentación precisa  
- Adecuada para colecciones de cualquier tamaño  
- Compatible con estudios comparativos y etnográficos  

<h2>FAQ – Preguntas frecuentes</h2>

<b>¿Qué es Kratom Maeng Da Rojo en el contexto botánico?</b><br>
Es material vegetal pulverizado utilizado para estudios comparativos, documentación etnográfica y catálogos botánicos.

<b>¿Para qué se utiliza?</b><br>
Para la elaboración de fichas técnicas, observación visual, registros fotográficos y análisis temáticos.

<b>¿En qué se diferencian los gramajes?</b><br>
Solo en la cantidad disponible. Los gramajes pequeños sirven como muestra; los mayores permiten archivos prolongados.

<b>¿Es apto para consumo?</b><br>
No. Su uso es exclusivamente documental y botánico.

<b>¿Cómo almacenarlo?</b><br>
En un lugar fresco, seco y protegido de la luz.","kratom rojo, maeng da rojo, kratom en polvo, material botánico, hoja seca, sudeste asiático, catálogo botánico","kratom maeng da rojo","comprar kratom rojo, kratom rojo maeng da españa, kratom en polvo rojo, tienda de kratom online, kratom rojo envío rápido, kratom españa comprar online, maeng da rojo formatos, kratom rojo variedad clásica
","material vegetal rojo, hoja seca pulverizada, estudio botánico, archivo etnográfico, catálogo de plantas, variedad roja, origen asiático
"
16,14754,"Kratom Maeng Da Rojo en polvo",variation,25g,"Kratom Maeng Da Rojo en polvo 25g","kratom-maeng-da-rojo-en-polvo-25g","Kratom Maeng Da Rojo 25g en Polvo | Formato de Muestra","Kratom Maeng Da Rojo en polvo 25g, formato de muestra ideal para colecciones botánicas de iniciación y documentación visual básica. Material vegetal del sudeste asiático. Envío discreto.","Kratom Maeng Da Rojo en polvo 25g, formato pequeño adecuado para muestras botánicas, observación preliminar y documentación de referencia inicial. No destinado al consumo humano.","<h2>Formato 25g</h2>
El formato de 25g de Kratom Maeng Da Rojo en polvo es la opción ideal para quienes buscan una primera referencia de esta variedad sin adquirir un volumen mayor. Su textura fina y color rojo uniforme permiten elaborar registros visuales básicos, fichas técnicas iniciales y comparaciones entre pequeñas muestras.

Procedente del sudeste asiático, este polvo vegetal de Mitragyna speciosa se selecciona por su estabilidad cromática, lo que facilita describir variaciones sutiles y estructurar documentación botánica de nivel introductorio.

<h2>Aplicación botánica</h2>
25g es adecuado para:
- microcolecciones y estudios preliminares,  
- comparaciones simples entre muestras pequeñas,  
- elaboración de fichas descriptivas iniciales,  
- registros fotográficos básicos,  
- catálogos temáticos compactos.

Su reducido volumen permite archivado rápido y observación directa sin necesidad de almacenamiento extenso.

<h2>Características del formato 25g</h2>
- Tamaño ideal para iniciación y muestras pequeñas  
- Textura fina y color rojo homogéneo  
- Fácil de almacenar y manipular  
- Procedencia del sudeste asiático  
- Adecuado para documentación preliminar  

<h2>Uso en colecciones pequeñas</h2>
Este formato permite trabajar con varias series visuales de prueba, clasificar muestras y desarrollar documentación botánica sin excedentes de material.

<h2>Información importante</h2>
Este producto no está destinado al consumo humano ni a usos médicos o alimentarios. Su finalidad es exclusivamente botánica y documental.

<h2>FAQ – Preguntas frecuentes</h2>

<b>¿Para qué sirve el formato 25g?</b><br>
Para muestras iniciales, registros visuales básicos y comparaciones simples.

<b>¿Para quién está recomendado?</b><br>
Para coleccionistas principiantes o proyectos que requieren solo una cantidad mínima.

<b>¿Qué diferencia tiene respecto a formatos mayores?</b><br>
25g está orientado a pruebas preliminares; gramajes superiores permiten documentación más extensa.

<b>¿Permite realizar fotografías técnicas?</b><br>
Sí, es suficiente para varias series visuales básicas.

<b>¿Cómo almacenarlo?</b><br>
En un lugar fresco, seco y protegido de la luz.","kratom rojo, maeng da rojo, kratom en polvo, formato muestra, material vegetal, referencia botánica","kratom maeng da rojo 25g","comprar kratom 25g, kratom rojo 25g españa, kratom maeng da muestra, kratom en polvo rojo 25g, tienda de kratom online, kratom rojo envío rápido, kratom españa comprar online
","formato muestra, microcolección, referencia pequeña, análisis inicial, catálogo botánico básico, registro preliminar, lote de muestra
"
17,8034,"Kratom Maeng Da Rojo en polvo",variation,50g,"Kratom Maeng Da Rojo en polvo 50g","kratom-maeng-da-rojo-en-polvo-50g
","Kratom Maeng Da Rojo 50g en Polvo | Formato Práctico","Kratom Maeng Da Rojo en polvo 50g, formato práctico para documentación botánica continuada, series fotográficas y archivos comparativos de nivel medio. Material vegetal del sudeste asiático. Envío discreto.
","Kratom Maeng Da Rojo en polvo 50g, formato adecuado para colecciones activas, documentación continuada y análisis visuales de nivel medio. No destinado al consumo humano.
","<h2>Formato 50g</h2>
El formato de 50g de Kratom Maeng Da Rojo en polvo es una opción práctica para proyectos botánicos que requieren continuidad sin llegar al volumen de formatos mayores. Su textura fina y color rojo uniforme facilitan series fotográficas, registros técnicos y comparaciones entre muestras de forma estable.

Procedente del sudeste asiático, este polvo vegetal de Mitragyna speciosa se selecciona por su estabilidad visual, lo que permite mantener coherencia entre sesiones de documentación.

<h2>Aplicación botánica</h2>
50g permite:
- elaborar series fotográficas regulares,  
- producir fichas descriptivas de nivel medio,  
- mantener archivos visuales continuados,  
- realizar comparaciones entre lotes del mismo tipo,  
- desarrollar documentación repetida sin cambiar de referencia.

Es un formato ideal para proyectos que requieren equilibrio entre cantidad y eficiencia.

<h2>Características del formato 50g</h2>
- Cantidad práctica para estudios continuados  
- Textura homogénea y color rojo estable  
- Adecuado para documentación técnica repetida  
- Procedencia del sudeste asiático  
- Ideal para catálogos botánicos de tamaño medio  

<h2>Uso en archivos botánicos</h2>
Este gramaje permite mantener un archivo organizado, realizar comparaciones estructuradas y trabajar en proyectos educativos o colecciones privadas de nivel intermedio.

<h2>Información importante</h2>
Este producto no está destinado al consumo humano ni a usos médicos o alimentarios. Su finalidad es exclusivamente científica, botánica y documental.

<h2>FAQ – Preguntas frecuentes</h2>

<b>¿Por qué elegir el formato 50g?</b><br>
Porque permite documentación repetida sin necesidad de adquirir un formato mayor.

<b>¿Para qué proyectos es adecuado?</b><br>
Para series fotográficas, registros técnicos continuos y estudios comparativos de tamaño medio.

<b>¿En qué se diferencia del formato 25g?</b><br>
50g ofrece más continuidad y mayor capacidad para análisis visuales.

<b>¿Cuánto material permite documentar?</b><br>
Lo suficiente para varias sesiones técnicas y series visuales completas.

<b>¿Cómo debe almacenarse?</b><br>
En un lugar fresco, seco y protegido de la luz.","kratom rojo, maeng da rojo, kratom en polvo, formato práctico, documentación botánica, material vegetal","kratom maeng da rojo 50g","comprar kratom 50g, kratom rojo 50g españa, kratom maeng da 50g, tienda de kratom online, kratom rojo envío rápido, kratom españa comprar online, kratom maeng da formato práctico, kratom maeng da rojo 50g documentación
","formato práctico, cantidad moderada, documentación continua, registro botánico, análisis visual, lote estable, proyecto educativo
"
18,8031,"Kratom Maeng Da Rojo en polvo",variation,100g,"Kratom Maeng Da Rojo en polvo 100g
",kratom-maeng-da-rojo-en-polvo-100g,"Kratom Maeng Da Rojo 100g en Polvo | Formato Estándar
","Kratom Maeng Da Rojo en polvo 100g, formato estándar para documentación botánica organizada, estudios comparativos y archivos de referencia. Material vegetal del sudeste asiático. Envío discreto.
","Kratom Maeng Da Rojo en polvo 100g, formato estándar ideal para proyectos botánicos de tamaño medio, análisis comparativos y documentación técnica estructurada. No destinado al consumo humano.","<h2>Formato 100g</h2>
El formato de 100g de Kratom Maeng Da Rojo en polvo es el tamaño estándar dentro de la documentación botánica. Ofrece suficiente material para estudios comparativos de nivel medio, series fotográficas detalladas y archivos de referencia estables.

Procedente del sudeste asiático, este polvo vegetal de Mitragyna speciosa se caracteriza por su color rojo uniforme y su molienda fina, lo que permite elaborar fichas técnicas coherentes, análisis visuales precisos y registros comparativos bien estructurados.

<h2>Aplicación botánica</h2>
El formato 100g es adecuado para:
- comparaciones estructuradas entre muestras,  
- series fotográficas de nivel medio,  
- documentación técnica prolongada,  
- análisis visual organizados,  
- desarrollo de catálogos temáticos.

Su equilibrio entre volumen y manejabilidad lo convierte en uno de los formatos más utilizados.

<h2>Características del formato 100g</h2>
- Tamaño estándar para colecciones medianas  
- Textura fina y color estable  
- Ideal para estudios comparativos y análisis detallados  
- Procedencia del sudeste asiático  
- Permite documentación técnica continua  

<h2>Uso dentro de archivos botánicos</h2>
100g permite construir archivos temáticos, desarrollar series comparativas y mantener un volumen suficiente para proyectos educativos y colecciones avanzadas de referencia.

<h2>Información importante</h2>
Este producto no está destinado al consumo humano ni a usos médicos o alimentarios. Su uso es exclusivamente documental y botánico.

<h2>FAQ – Preguntas frecuentes</h2>

<b>¿Para qué proyectos se recomienda el formato 100g?</b><br>
Para colecciones medianas, estudios estructurados y documentación de nivel técnico.

<b>¿Qué lo diferencia de 50g?</b><br>
El formato 100g permite más repeticiones y mayor profundidad en el análisis.

<b>¿Es adecuado para archivos técnicos?</b><br>
Sí, es ideal para fichas descriptivas y registros prolongados.

<b>¿Permite análisis comparativos?</b><br>
Sí, su volumen favorece comparaciones entre muestras con distintos parámetros.

<b>¿Cómo almacenarlo?</b><br>
En un lugar fresco, seco y protegido de la luz.","kratom rojo, maeng da rojo, kratom en polvo, formato estándar, catálogo botánico, material vegetal","kratom maeng da rojo 100g","comprar kratom 100g, kratom rojo 100g españa, kratom maeng da rojo 100g, tienda de kratom online, kratom rojo envío rápido, kratom españa comprar online, kratom maeng da formato estándar, kratom maeng da 100g colecciones
","formato estándar, colección mediana, referencia estable, archivo documental, estudio organizado, lote vegetal, análisis botánico estructurado"
19,8032,"Kratom Maeng Da Rojo en polvo",variation,300g,"Kratom Maeng Da Rojo en polvo 300g","kratom-maeng-da-rojo-en-polvo-300g
","Kratom Maeng Da Rojo 300g en Polvo | Formato Avanzado","Kratom Maeng Da Rojo en polvo 300g, formato avanzado para estudios comparativos amplios, archivos botánicos prolongados y documentación visual de largo recorrido. Material vegetal del sudeste asiático. Envío discreto.
","Kratom Maeng Da Rojo en polvo 300g, cantidad adecuada para proyectos botánicos avanzados, análisis comparativos extensos y archivos de referencia de larga duración. No destinado al consumo humano.
","<h2>Formato 300g</h2>
El formato de 300g de Kratom Maeng Da Rojo en polvo está diseñado para proyectos botánicos que requieren continuidad prolongada y suficiente material para múltiples ciclos de documentación. Su volumen permite elaborar registros amplios, comparaciones de varias etapas y series fotográficas numerosas sin necesidad de cambiar de lote.

Procedente del sudeste asiático, este polvo vegetal de Mitragyna speciosa destaca por su color rojo estable y su textura fina, lo que facilita mantener coherencia visual en proyectos avanzados y colecciones de largo plazo.

<h2>Aplicación botánica</h2>
300g es adecuado para:
- archivos de referencia prolongados,  
- comparaciones complejas entre muestras,  
- estudios etnográficos de larga duración,  
- catálogos botánicos extensos,  
- series fotográficas amplias y repetidas.

Este formato permite desarrollar documentación detallada y mantener estabilidad técnica entre etapas del mismo proyecto.

<h2>Características del formato 300g</h2>
- Cantidad ideal para estudios avanzados  
- Color rojo uniforme y molienda fina  
- Adecuado para documentación prolongada  
- Procedencia del sudeste asiático  
- Permite coherencia entre sesiones repetidas  

<h2>Uso dentro de archivos botánicos</h2>
El formato 300g facilita la creación de archivos completos, series técnicas complejas y catálogos temáticos de varios niveles. Representa una opción intermedia entre formatos estándar y profesionales.

<h2>Información importante</h2>
Este producto no está destinado al consumo humano ni a usos médicos o alimentarios. Su uso es exclusivamente botánico y documental.

<h2>FAQ – Preguntas frecuentes</h2>

<b>¿Para qué proyectos se recomienda el formato 300g?</b><br>
Para documentación extensa, estudios comparativos avanzados y archivos prolongados.

<b>¿Qué diferencia tiene respecto a 100g?</b><br>
300g permite mayor continuidad y más ciclos de trabajo.

<b>¿Es adecuado para proyectos educativos o técnicos?</b><br>
Sí, especialmente para proyectos de larga duración.

<b>¿Es necesario recurrir a 500g?</b><br>
Solo si se requiere documentación aún más amplia o uso profesional intensivo.

<b>¿Cómo almacenarlo?</b><br>
En un lugar fresco, seco y protegido de la luz para mantener estabilidad visual.","kratom rojo, maeng da rojo, kratom en polvo, formato avanzado, archivo botánico, material vegetal","kratom maeng da rojo 300g
","comprar kratom 300g, kratom rojo 300g españa, kratom maeng da rojo 300g, tienda de kratom online, kratom rojo envío rápido, kratom españa comprar online, maeng da rojo formato avanzado, kratom maeng da 300g colecciones amplias
","formato avanzado, archivo amplio, proyecto prolongado, serie documental, análisis botánico profundo, lote constante, colección extensa"
20,8033,"Kratom Maeng Da Rojo en polvo",variation,500g,"Kratom Maeng Da Rojo en polvo 500g","kratom-maeng-da-rojo-en-polvo-500g","Kratom Maeng Da Rojo 500g en Polvo | Formato Profesional
","Kratom Maeng Da Rojo en polvo 500g, formato profesional para archivos botánicos amplios, documentación técnica avanzada y estudios comparativos prolongados. Material vegetal del sudeste asiático. Envío discreto.
","Kratom Maeng Da Rojo en polvo 500g, formato profesional destinado a proyectos botánicos extensos, archivos técnicos y documentación continua de largo alcance. No destinado al consumo humano.","<h2>Formato 500g</h2>
El formato de 500g de Kratom Maeng Da Rojo en polvo está diseñado para proyectos botánicos avanzados que requieren un volumen considerable y homogéneo del mismo lote. Es ideal para documentación repetida, estudios comparativos de varias fases y elaboración de catálogos extensos sin interrupciones.

Procedente del sudeste asiático, este polvo vegetal de Mitragyna speciosa destaca por su color rojo estable y su molienda fina, cualidades que facilitan la coherencia visual en archivos técnicos y proyectos de referencia.

<h2>Aplicación botánica</h2>
500g es adecuado para:
- documentación repetida y estructurada,  
- estudios comparativos prolongados,  
- catálogos temáticos amplios,  
- archivos botánicos de nivel profesional,  
- proyectos educativos de larga duración.

Su volumen permite realizar múltiples series de análisis visuales sin necesidad de cambiar de lote.

<h2>Características del formato 500g</h2>
- Cantidad amplia para estudios avanzados  
- Textura fina y color rojo uniforme  
- Ideal para documentación técnica prolongada  
- Procedencia del sudeste asiático  
- Coherencia visual entre sesiones continuadas  

<h2>Uso en archivos profesionales</h2>
El formato 500g es adecuado para instituciones educativas, laboratorios de documentación botánica, colecciones avanzadas y proyectos etnográficos que requieren estabilidad y repetibilidad entre muestras.

<h2>Información importante</h2>
Este producto no está destinado al consumo humano ni a usos médicos o alimentarios. Su finalidad es exclusivamente botánica y documental.

<h2>FAQ – Preguntas frecuentes</h2>

<b>¿Para qué sirve el formato 500g?</b><br>
Para archivos botánicos amplios, estudios avanzados y documentación prolongada.

<b>¿Qué lo diferencia de 300g?</b><br>
500g ofrece mayor continuidad y permite desarrollar proyectos más extensos sin interrupciones.

<b>¿Es adecuado para uso profesional?</b><br>
Sí, especialmente para proyectos que requieren coherencia visual a largo plazo.

<b>¿Cuánto material permite documentar?</b><br>
Suficiente para múltiples ciclos de registros fotográficos y análisis detallados.

<b>¿Cómo almacenarlo?</b><br>
En un lugar fresco y seco, evitando la exposición directa a la luz.
","kratom rojo, maeng da rojo, kratom en polvo, formato profesional, archivo botánico, material vegetal","kratom maeng da rojo 500g","comprar kratom 500g, kratom rojo 500g españa, kratom maeng da rojo 500g, kratom en polvo gran formato, tienda de kratom online, kratom rojo envío rápido, kratom españa comprar online
","formato profesional, archivo técnico, estudio prolongado, colección extensa, referencia continua, lote amplio, documentación sistemática"
21,8030,"Kratom Maeng Da Rojo en polvo",variation,1000g,"Kratom Maeng Da Rojo en polvo 1000g
",kratom-maeng-da-rojo-en-polvo-1000g,"Kratom Maeng Da Rojo 1000g en Polvo | Gran Formato Profesional","Kratom Maeng Da Rojo en polvo 1000g, gran formato profesional para archivos botánicos completos, documentación extensa y estudios comparativos de larga duración. Material vegetal del sudeste asiático. Envío discreto en España.","Kratom Maeng Da Rojo en polvo 1000g, gran formato destinado a archivos botánicos profesionales, estudios prolongados y documentación de gran escala. No destinado al consumo humano.","<h2>Formato 1000g</h2>
El formato de 1000g de Kratom Maeng Da Rojo en polvo es la opción más completa para proyectos profesionales que requieren una gran cantidad del mismo lote. Es ideal para archivos botánicos extensos, estudios comparativos de múltiples etapas y documentación de gran escala.

Proveniente del sudeste asiático, este polvo vegetal de Mitragyna speciosa mantiene un color rojo intenso y una textura fina, lo que garantiza coherencia visual durante toda la duración del proyecto.

<h2>Aplicación botánica</h2>
El formato 1000g es especialmente adecuado para:
- archivos botánicos completos,  
- estudios comparativos amplios,  
- documentación fotográfica repetida,  
- catálogos temáticos de gran alcance,  
- proyectos educativos y etnográficos prolongados.

Su gran volumen permite trabajar durante largos periodos sin necesidad de cambiar de lote.

<h2>Características del formato 1000g</h2>
- Máxima continuidad entre series técnicas  
- Textura fina y color rojo estable  
- Ideal para documentación avanzada  
- Procedencia del sudeste asiático  
- Gran capacidad para proyectos de larga duración  

<h2>Uso profesional</h2>
1000g es el formato más estable para instituciones educativas, archivos profesionales, colecciones avanzadas y proyectos donde la consistencia entre muestras es fundamental.

<h2>Información importante</h2>
Este producto no está destinado al consumo humano ni a usos médicos o alimentarios. Su uso es exclusivamente documental y botánico.

<h2>FAQ – Preguntas frecuentes</h2>

<b>¿Para qué proyectos se recomienda el formato 1000g?</b><br>
Para archivos completos, documentación técnica de largo plazo y estudios comparativos avanzados.

<b>¿Qué lo diferencia de 500g?</b><br>
1000g permite trabajar durante mucho más tiempo sin cambios de lote, garantizando coherencia absoluta.

<b>¿Es adecuado para instituciones o laboratorios?</b><br>
Sí, es el formato preferido en documentación botánica profesional.

<b>¿Qué volumen de material visual permite generar?</b><br>
Suficiente para archivos amplios, estudios repetidos y múltiples ciclos técnicos.

<b>¿Cómo debe almacenarse?</b><br>
En un lugar fresco, seco y protegido de la luz para mantener su estabilidad visual.","kratom rojo, maeng da rojo, kratom en polvo, gran formato, archivo botánico, material vegetal","kratom maeng da rojo 1000g
","comprar kratom 1kg, kratom rojo 1kg españa, kratom maeng da rojo 1000g, kratom en polvo gran formato, tienda de kratom online, kratom rojo envío rápido, kratom españa comprar online
","gran formato, archivo maestro, proyecto extenso, referencia completa, lote unificado, documentación avanzada, archivo de gran escala"
22,8035,"Kratom Malayo Verde en polvo
",variable,,"Kratom Malayo Verde en polvo
","kratom-malayo-verde-en-polvo
","Kratom Malayo Verde en Polvo | Material Botánico en Polvo Verde
","Kratom Malayo Verde en polvo, material vegetal del sudeste asiático destinado a documentación botánica, archivos etnográficos y estudios comparativos. Polvo verde fino de Mitragyna speciosa. Envío discreto en España.","Kratom Malayo Verde en polvo, material vegetal procedente del sudeste asiático destinado a archivos botánicos, proyectos etnográficos y documentación comparativa. No destinado al consumo humano.
","<h2>Descripción general</h2>
Kratom Malayo Verde en polvo es un material vegetal procedente del sudeste asiático, conocido por su color verde homogéneo y su textura fina. Está destinado a proyectos de documentación botánica, estudios comparativos y archivos etnográficos donde se requiere material vegetal estable y uniforme.

Este polvo de Mitragyna speciosa ofrece una base adecuada para la catalogación técnica, la creación de archivos visuales y la documentación estructurada de muestras vegetales.

<h2>Aplicación botánica</h2>
La variedad Malayo Verde se emplea habitualmente en:
- catálogos botánicos de referencia,  
- estudios visuales comparativos,  
- documentación etnográfica,  
- archivos prolongados de muestras vegetales,  
- proyectos educativos sobre especies tropicales.

Su tonalidad verde consistente permite mantener coherencia entre series fotográficas y ciclos de documentación.

<h2>Características generales</h2>
- Color verde estable  
- Textura fina adecuada para documentación visual  
- Procedencia del sudeste asiático  
- Uniformidad entre lotes  
- Apto para archivos botánicos estructurados  

<h2>Uso dentro de proyectos botánicos</h2>
La variedad Malayo Verde suele utilizarse en proyectos que requieren continuidad visual y estabilidad en la textura del material. Es un recurso adecuado para trabajos prolongados, series técnicas multicapa y catálogos educativos.

<h2>Información importante</h2>
Este producto no está destinado al consumo humano ni a usos médicos o alimentarios. Se utiliza exclusivamente para documentación, referencia botánica y fines etnográficos.

<h2>FAQ – Preguntas frecuentes</h2>

<b>¿Para qué tipo de proyectos es adecuado?</b><br>
Para documentación estructurada, archivos botánicos y estudios comparativos de material vegetal.

<b>¿Qué lo distingue de otras variedades verdes?</b><br>
Su color verde estable y molienda uniforme, útiles para documentación precisa.

<b>¿Puede emplearse en archivos prolongados?</b><br>
Sí, su uniformidad lo hace adecuado para proyectos de larga duración.

<b>¿Cómo debe almacenarse?</b><br>
En un lugar fresco y seco, protegido de la luz para preservar estabilidad visual.","kratom verde, malayo verde, kratom en polvo, archivo botánico, documentación vegetal, material etnográfico","kratom malayo verde","comprar kratom verde, kratom malayo verde españa, kratom en polvo verde, tienda de kratom online, kratom verde envío rápido, kratom españa comprar online
","variedad verde, estudio comparativo, catalogación botánica, archivo vegetal, polvo fino, referencia etnográfica"
23,14761,"Kratom Malayo Verde en polvo
",variation,25g,"Kratom Malayo Verde en polvo 25g","kratom-malayo-verde-en-polvo-25g","Kratom Malayo Verde 25g en Polvo | Formato de Muestra","Kratom Malayo Verde en polvo 25g, formato pequeño adecuado para documentación botánica inicial, muestras de archivo y estudios comparativos básicos. Material vegetal del sudeste asiático. Envío discreto en España.
","Kratom Malayo Verde en polvo 25g, formato compacto diseñado para muestras botánicas, análisis comparativos básicos y archivos iniciales. No destinado al consumo humano.","<h2>Formato 25g</h2>
El formato de 25g de Kratom Malayo Verde en polvo está pensado para proyectos que requieren cantidades reducidas para documentación inicial o comparación entre variedades. Es una opción adecuada para análisis preliminares, muestras de referencia y pequeñas series fotográficas.

Procedente del sudeste asiático, este material vegetal de Mitragyna speciosa se caracteriza por su color verde estable y molienda fina, aptos para documentación técnica y etnográfica.

<h2>Aplicación botánica</h2>
25g es adecuado para:
- muestras botánicas de referencia,  
- estudios comparativos iniciales,  
- documentación fotográfica a pequeña escala,  
- archivos educativos básicos,  
- análisis botánicos preliminares.

Su tamaño reducido facilita el trabajo con catálogos compactos y proyectos exploratorios.

<h2>Características del formato 25g</h2>
- Cantidad ideal para muestras  
- Textura fina y color uniforme  
- Adecuado para documentación rápida  
- Procedente del sudeste asiático  
- Útil para catálogos iniciales  

<h2>Uso dentro de archivos botánicos</h2>
El formato 25g se integra bien en proyectos donde se requiere evaluar distintas variedades antes de crear archivos más amplios. Es una opción conveniente para estudios comparativos y documentación elemental.

<h2>Información importante</h2>
Este producto no está destinado al consumo humano ni a usos médicos o alimentarios. Su uso es exclusivamente documental y botánico.

<h2>FAQ – Preguntas frecuentes</h2>

<b>¿Para qué sirve el formato 25g?</b><br>
Para documentación inicial, muestras de referencia y estudios comparativos básicos.

<b>¿Es adecuado para proyectos avanzados?</b><br>
Solo para fases preliminares. Para estudios extensos se recomiendan formatos mayores.

<b>¿Se puede usar para catálogos educativos?</b><br>
Sí, es suficiente para series básicas o ejemplos didácticos.

<b>¿Cómo almacenarlo?</b><br>
En un lugar fresco, seco y protegido de la luz para mantener su estabilidad visual.","kratom verde, malayo verde, kratom en polvo, formato muestra, archivo botánico, material vegetal","kratom malayo verde 25g","comprar kratom 25g, kratom verde 25g españa, kratom malayo verde muestra, kratom en polvo pequeño formato, tienda de kratom online, kratom verde envío rápido","formato pequeño, muestra botánica, análisis inicial, referencia vegetal, documentación básica, catálogo compacto"
24,8040,"Kratom Malayo Verde en polvo
",variation,50g,"Kratom Malayo Verde en polvo 50g
","kratom-malayo-verde-en-polvo-50g
","Kratom Malayo Verde 50g en Polvo | Formato Compacto","Kratom Malayo Verde en polvo 50g, formato compacto adecuado para documentación botánica, estudios comparativos y archivos vegetales de pequeño tamaño. Material vegetal del sudeste asiático. Envío discreto en España.","Kratom Malayo Verde en polvo 50g, formato práctico para proyectos botánicos compactos, series fotográficas pequeñas y documentación comparativa. No destinado al consumo humano.","<h2>Formato 50g</h2>
El formato de 50g de Kratom Malayo Verde en polvo es adecuado para proyectos que requieren una cantidad moderada de material vegetal sin llegar a formatos avanzados. Es ideal para series fotográficas pequeñas, estudios comparativos ampliados y archivos educativos.

Este polvo vegetal de Mitragyna speciosa, procedente del sudeste asiático, mantiene una tonalidad verde uniforme y una textura fina que favorecen la coherencia visual en la documentación.

<h2>Aplicación botánica</h2>
50g es adecuado para:
- documentación comparativa ampliada,  
- archivos botánicos de tamaño medio,  
- proyectos educativos,  
- series fotográficas técnicas,  
- catálogos temáticos compactos.

Su volumen permite realizar más ciclos de documentación que el formato de 25g manteniendo estabilidad de lote.

<h2>Características del formato 50g</h2>
- Cantidad óptima para documentación continua  
- Textura fina y color verde homogéneo  
- Procedente del sudeste asiático  
- Adecuado para estudios de tamaño medio  
- Uniformidad entre sesiones de trabajo  

<h2>Uso dentro de archivos botánicos</h2>
El formato 50g se adapta bien a proyectos donde la continuidad visual y la estabilidad del lote son esenciales. Es una opción equilibrada entre un formato de muestra y un formato avanzado.

<h2>Información importante</h2>
Este producto no está destinado al consumo humano ni a usos médicos o alimentarios. Su uso es exclusivamente documental y botánico.

<h2>FAQ – Preguntas frecuentes</h2>

<b>¿Qué proyectos suelen usar 50g?</b><br>
Documentación comparativa, series fotográficas pequeñas y archivos educativos.

<b>¿Es mejor que 25g?</b><br>
Sí, permite más ciclos de estudio sin cambiar de material.

<b>¿Sirve para proyectos prolongados?</b><br>
Para trabajos medianos sí; para proyectos extensos es preferible 100g o más.

<b>¿Cómo almacenarlo?</b><br>
En un lugar fresco, seco y protegido de la luz para mantener la estabilidad visual.","kratom verde, malayo verde, kratom en polvo, formato compacto, archivo botánico, material vegetal","kratom malayo verde 50g","comprar kratom 50g, kratom verde 50g españa, kratom malayo verde 50g, kratom en polvo formato compacto, tienda de kratom online, kratom verde envío rápido","formato medio, archivo compacto, referencia vegetal, documentación continua, lote uniforme, serie técnica"
25,8037,"Kratom Malayo Verde en polvo
",variation,100g,"Kratom Malayo Verde en polvo 100g
","kratom-malayo-verde-en-polvo-100g","Kratom Malayo Verde 100g en Polvo | Formato Estándar","Kratom Malayo Verde en polvo 100g, formato estándar adecuado para archivos botánicos, estudios comparativos prolongados y documentación vegetal continua. Material vegetal del sudeste asiático. Envío discreto en España.","Kratom Malayo Verde en polvo 100g, formato estándar para proyectos botánicos estructurados, documentación comparativa y archivos de referencia de duración media. No destinado al consumo humano.","<h2>Formato 100g</h2>
El formato de 100g de Kratom Malayo Verde en polvo es uno de los formatos más utilizados en documentación botánica debido a su equilibrio entre cantidad y estabilidad de lote. Ofrece suficiente material para estudios comparativos prolongados y archivos vegetales de complejidad media.

Este polvo vegetal de Mitragyna speciosa, originario del sudeste asiático, mantiene un color verde uniforme y una molienda fina adecuada para documentación visual precisa.

<h2>Aplicación botánica</h2>
El formato 100g es adecuado para:
- documentación comparativa prolongada,  
- archivos botánicos de duración media,  
- series fotográficas múltiples,  
- análisis vegetales estructurados,  
- proyectos educativos y etnográficos continuos.

Su estabilidad facilita mantener coherencia técnica entre distintas fases del proyecto.

<h2>Características del formato 100g</h2>
- Cantidad estándar para estudios prolongados  
- Color verde estable  
- Textura fina y homogénea  
- Procedente del sudeste asiático  
- Buena continuidad de lote para documentación técnica  

<h2>Uso dentro de archivos botánicos</h2>
100g es ideal cuando se requiere trabajar con un material vegetal consistente durante varias sesiones sin cambiar de lote. Es un formato versátil para archivos temáticos y documentación de nivel intermedio.

<h2>Información importante</h2>
Este producto no está destinado al consumo humano ni a usos médicos o alimentarios. Su uso es exclusivamente documental y botánico.

<h2>FAQ – Preguntas frecuentes</h2>

<b>¿Para qué proyectos se recomienda 100g?</b><br>
Para estudios prolongados, archivos de referencia y documentación comparativa estructurada.

<b>¿Qué ventaja tiene respecto a 50g?</b><br>
Mayor continuidad y posibilidad de series más extensas sin cambiar de material.

<b>¿Es adecuado para formación y proyectos educativos?</b><br>
Sí, permite desarrollar unidades temáticas completas.

<b>¿Cómo debe almacenarse?</b><br>
En un lugar fresco, seco y protegido de la luz para mantener estabilidad visual.","kratom verde, malayo verde, kratom en polvo, formato estándar, archivo botánico, material vegetal
","kratom malayo verde 100g","comprar kratom 100g, kratom verde 100g españa, kratom malayo verde 100g, kratom en polvo formato estándar, tienda de kratom online, kratom verde envío rápido","documentación prolongada, estudio botánico, referencia vegetal media, archivo estándar, lote uniforme, análisis estructurado"
26,8038,"Kratom Malayo Verde en polvo
",variation,300g,"Kratom Malayo Verde en polvo 300g","kratom-malayo-verde-en-polvo-300g","Kratom Malayo Verde 300g en Polvo | Formato Avanzado","Kratom Malayo Verde en polvo 300g, formato avanzado para proyectos botánicos extensos, documentación prolongada y archivos comparativos de gran alcance. Material vegetal del sudeste asiático. Envío discreto en España.","Kratom Malayo Verde en polvo 300g, formato avanzado ideal para documentación extensa, estudios comparativos amplios y archivos botánicos de largo recorrido. No destinado al consumo humano.
","<h2>Formato 300g</h2>
El formato de 300g de Kratom Malayo Verde en polvo está diseñado para proyectos que requieren continuidad prolongada del mismo lote. Es adecuado para documentación extensa, estudios comparativos amplios y archivos botánicos que necesitan un volumen considerable de material vegetal.

Procedente del sudeste asiático, este polvo de Mitragyna speciosa destaca por su textura fina y su color verde estable, fundamentales para mantener coherencia entre sesiones de documentación técnica.

<h2>Aplicación botánica</h2>
300g es adecuado para:
- archivos botánicos avanzados,  
- documentación fotográfica repetida,  
- comparaciones de gran profundidad,  
- estudios etnográficos prolongados,  
- catálogos temáticos desarrollados.

Su volumen permite abordar proyectos de varias etapas sin necesidad de cambiar de lote.

<h2>Características del formato 300g</h2>
- Cantidad amplia para estudios avanzados  
- Textura fina y color uniforme  
- Estabilidad visual entre sesiones  
- Procedente del sudeste asiático  
- Ideal para documentación técnica de largo alcance  

<h2>Uso dentro de archivos botánicos</h2>
300g es un formato intermedio avanzado que ofrece mayor continuidad que 100g y evita las limitaciones de los formatos pequeños. Es una opción adecuada para proyectos profesionales y series técnicas complejas.

<h2>Información importante</h2>
Este producto no está destinado al consumo humano ni a usos médicos o alimentarios. Su uso es exclusivamente documental y botánico.

<h2>FAQ – Preguntas frecuentes</h2>

<b>¿Para qué proyectos se recomienda 300g?</b><br>
Para documentación prolongada, archivos botánicos avanzados y estudios comparativos extensos.

<b>¿Qué ventaja ofrece frente a 100g?</b><br>
Mayor continuidad y posibilidad de ciclos técnicos múltiples dentro del mismo lote.

<b>¿Es adecuado para proyectos profesionales?</b><br>
Sí, especialmente para archivos de largo plazo y documentación estructurada.

<b>¿Cómo almacenarlo?</b><br>
En un lugar fresco, seco y protegido de la luz para preservar la estabilidad visual.","kratom verde, malayo verde, kratom en polvo, formato avanzado, archivo botánico, material vegetal","kratom malayo verde 300g","comprar kratom 300g, kratom verde 300g españa, kratom malayo verde 300g, kratom en polvo formato avanzado, tienda de kratom online, kratom verde envío rápido
","archivo ampliado, proyecto prolongado, lote estable, documentación avanzada, serie técnica amplia, referencia vegetal extensa
"
27,8039,"Kratom Malayo Verde en polvo
",variation,500g,"Kratom Malayo Verde en polvo 500g","kratom-malayo-verde-en-polvo-500g","Kratom Malayo Verde 500g en Polvo | Formato Profesional","Kratom Malayo Verde en polvo 500g, formato profesional para documentación botánica prolongada, estudios comparativos avanzados y archivos extensos. Material vegetal del sudeste asiático. Envío discreto en España.","Kratom Malayo Verde en polvo 500g, formato profesional para proyectos botánicos avanzados, documentación repetida y estudios comparativos de alto nivel. No destinado al consumo humano.","<h2>Formato 500g</h2>
El formato de 500g de Kratom Malayo Verde en polvo está orientado a proyectos profesionales y documentación extensa que requiere un volumen amplio del mismo lote. Su capacidad permite desarrollar archivos continuados, estudios de gran profundidad y comparaciones detalladas sin interrupciones.

Procedente del sudeste asiático, este polvo de Mitragyna speciosa mantiene un color verde estable y una molienda fina, características esenciales para garantizar coherencia visual en sesiones técnicas repetidas.

<h2>Aplicación botánica</h2>
500g es adecuado para:
- estudios comparativos avanzados,  
- documentación de larga duración,  
- archivos botánicos profesionales,  
- catálogos temáticos amplios,  
- series fotográficas de gran volumen.

Es una opción ideal para proyectos que requieren repetición técnica, consistencia y estabilidad entre muestras.

<h2>Características del formato 500g</h2>
- Volumen amplio para estudios avanzados  
- Textura fina y color estable  
- Ideal para documentación profesional  
- Permite múltiples ciclos de análisis  
- Procedencia del sudeste asiático  

<h2>Uso dentro de archivos profesionales</h2>
Este gramaje permite desarrollar proyectos educativos y etnobotánicos de largo recorrido, manteniendo una referencia uniforme durante todo el proceso. Es un formato intermedio entre avanzado y gran volumen.

<h2>Información importante</h2>
Este producto no está destinado al consumo humano ni a usos médicos o alimentarios. Su uso es exclusivamente documental y botánico.

<h2>FAQ – Preguntas frecuentes</h2>

<b>¿Para qué sirve el formato 500g?</b><br>
Para estudios prolongados, archivos amplios y documentación comparativa profesional.

<b>¿Qué lo diferencia de 300g?</b><br>
500g permite más etapas de trabajo y mayor profundidad en la documentación.

<b>¿Es adecuado para instituciones o proyectos técnicos?</b><br>
Sí, es ideal para programas educativos y archivos botánicos extensos.

<b>¿Cómo almacenarlo correctamente?</b><br>
En un lugar seco, fresco y protegido de la luz para garantizar estabilidad visual.","kratom verde, malayo verde, kratom en polvo, formato profesional, archivo botánico, material vegetal","kratom malayo verde 500g","comprar kratom 500g, kratom verde 500g españa, kratom malayo verde 500g, kratom en polvo gran formato, tienda de kratom online, kratom verde envío rápido","formato profesional, archivo técnico, estudio prolongado, colección amplia, referencia vegetal continua, documentación sistemática"
28,8036,"Kratom Malayo Verde en polvo
",variation,1000g,"Kratom Malayo Verde en polvo 1000g","kratom-malayo-verde-en-polvo-1000g
","Kratom Malayo Verde 1000g en Polvo | Gran Formato Profesional
","Kratom Malayo Verde en polvo 1000g, gran formato para archivos botánicos completos, documentación prolongada y estudios comparativos de gran escala. Material vegetal procedente del sudeste asiático. Envío discreto en España.
","Kratom Malayo Verde en polvo 1000g, gran formato destinado a archivos botánicos completos, estudios avanzados y documentación técnica de gran escala. No destinado al consumo humano.
","<h2>Formato 1000g</h2>
El formato de 1000g de Kratom Malayo Verde en polvo está diseñado para proyectos profesionales que requieren un volumen amplio y continuo del mismo lote. Este tamaño es adecuado para documentación técnica de larga duración, estudios comparativos extensos y archivos botánicos completos que necesitan consistencia absoluta entre muestras.

Procedente del sudeste asiático, el material vegetal mantiene una textura fina y un color verde uniforme, características fundamentales para registros visuales precisos y comparaciones técnicas de alto nivel.

<h2>Aplicación botánica</h2>
El formato de 1000g es ideal para:
- estudios comparativos de gran escala,  
- archivos botánicos completos,  
- documentación visual repetida,  
- catálogos extensos de referencia,  
- proyectos educativos de larga duración.

Su volumen permite trabajar durante numerosas fases técnicas sin necesidad de cambiar de lote.

<h2>Características del formato 1000g</h2>
- Gran volumen para archivos completos  
- Máxima estabilidad visual entre sesiones  
- Textura fina y color uniforme  
- Ideal para estudios profesionales prolongados  
- Procedente del sudeste asiático  

<h2>Uso profesional</h2>
Este formato es adecuado para instituciones, archivos avanzados, colecciones profesionales y estudios etnográficos que requieren continuidad total durante su desarrollo. Es la opción más estable para mantener una única referencia vegetal durante todo el proyecto.

<h2>Información importante</h2>
Este producto no está destinado al consumo humano ni a usos médicos o alimentarios. Su uso es exclusivamente documental y botánico.

<h2>FAQ – Preguntas frecuentes</h2>

<b>¿Para qué proyectos se recomienda el formato 1000g?</b><br>
Para archivos completos, estudios comparativos amplios y documentación profesional prolongada.

<b>¿Qué lo diferencia de 500g?</b><br>
Ofrece más continuidad y permite cubrir un número mayor de ciclos técnicos sin interrupciones.

<b>¿Es adecuado para instituciones educativas?</b><br>
Sí, especialmente para módulos de larga duración y archivos extensos.

<b>¿Cómo debe almacenarse correctamente?</b><br>
En un lugar fresco, seco y alejado de la luz para conservar su estabilidad visual.","kratom verde, malayo verde, kratom en polvo, gran formato, archivo botánico, material vegetal","kratom malayo verde 1000g","comprar kratom 1kg, kratom verde 1kg españa, kratom malayo verde 1000g, kratom en polvo gran formato, tienda de kratom online, kratom verde envío rápido","gran formato, archivo completo, proyecto extenso, documentación avanzada, lote unificado, referencia continua, catalogación botánica
"
29,8041,"Kratom Borneo Rojo en polvo",variable,,"Kratom Borneo Rojo en polvo
","kratom-borneo-rojo-en-polvo
","Kratom Borneo Rojo en Polvo | Variedad Clásica del Sudeste Asiático","Kratom Borneo Rojo en polvo, variedad clásica del sudeste asiático muy utilizada en documentación botánica, archivos etnográficos y estudios comparativos. Material vegetal para clasificación y referencia. Disponible en varios formatos. Envío discreto en España.","Kratom Borneo Rojo en polvo, variedad tradicional del sudeste asiático empleada en documentación botánica, estudios visuales y archivos comparativos. Material vegetal destinado exclusivamente a fines descriptivos y clasificatorios. No apto para consumo humano.","<h2>Características principales</h2>
Kratom Borneo Rojo en polvo es una variedad ampliamente documentada dentro del ámbito etnobotánico. Procedente del sudeste asiático, se obtiene de hojas secas de Mitragyna speciosa seleccionadas por su estabilidad cromática y su molienda fina, lo que facilita su uso en estudios descriptivos, análisis comparativos y documentación visual.

El característico tono rojizo y la textura homogénea permiten crear registros fotográficos, fichas técnicas y archivos temáticos con una referencia visual clara y consistente.

<h2>Documentación botánica</h2>
Este material vegetal se utiliza de forma habitual en colecciones botánicas, investigaciones comparativas y archivos etnográficos. Su presentación uniforme permite analizar variaciones entre lotes, realizar comparaciones entre muestras y mantener una base de referencia estable durante proyectos de corta o larga duración.

<h2>Uso en colecciones y archivos</h2>
Gracias a su molienda fina y color característico, esta variedad es adecuada para:
- catálogos botánicos,  
- documentación académica,  
- análisis visuales repetidos,  
- archivos fotográficos temáticos,  
- estudios comparativos internos.  

Disponible en múltiples gramajes, permite seleccionar el formato adecuado para microcolecciones o archivos extensos.

<h2>Ventajas de esta variedad</h2>
- Variedad roja tradicional del sudeste asiático  
- Textura fina y color estable  
- Ideal para documentación comparativa  
- Útil para fichas técnicas y estudios visuales  
- Disponible en diferentes gramajes  
- Envío discreto dentro de España  

<h2>¿Por qué elegir esta variedad?</h2>
- Es una variedad muy conocida en colecciones botánicas  
- Ofrece estabilidad visual ideal para análisis prolongados  
- Perfecta para proyectos comparativos y archivos temáticos  

<h2>FAQ – Preguntas frecuentes</h2>

<b>¿Qué es Kratom Borneo Rojo en el contexto botánico?</b><br>
Es un polvo vegetal de hojas de Mitragyna speciosa destinado a estudios descriptivos, análisis visuales y documentación etnobotánica.

<b>¿Para qué se utiliza?</b><br>
Para catálogos botánicos, estudios comparativos, documentación fotográfica y archivos temáticos.

<b>¿Los gramajes difieren en calidad?</b><br>
No, solo en cantidad. Los gramajes pequeños sirven como muestra; los mayores permiten documentación repetida.

<b>¿Es apto para consumo?</b><br>
No. Su finalidad es exclusivamente botánica y documental.

<b>¿Cómo debe almacenarse?</b><br>
En un lugar fresco y seco, alejado de la luz para mantener la estabilidad visual.","kratom rojo, borneo rojo, kratom en polvo, material botánico, hoja seca, sudeste asiático, catálogo botánico","kratom borneo rojo","comprar kratom rojo, kratom borneo rojo españa, kratom en polvo rojo, tienda de kratom online, kratom rojo envío rápido, kratom españa comprar online
","material vegetal, hoja roja pulverizada, estudio botánico, archivo etnográfico, catálogo de plantas, variedad roja, origen asiático"
30,14762,"Kratom Borneo Rojo en polvo",variation,25g,"Kratom Borneo Rojo en polvo 25g","kratom-borneo-rojo-en-polvo-25g","Kratom Borneo Rojo 25g en Polvo | Formato de Muestra","Kratom Borneo Rojo en polvo 25g, formato de muestra ideal para documentación inicial, microcolecciones botánicas y análisis comparativos básicos. Material vegetal del sudeste asiático. Envío discreto en España.
","Kratom Borneo Rojo en polvo 25g, formato pequeño diseñado para microcolecciones botánicas, documentación preliminar y estudios comparativos iniciales. No destinado al consumo humano.
","<h2>Formato 25g</h2>
El formato de 25g de Kratom Borneo Rojo en polvo es la opción ideal para quienes buscan una referencia inicial de esta variedad roja sin adquirir cantidades mayores. Su tamaño compacto permite trabajar con documentación botánica básica, fichas descriptivas simples y series fotográficas preliminares.

Procedente del sudeste asiático, este polvo vegetal destaca por su color rojizo estable y su molienda fina, características que facilitan la creación de registros visuales y análisis comparativos entre pequeños lotes.

<h2>Aplicación botánica</h2>
25g es un formato adecuado para:
- microcolecciones,  
- documentación de iniciación,  
- análisis comparativos simples,  
- registros visuales básicos,  
- estudios etnográficos preliminares.

Su cantidad permite estructurar referencias temáticas sin necesidad de un gran volumen de material.

<h2>Características del formato 25g</h2>
- Tamaño ideal para iniciación botánica  
- Fácil de almacenar y manejar  
- Permite documentación básica  
- Textura fina y color uniforme  
- Procedencia del sudeste asiático  

<h2>Uso dentro de colecciones pequeñas</h2>
Este formato es adecuado para proyectos educativos, actividades de clasificación y series fotográficas simples. Su volumen reducido permite explorar las características de la variedad Borneo Rojo sin generar exceso de material.

<h2>Información importante</h2>
Este producto no está destinado al consumo humano ni a usos médicos o alimentarios. Su uso es exclusivamente documental y botánico.

<h2>FAQ – Preguntas frecuentes</h2>

<b>¿Para qué sirve el formato 25g?</b><br>
Para documentación básica, comparaciones iniciales y microcolecciones.

<b>¿Quién suele utilizar este formato?</b><br>
Coleccionistas principiantes y proyectos educativos que requieren pequeñas cantidades.

<b>¿En qué se diferencia de 50g?</b><br>
25g ofrece una muestra menor, ideal para trabajos preliminares o de corta duración.

<b>¿Es suficiente para registros fotográficos?</b><br>
Sí, 25g permite realizar varias series visuales básicas.

<b>¿Cómo debe almacenarse?</b><br>
En un lugar fresco y seco, protegido de la luz para mantener su estabilidad visual.","kratom rojo, borneo rojo, kratom en polvo, formato muestra, material vegetal, referencia botánica
","kratom borneo rojo 25g","comprar kratom 25g, kratom rojo 25g españa, kratom borneo rojo muestra, kratom en polvo 25g, tienda de kratom online, kratom rojo envío rápido
","formato muestra, microcolección, referencia pequeña, análisis inicial, catálogo botánico básico, registro preliminar, lote de muestra
"
31,8046,"Kratom Borneo Rojo en polvo",variation,50g,Kratom Borneo Rojo en polvo 50g,"kratom-borneo-rojo-en-polvo-50g
","Kratom Borneo Rojo 50g en Polvo | Formato Práctico","Kratom Borneo Rojo en polvo 50g, formato práctico para documentación continua, series fotográficas y estudios botánicos de nivel medio. Procedente del sudeste asiático. Envío discreto en España.","Kratom Borneo Rojo en polvo 50g, formato práctico para documentación regular, análisis visuales consistentes y estudios botánicos de tamaño medio. No destinado al consumo humano.","<h2>Formato 50g</h2>
El formato de 50g de Kratom Borneo Rojo en polvo es una opción equilibrada para quienes trabajan en documentación continua o estudios comparativos que requieren un volumen intermedio del mismo lote. Es adecuado para series fotográficas, fichas técnicas de varios niveles y archivos botánicos en desarrollo.

Procedente del sudeste asiático, este polvo vegetal de Mitragyna speciosa presenta un color rojizo estable y una molienda fina, lo que facilita la creación de registros visuales uniformes.

<h2>Aplicación botánica</h2>
50g es un formato ideal para:
- documentación continua,  
- análisis visuales de nivel medio,  
- series fotográficas regulares,  
- comparaciones entre muestras,  
- archivos temáticos en expansión.  

Su volumen permite generar material suficiente para varios ciclos de trabajo sin llegar a formatos mayores.

<h2>Características del formato 50g</h2>
- Volumen práctico para análisis repetidos  
- Textura fina y homogénea  
- Color estable para documentación visual  
- Procedencia del sudeste asiático  
- Fácil de almacenar y manipular  

<h2>Uso dentro de archivos botánicos</h2>
Este formato facilita la creación de registros organizados, comparaciones visuales y documentación repetida para proyectos educativos o colecciones privadas.

<h2>Información importante</h2>
Este producto no está destinado al consumo humano ni a usos médicos o alimentarios. Su uso es exclusivamente documental y botánico.

<h2>FAQ – Preguntas frecuentes</h2>

<b>¿Por qué elegir el formato 50g?</b><br>
Porque permite documentación continua sin necesidad de grandes volúmenes.

<b>¿Para qué proyectos es adecuado?</b><br>
Para estudios comparativos, series fotográficas y archivos botánicos de tamaño medio.

<b>¿Qué diferencia hay respecto a 25g?</b><br>
50g ofrece mayor continuidad y más ciclos de análisis.

<b>¿Permite crear registros visuales consistentes?</b><br>
Sí, gracias a su molienda uniforme y color estable.

<b>¿Cómo almacenarlo?</b><br>
En un lugar fresco, seco y protegido de la luz.","kratom rojo, borneo rojo, kratom en polvo, formato práctico, documentación botánica, material vegetal","kratom borneo rojo 50g","comprar kratom 50g, kratom rojo 50g españa, kratom borneo rojo 50g, tienda de kratom online, kratom rojo envío rápido, kratom en polvo formato práctico","formato práctico, cantidad moderada, documentación continua, registro botánico, análisis visual, lote estable, proyecto educativo"
32,8043,"Kratom Borneo Rojo en polvo",variation,100g,"Kratom Borneo Rojo en polvo 100g","kratom-borneo-rojo-en-polvo-100g","Kratom Borneo Rojo 100g en Polvo | Formato Estándar","Kratom Borneo Rojo en polvo 100g, formato estándar ideal para documentación botánica estructurada, análisis comparativos y archivos de referencia. Material vegetal del sudeste asiático. Envío discreto en España.","Kratom Borneo Rojo en polvo 100g, formato estándar para estudios botánicos organizados, archivos de referencia y análisis comparativos de nivel medio. No destinado al consumo humano.","<h2>Formato 100g</h2>
El formato de 100g de Kratom Borneo Rojo en polvo es el tamaño estándar dentro de la documentación botánica, ofreciendo un equilibrio óptimo entre cantidad y manejabilidad. Es adecuado para estudios comparativos, series fotográficas estructuradas y archivos de referencia que requieren continuidad visual sin recurrir a formatos mayores.

Procedente del sudeste asiático, este polvo vegetal se caracteriza por su molienda fina y color rojo uniforme, lo que facilita la creación de registros consistentes y análisis repetidos.

<h2>Aplicación botánica</h2>
100g es ideal para:
- estudios comparativos organizados,  
- series fotográficas de nivel medio,  
- archivos botánicos de duración media,  
- documentación técnica prolongada,  
- análisis visuales estructurados.  

Su volumen permite trabajar durante varias etapas sin perder coherencia entre muestras.

<h2>Características del formato 100g</h2>
- Tamaño estándar para documentación botánica  
- Color rojizo estable  
- Textura fina para análisis visual  
- Procedencia del sudeste asiático  
- Ideal para estudios organizados y repetidos  

<h2>Uso dentro de archivos botánicos</h2>
Este formato es adecuado para catálogos temáticos, estudios educativos y documentación técnica que necesita uniformidad entre sesiones.

<h2>Información importante</h2>
Este producto no está destinado al consumo humano ni a usos médicos o alimentarios. Su uso es exclusivamente documental y botánico.

<h2>FAQ – Preguntas frecuentes</h2>

<b>¿Para qué se recomienda el formato 100g?</b><br>
Para documentación estructurada, archivos temáticos y estudios comparativos.

<b>¿Qué lo diferencia del formato 50g?</b><br>
100g permite más ciclos de análisis y continuidad en estudios prolongados.

<b>¿Es adecuado para análisis visuales?</b><br>
Sí, su molienda uniforme facilita registros fotográficos y comparativos.

<b>¿Cómo debe almacenarse?</b><br>
En un lugar fresco, seco y protegido de la luz.","kratom rojo, borneo rojo, kratom en polvo, formato estándar, catálogo botánico, material vegetal","kratom borneo rojo 100g","comprar kratom 100g, kratom rojo 100g españa, kratom borneo rojo 100g, tienda de kratom online, kratom rojo envío rápido, kratom en polvo formato estándar","formato estándar, colección mediana, referencia estable, archivo documental, estudio organizado, lote vegetal, análisis botánico estructurado"
33,8044,"Kratom Borneo Rojo en polvo",variation,300g,"Kratom Borneo Rojo en polvo 300g","kratom-borneo-rojo-en-polvo-300g","Kratom Borneo Rojo 300g en Polvo | Formato Avanzado","Kratom Borneo Rojo en polvo 300g, formato avanzado para proyectos botánicos prolongados, estudios comparativos extensos y archivos temáticos de largo recorrido. Material vegetal procedente del sudeste asiático. Envío discreto en España.","Kratom Borneo Rojo en polvo 300g, cantidad adecuada para estudios botánicos avanzados, documentación prolongada y análisis comparativos complejos. No destinado al consumo humano.","<h2>Formato 300g</h2>
El formato de 300g de Kratom Borneo Rojo en polvo está diseñado para proyectos de documentación prolongada que requieren continuidad del mismo lote. Este volumen permite desarrollar estudios comparativos avanzados, archivos botánicos amplios y series fotográficas extensas sin interrupciones ni cambios de referencia vegetal.

Procedente del sudeste asiático, el polvo presenta una molienda fina y un color rojo estable, características esenciales para realizar registros visuales precisos y consistentes.

<h2>Aplicación botánica</h2>
300g es adecuado para:
- estudios comparativos complejos,  
- archivos de referencia prolongados,  
- documentación técnica de largo recorrido,  
- series fotográficas numerosas,  
- catálogos botánicos temáticos.  

Su volumen permite mantener coherencia visual en múltiples etapas del proyecto.

<h2>Características del formato 300g</h2>
- Cantidad amplia para estudios avanzados  
- Textura fina y estable  
- Color rojizo uniforme  
- Ideal para documentación prolongada  
- Procedencia del sudeste asiático  

<h2>Uso dentro de archivos botánicos</h2>
Este formato facilita la creación de archivos completos, el desarrollo de series técnicas de varios niveles y la elaboración de comparaciones extensas entre muestras.

<h2>Información importante</h2>
Este producto no está destinado al consumo humano ni a usos médicos o alimentarios. Su uso es exclusivamente botánico y documental.

<h2>FAQ – Preguntas frecuentes</h2>

<b>¿Para qué sirve el formato 300g?</b><br>
Para documentación prolongada, estudios comparativos complejos y archivos extensos.

<b>¿Qué diferencia tiene respecto a 100g?</b><br>
Ofrece más continuidad y permite más ciclos de análisis.

<b>¿Es adecuado para proyectos educativos largos?</b><br>
Sí, especialmente para módulos de larga duración y prácticas repetidas.

<b>¿Es necesario pasar a 500g?</b><br>
Solo si se requiere documentación profesional o un archivo aún más amplio.

<b>¿Cómo debe almacenarse?</b><br>
En un lugar fresco, seco y protegido de la luz para conservar su estabilidad.","kratom rojo, borneo rojo, kratom en polvo, formato avanzado, archivo botánico, material vegetal","kratom borneo rojo 300g
","comprar kratom 300g, kratom rojo 300g españa, kratom borneo rojo 300g, tienda de kratom online, kratom rojo envío rápido, kratom en polvo formato avanzado","formato avanzado, archivo amplio, proyecto prolongado, serie documental, análisis botánico profundo, lote constante, colección extensa"
34,8045,"Kratom Borneo Rojo en polvo",variation,500g,"Kratom Borneo Rojo en polvo 500g","kratom-borneo-rojo-en-polvo-500g
","Kratom Borneo Rojo 500g en Polvo | Formato Profesional","Kratom Borneo Rojo en polvo 500g, formato profesional para archivos botánicos amplios, estudios comparativos de largo recorrido y documentación técnica repetida. Material vegetal procedente del sudeste asiático. Envío discreto en España.","Kratom Borneo Rojo en polvo 500g, formato profesional para estudios botánicos avanzados, documentación repetida y análisis comparativos extensos. No destinado al consumo humano.","<h2>Formato 500g</h2>
El formato de 500g de Kratom Borneo Rojo en polvo está orientado a proyectos botánicos avanzados que requieren un volumen amplio y consistente del mismo lote. Es ideal para trabajos prolongados, archivos temáticos extensos y estudios comparativos que necesitan estabilidad a lo largo de múltiples fases técnicas.

Procedente del sudeste asiático, este polvo vegetal se caracteriza por su molienda fina, color rojizo estable y uniformidad visual, cualidades que facilitan registros precisos y comparaciones repetidas.

<h2>Aplicación botánica</h2>
500g es adecuado para:
- estudios prolongados de varias etapas,  
- análisis comparativos complejos,  
- documentación técnica repetida,  
- catálogos botánicos avanzados,  
- archivos educativos y etnográficos de larga duración.  

Este formato permite mantener coherencia absoluta durante todo el proyecto sin recurrir a varios lotes.

<h2>Características del formato 500g</h2>
- Cantidad amplia para estudios avanzados  
- Textura fina y color estable  
- Ideal para documentación profesional  
- Permite múltiples ciclos de análisis  
- Procedencia del sudeste asiático  

<h2>Uso dentro de archivos botánicos</h2>
El volumen de 500g facilita desarrollar registros extensos, crear comparaciones profundas y estructurar catálogos temáticos de varios niveles. Es una opción intermedia-profesional antes de pasar al formato de archivo completo.

<h2>Información importante</h2>
Este producto no está destinado al consumo humano ni a usos médicos o alimentarios. Su uso es exclusivamente documental y botánico.

<h2>FAQ – Preguntas frecuentes</h2>

<b>¿Para qué proyectos se recomienda el formato 500g?</b><br>
Para archivos botánicos avanzados, estudios prolongados y documentación repetida.

<b>¿Qué lo diferencia de 300g?</b><br>
500g permite mayor continuidad y más ciclos de análisis sin cambiar de lote.

<b>¿Es adecuado para uso profesional?</b><br>
Sí, es un formato ideal para instituciones, proyectos educativos y análisis técnicos.

<b>¿Cómo almacenarlo correctamente?</b><br>
En un lugar fresco, seco y protegido de la luz para mantener la estabilidad visual.","kratom rojo, borneo rojo, kratom en polvo, formato profesional, archivo botánico, material vegetal","kratom borneo rojo 500g
","comprar kratom 500g, kratom rojo 500g españa, kratom borneo rojo 500g, kratom en polvo gran formato, tienda de kratom online, kratom rojo envío rápido
","formato profesional, archivo técnico, estudio prolongado, colección extensa, referencia continua, lote amplio, documentación sistemática
"
35,8042,"Kratom Borneo Rojo en polvo",variation,1000g,"Kratom Borneo Rojo en polvo 1000g","kratom-borneo-rojo-en-polvo-1000g","Kratom Borneo Rojo 1000g en Polvo | Gran Formato","Kratom Borneo Rojo en polvo 1000g, gran formato para archivos botánicos completos, estudios comparativos extensos y documentación profesional de largo plazo. Material vegetal del sudeste asiático. Envío discreto en España.
","Kratom Borneo Rojo en polvo 1000g, gran formato ideal para archivos completos, documentación prolongada y estudios botánicos de gran escala. No destinado al consumo humano.","<h2>Formato 1000g</h2>
El formato de 1000g de Kratom Borneo Rojo en polvo es la opción destinada a proyectos botánicos profesionales que requieren la máxima continuidad dentro de un mismo lote. Su gran capacidad permite desarrollar archivos completos, comparaciones extensas y estudios de larga duración sin interrupciones ni variaciones entre muestras.

Procedente del sudeste asiático, este polvo vegetal ofrece un color rojizo estable y una textura fina uniforme, elementos esenciales para documentación repetida y análisis comparativos de alto nivel.

<h2>Aplicación botánica</h2>
1000g es adecuado para:
- archivos botánicos completos,  
- estudios comparativos avanzados,  
- documentación visual repetida,  
- proyectos educativos de larga duración,  
- catálogos temáticos extensos.  

Su gran volumen garantiza estabilidad absoluta en todas las fases del proyecto.

<h2>Características del formato 1000g</h2>
- Gran volumen para archivos completos  
- Máxima estabilidad entre sesiones  
- Textura fina y color uniforme  
- Ideal para documentación repetida y prolongada  
- Procedencia del sudeste asiático  

<h2>Uso profesional</h2>
Este gramaje es adecuado para instituciones educativas, colecciones avanzadas, estudios técnicos y proyectos etnográficos que requieren amplias series comparativas. Es el formato más estable para referencias vegetales unificadas.

<h2>Información importante</h2>
Este producto no está destinado al consumo humano ni a usos médicos o alimentarios. Su uso es exclusivamente botánico y documental.

<h2>FAQ – Preguntas frecuentes</h2>

<b>¿Para qué proyectos se recomienda el formato 1000g?</b><br>
Para archivos completos, documentación profesional y estudios comparativos de gran magnitud.

<b>¿Qué lo diferencia de 500g?</b><br>
Ofrece continuidad máxima y permite cubrir un mayor número de fases técnicas sin cambios de lote.

<b>¿Es adecuado para instituciones?</b><br>
Sí, es el formato preferido para proyectos académicos y archivos de largo plazo.

<b>¿Cómo debe almacenarse?</b><br>
En un lugar fresco, seco y protegido de la luz para conservar su estabilidad visual.","kratom rojo, borneo rojo, kratom en polvo, gran formato, archivo botánico, material vegetal","kratom borneo rojo 1000g","comprar kratom 1kg, kratom rojo 1kg españa, kratom borneo rojo 1000g, kratom en polvo gran formato, tienda de kratom online, kratom rojo envío rápido
","gran formato, archivo maestro, proyecto extenso, referencia completa, lote unificado, catalogación avanzada, archivo de gran escala"
36,8047,"Kratom Tailandés Verde en polvo",variable,,"Kratom Tailandés Verde en polvo","kratom-tailandes-verde-en-polvo","Kratom Tailandés Verde en Polvo | Variedad Clásica del Sudeste Asiático
","Kratom Tailandés Verde en polvo, variedad tradicional del sudeste asiático utilizada en documentación botánica, estudios comparativos y archivos etnográficos. Material vegetal para clasificación y referencia. Disponible en varios gramajes. Envío discreto en España.","Kratom Tailandés Verde en polvo, variedad clásica empleada en documentación botánica, registros visuales y análisis comparativos. Material vegetal destinado únicamente a fines descriptivos y de clasificación. No apto para consumo humano.","<h2>Características principales</h2>
Kratom Tailandés Verde en polvo es una de las variedades verdes más conocidas dentro de la documentación botánica. Procede del sudeste asiático y se elabora a partir de hojas secas de Mitragyna speciosa seleccionadas por su color verde estable y su textura fina, lo que facilita la elaboración de registros visuales precisos y análisis comparativos organizados.

Su tonalidad característica y molienda uniforme permiten crear archivos técnicos, series descriptivas y catálogos temáticos con alta coherencia visual.

<h2>Documentación botánica</h2>
El material vegetal se utiliza habitualmente en:
- estudios comparativos,  
- archivos etnográficos,  
- documentación botánica,  
- registros fotográficos,  
- catálogos de referencia.  

Su presentación homogénea permite identificar variaciones entre lotes y mantener continuidad visual durante proyectos prolongados.

<h2>Uso en colecciones y archivos</h2>
Gracias a su molienda fina y color verde uniforme, esta variedad es adecuada para proyectos educativos, documentación técnica, archivos temáticos y estudios comparativos de varios niveles. Está disponible en distintos gramajes para microcolecciones o archivos avanzados.

<h2>Ventajas de esta variedad</h2>
- Variedad verde clásica del sudeste asiático  
- Textura fina y color estable  
- Ideal para análisis comparativos  
- Adecuada para documentación visual  
- Disponible en múltiples formatos  
- Envío discreto dentro de España  

<h2>¿Por qué elegir esta variedad?</h2>
- Estabilidad cromática ideal para estudios prolongados  
- Molienda fina adecuada para fichas técnicas  
- Versatilidad para colecciones de cualquier tamaño  

<h2>FAQ – Preguntas frecuentes</h2>

<b>¿Qué es Kratom Tailandés Verde en el contexto botánico?</b><br>
Es polvo vegetal de hojas secas de Mitragyna speciosa destinado a análisis descriptivos y documentación visual.

<b>¿Para qué se utiliza?</b><br>
Para catálogos botánicos, estudios de referencia, análisis comparativos y archivos temáticos.

<b>¿Los gramajes difieren en calidad?</b><br>
No, solo en cantidad. Los pequeños sirven como muestra; los grandes para estudios prolongados.

<b>¿Es apto para consumo?</b><br>
No, únicamente para uso documental y botánico.

<b>¿Cómo debe almacenarse?</b><br>
En un lugar fresco y seco, protegido de la luz para mantener la estabilidad visual.
","kratom verde, thai verde, kratom en polvo, material botánico, hoja seca, sudeste asiático, catálogo botánico","kratom tailandes verde
","comprar kratom verde, kratom tailandes verde españa, kratom en polvo verde, tienda de kratom online, kratom verde envío rápido, kratom españa comprar online
","material vegetal, hoja verde pulverizada, estudio botánico, catálogo de plantas, archivo etnográfico, variedad verde, origen asiático"
37,14755,"Kratom Tailandés Verde en polvo",variation,25g,"Kratom Tailandés Verde en polvo 25g","kratom-tailandes-verde-en-polvo-25g","Kratom Tailandés Verde 25g en Polvo | Formato de Muestra","Kratom Tailandés Verde en polvo 25g, formato de muestra para documentación botánica, análisis comparativos y archivos temáticos. Polvo vegetal de Mitragyna speciosa del sudeste asiático. Envío discreto en España.","Kratom Tailandés Verde en polvo 25g, formato de muestra adecuado para estudios iniciales, comparación entre variedades y documentación botánica básica. No destinado al consumo humano.
","<h2>Formato 25g</h2>
El formato de 25g de Kratom Tailandés Verde en polvo es la presentación ideal para primeras muestras, análisis exploratorios y documentación botánica puntual. Su volumen reducido permite examinar las características del material vegetal sin necesidad de grandes cantidades.

Procedente del sudeste asiático, este polvo de Mitragyna speciosa destaca por su tonalidad verde clara y su molienda fina, cualidades que facilitan la comparación visual con otras variedades y la creación de fichas descriptivas.

<h2>Aplicación botánica</h2>
Este gramaje de 25g se utiliza frecuentemente en:
- estudios botánicos preliminares,  
- colecciones de referencia pequeñas,  
- documentación visual puntual,  
- comparaciones entre variedades verdes,  
- catálogos temáticos compactos.  

Su tamaño permite integrar rápidamente la muestra en archivos o colecciones sin ocupar demasiado espacio.

<h2>Características del formato 25g</h2>
- Cantidad ideal para pruebas y estudios exploratorios  
- Molienda fina y color verde uniforme  
- Fácil de almacenar y catalogar  
- Procedencia del sudeste asiático  
- Adecuado para documentación puntual  

<h2>Uso dentro de archivos botánicos</h2>
Este formato es recomendable para proyectos que requieren identificar características visuales, crear fichas técnicas o comparar diferentes muestras sin necesidad de grandes volúmenes.

<h2>Información importante</h2>
Este producto no está destinado al consumo humano ni a usos alimentarios o médicos. Su uso es exclusivamente documental y botánico.

<h2>FAQ – Preguntas frecuentes</h2>

<b>¿Para qué se recomienda el formato de 25g?</b><br>
Para muestras iniciales, estudios introductorios y documentación puntual.

<b>¿Es suficiente para análisis visuales?</b><br>
Sí, su volumen permite realizar fichas descriptivas, fotografías y comparaciones básicas.

<b>¿Es equivalente en calidad a formatos mayores?</b><br>
Sí, todos los gramajes proceden del mismo material vegetal.

<b>¿Es útil para colecciones pequeñas?</b><br>
Es el formato ideal para archivos compactos o referencias clasificatorias.

<b>¿Cómo almacenarlo correctamente?</b><br>
En un lugar fresco, seco y protegido de la luz.
","kratom verde, thai verde, kratom 25g, muestra botánica, material vegetal, polvo botánico","kratom tailandes verde 25g","kratom verde muestra, comprar kratom 25g, kratom tailandes verde españa, kratom en polvo pequeño formato, tienda de kratom online","muestra botánica, análisis preliminar, referencia vegetal, pequeño gramaje, archivo compacto, hoja pulverizada
"
38,8052,"Kratom Tailandés Verde en polvo",variation,50g,"Kratom Tailandés Verde en polvo 50g
","kratom-tailandes-verde-en-polvo-50g","Kratom Tailandés Verde 50g en Polvo | Formato Compacto","Kratom Tailandés Verde en polvo 50g, formato compacto para documentación botánica, estudios comparativos y archivos etnográficos. Material vegetal del sudeste asiático. Envío discreto en España.","Kratom Tailandés Verde en polvo 50g, formato adecuado para documentación visual repetida, estudios comparativos y archivos botánicos de tamaño medio. No destinado al consumo humano.","<h2>Formato 50g</h2>
El formato de 50g de Kratom Tailandés Verde en polvo es una opción intermedia entre muestra y archivo básico. Ofrece suficiente cantidad para crear varias fichas descriptivas, realizar comparaciones entre muestras y generar documentación visual continuada dentro de un mismo lote.

Procedente del sudeste asiático, este polvo de Mitragyna speciosa se caracteriza por su tonalidad verde clara y su molienda homogénea, elementos esenciales para estudios donde se requiere estabilidad visual.

<h2>Aplicación botánica</h2>
Los 50g son adecuados para:
- documentación fotográfica repetida,  
- análisis comparativos entre variedades,  
- creación de catálogos temáticos,  
- estudios etnobotánicos de nivel inicial,  
- archivos botánicos de tamaño medio.  

Este gramaje permite mantener continuidad en proyectos sin necesidad de formatos mayores.

<h2>Características del formato 50g</h2>
- Cantidad adecuada para proyectos de estudio medio  
- Color verde claro estable  
- Textura fina y homogénea  
- Ideal para documentación comparativa  
- Procedencia del sudeste asiático  

<h2>Uso dentro de archivos botánicos</h2>
Su volumen permite desarrollar series descriptivas más amplias que el formato de 25g, manteniendo la coherencia de un mismo lote. Es apropiado tanto para investigación básica como para archivos educativos.

<h2>Información importante</h2>
Este producto no está destinado al consumo humano ni a usos médicos. Su uso es exclusivamente documental y botánico.

<h2>FAQ – Preguntas frecuentes</h2>

<b>¿Para qué tipo de proyectos se recomiendan los 50g?</b><br>
Para estudios comparativos, documentación visual repetida y archivos botánicos de tamaño medio.

<b>¿Cuánta continuidad ofrece?</b><br>
Permite desarrollar varias sesiones de documentación sin cambiar de lote.

<b>¿Es un formato adecuado para principiantes?</b><br>
Sí, es un formato equilibrado entre flexibilidad y volumen.

<b>¿Difiere la calidad respecto a otros gramajes?</b><br>
No, todos los formatos provienen del mismo material vegetal.

<b>¿Cómo debe almacenarse?</b><br>
En un lugar fresco, seco y lejos de la luz directa.","kratom verde, thai verde, kratom 50g, material botánico, polvo vegetal, archivo botánico
","kratom tailandes verde 50g
","comprar kratom 50g, kratom verde españa, thai verde kratom en polvo, tienda de kratom online, kratom pequeño formato
","formato compacto, referencia botánica, gramaje medio, colección vegetal, análisis comparativo, documentación repetida
"
39,8049,"Kratom Tailandés Verde en polvo",variation,100g,"Kratom Tailandés Verde en polvo 100g","kratom-tailandes-verde-en-polvo-100g
","Kratom Tailandés Verde 100g en Polvo | Archivo Botánico Estándar
","Kratom Tailandés Verde en polvo 100g, formato estándar para documentación botánica, estudios comparativos y catálogos de referencia. Material vegetal del sudeste asiático. Envío discreto en España.
","Kratom Tailandés Verde en polvo 100g, formato estándar para documentación botánica, estudios comparativos y catálogos de referencia. Material vegetal del sudeste asiático. Envío discreto en España.
","<h2>Formato 100g</h2>
El formato de 100g de Kratom Tailandés Verde en polvo es uno de los más utilizados en archivos botánicos y proyectos etnográficos. Su volumen permite trabajar con continuidad dentro de un mismo lote, lo que resulta ideal para documentación técnica, análisis comparativos prolongados y creación de series fotográficas coherentes.

Procedente del sudeste asiático, este polvo vegetal de Mitragyna speciosa presenta un color verde claro estable y una molienda fina, características que facilitan el análisis visual y la clasificación sistemática.

<h2>Aplicación botánica</h2>
Este formato es adecuado para:
- archivos botánicos estándar,  
- estudios comparativos de múltiples etapas,  
- catálogos temáticos de referencia,  
- documentación educativa y de investigación,  
- colecciones de tamaño medio y avanzado.  

Su cantidad permite analizar variaciones, desarrollar fichas técnicas detalladas y mantener coherencia visual en proyectos continuados.

<h2>Características del formato 100g</h2>
- Volumen estándar para archivos botánicos  
- Textura fina y uniforme  
- Color verde claro estable  
- Adecuado para estudios prolongados  
- Procedencia del sudeste asiático  

<h2>Uso dentro de proyectos de documentación</h2>
100g es una cantidad equilibrada para quienes necesitan más continuidad que en los formatos pequeños, pero sin llegar a volúmenes profesionales. Es ideal para documentación repetida y estudios de comparación de variedades.

<h2>Información importante</h2>
Este producto no está destinado al consumo humano ni a usos médicos o alimentarios. Su uso es exclusivamente documental y botánico.

<h2>FAQ – Preguntas frecuentes</h2>

<b>¿Qué tipo de proyectos utiliza el formato 100g?</b><br>
Archivos botánicos estándar, estudios de referencia y documentación prolongada.

<b>¿Es suficiente para un proyecto completo?</b><br>
En la mayoría de los casos, sí. Permite numerosas sesiones de documentación dentro del mismo lote.

<b>¿La calidad cambia respecto a formatos mayores?</b><br>
No, la calidad es homogénea en todos los gramajes.

<b>¿Se recomienda para investigadores?</b><br>
Sí, es uno de los formatos más empleados en documentación técnica.

<b>¿Cómo debe almacenarse?</b><br>
En un lugar fresco, seco y protegido de la luz para preservar su estabilidad visual.","kratom verde, thai verde, kratom 100g, archivo botánico, material vegetal, estudio comparativo","kratom tailandes verde 100g","comprar kratom 100g, kratom verde tailandes españa, kratom en polvo 100g, tienda de kratom online, kratom verde envío rápido","formato estándar, análisis prolongado, documentación botánica, polvo vegetal verde, colección técnica, referencia etnográfica"
40,8050,"Kratom Tailandés Verde en polvo",variation,300g,"Kratom Tailandés Verde en polvo 300g","kratom-tailandes-verde-en-polvo-300g","Kratom Tailandés Verde 300g en Polvo | Formato Avanzado","Kratom Tailandés Verde en polvo 300g, formato avanzado para archivos botánicos amplios, estudios comparativos prolongados y documentación técnica. Material vegetal del sudeste asiático. Envío discreto en España.","Kratom Tailandés Verde en polvo 300g, formato avanzado para proyectos botánicos amplios, documentación repetida y estudios comparativos de larga duración. No destinado al consumo humano.","<h2>Formato 300g</h2>
El formato de 300g de Kratom Tailandés Verde en polvo está diseñado para proyectos que requieren continuidad prolongada dentro de un mismo lote. Su volumen permite desarrollar documentación técnica avanzada, realizar análisis comparativos de múltiples fases y construir archivos visuales extensos sin interrupciones.

Este material vegetal de Mitragyna speciosa, procedente del sudeste asiático, destaca por su color verde claro estable y su molienda fina, características especialmente útiles en estudios donde la coherencia cromática y la uniformidad visual son fundamentales.

<h2>Aplicación botánica</h2>
El formato 300g es adecuado para:
- archivos botánicos de largo recorrido,  
- documentación fotográfica repetida,  
- series comparativas amplias,  
- catálogos temáticos avanzados,  
- estudios etnográficos estructurados.  

Su cantidad ofrece suficiente material para mantener estabilidad visual durante todas las fases del proyecto.

<h2>Características del formato 300g</h2>
- Volumen amplio para estudios avanzados  
- Molienda fina y color uniforme  
- Alta coherencia entre sesiones de documentación  
- Procedencia del sudeste asiático  
- Ideal para archivos extensos  

<h2>Uso dentro de proyectos técnicos</h2>
Este gramaje permite desarrollar documentación detallada y continua, ideal para investigadores, colecciones avanzadas y archivos botánicos que requieren consistencia absoluta entre muestras.

<h2>Información importante</h2>
Este producto no está destinado al consumo humano ni a usos médicos o alimentarios. Su uso es exclusivamente documental y botánico.

<h2>FAQ – Preguntas frecuentes</h2>

<b>¿Para qué sirve el formato 300g?</b><br>
Para documentación avanzada, análisis comparativos prolongados y archivos botánicos extensos.

<b>¿Qué ventaja tiene frente a 100g?</b><br>
Permite mayor continuidad y un número superior de ciclos de documentación sin cambiar de lote.

<b>¿Es adecuado para proyectos profesionales?</b><br>
Sí, es un formato intermedio ideal antes de gramajes mayores como 500g o 1000g.

<b>¿La calidad cambia respecto a otros gramajes?</b><br>
Todos los gramajes provienen del mismo material vegetal y mantienen características idénticas.

<b>¿Cómo almacenarlo?</b><br>
En un lugar fresco y seco, protegido de la luz, para mantener su estabilidad visual.","kratom verde, thai verde, kratom 300g, archivo avanzado, material vegetal, polvo verde","kratom tailandes verde 300g","comprar kratom 300g, kratom verde tailandes españa, kratom en polvo 300g, archivo botánico avanzado, tienda de kratom online","formato avanzado, proyecto prolongado, documentación repetida, lote continuo, colección amplia, análisis técnico
"
41,8051,"Kratom Tailandés Verde en polvo",variation,500g,"Kratom Tailandés Verde en polvo 500g","kratom-tailandes-verde-en-polvo-500g","Kratom Tailandés Verde 500g en Polvo | Formato Profesional","Kratom Tailandés Verde en polvo 500g, formato profesional para archivos botánicos completos, proyectos comparativos extensos y documentación de largo plazo. Material vegetal del sudeste asiático. Envío discreto en España.","Kratom Tailandés Verde en polvo 500g, formato profesional diseñado para documentación botánica extensa, análisis comparativos de gran escala y archivos de referencia continuados. No destinado al consumo humano.","<h2>Formato 500g</h2>
El formato de 500g de Kratom Tailandés Verde en polvo está orientado a proyectos profesionales que requieren una gran cantidad del mismo lote para asegurar continuidad total durante largos periodos de documentación. Su volumen es adecuado para archivos botánicos completos, estudios comparativos extensos y series visuales amplias.

El material proviene del sudeste asiático y se obtiene de hojas secas de Mitragyna speciosa. Su molienda fina y color verde claro uniforme permiten desarrollar análisis visuales precisos y catálogos consistentes.

<h2>Aplicación botánica</h2>
500g es ideal para:
- archivos botánicos de gran escala,  
- documentación comparativa detallada,  
- estudios etnográficos avanzados,  
- proyectos educativos prolongados,  
- catálogos temáticos completos.  

Este formato proporciona suficiente material para numerosos ciclos técnicos sin necesidad de mezclar lotes distintos.

<h2>Características del formato 500g</h2>
- Volumen profesional para proyectos de gran profundidad  
- Molienda fina y color estable  
- Alta coherencia entre sesiones  
- Adecuado para archivos avanzados  
- Procedencia del sudeste asiático  

<h2>Uso dentro de proyectos técnicos</h2>
El formato 500g permite mantener la uniformidad absoluta en proyectos de larga duración, tanto para análisis descriptivos como para series fotográficas o comparativas. Es especialmente útil en instituciones educativas, colecciones botánicas avanzadas y laboratorios etnográficos.

<h2>Información importante</h2>
Este producto no está destinado al consumo humano ni a usos médicos o alimentarios. Su finalidad es exclusivamente documental y botánica.

<h2>FAQ – Preguntas frecuentes</h2>

<b>¿Para qué proyectos es adecuado el formato 500g?</b><br>
Para archivos botánicos completos, documentación comparativa avanzada y estudios prolongados.

<b>¿Qué lo diferencia del formato de 300g?</b><br>
500g ofrece mayor continuidad y permite desarrollar un número significativamente superior de ciclos de documentación.

<b>¿Sirve para instituciones o proyectos educativos?</b><br>
Sí, es uno de los formatos más utilizados en contextos profesionales.

<b>¿La calidad es la misma que en otros gramajes?</b><br>
Sí, todos los gramajes provienen del mismo material vegetal.

<b>¿Cómo debe almacenarse?</b><br>
En un lugar seco, fresco y protegido de la luz.","kratom verde, thai verde, kratom 500g, archivo profesional, material vegetal, polvo botánico","kratom tailandes verde 500g","comprar kratom 500g, kratom verde tailandes españa, kratom en polvo 500g, archivo botánico profesional, tienda de kratom online","formato profesional, proyecto avanzado, documentación extensa, lote continuo, archivo botánico completo, referencia técnica"
42,8048,"Kratom Tailandés Verde en polvo",variation,1000g,"Kratom Tailandés Verde en polvo 1000g","kratom-tailandes-verde-en-polvo-1000g","Kratom Tailandés Verde 1000g en Polvo | Gran Formato Profesional
","Kratom Tailandés Verde en polvo 1000g, gran formato para archivos botánicos completos, estudios profesionales y documentación prolongada. Material vegetal procedente del sudeste asiático. Envío discreto en España.","Kratom Tailandés Verde en polvo 1000g, gran formato profesional para archivos botánicos de gran escala, documentación repetida y análisis comparativos de larga duración. No destinado al consumo humano.","<h2>Formato 1000g</h2>
El formato de 1000g de Kratom Tailandés Verde en polvo está orientado a proyectos profesionales de máxima duración. Su gran volumen garantiza continuidad absoluta dentro de un mismo lote, lo que permite desarrollar documentación técnica extensa, archivos etnográficos completos y estudios comparativos de alta profundidad.

Procedente del sudeste asiático, este polvo de Mitragyna speciosa mantiene un color verde claro uniforme y una molienda fina, cualidades esenciales para análisis visuales consistentes y catálogos botánicos estructurados.

<h2>Aplicación botánica</h2>
Este formato es adecuado para:
- archivos botánicos completos de gran volumen,  
- documentación fotográfica prolongada,  
- análisis comparativos avanzados,  
- proyectos educativos institucionales,  
- catálogos y archivos temáticos de largo plazo.  

Su gran capacidad asegura continuidad técnica en todas las etapas del proyecto.

<h2>Características del formato 1000g</h2>
- Gran volumen para documentación profesional  
- Máxima estabilidad entre sesiones  
- Molienda fina y color uniforme  
- Procedencia del sudeste asiático  
- Ideal para archivos de referencia completos  

<h2>Uso dentro de proyectos de gran escala</h2>
Este formato permite desarrollar archivos extensos sin necesidad de mezclar lotes, lo que aporta coherencia visual y consistencia técnica en proyectos complejos y de larga duración.

<h2>Información importante</h2>
Este producto no está destinado al consumo humano ni a usos médicos o alimentarios. Su finalidad es exclusivamente documental y botánica.

<h2>FAQ – Preguntas frecuentes</h2>

<b>¿Para qué se recomienda el formato 1000g?</b><br>
Para proyectos profesionales que requieren un gran volumen de material del mismo lote.

<b>¿Qué ventaja tiene frente a 500g?</b><br>
Permite una continuidad mucho mayor y un número claramente superior de ciclos de documentación.

<b>¿Está pensado para instituciones?</b><br>
Sí, es el formato más adecuado para archivos académicos, etnográficos y botánicos de gran escala.

<b>¿La calidad es igual a la de otros gramajes?</b><br>
Sí, procede exactamente del mismo material vegetal.

<b>¿Cómo almacenarlo correctamente?</b><br>
En un lugar fresco, seco y protegido de la luz, para mantener la estabilidad visual.","kratom verde, thai verde, kratom 1000g, gran formato, archivo botánico, material vegetal","kratom tailandes verde 1000g
","comprar kratom 1kg, kratom verde tailandes españa, kratom en polvo 1000g, gran formato botánico, tienda de kratom online
","archivo maestro, gran escala, documentación extensa, lote uniforme, referencia botánica, proyecto de larga duración
"
43,8053,"Kratom Elefante Blanco en polvo",variable,,"Kratom Elefante Blanco en polvo","kratom-elefante-blanco-en-polvo
","Kratom Elefante Blanco en Polvo | Variedad Clásica de Hojas Claras
","Kratom Elefante Blanco en polvo, variedad de hoja clara apreciada en proyectos botánicos y documentación técnica. Material vegetal del sudeste asiático. Disponible en varios formatos. Envío discreto en España.","Kratom Elefante Blanco en polvo, variedad botánica de hoja clara procedente del sudeste asiático. Adecuada para archivos etnográficos, documentación visual y colecciones avanzadas. No destinada al consumo humano.
","<h2>Características principales</h2>
Kratom Elefante Blanco en polvo es una variedad botánica conocida por su color claro y su molienda fina, lo que facilita su uso en documentación visual, estudios comparativos y archivos etnográficos. Procede del sudeste asiático y se obtiene a partir de hojas secas de Mitragyna speciosa seleccionadas por su uniformidad cromática.

Esta variedad es habitual en proyectos de catalogación, análisis botánico estructurado y creación de referencias visuales estables dentro de colecciones temáticas.

<h2>Documentación botánica</h2>
El material vegetal se utiliza en registros descriptivos, series fotográficas, estudios comparativos y documentación técnica. Su color claro y textura homogénea permiten analizar variaciones entre lotes y elaborar archivos de referencia duraderos.

<h2>Uso en colecciones y archivos</h2>
Kratom Elefante Blanco en polvo es adecuado para colecciones privadas, proyectos educativos y archivos visuales que requieren consistencia. Su molienda fina facilita la manipulación, el fotografiado y la creación de fichas técnicas detalladas.

<h2>Ventajas de esta variedad</h2>
- Variedad de hoja clara reconocida en España  
- Textura fina y color uniforme  
- Ideal para documentación comparativa  
- Adecuada para estudios botánicos y etnográficos  
- Disponible en varios gramajes  
- Envío discreto dentro de España  

<h2>Aplicación botánica</h2>
Se utiliza para elaborar catálogos temáticos, estudios visuales, series técnicas y documentación prolongada, manteniendo coherencia dentro de la misma referencia vegetal.

<h2>Información importante</h2>
Este producto no está destinado al consumo humano ni a usos médicos o alimentarios. Su uso es exclusivamente botánico y documental.

<h2>FAQ – Preguntas frecuentes</h2>

<b>¿Qué es Kratom Elefante Blanco en el contexto botánico?</b><br>
Es un polvo vegetal de Mitragyna speciosa empleado en archivos visuales, catálogos descriptivos y estudios etnográficos.

<b>¿Para qué proyectos se utiliza?</b><br>
Para documentación comparativa, análisis visual, colecciones temáticas y estudios técnicos.

<b>¿Por qué elegir esta variedad?</b><br>
Por su color claro estable y su molienda fina, útiles para documentación precisa.

<b>¿Está destinada al consumo?</b><br>
No. Es un material puramente botánico.

<b>¿Cómo debe almacenarse?</b><br>
En un lugar fresco, seco y protegido de la luz.","kratom blanco, elefante blanco, kratom en polvo, material botánico, hoja clara, sudeste asiático","kratom elefante blanco","comprar kratom blanco, kratom elefante blanco españa, kratom en polvo blanco, tienda de kratom online, kratom blanco envío rápido","material vegetal, hoja clara pulverizada, archivo botánico, catálogo etnográfico, estudio descriptivo, variedad blanca"
44,14756,"Kratom Elefante Blanco en polvo",variation,25g,"Kratom Elefante Blanco en polvo 25g","kratom-elefante-blanco-en-polvo-25g
","Kratom Elefante Blanco 25g en Polvo | Formato de Muestra","Kratom Elefante Blanco en polvo 25g, formato de muestra ideal para microcolecciones, documentación inicial y estudios botánicos de referencia. Procedente del sudeste asiático. Envío discreto en España.","Kratom Elefante Blanco en polvo 25g, formato pequeño adecuado para documentación inicial, microcolecciones y análisis visuales básicos. No destinado al consumo humano.
","<h2>Formato 25g</h2>
El formato de 25g de Kratom Elefante Blanco en polvo es la opción ideal para obtener una primera referencia de esta variedad de hoja clara. Su tamaño reducido permite trabajar con microcolecciones, documentación inicial y análisis comparativos simples sin necesidad de adquirir un volumen mayor.

Procedente del sudeste asiático, este polvo vegetal destaca por su color claro estable y su molienda fina, lo que facilita la creación de registros fotográficos y fichas descriptivas básicas.

<h2>Aplicación botánica</h2>
Este formato es adecuado para:
- microcolecciones de referencia,  
- documentación preliminar,  
- análisis visuales simples,  
- series fotográficas iniciales,  
- catálogos botánicos compactos,  
- estudios etnográficos introductorios.  

<h2>Características del formato 25g</h2>
- Tamaño ideal para iniciación  
- Fácil de manejar y almacenar  
- Textura fina y uniforme  
- Procedencia del sudeste asiático  
- Adecuado para análisis de pequeña escala  

<h2>Uso dentro de colecciones pequeñas</h2>
25g ofrece suficiente material para varios registros visuales y descripciones preliminares, manteniendo estabilidad cromática y permitiendo comparaciones sencillas entre muestras relacionadas.

<h2>Información importante</h2>
Este producto no está destinado al consumo humano ni a usos médicos o alimentarios. Su uso es exclusivamente documental y botánico.

<h2>FAQ – Preguntas frecuentes</h2>

<b>¿Para qué sirve el formato 25g?</b><br>
Para documentación básica, microcolecciones y análisis visual inicial.

<b>¿Es adecuado para principiantes?</b><br>
Sí, es el formato más accesible para comenzar un archivo botánico.

<b>¿Qué diferencia tiene frente a 50g?</b><br>
50g permite un número mayor de registros; 25g está pensado para referencias iniciales.

<b>¿Se puede usar para fotos técnicas?</b><br>
Sí, es suficiente para varias series fotográficas pequeñas.

<b>¿Cómo debe almacenarse?</b><br>
En un lugar seco, sin exposición directa a la luz.","kratom blanco, elefante blanco, kratom en polvo, formato muestra, material vegetal, referencia botánica
","kratom elefante blanco 25g
","comprar kratom 25g, kratom blanco 25g españa, elefante blanco muestra, kratom en polvo 25g, tienda de kratom online
","formato muestra, microcolección, referencia pequeña, análisis inicial, catálogo botánico básico, lote de muestra"
45,8058,"Kratom Elefante Blanco en polvo",variation,50g,"Kratom Elefante Blanco en polvo 50g","kratom-elefante-blanco-en-polvo-50g
","Kratom Elefante Blanco 50g en Polvo | Formato Práctico
","Kratom Elefante Blanco en polvo 50g, formato práctico para documentación botánica continua, análisis visuales y archivos técnicos de tamaño medio. Material vegetal del sudeste asiático. Envío discreto en España.
","Kratom Elefante Blanco en polvo 50g, formato práctico ideal para documentación continua, series fotográficas y estudios botánicos de nivel medio. No destinado al consumo humano.","<h2>Formato 50g</h2>
El formato de 50g de Kratom Elefante Blanco en polvo es una opción equilibrada para quienes requieren un volumen suficiente para documentación continua sin llegar a un formato estándar. Su cantidad permite realizar series comparativas, registros fotográficos y fichas técnicas de varios niveles.

Procedente del sudeste asiático, este polvo vegetal se caracteriza por su color claro estable y su molienda fina, lo que facilita observaciones consistentes y material adecuado para documentación prolongada.

<h2>Aplicación botánica</h2>
50g es adecuado para:
- series fotográficas regulares,  
- fichas descriptivas de nivel medio,  
- comparaciones entre múltiples muestras,  
- archivos botánicos compactos pero continuos,  
- estudios visuales repetidos dentro del mismo lote.  

<h2>Características del formato 50g</h2>
- Volumen práctico y versátil  
- Textura fina y homogénea  
- Permite documentación repetida  
- Ideal para análisis visual de nivel medio  
- Procedencia del sudeste asiático  

<h2>Uso en archivos botánicos</h2>
Este formato proporciona material suficiente para proyectos de estudio continuos, manteniendo estabilidad visual y permitiendo desarrollar un archivo técnico ordenado y coherente.

<h2>Información importante</h2>
Este producto no está destinado al consumo humano ni a usos médicos o alimentarios. Su uso es exclusivamente botánico y documental.

<h2>FAQ – Preguntas frecuentes</h2>

<b>¿Por qué elegir el formato 50g?</b><br>
Porque permite documentación continua sin necesidad de adquirir un formato mayor.

<b>¿Para qué tipo de proyectos es adecuado?</b><br>
Para estudios comparativos, series fotográficas, catálogos botánicos y archivos visuales.

<b>¿Qué diferencia tiene respecto a 25g?</b><br>
50g ofrece más capacidad y permite realizar más ciclos de documentación.

<b>¿Es suficiente para proyectos educativos?</b><br>
Sí, es adecuado para prácticas, documentación académica y archivos técnicos.

<b>¿Cómo almacenarlo?</b><br>
En un lugar fresco, seco y protegido de la luz.","kratom blanco, elefante blanco, kratom en polvo, formato práctico, documentación botánica, material vegetal","kratom elefante blanco 50g","comprar kratom 50g, kratom blanco 50g españa, elefante blanco 50g, kratom en polvo 50g, tienda de kratom online
","formato práctico, documentación continua, registro botánico, análisis visual, lote estable, proyecto educativo
"
46,8055,"Kratom Elefante Blanco en polvo",variation,100g,"Kratom Elefante Blanco en polvo 100g","kratom-elefante-blanco-en-polvo-100g","Kratom Elefante Blanco 100g en Polvo | Formato Estándar Botánico
","Kratom Elefante Blanco en polvo 100g, formato estándar para documentación botánica estructurada, archivos de referencia y estudios comparativos. Material vegetal del sudeste asiático. Envío discreto en España.","Kratom Elefante Blanco en polvo 100g, formato estándar ideal para archivos botánicos medianos, estudios comparativos y documentación técnica organizada. No destinado al consumo humano.","<h2>Formato 100g</h2>
El formato de 100g de Kratom Elefante Blanco en polvo es el tamaño estándar para proyectos botánicos medianos y documentación organizada. Ofrece suficiente material para desarrollar fichas técnicas, estudios comparativos, series fotográficas y archivos visuales con continuidad dentro del mismo lote.

Procedente del sudeste asiático, este polvo de Mitragyna speciosa mantiene un color claro uniforme y una molienda fina, características esenciales para análisis visuales precisos y documentación estructurada.

<h2>Aplicación botánica</h2>
Este formato es adecuado para:
- estudios comparativos de nivel medio,  
- archivos botánicos estructurados,  
- documentación fotográfica detallada,  
- catálogos temáticos,  
- proyectos educativos de duración media.  

<h2>Características del formato 100g</h2>
- Tamaño estándar para colecciones medianas  
- Color claro y textura fina  
- Ideal para documentación técnica organizada  
- Procedencia del sudeste asiático  
- Permite análisis comparativos consistentes  

<h2>Uso en archivos botánicos</h2>
100g ofrece un equilibrio óptimo entre volumen y manejo. Su cantidad facilita desarrollar archivos completos sin necesidad de adquirir formatos mayores, manteniendo coherencia visual a lo largo del proyecto.

<h2>Información importante</h2>
Este producto no está destinado al consumo humano ni a usos médicos o alimentarios. Su finalidad es únicamente botánica y documental.

<h2>FAQ – Preguntas frecuentes</h2>

<b>¿Para qué proyectos es adecuado el formato 100g?</b><br>
Para estudios comparativos, documentación estructurada y catálogos de nivel medio.

<b>¿Qué lo diferencia del formato 50g?</b><br>
100g permite realizar más ciclos de análisis y ampliar el archivo técnico.

<b>¿Es suficiente para proyectos educativos?</b><br>
Sí, es uno de los formatos más utilizados en archivos académicos.

<b>¿Permite elaborar series fotográficas completas?</b><br>
Sí, su volumen es ideal para documentación detallada y repetida.

<b>¿Cómo debe almacenarse?</b><br>
En un lugar seco, fresco y protegido de la luz.","kratom blanco, elefante blanco, kratom en polvo, formato estándar, catálogo botánico, material vegetal","kratom elefante blanco 100g","comprar kratom 100g, kratom blanco 100g españa, elefante blanco 100g, kratom en polvo 100g, tienda de kratom online
","formato estándar, colección mediana, referencia estable, archivo documental, estudio organizado, lote vegetal
"
47,8056,"Kratom Elefante Blanco en polvo",variation,250g,"Kratom Elefante Blanco en polvo 250g","kratom-elefante-blanco-en-polvo-250g
","Kratom Elefante Blanco 250g en Polvo | Formato Avanzado","Kratom Elefante Blanco en polvo 250g, formato avanzado para archivos botánicos amplios y documentación prolongada. Material vegetal del sudeste asiático. Envío discreto en España.","Kratom Elefante Blanco en polvo 250g, cantidad adecuada para archivos botánicos amplios, estudios prolongados y documentación comparativa de nivel avanzado. No destinado al consumo humano.
","<h2>Formato 250g</h2>
El formato de 250g de Kratom Elefante Blanco en polvo está pensado para proyectos botánicos avanzados que requieren continuidad a lo largo de varias etapas de documentación. Su volumen permite desarrollar archivos extensos, series fotográficas numerosas y estudios comparativos detallados sin cambiar de lote.

Procedente del sudeste asiático, este polvo de Mitragyna speciosa presenta un color claro uniforme y una molienda fina que favorece la coherencia visual y técnica en colecciones prolongadas.

<h2>Aplicación botánica</h2>
250g es adecuado para:
- archivos de referencia amplios,  
- estudios comparativos avanzados,  
- documentación visual prolongada,  
- catálogos temáticos de varios niveles,  
- proyectos educativos o técnicos de larga duración.  

<h2>Características del formato 250g</h2>
- Cantidad intermedia-avanzada para estudios completos  
- Molienda fina y color claro estable  
- Ideal para documentación prolongada  
- Procedencia del sudeste asiático  
- Ofrece continuidad entre múltiples sesiones técnicas  

<h2>Uso dentro de archivos botánicos</h2>
El formato de 250g garantiza una coherencia visual óptima en proyectos que requieren repetición, series fotográficas complejas y análisis botánicos detallados. Es una opción sólida entre los formatos estándar y los profesionales.

<h2>Información importante</h2>
Este producto no está destinado al consumo humano ni a usos médicos o alimentarios. Su finalidad es exclusivamente botánica y documental.

<h2>FAQ – Preguntas frecuentes</h2>

<b>¿Para qué sirve el formato 250g?</b><br>
Para proyectos avanzados que necesitan estabilidad durante varias fases de documentación.

<b>¿Qué lo diferencia de 100g?</b><br>
250g permite muchos más ciclos de análisis y una documentación prolongada sin cambiar de lote.

<b>¿Es adecuado para instituciones?</b><br>
Sí, especialmente para archivos educativos y colecciones temáticas.

<b>¿Puede emplearse en catálogos fotográficos?</b><br>
Sí, su volumen lo hace ideal para series extensas.

<b>¿Cómo almacenarlo?</b><br>
En un lugar fresco, seco y protegido de la luz.","kratom blanco, elefante blanco, kratom en polvo, formato avanzado, archivo botánico, material vegetal","kratom elefante blanco 250g","comprar kratom 250g, kratom blanco 250g españa, elefante blanco 250g, kratom en polvo 250g, tienda de kratom online
","formato avanzado, archivo amplio, proyecto prolongado, serie documental, análisis botánico profundo, lote constante"
48,8771,"Hulu Rojo Pastillas de Kratom",variable,,"Hulu Rojo Pastillas de Kratom
","hulu-rojo-pastillas-de-kratom
",Hulu Rojo Pastillas de Kratom | Variedad Roja en Formato de Pastillas,"Hulu Rojo Pastillas de Kratom, material botánico prensado para documentación técnica, estudios comparativos y archivos organizados. Procedente del sudeste asiático. Disponible en varios gramajes.","Hulu Rojo Pastillas de Kratom, material botánico prensado ideal para documentación comparativa, análisis visual y colecciones organizadas. No destinado al consumo humano.","<h2>Características principales</h2>
Hulu Rojo Pastillas de Kratom es un material botánico procedente del sudeste asiático, presentado en forma de pastillas compactadas. Esta presentación facilita la manipulación, clasificación y almacenamiento dentro de archivos botánicos y proyectos etnográficos.

La variedad Hulu Roja es conocida por su tonalidad intensa y su estructura homogénea, lo que permite elaborar documentación visual consistente y estudios comparativos entre muestras.

<h2>Documentación botánica</h2>
Las pastillas compactadas resultan especialmente útiles para:
- clasificación temática,  
- análisis visual repetido,  
- creación de archivos ordenados,  
- estudios comparativos entre lotes,  
- documentación fotográfica estructurada.  

Su forma uniforme facilita la elaboración de fichas técnicas y archivos visuales en los que la continuidad estructural es importante.

<h2>Uso en colecciones y archivos</h2>
La presentación en pastillas permite mantener la estabilidad visual del material y favorece su manejo en proyectos educativos, etnográficos y botánicos. Es una opción práctica para colecciones privadas y archivos institucionales.

<h2>Ventajas del formato en pastillas</h2>
- Material prensado fácil de manipular  
- Adecuado para documentación comparativa  
- Ideal para series fotográficas estructuradas  
- Facilita catalogación y almacenamiento  
- Disponible en varios gramajes  

<h2>Información importante</h2>
Este producto no está destinado al consumo humano, ni a usos alimentarios o médicos. Su finalidad es exclusivamente botánica y documental.

<h2>FAQ – Preguntas frecuentes</h2>

<b>¿Qué son las pastillas de Kratom en este contexto?</b><br>
Son unidades compactadas de material vegetal destinadas a documentación técnica y estudios visuales.

<b>¿Para qué proyectos se utilizan?</b><br>
Para análisis comparativos, catálogos botánicos, archivos etnográficos y documentación estructurada.

<b>¿En qué se diferencian del polvo?</b><br>
Las pastillas ofrecen un formato más estable, fácil de manipular y de registrar visualmente.

<b>¿Requieren condiciones especiales de almacenamiento?</b><br>
Solo un entorno seco y protegido de la luz.

<b>¿Pueden utilizarse en instituciones educativas?</b><br>
Sí, su formato facilita la clasificación y documentación organizada.","hulu rojo, kratom rojo, pastillas de kratom, material botánico, archivo botánico, estudio comparativo","hulu rojo pastillas de kratom","comprar kratom rojo, pastillas kratom hulu rojo, kratom rojo españa, material botánico prensado, tienda de kratom online
","formato prensado, archivo etnográfico, clasificación botánica, serie comparativa, documentación estructurada
"
49,11209,"Hulu Rojo Pastillas de Kratom",variation,50g,Hulu Rojo Pastillas de Kratom 50g,hulu-rojo-pastillas-de-kratom-50g,Hulu Rojo Pastillas de Kratom 50g | Formato Práctico para Documentación,"Hulu Rojo Pastillas de Kratom 50g, formato práctico para documentación comparativa, análisis visual repetido y archivos botánicos de tamaño medio. Material vegetal prensado del sudeste asiático. Envío discreto en España.","Hulu Rojo Pastillas de Kratom 50g, cantidad práctica para estudios comparativos, archivos botánicos organizados y documentación regular. No destinado al consumo humano.","<h2>Formato 50g</h2>
El formato de 50g de Hulu Rojo Pastillas de Kratom es una opción equilibrada para proyectos botánicos que requieren material suficiente para documentación continua y análisis visual recurrente. Su presentación en pastillas prensadas facilita la manipulación, clasificación y almacenamiento dentro de archivos técnicos.

El material procede del sudeste asiático y conserva la tonalidad roja característica de la variedad Hulu, junto con una compactación uniforme que resulta ideal para fotografías técnicas, descripciones comparativas y series documentales.

<h2>Aplicación botánica</h2>
El formato 50g es adecuado para:
- análisis comparativos regulares,  
- creación de fichas descriptivas,  
- series fotográficas organizadas,  
- documentación técnica de nivel medio,  
- archivos botánicos de tamaño intermedio.  

<h2>Características del formato 50g</h2>
- Volumen práctico para documentación continua  
- Pastillas compactas de fácil manejo  
- Color rojo estable y homogéneo  
- Ideal para series comparativas  
- Procedencia del sudeste asiático  

<h2>Uso dentro de archivos botánicos</h2>
Este formato ofrece suficiente material para varias sesiones técnicas sin necesidad de recurrir a un formato mayor. Permite generar un archivo coherente, mantener criterios visuales uniformes y desarrollar documentación ordenada.

<h2>Información importante</h2>
Este producto no está destinado al consumo humano ni a usos médicos o alimentarios. Su uso es exclusivamente etnobotánico y documental.

<h2>FAQ – Preguntas frecuentes</h2>

<b>¿Por qué elegir el formato 50g?</b><br>
Porque permite documentar, comparar y clasificar sin limitaciones propias de un formato pequeño.

<b>¿Para qué proyectos es adecuado?</b><br>
Para archivos de referencia, estudios comparativos, catálogos botánicos y proyectos visuales estructurados.

<b>¿Qué diferencia tiene respecto a 5g?</b><br>
Ofrece volumen suficiente para repetición técnica y series fotográficas amplias.

<b>¿Facilita la creación de catálogos?</b><br>
Sí, la presentación en pastillas es especialmente útil para colecciones ordenadas.

<b>¿Cómo almacenarlo?</b><br>
En un lugar fresco, seco y sin exposición directa a la luz.","hulu rojo, kratom rojo, pastillas kratom, formato práctico, documentación botánica, material vegetal prensado",hulu rojo pastillas 50g,"comprar kratom 50g, pastillas kratom 50g, hulu rojo 50g, kratom rojo españa, tienda de kratom online","formato práctico, documentación continua, archivo botánico, análisis visual, lote prensado, referencia técnica"
50,11210,"Hulu Rojo Pastillas de Kratom",variation,100g,Hulu Rojo Pastillas de Kratom 100g,hulu-rojo-pastillas-de-kratom-100g,Hulu Rojo Pastillas de Kratom 100g | Formato Amplio para Documentación Técnica,"Hulu Rojo Pastillas de Kratom 100g, formato amplio para archivos botánicos avanzados, estudios comparativos completos y documentación visual estructurada. Material vegetal prensado del sudeste asiático. Envío discreto en España.","Hulu Rojo Pastillas de Kratom 100g, formato amplio ideal para documentación avanzada, estudios comparativos extensos y archivos botánicos completos. No destinado al consumo humano.","<h2>Formato 100g</h2>
El formato de 100g de Hulu Rojo Pastillas de Kratom está diseñado para proyectos botánicos que requieren continuidad, estabilidad visual y capacidad para desarrollar documentación técnica extensa. Su presentación en pastillas prensadas facilita el trabajo sistemático, la clasificación precisa y el almacenamiento ordenado dentro de archivos profesionales.

Procedente del sudeste asiático, este material vegetal preserva la tonalidad roja característica de la variedad Hulu, manteniendo una compresión uniforme ideal para capturas visuales repetidas, análisis comparativos complejos y proyectos de larga duración.

<h2>Aplicación botánica</h2>
El formato 100g es adecuado para:
- estudios comparativos extensos,  
- documentación técnica avanzada,  
- archivos botánicos completos,  
- catálogos de referencia de gran volumen,  
- proyectos visuales de largo plazo.  

<h2>Características del formato 100g</h2>
- Volumen amplio para proyectos avanzados  
- Pastillas compactas y homogéneas  
- Estabilidad visual para documentación repetida  
- Ideal para archivos completos y catálogos extensos  
- Procedencia del sudeste asiático  

<h2>Uso dentro de archivos botánicos</h2>
100g permite mantener una línea documental coherente a lo largo de numerosas sesiones técnicas. Es un formato ideal para instituciones, estudios etnográficos, colecciones avanzadas y proyectos que requieren estabilidad absoluta del lote.

<h2>Información importante</h2>
Este producto no está destinado al consumo humano ni a usos médicos o alimentarios. Su finalidad es exclusivamente documental y botánica.

<h2>FAQ – Preguntas frecuentes</h2>

<b>¿Para qué sirve el formato 100g?</b><br>
Para documentación avanzada, estudios prolongados y creación de archivos botánicos completos.

<b>¿Qué lo diferencia del formato 50g?</b><br>
Ofrece mayor continuidad, más capacidad comparativa y permite proyectos de largo recorrido sin necesidad de nuevos lotes.

<b>¿Es adecuado para instituciones o colecciones profesionales?</b><br>
Sí, es un formato pensado precisamente para archivos de gran escala.

<b>¿Cuánta documentación puede generarse?</b><br>
Suficiente para múltiples ciclos técnicos, series fotográficas amplias y catálogos de referencia completos.

<b>¿Cómo almacenarlo?</b><br>
En un entorno fresco, seco y alejado de la luz directa para preservar su estabilidad.","hulu rojo, kratom rojo, pastillas kratom, formato amplio, archivo botánico, material vegetal prensado","hulu rojo pastillas 100g
","comprar kratom 100g, pastillas kratom 100g, hulu rojo 100g, kratom rojo españa, tienda de kratom online, formato grande kratom
","documentación avanzada, archivo completo, proyecto largo, estudio comparativo profundo, lote prensado, referencia botánica profesional
"
51,8059,"Kratom Sumatra Verde en polvo
",variable,,Kratom Sumatra Verde en polvo,kratom-sumatra-verde-en-polvo,Kratom Sumatra Verde en Polvo | Material Botánico del Sudeste Asiático,"Kratom Sumatra Verde en polvo, material vegetal de origen del sudeste asiático destinado a documentación botánica, estudios etnográficos y archivos visuales estructurados. Disponible en múltiples gramajes. Envío discreto en España.","Kratom Sumatra Verde en polvo, material vegetal procedente del sudeste asiático destinado a archivos botánicos, documentación técnica y estudios comparativos. No destinado al consumo humano.","<h2>Descripción general</h2>
Kratom Sumatra Verde en polvo es un material vegetal procedente de la región de Sumatra, conocido por su color verde estable y su molienda fina, adecuada para documentación botánica, análisis comparativos y proyectos etnográficos. Su uniformidad permite trabajar con series fotográficas, archivos temáticos y estudios prolongados manteniendo coherencia visual entre sesiones.

La presentación en polvo facilita la clasificación, el almacenamiento y la creación de catálogos de referencia utilizados en contextos educativos, institucionales o archivísticos.

<h2>Aplicación botánica</h2>
Este producto se utiliza en:
- documentación visual estructurada,  
- archivos botánicos temáticos,  
- estudios comparativos de muestras vegetales,  
- proyectos educativos y etnográficos,  
- catálogos de referencia de largo plazo.  

<h2>Gramajes disponibles</h2>
Sumatra Verde en polvo está disponible en varios tamaños para adaptarse a las necesidades del proyecto:
- 25g – formato básico para muestras iniciales,  
- 50g – documentación parcial,  
- 100g – estudios de mediana duración,  
- 300g – catálogos avanzados,  
- 500g – proyectos extensos,  
- 1000g – archivos completos y documentación prolongada.

<h2>Características del material</h2>
- Color verde uniforme  
- Textura fina apta para documentación detallada  
- Procedencia del sudeste asiático  
- Estabilidad visual entre sesiones  
- Adecuado para archivos y estudios prolongados  

<h2>Uso en archivos y documentación</h2>
La variedad Sumatra Verde ofrece continuidad y estabilidad, lo que la convierte en una referencia adecuada para proyectos de largo recorrido, comparaciones interlote y colecciones botánicas extensas.

<h2>Información importante</h2>
Este producto no está destinado al consumo humano ni a usos médicos o alimentarios. Su uso es exclusivamente documental y botánico.

<h2>FAQ – Preguntas frecuentes</h2>

<b>¿Qué caracteriza a Sumatra Verde?</b><br>
Su molienda fina y tono verde estable, adecuados para documentación comparativa y archivos visuales.

<b>¿Qué gramaje es mejor para proyectos grandes?</b><br>
Los formatos 500g y 1000g permiten mantener coherencia dentro del mismo lote.

<b>¿Es adecuado para instituciones?</b><br>
Sí, es un material vegetal utilizado en contextos académicos, archivísticos y educativos.

<b>¿Cómo almacenarlo?</b><br>
En un entorno seco, fresco y protegido de la luz directa para mantener su estabilidad visual.","kratom verde, sumatra verde, kratom en polvo, material vegetal, archivo botánico, documentación etnográfica","kratom sumatra verde
","comprar kratom sumatra verde, kratom verde en polvo, sumatra green powder, kratom españa envío rápido, tienda de kratom online","material botánico, colección vegetal, archivo comparativo, estudio etnográfico, muestra verde, referencia documental
"
52,14764,"Kratom Sumatra Verde en polvo
",variation,25g,"Kratom Sumatra Verde en polvo 25g
","Sumatra Verde Polvo de Kratom 25g","Sumatra Verde 25g en Polvo | Muestra Botánica Inicial","Sumatra Verde en polvo 25g, formato inicial para documentación botánica, muestras comparativas y proyectos educativos. Material vegetal del sudeste asiático. Envío discreto en España.","Sumatra Verde en polvo 25g, formato básico adecuado para muestras botánicas iniciales, documentación ligera y proyectos educativos. No destinado al consumo humano.","<h2>Formato 25g</h2>
El formato de 25g de Sumatra Verde en polvo es la presentación ideal para muestras botánicas iniciales, ensayos visuales, documentación preliminar y pequeños archivos comparativos. Su tamaño compacto permite trabajar con una referencia vegetal auténtica sin requerir grandes volúmenes de almacenamiento.

Con origen en el sudeste asiático, este polvo vegetal de Mitragyna speciosa mantiene un color verde uniforme y una molienda fina, características adecuadas para registros fotográficos detallados y catálogos introductorios.

<h2>Aplicación botánica</h2>
25g es adecuado para:
- muestras botánicas de ensayo,  
- documentación visual ligera,  
- pequeños catálogos comparativos,  
- proyectos educativos,  
- análisis iniciales de color y textura.  

<h2>Características del formato 25g</h2>
- Tamaño compacto y manejable  
- Ideal para documentación preliminar  
- Textura fina y color estable  
- Procedencia del sudeste asiático  
- Adecuado para estudios educativos y comparativos básicos  

<h2>Uso en archivos botánicos</h2>
Este formato permite realizar pruebas técnicas, documentar características básicas de la muestra y establecer la base para proyectos más amplios. Es una opción óptima cuando se requiere una muestra representativa sin necesidad de formatos mayores.

<h2>Información importante</h2>
Este producto no está destinado al consumo humano ni a usos médicos o alimentarios. Su uso es exclusivamente botánico y documental.

<h2>FAQ – Preguntas frecuentes</h2>

<b>¿Para qué sirve el formato 25g?</b><br>
Para pruebas iniciales, documentación básica y muestras de referencia.

<b>¿Es suficiente para un catálogo pequeño?</b><br>
Sí, permite generar series fotográficas reducidas y análisis comparativos introductorios.

<b>¿Qué lo diferencia de 50g?</b><br>
50g permite proyectos más amplios, mientras que 25g está pensado para documentación ligera.

<b>¿Puede utilizarse en instituciones educativas?</b><br>
Sí, es un formato especialmente adecuado para actividades formativas.

<b>¿Cómo almacenarlo?</b><br>
En un lugar fresco, seco y alejado de la luz directa para mantener su estabilidad visual.","sumatra verde, kratom verde, kratom en polvo, muestra botánica, formato pequeño, material vegetal
","sumatra verde 25g","comprar kratom 25g, sumatra verde muestra, kratom verde pequeño formato, kratom españa envío rápido, tienda kratom online","muestra inicial, ensayo botánico, registro básico, estudio introductorio, referencia compacta
"
53,8064,"Kratom Sumatra Verde en polvo
",variation,50g,"Sumatra Verde Polvo de Kratom 50g",sumatra-verde-polvo-de-kratom-50g,Sumatra Verde 50g en Polvo | Formato para Documentación Continua,"Sumatra Verde en polvo 50g, formato adecuado para documentación continua, catálogos comparativos y archivos botánicos de pequeña escala. Material vegetal procedente del sudeste asiático.","Sumatra Verde en polvo 50g, formato equilibrado para documentación continua, muestras comparativas y archivos botánicos de pequeña escala. No destinado al consumo humano.","<h2>Formato 50g</h2>
El formato de 50g de Sumatra Verde en polvo es una opción equilibrada para proyectos botánicos que requieren mayor continuidad que una muestra básica. Su volumen permite elaborar series comparativas, catálogos pequeños y documentación de varias sesiones técnicas manteniendo un mismo lote vegetal.

Originado en el sudeste asiático, este polvo de Mitragyna speciosa presenta un color verde estable y una molienda fina que facilita capturas visuales detalladas, análisis morfológicos y estudios comparativos de pequeñas colecciones.

<h2>Aplicación botánica</h2>
50g es adecuado para:
- documentación continua,  
- pequeños archivos botánicos,  
- estudios comparativos de varias muestras,  
- catálogos educativos,  
- análisis visuales repetidos.  

<h2>Características del formato 50g</h2>
- Volumen equilibrado para documentación continua  
- Textura fina y uniforme  
- Color verde estable  
- Procedencia del sudeste asiático  
- Ideal para catálogos y muestras de estudio  

<h2>Uso en proyectos técnicos</h2>
Este formato es óptimo para proyectos que requieren cierta estabilidad documental sin necesidad de formatos mayores como 100g o 300g. Permite mantener coherencia visual y desarrollar registros botánicos de forma ordenada y sistemática.

<h2>Información importante</h2>
Este producto no está destinado al consumo humano ni a usos médicos o alimentarios. Su uso es exclusivamente botánico y documental.

<h2>FAQ – Preguntas frecuentes</h2>

<b>¿Para qué se utiliza el formato 50g?</b><br>
Para documentación continua, estudios comparativos y pequeños archivos de referencia.

<b>¿En qué se diferencia de 25g?</b><br>
Ofrece el doble de capacidad, permitiendo mayor continuidad y más sesiones de documentación.

<b>¿Es adecuado para proyectos educativos?</b><br>
Sí, es uno de los formatos más prácticos para actividades formativas y de archivo.

<b>¿Permite generar series fotográficas completas?</b><br>
Sí, su volumen facilita la producción de múltiples registros visuales.

<b>¿Cómo almacenarlo?</b><br>
En un lugar seco, fresco y protegido de la luz para preservar su estabilidad.","sumatra verde, kratom verde, kratom en polvo, archivo botánico, formato medio, material vegetal",sumatra verde 50g,"comprar kratom 50g, sumatra verde polvo 50g, kratom verde formato medio, kratom españa online, tienda kratom envío rápido","documentación continua, muestra de estudio, catálogo pequeño, registro visual, archivo básico ampliado"
54,8061,"Kratom Sumatra Verde en polvo
",variation,100g,Sumatra Verde Polvo de Kratom 100g,sumatra-verde-polvo-de-kratom-100g,Sumatra Verde 100g en Polvo | Formato para Estudios Prolongados,"Sumatra Verde en polvo 100g, formato diseñado para estudios prolongados, archivos botánicos avanzados y documentación comparativa de varias fases. Material vegetal del sudeste asiático.","Sumatra Verde en polvo 100g, formato adecuado para estudios prolongados, documentación avanzada y archivos botánicos de referencia. No destinado al consumo humano.","<h2>Formato 100g</h2>
El formato de 100g de Sumatra Verde en polvo está pensado para proyectos botánicos que requieren una cantidad suficiente para desarrollar documentación prolongada, series comparativas amplias y estudios técnicos de varias fases. Este volumen permite mantener continuidad dentro de un mismo lote, lo que garantiza coherencia visual en proyectos de mediana escala.

Procedente del sudeste asiático, este material vegetal de Mitragyna speciosa destaca por su textura fina y color verde uniforme, facilitando capturas fotográficas detalladas, análisis morfológicos y catálogos de referencia completos.

<h2>Aplicación botánica</h2>
100g es adecuado para:
- estudios prolongados,  
- documentación técnica avanzada,  
- archivos botánicos de referencia,  
- catálogos comparativos de varias muestras,  
- proyectos educativos de largo plazo.  

<h2>Características del formato 100g</h2>
- Cantidad suficiente para estudios de mediana escala  
- Textura fina ideal para análisis visual  
- Color verde estable y homogéneo  
- Procedencia del sudeste asiático  
- Adecuado para documentación técnica y académica  

<h2>Uso en proyectos avanzados</h2>
Este formato permite crear catálogos más completos, realizar análisis comparativos profundos y mantener estabilidad a lo largo de varias sesiones técnicas, sin necesidad de recurrir a gramajes mayores hasta etapas profesionales del proyecto.

<h2>Información importante</h2>
Este producto no está destinado al consumo humano ni a usos médicos o alimentarios. Su uso es exclusivamente documental y botánico.

<h2>FAQ – Preguntas frecuentes</h2>

<b>¿Para qué tipo de proyectos se recomienda 100g?</b><br>
Para estudios prolongados, documentación avanzada y archivos botánicos estables.

<b>¿Qué lo diferencia de 50g?</b><br>
El formato 100g ofrece más continuidad documental y permite realizar un número significativamente mayor de registros.

<b>¿Es adecuado para instituciones académicas?</b><br>
Sí, es un formato versátil y muy utilizado en contextos educativos y técnicos.

<b>¿Cuánta documentación puede generarse?</b><br>
Suficiente para estudios comparativos amplios y catálogos de referencia completos.

<b>¿Cómo debe almacenarse?</b><br>
En un lugar seco, fresco y alejado de la luz directa para mantener su estabilidad visual.","sumatra verde, kratom verde, kratom en polvo, archivo botánico, formato avanzado, material vegetal",sumatra verde 100g,"comprar kratom 100g, sumatra verde polvo 100g, kratom verde archivo, kratom españa online, tienda kratom formatos grandes","documentación prolongada, archivo de referencia, estudio visual avanzado, lote estable, análisis comparativo"
55,8062,"Kratom Sumatra Verde en polvo
",variation,300g,Sumatra Verde Polvo de Kratom 300g,sumatra-verde-polvo-de-kratom-300g,Sumatra Verde 300g en Polvo | Formato para Documentación Avanzada,"Sumatra Verde en polvo 300g, formato avanzado para documentación botánica extensa, estudios comparativos de largo plazo y archivos técnicos completos. Material vegetal procedente del sudeste asiático.","Sumatra Verde en polvo 300g, formato avanzado adecuado para documentación extensa, estudios comparativos amplios y archivos botánicos de larga duración. No destinado al consumo humano.","<h2>Formato 300g</h2>
El formato de 300g de Sumatra Verde en polvo está diseñado para proyectos botánicos avanzados que requieren una cantidad considerable del mismo lote para asegurar coherencia visual y continuidad técnica. Es un formato ideal para documentación prolongada, estudios comparativos de gran alcance y archivos botánicos estructurados que requieren estabilidad entre sesiones.

Este polvo vegetal de Mitragyna speciosa, originario del sudeste asiático, destaca por su tono verde homogéneo y textura fina, lo que facilita la captura fotográfica precisa y el análisis morfológico repetido en documentación técnica de alto nivel.

<h2>Aplicación botánica</h2>
300g es adecuado para:
- archivos botánicos extensos,  
- estudios comparativos de largo plazo,  
- documentación avanzada,  
- proyectos etnográficos prolongados,  
- catálogos temáticos de varias fases.  

<h2>Características del formato 300g</h2>
- Cantidad amplia para proyectos avanzados  
- Textura fina para registros detallados  
- Color verde uniforme  
- Ideal para documentación prolongada  
- Procedencia del sudeste asiático  

<h2>Uso en archivos y documentación técnica</h2>
Este formato permite desarrollar líneas completas de archivo manteniendo un mismo lote en todas las fases del proyecto, lo que es esencial para análisis comparativos y estudios de coherencia visual. Es una opción intermedia entre los formatos de mediana escala y los orientados a uso profesional.

<h2>Información importante</h2>
Este producto no está destinado al consumo humano ni a usos médicos o alimentarios. Su uso es únicamente documental y botánico.

<h2>FAQ – Preguntas frecuentes</h2>

<b>¿Para qué sirve el formato 300g?</b><br>
Para documentación extensa, estudios comparativos avanzados y archivos botánicos estructurados.

<b>¿Qué diferencia tiene respecto a 100g?</b><br>
300g ofrece mucha mayor continuidad documental y permite un volumen de trabajo significativamente más amplio.

<b>¿Es adecuado para proyectos profesionales?</b><br>
Sí, es uno de los formatos recomendados para estudios avanzados y documentación seria.

<b>¿Cuánta documentación puede producirse?</b><br>
Suficiente para múltiples ciclos técnicos, catálogos extensos y archivos de referencia prolongados.

<b>¿Cómo almacenarlo correctamente?</b><br>
En un entorno fresco, seco y protegido de la luz para mantener estabilidad visual y estructural.","sumatra verde, kratom verde, kratom en polvo, formato avanzado, archivo botánico, material vegetal","sumatra verde 300g
","comprar kratom 300g, sumatra verde polvo 300g, kratom verde formato avanzado, tienda kratom españa, archivo botánico grande
","documentación extensa, proyecto prolongado, archivo avanzado, lote uniforme, análisis botánico profundo"
56,8063,"Kratom Sumatra Verde en polvo
",variation,500g,Sumatra Verde Polvo de Kratom 500g,sumatra-verde-polvo-de-kratom-500g,Sumatra Verde 500g en Polvo | Formato Profesional para Archivos Botánicos,"Sumatra Verde en polvo 500g, formato profesional para archivos botánicos completos, documentación prolongada y estudios comparativos de gran alcance. Material vegetal del sudeste asiático.","Sumatra Verde en polvo 500g, formato profesional adecuado para documentación prolongada, archivos completos y estudios comparativos avanzados. No destinado al consumo humano.","<h2>Formato 500g</h2>
El formato de 500g de Sumatra Verde en polvo está orientado a proyectos profesionales y archivos botánicos de largo recorrido. Su gran volumen permite mantener coherencia absoluta en todas las fases técnicas del proyecto, garantizando estabilidad visual y continuidad en estudios comparativos avanzados.

Procedente del sudeste asiático, este polvo vegetal de Mitragyna speciosa presenta un color verde uniforme y una molienda fina, cualidades esenciales para capturas visuales precisas, análisis estructurales repetidos y catalogación de alto nivel.

<h2>Aplicación botánica</h2>
500g es adecuado para:
- archivos botánicos completos,  
- documentación prolongada y estructurada,  
- estudios comparativos extensos,  
- proyectos educativos y técnicos de gran escala,  
- catálogos visuales profesionales.  

<h2>Características del formato 500g</h2>
- Volumen profesional para proyectos de largo plazo  
- Textura fina y estable  
- Color verde homogéneo  
- Adecuado para documentación avanzada  
- Procedencia del sudeste asiático  

<h2>Uso dentro de archivos profesionales</h2>
El formato 500g permite desarrollar numerosas sesiones técnicas sin necesidad de cambiar de lote, lo cual es clave para estudios comparativos complejos y documentación visual continua. Es una opción excelente para instituciones, laboratorios botánicos, colecciones avanzadas y proyectos académicos que requieren estabilidad documental.

<h2>Información importante</h2>
Este producto no está destinado al consumo humano ni a usos médicos o alimentarios. Su uso es exclusivamente documental y botánico.

<h2>FAQ – Preguntas frecuentes</h2>

<b>¿Para qué sirve el formato 500g?</b><br>
Para archivos completos, documentación profesional y estudios comparativos amplios.

<b>¿En qué se diferencia de 300g?</b><br>
500g permite trabajar durante mucho más tiempo sin necesidad de cambiar de lote, lo que mejora la consistencia de los registros.

<b>¿Es adecuado para instituciones y proyectos de investigación?</b><br>
Sí, es uno de los formatos más utilizados en proyectos botánicos avanzados.

<b>¿Cuánta documentación puede generarse?</b><br>
Suficiente para catálogos extensos, archivos completos y múltiples ciclos comparativos.

<b>¿Cómo debe almacenarse?</b><br>
En un espacio fresco, seco y aislado de la luz, asegurando estabilidad visual a largo plazo.","sumatra verde, kratom verde, kratom en polvo, formato profesional, archivo botánico, material vegetal",sumatra verde 500g,"comprar kratom 500g, sumatra verde polvo 500g, formato profesional kratom, kratom verde gran formato, tienda kratom online españa","archivo profesional, documentación prolongada, lote estable, catálogo avanzado, estudio botánico profundo"
57,8060,"Kratom Sumatra Verde en polvo
",variation,1000g,"Sumatra Verde Polvo de Kratom 1000g",sumatra-verde-polvo-de-kratom-1000g,Sumatra Verde 1000g en Polvo | Gran Formato para Archivos Completos,"Sumatra Verde en polvo 1000g, gran formato para archivos botánicos completos, estudios avanzados y documentación visual de larga duración. Procedencia del sudeste asiático.","Sumatra Verde en polvo 1000g, gran formato destinado a archivos botánicos completos, estudios amplios y catalogación prolongada. Producto no destinado al consumo humano.","<h2>Formato 1000g</h2>
El formato de 1000g de Sumatra Verde en polvo es la opción destinada a archivos botánicos completos y proyectos profesionales que requieren una gran continuidad dentro del mismo lote. Este volumen permite mantener una coherencia absoluta a lo largo de todas las fases técnicas, ideal para estudios comparativos extensos y documentación de alta precisión.

Proveniente del sudeste asiático, el polvo vegetal de Mitragyna speciosa presenta una textura fina y un color verde estable, características esenciales para generar material visual uniforme, análisis estructurados y catálogos temáticos avanzados.

<h2>Aplicación botánica</h2>
1000g es adecuado para:
- estudios comparativos extensos,  
- archivos botánicos completos,  
- documentación visual prolongada,  
- proyectos educativos de larga duración,  
- colecciones de referencia profesionales.

Es el formato más estable para investigadores y proyectos que requieren máxima continuidad entre muestras.

<h2>Características del formato 1000g</h2>
- Gran volumen para archivos completos  
- Máxima estabilidad entre sesiones técnicas  
- Color verde homogéneo  
- Textura fina y estable  
- Procedencia del sudeste asiático  

<h2>Uso profesional</h2>
El formato 1000g permite desarrollar numerosos ciclos técnicos sin necesidad de cambiar de lote. Esto lo convierte en la mejor opción para instituciones botánicas, laboratorios, estudios etnográficos y proyectos de análisis visual de gran escala.

<h2>Información importante</h2>
Este producto no está destinado al consumo humano ni a usos médicos o alimentarios. Su finalidad es exclusivamente botánica y documental.

<h2>FAQ – Preguntas frecuentes</h2>

<b>¿Para qué proyectos se recomienda el formato 1000g?</b><br>
Para archivos completos, estudios profesionales y documentación comparativa avanzada.

<b>¿Qué lo diferencia de 500g?</b><br>
1000g ofrece mucha más continuidad y permite desarrollar proyectos prolongados sin cambios de lote.

<b>¿Es adecuado para instituciones botánicas?</b><br>
Sí, es el formato más estable para documentación profesional.

<b>¿Cuánta documentación puede generarse?</b><br>
Suficiente para catálogos extensos, registros profundos y varias series comparativas completas.

<b>¿Cómo almacenarlo?</b><br>
En un espacio fresco, seco y protegido de la luz para conservar su estabilidad visual.","sumatra verde, kratom verde, kratom en polvo, gran formato, archivo botánico, material vegetal",sumatra verde 1000g,"comprar kratom 1kg, sumatra verde 1kg españa, kratom en polvo gran formato, tienda kratom online, kratom verde envío rápido","gran formato, archivo maestro, proyecto extenso, referencia completa, lote unificado, catalogación avanzada"
58,8287,Hulu Blanco Polvo de Kratom,variable,,Hulu Blanco Polvo de Kratom,hulu-blanco-polvo-de-kratom,Hulu Blanco en Polvo | Variedad Clásica para Documentación Botánica,"Hulu Blanco en polvo, variedad botánica procedente del sudeste asiático. Adecuada para estudios comparativos, documentación visual y colecciones etnobotánicas. Disponible en varios gramajes.","Hulu Blanco en polvo, material vegetal destinado a documentación botánica, estudios comparativos y archivos visuales. Producto no destinado al consumo humano.","<h2>Descripción general</h2>
Hulu Blanco en polvo es una variedad botánica procedente del sudeste asiático, muy utilizada en documentación visual, estudios comparativos y proyectos etnobotánicos. Su color claro estable y su molienda fina permiten elaborar registros detallados, fichas descriptivas y catálogos técnicos con alta coherencia visual.

El polvo se obtiene a partir de hojas secas seleccionadas de Mitragyna speciosa, procesadas para garantizar uniformidad cromática y estabilidad en archivos prolongados.

<h2>Aplicación botánica</h2>
El material vegetal Hulu Blanco se emplea habitualmente en:
- estudios etnográficos,  
- análisis comparativos entre variedades,  
- series fotográficas documentales,  
- catálogos botánicos temáticos,  
- proyectos educativos y de clasificación vegetal.

Su uniformidad facilita la observación de características visuales y diferencias entre lotes.

<h2>Características principales</h2>
- Color claro estable  
- Molienda fina y homogénea  
- Procedente del sudeste asiático  
- Adecuado para documentación visual y técnica  
- Disponible en una amplia gama de gramajes  

<h2>Uso en archivos y colecciones</h2>
Esta variedad es adecuada para archivos botánicos de diferentes tamaños, desde microcolecciones hasta catálogos avanzados que requieren continuidad del mismo lote para análisis técnicos repetidos.

<h2>Información importante</h2>
Este producto no está destinado al consumo humano ni a usos médicos o alimentarios. Su uso es exclusivamente documental y botánico.

<h2>FAQ – Preguntas frecuentes</h2>

<b>¿Qué es Hulu Blanco en el contexto botánico?</b><br>
Es polvo vegetal de Mitragyna speciosa utilizado para documentación, análisis visual y estudios etnobotánicos.

<b>¿Para qué se utiliza este material?</b><br>
Para catálogos botánicos, series comparativas, registros fotográficos y documentación educativa.

<b>¿Qué diferencias existen entre los gramajes?</b><br>
Únicamente la cantidad: los formatos pequeños sirven como muestra; los mayores permiten archivos prolongados.

<b>¿Es apto para consumo?</b><br>
No. Este producto está destinado únicamente a fines botánicos y documentales.

<b>¿Cómo debe almacenarse?</b><br>
En un lugar fresco y seco, protegido de la luz, para conservar la estabilidad visual del material.","hulu blanco, kratom blanco, kratom en polvo, material botánico, hoja seca, catálogo botánico","hulu blanco kratom","kratom blanco hulu, comprar hulu blanco, kratom en polvo blanco, tienda kratom online, hulu blanco variedad
","material vegetal, hoja pulverizada, estudio botánico, archivo etnográfico, variedad blanca, origen asiático"
59,14766,Hulu Blanco Polvo de Kratom,variation,25g,Hulu Blanco Polvo de Kratom 25g,hulu-blanco-polvo-de-kratom-25g,Hulu Blanco 25g en Polvo | Formato de Muestra Botánica,"Hulu Blanco en polvo 25g, formato de muestra ideal para documentación inicial, microcolecciones y registros botánicos básicos. Material vegetal del sudeste asiático.","Hulu Blanco en polvo 25g, formato pequeño adecuado para documentación botánica inicial, microcolecciones y estudios visuales básicos. No destinado al consumo humano.","<h2>Formato 25g</h2>
El formato de 25g de Hulu Blanco en polvo es la opción ideal para quienes buscan una muestra inicial de esta variedad sin adquirir grandes cantidades. Su tamaño compacto permite elaborar fichas descriptivas básicas, realizar comparaciones simples entre variedades y crear series fotográficas preliminares.

Procedente del sudeste asiático, este polvo vegetal de Mitragyna speciosa presenta una molienda fina y un color claro uniforme, lo cual facilita la observación visual y la documentación técnica en proyectos de pequeña escala.

<h2>Aplicación botánica</h2>
25g es adecuado para:
- microcolecciones,  
- documentación botánica inicial,  
- análisis visuales rápidos,  
- comparaciones básicas entre lotes,  
- catálogos temáticos compactos.

El formato permite trabajar con varias tomas fotográficas y pequeñas series de clasificación sin generar excedentes.

<h2>Características del formato 25g</h2>
- Ideal como muestra o referencia inicial  
- Fácil de almacenar y manejar  
- Color claro estable  
- Textura fina y homogénea  
- Procedente del sudeste asiático  

<h2>Uso en colecciones pequeñas</h2>
Este tamaño es especialmente útil para estudiantes, coleccionistas principiantes y proyectos educativos que requieren cantidades reducidas para documentación visual o clasificación botánica.

<h2>Información importante</h2>
Este producto no está destinado al consumo humano ni a usos médicos o alimentarios. Su uso es exclusivamente documental y botánico.

<h2>FAQ – Preguntas frecuentes</h2>

<b>¿Para qué sirve el formato 25g?</b><br>
Para documentación inicial, creación de fichas simples y comparaciones básicas entre muestras.

<b>¿Es adecuado para microcolecciones?</b><br>
Sí, es el formato más práctico para proyectos pequeños.

<b>¿Qué lo diferencia de 50g?</b><br>
25g es una muestra más compacta, ideal para referencia rápida.

<b>¿Permite realizar registros fotográficos?</b><br>
Sí, 25g es suficiente para varias capturas visuales básicas.

<b>¿Cómo debe almacenarse?</b><br>
En un lugar seco, fresco y alejado de la luz para conservar estabilidad visual.","hulu blanco, kratom blanco, formato muestra, kratom en polvo, material vegetal, referencia botánica",hulu blanco 25g,"comprar hulu blanco 25g, kratom blanco 25g españa, hulu blanco muestra, kratom en polvo blanco 25g, tienda de kratom online","formato muestra, microcolección, referencia pequeña, análisis inicial, catálogo botánico básico"
60,8293,Hulu Blanco Polvo de Kratom,variation,50g,Hulu Blanco Polvo de Kratom 50g,hulu-blanco-polvo-de-kratom-50g,Hulu Blanco 50g en Polvo | Formato Práctico para Documentación Botánica,"Hulu Blanco en polvo 50g, formato práctico para documentación continua, análisis visuales y proyectos botánicos de tamaño medio. Material vegetal del sudeste asiático.","Hulu Blanco en polvo 50g, formato práctico para documentación botánica regular, análisis comparativos y series visuales de nivel básico a intermedio. No destinado al consumo humano.","<h2>Formato 50g</h2>
El formato de 50g de Hulu Blanco en polvo es una opción práctica para coleccionistas y proyectos botánicos que requieren un volumen estable sin llegar a un gramaje avanzado. Es adecuado para varias sesiones de documentación, análisis comparativos simples y la creación de catálogos temáticos de tamaño medio.

Producido a partir de hojas secas de Mitragyna speciosa procedentes del sudeste asiático, este polvo presenta una molienda fina y un color claro homogéneo, facilitando registros visuales precisos y consistentes.

<h2>Aplicación botánica</h2>
50g es adecuado para:
- análisis visuales de nivel medio,  
- elaboración de fichas descriptivas continuadas,  
- series fotográficas regulares,  
- documentación comparativa entre muestras,  
- catálogos botánicos de tamaño intermedio.

<h2>Características del formato 50g</h2>
- Volumen práctico para varios ciclos de documentación  
- Color claro uniforme  
- Textura fina y estable  
- Procedente del sudeste asiático  
- Ideal para estudios visuales repetidos  

<h2>Uso en archivos botánicos</h2>
Este formato permite mantener continuidad entre sesiones sin cambiar de lote, lo que es especialmente útil en proyectos educativos, colecciones privadas y estudios comparativos ligeros.

<h2>Información importante</h2>
Este producto no está destinado al consumo humano ni a usos médicos o alimentarios. Su uso es exclusivamente documental y botánico.

<h2>FAQ – Preguntas frecuentes</h2>

<b>¿Por qué elegir el formato 50g?</b><br>
Porque ofrece suficiente material para documentación continua sin adquirir un gramaje mayor.

<b>¿Es adecuado para estudios comparativos?</b><br>
Sí, permite realizar comparaciones entre muestras y capturas visuales repetidas.

<b>¿En qué se diferencia del formato 25g?</b><br>
50g ofrece mayor continuidad y permite más sesiones de análisis.

<b>¿Cuánto material visual se puede generar?</b><br>
Suficiente para series fotográficas y fichas descriptivas de nivel básico e intermedio.

<b>¿Cómo se recomienda almacenarlo?</b><br>
En un lugar fresco, seco y protegido de la luz para preservar su estabilidad visual.","hulu blanco, kratom blanco, formato práctico, kratom en polvo, documentación botánica, material vegetal",hulu blanco 50g,"comprar hulu blanco 50g, kratom blanco 50g españa, hulu blanco kratom formato práctico, kratom en polvo blanco 50g, tienda de kratom online","formato práctico, documentación continua, registro botánico, análisis visual, lote estable"
61,8290,Hulu Blanco Polvo de Kratom,variation,100g,Hulu Blanco Polvo de Kratom 100g,hulu-blanco-polvo-de-kratom-100g,Hulu Blanco 100g en Polvo | Formato Estándar para Estudios Botánicos,"Hulu Blanco en polvo 100g, formato estándar para documentación estructurada, estudios comparativos y catálogos botánicos de nivel medio. Material vegetal del sudeste asiático.","Hulu Blanco en polvo 100g, formato estándar ideal para documentación organizada, estudios botánicos comparativos y archivos de referencia de duración media. No destinado al consumo humano.","<h2>Formato 100g</h2>
El formato de 100g de Hulu Blanco en polvo es uno de los más utilizados en documentación botánica por su equilibrio entre volumen y manejabilidad. Ofrece suficiente material para desarrollar estudios comparativos de varios niveles, elaborar series fotográficas estructuradas y mantener un archivo visual coherente durante proyectos de duración media.

Procedente del sudeste asiático, este polvo vegetal de Mitragyna speciosa presenta una textura fina y un color claro uniforme, características esenciales para análisis visuales detallados y documentación de calidad técnica.

<h2>Aplicación botánica</h2>
100g es adecuado para:
- estudios comparativos organizados,  
- elaboración de fichas descriptivas estructuradas,  
- documentación técnica prolongada,  
- observación visual detallada de variaciones entre muestras,  
- catálogos temáticos de tamaño medio.

<h2>Características del formato 100g</h2>
- Tamaño estándar para colecciones medianas  
- Textura fina y color claro estable  
- Ideal para análisis comparativos de varios niveles  
- Permite documentación continua de duración media  
- Procedencia del sudeste asiático  

<h2>Uso dentro de archivos botánicos</h2>
Este formato es adecuado para investigadores, instituciones educativas y colecciones privadas que requieren un volumen suficiente para desarrollar proyectos estructurados sin necesidad de gramajes avanzados.

<h2>Información importante</h2>
Este producto no está destinado al consumo humano ni a usos médicos o alimentarios. Su uso es exclusivamente documental y botánico.

<h2>FAQ – Preguntas frecuentes</h2>

<b>¿Para qué proyectos se recomienda el formato 100g?</b><br>
Para documentación organizada, colecciones medianas y estudios comparativos de nivel intermedio.

<b>¿Qué lo diferencia de 50g?</b><br>
100g permite más sesiones técnicas y mayor continuidad en el análisis.

<b>¿Es adecuado para archivos temáticos?</b><br>
Sí, es uno de los formatos más empleados en catálogos botánicos de tamaño medio.

<b>¿Cuánta documentación puede generarse?</b><br>
Suficiente para varios ciclos de registros técnicos y series comparativas.

<b>¿Cómo debe almacenarse?</b><br>
En un espacio fresco, seco y sin exposición directa a la luz para mantener estabilidad visual.","hulu blanco, kratom blanco, formato estándar, kratom en polvo, catálogo botánico, material vegetal",hulu blanco 100g,"comprar hulu blanco 100g, kratom blanco 100g españa, hulu blanco kratom 100g, kratom en polvo blanco formatos, tienda de kratom online","formato estándar, colección mediana, referencia estable, archivo documental, estudio organizado"
62,8291,Hulu Blanco Polvo de Kratom,variation,300g,Hulu Blanco Polvo de Kratom 300g,hulu-blanco-polvo-de-kratom-300g,Hulu Blanco 300g en Polvo | Formato Avanzado para Documentación Prolongada,"Hulu Blanco en polvo 300g, formato avanzado ideal para archivos botánicos amplios, estudios prolongados y documentación comparativa de varias etapas. Material vegetal del sudeste asiático.","Hulu Blanco en polvo 300g, cantidad adecuada para proyectos botánicos avanzados, documentación extensa y estudios comparativos de largo plazo. Producto no destinado al consumo humano.","<h2>Formato 300g</h2>
El formato de 300g de Hulu Blanco en polvo está diseñado para proyectos documentales avanzados que requieren continuidad en varias fases de análisis. Su volumen permite mantener estabilidad visual entre sesiones, facilitar comparaciones extensas y crear archivos botánicos de amplio alcance.

Proveniente del sudeste asiático, este polvo vegetal de Mitragyna speciosa destaca por su molienda fina y color claro estable, lo cual permite mantener criterios técnicos constantes en documentación prolongada y estudios de nivel avanzado.

<h2>Aplicación botánica</h2>
300g es adecuado para:
- registros fotográficos amplios,  
- archivos de referencia prolongados,  
- estudios comparativos complejos,  
- documentación técnica avanzada,  
- catálogos botánicos extensos.

<h2>Características del formato 300g</h2>
- Cantidad amplia para estudios avanzados  
- Textura fina y color homogéneo  
- Ideal para documentación prolongada  
- Procedencia del sudeste asiático  
- Permite mantener coherencia visual entre sesiones  

<h2>Uso dentro de archivos botánicos</h2>
Este formato facilita la elaboración de catálogos temáticos profundos, la comparación entre múltiples muestras y el desarrollo de archivos estructurados de largo recorrido. Es una opción intermedia entre formatos estándar y profesionales.

<h2>Información importante</h2>
Este producto no está destinado al consumo humano ni a usos médicos o alimentarios. Su finalidad es exclusivamente documental y botánica.

<h2>FAQ – Preguntas frecuentes</h2>

<b>¿Para qué sirve el formato 300g?</b><br>
Para documentación prolongada, estudios comparativos de nivel avanzado y proyectos que requieren estabilidad visual.

<b>¿Qué diferencia tiene respecto a 100g?</b><br>
300g permite más ciclos de trabajo y mayor continuidad dentro del mismo lote.

<b>¿Es adecuado para proyectos educativos técnicos?</b><br>
Sí, especialmente para módulos de larga duración o programas que requieren repetición técnica.

<b>¿Es necesario recurrir a 500g?</b><br>
Solo si se buscan capacidades profesionales aún más amplias.

<b>¿Cómo debe almacenarse?</b><br>
En un lugar fresco, seco y sin exposición directa a la luz para preservar su estabilidad visual.","hulu blanco, kratom blanco, formato avanzado, kratom en polvo, archivo botánico, material vegetal",hulu blanco 300g,"comprar hulu blanco 300g, kratom blanco 300g españa, hulu blanco formato avanzado, kratom en polvo blanco 300g, tienda de kratom online envío rápido","formato avanzado, archivo amplio, proyecto prolongado, serie documental, análisis botánico profundo"
63,8292,Hulu Blanco Polvo de Kratom,variation,500g,Hulu Blanco Polvo de Kratom 500g,hulu-blanco-polvo-de-kratom-500g,Hulu Blanco 500g en Polvo | Formato Profesional para Archivos Botánicos,"Hulu Blanco en polvo 500g, formato profesional para archivos botánicos extensos, documentación prolongada y estudios comparativos de alto nivel. Material vegetal del sudeste asiático.","Hulu Blanco en polvo 500g, formato profesional adecuado para estudios avanzados, documentación prolongada y archivos botánicos completos. Producto no destinado al consumo humano.","<h2>Formato 500g</h2>
El formato de 500g de Hulu Blanco en polvo está diseñado para proyectos botánicos de alto nivel que requieren continuidad amplia dentro de un mismo lote. Su volumen permite realizar documentación repetida, comparaciones técnicas de profundidad y archivos visuales extensos sin cambios de referencia.

Procedente del sudeste asiático, este polvo vegetal de Mitragyna speciosa presenta una molienda fina y un color claro homogéneo, lo que facilita mantener criterios técnicos constantes en estudios avanzados y catálogos profesionales.

<h2>Aplicación botánica</h2>
500g es adecuado para:
- archivos botánicos extensos,  
- estudios comparativos complejos,  
- documentación visual prolongada,  
- proyectos educativos avanzados,  
- catálogos temáticos de gran escala.

<h2>Características del formato 500g</h2>
- Volumen amplio para uso profesional  
- Textura fina y estable  
- Color claro uniforme  
- Ideal para documentación técnica repetida  
- Procedencia del sudeste asiático  

<h2>Uso dentro de proyectos profesionales</h2>
Este formato es una opción excelente para instituciones educativas, laboratorios botánicos, colecciones avanzadas y estudios etnográficos que requieren una referencia vegetal constante a lo largo de numerosos ciclos de análisis.

<h2>Información importante</h2>
Este producto no está destinado al consumo humano ni a usos médicos o alimentarios. Su uso es exclusivamente documental y botánico.

<h2>FAQ – Preguntas frecuentes</h2>

<b>¿Para qué sirve el formato 500g?</b><br>
Para estudios avanzados, archivos extensos y documentación prolongada de alto nivel.

<b>¿Qué diferencia tiene respecto a 300g?</b><br>
500g ofrece más continuidad técnica y permite desarrollar proyectos de mayor duración.

<b>¿Es adecuado para instituciones y estudios profesionales?</b><br>
Sí, es uno de los formatos más utilizados en contextos profesionales.

<b>¿Cuánto material comparativo puede generarse?</b><br>
Suficiente para múltiples ciclos documentales y catálogos extensos.

<b>¿Cómo debe almacenarse?</b><br>
En un lugar fresco, seco y protegido de la luz para preservar su estabilidad visual.","hulu blanco, kratom blanco, formato profesional, kratom en polvo, archivo botánico, material vegetal",hulu blanco 500g,"comprar hulu blanco 500g, kratom blanco 500g españa, hulu blanco kratom formato profesional, kratom en polvo blanco 500g, tienda de kratom online","formato profesional, archivo técnico, estudio prolongado, colección extensa, referencia continua"
64,8289,Hulu Blanco Polvo de Kratom,variation,1000g,Hulu Blanco Polvo de Kratom 1000g,hulu-blanco-polvo-de-kratom-1000g,Hulu Blanco 1000g en Polvo | Gran Formato para Archivos Profesionales,"Hulu Blanco en polvo 1000g, gran formato ideal para archivos botánicos completos, documentación profesional y estudios comparativos de gran escala. Material vegetal procedente del sudeste asiático.","Hulu Blanco en polvo 1000g, gran formato destinado a archivos completos, documentación botánica avanzada y proyectos comparativos de larga duración. Producto no destinado al consumo humano.","<h2>Formato 1000g</h2>
El formato de 1000g de Hulu Blanco en polvo es la opción más amplia y estable dentro de la documentación botánica profesional. Su gran volumen permite mantener absoluta continuidad entre etapas técnicas, facilitando estudios comparativos profundos, catálogos extensos y archivos completos sin necesidad de recurrir a lotes adicionales.

Procedente del sudeste asiático, este polvo vegetal de Mitragyna speciosa se caracteriza por su color claro uniforme y su molienda fina, elementos esenciales para estudios de precisión, documentación repetida y creación de material visual de largo alcance.

<h2>Aplicación botánica</h2>
1000g es adecuado para:
- archivos botánicos completos,  
- estudios prolongados de gran escala,  
- documentación técnica repetida,  
- catálogos temáticos profesionales,  
- proyectos educativos avanzados.

<h2>Características del formato 1000g</h2>
- Gran volumen para documentación a largo plazo  
- Máxima estabilidad entre sesiones  
- Textura fina y color uniforme  
- Adecuado para estudios comparativos avanzados  
- Procedencia del sudeste asiático  

<h2>Uso en archivos profesionales</h2>
Este formato es recomendado para instituciones, laboratorios botánicos, colecciones avanzadas y proyectos de análisis técnico que requieren una referencia vegetal constante y estable durante largos periodos.

<h2>Información importante</h2>
Este producto no está destinado al consumo humano ni a usos médicos o alimentarios. Su finalidad es exclusivamente documental y botánica.

<h2>FAQ – Preguntas frecuentes</h2>

<b>¿Para qué se recomienda el formato 1000g?</b><br>
Para archivos completos, documentación profesional y estudios comparativos de alto nivel.

<b>¿Qué lo diferencia del formato 500g?</b><br>
1000g permite desarrollar proyectos de mayor duración sin cambios de lote, garantizando coherencia absoluta.

<b>¿Es adecuado para instituciones y centros de estudio?</b><br>
Sí, es el formato preferido para investigaciones prolongadas y catálogos profesionales.

<b>¿Cuánta documentación puede producirse?</b><br>
Suficiente para numerosos ciclos técnicos, catálogos complejos y estudios comparativos extensos.

<b>¿Cómo almacenarlo?</b><br>
En un lugar fresco, seco y protegido de la luz para preservar estabilidad visual.","hulu blanco, kratom blanco, gran formato, kratom en polvo, archivo botánico, material vegetal",hulu blanco 1000g,"comprar hulu blanco 1kg, kratom blanco 1kg españa, hulu blanco gran formato, kratom en polvo blanco 1000g, tienda de kratom online envío rápido","gran formato, archivo maestro, proyecto extenso, referencia completa, lote unificado, catalogación avanzada"
65,8294,Hulu Rojo Polvo de Kratom,variable,,Hulu Rojo Polvo de Kratom,Hulu Rojo en Polvo | Variedad Roja para Documentación Botánica,"Hulu Rojo en polvo, variedad botánica del sudeste asiático adecuada para estudios comparativos, documentación visual y colecciones etnobotánicas. Disponible en varios gramajes.","Hulu Rojo en polvo, variedad botánica del sudeste asiático adecuada para estudios comparativos, documentación visual y colecciones etnobotánicas. Disponible en varios gramajes.","Hulu Rojo en polvo, material vegetal utilizado en documentación botánica, análisis comparativos y archivos visuales. Producto no destinado al consumo humano.","<h2>Descripción general</h2>
Hulu Rojo en polvo es una variedad botánica originaria del sudeste asiático, reconocida por su color rojizo estable y su textura fina. Su uniformidad lo convierte en un material adecuado para documentación botánica, estudios comparativos y catálogos temáticos donde la estabilidad cromática es esencial.

El polvo se obtiene a partir de hojas secas seleccionadas de Mitragyna speciosa, procesadas para mantener una apariencia homogénea que facilite la elaboración de registros visuales, fichas descriptivas y archivos documentales prolongados.

<h2>Aplicación botánica</h2>
Hulu Rojo se utiliza con frecuencia en:
- estudios etnográficos y comparativos,  
- análisis visuales de variedades botánicas,  
- archivos de referencia,  
- catálogos temáticos,  
- proyectos educativos y clasificatorios.

Su color rojizo estable permite detectar variaciones entre lotes y crear documentación técnica precisa.

<h2>Características principales</h2>
- Color rojo uniforme y estable  
- Molienda fina y homogénea  
- Procedencia del sudeste asiático  
- Ideal para documentación técnica y visual  
- Adecuado para colecciones pequeñas y avanzadas  

<h2>Uso en archivos y colecciones</h2>
Esta variedad se adapta tanto a microcolecciones como a archivos botánicos avanzados. Gracias a su textura fina, es posible generar series fotográficas detalladas y análisis comparativos consistentes entre muestras.

<h2>Información importante</h2>
Este producto no está destinado al consumo humano ni a usos médicos o alimentarios. Su uso es exclusivamente documental y botánico.

<h2>FAQ – Preguntas frecuentes</h2>

<b>¿Qué es Hulu Rojo en contexto botánico?</b><br>
Es un polvo vegetal de Mitragyna speciosa empleado para documentación visual y análisis comparativos.

<b>¿Para qué se utiliza este material?</b><br>
Para catálogos botánicos, registros fotográficos, estudios etnográficos y proyectos educativos.

<b>¿Qué diferencias existen entre los gramajes?</b><br>
Solo en la cantidad; el material es el mismo, pero los formatos grandes permiten proyectos prolongados o análisis repetidos.

<b>¿Es apto para consumo?</b><br>
No. Su uso es estrictamente documental.

<b>¿Cómo debe almacenarse?</b><br>
En un lugar fresco, seco y protegido de la luz, para conservar su estabilidad cromática.","hulu rojo, kratom rojo, kratom en polvo, material botánico, hoja seca, catálogo botánico","hulu rojo kratom
","kratom rojo hulu, comprar hulu rojo, kratom en polvo rojo, variedad roja kratom, tienda kratom online
","material vegetal, hoja pulverizada, estudio botánico, variedad roja, origen asiático"
66,17812,Hulu Rojo Polvo de Kratom,variation,25g,Hulu Rojo en Polvo 25g,hulu-rojo-en-polvo-25g,Hulu Rojo 25g en Polvo | Formato de Muestra Botánica,"Hulu Rojo en polvo 25g, formato pequeño ideal para análisis botánico inicial, documentación visual y microcolecciones. Material vegetal del sudeste asiático.","Hulu Rojo en polvo 25g, cantidad adecuada para documentación visual básica, muestras botánicas y pequeños estudios comparativos. No destinado al consumo humano.","<h2>Formato 25g</h2>
El formato de 25g de Hulu Rojo en polvo es la opción diseñada para muestras botánicas iniciales, análisis de referencia y documentación puntual. Su tamaño compacto permite evaluar características visuales, textura, color y homogeneidad sin necesidad de utilizar grandes cantidades de material.

Originario del sudeste asiático, este polvo de Mitragyna speciosa destaca por su tonalidad rojiza uniforme y su textura fina, adecuada para catálogos botánicos, microcolecciones y estudios etnográficos preliminares.

<h2>Aplicación botánica</h2>
El gramaje de 25g resulta adecuado para:
- registros fotográficos simples,  
- análisis comparativos iniciales,  
- pequeñas colecciones botánicas,  
- estudios educativos a escala reducida,  
- creación de fichas de documentación visual.

Es un formato práctico para proyectos de corta duración o para ampliar catálogos sin requerir grandes volúmenes.

<h2>Características del formato 25g</h2>
- Cantidad pequeña para pruebas y documentación básica  
- Textura fina y color rojizo estable  
- Procedente del sudeste asiático  
- Ideal para microcolecciones y archivos reducidos  
- Facilita la comparación entre variedades  

<h2>Uso dentro de proyectos botánicos</h2>
El formato 25g se utiliza con frecuencia como base para análisis preliminares o como muestra complementaria dentro de colecciones más amplias. Su reducido volumen permite trabajar con precisión sin comprometer inventarios mayores.

<h2>Información importante</h2>
Este producto no está destinado al consumo humano ni a usos médicos o alimentarios. Su uso es exclusivamente documental y botánico.

<h2>FAQ – Preguntas frecuentes</h2>

<b>¿Para qué sirve el formato 25g?</b><br>
Para documentación visual inicial, microcolecciones y análisis comparativos básicos.

<b>¿Es suficiente para un archivo completo?</b><br>
Es adecuado para registros pequeños; para proyectos prolongados se recomiendan formatos mayores.

<b>¿Es idéntico al material de 100g o 500g?</b><br>
Sí, la diferencia es únicamente la cantidad.

<b>¿Qué aporta este formato frente a otros?</b><br>
Permite obtener una muestra representativa sin adquirir grandes volúmenes.

<b>¿Cómo debe almacenarse?</b><br>
En un lugar fresco, seco y protegido de la luz para mantener la estabilidad visual.","hulu rojo, kratom rojo, kratom en polvo, muestra botánica, material vegetal, formato pequeño",hulu rojo 25g,"kratom rojo 25g, comprar hulu rojo 25g, pequeño formato kratom rojo, muestra botánica roja","microcolección botánica, análisis preliminar, polvo vegetal rojo, referencia inicial, variedad roja"
67,8300,Hulu Rojo Polvo de Kratom,variation,50g,Hulu Rojo en Polvo 50g,hulu-rojo-en-polvo-50g,Hulu Rojo 50g en Polvo | Formato Intermedio para Documentación Botánica,"Hulu Rojo en polvo 50g, formato intermedio adecuado para documentación visual, análisis comparativos y archivos botánicos de alcance medio. Material vegetal del sudeste asiático.","Hulu Rojo en polvo 50g, cantidad equilibrada para documentación sistemática, análisis comparativos y colecciones botánicas de tamaño medio. No destinado al consumo humano.","<h2>Formato 50g</h2>
El formato de 50g de Hulu Rojo en polvo ofrece una cantidad equilibrada para proyectos botánicos de alcance medio. Es ideal para documentación repetida, análisis comparativos más detallados y la creación de archivos visuales que requieren una muestra uniforme durante varias sesiones.

Procedente del sudeste asiático, este polvo vegetal de Mitragyna speciosa se caracteriza por su color rojizo homogéneo y su textura fina, que facilitan la elaboración de fichas descriptivas, catálogos temáticos y registros de referencia.

<h2>Aplicación botánica</h2>
50g es un formato adecuado para:
- series fotográficas de nivel medio,  
- estudios comparativos entre variedades,  
- documentación de colecciones organizadas,  
- proyectos educativos con varias etapas,  
- análisis etnobotánicos de referencia.

Su volumen permite mantener continuidad de lote durante una cantidad razonable de ciclos de documentación.

<h2>Características del formato 50g</h2>
- Molienda fina y color rojizo uniforme  
- Cantidad equilibrada para estudios de alcance medio  
- Procedente del sudeste asiático  
- Ideal para documentación sistemática y comparativa  
- Adecuado para colecciones en expansión  

<h2>Uso en archivos botánicos</h2>
Este formato es especialmente útil cuando se necesita más material del que ofrece una muestra inicial de 25g, pero aún no se requiere el volumen de trabajo de gramajes mayores como 100g o 300g.

<h2>Información importante</h2>
Este producto no está destinado al consumo humano ni a usos médicos o alimentarios. Su uso es exclusivamente documental y botánico.

<h2>FAQ – Preguntas frecuentes</h2>

<b>¿Para qué tipo de proyectos es adecuado 50g?</b><br>
Para documentación de tamaño medio, análisis comparativos y series fotográficas múltiples.

<b>¿Qué diferencia tiene respecto a 25g?</b><br>
Ofrece mayor continuidad y permite realizar ciclos de documentación más extensos.

<b>¿Es suficiente para un estudio prolongado?</b><br>
Sí, para proyectos de alcance medio. Para estudios largos se recomiendan 100g o más.

<b>¿Es el mismo material que en otros gramajes?</b><br>
Sí, la única diferencia es la cantidad.

<b>¿Cómo debe almacenarse?</b><br>
En un lugar seco y fresco, protegido de la luz, para preservar su estabilidad visual.","hulu rojo, kratom rojo, kratom en polvo, formato intermedio, documentación botánica, material vegetal",hulu rojo 50g,"kratom rojo 50g, comprar hulu rojo 50g, formato intermedio kratom rojo, polvo rojo botánico","archivo de referencia, estudio comparativo, textura fina, variedad roja botánica, lote uniforme"
68,8297,Hulu Rojo Polvo de Kratom,variation,100g,Hulu Rojo en Polvo 100g,hulu-rojo-en-polvo-100g,Hulu Rojo 100g en Polvo | Formato Estándar para Estudios Botánicos,"Hulu Rojo en polvo 100g, formato estándar utilizado para documentación botánica estructurada, análisis comparativos avanzados y archivos visuales consistentes. Material vegetal del sudeste asiático.","Hulu Rojo en polvo 100g, formato estándar adecuado para estudios botánicos avanzados, series comparativas y proyectos de documentación de largo alcance. No destinado al consumo humano.","<h2>Formato 100g</h2>
El formato de 100g de Hulu Rojo en polvo es uno de los más utilizados en archivos botánicos y estudios etnográficos. Su cantidad permite realizar documentación prolongada, análisis comparativos detallados y creación de series visuales consistentes sin necesidad de cambiar de lote.

Originario del sudeste asiático, este polvo de Mitragyna speciosa mantiene un color rojizo uniforme y una textura fina, cualidades esenciales para la elaboración de archivos visuales profesionales, catálogos ordenados y documentación repetida a lo largo del tiempo.

<h2>Aplicación botánica</h2>
100g es ideal para:
- estudios comparativos avanzados,  
- archivos botánicos de continuidad media,  
- catálogos temáticos estructurados,  
- documentación para instituciones educativas,  
- análisis visuales repetidos en varios ciclos.

Este formato es una referencia equilibrada entre muestras pequeñas y formatos profesionales más grandes.

<h2>Características del formato 100g</h2>
- Volumen estándar para estudios botánicos  
- Textura fina y tonalidad roja estable  
- Procedencia del sudeste asiático  
- Ideal para documentación repetida  
- Adecuado para proyectos educativos y técnicos  

<h2>Uso en archivos botánicos</h2>
El formato 100g facilita el desarrollo de archivos completos y permite mantener la consistencia de muestra en proyectos prolongados. Es un gramaje especialmente útil cuando se requiere más continuidad que en 50g, pero aún no es necesario recurrir a 300g.

<h2>Información importante</h2>
Este producto no está destinado al consumo humano ni a usos médicos o alimentarios. Su uso es exclusivamente documental y botánico.

<h2>FAQ – Preguntas frecuentes</h2>

<b>¿Para qué tipo de proyectos sirve el formato 100g?</b><br>
Para estudios comparativos avanzados, documentación prolongada y archivos visuales estructurados.

<b>¿En qué se diferencia de 50g?</b><br>
Ofrece mayor continuidad y permite realizar más ciclos técnicos sin cambiar de lote.

<b>¿Es un formato adecuado para instituciones educativas?</b><br>
Sí, es uno de los más utilizados en programas de documentación botánica.

<b>¿Es el mismo material que en formatos mayores?</b><br>
Sí, la única diferencia es la cantidad disponible.

<b>¿Cómo debe almacenarse?</b><br>
En un lugar fresco, seco y protegido de la luz para mantener su estabilidad visual.","hulu rojo, kratom rojo, kratom en polvo, formato estándar, documentación botánica, material vegetal",hulu rojo 100g,"kratom rojo 100g, comprar hulu rojo 100g, kratom rojo en polvo, formato estándar kratom rojo","archivo visual, colección botánica, análisis prolongado, material vegetal rojo, molienda fina"
69,8298,Hulu Rojo Polvo de Kratom,variation,300g,Hulu Rojo en Polvo 300g,hulu-rojo-en-polvo-300g,Hulu Rojo 300g en Polvo | Formato Avanzado Botánico,"Hulu Rojo en polvo 300g, formato avanzado para archivos botánicos amplios, documentación prolongada y estudios comparativos de larga duración. Material vegetal del sudeste asiático.","Hulu Rojo en polvo 300g, cantidad adecuada para proyectos botánicos avanzados, archivos de referencia prolongados y documentación visual continua. No destinado al consumo humano.","<h2>Formato 300g</h2>
El formato de 300g de Hulu Rojo en polvo está diseñado para proyectos botánicos que requieren una cantidad amplia y estable del mismo lote. Es adecuado para documentación prolongada, archivos comparativos y estudios visuales de varias etapas.

Procedente del sudeste asiático, este polvo vegetal de Mitragyna speciosa se caracteriza por su tonalidad rojiza estable y su molienda fina, lo que facilita mantener coherencia visual y técnica durante todo el proceso de documentación.

<h2>Aplicación botánica</h2>
El formato 300g es adecuado para:
- registros fotográficos extensos,  
- archivos botánicos de referencia,  
- comparaciones complejas entre muestras,  
- estudios etnográficos prolongados,  
- catálogos botánicos avanzados.

Permite trabajar durante largos periodos sin necesidad de cambiar de lote, asegurando consistencia en todas las fases del proyecto.

<h2>Características del formato 300g</h2>
- Cantidad avanzada para documentación prolongada  
- Tonalidad rojiza estable  
- Textura fina y homogénea  
- Procedencia del sudeste asiático  
- Ideal para archivos botánicos amplios  

<h2>Uso dentro de archivos botánicos</h2>
Este formato facilita la creación de archivos extensos, el desarrollo de series técnicas complejas y la elaboración de catálogos temáticos de varios niveles, manteniendo estabilidad visual entre sesiones.

<h2>Información importante</h2>
Este producto no está destinado al consumo humano ni a usos médicos o alimentarios. Su uso es exclusivamente documental y botánico.

<h2>FAQ – Preguntas frecuentes</h2>

<b>¿Para qué sirve el formato 300g?</b><br>
Para documentación prolongada, archivos amplios y estudios comparativos avanzados.

<b>¿Qué diferencia tiene respecto a 100g?</b><br>
300g permite mayor continuidad y más ciclos de documentación sin cambiar de lote.

<b>¿Es adecuado para proyectos educativos?</b><br>
Sí, especialmente para programas de larga duración.

<b>¿Es necesario pasar a 500g?</b><br>
Solo si el proyecto requiere documentación profesional o archivos aún más extensos.

<b>¿Cómo debe almacenarse?</b><br>
En un lugar fresco, seco y protegido de la luz.","hulu rojo, kratom rojo, kratom en polvo, formato avanzado, archivo botánico, material vegetal",hulu rojo 300g,"comprar hulu rojo 300g, kratom rojo 300g españa, hulu rojo en polvo formato avanzado, kratom rojo archivos botánicos","formato avanzado, archivo amplio, proyecto prolongado, serie documental, análisis botánico profundo, lote constante"
70,8299,Hulu Rojo Polvo de Kratom,variation,500g,Hulu Rojo en Polvo 500g,hulu-rojo-en-polvo-500g,Hulu Rojo 500g en Polvo | Formato Profesional Botánico,"Hulu Rojo en polvo 500g, formato profesional para archivos botánicos extensos, documentación técnica prolongada y estudios comparativos de larga duración. Material vegetal del sudeste asiático.","Hulu Rojo en polvo 500g, formato profesional para proyectos botánicos extensos, archivos técnicos y documentación visual continuada. No destinado al consumo humano.","<h2>Formato 500g</h2>
El formato de 500g de Hulu Rojo en polvo está orientado a proyectos botánicos avanzados que requieren un volumen amplio y estable del mismo lote. Es adecuado para archivos profesionales, documentación prolongada y análisis comparativos de varias fases.

Este material vegetal de Mitragyna speciosa procede del sudeste asiático y se distingue por su tonalidad rojiza homogénea y su molienda fina, lo que facilita mantener coherencia visual y técnica en proyectos de largo recorrido.

<h2>Aplicación botánica</h2>
El formato 500g permite:
- desarrollar estudios prolongados,  
- crear catálogos botánicos amplios,  
- realizar comparaciones técnicas complejas,  
- generar documentación visual repetida,  
- mantener continuidad entre múltiples sesiones de análisis.

Su volumen es ideal para trabajar durante largos periodos sin necesidad de cambiar de lote.

<h2>Características del formato 500g</h2>
- Cantidad profesional para estudios avanzados  
- Tonalidad rojiza estable  
- Textura fina y homogénea  
- Procedencia del sudeste asiático  
- Ideal para archivos botánicos extensos  

<h2>Uso en archivos profesionales</h2>
Este formato es adecuado para archivos técnicos, proyectos educativos de larga duración y estudios etnobotánicos que requieren estabilidad entre muestras y coherencia documental.

<h2>Información importante</h2>
Este producto no está destinado al consumo humano ni a usos médicos o alimentarios. Su uso es exclusivamente documental y botánico.

<h2>FAQ – Preguntas frecuentes</h2>

<b>¿Para qué sirve el formato 500g?</b><br>
Para documentación profesional, archivos amplios y estudios comparativos avanzados.

<b>¿Qué lo diferencia de 300g?</b><br>
500g ofrece mayor continuidad y permite ampliar el archivo sin cambiar de lote.

<b>¿Es adecuado para uso profesional?</b><br>
Sí, especialmente para proyectos técnicos y educativos de largo plazo.

<b>¿Cuántos ciclos de documentación permite?</b><br>
Depende del proyecto, pero permite múltiples fases sin pérdida de coherencia.

<b>¿Cómo debe almacenarse?</b><br>
En un lugar fresco, seco y protegido de la luz.","hulu rojo, kratom rojo, kratom en polvo, formato profesional, archivo botánico, material vegetal
",hulu rojo 500g,"comprar hulu rojo 500g, kratom rojo 500g españa, hulu rojo en polvo formato profesional, kratom rojo archivo técnico","formato profesional, archivo técnico, estudio prolongado, colección extensa, referencia continua, documentación sistemática"
71,8296,Hulu Rojo Polvo de Kratom,variation,1000g,Hulu Rojo en Polvo 1000g,hulu-rojo-en-polvo-1000g,Hulu Rojo 1000g en Polvo | Gran Formato Botánico,"Hulu Rojo en polvo 1000g, gran formato para archivos botánicos completos, documentación profesional de larga duración y estudios comparativos de gran escala. Material vegetal del sudeste asiático.","Hulu Rojo en polvo 1000g, gran formato destinado a archivos botánicos completos, proyectos profesionales y documentación visual de larga duración. No destinado al consumo humano.","<h2>Formato 1000g</h2>
El formato de 1000g de Hulu Rojo en polvo está concebido para archivos botánicos completos y proyectos profesionales que requieren máxima continuidad dentro de un mismo lote. Permite desarrollar documentación de gran escala sin interrupciones entre fases técnicas.

Procedente del sudeste asiático, este polvo vegetal de Mitragyna speciosa presenta una tonalidad rojiza estable y una molienda fina, características esenciales para mantener coherencia visual y comparativa en estudios prolongados y archivos de referencia.

<h2>Aplicación botánica</h2>
El formato 1000g es adecuado para:
- estudios comparativos extensos,  
- catálogos botánicos de gran volumen,  
- documentación visual repetida,  
- archivos botánicos completos,  
- proyectos educativos y técnicos de larga duración.

Es el formato más estable para trabajos que requieren uniformidad absoluta entre muestras.

<h2>Características del formato 1000g</h2>
- Volumen profesional para archivos completos  
- Máxima estabilidad entre sesiones  
- Tonalidad rojiza homogénea  
- Textura fina y uniforme  
- Procedencia del sudeste asiático  

<h2>Uso profesional</h2>
Este gramaje es adecuado para instituciones educativas, colecciones avanzadas y estudios etnobotánicos que necesitan mantener un archivo completo sin depender de múltiples lotes.

<h2>Información importante</h2>
Este producto no está destinado al consumo humano ni a usos médicos o alimentarios. Su uso es exclusivamente documental y botánico.

<h2>FAQ – Preguntas frecuentes</h2>

<b>¿Para qué proyectos se recomienda el formato 1000g?</b><br>
Para archivos completos, documentación profesional y estudios comparativos de gran escala.

<b>¿Qué lo diferencia de 500g?</b><br>
1000g permite trabajar durante mucho más tiempo sin cambiar de lote.

<b>¿Es adecuado para instituciones o proyectos grandes?</b><br>
Sí, es el formato más estable para documentación avanzada.

<b>¿Cuánta documentación puede generarse?</b><br>
Suficiente para archivos extensos con numerosos ciclos técnicos.

<b>¿Cómo debe almacenarse?</b><br>
En un lugar fresco, seco y protegido de la luz.
","hulu rojo, kratom rojo, kratom en polvo, gran formato, archivo botánico, material vegetal",hulu rojo 1000g,"comprar hulu rojo 1kg, kratom rojo 1kg españa, hulu rojo en polvo gran formato, kratom rojo archivo completo","gran formato, archivo maestro, proyecto extenso, referencia completa, lote unificado, catalogación avanzada"
72,8369,Borneo Verde Polvo de Kratom,variable,,Borneo Verde Polvo de Kratom,borneo-verde-polvo-de-kratom,Borneo Verde en Polvo | Variedad Verde para Documentación Botánica,"Borneo Verde en polvo, material vegetal del sudeste asiático destinado a documentación botánica, estudios comparativos y archivos visuales. Disponible en varios gramajes oficiales.","Borneo Verde en polvo, variedad verde de origen asiático utilizada para proyectos documentales, análisis comparativos y archivos botánicos. No destinado al consumo humano.","<h2>Descripción general</h2>
Borneo Verde en polvo es una variedad botánica procedente del sudeste asiático, reconocida por su tonalidad verde estable y su textura fina. Su uniformidad lo convierte en un material adecuado para documentación botánica, proyectos comparativos y catálogos temáticos.

El polvo se obtiene de hojas seleccionadas de Mitragyna speciosa, procesadas para lograr una apariencia homogénea que facilite la elaboración de registros descriptivos, archivos visuales estructurados y análisis de referencia prolongados.

<h2>Aplicación botánica</h2>
Borneo Verde se utiliza en:
- documentación visual comparativa,  
- archivos botánicos de referencia,  
- estudios etnográficos,  
- proyectos educativos estructurados,  
- análisis morfológicos de variedades vegetales.

Su estabilidad cromática permite observar variaciones entre lotes y mantener coherencia entre series fotográficas.

<h2>Características principales</h2>
- Polvo fino, color verde uniforme  
- Procedencia del sudeste asiático  
- Adecuado para análisis estructurados  
- Ideal para documentación prolongada  
- Apto para colecciones y catálogos temáticos  

<h2>Uso en archivos botánicos</h2>
Gracias a su textura fina y homogeneidad, esta variedad es adecuada tanto para proyectos pequeños como para archivos más avanzados. Permite desarrollar comparaciones entre variedades, documentar características visuales y mantener un registro coherente entre distintas fases técnicas.

<h2>Información importante</h2>
Este producto no está destinado al consumo humano ni a usos médicos o alimentarios. Su uso es exclusivamente documental y botánico.

<h2>FAQ — Preguntas frecuentes</h2>

<b>¿Qué es Borneo Verde en contexto botánico?</b><br>
Un polvo vegetal empleado en documentación y análisis comparativos.

<b>¿Para qué tipo de proyectos se utiliza?</b><br>
Principalmente para catálogos botánicos, estudios etnográficos y registros visuales de referencia.

<b>¿Qué diferencia esta variedad de otras verdes?</b><br>
Su tonalidad característica y su uniformidad dentro del lote.

<b>¿Los gramajes cambian el material?</b><br>
No, solo la cantidad disponible para cada proyecto.

<b>¿Cómo almacenarlo?</b><br>
En un lugar fresco y seco, protegido de la luz, para mantener estabilidad visual.","borneo verde, kratom verde, kratom en polvo, material botánico, hoja pulverizada, variedad verde",borneo verde kratom,"kratom verde borneo, comprar borneo verde, kratom verde en polvo, variedad botánica verde","estudio botánico, análisis comparativo, polvo vegetal verde, origen asiático, archivo documental"
73,14757,Borneo Verde Polvo de Kratom,variation,25g,Borneo Verde en Polvo 25g,borneo-verde-en-polvo-25g,Borneo Verde 25g en Polvo | Muestra Botánica Verde,"Borneo Verde en polvo 25g, formato de muestra ideal para documentación visual básica, análisis comparativos iniciales y microcolecciones botánicas. Material vegetal del sudeste asiático.","Borneo Verde en polvo 25g, formato de muestra adecuado para pruebas botánicas, documentación visual y análisis de referencia. No destinado al consumo humano.","<h2>Formato 25g</h2>
El formato de 25g de Borneo Verde en polvo es una presentación compacta diseñada para muestras botánicas iniciales, estudios comparativos básicos y registros visuales de pequeña escala. Su tamaño permite examinar características del material sin necesidad de grandes cantidades.

Procedente del sudeste asiático, este polvo vegetal de Mitragyna speciosa presenta un color verde estable y una molienda fina que facilita su análisis visual y su incorporación en catálogos botánicos o microcolecciones.

<h2>Aplicación botánica</h2>
Este gramaje es adecuado para:
- pruebas comparativas iniciales,  
- registros fotográficos básicos,  
- microcolecciones botánicas,  
- proyectos educativos de pequeña escala,  
- elaboración de fichas descriptivas.

Su formato compacto lo convierte en una herramienta práctica para una primera aproximación a la variedad Borneo Verde.

<h2>Características del formato 25g</h2>
- Muestra pequeña para análisis iniciales  
- Color verde uniforme y textura fina  
- Procedencia del sudeste asiático  
- Ideal para documentación ligera y comparativa  
- Perfecto para catálogos de referencia  

<h2>Uso dentro de archivos botánicos</h2>
El formato 25g facilita trabajos exploratorios y análisis de referencia. Es especialmente útil como complemento dentro de colecciones más grandes o como base para evaluar la variedad antes de utilizar formatos superiores.

<h2>Información importante</h2>
Este producto no está destinado al consumo humano ni a usos médicos o alimentarios. Su uso es exclusivamente documental y botánico.

<h2>FAQ – Preguntas frecuentes</h2>

<b>¿Para qué sirve el formato 25g?</b><br>
Para análisis botánicos básicos, documentación visual y microcolecciones.

<b>¿Es suficiente para proyectos grandes?</b><br>
Para estudios extensos se recomienda 100g o más.

<b>¿La calidad es la misma que en formatos grandes?</b><br>
Sí, la única diferencia es el volumen.

<b>¿Puede usarse en proyectos educativos?</b><br>
Sí, es ideal para ejercicios y prácticas de observación vegetal.

<b>¿Cómo debe almacenarse?</b><br>
En un ambiente seco y fresco, protegido de la luz para preservar estabilidad visual.","borneo verde, kratom verde, kratom en polvo, muestra botánica, formato pequeño, material vegetal",borneo verde 25g,"kratom verde 25g, comprar borneo verde 25g, muestra kratom verde, polvo botánico verde","microcolección, análisis preliminar, referencia vegetal, variedad verde, molienda fina"
74,8374,Borneo Verde Polvo de Kratom,variation,50g,Borneo Verde en Polvo 50g,borneo-verde-en-polvo-50g,Borneo Verde 50g en Polvo | Formato Intermedio para Documentación Botánica,"Borneo Verde en polvo 50g, formato intermedio ideal para documentación comparativa, proyectos botánicos de nivel medio y archivos de referencia. Material vegetal del sudeste asiático.","Borneo Verde en polvo 50g, cantidad equilibrada para documentación sistemática, análisis comparativos y estudios botánicos de alcance medio. No destinado al consumo humano.","<h2>Formato 50g</h2>
El formato de 50g de Borneo Verde en polvo ofrece un equilibrio perfecto entre una muestra pequeña y un formato estándar. Es adecuado para documentación comparativa, registros visuales repetidos y proyectos botánicos que requieren continuidad de material sin recurrir a grandes cantidades.

Procedente del sudeste asiático, este polvo vegetal de Mitragyna speciosa posee un color verde uniforme y una textura fina, características que facilitan la elaboración de archivos descriptivos, análisis morfológicos y catálogos temáticos.

<h2>Aplicación botánica</h2>
El formato 50g es adecuado para:
- estudios comparativos de alcance medio,  
- documentación fotográfica sistemática,  
- ampliación de colecciones botánicas,  
- proyectos educativos con múltiples sesiones,  
- elaboración de catálogos o fichas de referencia.

Permite mantener continuidad del mismo lote durante varias fases de documentación.

<h2>Características del formato 50g</h2>
- Cantidad intermedia para estudios botánicos  
- Textura fina y color verde uniforme  
- Procedencia del sudeste asiático  
- Ideal para documentación repetida o comparativa  
- Adecuado para colecciones en expansión  

<h2>Uso dentro de archivos botánicos</h2>
El gramaje 50g es versátil y se adapta bien tanto a proyectos pequeños como a estudios más amplios. Su volumen permite realizar una cantidad significativa de registros visuales sin agotar rápidamente el material.

<h2>Información importante</h2>
Este producto no está destinado al consumo humano ni a usos médicos o alimentarios. Su uso es exclusivamente documental y botánico.

<h2>FAQ – Preguntas frecuentes</h2>

<b>¿Para qué proyectos sirve el formato 50g?</b><br>
Para documentación comparativa, series fotográficas y colecciones de nivel medio.

<b>¿Qué lo diferencia del formato 25g?</b><br>
Ofrece mayor continuidad y permite estudios más amplios.

<b>¿Es suficiente para proyectos prolongados?</b><br>
Para estudios largos se recomiendan formatos 100g o superiores.

<b>¿Es idéntica la calidad en todos los gramajes?</b><br>
Sí, la única diferencia es el volumen disponible.

<b>¿Cómo debe almacenarse?</b><br>
En un lugar seco, fresco y protegido de la luz.","borneo verde, kratom verde, kratom en polvo, formato intermedio, análisis botánico, material vegetal",borneo verde 50g,"kratom verde 50g, comprar borneo verde 50g, formato intermedio kratom verde, polvo botánico verde","archivo de referencia, estudio de nivel medio, textura fina, variedad verde botánica, continuidad de lote"
75,8371,Borneo Verde Polvo de Kratom,variation,100g,Borneo Verde en Polvo 100g,borneo-verde-en-polvo-100g,Borneo Verde 100g en Polvo | Formato Estándar para Documentación Botánica,"Borneo Verde en polvo 100g, formato estándar para colecciones botánicas, documentación comparativa y archivos de referencia. Material vegetal del sudeste asiático. Envío discreto.","Borneo Verde en polvo 100g, formato estándar ideal para estudios comparativos, documentación organizada y catálogos botánicos de nivel medio. No destinado al consumo humano.","<h2>Formato 100g</h2>
El formato de 100g de Borneo Verde en polvo es uno de los más utilizados en documentación botánica debido a su equilibrio entre cantidad, manejo y continuidad. Permite desarrollar estudios comparativos organizados, series fotográficas amplias y archivos temáticos de duración media sin necesidad de recurrir a un gramaje mayor.

Procedente del sudeste asiático, este polvo vegetal de Mitragyna speciosa conserva un color verde estable y una textura fina, facilitando la elaboración de fichas descriptivas, análisis visuales y catálogos consistentes.

<h2>Aplicación botánica</h2>
100g es ideal para:
- series fotográficas detalladas,  
- documentación estructurada de varias fases,  
- estudios comparativos de nivel medio,  
- ampliación de archivos botánicos,  
- desarrollo de catálogos temáticos.

Su combinación de volumen y estabilidad lo convierte en el formato estándar para proyectos organizados.

<h2>Características del formato 100g</h2>
- Tamaño estándar para colecciones botánicas  
- Textura fina y color verde uniforme  
- Adecuado para análisis visual prolongado  
- Procedencia del sudeste asiático  
- Permite continuidad en estudios de media duración  

<h2>Uso dentro de archivos botánicos</h2>
El formato 100g facilita la construcción de catálogos coherentes, estudios comparativos y fichas técnicas de nivel medio. Su versatilidad lo hace adecuado tanto para colecciones privadas como para proyectos educativos.

<h2>Información importante</h2>
Este producto no está destinado al consumo humano ni a usos médicos o alimentarios. Su uso es exclusivamente botánico y documental.

<h2>FAQ – Preguntas frecuentes</h2>

<b>¿Para qué proyectos se recomienda el formato 100g?</b><br>
Para documentación organizada, estudios comparativos y series fotográficas amplias.

<b>¿Qué lo diferencia del formato 50g?</b><br>
100g permite trabajar durante más tiempo manteniendo estabilidad visual.

<b>¿Es adecuado para estudios prolongados?</b><br>
Sí, aunque para proyectos avanzados se recomiendan los formatos 300g o 500g.

<b>¿Se mantiene la calidad del material en todos los gramajes?</b><br>
Sí, la diferencia está únicamente en la cantidad.

<b>¿Cómo almacenar correctamente el material?</b><br>
En un lugar fresco, seco y protegido de la luz.","borneo verde, kratom verde, kratom en polvo, formato estándar, catálogo botánico, material vegetal",borneo verde 100g,"comprar borneo verde 100g, kratom verde 100g españa, kratom en polvo verde, formato estándar botánico","colección mediana, referencia estable, archivo documental, estudio organizado, variedad verde botánica"
76,8372,Borneo Verde Polvo de Kratom,variation,250g,"Borneo Verde en Polvo 250g",borneo-verde-en-polvo-250g,Borneo Verde 250g en Polvo | Formato Ampliado para Archivos Botánicos,"Borneo Verde en polvo 250g, formato ampliado adecuado para documentación prolongada, estudios comparativos avanzados y catálogos botánicos extensos. Material vegetal del sudeste asiático.","Borneo Verde en polvo 250g, cantidad amplia para estudios botánicos avanzados, series fotográficas extensas y archivos documentales de largo recorrido. No destinado al consumo humano.","<h2>Formato 250g</h2>
El formato de 250g de Borneo Verde en polvo está orientado a proyectos botánicos que requieren continuidad y volumen suficiente para varias fases de documentación. Es una opción intermedia entre el formato estándar y los gramajes avanzados, permitiendo realizar estudios prolongados sin necesidad de recurrir a cantidades muy grandes.

Procedente del sudeste asiático, este material vegetal de Mitragyna speciosa presenta un color verde uniforme y una textura fina, características que facilitan mantener coherencia visual en registros comparativos, catálogos temáticos y análisis técnicos.

<h2>Aplicación botánica</h2>
250g es adecuado para:
- estudios comparativos amplios,  
- archivos botánicos de media a larga duración,  
- series fotográficas múltiples,  
- colecciones botánicas en expansión,  
- documentación técnica de varias etapas.

Es un formato idóneo para quienes necesitan más continuidad que la que ofrece el formato estándar.

<h2>Características del formato 250g</h2>
- Volumen ampliado para estudios avanzados  
- Textura fina y color verde estable  
- Procedente del sudeste asiático  
- Ideal para proyectos con múltiples ciclos de documentación  
- Adecuado para colecciones temáticas extensas  

<h2>Uso dentro de archivos botánicos</h2>
El gramaje 250g permite mantener un archivo coherente durante todas las fases del proyecto, evitando variaciones entre lotes y facilitando la creación de series descriptivas de largo recorrido.

<h2>Información importante</h2>
Este producto no está destinado al consumo humano ni a usos médicos o alimentarios. Su uso es exclusivamente botánico y documental.

<h2>FAQ – Preguntas frecuentes</h2>

<b>¿Qué diferencia tiene respecto al formato 100g?</b><br>
250g permite mayor continuidad y profundidad documental.

<b>¿Es adecuado para proyectos prolongados?</b><br>
Sí, especialmente cuando se requieren múltiples sesiones técnicas.

<b>¿Es un formato profesional?</b><br>
Es intermedio; para usos estrictamente profesionales existen los gramajes 500g y 1000g.

<b>¿La calidad es estable entre lotes?</b><br>
Sí, todos los gramajes provienen del mismo tipo de material vegetal seleccionado.

<b>¿Cómo debe almacenarse?</b><br>
En un lugar seco, fresco y protegido de la luz directa.","borneo verde, kratom verde, kratom en polvo, formato ampliado, archivo botánico, material vegetal
",borneo verde 250g,"comprar borneo verde 250g, kratom verde 250g españa, kratom en polvo verde 250g, formato ampliado botánico","archivo prolongado, colección extensa, lote estable, análisis avanzado, proyecto de larga duración"
77,8373,Borneo Verde Polvo de Kratom,variation,500g,Borneo Verde en Polvo 500g,borneo-verde-en-polvo-500g,Borneo Verde 500g en Polvo | Formato Profesional para Documentación Botánica,"Borneo Verde en polvo 500g, formato profesional para archivos botánicos extensos, estudios prolongados y proyectos comparativos de gran profundidad. Material vegetal del sudeste asiático.","Borneo Verde en polvo 500g, formato profesional adecuado para archivos amplios, documentación continua y estudios botánicos avanzados. No destinado al consumo humano.","<h2>Formato 500g</h2>
El formato de 500g de Borneo Verde en polvo está diseñado para proyectos botánicos avanzados que requieren una cantidad amplia y constante del mismo lote. Es ideal para archivos profesionales, documentación repetida en varias etapas y estudios comparativos que necesitan continuidad absoluta.

Procedente del sudeste asiático, este polvo vegetal de Mitragyna speciosa mantiene un color verde uniforme y una molienda fina, lo que facilita la elaboración de registros visuales precisos, catálogos extensos y análisis comparativos de alto nivel.

<h2>Aplicación botánica</h2>
500g es adecuado para:
- estudios prolongados y repetitivos,  
- catálogos temáticos amplios,  
- documentación visual de varias fases,  
- archivos botánicos profesionales,  
- proyectos educativos de larga duración.

Su volumen permite mantener coherencia entre muestras durante todo el proyecto.

<h2>Características del formato 500g</h2>
- Cantidad profesional para estudios avanzados  
- Molienda fina y color verde estable  
- Procedencia del sudeste asiático  
- Ideal para documentación prolongada y sistemática  
- Permite múltiples ciclos sin cambios de lote  

<h2>Uso dentro de archivos técnicos</h2>
Este gramaje facilita la creación de archivos amplios, la continuidad visual entre sesiones y la realización de análisis comparativos complejos sin interrupciones por falta de material.

<h2>Información importante</h2>
Este producto no está destinado al consumo humano ni a usos médicos o alimentarios. Su uso es exclusivamente botánico y documental.

<h2>FAQ – Preguntas frecuentes</h2>

<b>¿Para qué proyectos sirve el formato 500g?</b><br>
Para estudios avanzados, documentación prolongada y catálogos extensos.

<b>¿Qué lo diferencia de 250g?</b><br>
500g ofrece mayor continuidad y un volumen más adecuado para proyectos profesionales.

<b>¿Es suficiente para archivos completos?</b><br>
En muchos casos sí, aunque 1000g es el formato máximo.

<b>¿Mantiene estabilidad visual?</b><br>
Sí, procede del mismo tipo de material vegetal seleccionado.

<b>¿Cómo debe almacenarse?</b><br>
En un lugar fresco, seco y protegido de la luz.","borneo verde, kratom verde, kratom en polvo, formato profesional, archivo botánico, material vegetal",borneo verde 500g,"comprar borneo verde 500g, kratom verde 500g españa, kratom en polvo profesional, formato botánico avanzado","archivo técnico, estudio prolongado, referencia continua, lote amplio, documentación avanzada"
78,8370,Borneo Verde Polvo de Kratom,variation,1000g,Borneo Verde en Polvo 1000g,borneo-verde-en-polvo-1000g,Borneo Verde 1000g en Polvo | Gran Formato para Archivos Botánicos Completos,"Borneo Verde en polvo 1000g, gran formato ideal para archivos botánicos completos, estudios prolongados y documentación comparativa a gran escala. Material vegetal del sudeste asiático.","Borneo Verde en polvo 1000g, formato de gran escala diseñado para proyectos profesionales, archivos completos y documentación botánica de largo plazo. No destinado al consumo humano.","<h2>Formato 1000g</h2>
El formato de 1000g de Borneo Verde en polvo es la opción destinada a archivos botánicos completos, proyectos profesionales y documentación extensa que requiere total continuidad dentro de un mismo lote. Su gran volumen permite trabajar durante largos periodos sin interrupciones y sin necesidad de adquirir material adicional.

Procedente del sudeste asiático, este polvo vegetal de Mitragyna speciosa mantiene un color verde estable y una textura fina, fundamentales para estudios prolongados, colecciones avanzadas y análisis comparativos de alto nivel.

<h2>Aplicación botánica</h2>
1000g es adecuado para:
- estudios comparativos amplios y estructurados,  
- catálogos temáticos de gran volumen,  
- proyectos educativos extensos,  
- archivos botánicos completos,  
- documentación visual repetida durante varias fases.

Es el formato más estable para quienes requieren coherencia absoluta en su archivo vegetal.

<h2>Características del formato 1000g</h2>
- Gran volumen para archivos completos  
- Máxima estabilidad entre sesiones  
- Textura fina y color verde uniforme  
- Ideal para documentación prolongada  
- Procedencia del sudeste asiático  

<h2>Uso dentro de archivos profesionales</h2>
Este formato ofrece capacidad suficiente para instituciones educativas, colecciones avanzadas y estudios etnobotánicos de largo plazo. Su volumen facilita mantener un archivo completo sin depender de múltiples lotes.

<h2>Información importante</h2>
Este producto no está destinado al consumo humano ni a usos médicos o alimentarios. Su uso es exclusivamente documental y botánico.

<h2>FAQ – Preguntas frecuentes</h2>

<b>¿Qué diferencia tiene respecto al formato 500g?</b><br>
1000g permite mayor duración del proyecto sin cambios de lote y mayor estabilidad comparativa.

<b>¿Es adecuado para instituciones o proyectos grandes?</b><br>
Sí, es el formato más estable y completo para documentación avanzada.

<b>¿Cuánto material visual puede generarse?</b><br>
Suficiente para archivos extensos con numerosas fases y series técnicas.

<b>¿Es un formato profesional?</b><br>
Sí, está diseñado para documentación de alto nivel y gran escala.

<b>¿Cómo almacenarlo correctamente?</b><br>
En un lugar fresco, seco y protegido de la luz.","borneo verde, kratom verde, kratom en polvo, gran formato, archivo botánico, material vegetal",borneo verde 1000g,"comprar borneo verde 1kg, kratom verde 1kg españa, kratom en polvo gran formato, archivo botánico completo","gran formato, archivo maestro, proyecto extenso, referencia completa, lote unificado, catalogación avanzada"
79,8379,"Thai Blanco Polvo de Kratom
",variable,,"Thai Blanco Polvo de Kratom
","thai-blanco-polvo-de-kratom
",Thai Blanco en Polvo | Variedad Blanca para Documentación Botánica,"Thai Blanco en polvo, variedad botánica del sudeste asiático destinada a documentación visual, estudios comparativos y catálogos botánicos. Disponible en varios gramajes.","Thai Blanco en polvo, material vegetal de origen asiático utilizado para documentación botánica, análisis comparativos y archivos visuales. No destinado al consumo humano.","<h2>Descripción general</h2>
Thai Blanco en polvo es una variedad botánica procedente del sudeste asiático, reconocida por su tonalidad clara estable y su textura fina. Su homogeneidad lo convierte en un material adecuado para documentación botánica, estudios comparativos y catálogos temáticos donde la consistencia visual es un factor clave.

El polvo se obtiene a partir de hojas secas seleccionadas de Mitragyna speciosa, procesadas para garantizar uniformidad cromática, estabilidad en archivos prolongados y facilidad de análisis visual.

<h2>Aplicación botánica</h2>
Thai Blanco se emplea habitualmente en:
- estudios etnográficos,  
- análisis comparativos entre variedades,  
- documentación visual técnica,  
- catálogos botánicos temáticos,  
- proyectos educativos de clasificación vegetal.

Su color claro estable facilita la observación de estructuras visuales y la comparación entre distintos lotes.

<h2>Características principales</h2>
- Color blanco-claro uniforme  
- Molienda fina y homogénea  
- Procedente del sudeste asiático  
- Adecuado para documentación técnica y visual  
- Disponible en varios formatos de gramaje  

<h2>Uso en archivos y colecciones</h2>
Esta variedad se adapta tanto a microcolecciones como a archivos botánicos avanzados. Permite desarrollar series fotográficas detalladas, comparaciones visuales consistentes y catálogos de referencia de varios niveles.

<h2>Información importante</h2>
Este producto no está destinado al consumo humano ni a usos médicos o alimentarios. Su uso es exclusivamente documental y botánico.

<h2>FAQ – Preguntas frecuentes</h2>

<b>¿Qué es Thai Blanco en contexto botánico?</b><br>
Es un polvo vegetal de Mitragyna speciosa utilizado para documentación, análisis visual y estudios comparativos.

<b>¿Para qué se emplea este material?</b><br>
Para catálogos botánicos, estudios etnográficos, registros fotográficos y proyectos educativos.

<b>¿Qué diferencias existen entre los gramajes?</b><br>
Solo varía la cantidad. Los formatos pequeños sirven como muestra y los grandes permiten archivos prolongados.

<b>¿Es apto para consumo?</b><br>
No. Su finalidad es exclusivamente documental y botánica.

<b>¿Cómo debe almacenarse?</b><br>
En un lugar fresco, seco y protegido de la luz para mantener estabilidad visual.","thai blanco, kratom blanco, kratom en polvo, material botánico, hoja seca, catálogo botánico",thai blanco kratom,"kratom blanco thai, comprar thai blanco, kratom en polvo blanco, variedad blanca kratom, tienda kratom online","material vegetal, hoja pulverizada, estudio botánico, variedad blanca, origen asiático"
80,14767,"Thai Blanco Polvo de Kratom
",variation,25g,Thai Blanco en Polvo 25g,thai-blanco-en-polvo-25g,Thai Blanco 25g en Polvo | Formato de Muestra Botánica,"Thai Blanco en polvo 25g, formato de muestra ideal para documentación botánica inicial, análisis visuales básicos y microcolecciones. Material vegetal del sudeste asiático.","Thai Blanco en polvo 25g, cantidad adecuada para documentación visual básica, microcolecciones y estudios botánicos de referencia. No destinado al consumo humano.","<h2>Formato 25g</h2>
El formato de 25g de Thai Blanco en polvo está diseñado como muestra botánica inicial para estudios visuales básicos y proyectos de pequeña escala. Su volumen reducido permite evaluar las características cromáticas, la textura y la homogeneidad del material sin necesidad de adquirir grandes cantidades.

Procedente del sudeste asiático, este polvo vegetal de Mitragyna speciosa mantiene un color claro uniforme y una molienda fina, lo que facilita su uso en fichas descriptivas, catálogos compactos y microcolecciones.

<h2>Aplicación botánica</h2>
Este gramaje es adecuado para:
- análisis visuales preliminares,  
- registros fotográficos básicos,  
- microcolecciones botánicas,  
- estudios educativos de introducción,  
- documentación de referencia inicial.

<h2>Características del formato 25g</h2>
- Muestra pequeña para estudios iniciales  
- Color claro uniforme  
- Textura fina y estable  
- Procedente del sudeste asiático  
- Fácil de almacenar y manipular  

<h2>Uso dentro de archivos botánicos</h2>
El formato 25g se utiliza principalmente como material de referencia o complemento dentro de colecciones mayores. Es ideal para pruebas de documentación y evaluación visual de la variedad antes de trabajar con gramajes superiores.

<h2>Información importante</h2>
Este producto no está destinado al consumo humano ni a usos médicos o alimentarios. Su uso es exclusivamente documental y botánico.

<h2>FAQ – Preguntas frecuentes</h2>

<b>¿Para qué sirve el formato 25g?</b><br>
Para documentación visual básica, microcolecciones y análisis preliminares.

<b>¿Es suficiente para proyectos prolongados?</b><br>
No, para proyectos de larga duración se recomiendan gramajes superiores.

<b>¿El material es el mismo que en otros formatos?</b><br>
Sí, la única diferencia es la cantidad.

<b>¿Puede utilizarse en entornos educativos?</b><br>
Sí, es ideal para prácticas de observación vegetal.

<b>¿Cómo debe almacenarse?</b><br>
En un lugar seco, fresco y protegido de la luz.","thai blanco, kratom blanco, kratom en polvo, muestra botánica, formato pequeño, material vegetal",thai blanco 25g,"kratom blanco 25g, comprar thai blanco 25g, muestra kratom blanco, polvo botánico blanco","microcolección, análisis preliminar, referencia vegetal, variedad blanca, documentación inicial"
81,8384,"Thai Blanco Polvo de Kratom
",variation,50g,Thai Blanco en Polvo 50g,thai-blanco-en-polvo-50g,Thai Blanco 50g en Polvo | Formato Práctico para Documentación Botánica,"Thai Blanco en polvo 50g, formato práctico para documentación botánica regular, análisis comparativos y archivos visuales de tamaño medio. Material vegetal del sudeste asiático.","Thai Blanco en polvo 50g, cantidad equilibrada para documentación sistemática, análisis visuales repetidos y proyectos botánicos de alcance medio. No destinado al consumo humano.","<h2>Formato 50g</h2>
El formato de 50g de Thai Blanco en polvo es una opción práctica para proyectos botánicos que requieren continuidad sin llegar a un gramaje estándar. Permite desarrollar documentación comparativa, registros visuales repetidos y archivos organizados durante varias sesiones.

Procedente del sudeste asiático, este polvo vegetal de Mitragyna speciosa mantiene un color blanco uniforme y una molienda fina, lo que facilita la elaboración de fichas técnicas, catálogos temáticos y análisis visuales consistentes.

<h2>Aplicación botánica</h2>
El gramaje 50g es adecuado para:
- series fotográficas de nivel medio,  
- análisis comparativos entre variedades,  
- documentación educativa continuada,  
- ampliación progresiva de colecciones,  
- registros visuales de varias sesiones.

<h2>Características del formato 50g</h2>
- Cantidad práctica para estudios botánicos  
- Color claro homogéneo  
- Textura fina y estable  
- Procedente del sudeste asiático  
- Ideal para documentación repetida  

<h2>Uso dentro de archivos botánicos</h2>
Este formato permite mantener continuidad en los proyectos sin generar excedente de material. Es especialmente útil para colecciones en crecimiento y estudios comparativos de nivel intermedio.

<h2>Información importante</h2>
Este producto no está destinado al consumo humano ni a usos médicos o alimentarios. Su uso es exclusivamente documental y botánico.

<h2>FAQ – Preguntas frecuentes</h2>

<b>¿Para qué tipo de proyectos es adecuado 50g?</b><br>
Para documentación comparativa, series fotográficas y análisis de nivel medio.

<b>¿Qué diferencia tiene respecto a 25g?</b><br>
Permite mayor continuidad y más sesiones de trabajo.

<b>¿Es suficiente para proyectos largos?</b><br>
Para proyectos extensos se recomiendan 100g o formatos superiores.

<b>¿La calidad es igual que en otros formatos?</b><br>
Sí, solo cambia la cantidad.

<b>¿Cómo debe almacenarse?</b><br>
En un lugar fresco, seco y protegido de la luz.","thai blanco, kratom blanco, kratom en polvo, formato práctico, documentación botánica, material vegetal
",thai blanco 50g,"kratom blanco 50g, comprar thai blanco 50g, polvo botánico blanco 50g, formato práctico kratom blanco","archivo intermedio, estudio comparativo, continuidad visual, variedad blanca botánica, lote estable"
82,8381,"Thai Blanco Polvo de Kratom
",variation,100g,Thai Blanco en Polvo 100g,thai-blanco-en-polvo-100g,Thai Blanco 100g en Polvo | Formato Estándar para Documentación Botánica,"Thai Blanco en polvo 100g, formato estándar para documentación botánica estructurada, estudios comparativos y archivos visuales de referencia. Material vegetal del sudeste asiático.","Thai Blanco en polvo 100g, formato estándar suitable para documentación organizada, análisis comparativos repetidos y catálogos botánicos de nivel medio. No destinado al consumo humano.","<h2>Formato 100g</h2>
El formato de 100g de Thai Blanco en polvo es uno de los más utilizados en documentación botánica por su equilibrio entre volumen, continuidad y facilidad de manejo. Permite trabajar con series fotográficas amplias, análisis comparativos estructurados y archivos visuales consistentes durante varias etapas del proyecto.

Procedente del sudeste asiático, este polvo vegetal de Mitragyna speciosa presenta un color blanco uniforme y una molienda fina, lo que facilita la elaboración de registros técnicos, fichas descriptivas y catálogos temáticos.

<h2>Aplicación botánica</h2>
100g es adecuado para:
- documentación visual estructurada,  
- estudios comparativos de nivel medio,  
- catálogos botánicos temáticos,  
- archivos de referencia continuados,  
- proyectos educativos organizados.

Es el formato de referencia cuando se requiere más continuidad que en 50g sin recurrir aún a gramajes avanzados.

<h2>Características del formato 100g</h2>
- Formato estándar para proyectos organizados  
- Textura fina y color blanco estable  
- Adecuado para documentación prolongada  
- Procedente del sudeste asiático  
- Permite mantener coherencia entre sesiones  

<h2>Uso dentro de archivos botánicos</h2>
El formato 100g facilita la creación de archivos ordenados, el desarrollo de comparaciones sistemáticas entre variedades y la construcción de catálogos de referencia con estabilidad de lote.

<h2>Información importante</h2>
Este producto no está destinado al consumo humano ni a usos médicos o alimentarios. Su uso es exclusivamente documental y botánico.

<h2>FAQ – Preguntas frecuentes</h2>

<b>¿Para qué proyectos se recomienda el formato 100g?</b><br>
Para documentación estructurada, estudios comparativos y catálogos temáticos.

<b>¿Qué lo diferencia del formato 50g?</b><br>
Permite más sesiones de trabajo y mayor continuidad del mismo lote.

<b>¿Es adecuado para proyectos prolongados?</b><br>
Sí, aunque para estudios muy largos se recomiendan 300g o más.

<b>¿Mantiene la misma calidad en todos los gramajes?</b><br>
Sí, solo cambia la cantidad disponible.

<b>¿Cómo debe almacenarse?</b><br>
En un lugar fresco, seco y protegido de la luz.","thai blanco, kratom blanco, kratom en polvo, formato estándar, catálogo botánico, material vegetal","thai blanco 100g
","kratom blanco 100g, comprar thai blanco 100g, polvo botánico blanco, formato estándar kratom blanco","colección mediana, archivo de referencia, análisis organizado, variedad blanca botánica, estudio estructurado
"
83,8382,"Thai Blanco Polvo de Kratom
",variation,300g,Thai Blanco en Polvo 300g,thai-blanco-en-polvo-300g,Thai Blanco 300g en Polvo | Formato Avanzado para Documentación Prolongada,"Thai Blanco en polvo 300g, formato avanzado para archivos botánicos amplios, estudios comparativos prolongados y documentación visual de varias etapas. Material vegetal del sudeste asiático.","Thai Blanco en polvo 300g, cantidad ampliada para proyectos botánicos avanzados, documentación prolongada y archivos visuales organizados. No destinado al consumo humano.
","<h2>Formato 300g</h2>
El formato de 300g de Thai Blanco en polvo está destinado a proyectos botánicos que requieren continuidad prolongada del mismo lote. Su volumen permite desarrollar archivos visuales amplios, catálogos comparativos extensos y documentación técnica estructurada sin interrupciones.

Procedente del sudeste asiático, este polvo vegetal de Mitragyna speciosa se caracteriza por su color blanco uniforme y su molienda fina, lo que facilita mantener coherencia visual entre sesiones de análisis y registros documentales de largo recorrido.

<h2>Aplicación botánica</h2>
300g es adecuado para:
- estudios comparativos de varias fases,  
- documentación visual prolongada,  
- archivos botánicos organizados,  
- catálogos temáticos amplios,  
- proyectos educativos de larga duración.

<h2>Características del formato 300g</h2>
- Volumen avanzado para estudios prolongados  
- Color blanco uniforme y estable  
- Textura fina para documentación técnica  
- Procedencia del sudeste asiático  
- Ideal para continuidad de lote en proyectos largos  

<h2>Uso dentro de archivos botánicos</h2>
Este formato permite desarrollar series comparativas completas, mantener coherencia documental entre distintas etapas del proyecto y construir archivos visuales de referencia sin variaciones entre muestras.

<h2>Información importante</h2>
Este producto no está destinado al consumo humano ni a usos médicos o alimentarios. Su uso es exclusivamente documental y botánico.

<h2>FAQ – Preguntas frecuentes</h2>

<b>¿Para qué proyectos se recomienda el formato 300g?</b><br>
Para documentación prolongada, archivos amplios y estudios comparativos avanzados.

<b>¿Qué diferencia tiene respecto a 100g?</b><br>
300g permite mayor continuidad y más fases de trabajo sin cambiar de lote.

<b>¿Es adecuado para proyectos educativos de larga duración?</b><br>
Sí, especialmente para programas estructurados en varias etapas.

<b>¿Es un formato profesional?</b><br>
Es un formato avanzado, previo a los formatos profesionales de 500g y 1000g.

<b>¿Cómo debe almacenarse?</b><br>
En un lugar fresco, seco y protegido de la luz.","thai blanco, kratom blanco, kratom en polvo, formato avanzado, archivo botánico, material vegetal
","thai blanco 300g
","kratom blanco 300g, comprar thai blanco 300g, kratom en polvo blanco 300g, formato avanzado kratom blanco
","archivo amplio, proyecto prolongado, documentación avanzada, continuidad de lote, análisis botánico estructurado
"
84,8383,"Thai Blanco Polvo de Kratom
",variation,500g,Thai Blanco en Polvo 500g,thai-blanco-en-polvo-500g,Thai Blanco 500g en Polvo | Formato Profesional para Archivos Botánicos,"Thai Blanco en polvo 500g, formato profesional destinado a archivos botánicos extensos, documentación técnica prolongada y estudios comparativos de alto nivel. Material vegetal del sudeste asiático.","Thai Blanco en polvo 500g, formato profesional adecuado para archivos amplios, documentación continua y estudios botánicos avanzados. No destinado al consumo humano.","<h2>Formato 500g</h2>
El formato de 500g de Thai Blanco en polvo está diseñado para proyectos botánicos avanzados que requieren una cantidad amplia y constante del mismo lote. Permite desarrollar documentación repetida, archivos visuales extensos y análisis comparativos de larga duración sin interrupciones por cambio de referencia.

Procedente del sudeste asiático, este polvo vegetal de Mitragyna speciosa destaca por su color blanco uniforme y su molienda fina, características clave para mantener coherencia visual en catálogos profesionales y estudios técnicos prolongados.

<h2>Aplicación botánica</h2>
500g es adecuado para:
- estudios comparativos avanzados,  
- archivos botánicos de gran volumen,  
- documentación técnica repetida,  
- catálogos temáticos extensos,  
- proyectos educativos de larga duración.

<h2>Características del formato 500g</h2>
- Cantidad profesional para estudios avanzados  
- Color blanco uniforme y estable  
- Textura fina para registros técnicos  
- Procedencia del sudeste asiático  
- Ideal para continuidad prolongada sin cambio de lote  

<h2>Uso dentro de archivos profesionales</h2>
Este formato es utilizado en colecciones avanzadas, instituciones educativas y proyectos etnobotánicos que requieren coherencia absoluta entre sesiones de documentación y análisis a largo plazo.

<h2>Información importante</h2>
Este producto no está destinado al consumo humano ni a usos médicos o alimentarios. Su uso es exclusivamente documental y botánico.

<h2>FAQ – Preguntas frecuentes</h2>

<b>¿Para qué tipo de proyectos es adecuado el formato 500g?</b><br>
Para documentación profesional, archivos amplios y estudios comparativos prolongados.

<b>¿Qué lo diferencia del formato 300g?</b><br>
500g permite mayor continuidad y volumen de trabajo sin necesidad de ampliación adicional.

<b>¿Es adecuado para instituciones educativas?</b><br>
Sí, especialmente para programas de larga duración.

<b>¿Se mantiene la estabilidad visual durante todo el uso?</b><br>
Sí, procede de un mismo lote seleccionado.

<b>¿Cómo debe almacenarse?</b><br>
En un lugar fresco, seco y protegido de la luz.","thai blanco, kratom blanco, kratom en polvo, formato profesional, archivo botánico, material vegetal",thai blanco 500g,"comprar thai blanco 500g, kratom blanco 500g españa, kratom en polvo blanco 500g, formato profesional kratom blanco","archivo técnico, estudio prolongado, referencia continua, documentación avanzada, lote amplio"
85,8380,"Thai Blanco Polvo de Kratom
",variation,1000g,Thai Blanco en Polvo 1000g,thai-blanco-en-polvo-1000g,Thai Blanco 1000g en Polvo | Gran Formato para Archivos Botánicos,"Thai Blanco en polvo 1000g, gran formato ideal para archivos botánicos completos, documentación profesional y estudios comparativos de larga escala. Material vegetal del sudeste asiático.","Thai Blanco en polvo 1000g, gran formato destinado a archivos completos, proyectos botánicos profesionales y documentación visual prolongada. No destinado al consumo humano.","<h2>Formato 1000g</h2>
El formato de 1000g de Thai Blanco en polvo está diseñado para archivos botánicos completos, proyectos profesionales y documentación de gran escala. Su volumen permite mantener continuidad total dentro de un mismo lote durante largos periodos sin necesidad de reposición.

Procedente del sudeste asiático, este polvo vegetal de Mitragyna speciosa se caracteriza por su color blanco uniforme y su textura fina, elementos clave para estudios prolongados, catálogos visuales extensos y análisis comparativos de alto nivel.

<h2>Aplicación botánica</h2>
1000g es adecuado para:
- archivos botánicos completos,  
- catálogos temáticos de gran volumen,  
- documentación visual prolongada,  
- estudios comparativos extensos,  
- proyectos educativos de larga duración.

Es el formato más estable para trabajos que requieren coherencia absoluta entre muestras.

<h2>Características del formato 1000g</h2>
- Gran volumen para proyectos de larga duración  
- Color blanco uniforme y estable  
- Textura fina para registros técnicos  
- Procedencia del sudeste asiático  
- Máxima continuidad entre sesiones  

<h2>Uso en archivos profesionales</h2>
Este formato es utilizado por instituciones educativas, colecciones avanzadas y proyectos etnobotánicos que requieren estabilidad completa del lote, permitiendo registros técnicos repetidos sin variaciones entre muestras.

<h2>Información importante</h2>
Este producto no está destinado al consumo humano ni a usos médicos o alimentarios. Su uso es exclusivamente documental y botánico.

<h2>FAQ – Preguntas frecuentes</h2>

<b>¿Para qué proyectos se recomienda el formato 1000g?</b><br>
Para archivos completos, documentación profesional y proyectos de gran escala.

<b>¿Qué lo diferencia del formato 500g?</b><br>
1000g permite una duración mucho mayor del proyecto sin cambios de lote.

<b>¿Es adecuado para instituciones o centros educativos?</b><br>
Sí, es el formato más estable para programas de larga duración.

<b>¿Cuántos ciclos de documentación permite?</b><br>
Suficientes para archivos extensos con múltiples fases técnicas.

<b>¿Cómo debe almacenarse correctamente?</b><br>
En un lugar fresco, seco y protegido de la luz.","thai blanco, kratom blanco, kratom en polvo, gran formato, archivo botánico, material vegetal",thai blanco 1000g,"comprar thai blanco 1kg, kratom blanco 1kg españa, kratom en polvo blanco gran formato, archivo botánico completo","gran formato, archivo maestro, proyecto extenso, referencia completa, lote unificado, catalogación avanzada"
86,8405,"Borneo Blanco Polvo de Kratom",variable,,"Borneo Blanco Polvo de Kratom",borneo-blanco-polvo-de-kratom,Borneo Blanco en Polvo | Variedad Blanca para Documentación Botánica,"Borneo Blanco en polvo, variedad botánica del sudeste asiático destinada a documentación visual, análisis comparativos y catálogos botánicos. Disponible en varios gramajes.","Borneo Blanco en polvo, material vegetal de origen asiático utilizado para documentación botánica, archivos visuales y estudios comparativos. No destinado al consumo humano.","<h2>Descripción general</h2>
Borneo Blanco en polvo es una variedad botánica procedente del sudeste asiático, reconocida por su tonalidad clara estable y su textura fina. Su homogeneidad lo convierte en un material adecuado para documentación botánica, estudios comparativos y catálogos temáticos donde la consistencia visual es un factor esencial.

El polvo se obtiene a partir de hojas secas seleccionadas de Mitragyna speciosa, procesadas para garantizar uniformidad cromática, estabilidad en archivos prolongados y facilidad de análisis visual.

<h2>Aplicación botánica</h2>
Borneo Blanco se utiliza habitualmente en:
- estudios comparativos entre variedades,  
- documentación visual técnica,  
- catálogos botánicos temáticos,  
- proyectos educativos,  
- archivos de referencia etnobotánica.

Su color blanco estable facilita la observación de variaciones estructurales y la comparación entre distintos lotes.

<h2>Características principales</h2>
- Color blanco uniforme y estable  
- Molienda fina y homogénea  
- Procedencia del sudeste asiático  
- Adecuado para documentación técnica y visual  
- Disponible en varios formatos de gramaje  

<h2>Uso en archivos y colecciones</h2>
Esta variedad se adapta tanto a microcolecciones como a archivos botánicos avanzados. Permite desarrollar series fotográficas detalladas, comparaciones visuales consistentes y catálogos de referencia de varios niveles.

<h2>Información importante</h2>
Este producto no está destinado al consumo humano ni a usos médicos o alimentarios. Su uso es exclusivamente documental y botánico.

<h2>FAQ – Preguntas frecuentes</h2>

<b>¿Qué es Borneo Blanco en contexto botánico?</b><br>
Es un polvo vegetal de Mitragyna speciosa utilizado para documentación, análisis visual y estudios comparativos.

<b>¿Para qué se emplea este material?</b><br>
Para catálogos botánicos, estudios etnográficos, registros fotográficos y proyectos educativos.

<b>¿Qué diferencias existen entre los gramajes?</b><br>
Solo varía la cantidad. Los formatos pequeños sirven como muestra y los grandes permiten archivos prolongados.

<b>¿Es apto para consumo?</b><br>
No. Su finalidad es exclusivamente documental y botánica.

<b>¿Cómo debe almacenarse?</b><br>
En un lugar fresco, seco y protegido de la luz para mantener estabilidad visual.","borneo blanco, kratom blanco, kratom en polvo, material botánico, hoja seca, catálogo botánico",borneo blanco kratom,"kratom blanco borneo, comprar borneo blanco, kratom en polvo blanco, variedad blanca kratom, tienda kratom online","material vegetal, hoja pulverizada, estudio botánico, variedad blanca, origen asiático"
87,14768,"Borneo Blanco Polvo de Kratom",variation,25g,Borneo Blanco en Polvo 25g,borneo-blanco-en-polvo-25g,Borneo Blanco 25g en Polvo | Muestra Botánica Blanca,"Borneo Blanco en polvo 25g, formato de muestra ideal para documentación visual básica, estudios botánicos iniciales y microcolecciones. Material vegetal del sudeste asiático.","Borneo Blanco en polvo 25g, formato de muestra adecuado para análisis botánico inicial, documentación visual y colecciones de referencia. No destinado al consumo humano.","<h2>Formato 25g</h2>
El formato de 25g de Borneo Blanco en polvo está destinado a registros botánicos iniciales, análisis visuales básicos y microcolecciones. Su volumen reducido permite realizar observaciones precisas sobre el color, la textura y la homogeneidad del material sin recurrir a grandes cantidades.

Procedente del sudeste asiático, este polvo vegetal de Mitragyna speciosa presenta un color blanco claro y una molienda fina, características adecuadas para la creación de fichas descriptivas, catálogos compactos y documentación visual preliminar.

<h2>Aplicación botánica</h2>
Este gramaje es adecuado para:
- análisis visuales preliminares,  
- registros fotográficos básicos,  
- microcolecciones botánicas,  
- estudios educativos de introducción,  
- documentación de referencia inicial.

<h2>Características del formato 25g</h2>
- Muestra pequeña para estudios iniciales  
- Color blanco claro y uniforme  
- Textura fina y estable  
- Procedencia del sudeste asiático  
- Fácil de almacenar y manipular  

<h2>Uso dentro de archivos botánicos</h2>
El formato 25g se utiliza como material de referencia inicial o como complemento en colecciones más amplias. Es ideal para evaluación visual previa antes de trabajar con formatos superiores.

<h2>Información importante</h2>
Este producto no está destinado al consumo humano ni a usos médicos o alimentarios. Su uso es exclusivamente documental y botánico.

<h2>FAQ – Preguntas frecuentes</h2>

<b>¿Para qué sirve el formato 25g?</b><br>
Para análisis botánicos básicos, documentación visual y microcolecciones.

<b>¿Es suficiente para proyectos prolongados?</b><br>
No, para proyectos de larga duración se recomiendan gramajes superiores.

<b>¿El material es el mismo que en otros formatos?</b><br>
Sí, la única diferencia es la cantidad.

<b>¿Puede utilizarse en entornos educativos?</b><br>
Sí, es ideal para prácticas de observación vegetal.

<b>¿Cómo debe almacenarse?</b><br>
En un lugar seco, fresco y protegido de la luz.","borneo blanco, kratom blanco, kratom en polvo, muestra botánica, formato pequeño, material vegetal",borneo blanco 25g,"kratom blanco 25g, comprar borneo blanco 25g, muestra kratom blanco, polvo botánico blanco","microcolección, análisis preliminar, referencia vegetal, variedad blanca, documentación inicial"
88,8410,"Borneo Blanco Polvo de Kratom",variation,50g,Borneo Blanco en Polvo 50g,borneo-blanco-en-polvo-50g,Borneo Blanco 50g en Polvo | Formato Práctico para Documentación Botánica,"Borneo Blanco en polvo 50g, formato práctico para documentación botánica regular, análisis comparativos y archivos visuales de tamaño medio. Material vegetal del sudeste asiático.","Borneo Blanco en polvo 50g, cantidad equilibrada para documentación sistemática, análisis visuales repetidos y proyectos botánicos de alcance medio. No destinado al consumo humano.","<h2>Formato 50g</h2>
El formato de 50g de Borneo Blanco en polvo es una opción práctica para proyectos botánicos que requieren continuidad sin llegar a un volumen estándar. Permite desarrollar documentación comparativa, registros visuales repetidos y archivos organizados durante varias sesiones.

Procedente del sudeste asiático, este polvo vegetal de Mitragyna speciosa mantiene un color blanco uniforme y una molienda fina, lo que facilita la elaboración de fichas técnicas, catálogos temáticos y análisis visuales consistentes.

<h2>Aplicación botánica</h2>
El gramaje 50g es adecuado para:
- series fotográficas de nivel medio,  
- análisis comparativos entre variedades,  
- documentación educativa continuada,  
- ampliación progresiva de colecciones,  
- registros visuales de varias sesiones.

<h2>Características del formato 50g</h2>
- Cantidad práctica para estudios botánicos  
- Color blanco homogéneo  
- Textura fina y estable  
- Procedente del sudeste asiático  
- Ideal para documentación repetida  

<h2>Uso dentro de archivos botánicos</h2>
Este formato permite mantener continuidad en los proyectos sin generar excedente de material. Es especialmente útil para colecciones en crecimiento y estudios comparativos de nivel intermedio.

<h2>Información importante</h2>
Este producto no está destinado al consumo humano ni a usos médicos o alimentarios. Su uso es exclusivamente documental y botánico.

<h2>FAQ – Preguntas frecuentes</h2>

<b>¿Para qué tipo de proyectos es adecuado 50g?</b><br>
Para documentación comparativa, series fotográficas y análisis de nivel medio.

<b>¿Qué diferencia tiene respecto a 25g?</b><br>
Permite mayor continuidad y más sesiones de trabajo.

<b>¿Es suficiente para proyectos largos?</b><br>
Para proyectos extensos se recomiendan 100g o formatos superiores.

<b>¿La calidad es igual que en otros formatos?</b><br>
Sí, solo cambia la cantidad.

<b>¿Cómo debe almacenarse?</b><br>
En un lugar fresco, seco y protegido de la luz.","borneo blanco, kratom blanco, kratom en polvo, formato práctico, documentación botánica, material vegetal",borneo blanco 50g,"kratom blanco 50g, comprar borneo blanco 50g, polvo botánico blanco 50g, formato práctico kratom blanco","archivo intermedio, estudio comparativo, continuidad visual, variedad blanca botánica, lote estable"
89,8407,"Borneo Blanco Polvo de Kratom",variation,100g,Borneo Blanco en Polvo 100g,borneo-blanco-en-polvo-100g,Borneo Blanco 100g en Polvo | Formato Estándar para Documentación Botánica,"Borneo Blanco en polvo 100g, formato estándar para documentación botánica estructurada, estudios comparativos y archivos visuales de referencia. Material vegetal del sudeste asiático.","Borneo Blanco en polvo 100g, formato estándar ideal para documentación organizada, análisis comparativos repetidos y catálogos botánicos de nivel medio. No destinado al consumo humano.","<h2>Formato 100g</h2>
El formato de 100g de Borneo Blanco en polvo es uno de los más equilibrados para trabajos de documentación botánica. Permite desarrollar registros comparativos estructurados, series fotográficas amplias y archivos visuales continuados sin necesidad de recurrir a formatos de gran volumen.

Procedente del sudeste asiático, este polvo vegetal de Mitragyna speciosa presenta un color blanco uniforme y una molienda fina, facilitando la elaboración de fichas técnicas, catálogos temáticos y análisis visuales organizados.

<h2>Aplicación botánica</h2>
100g es adecuado para:
- documentación visual estructurada,  
- estudios comparativos de nivel medio,  
- catálogos botánicos temáticos,  
- archivos de referencia prolongados,  
- proyectos educativos organizados.

Es el formato estándar cuando se necesita continuidad y volumen moderado.

<h2>Características del formato 100g</h2>
- Formato estándar para colecciones botánicas  
- Color blanco estable y homogéneo  
- Textura fina para registros técnicos  
- Procedencia del sudeste asiático  
- Permite coherencia entre sesiones  

<h2>Uso dentro de archivos botánicos</h2>
El formato 100g facilita la creación de archivos ordenados, comparaciones sistemáticas entre muestras y catálogos de referencia con estabilidad visual de lote.

<h2>Información importante</h2>
Este producto no está destinado al consumo humano ni a usos médicos o alimentarios. Su uso es exclusivamente documental y botánico.

<h2>FAQ – Preguntas frecuentes</h2>

<b>¿Para qué proyectos se recomienda el formato 100g?</b><br>
Para documentación estructurada, estudios comparativos y catálogos temáticos.

<b>¿Qué lo diferencia del formato 50g?</b><br>
Permite más sesiones de trabajo y mayor continuidad del material.

<b>¿Es adecuado para proyectos prolongados?</b><br>
Sí, aunque para proyectos muy extensos se recomiendan 300g o más.

<b>¿Mantiene la misma calidad en todos los gramajes?</b><br>
Sí, únicamente varía la cantidad.

<b>¿Cómo debe almacenarse?</b><br>
En un lugar fresco, seco y protegido de la luz.","borneo blanco, kratom blanco, kratom en polvo, formato estándar, catálogo botánico, material vegetal",borneo blanco 100g,"kratom blanco 100g, comprar borneo blanco 100g, polvo botánico blanco, formato estándar kratom blanco","colección mediana, archivo de referencia, análisis organizado, variedad blanca botánica, estudio estructurado"
90,8408,"Borneo Blanco Polvo de Kratom",variation,300g,Borneo Blanco en Polvo 300g,borneo-blanco-en-polvo-300g,Borneo Blanco 300g en Polvo | Formato Avanzado para Documentación Prolongada,"Borneo Blanco en polvo 300g, formato avanzado para archivos botánicos amplios, documentación prolongada y estudios comparativos de varias etapas. Material vegetal del sudeste asiático.","Borneo Blanco en polvo 300g, cantidad ampliada para proyectos botánicos avanzados, documentación continua y archivos visuales organizados. No destinado al consumo humano.","<h2>Formato 300g</h2>
El formato de 300g de Borneo Blanco en polvo está orientado a proyectos botánicos que requieren mayor continuidad del mismo lote sin llegar a un volumen profesional. Permite desarrollar archivos visuales amplios, catálogos comparativos detallados y documentación técnica estructurada.

Procedente del sudeste asiático, este polvo vegetal de Mitragyna speciosa presenta un color blanco uniforme y una molienda fina, lo que garantiza coherencia visual entre sesiones de análisis y registros documentales.

<h2>Aplicación botánica</h2>
300g es adecuado para:
- estudios comparativos de varias fases,  
- documentación visual prolongada,  
- archivos botánicos organizados,  
- catálogos temáticos amplios,  
- proyectos educativos de larga duración.

<h2>Características del formato 300g</h2>
- Volumen avanzado para documentación prolongada  
- Color blanco estable y homogéneo  
- Textura fina para registros técnicos  
- Procedencia del sudeste asiático  
- Permite continuidad de lote en proyectos largos  

<h2>Uso dentro de archivos botánicos</h2>
Este formato facilita la creación de series comparativas completas, mantiene la coherencia documental entre distintas etapas del proyecto y permite construir archivos visuales de referencia sin variaciones entre muestras.

<h2>Información importante</h2>
Este producto no está destinado al consumo humano ni a usos médicos o alimentarios. Su uso es exclusivamente documental y botánico.

<h2>FAQ – Preguntas frecuentes</h2>

<b>¿Para qué proyectos se recomienda el formato 300g?</b><br>
Para documentación prolongada, archivos amplios y estudios comparativos avanzados.

<b>¿Qué diferencia tiene frente a 100g?</b><br>
300g permite más fases de trabajo sin cambiar de lote.

<b>¿Es adecuado para proyectos educativos de larga duración?</b><br>
Sí, especialmente para programas estructurados en varias etapas.

<b>¿Es un formato profesional?</b><br>
Es un formato avanzado previo a los formatos de 500g y 1000g.

<b>¿Cómo debe almacenarse?</b><br>
En un lugar fresco, seco y protegido de la luz.","borneo blanco, kratom blanco, kratom en polvo, formato avanzado, archivo botánico, material vegetal","borneo blanco 300g","kratom blanco 300g, comprar borneo blanco 300g, kratom en polvo blanco 300g, formato avanzado botánico","archivo amplio, proyecto prolongado, documentación avanzada, continuidad de lote, análisis botánico estructurado"
91,8409,"Borneo Blanco Polvo de Kratom",variation,500g,Borneo Blanco en Polvo 500g,borneo-blanco-en-polvo-500g,Borneo Blanco 500g en Polvo | Formato Profesional para Archivos Botánicos,"Borneo Blanco en polvo 500g, formato profesional para archivos botánicos extensos, documentación técnica prolongada y estudios comparativos avanzados. Material vegetal del sudeste asiático.","Borneo Blanco en polvo 500g, formato profesional destinado a archivos amplios, documentación continua y proyectos botánicos de larga duración. No destinado al consumo humano.","<h2>Formato 500g</h2>
El formato de 500g de Borneo Blanco en polvo está diseñado para proyectos botánicos avanzados que requieren una cantidad amplia y estable del mismo lote. Permite desarrollar documentación repetida, archivos visuales extensos y estudios comparativos de larga duración sin interrupciones por cambios de referencia.

Procedente del sudeste asiático, este polvo vegetal de Mitragyna speciosa mantiene un color blanco uniforme y una molienda fina, lo que garantiza coherencia visual en catálogos profesionales, registros técnicos y estudios botánicos prolongados.

<h2>Aplicación botánica</h2>
500g es adecuado para:
- estudios comparativos avanzados,  
- archivos botánicos de gran volumen,  
- documentación técnica repetida,  
- catálogos temáticos extensos,  
- proyectos educativos de larga duración.

<h2>Características del formato 500g</h2>
- Cantidad profesional para estudios avanzados  
- Color blanco uniforme y estable  
- Textura fina para registros técnicos  
- Procedencia del sudeste asiático  
- Ideal para continuidad prolongada sin cambio de lote  

<h2>Uso dentro de archivos profesionales</h2>
Este formato se utiliza habitualmente en colecciones avanzadas, instituciones educativas y proyectos etnobotánicos que requieren máxima coherencia documental entre sesiones de análisis.

<h2>Información importante</h2>
Este producto no está destinado al consumo humano ni a usos médicos o alimentarios. Su uso es exclusivamente documental y botánico.

<h2>FAQ – Preguntas frecuentes</h2>

<b>¿Para qué tipo de proyectos es adecuado el formato 500g?</b><br>
Para documentación profesional, archivos amplios y estudios comparativos prolongados.

<b>¿Qué lo diferencia del formato 300g?</b><br>
500g permite mayor continuidad y volumen de trabajo sin necesidad de reposición.

<b>¿Es adecuado para instituciones educativas?</b><br>
Sí, especialmente para programas de larga duración.

<b>¿Se mantiene la estabilidad visual durante todo el uso?</b><br>
Sí, procede de un mismo lote seleccionado.

<b>¿Cómo debe almacenarse?</b><br>
En un lugar fresco, seco y protegido de la luz.","borneo blanco, kratom blanco, kratom en polvo, formato profesional, archivo botánico, material vegetal",borneo blanco 500g,"comprar borneo blanco 500g, kratom blanco 500g españa, kratom en polvo blanco 500g, formato profesional kratom blanco","archivo técnico, estudio prolongado, referencia continua, documentación avanzada, lote amplio"
92,8406,"Borneo Blanco Polvo de Kratom",variation,1000g,Borneo Blanco en Polvo 1000g,borneo-blanco-en-polvo-1000g,Borneo Blanco 1000g en Polvo | Gran Formato para Archivos Botánicos,"Borneo Blanco en polvo 1000g, gran formato profesional para archivos botánicos completos, documentación técnica prolongada y estudios comparativos a gran escala. Material vegetal del sudeste asiático.","Borneo Blanco en polvo 1000g, gran formato diseñado para proyectos botánicos profesionales, archivos completos y documentación visual de larga duración. No destinado al consumo humano.","<h2>Formato 1000g</h2>
El formato de 1000g de Borneo Blanco en polvo está diseñado para archivos botánicos completos, proyectos profesionales y documentación a gran escala. Su volumen permite mantener continuidad absoluta dentro de un mismo lote durante largos periodos de trabajo sin necesidad de reposición.

Procedente del sudeste asiático, este polvo vegetal de Mitragyna speciosa se caracteriza por su color blanco uniforme y su molienda fina, cualidades esenciales para estudios prolongados, catálogos técnicos extensos y análisis comparativos de alta precisión.

<h2>Aplicación botánica</h2>
1000g es adecuado para:
- archivos botánicos completos,  
- catálogos temáticos de gran volumen,  
- documentación visual repetida,  
- estudios comparativos extensos,  
- proyectos educativos e institucionales de larga duración.

Es el formato más estable para trabajos que requieren coherencia total entre muestras.

<h2>Características del formato 1000g</h2>
- Gran volumen para proyectos de larga duración  
- Color blanco uniforme y estable  
- Textura fina para análisis técnicos  
- Procedencia del sudeste asiático  
- Máxima continuidad entre sesiones de documentación  

<h2>Uso dentro de archivos profesionales</h2>
Este formato es utilizado por instituciones educativas, colecciones avanzadas y proyectos etnobotánicos que requieren estabilidad completa del lote, permitiendo registros técnicos repetidos sin variaciones entre muestras.

<h2>Información importante</h2>
Este producto no está destinado al consumo humano ni a usos médicos o alimentarios. Su uso es exclusivamente documental y botánico.

<h2>FAQ – Preguntas frecuentes</h2>

<b>¿Para qué proyectos se recomienda el formato 1000g?</b><br>
Para archivos completos, documentación profesional y proyectos de gran escala.

<b>¿Qué lo diferencia del formato 500g?</b><br>
1000g permite una duración mucho mayor del proyecto sin cambios de lote.

<b>¿Es adecuado para instituciones o centros educativos?</b><br>
Sí, es el formato más estable para programas de larga duración.

<b>¿Cuántos ciclos de documentación permite?</b><br>
Suficientes para archivos extensos con múltiples fases técnicas.

<b>¿Cómo debe almacenarse correctamente?</b><br>
En un lugar fresco, seco y protegido de la luz.","borneo blanco, kratom blanco, kratom en polvo, gran formato, archivo botánico, material vegetal","borneo blanco 1000g
","comprar borneo blanco 1kg, kratom blanco 1kg españa, kratom en polvo blanco gran formato, archivo botánico completo","gran formato, archivo maestro, proyecto extenso, referencia completa, lote unificado, catalogación avanzada"
93,8053,Elefante Blanco Polvo de Kratom,variable,,Elefante Blanco Polvo de Kratom,elefante-blanco-polvo-de-kratom,Elefante Blanco en Polvo | Variedad Blanca para Documentación Botánica,"Elefante Blanco en polvo, variedad botánica del sudeste asiático destinada a documentación visual, estudios comparativos y catálogos botánicos. Disponible en varios gramajes.","Elefante Blanco en polvo, material vegetal de origen asiático utilizado para documentación botánica, análisis comparativos y archivos visuales. No destinado al consumo humano.","<h2>Descripción general</h2>
Elefante Blanco en polvo es una variedad botánica procedente del sudeste asiático, reconocida por su tonalidad clara uniforme y su textura fina. Su estabilidad visual lo convierte en un material adecuado para documentación botánica, estudios comparativos y catálogos temáticos donde la homogeneidad es un factor clave.

El polvo se obtiene a partir de hojas secas seleccionadas de Mitragyna speciosa, procesadas para garantizar uniformidad cromática, estabilidad en archivos prolongados y facilidad de análisis visual.

<h2>Aplicación botánica</h2>
Elefante Blanco se emplea habitualmente en:
- estudios etnográficos,  
- análisis comparativos entre variedades,  
- documentación visual técnica,  
- catálogos botánicos temáticos,  
- proyectos educativos de clasificación vegetal.

Su color blanco estable facilita la observación de estructuras visuales y la comparación entre distintos lotes.

<h2>Características principales</h2>
- Color blanco uniforme  
- Molienda fina y homogénea  
- Procedencia del sudeste asiático  
- Adecuado para documentación técnica y visual  
- Disponible en varios formatos de gramaje  

<h2>Uso en archivos y colecciones</h2>
Esta variedad se adapta tanto a microcolecciones como a archivos botánicos avanzados. Permite desarrollar series fotográficas detalladas, comparaciones visuales consistentes y catálogos de referencia de varios niveles.

<h2>Información importante</h2>
Este producto no está destinado al consumo humano ni a usos médicos o alimentarios. Su uso es exclusivamente documental y botánico.

<h2>FAQ – Preguntas frecuentes</h2>

<b>¿Qué es Elefante Blanco en contexto botánico?</b><br>
Es un polvo vegetal de Mitragyna speciosa utilizado para documentación, análisis visual y estudios comparativos.

<b>¿Para qué se emplea este material?</b><br>
Para catálogos botánicos, estudios etnográficos, registros fotográficos y proyectos educativos.

<b>¿Qué diferencias existen entre los gramajes?</b><br>
Solo varía la cantidad. Los formatos pequeños sirven como muestra y los grandes permiten archivos prolongados.

<b>¿Es apto para consumo?</b><br>
No. Su finalidad es exclusivamente documental y botánica.

<b>¿Cómo debe almacenarse?</b><br>
En un lugar fresco, seco y protegido de la luz para mantener estabilidad visual.
","elefante blanco, kratom blanco, kratom en polvo, material botánico, hoja seca, catálogo botánico
",elefante blanco kratom,"kratom blanco elefante, comprar elefante blanco, kratom en polvo blanco, variedad blanca kratom, tienda kratom online","material vegetal, hoja pulverizada, estudio botánico, variedad blanca, origen asiático"
94,14756,Elefante Blanco Polvo de Kratom,variation,25g,Elefante Blanco en Polvo 25g,elefante-blanco-en-polvo-25g,"Elefante Blanco 25g en Polvo | Formato de Muestra Botánica","Elefante Blanco en polvo 25g, formato de muestra adecuado para documentación botánica inicial, estudios visuales básicos y microcolecciones. Material vegetal del sudeste asiático.","Elefante Blanco en polvo 25g, cantidad de muestra para análisis visual preliminar, registro botánico básico y colecciones de referencia. No destinado al consumo humano.","<h2>Formato 25g</h2>
El formato de 25g de Elefante Blanco en polvo está diseñado como muestra botánica para estudios iniciales, documentación visual básica y microcolecciones. Su volumen reducido permite analizar con precisión el color, la textura y la homogeneidad del material sin necesidad de adquirir grandes cantidades.

Procedente del sudeste asiático, este polvo vegetal de Mitragyna speciosa presenta un color blanco uniforme y una molienda fina, características que lo hacen adecuado para fichas descriptivas, catálogos compactos y documentación comparativa preliminar.

<h2>Aplicación botánica</h2>
Este formato es adecuado para:
- análisis visuales iniciales,  
- registros fotográficos básicos,  
- microcolecciones botánicas,  
- estudios educativos de introducción,  
- documentación de referencia primaria.

<h2>Características del formato 25g</h2>
- Muestra pequeña para estudios iniciales  
- Color blanco uniforme  
- Textura fina y estable  
- Procedente del sudeste asiático  
- Fácil de almacenar y manipular  

<h2>Uso dentro de archivos botánicos</h2>
El formato 25g se emplea principalmente como material de evaluación visual o complemento dentro de colecciones más amplias. Es ideal para pruebas previas antes de trabajar con formatos superiores.

<h2>Información importante</h2>
Este producto no está destinado al consumo humano ni a usos médicos o alimentarios. Su uso es exclusivamente documental y botánico.

<h2>FAQ – Preguntas frecuentes</h2>

<b>¿Para qué sirve el formato 25g?</b><br>
Para análisis botánicos básicos, documentación visual inicial y microcolecciones.

<b>¿Es suficiente para proyectos prolongados?</b><br>
No, para proyectos de larga duración se recomiendan formatos superiores.

<b>¿El material es el mismo que en otros gramajes?</b><br>
Sí, únicamente varía la cantidad.

<b>¿Es adecuado para uso educativo?</b><br>
Sí, para prácticas de observación vegetal.

<b>¿Cómo debe almacenarse?</b><br>
En un lugar seco, fresco y protegido de la luz.","elefante blanco, kratom blanco, kratom en polvo, muestra botánica, formato pequeño, material vegetal","elefante blanco 25g","kratom blanco 25g, comprar elefante blanco 25g, muestra kratom blanco, polvo botánico blanco
","microcolección, análisis preliminar, referencia vegetal, variedad blanca, documentación inicial
"
95,8058,Elefante Blanco Polvo de Kratom,variation,50g,"Elefante Blanco en Polvo 50g
",elefante-blanco-en-polvo-50g,Elefante Blanco 50g en Polvo | Formato Práctico para Documentación Botánica,"Elefante Blanco en polvo 50g, formato práctico para documentación botánica regular, análisis comparativos y archivos visuales de tamaño medio. Material vegetal del sudeste asiático.","Elefante Blanco en polvo 50g, cantidad equilibrada para documentación sistemática, análisis visuales repetidos y proyectos botánicos de alcance medio. No destinado al consumo humano.","<h2>Formato 50g</h2>
El formato de 50g de Elefante Blanco en polvo es una opción práctica para proyectos botánicos que requieren continuidad sin llegar a un volumen estándar. Permite desarrollar documentación comparativa, registros visuales repetidos y archivos organizados durante varias sesiones.

Procedente del sudeste asiático, este polvo vegetal de Mitragyna speciosa mantiene un color blanco uniforme y una molienda fina, lo que facilita la elaboración de fichas técnicas, catálogos temáticos y análisis visuales consistentes.

<h2>Aplicación botánica</h2>
El gramaje 50g es adecuado para:
- series fotográficas de nivel medio,  
- análisis comparativos entre variedades,  
- documentación educativa continuada,  
- ampliación progresiva de colecciones,  
- registros visuales de varias sesiones.

<h2>Características del formato 50g</h2>
- Cantidad práctica para estudios botánicos  
- Color blanco homogéneo  
- Textura fina y estable  
- Procedencia del sudeste asiático  
- Ideal para documentación repetida  

<h2>Uso dentro de archivos botánicos</h2>
Este formato permite mantener continuidad en los proyectos sin generar excedente de material. Es especialmente útil para colecciones en crecimiento y estudios comparativos de nivel intermedio.

<h2>Información importante</h2>
Este producto no está destinado al consumo humano ni a usos médicos o alimentarios. Su uso es исключительно documental y botánico.

<h2>FAQ – Preguntas frecuentes</h2>

<b>¿Para qué tipo de proyectos es adecuado 50g?</b><br>
Para documentación comparativa, series fotográficas y análisis de nivel medio.

<b>¿Qué diferencia tiene respecto a 25g?</b><br>
Permite mayor continuidad y más sesiones de trabajo.

<b>¿Es suficiente para proyectos largos?</b><br>
Para proyectos extensos se recomiendan 100g o formatos superiores.

<b>¿La calidad es igual que en otros formatos?</b><br>
Sí, solo cambia la cantidad.

<b>¿Cómo debe almacenarse?</b><br>
En un lugar fresco, seco y protegido de la luz.","elefante blanco, kratom blanco, kratom en polvo, formato práctico, documentación botánica, material vegetal
","elefante blanco 50g
","kratom blanco 50g, comprar elefante blanco 50g, polvo botánico blanco 50g, formato práctico kratom blanco","archivo intermedio, estudio comparativo, continuidad visual, variedad blanca botánica, lote estable
"
96,8055,Elefante Blanco Polvo de Kratom,variation,100g,"Elefante Blanco en Polvo 100g","elefante-blanco-en-polvo-100g","Elefante Blanco 100g en Polvo | Formato Estándar para Documentación Botánica","Elefante Blanco en polvo 100g, formato estándar para documentación botánica estructurada, análisis comparativos y archivos visuales de referencia. Material vegetal del sudeste asiático.","Elefante Blanco en polvo 100g, formato estándar ideal para documentación organizada, estudios comparativos repetidos y catálogos botánicos de nivel medio. No destinado al consumo humano.","<h2>Formato 100g</h2>
El formato de 100g de Elefante Blanco en polvo es el gramaje estándar dentro de la documentación botánica. Permite desarrollar series visuales estructuradas, análisis comparativos organizados y archivos de referencia de duración media sin necesidad de recurrir a formatos de gran volumen.

Procedente del sudeste asiático, este polvo vegetal de Mitragyna speciosa presenta un color blanco uniforme y una molienda fina, lo que facilita la creación de fichas técnicas, registros descriptivos y catálogos temáticos con estabilidad visual.

<h2>Aplicación botánica</h2>
100g es adecuado para:
- documentación visual estructurada,  
- estudios comparativos de nivel medio,  
- catálogos botánicos temáticos,  
- archivos de referencia continuados,  
- proyectos educativos organizados.

Es el formato más utilizado cuando se requiere equilibrio entre volumen y manejo.

<h2>Características del formato 100g</h2>
- Formato estándar para proyectos organizados  
- Color blanco uniforme y estable  
- Textura fina para registros técnicos  
- Procedencia del sudeste asiático  
- Permite coherencia entre sesiones  

<h2>Uso dentro de archivos botánicos</h2>
El formato 100g facilita la creación de archivos ordenados, el desarrollo de comparaciones sistemáticas entre variedades y la construcción de catálogos de referencia con estabilidad de lote.

<h2>Información importante</h2>
Este producto no está destinado al consumo humano ni a usos médicos o alimentarios. Su uso es exclusivamente documental y botánico.

<h2>FAQ – Preguntas frecuentes</h2>

<b>¿Para qué proyectos se recomienda el formato 100g?</b><br>
Para documentación estructurada, estudios comparativos y catálogos temáticos.

<b>¿Qué lo diferencia del formato 50g?</b><br>
Permite más sesiones de trabajo y mayor continuidad del mismo lote.

<b>¿Es adecuado para proyectos prolongados?</b><br>
Sí, aunque para proyectos muy largos se recomiendan 300g o más.

<b>¿Mantiene la misma calidad en todos los gramajes?</b><br>
Sí, únicamente varía la cantidad disponible.

<b>¿Cómo debe almacenarse?</b><br>
En un lugar fresco, seco y protegido de la luz.","elefante blanco, kratom blanco, kratom en polvo, formato estándar, catálogo botánico, material vegetal","elefante blanco 100g
","kratom blanco 100g, comprar elefante blanco 100g, polvo botánico blanco, formato estándar kratom blanco","colección mediana, archivo de referencia, análisis organizado, variedad blanca botánica, estudio estructurado
"
97,8056,Elefante Blanco Polvo de Kratom,variation,250g,"Elefante Blanco en Polvo 250g",elefante-blanco-en-polvo-250g,Elefante Blanco 250g en Polvo | Formato Intermedio para Documentación Botánica,"Elefante Blanco en polvo 250g, formato intermedio para documentación botánica prolongada, estudios comparativos y archivos visuales estructurados. Material vegetal del sudeste asiático.","Elefante Blanco en polvo 250g, cantidad intermedia para documentación continua, análisis comparativos y proyectos botánicos organizados. No destinado al consumo humano.","<h2>Formato 250g</h2>
El formato de 250g de Elefante Blanco en polvo está orientado a proyectos botánicos que requieren mayor continuidad que el formato estándar sin llegar aún a volúmenes profesionales. Permite mantener estabilidad de lote durante varias fases de documentación visual y análisis comparativos.

Procedente del sudeste asiático, este polvo vegetal de Mitragyna speciosa conserva un color blanco uniforme y una molienda fina, facilitando la creación de catálogos técnicos, registros fotográficos estructurados y archivos de referencia prolongados.

<h2>Aplicación botánica</h2>
250g es adecuado para:
- documentación visual prolongada,  
- estudios comparativos de varias etapas,  
- archivos botánicos organizados,  
- catálogos temáticos en expansión,  
- proyectos educativos de media duración.

<h2>Características del formato 250g</h2>
- Cantidad intermedia para proyectos continuos  
- Color blanco estable y homogéneo  
- Textura fina para documentación técnica  
- Procedencia del sudeste asiático  
- Ideal para continuidad sin exceso de volumen  

<h2>Uso dentro de archivos botánicos</h2>
Este formato permite desarrollar archivos visuales consistentes y comparaciones sistemáticas sin depender de gramajes profesionales. Es una transición natural entre el formato estándar y los formatos avanzados.

<h2>Información importante</h2>
Este producto no está destinado al consumo humano ni a usos médicos o alimentarios. Su uso es exclusivamente documental y botánico.

<h2>FAQ – Preguntas frecuentes</h2>

<b>¿Para qué proyectos se recomienda el formato 250g?</b><br>
Para documentación continua, archivos en expansión y estudios comparativos de varias fases.

<b>¿Qué lo diferencia del formato 100g?</b><br>
250g permite mayor continuidad y más ciclos de documentación sin cambiar de lote.

<b>¿Es un formato profesional?</b><br>
Es un formato intermedio previo a los gramajes profesionales.

<b>¿Sirve para proyectos educativos?</b><br>
Sí, especialmente para programas de media duración.

<b>¿Cómo debe almacenarse?</b><br>
En un lugar fresco, seco y protegido de la luz.","elefante blanco, kratom blanco, kratom en polvo, formato intermedio, archivo botánico, material vegetal","elefante blanco 250g","kratom blanco 250g, comprar elefante blanco 250g, kratom en polvo blanco 250g, formato intermedio kratom blanco
","formato intermedio, archivo organizado, documentación prolongada, continuidad de lote, análisis botánico estructurado
"
98,8059,"Sumatra Verde Polvo de Kratom",variable,,Sumatra Verde Polvo de Kratom,sumatra-verde-polvo-de-kratom,Sumatra Verde en Polvo | Variedad Verde para Documentación Botánica,"Sumatra Verde en polvo, variedad botánica del sudeste asiático utilizada para documentación visual, estudios comparativos y catálogos botánicos. Disponible en varios gramajes.","Sumatra Verde en polvo, material vegetal de origen asiático destinado a documentación botánica, archivos visuales y estudios comparativos. No destinado al consumo humano.","<h2>Descripción general</h2>
Sumatra Verde en polvo es una variedad botánica procedente del sudeste asiático, reconocida por su tonalidad verde estable y su textura fina. Su homogeneidad visual lo convierte en un material adecuado para documentación botánica, análisis comparativos y catálogos temáticos donde la consistencia es un factor esencial.

El polvo se obtiene a partir de hojas secas seleccionadas de Mitragyna speciosa, procesadas para garantizar uniformidad cromática, estabilidad en archivos prolongados y facilidad de análisis visual.

<h2>Aplicación botánica</h2>
Sumatra Verde se emplea habitualmente en:
- estudios etnográficos,  
- análisis comparativos entre variedades,  
- documentación visual técnica,  
- catálogos botánicos temáticos,  
- proyectos educativos de clasificación vegetal.

Su color verde uniforme facilita la observación de variaciones estructurales entre muestras.

<h2>Características principales</h2>
- Color verde uniforme y estable  
- Molienda fina y homogénea  
- Procedencia del sudeste asiático  
- Adecuado para documentación técnica y visual  
- Disponible en varios formatos de gramaje  

<h2>Uso en archivos y colecciones</h2>
Esta variedad se adapta tanto a microcolecciones como a archivos botánicos avanzados. Permite desarrollar series fotográficas detalladas, comparaciones visuales consistentes y catálogos de referencia de varios niveles.

<h2>Información importante</h2>
Este producto no está destinado al consumo humano ni a usos médicos o alimentarios. Su uso es exclusivamente documental y botánico.

<h2>FAQ – Preguntas frecuentes</h2>

<b>¿Qué es Sumatra Verde en contexto botánico?</b><br>
Es un polvo vegetal de Mitragyna speciosa utilizado para documentación, análisis visual y estudios comparativos.

<b>¿Para qué se emplea este material?</b><br>
Para catálogos botánicos, estudios etnográficos, registros fotográficos y proyectos educativos.

<b>¿Qué diferencias existen entre los gramajes?</b><br>
Solo varía la cantidad. Los formatos pequeños sirven como muestra y los grandes permiten archivos prolongados.

<b>¿Es apto para consumo?</b><br>
No. Su finalidad es exclusivamente documental y botánica.

<b>¿Cómo debe almacenarse?</b><br>
En un lugar fresco, seco y protegido de la luz para mantener estabilidad visual.","sumatra verde, kratom verde, kratom en polvo, material botánico, hoja seca, catálogo botánico","sumatra verde kratom
","kratom verde sumatra, comprar sumatra verde, kratom en polvo verde, variedad verde kratom, tienda kratom online
","material vegetal, hoja pulverizada, estudio botánico, variedad verde, origen asiático
"
99,14764,"Sumatra Verde Polvo de Kratom",variation,25g,"Sumatra Verde en Polvo 25g
","sumatra-verde-en-polvo-25g","Sumatra Verde 25g en Polvo | Formato de Muestra Botánica","Sumatra Verde en polvo 25g, formato de muestra ideal para documentación visual básica, estudios botánicos iniciales y microcolecciones. Material vegetal del sudeste asiático.","Sumatra Verde en polvo 25g, cantidad de muestra para análisis botánico inicial, documentación visual y colecciones de referencia. No destinado al consumo humano.
","<h2>Formato 25g</h2>
El formato de 25g de Sumatra Verde en polvo está diseñado para estudios botánicos iniciales, análisis visuales básicos y microcolecciones. Su volumen reducido permite observar con precisión el color, la textura y la homogeneidad del material sin necesidad de trabajar con grandes cantidades.

Procedente del sudeste asiático, este polvo vegetal de Mitragyna speciosa presenta un color verde uniforme y una molienda fina, adecuada para la elaboración de fichas descriptivas preliminares, catálogos compactos y registros visuales de referencia inicial.

<h2>Aplicación botánica</h2>
Este formato es adecuado para:
- análisis visuales iniciales,  
- registros fotográficos básicos,  
- microcolecciones botánicas,  
- estudios educativos introductorios,  
- documentación de referencia primaria.

<h2>Características del formato 25g</h2>
- Muestra pequeña para estudios iniciales  
- Color verde uniforme  
- Textura fina y estable  
- Procedente del sudeste asiático  
- Fácil de almacenar y manipular  

<h2>Uso dentro de archivos botánicos</h2>
El formato 25g se emplea como material de evaluación visual o como complemento en colecciones más amplias. Es ideal para verificar la estabilidad cromática antes de ampliar el archivo con gramajes superiores.

<h2>Información importante</h2>
Este producto no está destinado al consumo humano ni a usos médicos o alimentarios. Su uso es exclusivamente documental y botánico.

<h2>FAQ – Preguntas frecuentes</h2>

<b>¿Para qué sirve el formato 25g?</b><br>
Para análisis botánicos básicos, documentación visual inicial y microcolecciones.

<b>¿Es suficiente para proyectos prolongados?</b><br>
No, para proyectos de larga duración se recomiendan gramajes superiores.

<b>¿El material es el mismo que en otros formatos?</b><br>
Sí, solo varía la cantidad.

<b>¿Es adecuado para uso educativo?</b><br>
Sí, para prácticas iniciales de observación vegetal.

<b>¿Cómo debe almacenarse?</b><br>
En un lugar seco, fresco y protegido de la luz.","sumatra verde, kratom verde, kratom en polvo, muestra botánica, formato pequeño, material vegetal","sumatra verde 25g","kratom verde 25g, comprar sumatra verde 25g, muestra kratom verde, polvo botánico verde
","microcolección, análisis preliminar, referencia vegetal, variedad verde, documentación inicial
"
100,8064,"Sumatra Verde Polvo de Kratom",variation,50g,Sumatra Verde en Polvo 50g,Sumatra Verde en Polvo 50g,Sumatra Verde 50g en Polvo | Formato Práctico para Documentación Botánica,"Sumatra Verde en polvo 50g, formato práctico para documentación botánica regular, análisis comparativos y archivos visuales de tamaño medio. Material vegetal del sudeste asiático.","Sumatra Verde en polvo 50g, cantidad equilibrada para documentación sistemática, análisis visuales repetidos y proyectos botánicos de alcance medio. No destinado al consumo humano.","<h2>Formato 50g</h2>
El formato de 50g de Sumatra Verde en polvo es una opción práctica para proyectos botánicos que requieren continuidad sin llegar al volumen estándar. Permite desarrollar documentación visual repetida, comparaciones entre muestras y registros organizados durante varias sesiones.

Procedente del sudeste asiático, este polvo vegetal de Mitragyna speciosa mantiene un color verde estable y una molienda fina, lo que facilita la elaboración de fichas técnicas, catálogos temáticos y análisis visuales consistentes.

<h2>Aplicación botánica</h2>
El gramaje 50g es adecuado para:
- series fotográficas de nivel medio,  
- análisis comparativos entre variedades,  
- documentación educativa continuada,  
- ampliación progresiva de colecciones,  
- registros visuales de varias sesiones.

<h2>Características del formato 50g</h2>
- Cantidad práctica para estudios botánicos  
- Color verde homogéneo  
- Textura fina y estable  
- Procedente del sudeste asiático  
- Ideal para documentación repetida  

<h2>Uso dentro de archivos botánicos</h2>
Este formato permite mantener continuidad en los proyectos sin generar excedente de material. Es especialmente útil para colecciones en crecimiento y estudios comparativos de nivel intermedio.

<h2>Información importante</h2>
Este producto no está destinado al consumo humano ni a usos médicos o alimentarios. Su uso es exclusivamente documental y botánico.

<h2>FAQ – Preguntas frecuentes</h2>

<b>¿Para qué tipo de proyectos es adecuado 50g?</b><br>
Para documentación comparativa, series fotográficas y análisis de nivel medio.

<b>¿Qué diferencia tiene respecto a 25g?</b><br>
Permite mayor continuidad y más sesiones de trabajo.

<b>¿Es suficiente para proyectos largos?</b><br>
Para proyectos extensos se recomiendan 100g o formatos superiores.

<b>¿La calidad es igual que en otros formatos?</b><br>
Sí, solo cambia la cantidad.

<b>¿Cómo debe almacenarse?</b><br>
En un lugar fresco, seco y protegido de la luz.","sumatra verde, kratom verde, kratom en polvo, formato práctico, documentación botánica, material vegetal",sumatra verde 50g,"kratom verde 50g, comprar sumatra verde 50g, polvo botánico verde 50g, formato práctico kratom verde","archivo intermedio, estudio comparativo, continuidad visual, variedad verde botánica, lote estable"
101,8061,"Sumatra Verde Polvo de Kratom",variation,100g,Sumatra Verde en Polvo 100g,sumatra-verde-en-polvo-100g,Sumatra Verde 100g en Polvo | Formato Estándar para Documentación Botánica,"Sumatra Verde en polvo 100g, formato estándar para documentación botánica estructurada, análisis comparativos y archivos visuales de referencia. Material vegetal del sudeste asiático.","Sumatra Verde en polvo 100g, formato estándar ideal para documentación organizada, estudios comparativos repetidos y catálogos botánicos de nivel medio. No destinado al consumo humano.","<h2>Formato 100g</h2>
El formato de 100g de Sumatra Verde en polvo es el gramaje estándar dentro de la documentación botánica. Permite desarrollar series visuales estructuradas, análisis comparativos organizados y archivos de referencia de duración media sin necesidad de recurrir a formatos de gran volumen.

Procedente del sudeste asiático, este polvo vegetal de Mitragyna speciosa presenta un color verde uniforme y una molienda fina, lo que facilita la creación de fichas técnicas, registros descriptivos y catálogos temáticos con estabilidad visual.

<h2>Aplicación botánica</h2>
100g es adecuado para:
- documentación visual estructurada,  
- estudios comparativos de nivel medio,  
- catálogos botánicos temáticos,  
- archivos de referencia continuados,  
- proyectos educativos organizados.

Es el formato más utilizado cuando se requiere equilibrio entre volumen y manejo.

<h2>Características del formato 100g</h2>
- Formato estándar para proyectos organizados  
- Color verde uniforme y estable  
- Textura fina para registros técnicos  
- Procedencia del sudeste asiático  
- Permite coherencia entre sesiones  

<h2>Uso dentro de archivos botánicos</h2>
El formato 100g facilita la creación de archivos ordenados, el desarrollo de comparaciones sistemáticas entre variedades y la construcción de catálogos de referencia con estabilidad de lote.

<h2>Información importante</h2>
Este producto no está destinado al consumo humano ni a usos médicos o alimentarios. Su uso es exclusivamente documental y botánico.

<h2>FAQ – Preguntas frecuentes</h2>

<b>¿Para qué proyectos se recomienda el formato 100g?</b><br>
Para documentación estructurada, estudios comparativos y catálogos temáticos.

<b>¿Qué lo diferencia del formato 50g?</b><br>
Permite más sesiones de trabajo y mayor continuidad del mismo lote.

<b>¿Es adecuado para proyectos prolongados?</b><br>
Sí, aunque para proyectos muy largos se recomiendan 300g o más.

<b>¿Mantiene la misma calidad en todos los gramajes?</b><br>
Sí, únicamente varía la cantidad disponible.

<b>¿Cómo debe almacenarse?</b><br>
En un lugar fresco, seco y protegido de la luz.","sumatra verde, kratom verde, kratom en polvo, formato estándar, catálogo botánico, material vegetal",sumatra verde 100g,"kratom verde 100g, comprar sumatra verde 100g, polvo botánico verde, formato estándar kratom verde","colección mediana, archivo de referencia, análisis organizado, variedad verde botánica, estudio estructurado"
102,8062,"Sumatra Verde Polvo de Kratom",variation,300g,"Sumatra Verde en Polvo 300g
",sumatra-verde-en-polvo-300g,Sumatra Verde 300g en Polvo | Formato Avanzado para Documentación Prolongada,"Sumatra Verde en polvo 300g, formato avanzado para archivos botánicos amplios, documentación prolongada y estudios comparativos de varias etapas. Material vegetal del sudeste asiático.","Sumatra Verde en polvo 300g, cantidad ampliada para proyectos botánicos avanzados, documentación continua y archivos visuales organizados. No destinado al consumo humano.","<h2>Formato 300g</h2>
El formato de 300g de Sumatra Verde en polvo está orientado a proyectos botánicos que requieren mayor continuidad del mismo lote sin llegar a un volumen profesional. Permite desarrollar archivos visuales amplios, catálogos comparativos detallados y documentación técnica estructurada.

Procedente del sudeste asiático, este polvo vegetal de Mitragyna speciosa presenta un color verde uniforme y una molienda fina, lo que garantiza coherencia visual entre sesiones de análisis y registros documentales.

<h2>Aplicación botánica</h2>
300g es adecuado para:
- estudios comparativos de varias fases,  
- documentación visual prolongada,  
- archivos botánicos organizados,  
- catálogos temáticos amplios,  
- proyectos educativos de larga duración.

<h2>Características del formato 300g</h2>
- Volumen avanzado para documentación prolongada  
- Color verde estable y homogéneo  
- Textura fina para registros técnicos  
- Procedencia del sudeste asiático  
- Permite continuidad de lote en proyectos largos  

<h2>Uso dentro de archivos botánicos</h2>
Este formato facilita la creación de series comparativas completas, mantiene la coherencia documental entre distintas etapas del proyecto y permite construir archivos visuales de referencia sin variaciones entre muestras.

<h2>Información importante</h2>
Este producto no está destinado al consumo humano ni a usos médicos o alimentarios. Su uso es exclusivamente documental y botánico.

<h2>FAQ – Preguntas frecuentes</h2>

<b>¿Para qué proyectos se recomienda el formato 300g?</b><br>
Para documentación prolongada, archivos amplios y estudios comparativos avanzados.

<b>¿Qué diferencia tiene frente a 100g?</b><br>
300g permite más fases de trabajo sin cambiar de lote.

<b>¿Es adecuado para proyectos educativos de larga duración?</b><br>
Sí, especialmente para programas estructurados en varias etapas.

<b>¿Es un formato profesional?</b><br>
Es un formato avanzado previo a los formatos de 500g y 1000g.

<b>¿Cómo debe almacenarse?</b><br>
En un lugar fresco, seco y protegido de la luz.","sumatra verde, kratom verde, kratom en polvo, formato avanzado, archivo botánico, material vegetal",sumatra verde 300g,"kratom verde 300g, comprar sumatra verde 300g, kratom en polvo verde 300g, formato avanzado botánico","archivo amplio, proyecto prolongado, documentación avanzada, continuidad de lote, análisis botánico estructurado"
103,8063,"Sumatra Verde Polvo de Kratom",variation,500g,Sumatra Verde en Polvo 500g,sumatra-verde-en-polvo-500g,Sumatra Verde 500g en Polvo | Formato Profesional para Documentación Botánica,"Sumatra Verde en polvo 500g, formato profesional para archivos botánicos extensos, documentación técnica prolongada y estudios comparativos avanzados. Material vegetal del sudeste asiático.","Sumatra Verde en polvo 500g, formato profesional para proyectos botánicos prolongados, archivos visuales amplios y documentación continua. No destinado al consumo humano.","<h2>Formato 500g</h2>
El formato de 500g de Sumatra Verde en polvo está diseñado para proyectos botánicos avanzados que requieren una cantidad amplia y estable del mismo lote. Permite desarrollar documentación técnica repetida, archivos visuales extensos y estudios comparativos de larga duración sin interrupciones.

Procedente del sudeste asiático, este polvo vegetal de Mitragyna speciosa mantiene un color verde uniforme y una molienda fina, garantizando coherencia visual en catálogos profesionales, registros comparativos y documentación prolongada.

<h2>Aplicación botánica</h2>
500g es adecuado para:
- estudios comparativos avanzados,  
- archivos botánicos de gran volumen,  
- documentación técnica repetida,  
- catálogos temáticos extensos,  
- proyectos educativos de larga duración.

<h2>Características del formato 500g</h2>
- Volumen profesional para documentación avanzada  
- Color verde homogéneo y estable  
- Textura fina para registros técnicos  
- Procedencia del sudeste asiático  
- Ideal para continuidad prolongada sin cambio de lote  

<h2>Uso dentro de archivos profesionales</h2>
Este formato es utilizado por colecciones avanzadas, instituciones educativas y proyectos etnobotánicos que requieren máxima coherencia documental entre sesiones de análisis.

<h2>Información importante</h2>
Este producto no está destinado al consumo humano ni a usos médicos o alimentarios. Su uso es exclusivamente documental y botánico.

<h2>FAQ – Preguntas frecuentes</h2>

<b>¿Para qué tipo de proyectos es adecuado el formato 500g?</b><br>
Para documentación profesional, archivos amplios y estudios comparativos prolongados.

<b>¿Qué lo diferencia del formato 300g?</b><br>
500g permite mayor continuidad y volumen de trabajo sin necesidad de reposición.

<b>¿Es adecuado para instituciones educativas?</b><br>
Sí, especialmente para programas de larga duración.

<b>¿Se mantiene la estabilidad visual durante todo el uso?</b><br>
Sí, procede de un mismo lote seleccionado.

<b>¿Cómo debe almacenarse?</b><br>
En un lugar fresco, seco y protegido de la luz.","sumatra verde, kratom verde, kratom en polvo, formato profesional, archivo botánico, material vegetal",sumatra verde 500g,"comprar sumatra verde 500g, kratom verde 500g españa, kratom en polvo verde 500g, formato profesional botánico","archivo técnico, estudio prolongado, referencia continua, documentación avanzada, lote amplio"
104,8060,"Sumatra Verde Polvo de Kratom",variation,1000g,Sumatra Verde en Polvo 1000g,sumatra-verde-en-polvo-1000g,Sumatra Verde 1000g en Polvo | Gran Formato para Archivos Botánicos,"Sumatra Verde en polvo 1000g, gran formato profesional para archivos botánicos completos, documentación técnica prolongada y estudios comparativos de larga duración. Material vegetal del sudeste asiático.","Sumatra Verde en polvo 1000g, gran formato destinado a proyectos botánicos profesionales, archivos completos y documentación visual de largo plazo. No destinado al consumo humano.","<h2>Formato 1000g</h2>
El formato de 1000g de Sumatra Verde en polvo está destinado a archivos botánicos completos, proyectos profesionales y documentación a gran escala. Su volumen permite mantener continuidad absoluta dentro de un mismo lote durante largos periodos de trabajo sin interrupciones.

Procedente del sudeste asiático, este polvo vegetal de Mitragyna speciosa se caracteriza por su color verde uniforme y su molienda fina, cualidades esenciales para estudios prolongados, catálogos técnicos extensos y análisis comparativos de alta precisión.

<h2>Aplicación botánica</h2>
1000g es adecuado para:
- archivos botánicos completos,  
- catálogos temáticos de gran volumen,  
- documentación visual repetida,  
- estudios comparativos extensos,  
- proyectos educativos e institucionales de larga duración.

Es el formato más estable para trabajos que requieren coherencia total entre muestras.

<h2>Características del formato 1000g</h2>
- Gran volumen para proyectos de larga duración  
- Color verde uniforme y estable  
- Textura fina para análisis técnicos  
- Procedencia del sudeste asiático  
- Máxima continuidad entre sesiones de documentación  

<h2>Uso dentro de archivos profesionales</h2>
Este formato es utilizado por instituciones educativas, colecciones avanzadas y proyectos etnobotánicos que requieren estabilidad completa del lote, permitiendo registros técnicos repetidos sin variaciones entre muestras.

<h2>Información importante</h2>
Este producto no está destinado al consumo humano ni a usos médicos o alimentarios. Su uso es exclusivamente documental y botánico.

<h2>FAQ – Preguntas frecuentes</h2>

<b>¿Para qué proyectos se recomienda el formato 1000g?</b><br>
Para archivos completos, documentación profesional y proyectos de gran escala.

<b>¿Qué lo diferencia del formato 500g?</b><br>
1000g permite una duración mucho mayor del proyecto sin cambios de lote.

<b>¿Es adecuado para instituciones o centros educativos?</b><br>
Sí, es el formato más estable para programas de larga duración.

<b>¿Cuántos ciclos de documentación permite?</b><br>
Suficientes para archivos extensos con múltiples fases técnicas.

<b>¿Cómo debe almacenarse correctamente?</b><br>
En un lugar fresco, seco y protegido de la luz.","sumatra verde, kratom verde, kratom en polvo, gran formato, archivo botánico, material vegetal","sumatra verde 1000g
","comprar sumatra verde 1kg, kratom verde 1kg españa, kratom en polvo verde gran formato, archivo botánico completo
","gran formato, archivo maestro, proyecto extenso, referencia completa, lote unificado, catalogación avanzada
"
105,,,,,,,,,,,,,,
106,,,,,,,,,,,,,,
107,,,,,,,,,,,,,,
108,,,,,,,,,,,,,,
109,,,,,,,,,,,,,,
110,,,,,,,,,,,,,,
111,,,,,,,,,,,,,,
112,,,,,,,,,,,,,,
113,,,,,,,,,,,,,,
114,,,,,,,,,,,,,,
115,,,,,,,,,,,,,,
116,,,,,,,,,,,,,,
117,,,,,,,,,,,,,,
118,,,,,,,,,,,,,,
119,,,,,,,,,,,,,,
120,,,,,,,,,,,,,,
121,,,,,,,,,,,,,,
122,,,,,,,,,,,,,,
123,,,,,,,,,,,,,,
124,,,,,,,,,,,,,,
125,,,,,,,,,,,,,,
126,,,,,,,,,,,,,,
127,,,,,,,,,,,,,,
128,,,,,,,,,,,,,,
129,,,,,,,,,,,,,,
130,,,,,,,,,,,,,,
131,,,,,,,,,,,,,,
132,,,,,,,,,,,,,,
133,,,,,,,,,,,,,,
134,,,,,,,,,,,,,,
135,,,,,,,,,,,,,,
136,,,,,,,,,,,,,,
137,,,,,,,,,,,,,,
138,,,,,,,,,,,,,,
139,,,,,,,,,,,,,,
140,,,,,,,,,,,,,,
141,,,,,,,,,,,,,,
142,,,,,,,,,,,,,,
143,,,,,,,,,,,,,,
144,,,,,,,,,,,,,,
145,,,,,,,,,,,,,,
146,,,,,,,,,,,,,,
147,,,,,,,,,,,,,,
148,,,,,,,,,,,,,,